block_number,block_date,n_wallets,strategy,metric,quantile,value
9193266,2020-01-01,826497,baseline,alpha,0.01,-0.36845758250400407
9193266,2020-01-01,826497,baseline,alpha,0.05,-0.2375348053471421
9193266,2020-01-01,826497,baseline,alpha,0.1,-0.17032855717351392
9193266,2020-01-01,826497,baseline,alpha,0.25,-0.09346602220401262
9193266,2020-01-01,826497,baseline,alpha,0.5,0.023217027890443942
9193266,2020-01-01,826497,baseline,alpha,0.75,0.15018766495134955
9193266,2020-01-01,826497,baseline,alpha,0.9,0.15226140697327015
9193266,2020-01-01,826497,baseline,alpha,0.95,0.2582783113549302
9193266,2020-01-01,826497,baseline,alpha,0.99,0.41049643763388727
9193266,2020-01-01,826497,baseline,excess_return,0.01,-0.41529724582005095
9193266,2020-01-01,826497,baseline,excess_return,0.05,-0.28074752712436907
9193266,2020-01-01,826497,baseline,excess_return,0.1,-0.22823337218210263
9193266,2020-01-01,826497,baseline,excess_return,0.25,-0.11247188267963767
9193266,2020-01-01,826497,baseline,excess_return,0.5,0.0011866987450443178
9193266,2020-01-01,826497,baseline,excess_return,0.75,0.19645632855926345
9193266,2020-01-01,826497,baseline,excess_return,0.9,0.1982833309406853
9193266,2020-01-01,826497,baseline,excess_return,0.95,0.20463584143409344
9193266,2020-01-01,826497,baseline,excess_return,0.99,0.28460988861678393
9193266,2020-01-01,826497,better_return,alpha,0.01,-0.327831296092842
9193266,2020-01-01,826497,better_return,alpha,0.05,-0.21872637379729787
9193266,2020-01-01,826497,better_return,alpha,0.1,-0.1557343424555983
9193266,2020-01-01,826497,better_return,alpha,0.25,-0.08159443444355222
9193266,2020-01-01,826497,better_return,alpha,0.5,-0.0402856627799712
9193266,2020-01-01,826497,better_return,alpha,0.75,0.09125366494406426
9193266,2020-01-01,826497,better_return,alpha,0.9,0.12499293179034252
9193266,2020-01-01,826497,better_return,alpha,0.95,0.1991957754263627
9193266,2020-01-01,826497,better_return,alpha,0.99,0.48037612514249034
9193266,2020-01-01,826497,better_return,excess_return,0.01,-0.3785241231234161
9193266,2020-01-01,826497,better_return,excess_return,0.05,-0.25868524301426044
9193266,2020-01-01,826497,better_return,excess_return,0.1,-0.20864083819131035
9193266,2020-01-01,826497,better_return,excess_return,0.25,-0.11247188259227467
9193266,2020-01-01,826497,better_return,excess_return,0.5,-0.08141986988665781
9193266,2020-01-01,826497,better_return,excess_return,0.75,0.0747513691646319
9193266,2020-01-01,826497,better_return,excess_return,0.9,0.16765005966843197
9193266,2020-01-01,826497,better_return,excess_return,0.95,0.19377174582122839
9193266,2020-01-01,826497,better_return,excess_return,0.99,0.35128123322724586
9193266,2020-01-01,826497,equal_weight,alpha,0.01,-0.28048132529039005
9193266,2020-01-01,826497,equal_weight,alpha,0.05,-0.1791355986262455
9193266,2020-01-01,826497,equal_weight,alpha,0.1,-0.12402308406763395
9193266,2020-01-01,826497,equal_weight,alpha,0.25,-0.07327581965451643
9193266,2020-01-01,826497,equal_weight,alpha,0.5,0.023815940044473627
9193266,2020-01-01,826497,equal_weight,alpha,0.75,0.040515210037731786
9193266,2020-01-01,826497,equal_weight,alpha,0.9,0.09374839189062445
9193266,2020-01-01,826497,equal_weight,alpha,0.95,0.1587995524487027
9193266,2020-01-01,826497,equal_weight,alpha,0.99,0.47791057000690157
9193266,2020-01-01,826497,equal_weight,excess_return,0.01,-0.334047803535358
9193266,2020-01-01,826497,equal_weight,excess_return,0.05,-0.22762531519605197
9193266,2020-01-01,826497,equal_weight,excess_return,0.1,-0.17418231022470362
9193266,2020-01-01,826497,equal_weight,excess_return,0.25,-0.11001463301374645
9193266,2020-01-01,826497,equal_weight,excess_return,0.5,-0.0021229650739157113
9193266,2020-01-01,826497,equal_weight,excess_return,0.75,0.042975326120984564
9193266,2020-01-01,826497,equal_weight,excess_return,0.9,0.07217427997167639
9193266,2020-01-01,826497,equal_weight,excess_return,0.95,0.1223144376583464
9193266,2020-01-01,826497,equal_weight,excess_return,0.99,0.46054445746469186
9193266,2020-01-01,826497,max_sharpe,alpha,0.01,-0.3797981137453113
9193266,2020-01-01,826497,max_sharpe,alpha,0.05,-0.28140884350783546
9193266,2020-01-01,826497,max_sharpe,alpha,0.1,-0.23284313228304532
9193266,2020-01-01,826497,max_sharpe,alpha,0.25,-0.0905283588170851
9193266,2020-01-01,826497,max_sharpe,alpha,0.5,0.11079455760098605
9193266,2020-01-01,826497,max_sharpe,alpha,0.75,0.1213160828137807
9193266,2020-01-01,826497,max_sharpe,alpha,0.9,0.14410858425787015
9193266,2020-01-01,826497,max_sharpe,alpha,0.95,0.24093140186539108
9193266,2020-01-01,826497,max_sharpe,alpha,0.99,0.8001920798484152
9193266,2020-01-01,826497,max_sharpe,excess_return,0.01,-0.41929608012321695
9193266,2020-01-01,826497,max_sharpe,excess_return,0.05,-0.31494456648507474
9193266,2020-01-01,826497,max_sharpe,excess_return,0.1,-0.24723834755443214
9193266,2020-01-01,826497,max_sharpe,excess_return,0.25,-0.12652816019767896
9193266,2020-01-01,826497,max_sharpe,excess_return,0.5,0.050926696471758875
9193266,2020-01-01,826497,max_sharpe,excess_return,0.75,0.1673705220644989
9193266,2020-01-01,826497,max_sharpe,excess_return,0.9,0.17434161081254987
9193266,2020-01-01,826497,max_sharpe,excess_return,0.95,0.20123959985795964
9193266,2020-01-01,826497,max_sharpe,excess_return,0.99,0.6692915284047568
9193266,2020-01-01,826497,mcap_weight,alpha,0.01,-0.3072523624088498
9193266,2020-01-01,826497,mcap_weight,alpha,0.05,-0.1779644063089973
9193266,2020-01-01,826497,mcap_weight,alpha,0.1,-0.11064346575886955
9193266,2020-01-01,826497,mcap_weight,alpha,0.25,-0.0835936402011068
9193266,2020-01-01,826497,mcap_weight,alpha,0.5,0.029869646435518427
9193266,2020-01-01,826497,mcap_weight,alpha,0.75,0.07237517325966414
9193266,2020-01-01,826497,mcap_weight,alpha,0.9,0.13397077479124775
9193266,2020-01-01,826497,mcap_weight,alpha,0.95,0.22292601630656844
9193266,2020-01-01,826497,mcap_weight,alpha,0.99,0.3081708769286421
9193266,2020-01-01,826497,mcap_weight,excess_return,0.01,-0.3601430555256452
9193266,2020-01-01,826497,mcap_weight,excess_return,0.05,-0.2307600697617157
9193266,2020-01-01,826497,mcap_weight,excess_return,0.1,-0.19120435628464158
9193266,2020-01-01,826497,mcap_weight,excess_return,0.25,-0.10997132686078989
9193266,2020-01-01,826497,mcap_weight,excess_return,0.5,0.020869024806746378
9193266,2020-01-01,826497,mcap_weight,excess_return,0.75,0.09202462758991917
9193266,2020-01-01,826497,mcap_weight,excess_return,0.9,0.16234030288396487
9193266,2020-01-01,826497,mcap_weight,excess_return,0.95,0.20505650491654392
9193266,2020-01-01,826497,mcap_weight,excess_return,0.99,0.2554160383326717
9193266,2020-01-01,826497,safer_risk,alpha,0.01,-0.34437776390944086
9193266,2020-01-01,826497,safer_risk,alpha,0.05,-0.21901711731216975
9193266,2020-01-01,826497,safer_risk,alpha,0.1,-0.15197236280844684
9193266,2020-01-01,826497,safer_risk,alpha,0.25,-0.08647542141704181
9193266,2020-01-01,826497,safer_risk,alpha,0.5,0.026357352481715078
9193266,2020-01-01,826497,safer_risk,alpha,0.75,0.12131608281378042
9193266,2020-01-01,826497,safer_risk,alpha,0.9,0.12371981525295717
9193266,2020-01-01,826497,safer_risk,alpha,0.95,0.21525615867892922
9193266,2020-01-01,826497,safer_risk,alpha,0.99,0.41573693411623
9193266,2020-01-01,826497,safer_risk,excess_return,0.01,-0.3903088267793142
9193266,2020-01-01,826497,safer_risk,excess_return,0.05,-0.2661970942015372
9193266,2020-01-01,826497,safer_risk,excess_return,0.1,-0.2107776327404066
9193266,2020-01-01,826497,safer_risk,excess_return,0.25,-0.11247188268422356
9193266,2020-01-01,826497,safer_risk,excess_return,0.5,0.0033400121794879
9193266,2020-01-01,826497,safer_risk,excess_return,0.75,0.1673705220644989
9193266,2020-01-01,826497,safer_risk,excess_return,0.9,0.16737052206449934
9193266,2020-01-01,826497,safer_risk,excess_return,0.95,0.18515353301540763
9193266,2020-01-01,826497,safer_risk,excess_return,0.99,0.3062344286017991
9393154,2020-02-01,914540,baseline,alpha,0.01,-0.5936478735063688
9393154,2020-02-01,914540,baseline,alpha,0.05,-0.5871474571687841
9393154,2020-02-01,914540,baseline,alpha,0.1,-0.5868208543010313
9393154,2020-02-01,914540,baseline,alpha,0.25,-0.5641068099681867
9393154,2020-02-01,914540,baseline,alpha,0.5,-0.04323337873783857
9393154,2020-02-01,914540,baseline,alpha,0.75,0.11312775560796648
9393154,2020-02-01,914540,baseline,alpha,0.9,0.3213918771646096
9393154,2020-02-01,914540,baseline,alpha,0.95,0.5373850610781113
9393154,2020-02-01,914540,baseline,alpha,0.99,1.3678100663119916
9393154,2020-02-01,914540,baseline,excess_return,0.01,-0.6466084275386965
9393154,2020-02-01,914540,baseline,excess_return,0.05,-0.6464337928182626
9393154,2020-02-01,914540,baseline,excess_return,0.1,-0.6462105726175745
9393154,2020-02-01,914540,baseline,excess_return,0.25,-0.6232376016077692
9393154,2020-02-01,914540,baseline,excess_return,0.5,-0.11788734408691232
9393154,2020-02-01,914540,baseline,excess_return,0.75,0.0739927057553948
9393154,2020-02-01,914540,baseline,excess_return,0.9,0.2689563714351506
9393154,2020-02-01,914540,baseline,excess_return,0.95,0.4868143912739699
9393154,2020-02-01,914540,baseline,excess_return,0.99,1.2958211153296375
9393154,2020-02-01,914540,better_return,alpha,0.01,-0.5547127847499697
9393154,2020-02-01,914540,better_return,alpha,0.05,-0.520560955531689
9393154,2020-02-01,914540,better_return,alpha,0.1,-0.4457756689373418
9393154,2020-02-01,914540,better_return,alpha,0.25,-0.17992994953921923
9393154,2020-02-01,914540,better_return,alpha,0.5,-0.07634799251452859
9393154,2020-02-01,914540,better_return,alpha,0.75,0.06445840947234967
9393154,2020-02-01,914540,better_return,alpha,0.9,0.3293342425164209
9393154,2020-02-01,914540,better_return,alpha,0.95,0.5248293050000775
9393154,2020-02-01,914540,better_return,alpha,0.99,1.3698734264761971
9393154,2020-02-01,914540,better_return,excess_return,0.01,-0.616732149681338
9393154,2020-02-01,914540,better_return,excess_return,0.05,-0.5755386835702148
9393154,2020-02-01,914540,better_return,excess_return,0.1,-0.491286264641636
9393154,2020-02-01,914540,better_return,excess_return,0.25,-0.20677589804601765
9393154,2020-02-01,914540,better_return,excess_return,0.5,-0.14353095165582136
9393154,2020-02-01,914540,better_return,excess_return,0.75,0.019260829552985026
9393154,2020-02-01,914540,better_return,excess_return,0.9,0.2681768436011523
9393154,2020-02-01,914540,better_return,excess_return,0.95,0.43325746938121507
9393154,2020-02-01,914540,better_return,excess_return,0.99,1.2957900473512356
9393154,2020-02-01,914540,equal_weight,alpha,0.01,-0.4201719479777499
9393154,2020-02-01,914540,equal_weight,alpha,0.05,-0.30795941992566506
9393154,2020-02-01,914540,equal_weight,alpha,0.1,-0.30220604258573003
9393154,2020-02-01,914540,equal_weight,alpha,0.25,-0.3022060425857298
9393154,2020-02-01,914540,equal_weight,alpha,0.5,-0.09524692636568474
9393154,2020-02-01,914540,equal_weight,alpha,0.75,0.0774363314166884
9393154,2020-02-01,914540,equal_weight,alpha,0.9,0.2763014711156079
9393154,2020-02-01,914540,equal_weight,alpha,0.95,0.44499235277366556
9393154,2020-02-01,914540,equal_weight,alpha,0.99,1.1658198592894675
9393154,2020-02-01,914540,equal_weight,excess_return,0.01,-0.49716098516266416
9393154,2020-02-01,914540,equal_weight,excess_return,0.05,-0.36546030141384855
9393154,2020-02-01,914540,equal_weight,excess_return,0.1,-0.3654603014138484
9393154,2020-02-01,914540,equal_weight,excess_return,0.25,-0.35953921078071044
9393154,2020-02-01,914540,equal_weight,excess_return,0.5,-0.13268787026634826
9393154,2020-02-01,914540,equal_weight,excess_return,0.75,0.02316621472481839
9393154,2020-02-01,914540,equal_weight,excess_return,0.9,0.21636511037600542
9393154,2020-02-01,914540,equal_weight,excess_return,0.95,0.34359906255838807
9393154,2020-02-01,914540,equal_weight,excess_return,0.99,1.1135881491747044
9393154,2020-02-01,914540,max_sharpe,alpha,0.01,-0.5718036436083299
9393154,2020-02-01,914540,max_sharpe,alpha,0.05,-0.5437911595904331
9393154,2020-02-01,914540,max_sharpe,alpha,0.1,-0.531119603671464
9393154,2020-02-01,914540,max_sharpe,alpha,0.25,-0.5311196036714638
9393154,2020-02-01,914540,max_sharpe,alpha,0.5,-0.25531469202286095
9393154,2020-02-01,914540,max_sharpe,alpha,0.75,0.03500804370464937
9393154,2020-02-01,914540,max_sharpe,alpha,0.9,0.3493018260032462
9393154,2020-02-01,914540,max_sharpe,alpha,0.95,0.5617663616890544
9393154,2020-02-01,914540,max_sharpe,alpha,0.99,1.2803643446899517
9393154,2020-02-01,914540,max_sharpe,excess_return,0.01,-0.6167321496812479
9393154,2020-02-01,914540,max_sharpe,excess_return,0.05,-0.6016781103358122
9393154,2020-02-01,914540,max_sharpe,excess_return,0.1,-0.5903920129314846
9393154,2020-02-01,914540,max_sharpe,excess_return,0.25,-0.5903920129314846
9393154,2020-02-01,914540,max_sharpe,excess_return,0.5,-0.24552357116618656
9393154,2020-02-01,914540,max_sharpe,excess_return,0.75,0.011972863965633407
9393154,2020-02-01,914540,max_sharpe,excess_return,0.9,0.30479761781853887
9393154,2020-02-01,914540,max_sharpe,excess_return,0.95,0.43636728206431835
9393154,2020-02-01,914540,max_sharpe,excess_return,0.99,1.0777246666992217
9393154,2020-02-01,914540,mcap_weight,alpha,0.01,-0.5813164150745891
9393154,2020-02-01,914540,mcap_weight,alpha,0.05,-0.5036053888099628
9393154,2020-02-01,914540,mcap_weight,alpha,0.1,-0.45269154423752545
9393154,2020-02-01,914540,mcap_weight,alpha,0.25,-0.45269154423752533
9393154,2020-02-01,914540,mcap_weight,alpha,0.5,-0.03854573251877197
9393154,2020-02-01,914540,mcap_weight,alpha,0.75,0.14900097418432479
9393154,2020-02-01,914540,mcap_weight,alpha,0.9,0.2788891298193408
9393154,2020-02-01,914540,mcap_weight,alpha,0.95,0.4466683615885542
9393154,2020-02-01,914540,mcap_weight,alpha,0.99,0.9926768243188271
9393154,2020-02-01,914540,mcap_weight,excess_return,0.01,-0.640375729836296
9393154,2020-02-01,914540,mcap_weight,excess_return,0.05,-0.564670563084874
9393154,2020-02-01,914540,mcap_weight,excess_return,0.1,-0.5133281747044618
9393154,2020-02-01,914540,mcap_weight,excess_return,0.25,-0.5133281747044618
9393154,2020-02-01,914540,mcap_weight,excess_return,0.5,-0.09151301318980204
9393154,2020-02-01,914540,mcap_weight,excess_return,0.75,0.11128710567049721
9393154,2020-02-01,914540,mcap_weight,excess_return,0.9,0.2541289657136943
9393154,2020-02-01,914540,mcap_weight,excess_return,0.95,0.3828295629045897
9393154,2020-02-01,914540,mcap_weight,excess_return,0.99,0.9220898762503273
9393154,2020-02-01,914540,safer_risk,alpha,0.01,-0.5547127845578135
9393154,2020-02-01,914540,safer_risk,alpha,0.05,-0.5311196038002809
9393154,2020-02-01,914540,safer_risk,alpha,0.1,-0.5311196038002808
9393154,2020-02-01,914540,safer_risk,alpha,0.25,-0.511261154769801
9393154,2020-02-01,914540,safer_risk,alpha,0.5,-0.056095894915726016
9393154,2020-02-01,914540,safer_risk,alpha,0.75,0.10463502255181636
9393154,2020-02-01,914540,safer_risk,alpha,0.9,0.3135148429001421
9393154,2020-02-01,914540,safer_risk,alpha,0.95,0.5027570748513935
9393154,2020-02-01,914540,safer_risk,alpha,0.99,1.3676341842042894
9393154,2020-02-01,914540,safer_risk,excess_return,0.01,-0.6167321495105622
9393154,2020-02-01,914540,safer_risk,excess_return,0.05,-0.5903920130580609
9393154,2020-02-01,914540,safer_risk,excess_return,0.1,-0.5903920130580607
9393154,2020-02-01,914540,safer_risk,excess_return,0.25,-0.5699465982883252
9393154,2020-02-01,914540,safer_risk,excess_return,0.5,-0.12372916416681895
9393154,2020-02-01,914540,safer_risk,excess_return,0.75,0.05503941173650756
9393154,2020-02-01,914540,safer_risk,excess_return,0.9,0.2576708644845765
9393154,2020-02-01,914540,safer_risk,excess_return,0.95,0.4393386402081459
9393154,2020-02-01,914540,safer_risk,excess_return,0.99,1.293449109931858
9581792,2020-03-01,926317,baseline,alpha,0.01,-0.6305332934513561
9581792,2020-03-01,926317,baseline,alpha,0.05,-0.3460000902842762
9581792,2020-03-01,926317,baseline,alpha,0.1,-0.3416333150478486
9581792,2020-03-01,926317,baseline,alpha,0.25,-0.3192202402282474
9581792,2020-03-01,926317,baseline,alpha,0.5,-0.09615500789830012
9581792,2020-03-01,926317,baseline,alpha,0.75,-0.0033594303812968795
9581792,2020-03-01,926317,baseline,alpha,0.9,0.0993803534095841
9581792,2020-03-01,926317,baseline,alpha,0.95,0.23369551205479228
9581792,2020-03-01,926317,baseline,alpha,0.99,0.7678762792220456
9581792,2020-03-01,926317,baseline,excess_return,0.01,-0.1959105231308128
9581792,2020-03-01,926317,baseline,excess_return,0.05,-0.15222170136274696
9581792,2020-03-01,926317,baseline,excess_return,0.1,-0.15142194054410074
9581792,2020-03-01,926317,baseline,excess_return,0.25,-0.13841008407476785
9581792,2020-03-01,926317,baseline,excess_return,0.5,-0.01299417872836861
9581792,2020-03-01,926317,baseline,excess_return,0.75,0.07445391915316724
9581792,2020-03-01,926317,baseline,excess_return,0.9,0.27178421787356766
9581792,2020-03-01,926317,baseline,excess_return,0.95,0.4073336381916638
9581792,2020-03-01,926317,baseline,excess_return,0.99,0.6790454775575575
9581792,2020-03-01,926317,better_return,alpha,0.01,-0.6303620735650297
9581792,2020-03-01,926317,better_return,alpha,0.05,-0.34783440869559235
9581792,2020-03-01,926317,better_return,alpha,0.1,-0.30695215468959186
9581792,2020-03-01,926317,better_return,alpha,0.25,-0.20398961336181018
9581792,2020-03-01,926317,better_return,alpha,0.5,-0.09861024182124473
9581792,2020-03-01,926317,better_return,alpha,0.75,0.003644181171990243
9581792,2020-03-01,926317,better_return,alpha,0.9,0.13462621549358011
9581792,2020-03-01,926317,better_return,alpha,0.95,0.2826243311068636
9581792,2020-03-01,926317,better_return,alpha,0.99,0.8265434017368667
9581792,2020-03-01,926317,better_return,excess_return,0.01,-0.1929195292583109
9581792,2020-03-01,926317,better_return,excess_return,0.05,-0.1565345988263348
9581792,2020-03-01,926317,better_return,excess_return,0.1,-0.1300780175221229
9581792,2020-03-01,926317,better_return,excess_return,0.25,-0.05843214335535751
9581792,2020-03-01,926317,better_return,excess_return,0.5,-0.013474417032001584
9581792,2020-03-01,926317,better_return,excess_return,0.75,0.0779802659230937
9581792,2020-03-01,926317,better_return,excess_return,0.9,0.26575645034197537
9581792,2020-03-01,926317,better_return,excess_return,0.95,0.39094266284913004
9581792,2020-03-01,926317,better_return,excess_return,0.99,0.6216526994981352
9581792,2020-03-01,926317,equal_weight,alpha,0.01,-0.6574656617471522
9581792,2020-03-01,926317,equal_weight,alpha,0.05,-0.30352725375733136
9581792,2020-03-01,926317,equal_weight,alpha,0.1,-0.23062311755245152
9581792,2020-03-01,926317,equal_weight,alpha,0.25,-0.12650064670220024
9581792,2020-03-01,926317,equal_weight,alpha,0.5,-0.014749547988746975
9581792,2020-03-01,926317,equal_weight,alpha,0.75,0.2687818657534954
9581792,2020-03-01,926317,equal_weight,alpha,0.9,0.37199623383254266
9581792,2020-03-01,926317,equal_weight,alpha,0.95,0.37199623383254266
9581792,2020-03-01,926317,equal_weight,alpha,0.99,0.6471302389638244
9581792,2020-03-01,926317,equal_weight,excess_return,0.01,-0.17481574597565153
9581792,2020-03-01,926317,equal_weight,excess_return,0.05,-0.13321370679085665
9581792,2020-03-01,926317,equal_weight,excess_return,0.1,-0.08193575639076611
9581792,2020-03-01,926317,equal_weight,excess_return,0.25,-0.04008220597546308
9581792,2020-03-01,926317,equal_weight,excess_return,0.5,0.0611429769277434
9581792,2020-03-01,926317,equal_weight,excess_return,0.75,0.3838793140289266
9581792,2020-03-01,926317,equal_weight,excess_return,0.9,0.5413719825522537
9581792,2020-03-01,926317,equal_weight,excess_return,0.95,0.5413719825522537
9581792,2020-03-01,926317,equal_weight,excess_return,0.99,0.7042101690154658
9581792,2020-03-01,926317,max_sharpe,alpha,0.01,-0.6118150001065261
9581792,2020-03-01,926317,max_sharpe,alpha,0.05,-0.3503140525824477
9581792,2020-03-01,926317,max_sharpe,alpha,0.1,-0.25458961882029396
9581792,2020-03-01,926317,max_sharpe,alpha,0.25,-0.20398961332520882
9581792,2020-03-01,926317,max_sharpe,alpha,0.5,-0.03660765422887191
9581792,2020-03-01,926317,max_sharpe,alpha,0.75,0.04976414167044346
9581792,2020-03-01,926317,max_sharpe,alpha,0.9,0.16992851923684937
9581792,2020-03-01,926317,max_sharpe,alpha,0.95,0.3150312722871995
9581792,2020-03-01,926317,max_sharpe,alpha,0.99,0.8758981648830653
9581792,2020-03-01,926317,max_sharpe,excess_return,0.01,-0.1936281156416534
9581792,2020-03-01,926317,max_sharpe,excess_return,0.05,-0.15653459882752652
9581792,2020-03-01,926317,max_sharpe,excess_return,0.1,-0.10204552822095792
9581792,2020-03-01,926317,max_sharpe,excess_return,0.25,-0.013474416996743566
9581792,2020-03-01,926317,max_sharpe,excess_return,0.5,0.02541953986607204
9581792,2020-03-01,926317,max_sharpe,excess_return,0.75,0.08844980406226577
9581792,2020-03-01,926317,max_sharpe,excess_return,0.9,0.2579819532023182
9581792,2020-03-01,926317,max_sharpe,excess_return,0.95,0.38206985360042633
9581792,2020-03-01,926317,max_sharpe,excess_return,0.99,0.5893389318907033
9581792,2020-03-01,926317,mcap_weight,alpha,0.01,-0.6139602989659667
9581792,2020-03-01,926317,mcap_weight,alpha,0.05,-0.3160338613097322
9581792,2020-03-01,926317,mcap_weight,alpha,0.1,-0.23522299475584374
9581792,2020-03-01,926317,mcap_weight,alpha,0.25,-0.0937399076247575
9581792,2020-03-01,926317,mcap_weight,alpha,0.5,0.0028213228014243325
9581792,2020-03-01,926317,mcap_weight,alpha,0.75,0.13477222118715573
9581792,2020-03-01,926317,mcap_weight,alpha,0.9,0.13477222118715596
9581792,2020-03-01,926317,mcap_weight,alpha,0.95,0.2325643815803914
9581792,2020-03-01,926317,mcap_weight,alpha,0.99,0.47269861857825257
9581792,2020-03-01,926317,mcap_weight,excess_return,0.01,-0.1969549387499422
9581792,2020-03-01,926317,mcap_weight,excess_return,0.05,-0.17949836296226895
9581792,2020-03-01,926317,mcap_weight,excess_return,0.1,-0.14813187899745206
9581792,2020-03-01,926317,mcap_weight,excess_return,0.25,-0.028906490799962548
9581792,2020-03-01,926317,mcap_weight,excess_return,0.5,0.054465824674170604
9581792,2020-03-01,926317,mcap_weight,excess_return,0.75,0.3128544070729907
9581792,2020-03-01,926317,mcap_weight,excess_return,0.9,0.31285440707299084
9581792,2020-03-01,926317,mcap_weight,excess_return,0.95,0.40306086214156145
9581792,2020-03-01,926317,mcap_weight,excess_return,0.99,0.5650065974896173
9581792,2020-03-01,926317,safer_risk,alpha,0.01,-0.6293083048986137
9581792,2020-03-01,926317,safer_risk,alpha,0.05,-0.34495927031603835
9581792,2020-03-01,926317,safer_risk,alpha,0.1,-0.2880304747544721
9581792,2020-03-01,926317,safer_risk,alpha,0.25,-0.20398961234774457
9581792,2020-03-01,926317,safer_risk,alpha,0.5,-0.08170931953129018
9581792,2020-03-01,926317,safer_risk,alpha,0.75,0.004397596839601059
9581792,2020-03-01,926317,safer_risk,alpha,0.9,0.13688464238099263
9581792,2020-03-01,926317,safer_risk,alpha,0.95,0.2786226789916049
9581792,2020-03-01,926317,safer_risk,alpha,0.99,0.715541922141838
9581792,2020-03-01,926317,safer_risk,excess_return,0.01,-0.19114502786061205
9581792,2020-03-01,926317,safer_risk,excess_return,0.05,-0.1565345988961635
9581792,2020-03-01,926317,safer_risk,excess_return,0.1,-0.12246009796298418
9581792,2020-03-01,926317,safer_risk,excess_return,0.25,-0.028791159803194133
9581792,2020-03-01,926317,safer_risk,excess_return,0.5,0.0013020596136882334
9581792,2020-03-01,926317,safer_risk,excess_return,0.75,0.0903244002426229
9581792,2020-03-01,926317,safer_risk,excess_return,0.9,0.2954027872269548
9581792,2020-03-01,926317,safer_risk,excess_return,0.95,0.40060178005308256
9581792,2020-03-01,926317,safer_risk,excess_return,0.99,0.6993241768363111
9782602,2020-04-01,941259,baseline,alpha,0.01,-0.5859279360620238
9782602,2020-04-01,941259,baseline,alpha,0.05,-0.4282568275195122
9782602,2020-04-01,941259,baseline,alpha,0.1,-0.4271107167383532
9782602,2020-04-01,941259,baseline,alpha,0.25,-0.39427196642390294
9782602,2020-04-01,941259,baseline,alpha,0.5,-0.1960661909974853
9782602,2020-04-01,941259,baseline,alpha,0.75,-0.04992623837364475
9782602,2020-04-01,941259,baseline,alpha,0.9,0.14224596571442
9782602,2020-04-01,941259,baseline,alpha,0.95,0.4045129212691436
9782602,2020-04-01,941259,baseline,alpha,0.99,1.4926224871135525
9782602,2020-04-01,941259,baseline,excess_return,0.01,-0.5572797108783529
9782602,2020-04-01,941259,baseline,excess_return,0.05,-0.3853440637103239
9782602,2020-04-01,941259,baseline,excess_return,0.1,-0.3844571076777846
9782602,2020-04-01,941259,baseline,excess_return,0.25,-0.35841659954849614
9782602,2020-04-01,941259,baseline,excess_return,0.5,-0.17854187946477615
9782602,2020-04-01,941259,baseline,excess_return,0.75,-0.054261820004017774
9782602,2020-04-01,941259,baseline,excess_return,0.9,0.1463411218321455
9782602,2020-04-01,941259,baseline,excess_return,0.95,0.421391618302155
9782602,2020-04-01,941259,baseline,excess_return,0.99,1.4373864388975695
9782602,2020-04-01,941259,better_return,alpha,0.01,-0.5853250405014694
9782602,2020-04-01,941259,better_return,alpha,0.05,-0.3887799207298455
9782602,2020-04-01,941259,better_return,alpha,0.1,-0.3382909202803901
9782602,2020-04-01,941259,better_return,alpha,0.25,-0.3339751720941559
9782602,2020-04-01,941259,better_return,alpha,0.5,-0.21963691612185965
9782602,2020-04-01,941259,better_return,alpha,0.75,-0.07018798905904003
9782602,2020-04-01,941259,better_return,alpha,0.9,0.08493597356256505
9782602,2020-04-01,941259,better_return,alpha,0.95,0.3756759893093077
9782602,2020-04-01,941259,better_return,alpha,0.99,2.66050031618299
9782602,2020-04-01,941259,better_return,excess_return,0.01,-0.5621929554713987
9782602,2020-04-01,941259,better_return,excess_return,0.05,-0.35985230407483837
9782602,2020-04-01,941259,better_return,excess_return,0.1,-0.3108941347724882
9782602,2020-04-01,941259,better_return,excess_return,0.25,-0.22072009512829935
9782602,2020-04-01,941259,better_return,excess_return,0.5,-0.19352871431863436
9782602,2020-04-01,941259,better_return,excess_return,0.75,-0.0716861283684159
9782602,2020-04-01,941259,better_return,excess_return,0.9,0.09206121777393059
9782602,2020-04-01,941259,better_return,excess_return,0.95,0.38841165372717434
9782602,2020-04-01,941259,better_return,excess_return,0.99,2.682224055075186
9782602,2020-04-01,941259,equal_weight,alpha,0.01,-0.48826126490684896
9782602,2020-04-01,941259,equal_weight,alpha,0.05,-0.3723463533971091
9782602,2020-04-01,941259,equal_weight,alpha,0.1,-0.3723463533971091
9782602,2020-04-01,941259,equal_weight,alpha,0.25,-0.3325592383593604
9782602,2020-04-01,941259,equal_weight,alpha,0.5,-0.20996531211462258
9782602,2020-04-01,941259,equal_weight,alpha,0.75,-0.06519764562742147
9782602,2020-04-01,941259,equal_weight,alpha,0.9,0.10863466398756655
9782602,2020-04-01,941259,equal_weight,alpha,0.95,0.6375600340486541
9782602,2020-04-01,941259,equal_weight,alpha,0.99,2.2647080490154483
9782602,2020-04-01,941259,equal_weight,excess_return,0.01,-0.45685975816943525
9782602,2020-04-01,941259,equal_weight,excess_return,0.05,-0.30875867159663617
9782602,2020-04-01,941259,equal_weight,excess_return,0.1,-0.2939492087680118
9782602,2020-04-01,941259,equal_weight,excess_return,0.25,-0.29394920876801156
9782602,2020-04-01,941259,equal_weight,excess_return,0.5,-0.19428426764739534
9782602,2020-04-01,941259,equal_weight,excess_return,0.75,-0.057403440086449015
9782602,2020-04-01,941259,equal_weight,excess_return,0.9,0.11709402354881063
9782602,2020-04-01,941259,equal_weight,excess_return,0.95,0.6024091558445085
9782602,2020-04-01,941259,equal_weight,excess_return,0.99,2.2320159218467603
9782602,2020-04-01,941259,max_sharpe,alpha,0.01,-0.5853250404636461
9782602,2020-04-01,941259,max_sharpe,alpha,0.05,-0.3613726613080349
9782602,2020-04-01,941259,max_sharpe,alpha,0.1,-0.33397517211394523
9782602,2020-04-01,941259,max_sharpe,alpha,0.25,-0.333975172113945
9782602,2020-04-01,941259,max_sharpe,alpha,0.5,-0.17293005570114445
9782602,2020-04-01,941259,max_sharpe,alpha,0.75,-0.07218799222855658
9782602,2020-04-01,941259,max_sharpe,alpha,0.9,0.09902956615823863
9782602,2020-04-01,941259,max_sharpe,alpha,0.95,0.3745692362887147
9782602,2020-04-01,941259,max_sharpe,alpha,0.99,3.493917688204505
9782602,2020-04-01,941259,max_sharpe,excess_return,0.01,-0.5621929554308953
9782602,2020-04-01,941259,max_sharpe,excess_return,0.05,-0.34490352140790315
9782602,2020-04-01,941259,max_sharpe,excess_return,0.1,-0.2879860959220193
9782602,2020-04-01,941259,max_sharpe,excess_return,0.25,-0.2207200951660657
9782602,2020-04-01,941259,max_sharpe,excess_return,0.5,-0.17326932021623595
9782602,2020-04-01,941259,max_sharpe,excess_return,0.75,-0.07862160787886582
9782602,2020-04-01,941259,max_sharpe,excess_return,0.9,0.11330348983138899
9782602,2020-04-01,941259,max_sharpe,excess_return,0.95,0.38169326123661207
9782602,2020-04-01,941259,max_sharpe,excess_return,0.99,3.4754401512541446
9782602,2020-04-01,941259,mcap_weight,alpha,0.01,-0.46258173706183814
9782602,2020-04-01,941259,mcap_weight,alpha,0.05,-0.39945632729260433
9782602,2020-04-01,941259,mcap_weight,alpha,0.1,-0.3468490980289924
9782602,2020-04-01,941259,mcap_weight,alpha,0.25,-0.34684909802899216
9782602,2020-04-01,941259,mcap_weight,alpha,0.5,-0.1960378871815965
9782602,2020-04-01,941259,mcap_weight,alpha,0.75,-0.04038563624385519
9782602,2020-04-01,941259,mcap_weight,alpha,0.9,0.10944459462991388
9782602,2020-04-01,941259,mcap_weight,alpha,0.95,0.3911552643044178
9782602,2020-04-01,941259,mcap_weight,alpha,0.99,1.2870844735991966
9782602,2020-04-01,941259,mcap_weight,excess_return,0.01,-0.44042670496356173
9782602,2020-04-01,941259,mcap_weight,excess_return,0.05,-0.3715963860683146
9782602,2020-04-01,941259,mcap_weight,excess_return,0.1,-0.27711066638156145
9782602,2020-04-01,941259,mcap_weight,excess_return,0.25,-0.24528921583970195
9782602,2020-04-01,941259,mcap_weight,excess_return,0.5,-0.17157258113796778
9782602,2020-04-01,941259,mcap_weight,excess_return,0.75,-0.049404356177148306
9782602,2020-04-01,941259,mcap_weight,excess_return,0.9,0.10775726314690429
9782602,2020-04-01,941259,mcap_weight,excess_return,0.95,0.4191489435359739
9782602,2020-04-01,941259,mcap_weight,excess_return,0.99,1.3439219024786708
9782602,2020-04-01,941259,safer_risk,alpha,0.01,-0.5365530136253938
9782602,2020-04-01,941259,safer_risk,alpha,0.05,-0.41071753459598825
9782602,2020-04-01,941259,safer_risk,alpha,0.1,-0.41071753459598814
9782602,2020-04-01,941259,safer_risk,alpha,0.25,-0.38442514299796227
9782602,2020-04-01,941259,safer_risk,alpha,0.5,-0.18952384766920508
9782602,2020-04-01,941259,safer_risk,alpha,0.75,-0.04359355776656112
9782602,2020-04-01,941259,safer_risk,alpha,0.9,0.11818315290687631
9782602,2020-04-01,941259,safer_risk,alpha,0.95,0.3629892040340994
9782602,2020-04-01,941259,safer_risk,alpha,0.99,1.4535516020733197
9782602,2020-04-01,941259,safer_risk,excess_return,0.01,-0.5117316467793904
9782602,2020-04-01,941259,safer_risk,excess_return,0.05,-0.3671783222091055
9782602,2020-04-01,941259,safer_risk,excess_return,0.1,-0.3671783222091054
9782602,2020-04-01,941259,safer_risk,excess_return,0.25,-0.34840550273725834
9782602,2020-04-01,941259,safer_risk,excess_return,0.5,-0.17722236312717318
9782602,2020-04-01,941259,safer_risk,excess_return,0.75,-0.05892677430720225
9782602,2020-04-01,941259,safer_risk,excess_return,0.9,0.12118108940225787
9782602,2020-04-01,941259,safer_risk,excess_return,0.95,0.3692053027121332
9782602,2020-04-01,941259,safer_risk,excess_return,0.99,1.383438236363053
9976964,2020-05-01,1006999,baseline,alpha,0.01,-0.4164534769775123
9976964,2020-05-01,1006999,baseline,alpha,0.05,-0.23389196237008575
9976964,2020-05-01,1006999,baseline,alpha,0.1,-0.15671258135678817
9976964,2020-05-01,1006999,baseline,alpha,0.25,-0.05096442965416143
9976964,2020-05-01,1006999,baseline,alpha,0.5,0.12488280574407876
9976964,2020-05-01,1006999,baseline,alpha,0.75,1.0718215369934505
9976964,2020-05-01,1006999,baseline,alpha,0.9,1.635452822899421
9976964,2020-05-01,1006999,baseline,alpha,0.95,1.6507119735831806
9976964,2020-05-01,1006999,baseline,alpha,0.99,1.666817207696036
9976964,2020-05-01,1006999,baseline,excess_return,0.01,-0.43534358432416703
9976964,2020-05-01,1006999,baseline,excess_return,0.05,-0.23032121624042337
9976964,2020-05-01,1006999,baseline,excess_return,0.1,-0.15278814587849746
9976964,2020-05-01,1006999,baseline,excess_return,0.25,-0.06203275441326576
9976964,2020-05-01,1006999,baseline,excess_return,0.5,0.12864810520019807
9976964,2020-05-01,1006999,baseline,excess_return,0.75,1.0883361426523186
9976964,2020-05-01,1006999,baseline,excess_return,0.9,1.6563005044797001
9976964,2020-05-01,1006999,baseline,excess_return,0.95,1.671885667221849
9976964,2020-05-01,1006999,baseline,excess_return,0.99,1.6822219594989611
9976964,2020-05-01,1006999,better_return,alpha,0.01,-0.40311797982125636
9976964,2020-05-01,1006999,better_return,alpha,0.05,-0.2164709044709038
9976964,2020-05-01,1006999,better_return,alpha,0.1,-0.1704007995999652
9976964,2020-05-01,1006999,better_return,alpha,0.25,-0.06836812762897468
9976964,2020-05-01,1006999,better_return,alpha,0.5,-0.001719691995625501
9976964,2020-05-01,1006999,better_return,alpha,0.75,0.27335765414241764
9976964,2020-05-01,1006999,better_return,alpha,0.9,1.2832487981527936
9976964,2020-05-01,1006999,better_return,alpha,0.95,1.4786280412222423
9976964,2020-05-01,1006999,better_return,alpha,0.99,1.5175201610701865
9976964,2020-05-01,1006999,better_return,excess_return,0.01,-0.41120770344499386
9976964,2020-05-01,1006999,better_return,excess_return,0.05,-0.21565091714610898
9976964,2020-05-01,1006999,better_return,excess_return,0.1,-0.15718155894589395
9976964,2020-05-01,1006999,better_return,excess_return,0.25,-0.06489976523442945
9976964,2020-05-01,1006999,better_return,excess_return,0.5,0.028305303434637517
9976964,2020-05-01,1006999,better_return,excess_return,0.75,0.28196977330604517
9976964,2020-05-01,1006999,better_return,excess_return,0.9,1.2954736849628434
9976964,2020-05-01,1006999,better_return,excess_return,0.95,1.495195284520995
9976964,2020-05-01,1006999,better_return,excess_return,0.99,1.534116153072802
9976964,2020-05-01,1006999,equal_weight,alpha,0.01,-0.288654469208505
9976964,2020-05-01,1006999,equal_weight,alpha,0.05,-0.17641019096750657
9976964,2020-05-01,1006999,equal_weight,alpha,0.1,-0.14067269906318763
9976964,2020-05-01,1006999,equal_weight,alpha,0.25,-0.035419590069997106
9976964,2020-05-01,1006999,equal_weight,alpha,0.5,0.2329089441480134
9976964,2020-05-01,1006999,equal_weight,alpha,0.75,0.7300663801507307
9976964,2020-05-01,1006999,equal_weight,alpha,0.9,0.8192735008144774
9976964,2020-05-01,1006999,equal_weight,alpha,0.95,0.890886391962953
9976964,2020-05-01,1006999,equal_weight,alpha,0.99,1.1476679182521965
9976964,2020-05-01,1006999,equal_weight,excess_return,0.01,-0.3077834701541943
9976964,2020-05-01,1006999,equal_weight,excess_return,0.05,-0.18176540283449608
9976964,2020-05-01,1006999,equal_weight,excess_return,0.1,-0.1428556143334724
9976964,2020-05-01,1006999,equal_weight,excess_return,0.25,-0.048114076009943364
9976964,2020-05-01,1006999,equal_weight,excess_return,0.5,0.2394545759945795
9976964,2020-05-01,1006999,equal_weight,excess_return,0.75,0.7633793740046287
9976964,2020-05-01,1006999,equal_weight,excess_return,0.9,0.8114353952035881
9976964,2020-05-01,1006999,equal_weight,excess_return,0.95,0.9017943880465799
9976964,2020-05-01,1006999,equal_weight,excess_return,0.99,1.1518040787377597
9976964,2020-05-01,1006999,max_sharpe,alpha,0.01,-0.3746686132955285
9976964,2020-05-01,1006999,max_sharpe,alpha,0.05,-0.1893650191207924
9976964,2020-05-01,1006999,max_sharpe,alpha,0.1,-0.11723316654086333
9976964,2020-05-01,1006999,max_sharpe,alpha,0.25,-0.05069556063642342
9976964,2020-05-01,1006999,max_sharpe,alpha,0.5,0.002077129343905769
9976964,2020-05-01,1006999,max_sharpe,alpha,0.75,0.166577531649803
9976964,2020-05-01,1006999,max_sharpe,alpha,0.9,0.31547407061557853
9976964,2020-05-01,1006999,max_sharpe,alpha,0.95,0.6116626944256212
9976964,2020-05-01,1006999,max_sharpe,alpha,0.99,1.5013221865206248
9976964,2020-05-01,1006999,max_sharpe,excess_return,0.01,-0.42616761151198146
9976964,2020-05-01,1006999,max_sharpe,excess_return,0.05,-0.18863943760268634
9976964,2020-05-01,1006999,max_sharpe,excess_return,0.1,-0.1165172414305831
9976964,2020-05-01,1006999,max_sharpe,excess_return,0.25,-0.054353934270605454
9976964,2020-05-01,1006999,max_sharpe,excess_return,0.5,0.028305303813733605
9976964,2020-05-01,1006999,max_sharpe,excess_return,0.75,0.16300507631904557
9976964,2020-05-01,1006999,max_sharpe,excess_return,0.9,0.32153077149587245
9976964,2020-05-01,1006999,max_sharpe,excess_return,0.95,0.574906808573442
9976964,2020-05-01,1006999,max_sharpe,excess_return,0.99,1.5179461427456276
9976964,2020-05-01,1006999,mcap_weight,alpha,0.01,-0.3285634272498534
9976964,2020-05-01,1006999,mcap_weight,alpha,0.05,-0.2902346076976235
9976964,2020-05-01,1006999,mcap_weight,alpha,0.1,-0.15641028668758078
9976964,2020-05-01,1006999,mcap_weight,alpha,0.25,-0.04147309805850383
9976964,2020-05-01,1006999,mcap_weight,alpha,0.5,0.0860049523526183
9976964,2020-05-01,1006999,mcap_weight,alpha,0.75,0.2975720619206948
9976964,2020-05-01,1006999,mcap_weight,alpha,0.9,0.70196293674053
9976964,2020-05-01,1006999,mcap_weight,alpha,0.95,1.317522302968102
9976964,2020-05-01,1006999,mcap_weight,alpha,0.99,1.6316048218355848
9976964,2020-05-01,1006999,mcap_weight,excess_return,0.01,-0.3193033158735121
9976964,2020-05-01,1006999,mcap_weight,excess_return,0.05,-0.2771797629544657
9976964,2020-05-01,1006999,mcap_weight,excess_return,0.1,-0.14848772135845115
9976964,2020-05-01,1006999,mcap_weight,excess_return,0.25,-0.061217521548780275
9976964,2020-05-01,1006999,mcap_weight,excess_return,0.5,0.11702627735940005
9976964,2020-05-01,1006999,mcap_weight,excess_return,0.75,0.303178397281156
9976964,2020-05-01,1006999,mcap_weight,excess_return,0.9,0.6939402129492152
9976964,2020-05-01,1006999,mcap_weight,excess_return,0.95,1.3347939060742728
9976964,2020-05-01,1006999,mcap_weight,excess_return,0.99,1.649537445557562
9976964,2020-05-01,1006999,safer_risk,alpha,0.01,-0.3607477506649848
9976964,2020-05-01,1006999,safer_risk,alpha,0.05,-0.2025405459073855
9976964,2020-05-01,1006999,safer_risk,alpha,0.1,-0.12226963314665928
9976964,2020-05-01,1006999,safer_risk,alpha,0.25,-0.025493115727955047
9976964,2020-05-01,1006999,safer_risk,alpha,0.5,0.18219033050217703
9976964,2020-05-01,1006999,safer_risk,alpha,0.75,0.9208981591815009
9976964,2020-05-01,1006999,safer_risk,alpha,0.9,1.4772134344200827
9976964,2020-05-01,1006999,safer_risk,alpha,0.95,1.4786280381389414
9976964,2020-05-01,1006999,safer_risk,alpha,0.99,1.5223220188222437
9976964,2020-05-01,1006999,safer_risk,excess_return,0.01,-0.3797407044404332
9976964,2020-05-01,1006999,safer_risk,excess_return,0.05,-0.2028096338429998
9976964,2020-05-01,1006999,safer_risk,excess_return,0.1,-0.1316202251612452
9976964,2020-05-01,1006999,safer_risk,excess_return,0.25,-0.05334826975130017
9976964,2020-05-01,1006999,safer_risk,excess_return,0.5,0.18390327637247025
9976964,2020-05-01,1006999,safer_risk,excess_return,0.75,0.9356045332596227
9976964,2020-05-01,1006999,safer_risk,excess_return,0.9,1.4984534457298504
9976964,2020-05-01,1006999,safer_risk,excess_return,0.95,1.4984534457298513
9976964,2020-05-01,1006999,safer_risk,excess_return,0.99,1.5353514891147744
10176690,2020-06-01,1021033,baseline,alpha,0.01,-0.3179642883850488
10176690,2020-06-01,1021033,baseline,alpha,0.05,-0.10957358915065118
10176690,2020-06-01,1021033,baseline,alpha,0.1,-0.08226592585440058
10176690,2020-06-01,1021033,baseline,alpha,0.25,-0.001382284331050371
10176690,2020-06-01,1021033,baseline,alpha,0.5,0.14514274371486352
10176690,2020-06-01,1021033,baseline,alpha,0.75,0.19586503798474297
10176690,2020-06-01,1021033,baseline,alpha,0.9,0.3412170339829839
10176690,2020-06-01,1021033,baseline,alpha,0.95,0.5552720847036001
10176690,2020-06-01,1021033,baseline,alpha,0.99,0.8506320327779489
10176690,2020-06-01,1021033,baseline,excess_return,0.01,-0.3109104344630222
10176690,2020-06-01,1021033,baseline,excess_return,0.05,-0.10780412629350736
10176690,2020-06-01,1021033,baseline,excess_return,0.1,-0.07929305457204489
10176690,2020-06-01,1021033,baseline,excess_return,0.25,0.011648740299992688
10176690,2020-06-01,1021033,baseline,excess_return,0.5,0.1492709278951157
10176690,2020-06-01,1021033,baseline,excess_return,0.75,0.19795425833581098
10176690,2020-06-01,1021033,baseline,excess_return,0.9,0.3446099911070206
10176690,2020-06-01,1021033,baseline,excess_return,0.95,0.5707559377203808
10176690,2020-06-01,1021033,baseline,excess_return,0.99,0.8572973353695179
10176690,2020-06-01,1021033,better_return,alpha,0.01,-0.2844841607654202
10176690,2020-06-01,1021033,better_return,alpha,0.05,-0.117004884816029
10176690,2020-06-01,1021033,better_return,alpha,0.1,-0.08068577510930033
10176690,2020-06-01,1021033,better_return,alpha,0.25,-0.07920120130739913
10176690,2020-06-01,1021033,better_return,alpha,0.5,0.03657070550096513
10176690,2020-06-01,1021033,better_return,alpha,0.75,0.22105005179771994
10176690,2020-06-01,1021033,better_return,alpha,0.9,0.39768287901952337
10176690,2020-06-01,1021033,better_return,alpha,0.95,0.5180839034049726
10176690,2020-06-01,1021033,better_return,alpha,0.99,0.7674347386342744
10176690,2020-06-01,1021033,better_return,excess_return,0.01,-0.2778940192833424
10176690,2020-06-01,1021033,better_return,excess_return,0.05,-0.11444435715110485
10176690,2020-06-01,1021033,better_return,excess_return,0.1,-0.08291297140868265
10176690,2020-06-01,1021033,better_return,excess_return,0.25,-0.07965332851340395
10176690,2020-06-01,1021033,better_return,excess_return,0.5,0.041805887869356406
10176690,2020-06-01,1021033,better_return,excess_return,0.75,0.22324737548419243
10176690,2020-06-01,1021033,better_return,excess_return,0.9,0.4060385603295564
10176690,2020-06-01,1021033,better_return,excess_return,0.95,0.5334700518422817
10176690,2020-06-01,1021033,better_return,excess_return,0.99,0.7736722302231791
10176690,2020-06-01,1021033,equal_weight,alpha,0.01,-0.16896834503539135
10176690,2020-06-01,1021033,equal_weight,alpha,0.05,-0.0760594767994611
10176690,2020-06-01,1021033,equal_weight,alpha,0.1,-0.03726336652555503
10176690,2020-06-01,1021033,equal_weight,alpha,0.25,0.025488018823927774
10176690,2020-06-01,1021033,equal_weight,alpha,0.5,0.06055886398949349
10176690,2020-06-01,1021033,equal_weight,alpha,0.75,0.2237257087571115
10176690,2020-06-01,1021033,equal_weight,alpha,0.9,0.36327443750865374
10176690,2020-06-01,1021033,equal_weight,alpha,0.95,0.4785149051118597
10176690,2020-06-01,1021033,equal_weight,alpha,0.99,0.7179494959829475
10176690,2020-06-01,1021033,equal_weight,excess_return,0.01,-0.16037742475644762
10176690,2020-06-01,1021033,equal_weight,excess_return,0.05,-0.07865550795805115
10176690,2020-06-01,1021033,equal_weight,excess_return,0.1,-0.0323258008845119
10176690,2020-06-01,1021033,equal_weight,excess_return,0.25,0.03147372206215665
10176690,2020-06-01,1021033,equal_weight,excess_return,0.5,0.06561387278161451
10176690,2020-06-01,1021033,equal_weight,excess_return,0.75,0.2328032277046888
10176690,2020-06-01,1021033,equal_weight,excess_return,0.9,0.36987491940406614
10176690,2020-06-01,1021033,equal_weight,excess_return,0.95,0.48786321799068944
10176690,2020-06-01,1021033,equal_weight,excess_return,0.99,0.7263893019848404
10176690,2020-06-01,1021033,max_sharpe,alpha,0.01,-0.30255655169538853
10176690,2020-06-01,1021033,max_sharpe,alpha,0.05,-0.135221135205505
10176690,2020-06-01,1021033,max_sharpe,alpha,0.1,-0.06921568782359488
10176690,2020-06-01,1021033,max_sharpe,alpha,0.25,0.0011759273366868887
10176690,2020-06-01,1021033,max_sharpe,alpha,0.5,0.165077628075473
10176690,2020-06-01,1021033,max_sharpe,alpha,0.75,0.20454742094440545
10176690,2020-06-01,1021033,max_sharpe,alpha,0.9,0.36443399891962147
10176690,2020-06-01,1021033,max_sharpe,alpha,0.95,0.5627704714825423
10176690,2020-06-01,1021033,max_sharpe,alpha,0.99,0.7660520515713544
10176690,2020-06-01,1021033,max_sharpe,excess_return,0.01,-0.2980119449802215
10176690,2020-06-01,1021033,max_sharpe,excess_return,0.05,-0.13345133786517377
10176690,2020-06-01,1021033,max_sharpe,excess_return,0.1,-0.07114902216493074
10176690,2020-06-01,1021033,max_sharpe,excess_return,0.25,0.012327117515878394
10176690,2020-06-01,1021033,max_sharpe,excess_return,0.5,0.166695961557422
10176690,2020-06-01,1021033,max_sharpe,excess_return,0.75,0.2077942556889612
10176690,2020-06-01,1021033,max_sharpe,excess_return,0.9,0.36866340110928025
10176690,2020-06-01,1021033,max_sharpe,excess_return,0.95,0.5663993168099857
10176690,2020-06-01,1021033,max_sharpe,excess_return,0.99,0.7728311674868531
10176690,2020-06-01,1021033,mcap_weight,alpha,0.01,-0.30528500435917083
10176690,2020-06-01,1021033,mcap_weight,alpha,0.05,-0.10855324898572657
10176690,2020-06-01,1021033,mcap_weight,alpha,0.1,-0.08399919039132088
10176690,2020-06-01,1021033,mcap_weight,alpha,0.25,-0.001991142451717884
10176690,2020-06-01,1021033,mcap_weight,alpha,0.5,0.03427738937972746
10176690,2020-06-01,1021033,mcap_weight,alpha,0.75,0.1821799055469814
10176690,2020-06-01,1021033,mcap_weight,alpha,0.9,0.4012601961352756
10176690,2020-06-01,1021033,mcap_weight,alpha,0.95,0.49107331411263655
10176690,2020-06-01,1021033,mcap_weight,alpha,0.99,0.7220801124445995
10176690,2020-06-01,1021033,mcap_weight,excess_return,0.01,-0.3018346817142163
10176690,2020-06-01,1021033,mcap_weight,excess_return,0.05,-0.11429571121833809
10176690,2020-06-01,1021033,mcap_weight,excess_return,0.1,-0.08110428415112253
10176690,2020-06-01,1021033,mcap_weight,excess_return,0.25,0.007164362880939301
10176690,2020-06-01,1021033,mcap_weight,excess_return,0.5,0.03384905437161018
10176690,2020-06-01,1021033,mcap_weight,excess_return,0.75,0.18595492208228254
10176690,2020-06-01,1021033,mcap_weight,excess_return,0.9,0.40412372189923046
10176690,2020-06-01,1021033,mcap_weight,excess_return,0.95,0.4973283587390725
10176690,2020-06-01,1021033,mcap_weight,excess_return,0.99,0.7272678498779701
10176690,2020-06-01,1021033,safer_risk,alpha,0.01,-0.28203312140536213
10176690,2020-06-01,1021033,safer_risk,alpha,0.05,-0.09635539251339155
10176690,2020-06-01,1021033,safer_risk,alpha,0.1,-0.07188432474997687
10176690,2020-06-01,1021033,safer_risk,alpha,0.25,0.0017917228373729914
10176690,2020-06-01,1021033,safer_risk,alpha,0.5,0.14553275013433595
10176690,2020-06-01,1021033,safer_risk,alpha,0.75,0.199536940746051
10176690,2020-06-01,1021033,safer_risk,alpha,0.9,0.33047596872017426
10176690,2020-06-01,1021033,safer_risk,alpha,0.95,0.4992740518947839
10176690,2020-06-01,1021033,safer_risk,alpha,0.99,0.785830165192055
10176690,2020-06-01,1021033,safer_risk,excess_return,0.01,-0.27460750907456505
10176690,2020-06-01,1021033,safer_risk,excess_return,0.05,-0.10018466013039734
10176690,2020-06-01,1021033,safer_risk,excess_return,0.1,-0.06817412588568267
10176690,2020-06-01,1021033,safer_risk,excess_return,0.25,0.012825280298130182
10176690,2020-06-01,1021033,safer_risk,excess_return,0.5,0.15055558774325123
10176690,2020-06-01,1021033,safer_risk,excess_return,0.75,0.2018752086160956
10176690,2020-06-01,1021033,safer_risk,excess_return,0.9,0.33461582979653726
10176690,2020-06-01,1021033,safer_risk,excess_return,0.95,0.5148469165411649
10176690,2020-06-01,1021033,safer_risk,excess_return,0.99,0.7914543023522651
10370274,2020-07-01,1044729,baseline,alpha,0.01,-0.33660801255186784
10370274,2020-07-01,1044729,baseline,alpha,0.05,-0.24441692781528973
10370274,2020-07-01,1044729,baseline,alpha,0.1,-0.2435553852233004
10370274,2020-07-01,1044729,baseline,alpha,0.25,-0.2124989256376274
10370274,2020-07-01,1044729,baseline,alpha,0.5,-0.000667235990571327
10370274,2020-07-01,1044729,baseline,alpha,0.75,0.15938738665985194
10370274,2020-07-01,1044729,baseline,alpha,0.9,0.5203634675721971
10370274,2020-07-01,1044729,baseline,alpha,0.95,0.9128050862130827
10370274,2020-07-01,1044729,baseline,alpha,0.99,2.6761490882825227
10370274,2020-07-01,1044729,baseline,excess_return,0.01,-0.35321738583148415
10370274,2020-07-01,1044729,baseline,excess_return,0.05,-0.2528331217830237
10370274,2020-07-01,1044729,baseline,excess_return,0.1,-0.2520955994866562
10370274,2020-07-01,1044729,baseline,excess_return,0.25,-0.21504052854744085
10370274,2020-07-01,1044729,baseline,excess_return,0.5,-0.007145389050422859
10370274,2020-07-01,1044729,baseline,excess_return,0.75,0.15286712197358318
10370274,2020-07-01,1044729,baseline,excess_return,0.9,0.5156925524528418
10370274,2020-07-01,1044729,baseline,excess_return,0.95,0.9096753962562347
10370274,2020-07-01,1044729,baseline,excess_return,0.99,2.6844965124736846
10370274,2020-07-01,1044729,better_return,alpha,0.01,-0.33182173452684105
10370274,2020-07-01,1044729,better_return,alpha,0.05,-0.21669821987473326
10370274,2020-07-01,1044729,better_return,alpha,0.1,-0.20000232993785788
10370274,2020-07-01,1044729,better_return,alpha,0.25,-0.19985862761738993
10370274,2020-07-01,1044729,better_return,alpha,0.5,-0.008111376749193641
10370274,2020-07-01,1044729,better_return,alpha,0.75,0.1418222561572714
10370274,2020-07-01,1044729,better_return,alpha,0.9,0.4463523421778565
10370274,2020-07-01,1044729,better_return,alpha,0.95,0.8780281829512044
10370274,2020-07-01,1044729,better_return,alpha,0.99,2.967178238053997
10370274,2020-07-01,1044729,better_return,excess_return,0.01,-0.3433222293985259
10370274,2020-07-01,1044729,better_return,excess_return,0.05,-0.22206174323936737
10370274,2020-07-01,1044729,better_return,excess_return,0.1,-0.20813503306029016
10370274,2020-07-01,1044729,better_return,excess_return,0.25,-0.2060333351394418
10370274,2020-07-01,1044729,better_return,excess_return,0.5,-0.01607255391049525
10370274,2020-07-01,1044729,better_return,excess_return,0.75,0.1341865378020913
10370274,2020-07-01,1044729,better_return,excess_return,0.9,0.44247028495166485
10370274,2020-07-01,1044729,better_return,excess_return,0.95,0.872927521672821
10370274,2020-07-01,1044729,better_return,excess_return,0.99,2.964899834208831
10370274,2020-07-01,1044729,equal_weight,alpha,0.01,-0.2682089893174001
10370274,2020-07-01,1044729,equal_weight,alpha,0.05,-0.1382061716290915
10370274,2020-07-01,1044729,equal_weight,alpha,0.1,-0.08507943887506791
10370274,2020-07-01,1044729,equal_weight,alpha,0.25,-0.02423281640269941
10370274,2020-07-01,1044729,equal_weight,alpha,0.5,0.015743465985565454
10370274,2020-07-01,1044729,equal_weight,alpha,0.75,0.16105871593336643
10370274,2020-07-01,1044729,equal_weight,alpha,0.9,0.45374021459008423
10370274,2020-07-01,1044729,equal_weight,alpha,0.95,1.0033363042752126
10370274,2020-07-01,1044729,equal_weight,alpha,0.99,2.9952219500421116
10370274,2020-07-01,1044729,equal_weight,excess_return,0.01,-0.26824400066191656
10370274,2020-07-01,1044729,equal_weight,excess_return,0.05,-0.14722374147927988
10370274,2020-07-01,1044729,equal_weight,excess_return,0.1,-0.08552159533384465
10370274,2020-07-01,1044729,equal_weight,excess_return,0.25,-0.028491783600448597
10370274,2020-07-01,1044729,equal_weight,excess_return,0.5,0.004478184539471106
10370274,2020-07-01,1044729,equal_weight,excess_return,0.75,0.1561444838203457
10370274,2020-07-01,1044729,equal_weight,excess_return,0.9,0.450683495863609
10370274,2020-07-01,1044729,equal_weight,excess_return,0.95,1.0021504465771751
10370274,2020-07-01,1044729,equal_weight,excess_return,0.99,2.993008927907838
10370274,2020-07-01,1044729,max_sharpe,alpha,0.01,-0.2976664201701342
10370274,2020-07-01,1044729,max_sharpe,alpha,0.05,-0.2595289074148935
10370274,2020-07-01,1044729,max_sharpe,alpha,0.1,-0.21007959269553253
10370274,2020-07-01,1044729,max_sharpe,alpha,0.25,-0.20000232993775371
10370274,2020-07-01,1044729,max_sharpe,alpha,0.5,-0.0019373348658813967
10370274,2020-07-01,1044729,max_sharpe,alpha,0.75,0.14416112886111393
10370274,2020-07-01,1044729,max_sharpe,alpha,0.9,0.494828147288792
10370274,2020-07-01,1044729,max_sharpe,alpha,0.95,0.6472958628979917
10370274,2020-07-01,1044729,max_sharpe,alpha,0.99,1.8720030197511754
10370274,2020-07-01,1044729,max_sharpe,excess_return,0.01,-0.307418225085317
10370274,2020-07-01,1044729,max_sharpe,excess_return,0.05,-0.2517719855070356
10370274,2020-07-01,1044729,max_sharpe,excess_return,0.1,-0.21856446858112913
10370274,2020-07-01,1044729,max_sharpe,excess_return,0.25,-0.2081350330601837
10370274,2020-07-01,1044729,max_sharpe,excess_return,0.5,-0.008454202422319004
10370274,2020-07-01,1044729,max_sharpe,excess_return,0.75,0.1385511633675177
10370274,2020-07-01,1044729,max_sharpe,excess_return,0.9,0.4919345558437479
10370274,2020-07-01,1044729,max_sharpe,excess_return,0.95,0.6474078285614974
10370274,2020-07-01,1044729,max_sharpe,excess_return,0.99,1.8811478057040065
10370274,2020-07-01,1044729,mcap_weight,alpha,0.01,-0.28867929547382465
10370274,2020-07-01,1044729,mcap_weight,alpha,0.05,-0.25775875374053225
10370274,2020-07-01,1044729,mcap_weight,alpha,0.1,-0.21931627123999753
10370274,2020-07-01,1044729,mcap_weight,alpha,0.25,-0.03214725822196078
10370274,2020-07-01,1044729,mcap_weight,alpha,0.5,0.002568137937660909
10370274,2020-07-01,1044729,mcap_weight,alpha,0.75,0.15269927589358281
10370274,2020-07-01,1044729,mcap_weight,alpha,0.9,0.44296454270758023
10370274,2020-07-01,1044729,mcap_weight,alpha,0.95,0.5533075563577966
10370274,2020-07-01,1044729,mcap_weight,alpha,0.99,1.919381611790759
10370274,2020-07-01,1044729,mcap_weight,excess_return,0.01,-0.29832224993437084
10370274,2020-07-01,1044729,mcap_weight,excess_return,0.05,-0.2511221145412219
10370274,2020-07-01,1044729,mcap_weight,excess_return,0.1,-0.22836799137486
10370274,2020-07-01,1044729,mcap_weight,excess_return,0.25,-0.03658064962435428
10370274,2020-07-01,1044729,mcap_weight,excess_return,0.5,-0.0012040609045117744
10370274,2020-07-01,1044729,mcap_weight,excess_return,0.75,0.14334111892998055
10370274,2020-07-01,1044729,mcap_weight,excess_return,0.9,0.44058710019525293
10370274,2020-07-01,1044729,mcap_weight,excess_return,0.95,0.5481259010692351
10370274,2020-07-01,1044729,mcap_weight,excess_return,0.99,1.9214350667686784
10370274,2020-07-01,1044729,safer_risk,alpha,0.01,-0.323873935235152
10370274,2020-07-01,1044729,safer_risk,alpha,0.05,-0.21359463362646658
10370274,2020-07-01,1044729,safer_risk,alpha,0.1,-0.20000232938348556
10370274,2020-07-01,1044729,safer_risk,alpha,0.25,-0.1939927270679572
10370274,2020-07-01,1044729,safer_risk,alpha,0.5,0.004596026848874002
10370274,2020-07-01,1044729,safer_risk,alpha,0.75,0.16098860478083302
10370274,2020-07-01,1044729,safer_risk,alpha,0.9,0.4778454898833314
10370274,2020-07-01,1044729,safer_risk,alpha,0.95,0.7050732834489803
10370274,2020-07-01,1044729,safer_risk,alpha,0.99,2.831165203099699
10370274,2020-07-01,1044729,safer_risk,excess_return,0.01,-0.3339431609079312
10370274,2020-07-01,1044729,safer_risk,excess_return,0.05,-0.21899832693048663
10370274,2020-07-01,1044729,safer_risk,excess_return,0.1,-0.20813503249370016
10370274,2020-07-01,1044729,safer_risk,excess_return,0.25,-0.20230094513219235
10370274,2020-07-01,1044729,safer_risk,excess_return,0.5,-0.007145389050015185
10370274,2020-07-01,1044729,safer_risk,excess_return,0.75,0.1548079455815071
10370274,2020-07-01,1044729,safer_risk,excess_return,0.9,0.47202417227723104
10370274,2020-07-01,1044729,safer_risk,excess_return,0.95,0.7083963390451433
10370274,2020-07-01,1044729,safer_risk,excess_return,0.99,2.8281681968187393
10570485,2020-08-01,1071168,baseline,alpha,0.01,-0.500920687073968
10570485,2020-08-01,1071168,baseline,alpha,0.05,-0.07476004395356337
10570485,2020-08-01,1071168,baseline,alpha,0.1,-0.005587984745085067
10570485,2020-08-01,1071168,baseline,alpha,0.25,0.0915869395292482
10570485,2020-08-01,1071168,baseline,alpha,0.5,0.3849025683994553
10570485,2020-08-01,1071168,baseline,alpha,0.75,0.8575883480248468
10570485,2020-08-01,1071168,baseline,alpha,0.9,0.8782975838270928
10570485,2020-08-01,1071168,baseline,alpha,0.95,0.9969132243218262
10570485,2020-08-01,1071168,baseline,alpha,0.99,1.7748348941470833
10570485,2020-08-01,1071168,baseline,excess_return,0.01,-0.48676342540962036
10570485,2020-08-01,1071168,baseline,excess_return,0.05,-0.12365311443513788
10570485,2020-08-01,1071168,baseline,excess_return,0.1,-0.10562295551515477
10570485,2020-08-01,1071168,baseline,excess_return,0.25,0.04267591871373118
10570485,2020-08-01,1071168,baseline,excess_return,0.5,0.3135388725121206
10570485,2020-08-01,1071168,baseline,excess_return,0.75,0.7988879996280301
10570485,2020-08-01,1071168,baseline,excess_return,0.9,0.8162132146502025
10570485,2020-08-01,1071168,baseline,excess_return,0.95,0.9529346133179208
10570485,2020-08-01,1071168,baseline,excess_return,0.99,1.713209494824364
10570485,2020-08-01,1071168,better_return,alpha,0.01,-0.45388858812359245
10570485,2020-08-01,1071168,better_return,alpha,0.05,-0.05363363243600573
10570485,2020-08-01,1071168,better_return,alpha,0.1,0.0017777404244077883
10570485,2020-08-01,1071168,better_return,alpha,0.25,0.1060199371382153
10570485,2020-08-01,1071168,better_return,alpha,0.5,0.37410251845288234
10570485,2020-08-01,1071168,better_return,alpha,0.75,0.7908482919386516
10570485,2020-08-01,1071168,better_return,alpha,0.9,0.8143882844329708
10570485,2020-08-01,1071168,better_return,alpha,0.95,0.9033933516031951
10570485,2020-08-01,1071168,better_return,alpha,0.99,1.8003382923294813
10570485,2020-08-01,1071168,better_return,excess_return,0.01,-0.4310838776104229
10570485,2020-08-01,1071168,better_return,excess_return,0.05,-0.1209948479596854
10570485,2020-08-01,1071168,better_return,excess_return,0.1,-0.07303427639762143
10570485,2020-08-01,1071168,better_return,excess_return,0.25,0.0426759187153752
10570485,2020-08-01,1071168,better_return,excess_return,0.5,0.3009171666112778
10570485,2020-08-01,1071168,better_return,excess_return,0.75,0.7330331123620175
10570485,2020-08-01,1071168,better_return,excess_return,0.9,0.7522814756167475
10570485,2020-08-01,1071168,better_return,excess_return,0.95,0.8563561922959212
10570485,2020-08-01,1071168,better_return,excess_return,0.99,1.69511800804775
10570485,2020-08-01,1071168,equal_weight,alpha,0.01,-0.3580481879820831
10570485,2020-08-01,1071168,equal_weight,alpha,0.05,-0.010547860796699495
10570485,2020-08-01,1071168,equal_weight,alpha,0.1,0.02792563489216869
10570485,2020-08-01,1071168,equal_weight,alpha,0.25,0.15527418759017747
10570485,2020-08-01,1071168,equal_weight,alpha,0.5,0.3916200500267185
10570485,2020-08-01,1071168,equal_weight,alpha,0.75,0.5459704693082287
10570485,2020-08-01,1071168,equal_weight,alpha,0.9,0.6651704327437719
10570485,2020-08-01,1071168,equal_weight,alpha,0.95,0.7882345310694576
10570485,2020-08-01,1071168,equal_weight,alpha,0.99,1.653261305586384
10570485,2020-08-01,1071168,equal_weight,excess_return,0.01,-0.3631947124595251
10570485,2020-08-01,1071168,equal_weight,excess_return,0.05,-0.11253188457700374
10570485,2020-08-01,1071168,equal_weight,excess_return,0.1,-0.02875741899853572
10570485,2020-08-01,1071168,equal_weight,excess_return,0.25,0.093962640550273
10570485,2020-08-01,1071168,equal_weight,excess_return,0.5,0.32727707659093846
10570485,2020-08-01,1071168,equal_weight,excess_return,0.75,0.4931232852519339
10570485,2020-08-01,1071168,equal_weight,excess_return,0.9,0.6071259519957308
10570485,2020-08-01,1071168,equal_weight,excess_return,0.95,0.7452686990290066
10570485,2020-08-01,1071168,equal_weight,excess_return,0.99,1.6180830243524875
10570485,2020-08-01,1071168,max_sharpe,alpha,0.01,-0.6424786805834369
10570485,2020-08-01,1071168,max_sharpe,alpha,0.05,-0.08315984429907514
10570485,2020-08-01,1071168,max_sharpe,alpha,0.1,-0.026410959919034346
10570485,2020-08-01,1071168,max_sharpe,alpha,0.25,0.0814576297742094
10570485,2020-08-01,1071168,max_sharpe,alpha,0.5,0.2775526541838592
10570485,2020-08-01,1071168,max_sharpe,alpha,0.75,0.4316601205261703
10570485,2020-08-01,1071168,max_sharpe,alpha,0.9,0.6716700969057516
10570485,2020-08-01,1071168,max_sharpe,alpha,0.95,0.9376575269436973
10570485,2020-08-01,1071168,max_sharpe,alpha,0.99,1.5409734678685458
10570485,2020-08-01,1071168,max_sharpe,excess_return,0.01,-0.562377207464285
10570485,2020-08-01,1071168,max_sharpe,excess_return,0.05,-0.1381566225261342
10570485,2020-08-01,1071168,max_sharpe,excess_return,0.1,-0.07736349434077232
10570485,2020-08-01,1071168,max_sharpe,excess_return,0.25,0.02387765889642586
10570485,2020-08-01,1071168,max_sharpe,excess_return,0.5,0.23396509488748013
10570485,2020-08-01,1071168,max_sharpe,excess_return,0.75,0.3800190430304396
10570485,2020-08-01,1071168,max_sharpe,excess_return,0.9,0.6315154212047497
10570485,2020-08-01,1071168,max_sharpe,excess_return,0.95,0.912664756045076
10570485,2020-08-01,1071168,max_sharpe,excess_return,0.99,1.4803667022639797
10570485,2020-08-01,1071168,mcap_weight,alpha,0.01,-0.6227669861268146
10570485,2020-08-01,1071168,mcap_weight,alpha,0.05,-0.08905752345090734
10570485,2020-08-01,1071168,mcap_weight,alpha,0.1,-0.0015629966190483778
10570485,2020-08-01,1071168,mcap_weight,alpha,0.25,0.08438915835640183
10570485,2020-08-01,1071168,mcap_weight,alpha,0.5,0.38503920143618753
10570485,2020-08-01,1071168,mcap_weight,alpha,0.75,0.5122791870586052
10570485,2020-08-01,1071168,mcap_weight,alpha,0.9,0.846764610604186
10570485,2020-08-01,1071168,mcap_weight,alpha,0.95,1.0242431857594774
10570485,2020-08-01,1071168,mcap_weight,alpha,0.99,1.3091328083375893
10570485,2020-08-01,1071168,mcap_weight,excess_return,0.01,-0.5440591523968445
10570485,2020-08-01,1071168,mcap_weight,excess_return,0.05,-0.12490646958834856
10570485,2020-08-01,1071168,mcap_weight,excess_return,0.1,-0.1083583624796231
10570485,2020-08-01,1071168,mcap_weight,excess_return,0.25,0.06021092760008824
10570485,2020-08-01,1071168,mcap_weight,excess_return,0.5,0.31466273195609135
10570485,2020-08-01,1071168,mcap_weight,excess_return,0.75,0.4606980644770237
10570485,2020-08-01,1071168,mcap_weight,excess_return,0.9,0.7992104812895401
10570485,2020-08-01,1071168,mcap_weight,excess_return,0.95,1.0034800521733185
10570485,2020-08-01,1071168,mcap_weight,excess_return,0.99,1.2403603824482772
10570485,2020-08-01,1071168,safer_risk,alpha,0.01,-0.45360479083710714
10570485,2020-08-01,1071168,safer_risk,alpha,0.05,-0.040998448788471725
10570485,2020-08-01,1071168,safer_risk,alpha,0.1,0.002753348233519819
10570485,2020-08-01,1071168,safer_risk,alpha,0.25,0.10230935391649099
10570485,2020-08-01,1071168,safer_risk,alpha,0.5,0.3661301478629843
10570485,2020-08-01,1071168,safer_risk,alpha,0.75,0.8007102494294239
10570485,2020-08-01,1071168,safer_risk,alpha,0.9,0.8143882830886345
10570485,2020-08-01,1071168,safer_risk,alpha,0.95,0.8980683117809845
10570485,2020-08-01,1071168,safer_risk,alpha,0.99,1.5810984565864858
10570485,2020-08-01,1071168,safer_risk,excess_return,0.01,-0.43118043238876996
10570485,2020-08-01,1071168,safer_risk,excess_return,0.05,-0.1147418831769506
10570485,2020-08-01,1071168,safer_risk,excess_return,0.1,-0.06905762033901712
10570485,2020-08-01,1071168,safer_risk,excess_return,0.25,0.052720577472120514
10570485,2020-08-01,1071168,safer_risk,excess_return,0.5,0.30091716596414925
10570485,2020-08-01,1071168,safer_risk,excess_return,0.75,0.7371284659005348
10570485,2020-08-01,1071168,safer_risk,excess_return,0.9,0.7522814743187868
10570485,2020-08-01,1071168,safer_risk,excess_return,0.95,0.8565760416220822
10570485,2020-08-01,1071168,safer_risk,excess_return,0.99,1.5285546326448547
10771925,2020-09-01,1094957,baseline,alpha,0.01,-0.4839549045010022
10771925,2020-09-01,1094957,baseline,alpha,0.05,-0.3841718304849
10771925,2020-09-01,1094957,baseline,alpha,0.1,-0.33361047502452335
10771925,2020-09-01,1094957,baseline,alpha,0.25,-0.2870442588572652
10771925,2020-09-01,1094957,baseline,alpha,0.5,-0.09874408625156991
10771925,2020-09-01,1094957,baseline,alpha,0.75,0.09563724470428805
10771925,2020-09-01,1094957,baseline,alpha,0.9,0.10030339080846214
10771925,2020-09-01,1094957,baseline,alpha,0.95,0.18442162735719292
10771925,2020-09-01,1094957,baseline,alpha,0.99,0.4309842098600886
10771925,2020-09-01,1094957,baseline,excess_return,0.01,-0.4418509591920738
10771925,2020-09-01,1094957,baseline,excess_return,0.05,-0.32886735841093917
10771925,2020-09-01,1094957,baseline,excess_return,0.1,-0.2911164934332716
10771925,2020-09-01,1094957,baseline,excess_return,0.25,-0.2179399641354164
10771925,2020-09-01,1094957,baseline,excess_return,0.5,-0.06982684032052178
10771925,2020-09-01,1094957,baseline,excess_return,0.75,0.03936559380962901
10771925,2020-09-01,1094957,baseline,excess_return,0.9,0.1163979669024452
10771925,2020-09-01,1094957,baseline,excess_return,0.95,0.22670390870035562
10771925,2020-09-01,1094957,baseline,excess_return,0.99,0.393033043391303
10771925,2020-09-01,1094957,better_return,alpha,0.01,-0.48029972105540997
10771925,2020-09-01,1094957,better_return,alpha,0.05,-0.37768725071334147
10771925,2020-09-01,1094957,better_return,alpha,0.1,-0.3291057885420139
10771925,2020-09-01,1094957,better_return,alpha,0.25,-0.28250943232321984
10771925,2020-09-01,1094957,better_return,alpha,0.5,-0.06813146743326279
10771925,2020-09-01,1094957,better_return,alpha,0.75,0.07519426481589309
10771925,2020-09-01,1094957,better_return,alpha,0.9,0.07923025429037656
10771925,2020-09-01,1094957,better_return,alpha,0.95,0.1752355854176902
10771925,2020-09-01,1094957,better_return,alpha,0.99,0.4040439444409597
10771925,2020-09-01,1094957,better_return,excess_return,0.01,-0.4335454189703304
10771925,2020-09-01,1094957,better_return,excess_return,0.05,-0.3236871112307707
10771925,2020-09-01,1094957,better_return,excess_return,0.1,-0.2834133798062246
10771925,2020-09-01,1094957,better_return,excess_return,0.25,-0.21146897690522348
10771925,2020-09-01,1094957,better_return,excess_return,0.5,-0.05553301971958102
10771925,2020-09-01,1094957,better_return,excess_return,0.75,0.014322016628321887
10771925,2020-09-01,1094957,better_return,excess_return,0.9,0.11531966015435698
10771925,2020-09-01,1094957,better_return,excess_return,0.95,0.21990767056359667
10771925,2020-09-01,1094957,better_return,excess_return,0.99,0.3653857953549714
10771925,2020-09-01,1094957,equal_weight,alpha,0.01,-0.4164723436369614
10771925,2020-09-01,1094957,equal_weight,alpha,0.05,-0.3433500114581109
10771925,2020-09-01,1094957,equal_weight,alpha,0.1,-0.30552248148438144
10771925,2020-09-01,1094957,equal_weight,alpha,0.25,-0.23795245922275104
10771925,2020-09-01,1094957,equal_weight,alpha,0.5,-0.1310337959788804
10771925,2020-09-01,1094957,equal_weight,alpha,0.75,-0.07822055234082693
10771925,2020-09-01,1094957,equal_weight,alpha,0.9,0.05693757737011232
10771925,2020-09-01,1094957,equal_weight,alpha,0.95,0.09553889570416563
10771925,2020-09-01,1094957,equal_weight,alpha,0.99,0.2811381021543981
10771925,2020-09-01,1094957,equal_weight,excess_return,0.01,-0.364478850272586
10771925,2020-09-01,1094957,equal_weight,excess_return,0.05,-0.28670271828770477
10771925,2020-09-01,1094957,equal_weight,excess_return,0.1,-0.24972918199982536
10771925,2020-09-01,1094957,equal_weight,excess_return,0.25,-0.18940714450602847
10771925,2020-09-01,1094957,equal_weight,excess_return,0.5,-0.09972306751359661
10771925,2020-09-01,1094957,equal_weight,excess_return,0.75,-0.05121337346618382
10771925,2020-09-01,1094957,equal_weight,excess_return,0.9,0.11371678056687895
10771925,2020-09-01,1094957,equal_weight,excess_return,0.95,0.16902907133544043
10771925,2020-09-01,1094957,equal_weight,excess_return,0.99,0.2547930669651598
10771925,2020-09-01,1094957,max_sharpe,alpha,0.01,-0.461276283742578
10771925,2020-09-01,1094957,max_sharpe,alpha,0.05,-0.3709502108606052
10771925,2020-09-01,1094957,max_sharpe,alpha,0.1,-0.3257178221737902
10771925,2020-09-01,1094957,max_sharpe,alpha,0.25,-0.28282658174798464
10771925,2020-09-01,1094957,max_sharpe,alpha,0.5,-0.1064929205459256
10771925,2020-09-01,1094957,max_sharpe,alpha,0.75,0.016527221622939264
10771925,2020-09-01,1094957,max_sharpe,alpha,0.9,0.0659502438712693
10771925,2020-09-01,1094957,max_sharpe,alpha,0.95,0.13925394719294304
10771925,2020-09-01,1094957,max_sharpe,alpha,0.99,0.1849356374329657
10771925,2020-09-01,1094957,max_sharpe,excess_return,0.01,-0.4149248628212889
10771925,2020-09-01,1094957,max_sharpe,excess_return,0.05,-0.3170081590544469
10771925,2020-09-01,1094957,max_sharpe,excess_return,0.1,-0.2811988555141125
10771925,2020-09-01,1094957,max_sharpe,excess_return,0.25,-0.2123929365658983
10771925,2020-09-01,1094957,max_sharpe,excess_return,0.5,-0.08959157992472233
10771925,2020-09-01,1094957,max_sharpe,excess_return,0.75,-0.005364192755468511
10771925,2020-09-01,1094957,max_sharpe,excess_return,0.9,0.11436212750156856
10771925,2020-09-01,1094957,max_sharpe,excess_return,0.95,0.18470060096839258
10771925,2020-09-01,1094957,max_sharpe,excess_return,0.99,0.24668053507764176
10771925,2020-09-01,1094957,mcap_weight,alpha,0.01,-0.4274209842613616
10771925,2020-09-01,1094957,mcap_weight,alpha,0.05,-0.3379599534699824
10771925,2020-09-01,1094957,mcap_weight,alpha,0.1,-0.31442068671358575
10771925,2020-09-01,1094957,mcap_weight,alpha,0.25,-0.2861975755334145
10771925,2020-09-01,1094957,mcap_weight,alpha,0.5,-0.05380555650968302
10771925,2020-09-01,1094957,mcap_weight,alpha,0.75,0.0012369754091234623
10771925,2020-09-01,1094957,mcap_weight,alpha,0.9,0.11107330286309237
10771925,2020-09-01,1094957,mcap_weight,alpha,0.95,0.19373791712061864
10771925,2020-09-01,1094957,mcap_weight,alpha,0.99,0.38525753029397913
10771925,2020-09-01,1094957,mcap_weight,excess_return,0.01,-0.37043440525776417
10771925,2020-09-01,1094957,mcap_weight,excess_return,0.05,-0.3021517732162564
10771925,2020-09-01,1094957,mcap_weight,excess_return,0.1,-0.29137124027802774
10771925,2020-09-01,1094957,mcap_weight,excess_return,0.25,-0.2156825184501474
10771925,2020-09-01,1094957,mcap_weight,excess_return,0.5,-0.07078940603329686
10771925,2020-09-01,1094957,mcap_weight,excess_return,0.75,0.038152862702349855
10771925,2020-09-01,1094957,mcap_weight,excess_return,0.9,0.13231707340564214
10771925,2020-09-01,1094957,mcap_weight,excess_return,0.95,0.23058682135209863
10771925,2020-09-01,1094957,mcap_weight,excess_return,0.99,0.36417306405968775
10771925,2020-09-01,1094957,safer_risk,alpha,0.01,-0.46887959597223705
10771925,2020-09-01,1094957,safer_risk,alpha,0.05,-0.3653865491568061
10771925,2020-09-01,1094957,safer_risk,alpha,0.1,-0.32008819279224027
10771925,2020-09-01,1094957,safer_risk,alpha,0.25,-0.27826139009006273
10771925,2020-09-01,1094957,safer_risk,alpha,0.5,-0.10084947166762653
10771925,2020-09-01,1094957,safer_risk,alpha,0.75,0.07519426369182075
10771925,2020-09-01,1094957,safer_risk,alpha,0.9,0.07753122941110663
10771925,2020-09-01,1094957,safer_risk,alpha,0.95,0.15791656066284865
10771925,2020-09-01,1094957,safer_risk,alpha,0.99,0.40061242371597816
10771925,2020-09-01,1094957,safer_risk,excess_return,0.01,-0.41424055283635597
10771925,2020-09-01,1094957,safer_risk,excess_return,0.05,-0.30996865835619214
10771925,2020-09-01,1094957,safer_risk,excess_return,0.1,-0.27727696206695207
10771925,2020-09-01,1094957,safer_risk,excess_return,0.25,-0.20800526011916431
10771925,2020-09-01,1094957,safer_risk,excess_return,0.5,-0.07019656356891235
10771925,2020-09-01,1094957,safer_risk,excess_return,0.75,0.014322015886682138
10771925,2020-09-01,1094957,safer_risk,excess_return,0.9,0.11506655073528604
10771925,2020-09-01,1094957,safer_risk,excess_return,0.95,0.19972543168667076
10771925,2020-09-01,1094957,safer_risk,excess_return,0.99,0.36538579498467627
10966874,2020-10-01,1121306,baseline,alpha,0.01,-0.564219087260858
10966874,2020-10-01,1121306,baseline,alpha,0.05,-0.45671061074655006
10966874,2020-10-01,1121306,baseline,alpha,0.1,-0.4560640280060849
10966874,2020-10-01,1121306,baseline,alpha,0.25,-0.41934488679862103
10966874,2020-10-01,1121306,baseline,alpha,0.5,-0.17218639484697873
10966874,2020-10-01,1121306,baseline,alpha,0.75,-0.03800197198567597
10966874,2020-10-01,1121306,baseline,alpha,0.9,-0.00028127723064411136
10966874,2020-10-01,1121306,baseline,alpha,0.95,0.06339397427153243
10966874,2020-10-01,1121306,baseline,alpha,0.99,0.9416162259978698
10966874,2020-10-01,1121306,baseline,excess_return,0.01,-0.5410250069894466
10966874,2020-10-01,1121306,baseline,excess_return,0.05,-0.4410710805259716
10966874,2020-10-01,1121306,baseline,excess_return,0.1,-0.44063780432319305
10966874,2020-10-01,1121306,baseline,excess_return,0.25,-0.39818839310956067
10966874,2020-10-01,1121306,baseline,excess_return,0.5,-0.16749993685537745
10966874,2020-10-01,1121306,baseline,excess_return,0.75,-0.06509130812231896
10966874,2020-10-01,1121306,baseline,excess_return,0.9,0.0076019543165678355
10966874,2020-10-01,1121306,baseline,excess_return,0.95,0.04890370408592891
10966874,2020-10-01,1121306,baseline,excess_return,0.99,0.9342783659188377
10966874,2020-10-01,1121306,better_return,alpha,0.01,-0.5645912796224037
10966874,2020-10-01,1121306,better_return,alpha,0.05,-0.42978760126960736
10966874,2020-10-01,1121306,better_return,alpha,0.1,-0.40850835565920524
10966874,2020-10-01,1121306,better_return,alpha,0.25,-0.4028966635032058
10966874,2020-10-01,1121306,better_return,alpha,0.5,-0.19000872315922912
10966874,2020-10-01,1121306,better_return,alpha,0.75,-0.056280196171807614
10966874,2020-10-01,1121306,better_return,alpha,0.9,0.0075904697520883385
10966874,2020-10-01,1121306,better_return,alpha,0.95,0.07583962027414468
10966874,2020-10-01,1121306,better_return,alpha,0.99,1.0110906691428925
10966874,2020-10-01,1121306,better_return,excess_return,0.01,-0.5330649128792526
10966874,2020-10-01,1121306,better_return,excess_return,0.05,-0.4106250326363615
10966874,2020-10-01,1121306,better_return,excess_return,0.1,-0.392772184719943
10966874,2020-10-01,1121306,better_return,excess_return,0.25,-0.38592285220472866
10966874,2020-10-01,1121306,better_return,excess_return,0.5,-0.18944638246426782
10966874,2020-10-01,1121306,better_return,excess_return,0.75,-0.06665948778076035
10966874,2020-10-01,1121306,better_return,excess_return,0.9,0.020708855176781435
10966874,2020-10-01,1121306,better_return,excess_return,0.95,0.06464518269344875
10966874,2020-10-01,1121306,better_return,excess_return,0.99,1.0102736555968959
10966874,2020-10-01,1121306,equal_weight,alpha,0.01,-0.45781609137625506
10966874,2020-10-01,1121306,equal_weight,alpha,0.05,-0.35739059678441293
10966874,2020-10-01,1121306,equal_weight,alpha,0.1,-0.3013878956370076
10966874,2020-10-01,1121306,equal_weight,alpha,0.25,-0.22521618610296354
10966874,2020-10-01,1121306,equal_weight,alpha,0.5,-0.17955266505512435
10966874,2020-10-01,1121306,equal_weight,alpha,0.75,-0.05584895508291953
10966874,2020-10-01,1121306,equal_weight,alpha,0.9,-0.0003815947449122694
10966874,2020-10-01,1121306,equal_weight,alpha,0.95,0.11447376895745749
10966874,2020-10-01,1121306,equal_weight,alpha,0.99,2.518817052583229
10966874,2020-10-01,1121306,equal_weight,excess_return,0.01,-0.4364475866410367
10966874,2020-10-01,1121306,equal_weight,excess_return,0.05,-0.36061556424596175
10966874,2020-10-01,1121306,equal_weight,excess_return,0.1,-0.29666101890403307
10966874,2020-10-01,1121306,equal_weight,excess_return,0.25,-0.2284001356375429
10966874,2020-10-01,1121306,equal_weight,excess_return,0.5,-0.1779654620770691
10966874,2020-10-01,1121306,equal_weight,excess_return,0.75,-0.06769682629204522
10966874,2020-10-01,1121306,equal_weight,excess_return,0.9,-0.021796559880792224
10966874,2020-10-01,1121306,equal_weight,excess_return,0.95,0.11249237349007017
10966874,2020-10-01,1121306,equal_weight,excess_return,0.99,2.5087834370361057
10966874,2020-10-01,1121306,max_sharpe,alpha,0.01,-0.6469997214873433
10966874,2020-10-01,1121306,max_sharpe,alpha,0.05,-0.4333760680269827
10966874,2020-10-01,1121306,max_sharpe,alpha,0.1,-0.4242259479937151
10966874,2020-10-01,1121306,max_sharpe,alpha,0.25,-0.40850835561811294
10966874,2020-10-01,1121306,max_sharpe,alpha,0.5,-0.2553732929485586
10966874,2020-10-01,1121306,max_sharpe,alpha,0.75,-0.05601579804809877
10966874,2020-10-01,1121306,max_sharpe,alpha,0.9,0.0075904697520883385
10966874,2020-10-01,1121306,max_sharpe,alpha,0.95,0.05039383659482994
10966874,2020-10-01,1121306,max_sharpe,alpha,0.99,0.426918467567455
10966874,2020-10-01,1121306,max_sharpe,excess_return,0.01,-0.5999631421803376
10966874,2020-10-01,1121306,max_sharpe,excess_return,0.05,-0.4193065555386001
10966874,2020-10-01,1121306,max_sharpe,excess_return,0.1,-0.4083361556307621
10966874,2020-10-01,1121306,max_sharpe,excess_return,0.25,-0.39277218467897224
10966874,2020-10-01,1121306,max_sharpe,excess_return,0.5,-0.2390297060477048
10966874,2020-10-01,1121306,max_sharpe,excess_return,0.75,-0.06529254336189096
10966874,2020-10-01,1121306,max_sharpe,excess_return,0.9,0.020708855176781435
10966874,2020-10-01,1121306,max_sharpe,excess_return,0.95,0.036088967205890485
10966874,2020-10-01,1121306,max_sharpe,excess_return,0.99,0.3904920094173224
10966874,2020-10-01,1121306,mcap_weight,alpha,0.01,-0.4640809516253444
10966874,2020-10-01,1121306,mcap_weight,alpha,0.05,-0.43227674123820936
10966874,2020-10-01,1121306,mcap_weight,alpha,0.1,-0.36116485275585886
10966874,2020-10-01,1121306,mcap_weight,alpha,0.25,-0.2734570342666107
10966874,2020-10-01,1121306,mcap_weight,alpha,0.5,-0.16714068095078857
10966874,2020-10-01,1121306,mcap_weight,alpha,0.75,-0.029839523225826885
10966874,2020-10-01,1121306,mcap_weight,alpha,0.9,0.01371755443473903
10966874,2020-10-01,1121306,mcap_weight,alpha,0.95,0.03929922828840962
10966874,2020-10-01,1121306,mcap_weight,alpha,0.99,0.507339488636843
10966874,2020-10-01,1121306,mcap_weight,excess_return,0.01,-0.44776503684659613
10966874,2020-10-01,1121306,mcap_weight,excess_return,0.05,-0.4098038024389691
10966874,2020-10-01,1121306,mcap_weight,excess_return,0.1,-0.3527073855722035
10966874,2020-10-01,1121306,mcap_weight,excess_return,0.25,-0.2581203059377898
10966874,2020-10-01,1121306,mcap_weight,excess_return,0.5,-0.16391760722360726
10966874,2020-10-01,1121306,mcap_weight,excess_return,0.75,-0.06511013319692384
10966874,2020-10-01,1121306,mcap_weight,excess_return,0.9,0.028424890504500464
10966874,2020-10-01,1121306,mcap_weight,excess_return,0.95,0.035653716188538506
10966874,2020-10-01,1121306,mcap_weight,excess_return,0.99,0.4864529898804763
10966874,2020-10-01,1121306,safer_risk,alpha,0.01,-0.5439143985278487
10966874,2020-10-01,1121306,safer_risk,alpha,0.05,-0.42513539049411064
10966874,2020-10-01,1121306,safer_risk,alpha,0.1,-0.4085083557260051
10966874,2020-10-01,1121306,safer_risk,alpha,0.25,-0.3889528095315676
10966874,2020-10-01,1121306,safer_risk,alpha,0.5,-0.16230663427156558
10966874,2020-10-01,1121306,safer_risk,alpha,0.75,-0.037176519063859485
10966874,2020-10-01,1121306,safer_risk,alpha,0.9,0.002830022169505555
10966874,2020-10-01,1121306,safer_risk,alpha,0.95,0.08071845889034138
10966874,2020-10-01,1121306,safer_risk,alpha,0.99,1.363733126133146
10966874,2020-10-01,1121306,safer_risk,excess_return,0.01,-0.515091837241347
10966874,2020-10-01,1121306,safer_risk,excess_return,0.05,-0.4083306015533368
10966874,2020-10-01,1121306,safer_risk,excess_return,0.1,-0.3927721847865453
10966874,2020-10-01,1121306,safer_risk,excess_return,0.25,-0.3762258624693632
10966874,2020-10-01,1121306,safer_risk,excess_return,0.5,-0.1586594234800332
10966874,2020-10-01,1121306,safer_risk,excess_return,0.75,-0.06529254336243752
10966874,2020-10-01,1121306,safer_risk,excess_return,0.9,0.007601954245971862
10966874,2020-10-01,1121306,safer_risk,excess_return,0.95,0.07502829313365748
10966874,2020-10-01,1121306,safer_risk,excess_return,0.99,1.3515355749217826
11167817,2020-11-01,1233035,baseline,alpha,0.01,-0.8352138143011612
11167817,2020-11-01,1233035,baseline,alpha,0.05,-0.5474037817662527
11167817,2020-11-01,1233035,baseline,alpha,0.1,-0.538579593597334
11167817,2020-11-01,1233035,baseline,alpha,0.25,-0.4380872687266067
11167817,2020-11-01,1233035,baseline,alpha,0.5,-0.21228486185946693
11167817,2020-11-01,1233035,baseline,alpha,0.75,-0.03215965631909842
11167817,2020-11-01,1233035,baseline,alpha,0.9,0.10223082509317509
11167817,2020-11-01,1233035,baseline,alpha,0.95,0.2967543099980498
11167817,2020-11-01,1233035,baseline,alpha,0.99,1.2370304265671372
11167817,2020-11-01,1233035,baseline,excess_return,0.01,-0.9539064941206896
11167817,2020-11-01,1233035,baseline,excess_return,0.05,-0.6008744277868276
11167817,2020-11-01,1233035,baseline,excess_return,0.1,-0.600026711990905
11167817,2020-11-01,1233035,baseline,excess_return,0.25,-0.45271463170560766
11167817,2020-11-01,1233035,baseline,excess_return,0.5,-0.2190687156137674
11167817,2020-11-01,1233035,baseline,excess_return,0.75,-0.020886437310011607
11167817,2020-11-01,1233035,baseline,excess_return,0.9,0.11023087025051473
11167817,2020-11-01,1233035,baseline,excess_return,0.95,0.32093125398477385
11167817,2020-11-01,1233035,baseline,excess_return,0.99,1.334282390127479
11167817,2020-11-01,1233035,better_return,alpha,0.01,-0.7676219794984338
11167817,2020-11-01,1233035,better_return,alpha,0.05,-0.5681433309614004
11167817,2020-11-01,1233035,better_return,alpha,0.1,-0.456984572479097
11167817,2020-11-01,1233035,better_return,alpha,0.25,-0.26162292677977483
11167817,2020-11-01,1233035,better_return,alpha,0.5,-0.20871396078091126
11167817,2020-11-01,1233035,better_return,alpha,0.75,-0.026537308805394188
11167817,2020-11-01,1233035,better_return,alpha,0.9,0.13874990806174242
11167817,2020-11-01,1233035,better_return,alpha,0.95,0.3854041306274149
11167817,2020-11-01,1233035,better_return,alpha,0.99,1.571195330351144
11167817,2020-11-01,1233035,better_return,excess_return,0.01,-0.8793095123237311
11167817,2020-11-01,1233035,better_return,excess_return,0.05,-0.5417089176567198
11167817,2020-11-01,1233035,better_return,excess_return,0.1,-0.43782945689312736
11167817,2020-11-01,1233035,better_return,excess_return,0.25,-0.2810563565764309
11167817,2020-11-01,1233035,better_return,excess_return,0.5,-0.21851926797097132
11167817,2020-11-01,1233035,better_return,excess_return,0.75,-0.019403286473925307
11167817,2020-11-01,1233035,better_return,excess_return,0.9,0.11381667850448451
11167817,2020-11-01,1233035,better_return,excess_return,0.95,0.4181419499463601
11167817,2020-11-01,1233035,better_return,excess_return,0.99,1.6400029772894942
11167817,2020-11-01,1233035,equal_weight,alpha,0.01,-0.6163452855943377
11167817,2020-11-01,1233035,equal_weight,alpha,0.05,-0.46238619797726965
11167817,2020-11-01,1233035,equal_weight,alpha,0.1,-0.39555816819902473
11167817,2020-11-01,1233035,equal_weight,alpha,0.25,-0.3678507269578319
11167817,2020-11-01,1233035,equal_weight,alpha,0.5,-0.1955297886266461
11167817,2020-11-01,1233035,equal_weight,alpha,0.75,-0.07650597994348861
11167817,2020-11-01,1233035,equal_weight,alpha,0.9,0.09085836927730015
11167817,2020-11-01,1233035,equal_weight,alpha,0.95,0.3050507183053708
11167817,2020-11-01,1233035,equal_weight,alpha,0.99,0.9706279422636965
11167817,2020-11-01,1233035,equal_weight,excess_return,0.01,-0.6290668307276034
11167817,2020-11-01,1233035,equal_weight,excess_return,0.05,-0.47993679250847265
11167817,2020-11-01,1233035,equal_weight,excess_return,0.1,-0.40454581273064305
11167817,2020-11-01,1233035,equal_weight,excess_return,0.25,-0.38865072421233093
11167817,2020-11-01,1233035,equal_weight,excess_return,0.5,-0.2268356035736916
11167817,2020-11-01,1233035,equal_weight,excess_return,0.75,-0.07296413601029461
11167817,2020-11-01,1233035,equal_weight,excess_return,0.9,0.09691411775814227
11167817,2020-11-01,1233035,equal_weight,excess_return,0.95,0.33750792221488657
11167817,2020-11-01,1233035,equal_weight,excess_return,0.99,1.0495103058890185
11167817,2020-11-01,1233035,max_sharpe,alpha,0.01,-0.820740189466065
11167817,2020-11-01,1233035,max_sharpe,alpha,0.05,-0.6564459346839178
11167817,2020-11-01,1233035,max_sharpe,alpha,0.1,-0.5181262986542182
11167817,2020-11-01,1233035,max_sharpe,alpha,0.25,-0.2518126673818612
11167817,2020-11-01,1233035,max_sharpe,alpha,0.5,-0.1731229039496281
11167817,2020-11-01,1233035,max_sharpe,alpha,0.75,-0.014606596422596155
11167817,2020-11-01,1233035,max_sharpe,alpha,0.9,0.13378727996258974
11167817,2020-11-01,1233035,max_sharpe,alpha,0.95,0.3471307655729408
11167817,2020-11-01,1233035,max_sharpe,alpha,0.99,1.8258044567413663
11167817,2020-11-01,1233035,max_sharpe,excess_return,0.01,-0.9144709353664868
11167817,2020-11-01,1233035,max_sharpe,excess_return,0.05,-0.5996500499305024
11167817,2020-11-01,1233035,max_sharpe,excess_return,0.1,-0.4590898341934143
11167817,2020-11-01,1233035,max_sharpe,excess_return,0.25,-0.2810583397451538
11167817,2020-11-01,1233035,max_sharpe,excess_return,0.5,-0.2185192680587067
11167817,2020-11-01,1233035,max_sharpe,excess_return,0.75,0.007291963644693311
11167817,2020-11-01,1233035,max_sharpe,excess_return,0.9,0.07091846864181184
11167817,2020-11-01,1233035,max_sharpe,excess_return,0.95,0.33580090946620467
11167817,2020-11-01,1233035,max_sharpe,excess_return,0.99,1.9250132631652281
11167817,2020-11-01,1233035,mcap_weight,alpha,0.01,-0.8468950165336104
11167817,2020-11-01,1233035,mcap_weight,alpha,0.05,-0.5148901100478861
11167817,2020-11-01,1233035,mcap_weight,alpha,0.1,-0.40772892391803817
11167817,2020-11-01,1233035,mcap_weight,alpha,0.25,-0.37243433743195636
11167817,2020-11-01,1233035,mcap_weight,alpha,0.5,-0.20650141828396495
11167817,2020-11-01,1233035,mcap_weight,alpha,0.75,-0.02198509503532542
11167817,2020-11-01,1233035,mcap_weight,alpha,0.9,0.02244080116092162
11167817,2020-11-01,1233035,mcap_weight,alpha,0.95,0.1752664770823394
11167817,2020-11-01,1233035,mcap_weight,alpha,0.99,0.5444335347012602
11167817,2020-11-01,1233035,mcap_weight,excess_return,0.01,-0.959693786333045
11167817,2020-11-01,1233035,mcap_weight,excess_return,0.05,-0.5729894433536334
11167817,2020-11-01,1233035,mcap_weight,excess_return,0.1,-0.4013392615589436
11167817,2020-11-01,1233035,mcap_weight,excess_return,0.25,-0.3942527332471305
11167817,2020-11-01,1233035,mcap_weight,excess_return,0.5,-0.22663892802247354
11167817,2020-11-01,1233035,mcap_weight,excess_return,0.75,-0.04010527615056492
11167817,2020-11-01,1233035,mcap_weight,excess_return,0.9,0.07010652621061952
11167817,2020-11-01,1233035,mcap_weight,excess_return,0.95,0.20261556190977958
11167817,2020-11-01,1233035,mcap_weight,excess_return,0.99,0.6974766523397035
11167817,2020-11-01,1233035,safer_risk,alpha,0.01,-0.767621978765531
11167817,2020-11-01,1233035,safer_risk,alpha,0.05,-0.5174419588613817
11167817,2020-11-01,1233035,safer_risk,alpha,0.1,-0.4970126677873362
11167817,2020-11-01,1233035,safer_risk,alpha,0.25,-0.42872388164558595
11167817,2020-11-01,1233035,safer_risk,alpha,0.5,-0.19919841146106304
11167817,2020-11-01,1233035,safer_risk,alpha,0.75,-0.03648996360484019
11167817,2020-11-01,1233035,safer_risk,alpha,0.9,0.09101144851311116
11167817,2020-11-01,1233035,safer_risk,alpha,0.95,0.26804878457060655
11167817,2020-11-01,1233035,safer_risk,alpha,0.99,1.0971254003030897
11167817,2020-11-01,1233035,safer_risk,excess_return,0.01,-0.8881187311392396
11167817,2020-11-01,1233035,safer_risk,excess_return,0.05,-0.5646254833117734
11167817,2020-11-01,1233035,safer_risk,excess_return,0.1,-0.5587821803659553
11167817,2020-11-01,1233035,safer_risk,excess_return,0.25,-0.43019461791180147
11167817,2020-11-01,1233035,safer_risk,excess_return,0.5,-0.23229186898387932
11167817,2020-11-01,1233035,safer_risk,excess_return,0.75,-0.033883311706410346
11167817,2020-11-01,1233035,safer_risk,excess_return,0.9,0.08192039088429307
11167817,2020-11-01,1233035,safer_risk,excess_return,0.95,0.3026629117080536
11167817,2020-11-01,1233035,safer_risk,excess_return,0.99,1.2044990857593263
11363270,2020-12-01,1312844,baseline,alpha,0.01,-0.4064672999185798
11363270,2020-12-01,1312844,baseline,alpha,0.05,-0.22175768584611483
11363270,2020-12-01,1312844,baseline,alpha,0.1,-0.16753133120200017
11363270,2020-12-01,1312844,baseline,alpha,0.25,-0.07073093661193552
11363270,2020-12-01,1312844,baseline,alpha,0.5,0.03327254663409964
11363270,2020-12-01,1312844,baseline,alpha,0.75,0.144713849858218
11363270,2020-12-01,1312844,baseline,alpha,0.9,0.18466996247729828
11363270,2020-12-01,1312844,baseline,alpha,0.95,0.2760688655525835
11363270,2020-12-01,1312844,baseline,alpha,0.99,1.2303951010183514
11363270,2020-12-01,1312844,baseline,excess_return,0.01,-0.38120689745294395
11363270,2020-12-01,1312844,baseline,excess_return,0.05,-0.20670167758799865
11363270,2020-12-01,1312844,baseline,excess_return,0.1,-0.15481439390240015
11363270,2020-12-01,1312844,baseline,excess_return,0.25,-0.1075808640125244
11363270,2020-12-01,1312844,baseline,excess_return,0.5,0.01898359637836841
11363270,2020-12-01,1312844,baseline,excess_return,0.75,0.14452044989696336
11363270,2020-12-01,1312844,baseline,excess_return,0.9,0.15838253365025545
11363270,2020-12-01,1312844,baseline,excess_return,0.95,0.2523402240049539
11363270,2020-12-01,1312844,baseline,excess_return,0.99,1.172966776804588
11363270,2020-12-01,1312844,better_return,alpha,0.01,-0.39857013415266895
11363270,2020-12-01,1312844,better_return,alpha,0.05,-0.22194383791219702
11363270,2020-12-01,1312844,better_return,alpha,0.1,-0.16799349555886228
11363270,2020-12-01,1312844,better_return,alpha,0.25,-0.04956286052933273
11363270,2020-12-01,1312844,better_return,alpha,0.5,0.0004958257286650988
11363270,2020-12-01,1312844,better_return,alpha,0.75,0.12124203495423355
11363270,2020-12-01,1312844,better_return,alpha,0.9,0.1906495147143185
11363270,2020-12-01,1312844,better_return,alpha,0.95,0.2589008392693499
11363270,2020-12-01,1312844,better_return,alpha,0.99,1.1586993553944878
11363270,2020-12-01,1312844,better_return,excess_return,0.01,-0.3814221373019206
11363270,2020-12-01,1312844,better_return,excess_return,0.05,-0.20756923297540958
11363270,2020-12-01,1312844,better_return,excess_return,0.1,-0.15819780592952862
11363270,2020-12-01,1312844,better_return,excess_return,0.25,-0.09513860900560447
11363270,2020-12-01,1312844,better_return,excess_return,0.5,-0.03600491641765649
11363270,2020-12-01,1312844,better_return,excess_return,0.75,0.08337687186708428
11363270,2020-12-01,1312844,better_return,excess_return,0.9,0.15999305290266994
11363270,2020-12-01,1312844,better_return,excess_return,0.95,0.2350291739353379
11363270,2020-12-01,1312844,better_return,excess_return,0.99,1.1084771950949155
11363270,2020-12-01,1312844,equal_weight,alpha,0.01,-0.2957806890004628
11363270,2020-12-01,1312844,equal_weight,alpha,0.05,-0.17025012984854662
11363270,2020-12-01,1312844,equal_weight,alpha,0.1,-0.12027944052898148
11363270,2020-12-01,1312844,equal_weight,alpha,0.25,-0.04052260732906687
11363270,2020-12-01,1312844,equal_weight,alpha,0.5,0.03824899271937697
11363270,2020-12-01,1312844,equal_weight,alpha,0.75,0.08741137906866069
11363270,2020-12-01,1312844,equal_weight,alpha,0.9,0.18412316689570063
11363270,2020-12-01,1312844,equal_weight,alpha,0.95,0.23021374651980675
11363270,2020-12-01,1312844,equal_weight,alpha,0.99,0.8212927424542493
11363270,2020-12-01,1312844,equal_weight,excess_return,0.01,-0.2803995998458779
11363270,2020-12-01,1312844,equal_weight,excess_return,0.05,-0.16842343563814147
11363270,2020-12-01,1312844,equal_weight,excess_return,0.1,-0.12991463259363772
11363270,2020-12-01,1312844,equal_weight,excess_return,0.25,-0.06462243990103997
11363270,2020-12-01,1312844,equal_weight,excess_return,0.5,0.020123768062256214
11363270,2020-12-01,1312844,equal_weight,excess_return,0.75,0.06958961478277156
11363270,2020-12-01,1312844,equal_weight,excess_return,0.9,0.1443589990159265
11363270,2020-12-01,1312844,equal_weight,excess_return,0.95,0.22206953721618747
11363270,2020-12-01,1312844,equal_weight,excess_return,0.99,0.7124795227176014
11363270,2020-12-01,1312844,max_sharpe,alpha,0.01,-0.3977013419127423
11363270,2020-12-01,1312844,max_sharpe,alpha,0.05,-0.23181435581236196
11363270,2020-12-01,1312844,max_sharpe,alpha,0.1,-0.17662750141966854
11363270,2020-12-01,1312844,max_sharpe,alpha,0.25,-0.058931062198864764
11363270,2020-12-01,1312844,max_sharpe,alpha,0.5,-0.009296973789649457
11363270,2020-12-01,1312844,max_sharpe,alpha,0.75,0.1562542740587267
11363270,2020-12-01,1312844,max_sharpe,alpha,0.9,0.231340849005153
11363270,2020-12-01,1312844,max_sharpe,alpha,0.95,0.27013734087267366
11363270,2020-12-01,1312844,max_sharpe,alpha,0.99,1.3393657595204094
11363270,2020-12-01,1312844,max_sharpe,excess_return,0.01,-0.3793671557345585
11363270,2020-12-01,1312844,max_sharpe,excess_return,0.05,-0.21950194693499725
11363270,2020-12-01,1312844,max_sharpe,excess_return,0.1,-0.16730015388244282
11363270,2020-12-01,1312844,max_sharpe,excess_return,0.25,-0.10461436285722195
11363270,2020-12-01,1312844,max_sharpe,excess_return,0.5,-0.03761506196663991
11363270,2020-12-01,1312844,max_sharpe,excess_return,0.75,0.09000681221802251
11363270,2020-12-01,1312844,max_sharpe,excess_return,0.9,0.19586281911612144
11363270,2020-12-01,1312844,max_sharpe,excess_return,0.95,0.23502917393533815
11363270,2020-12-01,1312844,max_sharpe,excess_return,0.99,1.1321720602595695
11363270,2020-12-01,1312844,mcap_weight,alpha,0.01,-0.2642865186696026
11363270,2020-12-01,1312844,mcap_weight,alpha,0.05,-0.20472062409106118
11363270,2020-12-01,1312844,mcap_weight,alpha,0.1,-0.1676577191546558
11363270,2020-12-01,1312844,mcap_weight,alpha,0.25,-0.07168241548273055
11363270,2020-12-01,1312844,mcap_weight,alpha,0.5,0.01321726585161113
11363270,2020-12-01,1312844,mcap_weight,alpha,0.75,0.050167826673320204
11363270,2020-12-01,1312844,mcap_weight,alpha,0.9,0.17639657615785656
11363270,2020-12-01,1312844,mcap_weight,alpha,0.95,0.220775445226724
11363270,2020-12-01,1312844,mcap_weight,alpha,0.99,0.8584990923708546
11363270,2020-12-01,1312844,mcap_weight,excess_return,0.01,-0.245657879425902
11363270,2020-12-01,1312844,mcap_weight,excess_return,0.05,-0.18962408762407015
11363270,2020-12-01,1312844,mcap_weight,excess_return,0.1,-0.1403139043438553
11363270,2020-12-01,1312844,mcap_weight,excess_return,0.25,-0.10775119120384638
11363270,2020-12-01,1312844,mcap_weight,excess_return,0.5,-0.007136711755871522
11363270,2020-12-01,1312844,mcap_weight,excess_return,0.75,0.02816593692686639
11363270,2020-12-01,1312844,mcap_weight,excess_return,0.9,0.13624086302799485
11363270,2020-12-01,1312844,mcap_weight,excess_return,0.95,0.17077492855426676
11363270,2020-12-01,1312844,mcap_weight,excess_return,0.99,0.8037632384365315
11363270,2020-12-01,1312844,safer_risk,alpha,0.01,-0.37377911718798806
11363270,2020-12-01,1312844,safer_risk,alpha,0.05,-0.20135106744235234
11363270,2020-12-01,1312844,safer_risk,alpha,0.1,-0.15090409006016062
11363270,2020-12-01,1312844,safer_risk,alpha,0.25,-0.05080065696492363
11363270,2020-12-01,1312844,safer_risk,alpha,0.5,0.03518083304450728
11363270,2020-12-01,1312844,safer_risk,alpha,0.75,0.12458095607660641
11363270,2020-12-01,1312844,safer_risk,alpha,0.9,0.1781712061432505
11363270,2020-12-01,1312844,safer_risk,alpha,0.95,0.24759874150400407
11363270,2020-12-01,1312844,safer_risk,alpha,0.99,1.1129761312293758
11363270,2020-12-01,1312844,safer_risk,excess_return,0.01,-0.3559992105124602
11363270,2020-12-01,1312844,safer_risk,excess_return,0.05,-0.19176033065376455
11363270,2020-12-01,1312844,safer_risk,excess_return,0.1,-0.14023231675548758
11363270,2020-12-01,1312844,safer_risk,excess_return,0.25,-0.09448149287881977
11363270,2020-12-01,1312844,safer_risk,excess_return,0.5,0.012036513927502351
11363270,2020-12-01,1312844,safer_risk,excess_return,0.75,0.12918700066860986
11363270,2020-12-01,1312844,safer_risk,excess_return,0.9,0.1516996551489854
11363270,2020-12-01,1312844,safer_risk,excess_return,0.95,0.21671307687203298
11363270,2020-12-01,1312844,safer_risk,excess_return,0.99,1.084106447831184
11565019,2021-01-01,1344924,baseline,alpha,0.01,-0.6081528183155517
11565019,2021-01-01,1344924,baseline,alpha,0.05,-0.22996040934973855
11565019,2021-01-01,1344924,baseline,alpha,0.1,-0.14940946489631154
11565019,2021-01-01,1344924,baseline,alpha,0.25,-0.018410369065683455
11565019,2021-01-01,1344924,baseline,alpha,0.5,0.04350596070436297
11565019,2021-01-01,1344924,baseline,alpha,0.75,0.2587907073781682
11565019,2021-01-01,1344924,baseline,alpha,0.9,0.5037448508670856
11565019,2021-01-01,1344924,baseline,alpha,0.95,0.7874226703867219
11565019,2021-01-01,1344924,baseline,alpha,0.99,1.7946187232569373
11565019,2021-01-01,1344924,baseline,excess_return,0.01,-0.6635804009760545
11565019,2021-01-01,1344924,baseline,excess_return,0.05,-0.41971935352551387
11565019,2021-01-01,1344924,baseline,excess_return,0.1,-0.41287034628272457
11565019,2021-01-01,1344924,baseline,excess_return,0.25,-0.22239313348722972
11565019,2021-01-01,1344924,baseline,excess_return,0.5,-0.09278280449048099
11565019,2021-01-01,1344924,baseline,excess_return,0.75,0.1921503521315689
11565019,2021-01-01,1344924,baseline,excess_return,0.9,0.5252356828653655
11565019,2021-01-01,1344924,baseline,excess_return,0.95,0.7607383809096574
11565019,2021-01-01,1344924,baseline,excess_return,0.99,1.6896127038587407
11565019,2021-01-01,1344924,better_return,alpha,0.01,-0.6189276419960795
11565019,2021-01-01,1344924,better_return,alpha,0.05,-0.2836037132797767
11565019,2021-01-01,1344924,better_return,alpha,0.1,-0.22334161724598467
11565019,2021-01-01,1344924,better_return,alpha,0.25,-0.04987632544333631
11565019,2021-01-01,1344924,better_return,alpha,0.5,0.08808720621557886
11565019,2021-01-01,1344924,better_return,alpha,0.75,0.24493323750330964
11565019,2021-01-01,1344924,better_return,alpha,0.9,0.519539570536756
11565019,2021-01-01,1344924,better_return,alpha,0.95,0.8398737890875122
11565019,2021-01-01,1344924,better_return,alpha,0.99,1.7811903583572395
11565019,2021-01-01,1344924,better_return,excess_return,0.01,-0.629220234184227
11565019,2021-01-01,1344924,better_return,excess_return,0.05,-0.4182577355889437
11565019,2021-01-01,1344924,better_return,excess_return,0.1,-0.38921119508155316
11565019,2021-01-01,1344924,better_return,excess_return,0.25,-0.29234738116347997
11565019,2021-01-01,1344924,better_return,excess_return,0.5,-0.04000697322604835
11565019,2021-01-01,1344924,better_return,excess_return,0.75,0.1750279550831056
11565019,2021-01-01,1344924,better_return,excess_return,0.9,0.4869565048756754
11565019,2021-01-01,1344924,better_return,excess_return,0.95,0.7670820029782706
11565019,2021-01-01,1344924,better_return,excess_return,0.99,1.698605035977008
11565019,2021-01-01,1344924,equal_weight,alpha,0.01,-0.4579273580447193
11565019,2021-01-01,1344924,equal_weight,alpha,0.05,-0.17196990038592763
11565019,2021-01-01,1344924,equal_weight,alpha,0.1,-0.14834846961422832
11565019,2021-01-01,1344924,equal_weight,alpha,0.25,-0.028261224510016753
11565019,2021-01-01,1344924,equal_weight,alpha,0.5,0.12323416164063766
11565019,2021-01-01,1344924,equal_weight,alpha,0.75,0.21190749760966313
11565019,2021-01-01,1344924,equal_weight,alpha,0.9,0.4848245618238429
11565019,2021-01-01,1344924,equal_weight,alpha,0.95,0.7289281920882099
11565019,2021-01-01,1344924,equal_weight,alpha,0.99,1.2546404804392566
11565019,2021-01-01,1344924,equal_weight,excess_return,0.01,-0.5067621253998218
11565019,2021-01-01,1344924,equal_weight,excess_return,0.05,-0.4151824882555439
11565019,2021-01-01,1344924,equal_weight,excess_return,0.1,-0.3559027757686652
11565019,2021-01-01,1344924,equal_weight,excess_return,0.25,-0.24897976892423895
11565019,2021-01-01,1344924,equal_weight,excess_return,0.5,0.008564043120849851
11565019,2021-01-01,1344924,equal_weight,excess_return,0.75,0.13467715642491113
11565019,2021-01-01,1344924,equal_weight,excess_return,0.9,0.4179000904258874
11565019,2021-01-01,1344924,equal_weight,excess_return,0.95,0.6559538700358958
11565019,2021-01-01,1344924,equal_weight,excess_return,0.99,1.1710616283900233
11565019,2021-01-01,1344924,max_sharpe,alpha,0.01,-0.5075087268560676
11565019,2021-01-01,1344924,max_sharpe,alpha,0.05,-0.19449229876392798
11565019,2021-01-01,1344924,max_sharpe,alpha,0.1,-0.15261527217418386
11565019,2021-01-01,1344924,max_sharpe,alpha,0.25,-0.03089189922952615
11565019,2021-01-01,1344924,max_sharpe,alpha,0.5,0.05945934091304056
11565019,2021-01-01,1344924,max_sharpe,alpha,0.75,0.2869615715902694
11565019,2021-01-01,1344924,max_sharpe,alpha,0.9,0.5846251158964613
11565019,2021-01-01,1344924,max_sharpe,alpha,0.95,1.0348325301238446
11565019,2021-01-01,1344924,max_sharpe,alpha,0.99,1.974873633408875
11565019,2021-01-01,1344924,max_sharpe,excess_return,0.01,-0.5574777840769318
11565019,2021-01-01,1344924,max_sharpe,excess_return,0.05,-0.418257734579298
11565019,2021-01-01,1344924,max_sharpe,excess_return,0.1,-0.36151226555008875
11565019,2021-01-01,1344924,max_sharpe,excess_return,0.25,-0.19689284023848969
11565019,2021-01-01,1344924,max_sharpe,excess_return,0.5,-0.06413741313346505
11565019,2021-01-01,1344924,max_sharpe,excess_return,0.75,0.3046416307756377
11565019,2021-01-01,1344924,max_sharpe,excess_return,0.9,0.6227479268740018
11565019,2021-01-01,1344924,max_sharpe,excess_return,0.95,0.9649075953249844
11565019,2021-01-01,1344924,max_sharpe,excess_return,0.99,1.8367423388452202
11565019,2021-01-01,1344924,mcap_weight,alpha,0.01,-0.33258709034011713
11565019,2021-01-01,1344924,mcap_weight,alpha,0.05,-0.17916484572831626
11565019,2021-01-01,1344924,mcap_weight,alpha,0.1,-0.1263268793168078
11565019,2021-01-01,1344924,mcap_weight,alpha,0.25,-0.0007144208211199016
11565019,2021-01-01,1344924,mcap_weight,alpha,0.5,0.12298072298878682
11565019,2021-01-01,1344924,mcap_weight,alpha,0.75,0.21374825719897056
11565019,2021-01-01,1344924,mcap_weight,alpha,0.9,0.4739578120223123
11565019,2021-01-01,1344924,mcap_weight,alpha,0.95,0.7288586468025248
11565019,2021-01-01,1344924,mcap_weight,alpha,0.99,1.4519464250223668
11565019,2021-01-01,1344924,mcap_weight,excess_return,0.01,-0.4643997192320773
11565019,2021-01-01,1344924,mcap_weight,excess_return,0.05,-0.4170166960591271
11565019,2021-01-01,1344924,mcap_weight,excess_return,0.1,-0.4138916333416149
11565019,2021-01-01,1344924,mcap_weight,excess_return,0.25,-0.2817034807235161
11565019,2021-01-01,1344924,mcap_weight,excess_return,0.5,-0.015871170535244727
11565019,2021-01-01,1344924,mcap_weight,excess_return,0.75,0.18615581033385098
11565019,2021-01-01,1344924,mcap_weight,excess_return,0.9,0.5287393148537709
11565019,2021-01-01,1344924,mcap_weight,excess_return,0.95,0.7573002120394448
11565019,2021-01-01,1344924,mcap_weight,excess_return,0.99,1.356413590785574
11565019,2021-01-01,1344924,safer_risk,alpha,0.01,-0.5264486184808167
11565019,2021-01-01,1344924,safer_risk,alpha,0.05,-0.2034200016993755
11565019,2021-01-01,1344924,safer_risk,alpha,0.1,-0.13345052328093407
11565019,2021-01-01,1344924,safer_risk,alpha,0.25,-0.010165875506860371
11565019,2021-01-01,1344924,safer_risk,alpha,0.5,0.05945934099314404
11565019,2021-01-01,1344924,safer_risk,alpha,0.75,0.22700072725216908
11565019,2021-01-01,1344924,safer_risk,alpha,0.9,0.4651797105313211
11565019,2021-01-01,1344924,safer_risk,alpha,0.95,0.7495126111800494
11565019,2021-01-01,1344924,safer_risk,alpha,0.99,1.692166401692001
11565019,2021-01-01,1344924,safer_risk,excess_return,0.01,-0.59896442335941
11565019,2021-01-01,1344924,safer_risk,excess_return,0.05,-0.41730920404455973
11565019,2021-01-01,1344924,safer_risk,excess_return,0.1,-0.3895898892073665
11565019,2021-01-01,1344924,safer_risk,excess_return,0.25,-0.2187438588678367
11565019,2021-01-01,1344924,safer_risk,excess_return,0.5,-0.06413741303017323
11565019,2021-01-01,1344924,safer_risk,excess_return,0.75,0.15431668810967025
11565019,2021-01-01,1344924,safer_risk,excess_return,0.9,0.45519696637489193
11565019,2021-01-01,1344924,safer_risk,excess_return,0.95,0.6915043138559851
11565019,2021-01-01,1344924,safer_risk,excess_return,0.99,1.594734323460966
11766939,2021-02-01,1421979,baseline,alpha,0.01,-0.8059368395658331
11766939,2021-02-01,1421979,baseline,alpha,0.05,-0.13589320580238967
11766939,2021-02-01,1421979,baseline,alpha,0.1,-0.07211358614633882
11766939,2021-02-01,1421979,baseline,alpha,0.25,0.03353273440453505
11766939,2021-02-01,1421979,baseline,alpha,0.5,0.2554214232974858
11766939,2021-02-01,1421979,baseline,alpha,0.75,0.7975846144251025
11766939,2021-02-01,1421979,baseline,alpha,0.9,2.1309618985062238
11766939,2021-02-01,1421979,baseline,alpha,0.95,2.3528627880602775
11766939,2021-02-01,1421979,baseline,alpha,0.99,4.538485209329987
11766939,2021-02-01,1421979,baseline,excess_return,0.01,-0.7783486048640318
11766939,2021-02-01,1421979,baseline,excess_return,0.05,-0.440393853805286
11766939,2021-02-01,1421979,baseline,excess_return,0.1,-0.411491273657438
11766939,2021-02-01,1421979,baseline,excess_return,0.25,-0.05558093699547895
11766939,2021-02-01,1421979,baseline,excess_return,0.5,0.20763686200158515
11766939,2021-02-01,1421979,baseline,excess_return,0.75,0.6915669233682575
11766939,2021-02-01,1421979,baseline,excess_return,0.9,2.0120803982636417
11766939,2021-02-01,1421979,baseline,excess_return,0.95,2.234178341189968
11766939,2021-02-01,1421979,baseline,excess_return,0.99,4.308476544396244
11766939,2021-02-01,1421979,better_return,alpha,0.01,-0.6375502455696239
11766939,2021-02-01,1421979,better_return,alpha,0.05,-0.1307054812441525
11766939,2021-02-01,1421979,better_return,alpha,0.1,-0.0745060118673953
11766939,2021-02-01,1421979,better_return,alpha,0.25,0.054574108395827464
11766939,2021-02-01,1421979,better_return,alpha,0.5,0.2776850027284858
11766939,2021-02-01,1421979,better_return,alpha,0.75,0.8886911299540009
11766939,2021-02-01,1421979,better_return,alpha,0.9,2.114931281141483
11766939,2021-02-01,1421979,better_return,alpha,0.95,2.5506724511931336
11766939,2021-02-01,1421979,better_return,alpha,0.99,4.079085079252724
11766939,2021-02-01,1421979,better_return,excess_return,0.01,-0.646672194049056
11766939,2021-02-01,1421979,better_return,excess_return,0.05,-0.43742752598139795
11766939,2021-02-01,1421979,better_return,excess_return,0.1,-0.31840631104237993
11766939,2021-02-01,1421979,better_return,excess_return,0.25,-0.037547448552358365
11766939,2021-02-01,1421979,better_return,excess_return,0.5,0.21466814385551336
11766939,2021-02-01,1421979,better_return,excess_return,0.75,0.7254087698799423
11766939,2021-02-01,1421979,better_return,excess_return,0.9,2.014487980110347
11766939,2021-02-01,1421979,better_return,excess_return,0.95,2.386492572169776
11766939,2021-02-01,1421979,better_return,excess_return,0.99,3.847967928016323
11766939,2021-02-01,1421979,equal_weight,alpha,0.01,-0.3447959052119004
11766939,2021-02-01,1421979,equal_weight,alpha,0.05,-0.07603076029430017
11766939,2021-02-01,1421979,equal_weight,alpha,0.1,-0.03588343287042986
11766939,2021-02-01,1421979,equal_weight,alpha,0.25,0.1329818718306226
11766939,2021-02-01,1421979,equal_weight,alpha,0.5,0.40424695695240204
11766939,2021-02-01,1421979,equal_weight,alpha,0.75,0.8889139077035267
11766939,2021-02-01,1421979,equal_weight,alpha,0.9,1.8420760654213635
11766939,2021-02-01,1421979,equal_weight,alpha,0.95,2.4682816380470705
11766939,2021-02-01,1421979,equal_weight,alpha,0.99,3.7623560377845178
11766939,2021-02-01,1421979,equal_weight,excess_return,0.01,-0.44179135037660466
11766939,2021-02-01,1421979,equal_weight,excess_return,0.05,-0.36079482121895334
11766939,2021-02-01,1421979,equal_weight,excess_return,0.1,-0.2524471056747297
11766939,2021-02-01,1421979,equal_weight,excess_return,0.25,0.025617595264366688
11766939,2021-02-01,1421979,equal_weight,excess_return,0.5,0.2865446970998675
11766939,2021-02-01,1421979,equal_weight,excess_return,0.75,0.7458349097497357
11766939,2021-02-01,1421979,equal_weight,excess_return,0.9,1.755981861752016
11766939,2021-02-01,1421979,equal_weight,excess_return,0.95,2.3230513168469002
11766939,2021-02-01,1421979,equal_weight,excess_return,0.99,3.6380458845881156
11766939,2021-02-01,1421979,max_sharpe,alpha,0.01,-0.5947506225715942
11766939,2021-02-01,1421979,max_sharpe,alpha,0.05,-0.1367922227354803
11766939,2021-02-01,1421979,max_sharpe,alpha,0.1,-0.10468999959740996
11766939,2021-02-01,1421979,max_sharpe,alpha,0.25,0.03855346223252912
11766939,2021-02-01,1421979,max_sharpe,alpha,0.5,0.2776850027284858
11766939,2021-02-01,1421979,max_sharpe,alpha,0.75,0.8113021102096583
11766939,2021-02-01,1421979,max_sharpe,alpha,0.9,2.53763749911369
11766939,2021-02-01,1421979,max_sharpe,alpha,0.95,2.726325188269086
11766939,2021-02-01,1421979,max_sharpe,alpha,0.99,4.0790850792527245
11766939,2021-02-01,1421979,max_sharpe,excess_return,0.01,-0.6250940506824822
11766939,2021-02-01,1421979,max_sharpe,excess_return,0.05,-0.43746599012809284
11766939,2021-02-01,1421979,max_sharpe,excess_return,0.1,-0.2270299366705087
11766939,2021-02-01,1421979,max_sharpe,excess_return,0.25,-0.004741185101641232
11766939,2021-02-01,1421979,max_sharpe,excess_return,0.5,0.21466814385551336
11766939,2021-02-01,1421979,max_sharpe,excess_return,0.75,0.7018015137478206
11766939,2021-02-01,1421979,max_sharpe,excess_return,0.9,2.384154000061997
11766939,2021-02-01,1421979,max_sharpe,excess_return,0.95,2.615367434942396
11766939,2021-02-01,1421979,max_sharpe,excess_return,0.99,3.884185542178769
11766939,2021-02-01,1421979,mcap_weight,alpha,0.01,-0.5073494918937953
11766939,2021-02-01,1421979,mcap_weight,alpha,0.05,-0.10075209457523318
11766939,2021-02-01,1421979,mcap_weight,alpha,0.1,-0.05720138761512228
11766939,2021-02-01,1421979,mcap_weight,alpha,0.25,0.019480959513083006
11766939,2021-02-01,1421979,mcap_weight,alpha,0.5,0.2766083291452338
11766939,2021-02-01,1421979,mcap_weight,alpha,0.75,0.6234661752074846
11766939,2021-02-01,1421979,mcap_weight,alpha,0.9,1.9566285479026684
11766939,2021-02-01,1421979,mcap_weight,alpha,0.95,2.3133272709333084
11766939,2021-02-01,1421979,mcap_weight,alpha,0.99,4.457619911782536
11766939,2021-02-01,1421979,mcap_weight,excess_return,0.01,-0.515946911415923
11766939,2021-02-01,1421979,mcap_weight,excess_return,0.05,-0.43898039441004744
11766939,2021-02-01,1421979,mcap_weight,excess_return,0.1,-0.41846190172465847
11766939,2021-02-01,1421979,mcap_weight,excess_return,0.25,-0.17539017646906618
11766939,2021-02-01,1421979,mcap_weight,excess_return,0.5,0.20951337797314507
11766939,2021-02-01,1421979,mcap_weight,excess_return,0.75,0.5458552260355494
11766939,2021-02-01,1421979,mcap_weight,excess_return,0.9,1.8410767506161698
11766939,2021-02-01,1421979,mcap_weight,excess_return,0.95,2.203735835034246
11766939,2021-02-01,1421979,mcap_weight,excess_return,0.99,4.252753586163291
11766939,2021-02-01,1421979,safer_risk,alpha,0.01,-0.6807320251396913
11766939,2021-02-01,1421979,safer_risk,alpha,0.05,-0.12557759392034223
11766939,2021-02-01,1421979,safer_risk,alpha,0.1,-0.0699689443485441
11766939,2021-02-01,1421979,safer_risk,alpha,0.25,0.05815079442042598
11766939,2021-02-01,1421979,safer_risk,alpha,0.5,0.25752726112871
11766939,2021-02-01,1421979,safer_risk,alpha,0.75,0.8179665843962265
11766939,2021-02-01,1421979,safer_risk,alpha,0.9,2.110464957373998
11766939,2021-02-01,1421979,safer_risk,alpha,0.95,2.401834800500381
11766939,2021-02-01,1421979,safer_risk,alpha,0.99,4.079085077458395
11766939,2021-02-01,1421979,safer_risk,excess_return,0.01,-0.6714583704436727
11766939,2021-02-01,1421979,safer_risk,excess_return,0.05,-0.4374320955444956
11766939,2021-02-01,1421979,safer_risk,excess_return,0.1,-0.3433752889948087
11766939,2021-02-01,1421979,safer_risk,excess_return,0.25,-0.04802974129901094
11766939,2021-02-01,1421979,safer_risk,excess_return,0.5,0.20983172602752953
11766939,2021-02-01,1421979,safer_risk,excess_return,0.75,0.6916809038505658
11766939,2021-02-01,1421979,safer_risk,excess_return,0.9,2.015459876796081
11766939,2021-02-01,1421979,safer_risk,excess_return,0.95,2.298087878940084
11766939,2021-02-01,1421979,safer_risk,excess_return,0.99,3.8479679261250137
11948960,2021-03-01,1578989,baseline,alpha,0.01,-0.37937173095136106
11948960,2021-03-01,1578989,baseline,alpha,0.05,-0.1497173942397224
11948960,2021-03-01,1578989,baseline,alpha,0.1,-0.07810072286696358
11948960,2021-03-01,1578989,baseline,alpha,0.25,-0.00851279575916261
11948960,2021-03-01,1578989,baseline,alpha,0.5,0.24592137137078754
11948960,2021-03-01,1578989,baseline,alpha,0.75,1.4552445091304227
11948960,2021-03-01,1578989,baseline,alpha,0.9,4.712247499311302
11948960,2021-03-01,1578989,baseline,alpha,0.95,4.736248236302699
11948960,2021-03-01,1578989,baseline,alpha,0.99,4.90580916692784
11948960,2021-03-01,1578989,baseline,excess_return,0.01,-0.40136506309710906
11948960,2021-03-01,1578989,baseline,excess_return,0.05,-0.25322463809013374
11948960,2021-03-01,1578989,baseline,excess_return,0.1,-0.23912347909299614
11948960,2021-03-01,1578989,baseline,excess_return,0.25,-0.09541353232258215
11948960,2021-03-01,1578989,baseline,excess_return,0.5,0.18549448113547534
11948960,2021-03-01,1578989,baseline,excess_return,0.75,1.4070535772983053
11948960,2021-03-01,1578989,baseline,excess_return,0.9,4.69678487462522
11948960,2021-03-01,1578989,baseline,excess_return,0.95,4.721682064413673
11948960,2021-03-01,1578989,baseline,excess_return,0.99,4.817552030651882
11948960,2021-03-01,1578989,better_return,alpha,0.01,-0.36064452524584206
11948960,2021-03-01,1578989,better_return,alpha,0.05,-0.15572569165408193
11948960,2021-03-01,1578989,better_return,alpha,0.1,-0.07344205527361934
11948960,2021-03-01,1578989,better_return,alpha,0.25,6.233915890228186e-05
11948960,2021-03-01,1578989,better_return,alpha,0.5,0.35005372169419424
11948960,2021-03-01,1578989,better_return,alpha,0.75,2.0295437633605835
11948960,2021-03-01,1578989,better_return,alpha,0.9,4.308477502240823
11948960,2021-03-01,1578989,better_return,alpha,0.95,4.308477502240824
11948960,2021-03-01,1578989,better_return,alpha,0.99,5.045766044695836
11948960,2021-03-01,1578989,better_return,excess_return,0.01,-0.3808258995401643
11948960,2021-03-01,1578989,better_return,excess_return,0.05,-0.25358827770397957
11948960,2021-03-01,1578989,better_return,excess_return,0.1,-0.22183983309758845
11948960,2021-03-01,1578989,better_return,excess_return,0.25,-0.0931265896792976
11948960,2021-03-01,1578989,better_return,excess_return,0.5,0.2964947717980196
11948960,2021-03-01,1578989,better_return,excess_return,0.75,2.0075752154754896
11948960,2021-03-01,1578989,better_return,excess_return,0.9,4.294219462603264
11948960,2021-03-01,1578989,better_return,excess_return,0.95,4.294219462603265
11948960,2021-03-01,1578989,better_return,excess_return,0.99,4.953659635967025
11948960,2021-03-01,1578989,equal_weight,alpha,0.01,-0.22827519554166006
11948960,2021-03-01,1578989,equal_weight,alpha,0.05,-0.09224156979515621
11948960,2021-03-01,1578989,equal_weight,alpha,0.1,-0.049313755516929764
11948960,2021-03-01,1578989,equal_weight,alpha,0.25,0.009994415204653967
11948960,2021-03-01,1578989,equal_weight,alpha,0.5,0.4344730041080459
11948960,2021-03-01,1578989,equal_weight,alpha,0.75,2.1653611969770004
11948960,2021-03-01,1578989,equal_weight,alpha,0.9,2.5704161902978324
11948960,2021-03-01,1578989,equal_weight,alpha,0.95,2.6512019259451467
11948960,2021-03-01,1578989,equal_weight,alpha,0.99,4.483962668891613
11948960,2021-03-01,1578989,equal_weight,excess_return,0.01,-0.3122474877910608
11948960,2021-03-01,1578989,equal_weight,excess_return,0.05,-0.24931735677644035
11948960,2021-03-01,1578989,equal_weight,excess_return,0.1,-0.1938100503457682
11948960,2021-03-01,1578989,equal_weight,excess_return,0.25,-0.08271629884950044
11948960,2021-03-01,1578989,equal_weight,excess_return,0.5,0.37597314481255434
11948960,2021-03-01,1578989,equal_weight,excess_return,0.75,2.104081117250186
11948960,2021-03-01,1578989,equal_weight,excess_return,0.9,2.559282109524121
11948960,2021-03-01,1578989,equal_weight,excess_return,0.95,2.615264113519965
11948960,2021-03-01,1578989,equal_weight,excess_return,0.99,4.390928461956064
11948960,2021-03-01,1578989,max_sharpe,alpha,0.01,-0.3481330439308516
11948960,2021-03-01,1578989,max_sharpe,alpha,0.05,-0.1426876056132324
11948960,2021-03-01,1578989,max_sharpe,alpha,0.1,-0.08635922065712692
11948960,2021-03-01,1578989,max_sharpe,alpha,0.25,6.233915890228186e-05
11948960,2021-03-01,1578989,max_sharpe,alpha,0.5,0.4036154447178101
11948960,2021-03-01,1578989,max_sharpe,alpha,0.75,1.8767365812815842
11948960,2021-03-01,1578989,max_sharpe,alpha,0.9,2.4615518706627353
11948960,2021-03-01,1578989,max_sharpe,alpha,0.95,3.662535651504018
11948960,2021-03-01,1578989,max_sharpe,alpha,0.99,5.035924929570713
11948960,2021-03-01,1578989,max_sharpe,excess_return,0.01,-0.3544631392833049
11948960,2021-03-01,1578989,max_sharpe,excess_return,0.05,-0.2561735491525718
11948960,2021-03-01,1578989,max_sharpe,excess_return,0.1,-0.19984716808548514
11948960,2021-03-01,1578989,max_sharpe,excess_return,0.25,-0.04716073858640851
11948960,2021-03-01,1578989,max_sharpe,excess_return,0.5,0.35387978561606653
11948960,2021-03-01,1578989,max_sharpe,excess_return,0.75,1.8334341116084103
11948960,2021-03-01,1578989,max_sharpe,excess_return,0.9,2.4506134605790875
11948960,2021-03-01,1578989,max_sharpe,excess_return,0.95,3.6169978095469437
11948960,2021-03-01,1578989,max_sharpe,excess_return,0.99,4.933726530722907
11948960,2021-03-01,1578989,mcap_weight,alpha,0.01,-0.23458966554456717
11948960,2021-03-01,1578989,mcap_weight,alpha,0.05,-0.09944261409956065
11948960,2021-03-01,1578989,mcap_weight,alpha,0.1,-0.07439279491323492
11948960,2021-03-01,1578989,mcap_weight,alpha,0.25,-0.011837874015630693
11948960,2021-03-01,1578989,mcap_weight,alpha,0.5,0.14708837513875264
11948960,2021-03-01,1578989,mcap_weight,alpha,0.75,1.0344797706650724
11948960,2021-03-01,1578989,mcap_weight,alpha,0.9,2.776795071348314
11948960,2021-03-01,1578989,mcap_weight,alpha,0.95,3.55812023821995
11948960,2021-03-01,1578989,mcap_weight,alpha,0.99,4.731996699564729
11948960,2021-03-01,1578989,mcap_weight,excess_return,0.01,-0.2752158021861219
11948960,2021-03-01,1578989,mcap_weight,excess_return,0.05,-0.24650972974717383
11948960,2021-03-01,1578989,mcap_weight,excess_return,0.1,-0.23751039988795347
11948960,2021-03-01,1578989,mcap_weight,excess_return,0.25,-0.1501556020728827
11948960,2021-03-01,1578989,mcap_weight,excess_return,0.5,0.08036165558379588
11948960,2021-03-01,1578989,mcap_weight,excess_return,0.75,0.9769712009789233
11948960,2021-03-01,1578989,mcap_weight,excess_return,0.9,2.7652900490374206
11948960,2021-03-01,1578989,mcap_weight,excess_return,0.95,3.5106858578297304
11948960,2021-03-01,1578989,mcap_weight,excess_return,0.99,4.716647274854745
11948960,2021-03-01,1578989,safer_risk,alpha,0.01,-0.3237515251562689
11948960,2021-03-01,1578989,safer_risk,alpha,0.05,-0.1293027397667761
11948960,2021-03-01,1578989,safer_risk,alpha,0.1,-0.06077843672341376
11948960,2021-03-01,1578989,safer_risk,alpha,0.25,0.00281618540310391
11948960,2021-03-01,1578989,safer_risk,alpha,0.5,0.3418188844912888
11948960,2021-03-01,1578989,safer_risk,alpha,0.75,1.4950374312354158
11948960,2021-03-01,1578989,safer_risk,alpha,0.9,4.308477433041564
11948960,2021-03-01,1578989,safer_risk,alpha,0.95,4.308477433041565
11948960,2021-03-01,1578989,safer_risk,alpha,0.99,4.75440897476982
11948960,2021-03-01,1578989,safer_risk,excess_return,0.01,-0.34499797421494954
11948960,2021-03-01,1578989,safer_risk,excess_return,0.05,-0.25065292741170386
11948960,2021-03-01,1578989,safer_risk,excess_return,0.1,-0.22100783532101942
11948960,2021-03-01,1578989,safer_risk,excess_return,0.25,-0.0886408633691726
11948960,2021-03-01,1578989,safer_risk,excess_return,0.5,0.26067834922835226
11948960,2021-03-01,1578989,safer_risk,excess_return,0.75,1.4423203237005062
11948960,2021-03-01,1578989,safer_risk,excess_return,0.9,4.294219393528383
11948960,2021-03-01,1578989,safer_risk,excess_return,0.95,4.294219393528384
11948960,2021-03-01,1578989,safer_risk,excess_return,0.99,4.6923902133288715
12150245,2021-04-01,1695563,baseline,alpha,0.01,-0.5558189849951258
12150245,2021-04-01,1695563,baseline,alpha,0.05,-0.4436852475600471
12150245,2021-04-01,1695563,baseline,alpha,0.1,-0.3528784337363187
12150245,2021-04-01,1695563,baseline,alpha,0.25,-0.1677425138151601
12150245,2021-04-01,1695563,baseline,alpha,0.5,-0.00022775089275072237
12150245,2021-04-01,1695563,baseline,alpha,0.75,0.13562572936172324
12150245,2021-04-01,1695563,baseline,alpha,0.9,0.2555640469147979
12150245,2021-04-01,1695563,baseline,alpha,0.95,0.46802432475980676
12150245,2021-04-01,1695563,baseline,alpha,0.99,0.9992075745933191
12150245,2021-04-01,1695563,baseline,excess_return,0.01,-0.5539398957084767
12150245,2021-04-01,1695563,baseline,excess_return,0.05,-0.4481019799177955
12150245,2021-04-01,1695563,baseline,excess_return,0.1,-0.3580519969509694
12150245,2021-04-01,1695563,baseline,excess_return,0.25,-0.17588588988224463
12150245,2021-04-01,1695563,baseline,excess_return,0.5,-0.04179734172294351
12150245,2021-04-01,1695563,baseline,excess_return,0.75,0.13688844618503343
12150245,2021-04-01,1695563,baseline,excess_return,0.9,0.24864535411377103
12150245,2021-04-01,1695563,baseline,excess_return,0.95,0.4624961547139952
12150245,2021-04-01,1695563,baseline,excess_return,0.99,0.9816517170635836
12150245,2021-04-01,1695563,better_return,alpha,0.01,-0.5402577371402161
12150245,2021-04-01,1695563,better_return,alpha,0.05,-0.4239628393846041
12150245,2021-04-01,1695563,better_return,alpha,0.1,-0.3538321787038033
12150245,2021-04-01,1695563,better_return,alpha,0.25,-0.16817146595151777
12150245,2021-04-01,1695563,better_return,alpha,0.5,-0.046181617776124395
12150245,2021-04-01,1695563,better_return,alpha,0.75,0.10096584250815493
12150245,2021-04-01,1695563,better_return,alpha,0.9,0.2867116845364083
12150245,2021-04-01,1695563,better_return,alpha,0.95,0.695019733292637
12150245,2021-04-01,1695563,better_return,alpha,0.99,1.9421595775785714
12150245,2021-04-01,1695563,better_return,excess_return,0.01,-0.538708902361666
12150245,2021-04-01,1695563,better_return,excess_return,0.05,-0.4278066676231439
12150245,2021-04-01,1695563,better_return,excess_return,0.1,-0.3581570947426523
12150245,2021-04-01,1695563,better_return,excess_return,0.25,-0.1732141442487895
12150245,2021-04-01,1695563,better_return,excess_return,0.5,-0.07746638112947472
12150245,2021-04-01,1695563,better_return,excess_return,0.75,0.0919700271475979
12150245,2021-04-01,1695563,better_return,excess_return,0.9,0.28112683721235016
12150245,2021-04-01,1695563,better_return,excess_return,0.95,0.7122936755200365
12150245,2021-04-01,1695563,better_return,excess_return,0.99,1.9309581750472096
12150245,2021-04-01,1695563,equal_weight,alpha,0.01,-0.4494350922692239
12150245,2021-04-01,1695563,equal_weight,alpha,0.05,-0.4101983332002814
12150245,2021-04-01,1695563,equal_weight,alpha,0.1,-0.25978735952623716
12150245,2021-04-01,1695563,equal_weight,alpha,0.25,-0.11185159906203497
12150245,2021-04-01,1695563,equal_weight,alpha,0.5,-0.029084590836541385
12150245,2021-04-01,1695563,equal_weight,alpha,0.75,0.08289582883657903
12150245,2021-04-01,1695563,equal_weight,alpha,0.9,0.261958410629475
12150245,2021-04-01,1695563,equal_weight,alpha,0.95,0.4243539490168233
12150245,2021-04-01,1695563,equal_weight,alpha,0.99,1.8957619577289728
12150245,2021-04-01,1695563,equal_weight,excess_return,0.01,-0.4540286447891941
12150245,2021-04-01,1695563,equal_weight,excess_return,0.05,-0.4161307018624136
12150245,2021-04-01,1695563,equal_weight,excess_return,0.1,-0.270096509625742
12150245,2021-04-01,1695563,equal_weight,excess_return,0.25,-0.12774653955497034
12150245,2021-04-01,1695563,equal_weight,excess_return,0.5,-0.03172925107918505
12150245,2021-04-01,1695563,equal_weight,excess_return,0.75,0.05591253910037282
12150245,2021-04-01,1695563,equal_weight,excess_return,0.9,0.25456372328949134
12150245,2021-04-01,1695563,equal_weight,excess_return,0.95,0.4092265124578597
12150245,2021-04-01,1695563,equal_weight,excess_return,0.99,1.8877949009520574
12150245,2021-04-01,1695563,max_sharpe,alpha,0.01,-0.5260330997825586
12150245,2021-04-01,1695563,max_sharpe,alpha,0.05,-0.4224180739060997
12150245,2021-04-01,1695563,max_sharpe,alpha,0.1,-0.36072144322468624
12150245,2021-04-01,1695563,max_sharpe,alpha,0.25,-0.19433126640690368
12150245,2021-04-01,1695563,max_sharpe,alpha,0.5,-0.02232516057917225
12150245,2021-04-01,1695563,max_sharpe,alpha,0.75,0.10025464066603809
12150245,2021-04-01,1695563,max_sharpe,alpha,0.9,0.2873555382075558
12150245,2021-04-01,1695563,max_sharpe,alpha,0.95,0.5625045354913882
12150245,2021-04-01,1695563,max_sharpe,alpha,0.99,2.283596352937856
12150245,2021-04-01,1695563,max_sharpe,excess_return,0.01,-0.5272995405483804
12150245,2021-04-01,1695563,max_sharpe,excess_return,0.05,-0.42621702920123544
12150245,2021-04-01,1695563,max_sharpe,excess_return,0.1,-0.3632451448378033
12150245,2021-04-01,1695563,max_sharpe,excess_return,0.25,-0.19895559255887213
12150245,2021-04-01,1695563,max_sharpe,excess_return,0.5,-0.05825985872936405
12150245,2021-04-01,1695563,max_sharpe,excess_return,0.75,0.08758810965449067
12150245,2021-04-01,1695563,max_sharpe,excess_return,0.9,0.28163555104348054
12150245,2021-04-01,1695563,max_sharpe,excess_return,0.95,0.5641779497902454
12150245,2021-04-01,1695563,max_sharpe,excess_return,0.99,2.2753963679203193
12150245,2021-04-01,1695563,mcap_weight,alpha,0.01,-0.50450128347331
12150245,2021-04-01,1695563,mcap_weight,alpha,0.05,-0.4631910679347952
12150245,2021-04-01,1695563,mcap_weight,alpha,0.1,-0.294184184424979
12150245,2021-04-01,1695563,mcap_weight,alpha,0.25,-0.07567951101519524
12150245,2021-04-01,1695563,mcap_weight,alpha,0.5,0.028896181733178476
12150245,2021-04-01,1695563,mcap_weight,alpha,0.75,0.09749411228302907
12150245,2021-04-01,1695563,mcap_weight,alpha,0.9,0.26578417578797
12150245,2021-04-01,1695563,mcap_weight,alpha,0.95,0.3700504474085616
12150245,2021-04-01,1695563,mcap_weight,alpha,0.99,0.7613850892961107
12150245,2021-04-01,1695563,mcap_weight,excess_return,0.01,-0.505547321037058
12150245,2021-04-01,1695563,mcap_weight,excess_return,0.05,-0.4690928511376479
12150245,2021-04-01,1695563,mcap_weight,excess_return,0.1,-0.29529906361575425
12150245,2021-04-01,1695563,mcap_weight,excess_return,0.25,-0.09888218584877982
12150245,2021-04-01,1695563,mcap_weight,excess_return,0.5,-0.008998656011431391
12150245,2021-04-01,1695563,mcap_weight,excess_return,0.75,0.07619419507534493
12150245,2021-04-01,1695563,mcap_weight,excess_return,0.9,0.264375963810027
12150245,2021-04-01,1695563,mcap_weight,excess_return,0.95,0.36958964801683286
12150245,2021-04-01,1695563,mcap_weight,excess_return,0.99,0.7924420422982154
12150245,2021-04-01,1695563,safer_risk,alpha,0.01,-0.5246452460577763
12150245,2021-04-01,1695563,safer_risk,alpha,0.05,-0.44368524721950714
12150245,2021-04-01,1695563,safer_risk,alpha,0.1,-0.3298946388925993
12150245,2021-04-01,1695563,safer_risk,alpha,0.25,-0.1440052197491462
12150245,2021-04-01,1695563,safer_risk,alpha,0.5,0.0006944666232557954
12150245,2021-04-01,1695563,safer_risk,alpha,0.75,0.1023097553369967
12150245,2021-04-01,1695563,safer_risk,alpha,0.9,0.2594110499615691
12150245,2021-04-01,1695563,safer_risk,alpha,0.95,0.46593965822838085
12150245,2021-04-01,1695563,safer_risk,alpha,0.99,1.0106941782233245
12150245,2021-04-01,1695563,safer_risk,excess_return,0.01,-0.5223039404746084
12150245,2021-04-01,1695563,safer_risk,excess_return,0.05,-0.44810197956736336
12150245,2021-04-01,1695563,safer_risk,excess_return,0.1,-0.3342558859013468
12150245,2021-04-01,1695563,safer_risk,excess_return,0.25,-0.15344060271533938
12150245,2021-04-01,1695563,safer_risk,excess_return,0.5,-0.03916380829534842
12150245,2021-04-01,1695563,safer_risk,excess_return,0.75,0.10415706307228019
12150245,2021-04-01,1695563,safer_risk,excess_return,0.9,0.25423621065876556
12150245,2021-04-01,1695563,safer_risk,excess_return,0.95,0.46238051057094376
12150245,2021-04-01,1695563,safer_risk,excess_return,0.99,0.9944432133887346
12344945,2021-05-01,1822425,baseline,alpha,0.01,-0.4603893945237273
12344945,2021-05-01,1822425,baseline,alpha,0.05,-0.3130202991489043
12344945,2021-05-01,1822425,baseline,alpha,0.1,-0.24472371989038672
12344945,2021-05-01,1822425,baseline,alpha,0.25,-0.1597774484991943
12344945,2021-05-01,1822425,baseline,alpha,0.5,-0.10721104873930859
12344945,2021-05-01,1822425,baseline,alpha,0.75,0.005274123615826284
12344945,2021-05-01,1822425,baseline,alpha,0.9,0.14732267140905425
12344945,2021-05-01,1822425,baseline,alpha,0.95,0.28641518930683935
12344945,2021-05-01,1822425,baseline,alpha,0.99,3.618331573430111
12344945,2021-05-01,1822425,baseline,excess_return,0.01,-0.40911237664056616
12344945,2021-05-01,1822425,baseline,excess_return,0.05,-0.2998112164947461
12344945,2021-05-01,1822425,baseline,excess_return,0.1,-0.24378638971822447
12344945,2021-05-01,1822425,baseline,excess_return,0.25,-0.16722695096410606
12344945,2021-05-01,1822425,baseline,excess_return,0.5,-0.11901499327244297
12344945,2021-05-01,1822425,baseline,excess_return,0.75,0.04742925379616131
12344945,2021-05-01,1822425,baseline,excess_return,0.9,0.18555347688461815
12344945,2021-05-01,1822425,baseline,excess_return,0.95,0.2731227682210834
12344945,2021-05-01,1822425,baseline,excess_return,0.99,3.95574109787565
12344945,2021-05-01,1822425,better_return,alpha,0.01,-0.4380233103228084
12344945,2021-05-01,1822425,better_return,alpha,0.05,-0.30812945466833463
12344945,2021-05-01,1822425,better_return,alpha,0.1,-0.26314733155831344
12344945,2021-05-01,1822425,better_return,alpha,0.25,-0.16761644883677793
12344945,2021-05-01,1822425,better_return,alpha,0.5,-0.11114748353031803
12344945,2021-05-01,1822425,better_return,alpha,0.75,-0.004635350916434709
12344945,2021-05-01,1822425,better_return,alpha,0.9,0.1466588415136787
12344945,2021-05-01,1822425,better_return,alpha,0.95,0.3255846663321478
12344945,2021-05-01,1822425,better_return,alpha,0.99,3.394883403617338
12344945,2021-05-01,1822425,better_return,excess_return,0.01,-0.3951935392257851
12344945,2021-05-01,1822425,better_return,excess_return,0.05,-0.29756471497284526
12344945,2021-05-01,1822425,better_return,excess_return,0.1,-0.2522446620729025
12344945,2021-05-01,1822425,better_return,excess_return,0.25,-0.1726192540828862
12344945,2021-05-01,1822425,better_return,excess_return,0.5,-0.11972335188935962
12344945,2021-05-01,1822425,better_return,excess_return,0.75,0.044755449674186154
12344945,2021-05-01,1822425,better_return,excess_return,0.9,0.18402417931404902
12344945,2021-05-01,1822425,better_return,excess_return,0.95,0.36820689084670066
12344945,2021-05-01,1822425,better_return,excess_return,0.99,3.7575145925020133
12344945,2021-05-01,1822425,equal_weight,alpha,0.01,-0.371762931236587
12344945,2021-05-01,1822425,equal_weight,alpha,0.05,-0.26508148716598384
12344945,2021-05-01,1822425,equal_weight,alpha,0.1,-0.22974883244786454
12344945,2021-05-01,1822425,equal_weight,alpha,0.25,-0.16088837343924453
12344945,2021-05-01,1822425,equal_weight,alpha,0.5,-0.09830795920895513
12344945,2021-05-01,1822425,equal_weight,alpha,0.75,0.0016628086727240583
12344945,2021-05-01,1822425,equal_weight,alpha,0.9,0.10777521103393398
12344945,2021-05-01,1822425,equal_weight,alpha,0.95,0.4506147784813892
12344945,2021-05-01,1822425,equal_weight,alpha,0.99,2.5254746429492037
12344945,2021-05-01,1822425,equal_weight,excess_return,0.01,-0.34937360072527873
12344945,2021-05-01,1822425,equal_weight,excess_return,0.05,-0.25924249916875425
12344945,2021-05-01,1822425,equal_weight,excess_return,0.1,-0.23853842148895635
12344945,2021-05-01,1822425,equal_weight,excess_return,0.25,-0.16147281043305156
12344945,2021-05-01,1822425,equal_weight,excess_return,0.5,-0.09954104269527547
12344945,2021-05-01,1822425,equal_weight,excess_return,0.75,0.058449376376285056
12344945,2021-05-01,1822425,equal_weight,excess_return,0.9,0.18292753791050093
12344945,2021-05-01,1822425,equal_weight,excess_return,0.95,0.4304392610050243
12344945,2021-05-01,1822425,equal_weight,excess_return,0.99,2.7859186705694663
12344945,2021-05-01,1822425,max_sharpe,alpha,0.01,-0.4281237819987811
12344945,2021-05-01,1822425,max_sharpe,alpha,0.05,-0.3090002033048381
12344945,2021-05-01,1822425,max_sharpe,alpha,0.1,-0.28863684209289003
12344945,2021-05-01,1822425,max_sharpe,alpha,0.25,-0.17145287704543102
12344945,2021-05-01,1822425,max_sharpe,alpha,0.5,-0.1157419402981485
12344945,2021-05-01,1822425,max_sharpe,alpha,0.75,-0.0028913958105286908
12344945,2021-05-01,1822425,max_sharpe,alpha,0.9,0.18608056473131976
12344945,2021-05-01,1822425,max_sharpe,alpha,0.95,0.6229855007102274
12344945,2021-05-01,1822425,max_sharpe,alpha,0.99,3.3765772448337055
12344945,2021-05-01,1822425,max_sharpe,excess_return,0.01,-0.39616070618786264
12344945,2021-05-01,1822425,max_sharpe,excess_return,0.05,-0.32848930088279155
12344945,2021-05-01,1822425,max_sharpe,excess_return,0.1,-0.28044659203669114
12344945,2021-05-01,1822425,max_sharpe,excess_return,0.25,-0.18336150278242874
12344945,2021-05-01,1822425,max_sharpe,excess_return,0.5,-0.13162300560939594
12344945,2021-05-01,1822425,max_sharpe,excess_return,0.75,0.0273485800411582
12344945,2021-05-01,1822425,max_sharpe,excess_return,0.9,0.18757978065419573
12344945,2021-05-01,1822425,max_sharpe,excess_return,0.95,0.6364379135654626
12344945,2021-05-01,1822425,max_sharpe,excess_return,0.99,3.6500446351648437
12344945,2021-05-01,1822425,mcap_weight,alpha,0.01,-0.38686629770394043
12344945,2021-05-01,1822425,mcap_weight,alpha,0.05,-0.24485185581562874
12344945,2021-05-01,1822425,mcap_weight,alpha,0.1,-0.17801693542109437
12344945,2021-05-01,1822425,mcap_weight,alpha,0.25,-0.12739223186792706
12344945,2021-05-01,1822425,mcap_weight,alpha,0.5,-0.0710907462331111
12344945,2021-05-01,1822425,mcap_weight,alpha,0.75,0.006496848246939885
12344945,2021-05-01,1822425,mcap_weight,alpha,0.9,0.09886349893414231
12344945,2021-05-01,1822425,mcap_weight,alpha,0.95,0.33081330992353586
12344945,2021-05-01,1822425,mcap_weight,alpha,0.99,3.3973067003695
12344945,2021-05-01,1822425,mcap_weight,excess_return,0.01,-0.3702263564499795
12344945,2021-05-01,1822425,mcap_weight,excess_return,0.05,-0.24239304789551425
12344945,2021-05-01,1822425,mcap_weight,excess_return,0.1,-0.18846937724260654
12344945,2021-05-01,1822425,mcap_weight,excess_return,0.25,-0.15375411813418843
12344945,2021-05-01,1822425,mcap_weight,excess_return,0.5,-0.08991941934265685
12344945,2021-05-01,1822425,mcap_weight,excess_return,0.75,0.14447570018304895
12344945,2021-05-01,1822425,mcap_weight,excess_return,0.9,0.18393910355553694
12344945,2021-05-01,1822425,mcap_weight,excess_return,0.95,0.34434460379925674
12344945,2021-05-01,1822425,mcap_weight,excess_return,0.99,3.6247836326297094
12344945,2021-05-01,1822425,safer_risk,alpha,0.01,-0.42838752583582734
12344945,2021-05-01,1822425,safer_risk,alpha,0.05,-0.2918217034416819
12344945,2021-05-01,1822425,safer_risk,alpha,0.1,-0.2297492641209804
12344945,2021-05-01,1822425,safer_risk,alpha,0.25,-0.14529269698904562
12344945,2021-05-01,1822425,safer_risk,alpha,0.5,-0.09945830062587926
12344945,2021-05-01,1822425,safer_risk,alpha,0.75,0.001967180721967891
12344945,2021-05-01,1822425,safer_risk,alpha,0.9,0.1518675831017339
12344945,2021-05-01,1822425,safer_risk,alpha,0.95,0.30366271232276437
12344945,2021-05-01,1822425,safer_risk,alpha,0.99,3.427696750120918
12344945,2021-05-01,1822425,safer_risk,excess_return,0.01,-0.3871268666612052
12344945,2021-05-01,1822425,safer_risk,excess_return,0.05,-0.2817642757939974
12344945,2021-05-01,1822425,safer_risk,excess_return,0.1,-0.2275944183421615
12344945,2021-05-01,1822425,safer_risk,excess_return,0.25,-0.16023774217224912
12344945,2021-05-01,1822425,safer_risk,excess_return,0.5,-0.09675507108587839
12344945,2021-05-01,1822425,safer_risk,excess_return,0.75,0.07152815535166751
12344945,2021-05-01,1822425,safer_risk,excess_return,0.9,0.18580327732827961
12344945,2021-05-01,1822425,safer_risk,excess_return,0.95,0.33778960140362596
12344945,2021-05-01,1822425,safer_risk,excess_return,0.99,3.7453889912040323
12545219,2021-06-01,1944649,baseline,alpha,0.01,-0.3047249268998268
12545219,2021-06-01,1944649,baseline,alpha,0.05,-0.14845349552317444
12545219,2021-06-01,1944649,baseline,alpha,0.1,-0.09524204156542676
12545219,2021-06-01,1944649,baseline,alpha,0.25,-0.023671390970551116
12545219,2021-06-01,1944649,baseline,alpha,0.5,0.028594847268080904
12545219,2021-06-01,1944649,baseline,alpha,0.75,0.1838522559035913
12545219,2021-06-01,1944649,baseline,alpha,0.9,0.2344057847119078
12545219,2021-06-01,1944649,baseline,alpha,0.95,0.28799787955692624
12545219,2021-06-01,1944649,baseline,alpha,0.99,0.8129000326409188
12545219,2021-06-01,1944649,baseline,excess_return,0.01,-0.3049980052169691
12545219,2021-06-01,1944649,baseline,excess_return,0.05,-0.16751631434283637
12545219,2021-06-01,1944649,baseline,excess_return,0.1,-0.12343611114323363
12545219,2021-06-01,1944649,baseline,excess_return,0.25,-0.06554697631300088
12545219,2021-06-01,1944649,baseline,excess_return,0.5,0.0655834660056882
12545219,2021-06-01,1944649,baseline,excess_return,0.75,0.15546294235469515
12545219,2021-06-01,1944649,baseline,excess_return,0.9,0.19678850479636437
12545219,2021-06-01,1944649,baseline,excess_return,0.95,0.26986281104393517
12545219,2021-06-01,1944649,baseline,excess_return,0.99,0.8453307741910112
12545219,2021-06-01,1944649,better_return,alpha,0.01,-0.28130537198795036
12545219,2021-06-01,1944649,better_return,alpha,0.05,-0.13249128491496576
12545219,2021-06-01,1944649,better_return,alpha,0.1,-0.09178427592322963
12545219,2021-06-01,1944649,better_return,alpha,0.25,-0.022353355258555432
12545219,2021-06-01,1944649,better_return,alpha,0.5,0.033616936284650845
12545219,2021-06-01,1944649,better_return,alpha,0.75,0.17109001807094193
12545219,2021-06-01,1944649,better_return,alpha,0.9,0.30054041912441465
12545219,2021-06-01,1944649,better_return,alpha,0.95,0.3471540643393872
12545219,2021-06-01,1944649,better_return,alpha,0.99,0.7884883175120339
12545219,2021-06-01,1944649,better_return,excess_return,0.01,-0.28486862373353905
12545219,2021-06-01,1944649,better_return,excess_return,0.05,-0.15914635047836134
12545219,2021-06-01,1944649,better_return,excess_return,0.1,-0.12058356885149725
12545219,2021-06-01,1944649,better_return,excess_return,0.25,-0.05671514586939508
12545219,2021-06-01,1944649,better_return,excess_return,0.5,0.06886767551768447
12545219,2021-06-01,1944649,better_return,excess_return,0.75,0.14183222594497447
12545219,2021-06-01,1944649,better_return,excess_return,0.9,0.2625922414722057
12545219,2021-06-01,1944649,better_return,excess_return,0.95,0.3357406230721649
12545219,2021-06-01,1944649,better_return,excess_return,0.99,0.7778865335106935
12545219,2021-06-01,1944649,equal_weight,alpha,0.01,-0.212331486479768
12545219,2021-06-01,1944649,equal_weight,alpha,0.05,-0.11493938832503806
12545219,2021-06-01,1944649,equal_weight,alpha,0.1,-0.06856666866706201
12545219,2021-06-01,1944649,equal_weight,alpha,0.25,-0.019538833685315074
12545219,2021-06-01,1944649,equal_weight,alpha,0.5,0.03879813155756437
12545219,2021-06-01,1944649,equal_weight,alpha,0.75,0.13235177915841237
12545219,2021-06-01,1944649,equal_weight,alpha,0.9,0.546567074716514
12545219,2021-06-01,1944649,equal_weight,alpha,0.95,0.5774679411659336
12545219,2021-06-01,1944649,equal_weight,alpha,0.99,0.5774679411659338
12545219,2021-06-01,1944649,equal_weight,excess_return,0.01,-0.22794019499065132
12545219,2021-06-01,1944649,equal_weight,excess_return,0.05,-0.1293680765100278
12545219,2021-06-01,1944649,equal_weight,excess_return,0.1,-0.09145779057676051
12545219,2021-06-01,1944649,equal_weight,excess_return,0.25,-0.03505752441746102
12545219,2021-06-01,1944649,equal_weight,excess_return,0.5,0.046077587043119705
12545219,2021-06-01,1944649,equal_weight,excess_return,0.75,0.12399794970078903
12545219,2021-06-01,1944649,equal_weight,excess_return,0.9,0.5238522115207433
12545219,2021-06-01,1944649,equal_weight,excess_return,0.95,0.5320015796107873
12545219,2021-06-01,1944649,equal_weight,excess_return,0.99,0.5386342987015416
12545219,2021-06-01,1944649,max_sharpe,alpha,0.01,-0.3209282820506852
12545219,2021-06-01,1944649,max_sharpe,alpha,0.05,-0.1410925391981642
12545219,2021-06-01,1944649,max_sharpe,alpha,0.1,-0.1077291937938249
12545219,2021-06-01,1944649,max_sharpe,alpha,0.25,-0.01750570106625371
12545219,2021-06-01,1944649,max_sharpe,alpha,0.5,0.021810090219935463
12545219,2021-06-01,1944649,max_sharpe,alpha,0.75,0.19171650183986313
12545219,2021-06-01,1944649,max_sharpe,alpha,0.9,0.30054041953153643
12545219,2021-06-01,1944649,max_sharpe,alpha,0.95,0.3463102443616614
12545219,2021-06-01,1944649,max_sharpe,alpha,0.99,0.8315452321751267
12545219,2021-06-01,1944649,max_sharpe,excess_return,0.01,-0.3496090538112669
12545219,2021-06-01,1944649,max_sharpe,excess_return,0.05,-0.19465317597159087
12545219,2021-06-01,1944649,max_sharpe,excess_return,0.1,-0.13149649124086785
12545219,2021-06-01,1944649,max_sharpe,excess_return,0.25,-0.056927926143985896
12545219,2021-06-01,1944649,max_sharpe,excess_return,0.5,0.07880773504012506
12545219,2021-06-01,1944649,max_sharpe,excess_return,0.75,0.1578723354689191
12545219,2021-06-01,1944649,max_sharpe,excess_return,0.9,0.2625922418682747
12545219,2021-06-01,1944649,max_sharpe,excess_return,0.95,0.3388624669737199
12545219,2021-06-01,1944649,max_sharpe,excess_return,0.99,0.8159442478652454
12545219,2021-06-01,1944649,mcap_weight,alpha,0.01,-0.2510371182434832
12545219,2021-06-01,1944649,mcap_weight,alpha,0.05,-0.1132588570053859
12545219,2021-06-01,1944649,mcap_weight,alpha,0.1,-0.058635524199174366
12545219,2021-06-01,1944649,mcap_weight,alpha,0.25,-0.012233858449159044
12545219,2021-06-01,1944649,mcap_weight,alpha,0.5,0.019004237520905704
12545219,2021-06-01,1944649,mcap_weight,alpha,0.75,0.16689426322647224
12545219,2021-06-01,1944649,mcap_weight,alpha,0.9,0.321958081923965
12545219,2021-06-01,1944649,mcap_weight,alpha,0.95,0.32195808192396524
12545219,2021-06-01,1944649,mcap_weight,alpha,0.99,0.810679823501556
12545219,2021-06-01,1944649,mcap_weight,excess_return,0.01,-0.2655764492541355
12545219,2021-06-01,1944649,mcap_weight,excess_return,0.05,-0.14204426250348673
12545219,2021-06-01,1944649,mcap_weight,excess_return,0.1,-0.0871112907122249
12545219,2021-06-01,1944649,mcap_weight,excess_return,0.25,-0.04256133972129317
12545219,2021-06-01,1944649,mcap_weight,excess_return,0.5,0.09003142721345625
12545219,2021-06-01,1944649,mcap_weight,excess_return,0.75,0.13625269371598536
12545219,2021-06-01,1944649,mcap_weight,excess_return,0.9,0.28342844553298185
12545219,2021-06-01,1944649,mcap_weight,excess_return,0.95,0.2874962484987841
12545219,2021-06-01,1944649,mcap_weight,excess_return,0.99,0.8389457686831967
12545219,2021-06-01,1944649,safer_risk,alpha,0.01,-0.27050140289523367
12545219,2021-06-01,1944649,safer_risk,alpha,0.05,-0.13421930713974656
12545219,2021-06-01,1944649,safer_risk,alpha,0.1,-0.08788892226892678
12545219,2021-06-01,1944649,safer_risk,alpha,0.25,-0.01988504203641801
12545219,2021-06-01,1944649,safer_risk,alpha,0.5,0.03340520770833891
12545219,2021-06-01,1944649,safer_risk,alpha,0.75,0.1735678187188998
12545219,2021-06-01,1944649,safer_risk,alpha,0.9,0.30054041997333797
12545219,2021-06-01,1944649,safer_risk,alpha,0.95,0.3005404199733382
12545219,2021-06-01,1944649,safer_risk,alpha,0.99,0.7396151526170351
12545219,2021-06-01,1944649,safer_risk,excess_return,0.01,-0.27491061457513977
12545219,2021-06-01,1944649,safer_risk,excess_return,0.05,-0.15258075427504464
12545219,2021-06-01,1944649,safer_risk,excess_return,0.1,-0.11191478316013269
12545219,2021-06-01,1944649,safer_risk,excess_return,0.25,-0.05158362334505506
12545219,2021-06-01,1944649,safer_risk,excess_return,0.5,0.07355816333493026
12545219,2021-06-01,1944649,safer_risk,excess_return,0.75,0.14450193124765676
12545219,2021-06-01,1944649,safer_risk,excess_return,0.9,0.262592242298082
12545219,2021-06-01,1944649,safer_risk,excess_return,0.95,0.2745311391433005
12545219,2021-06-01,1944649,safer_risk,excess_return,0.99,0.7775031535974963
12738509,2021-07-01,2077642,baseline,alpha,0.01,-0.23888819390173113
12738509,2021-07-01,2077642,baseline,alpha,0.05,-0.18581885135128062
12738509,2021-07-01,2077642,baseline,alpha,0.1,-0.18213696526826512
12738509,2021-07-01,2077642,baseline,alpha,0.25,-0.05330361014576227
12738509,2021-07-01,2077642,baseline,alpha,0.5,0.016625363122945325
12738509,2021-07-01,2077642,baseline,alpha,0.75,0.07406124406372866
12738509,2021-07-01,2077642,baseline,alpha,0.9,0.21839006593909288
12738509,2021-07-01,2077642,baseline,alpha,0.95,0.30707233987807725
12738509,2021-07-01,2077642,baseline,alpha,0.99,0.7317299558712898
12738509,2021-07-01,2077642,baseline,excess_return,0.01,-0.32751130267788897
12738509,2021-07-01,2077642,baseline,excess_return,0.05,-0.24120895616487012
12738509,2021-07-01,2077642,baseline,excess_return,0.1,-0.2409989584742097
12738509,2021-07-01,2077642,baseline,excess_return,0.25,-0.1319302454745314
12738509,2021-07-01,2077642,baseline,excess_return,0.5,-0.01097161202165886
12738509,2021-07-01,2077642,baseline,excess_return,0.75,0.12504566878449366
12738509,2021-07-01,2077642,baseline,excess_return,0.9,0.20876530368420032
12738509,2021-07-01,2077642,baseline,excess_return,0.95,0.27587343957841304
12738509,2021-07-01,2077642,baseline,excess_return,0.99,0.7704071171584628
12738509,2021-07-01,2077642,better_return,alpha,0.01,-0.22514549990392346
12738509,2021-07-01,2077642,better_return,alpha,0.05,-0.16133212940773284
12738509,2021-07-01,2077642,better_return,alpha,0.1,-0.10340683905549261
12738509,2021-07-01,2077642,better_return,alpha,0.25,-0.04350259090425734
12738509,2021-07-01,2077642,better_return,alpha,0.5,0.01750985775878444
12738509,2021-07-01,2077642,better_return,alpha,0.75,0.08117889871199128
12738509,2021-07-01,2077642,better_return,alpha,0.9,0.23777375052066693
12738509,2021-07-01,2077642,better_return,alpha,0.95,0.31723013235420133
12738509,2021-07-01,2077642,better_return,alpha,0.99,0.6744469366808503
12738509,2021-07-01,2077642,better_return,excess_return,0.01,-0.33150898208532176
12738509,2021-07-01,2077642,better_return,excess_return,0.05,-0.2173499398440072
12738509,2021-07-01,2077642,better_return,excess_return,0.1,-0.17741570030973586
12738509,2021-07-01,2077642,better_return,excess_return,0.25,-0.11765105523443864
12738509,2021-07-01,2077642,better_return,excess_return,0.5,0.0009137146276825825
12738509,2021-07-01,2077642,better_return,excess_return,0.75,0.14849148581254568
12738509,2021-07-01,2077642,better_return,excess_return,0.9,0.20852348581193775
12738509,2021-07-01,2077642,better_return,excess_return,0.95,0.30067565106018246
12738509,2021-07-01,2077642,better_return,excess_return,0.99,0.7302685424893336
12738509,2021-07-01,2077642,equal_weight,alpha,0.01,-0.19107831664021263
12738509,2021-07-01,2077642,equal_weight,alpha,0.05,-0.11713555965242228
12738509,2021-07-01,2077642,equal_weight,alpha,0.1,-0.11713555965242228
12738509,2021-07-01,2077642,equal_weight,alpha,0.25,-0.04073204857610685
12738509,2021-07-01,2077642,equal_weight,alpha,0.5,0.02107941399413321
12738509,2021-07-01,2077642,equal_weight,alpha,0.75,0.08169661041522558
12738509,2021-07-01,2077642,equal_weight,alpha,0.9,0.20713657473846495
12738509,2021-07-01,2077642,equal_weight,alpha,0.95,0.25234484197743806
12738509,2021-07-01,2077642,equal_weight,alpha,0.99,0.4945852868284971
12738509,2021-07-01,2077642,equal_weight,excess_return,0.01,-0.26721152736536935
12738509,2021-07-01,2077642,equal_weight,excess_return,0.05,-0.19704989832530329
12738509,2021-07-01,2077642,equal_weight,excess_return,0.1,-0.19704989832530317
12738509,2021-07-01,2077642,equal_weight,excess_return,0.25,-0.09016684885982595
12738509,2021-07-01,2077642,equal_weight,excess_return,0.5,0.007492699444982431
12738509,2021-07-01,2077642,equal_weight,excess_return,0.75,0.10927272094306062
12738509,2021-07-01,2077642,equal_weight,excess_return,0.9,0.2125162815284265
12738509,2021-07-01,2077642,equal_weight,excess_return,0.95,0.26866474120131323
12738509,2021-07-01,2077642,equal_weight,excess_return,0.99,0.4968857219321918
12738509,2021-07-01,2077642,max_sharpe,alpha,0.01,-0.22882079050244464
12738509,2021-07-01,2077642,max_sharpe,alpha,0.05,-0.1674240995010029
12738509,2021-07-01,2077642,max_sharpe,alpha,0.1,-0.076532190658387
12738509,2021-07-01,2077642,max_sharpe,alpha,0.25,-0.02147890333079605
12738509,2021-07-01,2077642,max_sharpe,alpha,0.5,0.012710934257013917
12738509,2021-07-01,2077642,max_sharpe,alpha,0.75,0.07599124477567376
12738509,2021-07-01,2077642,max_sharpe,alpha,0.9,0.263333079904324
12738509,2021-07-01,2077642,max_sharpe,alpha,0.95,0.36948327634917977
12738509,2021-07-01,2077642,max_sharpe,alpha,0.99,0.6840351281798698
12738509,2021-07-01,2077642,max_sharpe,excess_return,0.01,-0.3698761949754006
12738509,2021-07-01,2077642,max_sharpe,excess_return,0.05,-0.21712463405520044
12738509,2021-07-01,2077642,max_sharpe,excess_return,0.1,-0.16170143835985817
12738509,2021-07-01,2077642,max_sharpe,excess_return,0.25,-0.11918619467943947
12738509,2021-07-01,2077642,max_sharpe,excess_return,0.5,0.04144434825460319
12738509,2021-07-01,2077642,max_sharpe,excess_return,0.75,0.18567009366056042
12738509,2021-07-01,2077642,max_sharpe,excess_return,0.9,0.22616530246831035
12738509,2021-07-01,2077642,max_sharpe,excess_return,0.95,0.3321779347208224
12738509,2021-07-01,2077642,max_sharpe,excess_return,0.99,0.7304767113097341
12738509,2021-07-01,2077642,mcap_weight,alpha,0.01,-0.21694235988773128
12738509,2021-07-01,2077642,mcap_weight,alpha,0.05,-0.16562269211708963
12738509,2021-07-01,2077642,mcap_weight,alpha,0.1,-0.1593273638847999
12738509,2021-07-01,2077642,mcap_weight,alpha,0.25,-0.02051747828686884
12738509,2021-07-01,2077642,mcap_weight,alpha,0.5,0.009785651097393655
12738509,2021-07-01,2077642,mcap_weight,alpha,0.75,0.06607148121919962
12738509,2021-07-01,2077642,mcap_weight,alpha,0.9,0.19115331991143472
12738509,2021-07-01,2077642,mcap_weight,alpha,0.95,0.30757508864048977
12738509,2021-07-01,2077642,mcap_weight,alpha,0.99,0.7401000426498481
12738509,2021-07-01,2077642,mcap_weight,excess_return,0.01,-0.2887666696743614
12738509,2021-07-01,2077642,mcap_weight,excess_return,0.05,-0.22353787630430566
12738509,2021-07-01,2077642,mcap_weight,excess_return,0.1,-0.22353787630430555
12738509,2021-07-01,2077642,mcap_weight,excess_return,0.25,-0.11534496008839068
12738509,2021-07-01,2077642,mcap_weight,excess_return,0.5,0.014354040513202326
12738509,2021-07-01,2077642,mcap_weight,excess_return,0.75,0.19080489219639996
12738509,2021-07-01,2077642,mcap_weight,excess_return,0.9,0.20770836561114064
12738509,2021-07-01,2077642,mcap_weight,excess_return,0.95,0.2707179310057861
12738509,2021-07-01,2077642,mcap_weight,excess_return,0.99,0.7790014265846548
12738509,2021-07-01,2077642,safer_risk,alpha,0.01,-0.22204939739357965
12738509,2021-07-01,2077642,safer_risk,alpha,0.05,-0.17344092601448696
12738509,2021-07-01,2077642,safer_risk,alpha,0.1,-0.17344092601448685
12738509,2021-07-01,2077642,safer_risk,alpha,0.25,-0.048684983868075404
12738509,2021-07-01,2077642,safer_risk,alpha,0.5,0.012156909689937056
12738509,2021-07-01,2077642,safer_risk,alpha,0.75,0.07486514444594602
12738509,2021-07-01,2077642,safer_risk,alpha,0.9,0.2196100018280347
12738509,2021-07-01,2077642,safer_risk,alpha,0.95,0.2959796310961492
12738509,2021-07-01,2077642,safer_risk,alpha,0.99,0.6744469362647243
12738509,2021-07-01,2077642,safer_risk,excess_return,0.01,-0.31588764440759964
12738509,2021-07-01,2077642,safer_risk,excess_return,0.05,-0.2323983583267727
12738509,2021-07-01,2077642,safer_risk,excess_return,0.1,-0.23239835832677258
12738509,2021-07-01,2077642,safer_risk,excess_return,0.25,-0.1111398790496764
12738509,2021-07-01,2077642,safer_risk,excess_return,0.5,0.009022177832435863
12738509,2021-07-01,2077642,safer_risk,excess_return,0.75,0.14114300200016214
12738509,2021-07-01,2077642,safer_risk,excess_return,0.9,0.2218078417309619
12738509,2021-07-01,2077642,safer_risk,excess_return,0.95,0.2812907160033562
12738509,2021-07-01,2077642,safer_risk,excess_return,0.99,0.7123153076666084
12936340,2021-08-01,2186002,baseline,alpha,0.01,-0.39756273687182114
12936340,2021-08-01,2186002,baseline,alpha,0.05,-0.14656147719994814
12936340,2021-08-01,2186002,baseline,alpha,0.1,-0.1133744959168245
12936340,2021-08-01,2186002,baseline,alpha,0.25,-0.06766419967369867
12936340,2021-08-01,2186002,baseline,alpha,0.5,0.019114188792134112
12936340,2021-08-01,2186002,baseline,alpha,0.75,0.15928951838299527
12936340,2021-08-01,2186002,baseline,alpha,0.9,0.37866955417620674
12936340,2021-08-01,2186002,baseline,alpha,0.95,0.5650088028115682
12936340,2021-08-01,2186002,baseline,alpha,0.99,1.3909431967900066
12936340,2021-08-01,2186002,baseline,excess_return,0.01,-0.3696061712284592
12936340,2021-08-01,2186002,baseline,excess_return,0.05,-0.21351724065826733
12936340,2021-08-01,2186002,baseline,excess_return,0.1,-0.20968769923158062
12936340,2021-08-01,2186002,baseline,excess_return,0.25,-0.0831167919958345
12936340,2021-08-01,2186002,baseline,excess_return,0.5,0.031207098998073668
12936340,2021-08-01,2186002,baseline,excess_return,0.75,0.18175124346750976
12936340,2021-08-01,2186002,baseline,excess_return,0.9,0.39770956302697114
12936340,2021-08-01,2186002,baseline,excess_return,0.95,0.6014369412979808
12936340,2021-08-01,2186002,baseline,excess_return,0.99,1.4240541209371884
12936340,2021-08-01,2186002,better_return,alpha,0.01,-0.4036385308776231
12936340,2021-08-01,2186002,better_return,alpha,0.05,-0.17855758198866736
12936340,2021-08-01,2186002,better_return,alpha,0.1,-0.09044700554358238
12936340,2021-08-01,2186002,better_return,alpha,0.25,-0.016794655464128064
12936340,2021-08-01,2186002,better_return,alpha,0.5,0.06205383603826335
12936340,2021-08-01,2186002,better_return,alpha,0.75,0.16854930814264
12936340,2021-08-01,2186002,better_return,alpha,0.9,0.3693294337966179
12936340,2021-08-01,2186002,better_return,alpha,0.95,0.5600244519411267
12936340,2021-08-01,2186002,better_return,alpha,0.99,1.3515103926563272
12936340,2021-08-01,2186002,better_return,excess_return,0.01,-0.37580094168053624
12936340,2021-08-01,2186002,better_return,excess_return,0.05,-0.21391728116288117
12936340,2021-08-01,2186002,better_return,excess_return,0.1,-0.20909324879990154
12936340,2021-08-01,2186002,better_return,excess_return,0.25,-0.07537171835283757
12936340,2021-08-01,2186002,better_return,excess_return,0.5,0.06361006311756928
12936340,2021-08-01,2186002,better_return,excess_return,0.75,0.22941780643856763
12936340,2021-08-01,2186002,better_return,excess_return,0.9,0.3907387673143851
12936340,2021-08-01,2186002,better_return,excess_return,0.95,0.5839902352638521
12936340,2021-08-01,2186002,better_return,excess_return,0.99,1.3820791804887047
12936340,2021-08-01,2186002,equal_weight,alpha,0.01,-0.2617830138582756
12936340,2021-08-01,2186002,equal_weight,alpha,0.05,-0.1897438916258203
12936340,2021-08-01,2186002,equal_weight,alpha,0.1,-0.07466846153630657
12936340,2021-08-01,2186002,equal_weight,alpha,0.25,-0.004712891589508478
12936340,2021-08-01,2186002,equal_weight,alpha,0.5,0.09133950608445832
12936340,2021-08-01,2186002,equal_weight,alpha,0.75,0.2198621286699182
12936340,2021-08-01,2186002,equal_weight,alpha,0.9,0.3938750686424842
12936340,2021-08-01,2186002,equal_weight,alpha,0.95,0.5231162072753573
12936340,2021-08-01,2186002,equal_weight,alpha,0.99,1.2684821074027748
12936340,2021-08-01,2186002,equal_weight,excess_return,0.01,-0.2798526077016605
12936340,2021-08-01,2186002,equal_weight,excess_return,0.05,-0.21210346733132351
12936340,2021-08-01,2186002,equal_weight,excess_return,0.1,-0.2050335403830546
12936340,2021-08-01,2186002,equal_weight,excess_return,0.25,-0.04635183620286393
12936340,2021-08-01,2186002,equal_weight,excess_return,0.5,0.09563444959039552
12936340,2021-08-01,2186002,equal_weight,excess_return,0.75,0.22229147691676404
12936340,2021-08-01,2186002,equal_weight,excess_return,0.9,0.3866349683500558
12936340,2021-08-01,2186002,equal_weight,excess_return,0.95,0.547556733972588
12936340,2021-08-01,2186002,equal_weight,excess_return,0.99,1.2489712944658713
12936340,2021-08-01,2186002,max_sharpe,alpha,0.01,-0.5624309048435435
12936340,2021-08-01,2186002,max_sharpe,alpha,0.05,-0.21897612823082513
12936340,2021-08-01,2186002,max_sharpe,alpha,0.1,-0.09035913262075235
12936340,2021-08-01,2186002,max_sharpe,alpha,0.25,-0.01828615818700592
12936340,2021-08-01,2186002,max_sharpe,alpha,0.5,0.030953283824091987
12936340,2021-08-01,2186002,max_sharpe,alpha,0.75,0.22339120966782336
12936340,2021-08-01,2186002,max_sharpe,alpha,0.9,0.3337511301230806
12936340,2021-08-01,2186002,max_sharpe,alpha,0.95,0.47071477092687986
12936340,2021-08-01,2186002,max_sharpe,alpha,0.99,1.3342052027396218
12936340,2021-08-01,2186002,max_sharpe,excess_return,0.01,-0.4926354744982157
12936340,2021-08-01,2186002,max_sharpe,excess_return,0.05,-0.2196699340231189
12936340,2021-08-01,2186002,max_sharpe,excess_return,0.1,-0.21028965350070122
12936340,2021-08-01,2186002,max_sharpe,excess_return,0.25,-0.15850101487678736
12936340,2021-08-01,2186002,max_sharpe,excess_return,0.5,0.022564680774961043
12936340,2021-08-01,2186002,max_sharpe,excess_return,0.75,0.22499611884598075
12936340,2021-08-01,2186002,max_sharpe,excess_return,0.9,0.3356072548109787
12936340,2021-08-01,2186002,max_sharpe,excess_return,0.95,0.5252030389024926
12936340,2021-08-01,2186002,max_sharpe,excess_return,0.99,1.3856105262869312
12936340,2021-08-01,2186002,mcap_weight,alpha,0.01,-0.2765057844058276
12936340,2021-08-01,2186002,mcap_weight,alpha,0.05,-0.10580416188583279
12936340,2021-08-01,2186002,mcap_weight,alpha,0.1,-0.05612989543729949
12936340,2021-08-01,2186002,mcap_weight,alpha,0.25,-0.01516976132884623
12936340,2021-08-01,2186002,mcap_weight,alpha,0.5,0.009135387218407454
12936340,2021-08-01,2186002,mcap_weight,alpha,0.75,0.11982238633017679
12936340,2021-08-01,2186002,mcap_weight,alpha,0.9,0.3050008199590556
12936340,2021-08-01,2186002,mcap_weight,alpha,0.95,0.4242120344085743
12936340,2021-08-01,2186002,mcap_weight,alpha,0.99,0.9362960645021363
12936340,2021-08-01,2186002,mcap_weight,excess_return,0.01,-0.24161495961350343
12936340,2021-08-01,2186002,mcap_weight,excess_return,0.05,-0.21192712540556885
12936340,2021-08-01,2186002,mcap_weight,excess_return,0.1,-0.20945863242406776
12936340,2021-08-01,2186002,mcap_weight,excess_return,0.25,-0.11250323040582821
12936340,2021-08-01,2186002,mcap_weight,excess_return,0.5,0.00024389233405347488
12936340,2021-08-01,2186002,mcap_weight,excess_return,0.75,0.14980807444334382
12936340,2021-08-01,2186002,mcap_weight,excess_return,0.9,0.28474555543450103
12936340,2021-08-01,2186002,mcap_weight,excess_return,0.95,0.4713865930045215
12936340,2021-08-01,2186002,mcap_weight,excess_return,0.99,0.9897748015967651
12936340,2021-08-01,2186002,safer_risk,alpha,0.01,-0.3612886522819588
12936340,2021-08-01,2186002,safer_risk,alpha,0.05,-0.1264249544341776
12936340,2021-08-01,2186002,safer_risk,alpha,0.1,-0.10020949221886478
12936340,2021-08-01,2186002,safer_risk,alpha,0.25,-0.04622184485472895
12936340,2021-08-01,2186002,safer_risk,alpha,0.5,0.030953283824091987
12936340,2021-08-01,2186002,safer_risk,alpha,0.75,0.1675928387624231
12936340,2021-08-01,2186002,safer_risk,alpha,0.9,0.37489482017256726
12936340,2021-08-01,2186002,safer_risk,alpha,0.95,0.5610820609309257
12936340,2021-08-01,2186002,safer_risk,alpha,0.99,1.3747359024887884
12936340,2021-08-01,2186002,safer_risk,excess_return,0.01,-0.33767864147627336
12936340,2021-08-01,2186002,safer_risk,excess_return,0.05,-0.21259212763203506
12936340,2021-08-01,2186002,safer_risk,excess_return,0.1,-0.19409937973975164
12936340,2021-08-01,2186002,safer_risk,excess_return,0.25,-0.09302607357981746
12936340,2021-08-01,2186002,safer_risk,excess_return,0.5,0.02480361288965577
12936340,2021-08-01,2186002,safer_risk,excess_return,0.75,0.1773570403016762
12936340,2021-08-01,2186002,safer_risk,excess_return,0.9,0.3891985124836798
12936340,2021-08-01,2186002,safer_risk,excess_return,0.95,0.5785107260825597
12936340,2021-08-01,2186002,safer_risk,excess_return,0.99,1.4197286110558958
13136427,2021-09-01,2286203,baseline,alpha,0.01,-0.3402934983932805
13136427,2021-09-01,2286203,baseline,alpha,0.05,-0.18099108624033478
13136427,2021-09-01,2286203,baseline,alpha,0.1,-0.12792392110789735
13136427,2021-09-01,2286203,baseline,alpha,0.25,-0.052018456831710524
13136427,2021-09-01,2286203,baseline,alpha,0.5,-0.0008680344311855492
13136427,2021-09-01,2286203,baseline,alpha,0.75,0.062047783244689333
13136427,2021-09-01,2286203,baseline,alpha,0.9,0.26691548542529286
13136427,2021-09-01,2286203,baseline,alpha,0.95,0.5038823526828062
13136427,2021-09-01,2286203,baseline,alpha,0.99,1.1724897867016424
13136427,2021-09-01,2286203,baseline,excess_return,0.01,-0.31720420861344345
13136427,2021-09-01,2286203,baseline,excess_return,0.05,-0.18184742178903887
13136427,2021-09-01,2286203,baseline,excess_return,0.1,-0.13026180230963497
13136427,2021-09-01,2286203,baseline,excess_return,0.25,-0.05519776594214176
13136427,2021-09-01,2286203,baseline,excess_return,0.5,0.005983569006257683
13136427,2021-09-01,2286203,baseline,excess_return,0.75,0.12209123251408349
13136427,2021-09-01,2286203,baseline,excess_return,0.9,0.24768960227925224
13136427,2021-09-01,2286203,baseline,excess_return,0.95,0.5308475195451818
13136427,2021-09-01,2286203,baseline,excess_return,0.99,0.9623178727589446
13136427,2021-09-01,2286203,better_return,alpha,0.01,-0.3302357432145032
13136427,2021-09-01,2286203,better_return,alpha,0.05,-0.18610564646832195
13136427,2021-09-01,2286203,better_return,alpha,0.1,-0.13442266983746415
13136427,2021-09-01,2286203,better_return,alpha,0.25,-0.09642290286672545
13136427,2021-09-01,2286203,better_return,alpha,0.5,-0.009153402685383859
13136427,2021-09-01,2286203,better_return,alpha,0.75,0.05612625596890175
13136427,2021-09-01,2286203,better_return,alpha,0.9,0.22642151344107458
13136427,2021-09-01,2286203,better_return,alpha,0.95,0.46226385955105737
13136427,2021-09-01,2286203,better_return,alpha,0.99,1.129757575635554
13136427,2021-09-01,2286203,better_return,excess_return,0.01,-0.30966676469254345
13136427,2021-09-01,2286203,better_return,excess_return,0.05,-0.18541503399041379
13136427,2021-09-01,2286203,better_return,excess_return,0.1,-0.13128670002910348
13136427,2021-09-01,2286203,better_return,excess_return,0.25,-0.09086842492165104
13136427,2021-09-01,2286203,better_return,excess_return,0.5,-0.001000851572074024
13136427,2021-09-01,2286203,better_return,excess_return,0.75,0.11369235951628881
13136427,2021-09-01,2286203,better_return,excess_return,0.9,0.2594108751791597
13136427,2021-09-01,2286203,better_return,excess_return,0.95,0.4445360716021027
13136427,2021-09-01,2286203,better_return,excess_return,0.99,0.8790390926728969
13136427,2021-09-01,2286203,equal_weight,alpha,0.01,-0.24767981662873936
13136427,2021-09-01,2286203,equal_weight,alpha,0.05,-0.1511474830766285
13136427,2021-09-01,2286203,equal_weight,alpha,0.1,-0.10501860574360075
13136427,2021-09-01,2286203,equal_weight,alpha,0.25,-0.06429961520269584
13136427,2021-09-01,2286203,equal_weight,alpha,0.5,-0.003886619902842138
13136427,2021-09-01,2286203,equal_weight,alpha,0.75,0.06340511327896566
13136427,2021-09-01,2286203,equal_weight,alpha,0.9,0.17960085820481442
13136427,2021-09-01,2286203,equal_weight,alpha,0.95,0.36059702970310736
13136427,2021-09-01,2286203,equal_weight,alpha,0.99,1.224122273850434
13136427,2021-09-01,2286203,equal_weight,excess_return,0.01,-0.24155582640203027
13136427,2021-09-01,2286203,equal_weight,excess_return,0.05,-0.1369278416281383
13136427,2021-09-01,2286203,equal_weight,excess_return,0.1,-0.09758198215700992
13136427,2021-09-01,2286203,equal_weight,excess_return,0.25,-0.06225168068353598
13136427,2021-09-01,2286203,equal_weight,excess_return,0.5,0.01828848342523709
13136427,2021-09-01,2286203,equal_weight,excess_return,0.75,0.10463639587243428
13136427,2021-09-01,2286203,equal_weight,excess_return,0.9,0.20383501570193546
13136427,2021-09-01,2286203,equal_weight,excess_return,0.95,0.3540018199250094
13136427,2021-09-01,2286203,equal_weight,excess_return,0.99,0.6783217137428195
13136427,2021-09-01,2286203,max_sharpe,alpha,0.01,-0.32801006274678224
13136427,2021-09-01,2286203,max_sharpe,alpha,0.05,-0.18716373217476964
13136427,2021-09-01,2286203,max_sharpe,alpha,0.1,-0.1464760005620378
13136427,2021-09-01,2286203,max_sharpe,alpha,0.25,-0.10510589983663768
13136427,2021-09-01,2286203,max_sharpe,alpha,0.5,-0.016773646842986933
13136427,2021-09-01,2286203,max_sharpe,alpha,0.75,0.06612394352007978
13136427,2021-09-01,2286203,max_sharpe,alpha,0.9,0.3469606994890453
13136427,2021-09-01,2286203,max_sharpe,alpha,0.95,0.553879392847313
13136427,2021-09-01,2286203,max_sharpe,alpha,0.99,1.1301995169179304
13136427,2021-09-01,2286203,max_sharpe,excess_return,0.01,-0.3166684916882772
13136427,2021-09-01,2286203,max_sharpe,excess_return,0.05,-0.1910102492761186
13136427,2021-09-01,2286203,max_sharpe,excess_return,0.1,-0.13974421623392014
13136427,2021-09-01,2286203,max_sharpe,excess_return,0.25,-0.10165148991974166
13136427,2021-09-01,2286203,max_sharpe,excess_return,0.5,-0.01436208935973432
13136427,2021-09-01,2286203,max_sharpe,excess_return,0.75,0.1129656955428508
13136427,2021-09-01,2286203,max_sharpe,excess_return,0.9,0.3446315985896739
13136427,2021-09-01,2286203,max_sharpe,excess_return,0.95,0.5417875932946128
13136427,2021-09-01,2286203,max_sharpe,excess_return,0.99,1.006326944846814
13136427,2021-09-01,2286203,mcap_weight,alpha,0.01,-0.23285389870249149
13136427,2021-09-01,2286203,mcap_weight,alpha,0.05,-0.12168872972442171
13136427,2021-09-01,2286203,mcap_weight,alpha,0.1,-0.0881521417941526
13136427,2021-09-01,2286203,mcap_weight,alpha,0.25,-0.02830803326152312
13136427,2021-09-01,2286203,mcap_weight,alpha,0.5,-0.0022800014297666964
13136427,2021-09-01,2286203,mcap_weight,alpha,0.75,0.06485648693027052
13136427,2021-09-01,2286203,mcap_weight,alpha,0.9,0.2031196447898952
13136427,2021-09-01,2286203,mcap_weight,alpha,0.95,0.6842883144839306
13136427,2021-09-01,2286203,mcap_weight,alpha,0.99,0.7873348184210315
13136427,2021-09-01,2286203,mcap_weight,excess_return,0.01,-0.2414961904700925
13136427,2021-09-01,2286203,mcap_weight,excess_return,0.05,-0.1315740355851835
13136427,2021-09-01,2286203,mcap_weight,excess_return,0.1,-0.09160587394862424
13136427,2021-09-01,2286203,mcap_weight,excess_return,0.25,-0.03393302763840439
13136427,2021-09-01,2286203,mcap_weight,excess_return,0.5,0.059431431012371305
13136427,2021-09-01,2286203,mcap_weight,excess_return,0.75,0.1262145890862037
13136427,2021-09-01,2286203,mcap_weight,excess_return,0.9,0.18744053016018014
13136427,2021-09-01,2286203,mcap_weight,excess_return,0.95,0.7325695502101113
13136427,2021-09-01,2286203,mcap_weight,excess_return,0.99,0.9590547969171987
13136427,2021-09-01,2286203,safer_risk,alpha,0.01,-0.3144203171806328
13136427,2021-09-01,2286203,safer_risk,alpha,0.05,-0.16747512320987173
13136427,2021-09-01,2286203,safer_risk,alpha,0.1,-0.1169347526481172
13136427,2021-09-01,2286203,safer_risk,alpha,0.25,-0.04722400048618999
13136427,2021-09-01,2286203,safer_risk,alpha,0.5,-0.005049734992944068
13136427,2021-09-01,2286203,safer_risk,alpha,0.75,0.06181407375743693
13136427,2021-09-01,2286203,safer_risk,alpha,0.9,0.24991635972368065
13136427,2021-09-01,2286203,safer_risk,alpha,0.95,0.5038824444584792
13136427,2021-09-01,2286203,safer_risk,alpha,0.99,1.1377827663224258
13136427,2021-09-01,2286203,safer_risk,excess_return,0.01,-0.29946786567172
13136427,2021-09-01,2286203,safer_risk,excess_return,0.05,-0.16732852262323955
13136427,2021-09-01,2286203,safer_risk,excess_return,0.1,-0.11553333073477451
13136427,2021-09-01,2286203,safer_risk,excess_return,0.25,-0.045398048935061
13136427,2021-09-01,2286203,safer_risk,excess_return,0.5,0.01690224402404389
13136427,2021-09-01,2286203,safer_risk,excess_return,0.75,0.11645561246982333
13136427,2021-09-01,2286203,safer_risk,excess_return,0.9,0.2449560227851818
13136427,2021-09-01,2286203,safer_risk,excess_return,0.95,0.5308476093282328
13136427,2021-09-01,2286203,safer_risk,excess_return,0.99,0.8790269545483389
13330090,2021-10-01,2385506,baseline,alpha,0.01,-0.5762800505264872
13330090,2021-10-01,2385506,baseline,alpha,0.05,-0.3450779455865681
13330090,2021-10-01,2385506,baseline,alpha,0.1,-0.29776019958583344
13330090,2021-10-01,2385506,baseline,alpha,0.25,-0.18451597132450337
13330090,2021-10-01,2385506,baseline,alpha,0.5,-0.011009213401563241
13330090,2021-10-01,2385506,baseline,alpha,0.75,0.18896262494762206
13330090,2021-10-01,2385506,baseline,alpha,0.9,0.3366793808855678
13330090,2021-10-01,2385506,baseline,alpha,0.95,1.5846262663748543
13330090,2021-10-01,2385506,baseline,alpha,0.99,3.6680363363943034
13330090,2021-10-01,2385506,baseline,excess_return,0.01,-0.6091423660418446
13330090,2021-10-01,2385506,baseline,excess_return,0.05,-0.36852538362088705
13330090,2021-10-01,2385506,baseline,excess_return,0.1,-0.3656543781261313
13330090,2021-10-01,2385506,baseline,excess_return,0.25,-0.2366636976853767
13330090,2021-10-01,2385506,baseline,excess_return,0.5,-0.05980613392491241
13330090,2021-10-01,2385506,baseline,excess_return,0.75,0.18350151022556233
13330090,2021-10-01,2385506,baseline,excess_return,0.9,0.3604993729718471
13330090,2021-10-01,2385506,baseline,excess_return,0.95,1.388942858844658
13330090,2021-10-01,2385506,baseline,excess_return,0.99,3.0780210000851427
13330090,2021-10-01,2385506,better_return,alpha,0.01,-0.5866194410962545
13330090,2021-10-01,2385506,better_return,alpha,0.05,-0.3410263982457278
13330090,2021-10-01,2385506,better_return,alpha,0.1,-0.29372549122596203
13330090,2021-10-01,2385506,better_return,alpha,0.25,-0.1772916907281563
13330090,2021-10-01,2385506,better_return,alpha,0.5,-0.025449662577991153
13330090,2021-10-01,2385506,better_return,alpha,0.75,0.056654442075539546
13330090,2021-10-01,2385506,better_return,alpha,0.9,0.37228227587033025
13330090,2021-10-01,2385506,better_return,alpha,0.95,1.416166664123784
13330090,2021-10-01,2385506,better_return,alpha,0.99,3.5477272113233917
13330090,2021-10-01,2385506,better_return,excess_return,0.01,-0.5562697982595558
13330090,2021-10-01,2385506,better_return,excess_return,0.05,-0.36848468983009297
13330090,2021-10-01,2385506,better_return,excess_return,0.1,-0.36156518510970437
13330090,2021-10-01,2385506,better_return,excess_return,0.25,-0.2416945819279397
13330090,2021-10-01,2385506,better_return,excess_return,0.5,-0.07220497104033541
13330090,2021-10-01,2385506,better_return,excess_return,0.75,0.05611845765394441
13330090,2021-10-01,2385506,better_return,excess_return,0.9,0.4055698156188796
13330090,2021-10-01,2385506,better_return,excess_return,0.95,1.2474015191343666
13330090,2021-10-01,2385506,better_return,excess_return,0.99,3.3821555273868817
13330090,2021-10-01,2385506,equal_weight,alpha,0.01,-0.48177287211120184
13330090,2021-10-01,2385506,equal_weight,alpha,0.05,-0.3050510010812356
13330090,2021-10-01,2385506,equal_weight,alpha,0.1,-0.23576121145822682
13330090,2021-10-01,2385506,equal_weight,alpha,0.25,-0.15234455857333107
13330090,2021-10-01,2385506,equal_weight,alpha,0.5,-0.0229272625480052
13330090,2021-10-01,2385506,equal_weight,alpha,0.75,0.10273999175331822
13330090,2021-10-01,2385506,equal_weight,alpha,0.9,0.5108024594702768
13330090,2021-10-01,2385506,equal_weight,alpha,0.95,1.4038951323761237
13330090,2021-10-01,2385506,equal_weight,alpha,0.99,4.340640892632141
13330090,2021-10-01,2385506,equal_weight,excess_return,0.01,-0.4732070748880143
13330090,2021-10-01,2385506,equal_weight,excess_return,0.05,-0.3669923954437784
13330090,2021-10-01,2385506,equal_weight,excess_return,0.1,-0.3248994789746169
13330090,2021-10-01,2385506,equal_weight,excess_return,0.25,-0.2094136043061896
13330090,2021-10-01,2385506,equal_weight,excess_return,0.5,-0.06826025093239618
13330090,2021-10-01,2385506,equal_weight,excess_return,0.75,0.12304697118806457
13330090,2021-10-01,2385506,equal_weight,excess_return,0.9,0.4946347416987109
13330090,2021-10-01,2385506,equal_weight,excess_return,0.95,1.300450191096334
13330090,2021-10-01,2385506,equal_weight,excess_return,0.99,3.485484166924812
13330090,2021-10-01,2385506,max_sharpe,alpha,0.01,-0.626420847159152
13330090,2021-10-01,2385506,max_sharpe,alpha,0.05,-0.3352218889189751
13330090,2021-10-01,2385506,max_sharpe,alpha,0.1,-0.2996063682388956
13330090,2021-10-01,2385506,max_sharpe,alpha,0.25,-0.20602193860897244
13330090,2021-10-01,2385506,max_sharpe,alpha,0.5,-0.023209569494895804
13330090,2021-10-01,2385506,max_sharpe,alpha,0.75,0.03771553369113968
13330090,2021-10-01,2385506,max_sharpe,alpha,0.9,0.27183135744832954
13330090,2021-10-01,2385506,max_sharpe,alpha,0.95,0.580109421577357
13330090,2021-10-01,2385506,max_sharpe,alpha,0.99,3.3188277635984686
13330090,2021-10-01,2385506,max_sharpe,excess_return,0.01,-0.6021858297436936
13330090,2021-10-01,2385506,max_sharpe,excess_return,0.05,-0.39475258378642
13330090,2021-10-01,2385506,max_sharpe,excess_return,0.1,-0.3657660048530823
13330090,2021-10-01,2385506,max_sharpe,excess_return,0.25,-0.2355546079851608
13330090,2021-10-01,2385506,max_sharpe,excess_return,0.5,-0.07850349819248459
13330090,2021-10-01,2385506,max_sharpe,excess_return,0.75,0.04487563999851579
13330090,2021-10-01,2385506,max_sharpe,excess_return,0.9,0.2881230493498128
13330090,2021-10-01,2385506,max_sharpe,excess_return,0.95,0.637877120114489
13330090,2021-10-01,2385506,max_sharpe,excess_return,0.99,2.8879735201574936
13330090,2021-10-01,2385506,mcap_weight,alpha,0.01,-0.40886077922532305
13330090,2021-10-01,2385506,mcap_weight,alpha,0.05,-0.31172032111943276
13330090,2021-10-01,2385506,mcap_weight,alpha,0.1,-0.29480370103750336
13330090,2021-10-01,2385506,mcap_weight,alpha,0.25,-0.14172030641322175
13330090,2021-10-01,2385506,mcap_weight,alpha,0.5,-0.008979188330575809
13330090,2021-10-01,2385506,mcap_weight,alpha,0.75,0.11140556179885153
13330090,2021-10-01,2385506,mcap_weight,alpha,0.9,0.28645836854884926
13330090,2021-10-01,2385506,mcap_weight,alpha,0.95,1.606211516877679
13330090,2021-10-01,2385506,mcap_weight,alpha,0.99,2.8547734951840407
13330090,2021-10-01,2385506,mcap_weight,excess_return,0.01,-0.6257884100161677
13330090,2021-10-01,2385506,mcap_weight,excess_return,0.05,-0.3685147089768419
13330090,2021-10-01,2385506,mcap_weight,excess_return,0.1,-0.3671188865539534
13330090,2021-10-01,2385506,mcap_weight,excess_return,0.25,-0.2956067454326752
13330090,2021-10-01,2385506,mcap_weight,excess_return,0.5,-0.1007060970672844
13330090,2021-10-01,2385506,mcap_weight,excess_return,0.75,0.11485146026255721
13330090,2021-10-01,2385506,mcap_weight,excess_return,0.9,0.26601306853975926
13330090,2021-10-01,2385506,mcap_weight,excess_return,0.95,1.1838424815673807
13330090,2021-10-01,2385506,mcap_weight,excess_return,0.99,2.806417019549504
13330090,2021-10-01,2385506,safer_risk,alpha,0.01,-0.5553429469247512
13330090,2021-10-01,2385506,safer_risk,alpha,0.05,-0.3236648323014598
13330090,2021-10-01,2385506,safer_risk,alpha,0.1,-0.2817868665855276
13330090,2021-10-01,2385506,safer_risk,alpha,0.25,-0.15266329017236727
13330090,2021-10-01,2385506,safer_risk,alpha,0.5,-0.010186805264825082
13330090,2021-10-01,2385506,safer_risk,alpha,0.75,0.17145410297522273
13330090,2021-10-01,2385506,safer_risk,alpha,0.9,0.3352005024236735
13330090,2021-10-01,2385506,safer_risk,alpha,0.95,1.341328680249132
13330090,2021-10-01,2385506,safer_risk,alpha,0.99,3.4064383374869944
13330090,2021-10-01,2385506,safer_risk,excess_return,0.01,-0.5684840914783115
13330090,2021-10-01,2385506,safer_risk,excess_return,0.05,-0.36820974726905475
13330090,2021-10-01,2385506,safer_risk,excess_return,0.1,-0.35876365341269434
13330090,2021-10-01,2385506,safer_risk,excess_return,0.25,-0.2513794657725663
13330090,2021-10-01,2385506,safer_risk,excess_return,0.5,-0.06727293163524395
13330090,2021-10-01,2385506,safer_risk,excess_return,0.75,0.15131933700157568
13330090,2021-10-01,2385506,safer_risk,excess_return,0.9,0.35121621164509886
13330090,2021-10-01,2385506,safer_risk,excess_return,0.95,1.2355898330906836
13330090,2021-10-01,2385506,safer_risk,excess_return,0.99,3.229696005718793
13527859,2021-11-01,2504425,baseline,alpha,0.01,-0.3539606746694313
13527859,2021-11-01,2504425,baseline,alpha,0.05,-0.24527228492469033
13527859,2021-11-01,2504425,baseline,alpha,0.1,-0.16924530754099493
13527859,2021-11-01,2504425,baseline,alpha,0.25,-0.05964217927625121
13527859,2021-11-01,2504425,baseline,alpha,0.5,0.009035116819239946
13527859,2021-11-01,2504425,baseline,alpha,0.75,0.2630262653428187
13527859,2021-11-01,2504425,baseline,alpha,0.9,0.8998889403266142
13527859,2021-11-01,2504425,baseline,alpha,0.95,0.901738915445822
13527859,2021-11-01,2504425,baseline,alpha,0.99,1.9531513748319567
13527859,2021-11-01,2504425,baseline,excess_return,0.01,-0.35347838855653463
13527859,2021-11-01,2504425,baseline,excess_return,0.05,-0.2460201406372668
13527859,2021-11-01,2504425,baseline,excess_return,0.1,-0.16910792415823572
13527859,2021-11-01,2504425,baseline,excess_return,0.25,-0.06063634407563811
13527859,2021-11-01,2504425,baseline,excess_return,0.5,0.007121492315512299
13527859,2021-11-01,2504425,baseline,excess_return,0.75,0.2619072745435904
13527859,2021-11-01,2504425,baseline,excess_return,0.9,0.8992908114136787
13527859,2021-11-01,2504425,baseline,excess_return,0.95,0.9010267777614993
13527859,2021-11-01,2504425,baseline,excess_return,0.99,1.9531414834765783
13527859,2021-11-01,2504425,better_return,alpha,0.01,-0.378617466138818
13527859,2021-11-01,2504425,better_return,alpha,0.05,-0.23782178243074067
13527859,2021-11-01,2504425,better_return,alpha,0.1,-0.17226688074726293
13527859,2021-11-01,2504425,better_return,alpha,0.25,-0.06211731925323498
13527859,2021-11-01,2504425,better_return,alpha,0.5,0.01711554051642467
13527859,2021-11-01,2504425,better_return,alpha,0.75,0.23528064103864102
13527859,2021-11-01,2504425,better_return,alpha,0.9,0.5426534927338943
13527859,2021-11-01,2504425,better_return,alpha,0.95,0.818436811924868
13527859,2021-11-01,2504425,better_return,alpha,0.99,1.9943390074187146
13527859,2021-11-01,2504425,better_return,excess_return,0.01,-0.3780127248313596
13527859,2021-11-01,2504425,better_return,excess_return,0.05,-0.23880624106641413
13527859,2021-11-01,2504425,better_return,excess_return,0.1,-0.1713387307558325
13527859,2021-11-01,2504425,better_return,excess_return,0.25,-0.06329956380434541
13527859,2021-11-01,2504425,better_return,excess_return,0.5,0.015095477259536425
13527859,2021-11-01,2504425,better_return,excess_return,0.75,0.23529602860822485
13527859,2021-11-01,2504425,better_return,excess_return,0.9,0.5417545565538442
13527859,2021-11-01,2504425,better_return,excess_return,0.95,0.8170096467820046
13527859,2021-11-01,2504425,better_return,excess_return,0.99,1.9947074917166954
13527859,2021-11-01,2504425,equal_weight,alpha,0.01,-0.3256199597652868
13527859,2021-11-01,2504425,equal_weight,alpha,0.05,-0.16552573694894443
13527859,2021-11-01,2504425,equal_weight,alpha,0.1,-0.12526256232174204
13527859,2021-11-01,2504425,equal_weight,alpha,0.25,-0.04222155348613922
13527859,2021-11-01,2504425,equal_weight,alpha,0.5,0.03767287026911124
13527859,2021-11-01,2504425,equal_weight,alpha,0.75,0.3203747269815863
13527859,2021-11-01,2504425,equal_weight,alpha,0.9,0.5314687917021872
13527859,2021-11-01,2504425,equal_weight,alpha,0.95,0.6937751977590403
13527859,2021-11-01,2504425,equal_weight,alpha,0.99,1.8798641006141765
13527859,2021-11-01,2504425,equal_weight,excess_return,0.01,-0.32438894990360123
13527859,2021-11-01,2504425,equal_weight,excess_return,0.05,-0.16572501761398545
13527859,2021-11-01,2504425,equal_weight,excess_return,0.1,-0.12549080098889467
13527859,2021-11-01,2504425,equal_weight,excess_return,0.25,-0.04275619775900318
13527859,2021-11-01,2504425,equal_weight,excess_return,0.5,0.03636140618427675
13527859,2021-11-01,2504425,equal_weight,excess_return,0.75,0.31935345250866054
13527859,2021-11-01,2504425,equal_weight,excess_return,0.9,0.5311806215670161
13527859,2021-11-01,2504425,equal_weight,excess_return,0.95,0.6934332177596376
13527859,2021-11-01,2504425,equal_weight,excess_return,0.99,1.8786790372888071
13527859,2021-11-01,2504425,max_sharpe,alpha,0.01,-0.40259853435117093
13527859,2021-11-01,2504425,max_sharpe,alpha,0.05,-0.24160330476180142
13527859,2021-11-01,2504425,max_sharpe,alpha,0.1,-0.20294971684484023
13527859,2021-11-01,2504425,max_sharpe,alpha,0.25,-0.06648608071313467
13527859,2021-11-01,2504425,max_sharpe,alpha,0.5,0.0040874944934732186
13527859,2021-11-01,2504425,max_sharpe,alpha,0.75,0.161345510816167
13527859,2021-11-01,2504425,max_sharpe,alpha,0.9,0.438646665413551
13527859,2021-11-01,2504425,max_sharpe,alpha,0.95,0.8278445146637661
13527859,2021-11-01,2504425,max_sharpe,alpha,0.99,2.4751963063723283
13527859,2021-11-01,2504425,max_sharpe,excess_return,0.01,-0.40189226382395116
13527859,2021-11-01,2504425,max_sharpe,excess_return,0.05,-0.24225252490588478
13527859,2021-11-01,2504425,max_sharpe,excess_return,0.1,-0.20297710214235748
13527859,2021-11-01,2504425,max_sharpe,excess_return,0.25,-0.06612824609842581
13527859,2021-11-01,2504425,max_sharpe,excess_return,0.5,0.002065257678887775
13527859,2021-11-01,2504425,max_sharpe,excess_return,0.75,0.16076248609371668
13527859,2021-11-01,2504425,max_sharpe,excess_return,0.9,0.4379238155560172
13527859,2021-11-01,2504425,max_sharpe,excess_return,0.95,0.8270854054776922
13527859,2021-11-01,2504425,max_sharpe,excess_return,0.99,2.4754523565913824
13527859,2021-11-01,2504425,mcap_weight,alpha,0.01,-0.26752572701941646
13527859,2021-11-01,2504425,mcap_weight,alpha,0.05,-0.2372813871540208
13527859,2021-11-01,2504425,mcap_weight,alpha,0.1,-0.16149263441303852
13527859,2021-11-01,2504425,mcap_weight,alpha,0.25,-0.04194562140834799
13527859,2021-11-01,2504425,mcap_weight,alpha,0.5,0.0043373225361935976
13527859,2021-11-01,2504425,mcap_weight,alpha,0.75,0.1516726643235278
13527859,2021-11-01,2504425,mcap_weight,alpha,0.9,0.7794694393600494
13527859,2021-11-01,2504425,mcap_weight,alpha,0.95,0.871058469138341
13527859,2021-11-01,2504425,mcap_weight,alpha,0.99,2.372016847753562
13527859,2021-11-01,2504425,mcap_weight,excess_return,0.01,-0.2687134233816968
13527859,2021-11-01,2504425,mcap_weight,excess_return,0.05,-0.2379207141232927
13527859,2021-11-01,2504425,mcap_weight,excess_return,0.1,-0.16103345008476488
13527859,2021-11-01,2504425,mcap_weight,excess_return,0.25,-0.04258368776917686
13527859,2021-11-01,2504425,mcap_weight,excess_return,0.5,3.617667413925198e-05
13527859,2021-11-01,2504425,mcap_weight,excess_return,0.75,0.15108727764840335
13527859,2021-11-01,2504425,mcap_weight,excess_return,0.9,0.7789270979921259
13527859,2021-11-01,2504425,mcap_weight,excess_return,0.95,0.8703905491375472
13527859,2021-11-01,2504425,mcap_weight,excess_return,0.99,2.3720525132454315
13527859,2021-11-01,2504425,safer_risk,alpha,0.01,-0.3312671914529971
13527859,2021-11-01,2504425,safer_risk,alpha,0.05,-0.2310549258543274
13527859,2021-11-01,2504425,safer_risk,alpha,0.1,-0.1550505381481878
13527859,2021-11-01,2504425,safer_risk,alpha,0.25,-0.04539581007792476
13527859,2021-11-01,2504425,safer_risk,alpha,0.5,0.01694025681680768
13527859,2021-11-01,2504425,safer_risk,alpha,0.75,0.2421118648320331
13527859,2021-11-01,2504425,safer_risk,alpha,0.9,0.8276569420389719
13527859,2021-11-01,2504425,safer_risk,alpha,0.95,0.8306911448711806
13527859,2021-11-01,2504425,safer_risk,alpha,0.99,1.8923271647960278
13527859,2021-11-01,2504425,safer_risk,excess_return,0.01,-0.3313883527066807
13527859,2021-11-01,2504425,safer_risk,excess_return,0.05,-0.23173110758996193
13527859,2021-11-01,2504425,safer_risk,excess_return,0.1,-0.15493067748374054
13527859,2021-11-01,2504425,safer_risk,excess_return,0.25,-0.047152536070631516
13527859,2021-11-01,2504425,safer_risk,excess_return,0.5,0.01501362997264267
13527859,2021-11-01,2504425,safer_risk,excess_return,0.75,0.2408659645508
13527859,2021-11-01,2504425,safer_risk,excess_return,0.9,0.8270652141993806
13527859,2021-11-01,2504425,safer_risk,excess_return,0.95,0.829920659495331
13527859,2021-11-01,2504425,safer_risk,excess_return,0.99,1.8920866194693784
13717847,2021-12-01,2579086,baseline,alpha,0.01,-0.45685703800032884
13717847,2021-12-01,2579086,baseline,alpha,0.05,-0.310887466993625
13717847,2021-12-01,2579086,baseline,alpha,0.1,-0.27480444657212266
13717847,2021-12-01,2579086,baseline,alpha,0.25,-0.1974867322504206
13717847,2021-12-01,2579086,baseline,alpha,0.5,-0.13392981004132154
13717847,2021-12-01,2579086,baseline,alpha,0.75,-0.02587783154480615
13717847,2021-12-01,2579086,baseline,alpha,0.9,0.025098656041336924
13717847,2021-12-01,2579086,baseline,alpha,0.95,0.08264413186859632
13717847,2021-12-01,2579086,baseline,alpha,0.99,0.5868884214940047
13717847,2021-12-01,2579086,baseline,excess_return,0.01,-0.38422424395308347
13717847,2021-12-01,2579086,baseline,excess_return,0.05,-0.27232053197771433
13717847,2021-12-01,2579086,baseline,excess_return,0.1,-0.23851765402683653
13717847,2021-12-01,2579086,baseline,excess_return,0.25,-0.20088751833117346
13717847,2021-12-01,2579086,baseline,excess_return,0.5,-0.11235497737645675
13717847,2021-12-01,2579086,baseline,excess_return,0.75,0.022448646512553655
13717847,2021-12-01,2579086,baseline,excess_return,0.9,0.17892938790008486
13717847,2021-12-01,2579086,baseline,excess_return,0.95,0.18074290966590692
13717847,2021-12-01,2579086,baseline,excess_return,0.99,0.6787774919113948
13717847,2021-12-01,2579086,better_return,alpha,0.01,-0.44794497035042663
13717847,2021-12-01,2579086,better_return,alpha,0.05,-0.3220614068699078
13717847,2021-12-01,2579086,better_return,alpha,0.1,-0.28358418025292575
13717847,2021-12-01,2579086,better_return,alpha,0.25,-0.19442795421886777
13717847,2021-12-01,2579086,better_return,alpha,0.5,-0.13890878075501725
13717847,2021-12-01,2579086,better_return,alpha,0.75,-0.034964450697841674
13717847,2021-12-01,2579086,better_return,alpha,0.9,0.01613800874920944
13717847,2021-12-01,2579086,better_return,alpha,0.95,0.08153984053054009
13717847,2021-12-01,2579086,better_return,alpha,0.99,0.5922609054591095
13717847,2021-12-01,2579086,better_return,excess_return,0.01,-0.3758123869291443
13717847,2021-12-01,2579086,better_return,excess_return,0.05,-0.29611137652024466
13717847,2021-12-01,2579086,better_return,excess_return,0.1,-0.2509362148057264
13717847,2021-12-01,2579086,better_return,excess_return,0.25,-0.19034368624943573
13717847,2021-12-01,2579086,better_return,excess_return,0.5,-0.11745100890342183
13717847,2021-12-01,2579086,better_return,excess_return,0.75,0.02605134544560475
13717847,2021-12-01,2579086,better_return,excess_return,0.9,0.16357066633921666
13717847,2021-12-01,2579086,better_return,excess_return,0.95,0.18056156842880625
13717847,2021-12-01,2579086,better_return,excess_return,0.99,0.6289491419041189
13717847,2021-12-01,2579086,equal_weight,alpha,0.01,-0.3848869185443182
13717847,2021-12-01,2579086,equal_weight,alpha,0.05,-0.3197555855707789
13717847,2021-12-01,2579086,equal_weight,alpha,0.1,-0.2633359740095901
13717847,2021-12-01,2579086,equal_weight,alpha,0.25,-0.18017180387114573
13717847,2021-12-01,2579086,equal_weight,alpha,0.5,-0.12635198274118464
13717847,2021-12-01,2579086,equal_weight,alpha,0.75,-0.04738600736981588
13717847,2021-12-01,2579086,equal_weight,alpha,0.9,0.017457145146376467
13717847,2021-12-01,2579086,equal_weight,alpha,0.95,0.08307890240289412
13717847,2021-12-01,2579086,equal_weight,alpha,0.99,0.48310703075446376
13717847,2021-12-01,2579086,equal_weight,excess_return,0.01,-0.3356160847123877
13717847,2021-12-01,2579086,equal_weight,excess_return,0.05,-0.28871772134484996
13717847,2021-12-01,2579086,equal_weight,excess_return,0.1,-0.22939516483258518
13717847,2021-12-01,2579086,equal_weight,excess_return,0.25,-0.15476232938701137
13717847,2021-12-01,2579086,equal_weight,excess_return,0.5,-0.0918043685832893
13717847,2021-12-01,2579086,equal_weight,excess_return,0.75,0.026934482617747252
13717847,2021-12-01,2579086,equal_weight,excess_return,0.9,0.14289052720002407
13717847,2021-12-01,2579086,equal_weight,excess_return,0.95,0.18095037785352422
13717847,2021-12-01,2579086,equal_weight,excess_return,0.99,0.4909580134251834
13717847,2021-12-01,2579086,max_sharpe,alpha,0.01,-0.4704513138276897
13717847,2021-12-01,2579086,max_sharpe,alpha,0.05,-0.335828013992704
13717847,2021-12-01,2579086,max_sharpe,alpha,0.1,-0.2877941268935962
13717847,2021-12-01,2579086,max_sharpe,alpha,0.25,-0.2045500181029573
13717847,2021-12-01,2579086,max_sharpe,alpha,0.5,-0.15377979237776482
13717847,2021-12-01,2579086,max_sharpe,alpha,0.75,-0.05690427949643087
13717847,2021-12-01,2579086,max_sharpe,alpha,0.9,0.02572063812255075
13717847,2021-12-01,2579086,max_sharpe,alpha,0.95,0.08130114518463905
13717847,2021-12-01,2579086,max_sharpe,alpha,0.99,0.3814414018935019
13717847,2021-12-01,2579086,max_sharpe,excess_return,0.01,-0.3992807311963902
13717847,2021-12-01,2579086,max_sharpe,excess_return,0.05,-0.3316111619807316
13717847,2021-12-01,2579086,max_sharpe,excess_return,0.1,-0.25137885537544286
13717847,2021-12-01,2579086,max_sharpe,excess_return,0.25,-0.19034368624905804
13717847,2021-12-01,2579086,max_sharpe,excess_return,0.5,-0.13601389487990298
13717847,2021-12-01,2579086,max_sharpe,excess_return,0.75,-0.03705056132957449
13717847,2021-12-01,2579086,max_sharpe,excess_return,0.9,0.1403618984243609
13717847,2021-12-01,2579086,max_sharpe,excess_return,0.95,0.18026685419938218
13717847,2021-12-01,2579086,max_sharpe,excess_return,0.99,0.38683126680447977
13717847,2021-12-01,2579086,mcap_weight,alpha,0.01,-0.407061034964007
13717847,2021-12-01,2579086,mcap_weight,alpha,0.05,-0.30066176077311046
13717847,2021-12-01,2579086,mcap_weight,alpha,0.1,-0.25466538105926684
13717847,2021-12-01,2579086,mcap_weight,alpha,0.25,-0.18345822020289626
13717847,2021-12-01,2579086,mcap_weight,alpha,0.5,-0.08760472787564524
13717847,2021-12-01,2579086,mcap_weight,alpha,0.75,0.0005408418787147965
13717847,2021-12-01,2579086,mcap_weight,alpha,0.9,0.02258836297923006
13717847,2021-12-01,2579086,mcap_weight,alpha,0.95,0.08420603628339388
13717847,2021-12-01,2579086,mcap_weight,alpha,0.99,0.5753755342766127
13717847,2021-12-01,2579086,mcap_weight,excess_return,0.01,-0.35982170811931813
13717847,2021-12-01,2579086,mcap_weight,excess_return,0.05,-0.25819169899076
13717847,2021-12-01,2579086,mcap_weight,excess_return,0.1,-0.2246612789825641
13717847,2021-12-01,2579086,mcap_weight,excess_return,0.25,-0.186353848872536
13717847,2021-12-01,2579086,mcap_weight,excess_return,0.5,-0.07325636909765895
13717847,2021-12-01,2579086,mcap_weight,excess_return,0.75,0.12365747630834353
13717847,2021-12-01,2579086,mcap_weight,excess_return,0.9,0.1792719238038525
13717847,2021-12-01,2579086,mcap_weight,excess_return,0.95,0.18119101826473677
13717847,2021-12-01,2579086,mcap_weight,excess_return,0.99,0.6748518494885971
13717847,2021-12-01,2579086,safer_risk,alpha,0.01,-0.4336715045080598
13717847,2021-12-01,2579086,safer_risk,alpha,0.05,-0.304241656862657
13717847,2021-12-01,2579086,safer_risk,alpha,0.1,-0.26437693356999903
13717847,2021-12-01,2579086,safer_risk,alpha,0.25,-0.18591649179155656
13717847,2021-12-01,2579086,safer_risk,alpha,0.5,-0.12999219554761823
13717847,2021-12-01,2579086,safer_risk,alpha,0.75,-0.025699541724754704
13717847,2021-12-01,2579086,safer_risk,alpha,0.9,0.018796737565407298
13717847,2021-12-01,2579086,safer_risk,alpha,0.95,0.0815398405305402
13717847,2021-12-01,2579086,safer_risk,alpha,0.99,0.5198781794196425
13717847,2021-12-01,2579086,safer_risk,excess_return,0.01,-0.364971208177041
13717847,2021-12-01,2579086,safer_risk,excess_return,0.05,-0.2600554710405041
13717847,2021-12-01,2579086,safer_risk,excess_return,0.1,-0.23116203956065093
13717847,2021-12-01,2579086,safer_risk,excess_return,0.25,-0.1897721398179707
13717847,2021-12-01,2579086,safer_risk,excess_return,0.5,-0.10532206070985936
13717847,2021-12-01,2579086,safer_risk,excess_return,0.75,0.04186673028699725
13717847,2021-12-01,2579086,safer_risk,excess_return,0.9,0.17057144649682524
13717847,2021-12-01,2579086,safer_risk,excess_return,0.95,0.18068548438094903
13717847,2021-12-01,2579086,safer_risk,excess_return,0.99,0.6288206849770415
13916166,2022-01-01,2621359,baseline,alpha,0.01,-0.2855012820852137
13916166,2022-01-01,2621359,baseline,alpha,0.05,-0.19348899247420606
13916166,2022-01-01,2621359,baseline,alpha,0.1,-0.12134564161740236
13916166,2022-01-01,2621359,baseline,alpha,0.25,-0.03172336118042407
13916166,2022-01-01,2621359,baseline,alpha,0.5,0.0014555796795080373
13916166,2022-01-01,2621359,baseline,alpha,0.75,0.029155158545391524
13916166,2022-01-01,2621359,baseline,alpha,0.9,0.15038026514361985
13916166,2022-01-01,2621359,baseline,alpha,0.95,0.22331691725018127
13916166,2022-01-01,2621359,baseline,alpha,0.99,0.5385746291910265
13916166,2022-01-01,2621359,baseline,excess_return,0.01,-0.2922765195274528
13916166,2022-01-01,2621359,baseline,excess_return,0.05,-0.18402323262861575
13916166,2022-01-01,2621359,baseline,excess_return,0.1,-0.13055043369556243
13916166,2022-01-01,2621359,baseline,excess_return,0.25,-0.08230950859316866
13916166,2022-01-01,2621359,baseline,excess_return,0.5,-0.00883775184960095
13916166,2022-01-01,2621359,baseline,excess_return,0.75,0.1060912064299887
13916166,2022-01-01,2621359,baseline,excess_return,0.9,0.16503792643608856
13916166,2022-01-01,2621359,baseline,excess_return,0.95,0.218866857907204
13916166,2022-01-01,2621359,baseline,excess_return,0.99,0.5058504488075268
13916166,2022-01-01,2621359,better_return,alpha,0.01,-0.2795676169556613
13916166,2022-01-01,2621359,better_return,alpha,0.05,-0.2060305169224799
13916166,2022-01-01,2621359,better_return,alpha,0.1,-0.16895633199487708
13916166,2022-01-01,2621359,better_return,alpha,0.25,-0.05123109477917179
13916166,2022-01-01,2621359,better_return,alpha,0.5,-0.0007246950280852611
13916166,2022-01-01,2621359,better_return,alpha,0.75,0.028938912504492445
13916166,2022-01-01,2621359,better_return,alpha,0.9,0.13359097037266307
13916166,2022-01-01,2621359,better_return,alpha,0.95,0.20791070709922682
13916166,2022-01-01,2621359,better_return,alpha,0.99,0.5317961173235765
13916166,2022-01-01,2621359,better_return,excess_return,0.01,-0.27689043576397715
13916166,2022-01-01,2621359,better_return,excess_return,0.05,-0.21734470931608202
13916166,2022-01-01,2621359,better_return,excess_return,0.1,-0.15664470408669454
13916166,2022-01-01,2621359,better_return,excess_return,0.25,-0.08247164398649925
13916166,2022-01-01,2621359,better_return,excess_return,0.5,-0.007422938736649398
13916166,2022-01-01,2621359,better_return,excess_return,0.75,0.10362859089329957
13916166,2022-01-01,2621359,better_return,excess_return,0.9,0.16538960780790962
13916166,2022-01-01,2621359,better_return,excess_return,0.95,0.21896097028845413
13916166,2022-01-01,2621359,better_return,excess_return,0.99,0.5067302022087502
13916166,2022-01-01,2621359,equal_weight,alpha,0.01,-0.22745667971996758
13916166,2022-01-01,2621359,equal_weight,alpha,0.05,-0.1482529348126173
13916166,2022-01-01,2621359,equal_weight,alpha,0.1,-0.1143445146224008
13916166,2022-01-01,2621359,equal_weight,alpha,0.25,-0.04448436468504813
13916166,2022-01-01,2621359,equal_weight,alpha,0.5,-0.0034909256567021707
13916166,2022-01-01,2621359,equal_weight,alpha,0.75,0.046467484529904915
13916166,2022-01-01,2621359,equal_weight,alpha,0.9,0.1246528144202143
13916166,2022-01-01,2621359,equal_weight,alpha,0.95,0.1879851048719955
13916166,2022-01-01,2621359,equal_weight,alpha,0.99,0.4381708876392224
13916166,2022-01-01,2621359,equal_weight,excess_return,0.01,-0.23902357229822652
13916166,2022-01-01,2621359,equal_weight,excess_return,0.05,-0.16573496712401786
13916166,2022-01-01,2621359,equal_weight,excess_return,0.1,-0.11220266298773002
13916166,2022-01-01,2621359,equal_weight,excess_return,0.25,-0.0614689529254297
13916166,2022-01-01,2621359,equal_weight,excess_return,0.5,0.01542142381641537
13916166,2022-01-01,2621359,equal_weight,excess_return,0.75,0.08436927326202048
13916166,2022-01-01,2621359,equal_weight,excess_return,0.9,0.16376486244927452
13916166,2022-01-01,2621359,equal_weight,excess_return,0.95,0.19267488128090854
13916166,2022-01-01,2621359,equal_weight,excess_return,0.99,0.4216258483530762
13916166,2022-01-01,2621359,max_sharpe,alpha,0.01,-0.33522101245941893
13916166,2022-01-01,2621359,max_sharpe,alpha,0.05,-0.22644982797395152
13916166,2022-01-01,2621359,max_sharpe,alpha,0.1,-0.17516181747143833
13916166,2022-01-01,2621359,max_sharpe,alpha,0.25,-0.027374623931067616
13916166,2022-01-01,2621359,max_sharpe,alpha,0.5,0.0007350958896369885
13916166,2022-01-01,2621359,max_sharpe,alpha,0.75,0.019538977832370817
13916166,2022-01-01,2621359,max_sharpe,alpha,0.9,0.119566252502782
13916166,2022-01-01,2621359,max_sharpe,alpha,0.95,0.22089927128613424
13916166,2022-01-01,2621359,max_sharpe,alpha,0.99,0.6000867155660792
13916166,2022-01-01,2621359,max_sharpe,excess_return,0.01,-0.314302909850348
13916166,2022-01-01,2621359,max_sharpe,excess_return,0.05,-0.23699731999789692
13916166,2022-01-01,2621359,max_sharpe,excess_return,0.1,-0.1612621021380714
13916166,2022-01-01,2621359,max_sharpe,excess_return,0.25,-0.0824716439864363
13916166,2022-01-01,2621359,max_sharpe,excess_return,0.5,-0.00022419407312940232
13916166,2022-01-01,2621359,max_sharpe,excess_return,0.75,0.1450515545557537
13916166,2022-01-01,2621359,max_sharpe,excess_return,0.9,0.1658071315270922
13916166,2022-01-01,2621359,max_sharpe,excess_return,0.95,0.24354688821992504
13916166,2022-01-01,2621359,max_sharpe,excess_return,0.99,0.5285829774283886
13916166,2022-01-01,2621359,mcap_weight,alpha,0.01,-0.253635073955928
13916166,2022-01-01,2621359,mcap_weight,alpha,0.05,-0.1874813631659158
13916166,2022-01-01,2621359,mcap_weight,alpha,0.1,-0.1025147039881948
13916166,2022-01-01,2621359,mcap_weight,alpha,0.25,-0.017961418338683387
13916166,2022-01-01,2621359,mcap_weight,alpha,0.5,-9.493669145090099e-05
13916166,2022-01-01,2621359,mcap_weight,alpha,0.75,0.029525325714484588
13916166,2022-01-01,2621359,mcap_weight,alpha,0.9,0.11745431854292887
13916166,2022-01-01,2621359,mcap_weight,alpha,0.95,0.20430512443989654
13916166,2022-01-01,2621359,mcap_weight,alpha,0.99,0.3663342558884788
13916166,2022-01-01,2621359,mcap_weight,excess_return,0.01,-0.2726625361318168
13916166,2022-01-01,2621359,mcap_weight,excess_return,0.05,-0.16521067231325165
13916166,2022-01-01,2621359,mcap_weight,excess_return,0.1,-0.10384121235484228
13916166,2022-01-01,2621359,mcap_weight,excess_return,0.25,-0.06391991915275391
13916166,2022-01-01,2621359,mcap_weight,excess_return,0.5,0.021273957108727037
13916166,2022-01-01,2621359,mcap_weight,excess_return,0.75,0.14989040850367202
13916166,2022-01-01,2621359,mcap_weight,excess_return,0.9,0.16454129837510362
13916166,2022-01-01,2621359,mcap_weight,excess_return,0.95,0.17165317042295009
13916166,2022-01-01,2621359,mcap_weight,excess_return,0.99,0.35774615541301596
13916166,2022-01-01,2621359,safer_risk,alpha,0.01,-0.26722975203087956
13916166,2022-01-01,2621359,safer_risk,alpha,0.05,-0.17526287879298133
13916166,2022-01-01,2621359,safer_risk,alpha,0.1,-0.11233291896549175
13916166,2022-01-01,2621359,safer_risk,alpha,0.25,-0.030350050937041517
13916166,2022-01-01,2621359,safer_risk,alpha,0.5,0.00019071976828993883
13916166,2022-01-01,2621359,safer_risk,alpha,0.75,0.029604886876525183
13916166,2022-01-01,2621359,safer_risk,alpha,0.9,0.13643011770517185
13916166,2022-01-01,2621359,safer_risk,alpha,0.95,0.2084334683033959
13916166,2022-01-01,2621359,safer_risk,alpha,0.99,0.5003253423803062
13916166,2022-01-01,2621359,safer_risk,excess_return,0.01,-0.27212259126039523
13916166,2022-01-01,2621359,safer_risk,excess_return,0.05,-0.16677173514867327
13916166,2022-01-01,2621359,safer_risk,excess_return,0.1,-0.11524834701273985
13916166,2022-01-01,2621359,safer_risk,excess_return,0.25,-0.06945555506776918
13916166,2022-01-01,2621359,safer_risk,excess_return,0.5,0.006329382423359509
13916166,2022-01-01,2621359,safer_risk,excess_return,0.75,0.11052594884661943
13916166,2022-01-01,2621359,safer_risk,excess_return,0.9,0.1644942604628984
13916166,2022-01-01,2621359,safer_risk,excess_return,0.95,0.2117928521180846
13916166,2022-01-01,2621359,safer_risk,excess_return,0.99,0.4811205455320929
14116761,2022-02-01,2755033,baseline,alpha,0.01,-0.3213992372705946
14116761,2022-02-01,2755033,baseline,alpha,0.05,-0.1963602748853055
14116761,2022-02-01,2755033,baseline,alpha,0.1,-0.15677857871131318
14116761,2022-02-01,2755033,baseline,alpha,0.25,-0.08774486772211505
14116761,2022-02-01,2755033,baseline,alpha,0.5,-0.025870020926264642
14116761,2022-02-01,2755033,baseline,alpha,0.75,0.014078272209765938
14116761,2022-02-01,2755033,baseline,alpha,0.9,0.1347186092507939
14116761,2022-02-01,2755033,baseline,alpha,0.95,0.21712061042272587
14116761,2022-02-01,2755033,baseline,alpha,0.99,0.9349990083536615
14116761,2022-02-01,2755033,baseline,excess_return,0.01,-0.31912928938674184
14116761,2022-02-01,2755033,baseline,excess_return,0.05,-0.19777961010426254
14116761,2022-02-01,2755033,baseline,excess_return,0.1,-0.1584105510770069
14116761,2022-02-01,2755033,baseline,excess_return,0.25,-0.08890538496702706
14116761,2022-02-01,2755033,baseline,excess_return,0.5,-0.024712234894198954
14116761,2022-02-01,2755033,baseline,excess_return,0.75,0.01564374272951195
14116761,2022-02-01,2755033,baseline,excess_return,0.9,0.1336390861648382
14116761,2022-02-01,2755033,baseline,excess_return,0.95,0.21525040487366956
14116761,2022-02-01,2755033,baseline,excess_return,0.99,0.9411518479750458
14116761,2022-02-01,2755033,better_return,alpha,0.01,-0.31585581270684804
14116761,2022-02-01,2755033,better_return,alpha,0.05,-0.19882034221117112
14116761,2022-02-01,2755033,better_return,alpha,0.1,-0.15200570303086103
14116761,2022-02-01,2755033,better_return,alpha,0.25,-0.09308499629988055
14116761,2022-02-01,2755033,better_return,alpha,0.5,-0.027562608660607016
14116761,2022-02-01,2755033,better_return,alpha,0.75,0.01368820725366368
14116761,2022-02-01,2755033,better_return,alpha,0.9,0.10990669296555668
14116761,2022-02-01,2755033,better_return,alpha,0.95,0.19941739399746752
14116761,2022-02-01,2755033,better_return,alpha,0.99,0.8776115077897942
14116761,2022-02-01,2755033,better_return,excess_return,0.01,-0.3159166897927211
14116761,2022-02-01,2755033,better_return,excess_return,0.05,-0.20081650542545906
14116761,2022-02-01,2755033,better_return,excess_return,0.1,-0.15303248171140252
14116761,2022-02-01,2755033,better_return,excess_return,0.25,-0.09365407445808117
14116761,2022-02-01,2755033,better_return,excess_return,0.5,-0.025606709518648536
14116761,2022-02-01,2755033,better_return,excess_return,0.75,0.016221974667770072
14116761,2022-02-01,2755033,better_return,excess_return,0.9,0.1097576901208213
14116761,2022-02-01,2755033,better_return,excess_return,0.95,0.19848549835157311
14116761,2022-02-01,2755033,better_return,excess_return,0.99,0.8761852247214896
14116761,2022-02-01,2755033,equal_weight,alpha,0.01,-0.2586239573287547
14116761,2022-02-01,2755033,equal_weight,alpha,0.05,-0.1650071995926359
14116761,2022-02-01,2755033,equal_weight,alpha,0.1,-0.12782910887040033
14116761,2022-02-01,2755033,equal_weight,alpha,0.25,-0.07596933626888142
14116761,2022-02-01,2755033,equal_weight,alpha,0.5,-0.019398838470331674
14116761,2022-02-01,2755033,equal_weight,alpha,0.75,0.012821611742369865
14116761,2022-02-01,2755033,equal_weight,alpha,0.9,0.10280325308797833
14116761,2022-02-01,2755033,equal_weight,alpha,0.95,0.16498413741999934
14116761,2022-02-01,2755033,equal_weight,alpha,0.99,0.6201396345016588
14116761,2022-02-01,2755033,equal_weight,excess_return,0.01,-0.2598283204474724
14116761,2022-02-01,2755033,equal_weight,excess_return,0.05,-0.16597444325755387
14116761,2022-02-01,2755033,equal_weight,excess_return,0.1,-0.13109166306007583
14116761,2022-02-01,2755033,equal_weight,excess_return,0.25,-0.07479275476911985
14116761,2022-02-01,2755033,equal_weight,excess_return,0.5,-0.0223573435570056
14116761,2022-02-01,2755033,equal_weight,excess_return,0.75,0.015618113198715183
14116761,2022-02-01,2755033,equal_weight,excess_return,0.9,0.10145860942677841
14116761,2022-02-01,2755033,equal_weight,excess_return,0.95,0.16238031010930076
14116761,2022-02-01,2755033,equal_weight,excess_return,0.99,0.6164031509669037
14116761,2022-02-01,2755033,max_sharpe,alpha,0.01,-0.3518696245006643
14116761,2022-02-01,2755033,max_sharpe,alpha,0.05,-0.24352847874720437
14116761,2022-02-01,2755033,max_sharpe,alpha,0.1,-0.16439259860884942
14116761,2022-02-01,2755033,max_sharpe,alpha,0.25,-0.11529412647777326
14116761,2022-02-01,2755033,max_sharpe,alpha,0.5,-0.02172000556663663
14116761,2022-02-01,2755033,max_sharpe,alpha,0.75,0.0031260811269810946
14116761,2022-02-01,2755033,max_sharpe,alpha,0.9,0.0633084504625754
14116761,2022-02-01,2755033,max_sharpe,alpha,0.95,0.19167418504832423
14116761,2022-02-01,2755033,max_sharpe,alpha,0.99,0.926180497149518
14116761,2022-02-01,2755033,max_sharpe,excess_return,0.01,-0.35229874186774607
14116761,2022-02-01,2755033,max_sharpe,excess_return,0.05,-0.24471771683165583
14116761,2022-02-01,2755033,max_sharpe,excess_return,0.1,-0.16661566564538757
14116761,2022-02-01,2755033,max_sharpe,excess_return,0.25,-0.11737546088770069
14116761,2022-02-01,2755033,max_sharpe,excess_return,0.5,-0.0171090298995822
14116761,2022-02-01,2755033,max_sharpe,excess_return,0.75,0.01191375890463629
14116761,2022-02-01,2755033,max_sharpe,excess_return,0.9,0.0641960170147866
14116761,2022-02-01,2755033,max_sharpe,excess_return,0.95,0.1898935895561795
14116761,2022-02-01,2755033,max_sharpe,excess_return,0.99,0.9321025534692458
14116761,2022-02-01,2755033,mcap_weight,alpha,0.01,-0.2789106997836796
14116761,2022-02-01,2755033,mcap_weight,alpha,0.05,-0.16379669494082935
14116761,2022-02-01,2755033,mcap_weight,alpha,0.1,-0.14642321728798932
14116761,2022-02-01,2755033,mcap_weight,alpha,0.25,-0.07173378766683251
14116761,2022-02-01,2755033,mcap_weight,alpha,0.5,-0.006407829830831763
14116761,2022-02-01,2755033,mcap_weight,alpha,0.75,0.007098037850563659
14116761,2022-02-01,2755033,mcap_weight,alpha,0.9,0.10060697180486722
14116761,2022-02-01,2755033,mcap_weight,alpha,0.95,0.21267135793899933
14116761,2022-02-01,2755033,mcap_weight,alpha,0.99,0.6104204875995464
14116761,2022-02-01,2755033,mcap_weight,excess_return,0.01,-0.28199282506351775
14116761,2022-02-01,2755033,mcap_weight,excess_return,0.05,-0.16585061013802588
14116761,2022-02-01,2755033,mcap_weight,excess_return,0.1,-0.14902509360647379
14116761,2022-02-01,2755033,mcap_weight,excess_return,0.25,-0.07379963293951357
14116761,2022-02-01,2755033,mcap_weight,excess_return,0.5,-0.007796145695099916
14116761,2022-02-01,2755033,mcap_weight,excess_return,0.75,0.01270597241246139
14116761,2022-02-01,2755033,mcap_weight,excess_return,0.9,0.09798939167558539
14116761,2022-02-01,2755033,mcap_weight,excess_return,0.95,0.21039612423197893
14116761,2022-02-01,2755033,mcap_weight,excess_return,0.99,0.6143735213801413
14116761,2022-02-01,2755033,safer_risk,alpha,0.01,-0.29759150671465684
14116761,2022-02-01,2755033,safer_risk,alpha,0.05,-0.18105172230928288
14116761,2022-02-01,2755033,safer_risk,alpha,0.1,-0.14671908568218175
14116761,2022-02-01,2755033,safer_risk,alpha,0.25,-0.07657497380501736
14116761,2022-02-01,2755033,safer_risk,alpha,0.5,-0.01768149918041485
14116761,2022-02-01,2755033,safer_risk,alpha,0.75,0.017202914157165752
14116761,2022-02-01,2755033,safer_risk,alpha,0.9,0.12350336330105437
14116761,2022-02-01,2755033,safer_risk,alpha,0.95,0.1987840171311584
14116761,2022-02-01,2755033,safer_risk,alpha,0.99,0.8888946278755183
14116761,2022-02-01,2755033,safer_risk,excess_return,0.01,-0.29761992455050557
14116761,2022-02-01,2755033,safer_risk,excess_return,0.05,-0.18276094094542664
14116761,2022-02-01,2755033,safer_risk,excess_return,0.1,-0.1480339214080452
14116761,2022-02-01,2755033,safer_risk,excess_return,0.25,-0.07736147001083805
14116761,2022-02-01,2755033,safer_risk,excess_return,0.5,-0.014774106068375498
14116761,2022-02-01,2755033,safer_risk,excess_return,0.75,0.018180987631569483
14116761,2022-02-01,2755033,safer_risk,excess_return,0.9,0.12298237783589408
14116761,2022-02-01,2755033,safer_risk,excess_return,0.95,0.19723293910295478
14116761,2022-02-01,2755033,safer_risk,excess_return,0.99,0.8941661125071054
14297759,2022-03-01,2928345,baseline,alpha,0.01,-0.35246169510419656
14297759,2022-03-01,2928345,baseline,alpha,0.05,-0.15095433681992104
14297759,2022-03-01,2928345,baseline,alpha,0.1,-0.07593739456999721
14297759,2022-03-01,2928345,baseline,alpha,0.25,-0.0023217063840285314
14297759,2022-03-01,2928345,baseline,alpha,0.5,0.05948694373424923
14297759,2022-03-01,2928345,baseline,alpha,0.75,0.13316699757062334
14297759,2022-03-01,2928345,baseline,alpha,0.9,0.1665264444512506
14297759,2022-03-01,2928345,baseline,alpha,0.95,0.24670126011232338
14297759,2022-03-01,2928345,baseline,alpha,0.99,0.5829083484632274
14297759,2022-03-01,2928345,baseline,excess_return,0.01,-0.34355253613692605
14297759,2022-03-01,2928345,baseline,excess_return,0.05,-0.1410720589827174
14297759,2022-03-01,2928345,baseline,excess_return,0.1,-0.07427858544470906
14297759,2022-03-01,2928345,baseline,excess_return,0.25,0.01703818436308529
14297759,2022-03-01,2928345,baseline,excess_return,0.5,0.061361863091184125
14297759,2022-03-01,2928345,baseline,excess_return,0.75,0.12642510554469194
14297759,2022-03-01,2928345,baseline,excess_return,0.9,0.16104698172623333
14297759,2022-03-01,2928345,baseline,excess_return,0.95,0.24004606129579062
14297759,2022-03-01,2928345,baseline,excess_return,0.99,0.5795977292297659
14297759,2022-03-01,2928345,better_return,alpha,0.01,-0.39078769976403827
14297759,2022-03-01,2928345,better_return,alpha,0.05,-0.15177335793319574
14297759,2022-03-01,2928345,better_return,alpha,0.1,-0.08519690415044606
14297759,2022-03-01,2928345,better_return,alpha,0.25,-0.0034431572762361213
14297759,2022-03-01,2928345,better_return,alpha,0.5,0.04087990936147561
14297759,2022-03-01,2928345,better_return,alpha,0.75,0.12583651854728953
14297759,2022-03-01,2928345,better_return,alpha,0.9,0.18388303946398615
14297759,2022-03-01,2928345,better_return,alpha,0.95,0.3391159877162021
14297759,2022-03-01,2928345,better_return,alpha,0.99,0.5674458377567662
14297759,2022-03-01,2928345,better_return,excess_return,0.01,-0.38101420498443345
14297759,2022-03-01,2928345,better_return,excess_return,0.05,-0.14882149511971376
14297759,2022-03-01,2928345,better_return,excess_return,0.1,-0.08443380111469978
14297759,2022-03-01,2928345,better_return,excess_return,0.25,0.006040794905421469
14297759,2022-03-01,2928345,better_return,excess_return,0.5,0.04753070911559681
14297759,2022-03-01,2928345,better_return,excess_return,0.75,0.12051048067503017
14297759,2022-03-01,2928345,better_return,excess_return,0.9,0.17918777135479624
14297759,2022-03-01,2928345,better_return,excess_return,0.95,0.33627991408188956
14297759,2022-03-01,2928345,better_return,excess_return,0.99,0.5639285620586183
14297759,2022-03-01,2928345,equal_weight,alpha,0.01,-0.29072109251865774
14297759,2022-03-01,2928345,equal_weight,alpha,0.05,-0.11237511136555814
14297759,2022-03-01,2928345,equal_weight,alpha,0.1,-0.062165097195391615
14297759,2022-03-01,2928345,equal_weight,alpha,0.25,-0.0026949174382884284
14297759,2022-03-01,2928345,equal_weight,alpha,0.5,0.053442503606979455
14297759,2022-03-01,2928345,equal_weight,alpha,0.75,0.1182475828210961
14297759,2022-03-01,2928345,equal_weight,alpha,0.9,0.1720776045162139
14297759,2022-03-01,2928345,equal_weight,alpha,0.95,0.27447948404863487
14297759,2022-03-01,2928345,equal_weight,alpha,0.99,0.43633458553203164
14297759,2022-03-01,2928345,equal_weight,excess_return,0.01,-0.28402381325812565
14297759,2022-03-01,2928345,equal_weight,excess_return,0.05,-0.11074260394395113
14297759,2022-03-01,2928345,equal_weight,excess_return,0.1,-0.05611222345421779
14297759,2022-03-01,2928345,equal_weight,excess_return,0.25,0.009226712070848624
14297759,2022-03-01,2928345,equal_weight,excess_return,0.5,0.059658310167528365
14297759,2022-03-01,2928345,equal_weight,excess_return,0.75,0.11506634411750866
14297759,2022-03-01,2928345,equal_weight,excess_return,0.9,0.16884562331564662
14297759,2022-03-01,2928345,equal_weight,excess_return,0.95,0.27300434972150206
14297759,2022-03-01,2928345,equal_weight,excess_return,0.99,0.43008156746506077
14297759,2022-03-01,2928345,max_sharpe,alpha,0.01,-0.5686176030806063
14297759,2022-03-01,2928345,max_sharpe,alpha,0.05,-0.18269208255354513
14297759,2022-03-01,2928345,max_sharpe,alpha,0.1,-0.09485233812130113
14297759,2022-03-01,2928345,max_sharpe,alpha,0.25,-0.007483703115158273
14297759,2022-03-01,2928345,max_sharpe,alpha,0.5,0.016280099092317823
14297759,2022-03-01,2928345,max_sharpe,alpha,0.75,0.11142473365292332
14297759,2022-03-01,2928345,max_sharpe,alpha,0.9,0.16501890693305413
14297759,2022-03-01,2928345,max_sharpe,alpha,0.95,0.24263453313892952
14297759,2022-03-01,2928345,max_sharpe,alpha,0.99,0.6446713629235956
14297759,2022-03-01,2928345,max_sharpe,excess_return,0.01,-0.5708845453448909
14297759,2022-03-01,2928345,max_sharpe,excess_return,0.05,-0.17443646086221015
14297759,2022-03-01,2928345,max_sharpe,excess_return,0.1,-0.10105994384163625
14297759,2022-03-01,2928345,max_sharpe,excess_return,0.25,0.009487786433465865
14297759,2022-03-01,2928345,max_sharpe,excess_return,0.5,0.03903423949561207
14297759,2022-03-01,2928345,max_sharpe,excess_return,0.75,0.10826796893149365
14297759,2022-03-01,2928345,max_sharpe,excess_return,0.9,0.16321427573962533
14297759,2022-03-01,2928345,max_sharpe,excess_return,0.95,0.23576525559591294
14297759,2022-03-01,2928345,max_sharpe,excess_return,0.99,0.6638697814256795
14297759,2022-03-01,2928345,mcap_weight,alpha,0.01,-0.24316202995856653
14297759,2022-03-01,2928345,mcap_weight,alpha,0.05,-0.10220097739709676
14297759,2022-03-01,2928345,mcap_weight,alpha,0.1,-0.02556036258405848
14297759,2022-03-01,2928345,mcap_weight,alpha,0.25,-0.002463528565747647
14297759,2022-03-01,2928345,mcap_weight,alpha,0.5,0.036978571459358456
14297759,2022-03-01,2928345,mcap_weight,alpha,0.75,0.12324215212357777
14297759,2022-03-01,2928345,mcap_weight,alpha,0.9,0.14154336193842257
14297759,2022-03-01,2928345,mcap_weight,alpha,0.95,0.19885725583345693
14297759,2022-03-01,2928345,mcap_weight,alpha,0.99,0.5082421769444974
14297759,2022-03-01,2928345,mcap_weight,excess_return,0.01,-0.23716576361759595
14297759,2022-03-01,2928345,mcap_weight,excess_return,0.05,-0.10060237737427574
14297759,2022-03-01,2928345,mcap_weight,excess_return,0.1,-0.02951932629362576
14297759,2022-03-01,2928345,mcap_weight,excess_return,0.25,0.027050107870585198
14297759,2022-03-01,2928345,mcap_weight,excess_return,0.5,0.04679515398694783
14297759,2022-03-01,2928345,mcap_weight,excess_return,0.75,0.1181777373374216
14297759,2022-03-01,2928345,mcap_weight,excess_return,0.9,0.1415573756524396
14297759,2022-03-01,2928345,mcap_weight,excess_return,0.95,0.1928427236809474
14297759,2022-03-01,2928345,mcap_weight,excess_return,0.99,0.5165151709099003
14297759,2022-03-01,2928345,safer_risk,alpha,0.01,-0.3183230895116491
14297759,2022-03-01,2928345,safer_risk,alpha,0.05,-0.13484993425160657
14297759,2022-03-01,2928345,safer_risk,alpha,0.1,-0.0667168979214297
14297759,2022-03-01,2928345,safer_risk,alpha,0.25,-0.002651479549264421
14297759,2022-03-01,2928345,safer_risk,alpha,0.5,0.05223390874012555
14297759,2022-03-01,2928345,safer_risk,alpha,0.75,0.12434056986666264
14297759,2022-03-01,2928345,safer_risk,alpha,0.9,0.16501890713092404
14297759,2022-03-01,2928345,safer_risk,alpha,0.95,0.23181434263977121
14297759,2022-03-01,2928345,safer_risk,alpha,0.99,0.5510825978715866
14297759,2022-03-01,2928345,safer_risk,excess_return,0.01,-0.31146040139719755
14297759,2022-03-01,2928345,safer_risk,excess_return,0.05,-0.12854039077625062
14297759,2022-03-01,2928345,safer_risk,excess_return,0.1,-0.06533534668347468
14297759,2022-03-01,2928345,safer_risk,excess_return,0.25,0.017889309186211726
14297759,2022-03-01,2928345,safer_risk,excess_return,0.5,0.05610018695610713
14297759,2022-03-01,2928345,safer_risk,excess_return,0.75,0.12013684394784058
14297759,2022-03-01,2928345,safer_risk,excess_return,0.9,0.1658484952634101
14297759,2022-03-01,2928345,safer_risk,excess_return,0.95,0.22765495450433398
14297759,2022-03-01,2928345,safer_risk,excess_return,0.99,0.5470427728613332
14497034,2022-04-01,2934000,baseline,alpha,0.01,-0.3627382808865682
14497034,2022-04-01,2934000,baseline,alpha,0.05,-0.21104634784304557
14497034,2022-04-01,2934000,baseline,alpha,0.1,-0.15626188877211372
14497034,2022-04-01,2934000,baseline,alpha,0.25,-0.12717879308726085
14497034,2022-04-01,2934000,baseline,alpha,0.5,-0.06887674831430374
14497034,2022-04-01,2934000,baseline,alpha,0.75,-0.007546371040106461
14497034,2022-04-01,2934000,baseline,alpha,0.9,0.021814081955953277
14497034,2022-04-01,2934000,baseline,alpha,0.95,0.10416799103533379
14497034,2022-04-01,2934000,baseline,alpha,0.99,0.33886114114510224
14497034,2022-04-01,2934000,baseline,excess_return,0.01,-0.3453588131071358
14497034,2022-04-01,2934000,baseline,excess_return,0.05,-0.20834890992278546
14497034,2022-04-01,2934000,baseline,excess_return,0.1,-0.15995962448574022
14497034,2022-04-01,2934000,baseline,excess_return,0.25,-0.128289128542883
14497034,2022-04-01,2934000,baseline,excess_return,0.5,-0.05920240469447155
14497034,2022-04-01,2934000,baseline,excess_return,0.75,0.02451763413490657
14497034,2022-04-01,2934000,baseline,excess_return,0.9,0.08041687684878666
14497034,2022-04-01,2934000,baseline,excess_return,0.95,0.11138686741489343
14497034,2022-04-01,2934000,baseline,excess_return,0.99,0.34408205562708477
14497034,2022-04-01,2934000,better_return,alpha,0.01,-0.38979357594035635
14497034,2022-04-01,2934000,better_return,alpha,0.05,-0.21719939334415608
14497034,2022-04-01,2934000,better_return,alpha,0.1,-0.18088808323710792
14497034,2022-04-01,2934000,better_return,alpha,0.25,-0.12997349547516132
14497034,2022-04-01,2934000,better_return,alpha,0.5,-0.06611550957298351
14497034,2022-04-01,2934000,better_return,alpha,0.75,-0.008571587964670325
14497034,2022-04-01,2934000,better_return,alpha,0.9,0.03835856757398846
14497034,2022-04-01,2934000,better_return,alpha,0.95,0.14727249167492665
14497034,2022-04-01,2934000,better_return,alpha,0.99,0.3532280390507822
14497034,2022-04-01,2934000,better_return,excess_return,0.01,-0.3685181512797407
14497034,2022-04-01,2934000,better_return,excess_return,0.05,-0.2106866666447933
14497034,2022-04-01,2934000,better_return,excess_return,0.1,-0.17690422340105705
14497034,2022-04-01,2934000,better_return,excess_return,0.25,-0.13340620551780438
14497034,2022-04-01,2934000,better_return,excess_return,0.5,-0.0566164480288984
14497034,2022-04-01,2934000,better_return,excess_return,0.75,0.027859311410814797
14497034,2022-04-01,2934000,better_return,excess_return,0.9,0.07994986478498059
14497034,2022-04-01,2934000,better_return,excess_return,0.95,0.15228442951019103
14497034,2022-04-01,2934000,better_return,excess_return,0.99,0.357176059271441
14497034,2022-04-01,2934000,equal_weight,alpha,0.01,-0.3369045537965328
14497034,2022-04-01,2934000,equal_weight,alpha,0.05,-0.19836850278095508
14497034,2022-04-01,2934000,equal_weight,alpha,0.1,-0.16585585215068097
14497034,2022-04-01,2934000,equal_weight,alpha,0.25,-0.10763864740303328
14497034,2022-04-01,2934000,equal_weight,alpha,0.5,-0.06904993615097127
14497034,2022-04-01,2934000,equal_weight,alpha,0.75,-0.010665529065816574
14497034,2022-04-01,2934000,equal_weight,alpha,0.9,0.034178893898970476
14497034,2022-04-01,2934000,equal_weight,alpha,0.95,0.10043482030983832
14497034,2022-04-01,2934000,equal_weight,alpha,0.99,0.3822439512035879
14497034,2022-04-01,2934000,equal_weight,excess_return,0.01,-0.31536485261531666
14497034,2022-04-01,2934000,equal_weight,excess_return,0.05,-0.1935354219503406
14497034,2022-04-01,2934000,equal_weight,excess_return,0.1,-0.14901244257081672
14497034,2022-04-01,2934000,equal_weight,excess_return,0.25,-0.1002278083647277
14497034,2022-04-01,2934000,equal_weight,excess_return,0.5,-0.0530301462425983
14497034,2022-04-01,2934000,equal_weight,excess_return,0.75,0.019526708168512236
14497034,2022-04-01,2934000,equal_weight,excess_return,0.9,0.07569048380469376
14497034,2022-04-01,2934000,equal_weight,excess_return,0.95,0.11771928179033828
14497034,2022-04-01,2934000,equal_weight,excess_return,0.99,0.38862308698833753
14497034,2022-04-01,2934000,max_sharpe,alpha,0.01,-0.34372155578728636
14497034,2022-04-01,2934000,max_sharpe,alpha,0.05,-0.19720145564254465
14497034,2022-04-01,2934000,max_sharpe,alpha,0.1,-0.16321307319767442
14497034,2022-04-01,2934000,max_sharpe,alpha,0.25,-0.11485478507363699
14497034,2022-04-01,2934000,max_sharpe,alpha,0.5,-0.045285084266442344
14497034,2022-04-01,2934000,max_sharpe,alpha,0.75,-0.008505971841483898
14497034,2022-04-01,2934000,max_sharpe,alpha,0.9,0.03001006324910205
14497034,2022-04-01,2934000,max_sharpe,alpha,0.95,0.18088603245688728
14497034,2022-04-01,2934000,max_sharpe,alpha,0.99,0.34316982104666593
14497034,2022-04-01,2934000,max_sharpe,excess_return,0.01,-0.31887935368181214
14497034,2022-04-01,2934000,max_sharpe,excess_return,0.05,-0.19430941953180342
14497034,2022-04-01,2934000,max_sharpe,excess_return,0.1,-0.16821985146727927
14497034,2022-04-01,2934000,max_sharpe,excess_return,0.25,-0.11384924889629303
14497034,2022-04-01,2934000,max_sharpe,excess_return,0.5,-0.03476525467975325
14497034,2022-04-01,2934000,max_sharpe,excess_return,0.75,0.007761966609384219
14497034,2022-04-01,2934000,max_sharpe,excess_return,0.9,0.07992578831440952
14497034,2022-04-01,2934000,max_sharpe,excess_return,0.95,0.1812830493232784
14497034,2022-04-01,2934000,max_sharpe,excess_return,0.99,0.3499265096457014
14497034,2022-04-01,2934000,mcap_weight,alpha,0.01,-0.29575892065539916
14497034,2022-04-01,2934000,mcap_weight,alpha,0.05,-0.16686805112080674
14497034,2022-04-01,2934000,mcap_weight,alpha,0.1,-0.14036364605561952
14497034,2022-04-01,2934000,mcap_weight,alpha,0.25,-0.11119763301145653
14497034,2022-04-01,2934000,mcap_weight,alpha,0.5,-0.03901775978220308
14497034,2022-04-01,2934000,mcap_weight,alpha,0.75,-0.007206847881892125
14497034,2022-04-01,2934000,mcap_weight,alpha,0.9,0.0012776351395409262
14497034,2022-04-01,2934000,mcap_weight,alpha,0.95,0.03350129671167286
14497034,2022-04-01,2934000,mcap_weight,alpha,0.99,0.21217658829105587
14497034,2022-04-01,2934000,mcap_weight,excess_return,0.01,-0.2939046405756153
14497034,2022-04-01,2934000,mcap_weight,excess_return,0.05,-0.1713335750194298
14497034,2022-04-01,2934000,mcap_weight,excess_return,0.1,-0.15030746149612556
14497034,2022-04-01,2934000,mcap_weight,excess_return,0.25,-0.11174043574848383
14497034,2022-04-01,2934000,mcap_weight,excess_return,0.5,-0.029488255109462208
14497034,2022-04-01,2934000,mcap_weight,excess_return,0.75,0.05361309075285378
14497034,2022-04-01,2934000,mcap_weight,excess_return,0.9,0.07915892696097968
14497034,2022-04-01,2934000,mcap_weight,excess_return,0.95,0.0807608034687037
14497034,2022-04-01,2934000,mcap_weight,excess_return,0.99,0.2201463352021786
14497034,2022-04-01,2934000,safer_risk,alpha,0.01,-0.3362434225204096
14497034,2022-04-01,2934000,safer_risk,alpha,0.05,-0.19757416206729303
14497034,2022-04-01,2934000,safer_risk,alpha,0.1,-0.14897625407066
14497034,2022-04-01,2934000,safer_risk,alpha,0.25,-0.11740792183319486
14497034,2022-04-01,2934000,safer_risk,alpha,0.5,-0.05858355064984126
14497034,2022-04-01,2934000,safer_risk,alpha,0.75,-0.0084541913876125
14497034,2022-04-01,2934000,safer_risk,alpha,0.9,0.024434190526470154
14497034,2022-04-01,2934000,safer_risk,alpha,0.95,0.10666031550570537
14497034,2022-04-01,2934000,safer_risk,alpha,0.99,0.33097056933222285
14497034,2022-04-01,2934000,safer_risk,excess_return,0.01,-0.32174027899760477
14497034,2022-04-01,2934000,safer_risk,excess_return,0.05,-0.1932267613306555
14497034,2022-04-01,2934000,safer_risk,excess_return,0.1,-0.1516536746702072
14497034,2022-04-01,2934000,safer_risk,excess_return,0.25,-0.11445594724809985
14497034,2022-04-01,2934000,safer_risk,excess_return,0.5,-0.044043247171224126
14497034,2022-04-01,2934000,safer_risk,excess_return,0.75,0.03559738494542228
14497034,2022-04-01,2934000,safer_risk,excess_return,0.9,0.07887853404905651
14497034,2022-04-01,2934000,safer_risk,excess_return,0.95,0.12294877425924075
14497034,2022-04-01,2934000,safer_risk,excess_return,0.99,0.3385586774652378
14688630,2022-05-01,3002002,baseline,alpha,0.01,-0.45667137233651844
14688630,2022-05-01,3002002,baseline,alpha,0.05,-0.2821563663326428
14688630,2022-05-01,3002002,baseline,alpha,0.1,-0.20555557859981677
14688630,2022-05-01,3002002,baseline,alpha,0.25,-0.13840759651658344
14688630,2022-05-01,3002002,baseline,alpha,0.5,-0.04984782591088181
14688630,2022-05-01,3002002,baseline,alpha,0.75,0.0071513508308359295
14688630,2022-05-01,3002002,baseline,alpha,0.9,0.027136535003611947
14688630,2022-05-01,3002002,baseline,alpha,0.95,0.048424813808228565
14688630,2022-05-01,3002002,baseline,alpha,0.99,0.2940405270786151
14688630,2022-05-01,3002002,baseline,excess_return,0.01,-0.35948039495645373
14688630,2022-05-01,3002002,baseline,excess_return,0.05,-0.25590405769472174
14688630,2022-05-01,3002002,baseline,excess_return,0.1,-0.21403018593197276
14688630,2022-05-01,3002002,baseline,excess_return,0.25,-0.14908686852425804
14688630,2022-05-01,3002002,baseline,excess_return,0.5,-0.06036433325825158
14688630,2022-05-01,3002002,baseline,excess_return,0.75,0.048300209919834414
14688630,2022-05-01,3002002,baseline,excess_return,0.9,0.27578367863702435
14688630,2022-05-01,3002002,baseline,excess_return,0.95,0.2929659097040152
14688630,2022-05-01,3002002,baseline,excess_return,0.99,0.2966645769505316
14688630,2022-05-01,3002002,better_return,alpha,0.01,-0.4763272938361918
14688630,2022-05-01,3002002,better_return,alpha,0.05,-0.3182562094197764
14688630,2022-05-01,3002002,better_return,alpha,0.1,-0.23981163035386363
14688630,2022-05-01,3002002,better_return,alpha,0.25,-0.1426563409109197
14688630,2022-05-01,3002002,better_return,alpha,0.5,-0.057436652957176176
14688630,2022-05-01,3002002,better_return,alpha,0.75,0.0011510511779363763
14688630,2022-05-01,3002002,better_return,alpha,0.9,0.01709562082510452
14688630,2022-05-01,3002002,better_return,alpha,0.95,0.04573230795321263
14688630,2022-05-01,3002002,better_return,alpha,0.99,0.31845140255987764
14688630,2022-05-01,3002002,better_return,excess_return,0.01,-0.3551832506852415
14688630,2022-05-01,3002002,better_return,excess_return,0.05,-0.2537990252513254
14688630,2022-05-01,3002002,better_return,excess_return,0.1,-0.2110723828426032
14688630,2022-05-01,3002002,better_return,excess_return,0.25,-0.14966917582880623
14688630,2022-05-01,3002002,better_return,excess_return,0.5,-0.06005542152417315
14688630,2022-05-01,3002002,better_return,excess_return,0.75,0.04927700246934916
14688630,2022-05-01,3002002,better_return,excess_return,0.9,0.24360517432450224
14688630,2022-05-01,3002002,better_return,excess_return,0.95,0.292920226354349
14688630,2022-05-01,3002002,better_return,excess_return,0.99,0.2975198431698848
14688630,2022-05-01,3002002,equal_weight,alpha,0.01,-0.39911042836227517
14688630,2022-05-01,3002002,equal_weight,alpha,0.05,-0.26476843517967247
14688630,2022-05-01,3002002,equal_weight,alpha,0.1,-0.21194258024739218
14688630,2022-05-01,3002002,equal_weight,alpha,0.25,-0.1467286897356766
14688630,2022-05-01,3002002,equal_weight,alpha,0.5,-0.08187394524079367
14688630,2022-05-01,3002002,equal_weight,alpha,0.75,-0.028299251365919764
14688630,2022-05-01,3002002,equal_weight,alpha,0.9,0.00612775052014275
14688630,2022-05-01,3002002,equal_weight,alpha,0.95,0.029250643793977186
14688630,2022-05-01,3002002,equal_weight,alpha,0.99,0.2766816909030216
14688630,2022-05-01,3002002,equal_weight,excess_return,0.01,-0.31008436158864144
14688630,2022-05-01,3002002,equal_weight,excess_return,0.05,-0.23184966919636055
14688630,2022-05-01,3002002,equal_weight,excess_return,0.1,-0.19652666221291137
14688630,2022-05-01,3002002,equal_weight,excess_return,0.25,-0.14226527859536453
14688630,2022-05-01,3002002,equal_weight,excess_return,0.5,-0.08454349887852475
14688630,2022-05-01,3002002,equal_weight,excess_return,0.75,0.04935523801584041
14688630,2022-05-01,3002002,equal_weight,excess_return,0.9,0.14269137571703316
14688630,2022-05-01,3002002,equal_weight,excess_return,0.95,0.29255658120362715
14688630,2022-05-01,3002002,equal_weight,excess_return,0.99,0.29585086865831267
14688630,2022-05-01,3002002,max_sharpe,alpha,0.01,-0.5319417407945962
14688630,2022-05-01,3002002,max_sharpe,alpha,0.05,-0.3288493130947051
14688630,2022-05-01,3002002,max_sharpe,alpha,0.1,-0.2392048630871852
14688630,2022-05-01,3002002,max_sharpe,alpha,0.25,-0.14913857287829008
14688630,2022-05-01,3002002,max_sharpe,alpha,0.5,-0.04038751945037154
14688630,2022-05-01,3002002,max_sharpe,alpha,0.75,0.0037345384539506045
14688630,2022-05-01,3002002,max_sharpe,alpha,0.9,0.023533384017310734
14688630,2022-05-01,3002002,max_sharpe,alpha,0.95,0.04342228008660209
14688630,2022-05-01,3002002,max_sharpe,alpha,0.99,0.32843549732476307
14688630,2022-05-01,3002002,max_sharpe,excess_return,0.01,-0.3768645685321409
14688630,2022-05-01,3002002,max_sharpe,excess_return,0.05,-0.26843899178950115
14688630,2022-05-01,3002002,max_sharpe,excess_return,0.1,-0.22166990305697787
14688630,2022-05-01,3002002,max_sharpe,excess_return,0.25,-0.1563608865418879
14688630,2022-05-01,3002002,max_sharpe,excess_return,0.5,-0.06367375756144589
14688630,2022-05-01,3002002,max_sharpe,excess_return,0.75,0.01865754918618623
14688630,2022-05-01,3002002,max_sharpe,excess_return,0.9,0.2481763449563894
14688630,2022-05-01,3002002,max_sharpe,excess_return,0.95,0.2929086803285955
14688630,2022-05-01,3002002,max_sharpe,excess_return,0.99,0.29640680878854975
14688630,2022-05-01,3002002,mcap_weight,alpha,0.01,-0.39831758697441066
14688630,2022-05-01,3002002,mcap_weight,alpha,0.05,-0.21855447297098654
14688630,2022-05-01,3002002,mcap_weight,alpha,0.1,-0.1762832879444468
14688630,2022-05-01,3002002,mcap_weight,alpha,0.25,-0.1019409505048009
14688630,2022-05-01,3002002,mcap_weight,alpha,0.5,-0.016002788562293313
14688630,2022-05-01,3002002,mcap_weight,alpha,0.75,0.0034259844967850788
14688630,2022-05-01,3002002,mcap_weight,alpha,0.9,0.015831148500994374
14688630,2022-05-01,3002002,mcap_weight,alpha,0.95,0.03682423096258852
14688630,2022-05-01,3002002,mcap_weight,alpha,0.99,0.1977937295013232
14688630,2022-05-01,3002002,mcap_weight,excess_return,0.01,-0.33648903569359623
14688630,2022-05-01,3002002,mcap_weight,excess_return,0.05,-0.23614446485607032
14688630,2022-05-01,3002002,mcap_weight,excess_return,0.1,-0.19478535671504815
14688630,2022-05-01,3002002,mcap_weight,excess_return,0.25,-0.1314314758588513
14688630,2022-05-01,3002002,mcap_weight,excess_return,0.5,-0.046356586217956575
14688630,2022-05-01,3002002,mcap_weight,excess_return,0.75,0.2040689123018929
14688630,2022-05-01,3002002,mcap_weight,excess_return,0.9,0.29172823989612295
14688630,2022-05-01,3002002,mcap_weight,excess_return,0.95,0.29438823548446835
14688630,2022-05-01,3002002,mcap_weight,excess_return,0.99,0.2965012208013399
14688630,2022-05-01,3002002,safer_risk,alpha,0.01,-0.4368227831138769
14688630,2022-05-01,3002002,safer_risk,alpha,0.05,-0.2775269790062055
14688630,2022-05-01,3002002,safer_risk,alpha,0.1,-0.2089498483515115
14688630,2022-05-01,3002002,safer_risk,alpha,0.25,-0.13981643066378985
14688630,2022-05-01,3002002,safer_risk,alpha,0.5,-0.05813090729435833
14688630,2022-05-01,3002002,safer_risk,alpha,0.75,-0.00022790346911468544
14688630,2022-05-01,3002002,safer_risk,alpha,0.9,0.016100633684365317
14688630,2022-05-01,3002002,safer_risk,alpha,0.95,0.03528885785853977
14688630,2022-05-01,3002002,safer_risk,alpha,0.99,0.2649410659460737
14688630,2022-05-01,3002002,safer_risk,excess_return,0.01,-0.3413357499466711
14688630,2022-05-01,3002002,safer_risk,excess_return,0.05,-0.24275044819738512
14688630,2022-05-01,3002002,safer_risk,excess_return,0.1,-0.20361877004443535
14688630,2022-05-01,3002002,safer_risk,excess_return,0.25,-0.1396081023824458
14688630,2022-05-01,3002002,safer_risk,excess_return,0.5,-0.05159255644089156
14688630,2022-05-01,3002002,safer_risk,excess_return,0.75,0.06705934164149682
14688630,2022-05-01,3002002,safer_risk,excess_return,0.9,0.24754623213369947
14688630,2022-05-01,3002002,safer_risk,excess_return,0.95,0.2925059409247387
14688630,2022-05-01,3002002,safer_risk,excess_return,0.99,0.296237469460921
14881677,2022-06-01,3075701,baseline,alpha,0.01,-0.2390509326396572
14881677,2022-06-01,3075701,baseline,alpha,0.05,-4.056289942373824e-06
14881677,2022-06-01,3075701,baseline,alpha,0.1,0.014577754020145703
14881677,2022-06-01,3075701,baseline,alpha,0.25,0.09775717519570659
14881677,2022-06-01,3075701,baseline,alpha,0.5,0.2649451910052545
14881677,2022-06-01,3075701,baseline,alpha,0.75,0.42539093172701037
14881677,2022-06-01,3075701,baseline,alpha,0.9,0.5859528585788447
14881677,2022-06-01,3075701,baseline,alpha,0.95,0.6733276097492937
14881677,2022-06-01,3075701,baseline,alpha,0.99,0.935469592555313
14881677,2022-06-01,3075701,baseline,excess_return,0.01,-0.08674522299807108
14881677,2022-06-01,3075701,baseline,excess_return,0.05,0.013658146787533743
14881677,2022-06-01,3075701,baseline,excess_return,0.1,0.05896970489732822
14881677,2022-06-01,3075701,baseline,excess_return,0.25,0.10030397534623192
14881677,2022-06-01,3075701,baseline,excess_return,0.5,0.19731892551322883
14881677,2022-06-01,3075701,baseline,excess_return,0.75,0.3486135137442262
14881677,2022-06-01,3075701,baseline,excess_return,0.9,0.48605133850722715
14881677,2022-06-01,3075701,baseline,excess_return,0.95,0.4883131633836162
14881677,2022-06-01,3075701,baseline,excess_return,0.99,0.5574139878413411
14881677,2022-06-01,3075701,better_return,alpha,0.01,-0.23478491162651205
14881677,2022-06-01,3075701,better_return,alpha,0.05,-0.0014360737089905984
14881677,2022-06-01,3075701,better_return,alpha,0.1,0.001004592946180146
14881677,2022-06-01,3075701,better_return,alpha,0.25,0.09221078712663583
14881677,2022-06-01,3075701,better_return,alpha,0.5,0.29388415960548286
14881677,2022-06-01,3075701,better_return,alpha,0.75,0.42937968554370765
14881677,2022-06-01,3075701,better_return,alpha,0.9,0.57877235092821
14881677,2022-06-01,3075701,better_return,alpha,0.95,0.6753354253458185
14881677,2022-06-01,3075701,better_return,alpha,0.99,1.0119266298970264
14881677,2022-06-01,3075701,better_return,excess_return,0.01,-0.07074103285071098
14881677,2022-06-01,3075701,better_return,excess_return,0.05,0.026722031991400774
14881677,2022-06-01,3075701,better_return,excess_return,0.1,0.07267030314510703
14881677,2022-06-01,3075701,better_return,excess_return,0.25,0.14534680525570698
14881677,2022-06-01,3075701,better_return,excess_return,0.5,0.2273064924376924
14881677,2022-06-01,3075701,better_return,excess_return,0.75,0.3722877693418617
14881677,2022-06-01,3075701,better_return,excess_return,0.9,0.46885355164997045
14881677,2022-06-01,3075701,better_return,excess_return,0.95,0.4882989112795346
14881677,2022-06-01,3075701,better_return,excess_return,0.99,0.6437083267629813
14881677,2022-06-01,3075701,equal_weight,alpha,0.01,-0.16251542409650296
14881677,2022-06-01,3075701,equal_weight,alpha,0.05,0.00034690819349769003
14881677,2022-06-01,3075701,equal_weight,alpha,0.1,0.018312459480757715
14881677,2022-06-01,3075701,equal_weight,alpha,0.25,0.17432790946638377
14881677,2022-06-01,3075701,equal_weight,alpha,0.5,0.324310898900134
14881677,2022-06-01,3075701,equal_weight,alpha,0.75,0.42888238451744176
14881677,2022-06-01,3075701,equal_weight,alpha,0.9,0.5606212270301848
14881677,2022-06-01,3075701,equal_weight,alpha,0.95,0.6310285073189081
14881677,2022-06-01,3075701,equal_weight,alpha,0.99,0.9423993485637079
14881677,2022-06-01,3075701,equal_weight,excess_return,0.01,-0.02085339164407629
14881677,2022-06-01,3075701,equal_weight,excess_return,0.05,0.05681361025383469
14881677,2022-06-01,3075701,equal_weight,excess_return,0.1,0.09740301374556704
14881677,2022-06-01,3075701,equal_weight,excess_return,0.25,0.14856836833700682
14881677,2022-06-01,3075701,equal_weight,excess_return,0.5,0.23510158226460065
14881677,2022-06-01,3075701,equal_weight,excess_return,0.75,0.3216745737331317
14881677,2022-06-01,3075701,equal_weight,excess_return,0.9,0.4461338283380335
14881677,2022-06-01,3075701,equal_weight,excess_return,0.95,0.4876867784563823
14881677,2022-06-01,3075701,equal_weight,excess_return,0.99,0.6455564172321726
14881677,2022-06-01,3075701,max_sharpe,alpha,0.01,-0.3084108878298103
14881677,2022-06-01,3075701,max_sharpe,alpha,0.05,-0.055869352767953906
14881677,2022-06-01,3075701,max_sharpe,alpha,0.1,0.0013712264326763899
14881677,2022-06-01,3075701,max_sharpe,alpha,0.25,0.031789026215846325
14881677,2022-06-01,3075701,max_sharpe,alpha,0.5,0.24204318882979614
14881677,2022-06-01,3075701,max_sharpe,alpha,0.75,0.4091173908971014
14881677,2022-06-01,3075701,max_sharpe,alpha,0.9,0.6110824784829635
14881677,2022-06-01,3075701,max_sharpe,alpha,0.95,0.7199477835503402
14881677,2022-06-01,3075701,max_sharpe,alpha,0.99,1.0606519290026912
14881677,2022-06-01,3075701,max_sharpe,excess_return,0.01,-0.059512875803160004
14881677,2022-06-01,3075701,max_sharpe,excess_return,0.05,0.01701331772150405
14881677,2022-06-01,3075701,max_sharpe,excess_return,0.1,0.06407407648976038
14881677,2022-06-01,3075701,max_sharpe,excess_return,0.25,0.1327570467957585
14881677,2022-06-01,3075701,max_sharpe,excess_return,0.5,0.2529452463070775
14881677,2022-06-01,3075701,max_sharpe,excess_return,0.75,0.4551396317262262
14881677,2022-06-01,3075701,max_sharpe,excess_return,0.9,0.48688656057848767
14881677,2022-06-01,3075701,max_sharpe,excess_return,0.95,0.48913989695699756
14881677,2022-06-01,3075701,max_sharpe,excess_return,0.99,0.726305385771836
14881677,2022-06-01,3075701,mcap_weight,alpha,0.01,-0.06373222991438107
14881677,2022-06-01,3075701,mcap_weight,alpha,0.05,0.0004044596397577338
14881677,2022-06-01,3075701,mcap_weight,alpha,0.1,0.0015850249183995595
14881677,2022-06-01,3075701,mcap_weight,alpha,0.25,0.05145928552808963
14881677,2022-06-01,3075701,mcap_weight,alpha,0.5,0.2405503366628544
14881677,2022-06-01,3075701,mcap_weight,alpha,0.75,0.4010760210156029
14881677,2022-06-01,3075701,mcap_weight,alpha,0.9,0.5805235128029067
14881677,2022-06-01,3075701,mcap_weight,alpha,0.95,0.6606896588063778
14881677,2022-06-01,3075701,mcap_weight,alpha,0.99,0.8786933468837279
14881677,2022-06-01,3075701,mcap_weight,excess_return,0.01,-0.05188903891345609
14881677,2022-06-01,3075701,mcap_weight,excess_return,0.05,0.02985759092295448
14881677,2022-06-01,3075701,mcap_weight,excess_return,0.1,0.06707237421257473
14881677,2022-06-01,3075701,mcap_weight,excess_return,0.25,0.11761818265723822
14881677,2022-06-01,3075701,mcap_weight,excess_return,0.5,0.226424703270107
14881677,2022-06-01,3075701,mcap_weight,excess_return,0.75,0.4406677073486083
14881677,2022-06-01,3075701,mcap_weight,excess_return,0.9,0.486575292837488
14881677,2022-06-01,3075701,mcap_weight,excess_return,0.95,0.48779425015360456
14881677,2022-06-01,3075701,mcap_weight,excess_return,0.99,0.49426732228237036
14881677,2022-06-01,3075701,safer_risk,alpha,0.01,-0.20521982350729007
14881677,2022-06-01,3075701,safer_risk,alpha,0.05,-0.00015170618828681728
14881677,2022-06-01,3075701,safer_risk,alpha,0.1,0.007845647810909753
14881677,2022-06-01,3075701,safer_risk,alpha,0.25,0.09144619193023967
14881677,2022-06-01,3075701,safer_risk,alpha,0.5,0.27291605847679357
14881677,2022-06-01,3075701,safer_risk,alpha,0.75,0.40378151671573725
14881677,2022-06-01,3075701,safer_risk,alpha,0.9,0.5673959426001585
14881677,2022-06-01,3075701,safer_risk,alpha,0.95,0.6526872230523703
14881677,2022-06-01,3075701,safer_risk,alpha,0.99,0.9184889008674788
14881677,2022-06-01,3075701,safer_risk,excess_return,0.01,-0.06563408285235761
14881677,2022-06-01,3075701,safer_risk,excess_return,0.05,0.029566938087344896
14881677,2022-06-01,3075701,safer_risk,excess_return,0.1,0.07464436831547372
14881677,2022-06-01,3075701,safer_risk,excess_return,0.25,0.11829071442464578
14881677,2022-06-01,3075701,safer_risk,excess_return,0.5,0.21860505631021987
14881677,2022-06-01,3075701,safer_risk,excess_return,0.75,0.35587588625758415
14881677,2022-06-01,3075701,safer_risk,excess_return,0.9,0.4636401636140547
14881677,2022-06-01,3075701,safer_risk,excess_return,0.95,0.48770437615576046
14881677,2022-06-01,3075701,safer_risk,excess_return,0.99,0.5624069091765789
15053226,2022-07-01,3103058,baseline,alpha,0.01,-0.5292720924052395
15053226,2022-07-01,3103058,baseline,alpha,0.05,-0.4453365062319471
15053226,2022-07-01,3103058,baseline,alpha,0.1,-0.42531088772098824
15053226,2022-07-01,3103058,baseline,alpha,0.25,-0.2488026680585761
15053226,2022-07-01,3103058,baseline,alpha,0.5,-0.12681040567114343
15053226,2022-07-01,3103058,baseline,alpha,0.75,-0.02428954855431207
15053226,2022-07-01,3103058,baseline,alpha,0.9,0.05003405491108219
15053226,2022-07-01,3103058,baseline,alpha,0.95,0.14113913121076055
15053226,2022-07-01,3103058,baseline,alpha,0.99,0.5450957319017554
15053226,2022-07-01,3103058,baseline,excess_return,0.01,-0.4921441791499551
15053226,2022-07-01,3103058,baseline,excess_return,0.05,-0.4010684651406904
15053226,2022-07-01,3103058,baseline,excess_return,0.1,-0.39120309785164054
15053226,2022-07-01,3103058,baseline,excess_return,0.25,-0.27494882775096796
15053226,2022-07-01,3103058,baseline,excess_return,0.5,-0.17794567045890053
15053226,2022-07-01,3103058,baseline,excess_return,0.75,-0.08826473519047456
15053226,2022-07-01,3103058,baseline,excess_return,0.9,0.06294433738098959
15053226,2022-07-01,3103058,baseline,excess_return,0.95,0.15541370828656295
15053226,2022-07-01,3103058,baseline,excess_return,0.99,0.5100287360060713
15053226,2022-07-01,3103058,better_return,alpha,0.01,-0.5176571375137864
15053226,2022-07-01,3103058,better_return,alpha,0.05,-0.38640327535474195
15053226,2022-07-01,3103058,better_return,alpha,0.1,-0.3176407964180858
15053226,2022-07-01,3103058,better_return,alpha,0.25,-0.22209280934142178
15053226,2022-07-01,3103058,better_return,alpha,0.5,-0.12450124646596517
15053226,2022-07-01,3103058,better_return,alpha,0.75,-0.017990815363160953
15053226,2022-07-01,3103058,better_return,alpha,0.9,0.04878551152396908
15053226,2022-07-01,3103058,better_return,alpha,0.95,0.1553206761275548
15053226,2022-07-01,3103058,better_return,alpha,0.99,0.5496102025782464
15053226,2022-07-01,3103058,better_return,excess_return,0.01,-0.48011121754468233
15053226,2022-07-01,3103058,better_return,excess_return,0.05,-0.3769516007628332
15053226,2022-07-01,3103058,better_return,excess_return,0.1,-0.3155535405174881
15053226,2022-07-01,3103058,better_return,excess_return,0.25,-0.2670095844653415
15053226,2022-07-01,3103058,better_return,excess_return,0.5,-0.1767236244627397
15053226,2022-07-01,3103058,better_return,excess_return,0.75,-0.09280062941008183
15053226,2022-07-01,3103058,better_return,excess_return,0.9,0.04802792539816199
15053226,2022-07-01,3103058,better_return,excess_return,0.95,0.14419957456674581
15053226,2022-07-01,3103058,better_return,excess_return,0.99,0.5036265478836952
15053226,2022-07-01,3103058,equal_weight,alpha,0.01,-0.4672006270170138
15053226,2022-07-01,3103058,equal_weight,alpha,0.05,-0.35176655821108055
15053226,2022-07-01,3103058,equal_weight,alpha,0.1,-0.31810861171148236
15053226,2022-07-01,3103058,equal_weight,alpha,0.25,-0.22907274043320186
15053226,2022-07-01,3103058,equal_weight,alpha,0.5,-0.12900042800075412
15053226,2022-07-01,3103058,equal_weight,alpha,0.75,-0.04135043569047997
15053226,2022-07-01,3103058,equal_weight,alpha,0.9,0.039800166519581376
15053226,2022-07-01,3103058,equal_weight,alpha,0.95,0.1395077463838566
15053226,2022-07-01,3103058,equal_weight,alpha,0.99,0.8261903018717636
15053226,2022-07-01,3103058,equal_weight,excess_return,0.01,-0.4468897418464852
15053226,2022-07-01,3103058,equal_weight,excess_return,0.05,-0.3386509449012033
15053226,2022-07-01,3103058,equal_weight,excess_return,0.1,-0.29368558640655884
15053226,2022-07-01,3103058,equal_weight,excess_return,0.25,-0.2612136616845275
15053226,2022-07-01,3103058,equal_weight,excess_return,0.5,-0.16705520598578616
15053226,2022-07-01,3103058,equal_weight,excess_return,0.75,-0.08420840091905779
15053226,2022-07-01,3103058,equal_weight,excess_return,0.9,0.0355293987134242
15053226,2022-07-01,3103058,equal_weight,excess_return,0.95,0.1335225381358096
15053226,2022-07-01,3103058,equal_weight,excess_return,0.99,0.6675294686994091
15053226,2022-07-01,3103058,max_sharpe,alpha,0.01,-0.5985059829169593
15053226,2022-07-01,3103058,max_sharpe,alpha,0.05,-0.45581169393686133
15053226,2022-07-01,3103058,max_sharpe,alpha,0.1,-0.34667166576905273
15053226,2022-07-01,3103058,max_sharpe,alpha,0.25,-0.2363484522226117
15053226,2022-07-01,3103058,max_sharpe,alpha,0.5,-0.112423504427411
15053226,2022-07-01,3103058,max_sharpe,alpha,0.75,-0.011495199978279348
15053226,2022-07-01,3103058,max_sharpe,alpha,0.9,0.01845744707152431
15053226,2022-07-01,3103058,max_sharpe,alpha,0.95,0.1514323286383703
15053226,2022-07-01,3103058,max_sharpe,alpha,0.99,0.9125073053007773
15053226,2022-07-01,3103058,max_sharpe,excess_return,0.01,-0.5784472249714614
15053226,2022-07-01,3103058,max_sharpe,excess_return,0.05,-0.4256163161585582
15053226,2022-07-01,3103058,max_sharpe,excess_return,0.1,-0.33701435694333204
15053226,2022-07-01,3103058,max_sharpe,excess_return,0.25,-0.2771932894728263
15053226,2022-07-01,3103058,max_sharpe,excess_return,0.5,-0.2246648248722003
15053226,2022-07-01,3103058,max_sharpe,excess_return,0.75,-0.10804502364458712
15053226,2022-07-01,3103058,max_sharpe,excess_return,0.9,0.04744836270618065
15053226,2022-07-01,3103058,max_sharpe,excess_return,0.95,0.13641637320996503
15053226,2022-07-01,3103058,max_sharpe,excess_return,0.99,0.7453723573296939
15053226,2022-07-01,3103058,mcap_weight,alpha,0.01,-0.47650990015094674
15053226,2022-07-01,3103058,mcap_weight,alpha,0.05,-0.41692766976487855
15053226,2022-07-01,3103058,mcap_weight,alpha,0.1,-0.4076987544347138
15053226,2022-07-01,3103058,mcap_weight,alpha,0.25,-0.23779388785462702
15053226,2022-07-01,3103058,mcap_weight,alpha,0.5,-0.09740359517498282
15053226,2022-07-01,3103058,mcap_weight,alpha,0.75,-0.003191620404824817
15053226,2022-07-01,3103058,mcap_weight,alpha,0.9,0.009442518689776788
15053226,2022-07-01,3103058,mcap_weight,alpha,0.95,0.06594976075991882
15053226,2022-07-01,3103058,mcap_weight,alpha,0.99,0.3809380271322196
15053226,2022-07-01,3103058,mcap_weight,excess_return,0.01,-0.4168618861868516
15053226,2022-07-01,3103058,mcap_weight,excess_return,0.05,-0.3725226239800763
15053226,2022-07-01,3103058,mcap_weight,excess_return,0.1,-0.36228286736288917
15053226,2022-07-01,3103058,mcap_weight,excess_return,0.25,-0.2743153713778098
15053226,2022-07-01,3103058,mcap_weight,excess_return,0.5,-0.21446976840985332
15053226,2022-07-01,3103058,mcap_weight,excess_return,0.75,-0.1027072641561233
15053226,2022-07-01,3103058,mcap_weight,excess_return,0.9,0.03911880716512117
15053226,2022-07-01,3103058,mcap_weight,excess_return,0.95,0.10402169754766244
15053226,2022-07-01,3103058,mcap_weight,excess_return,0.99,0.41784389006381134
15053226,2022-07-01,3103058,safer_risk,alpha,0.01,-0.5015581707918797
15053226,2022-07-01,3103058,safer_risk,alpha,0.05,-0.4178001721296002
15053226,2022-07-01,3103058,safer_risk,alpha,0.1,-0.4071058851951883
15053226,2022-07-01,3103058,safer_risk,alpha,0.25,-0.23679613233541935
15053226,2022-07-01,3103058,safer_risk,alpha,0.5,-0.11346464419013427
15053226,2022-07-01,3103058,safer_risk,alpha,0.75,-0.012990618147541655
15053226,2022-07-01,3103058,safer_risk,alpha,0.9,0.053558789800048516
15053226,2022-07-01,3103058,safer_risk,alpha,0.95,0.136170705004005
15053226,2022-07-01,3103058,safer_risk,alpha,0.99,0.509958620432746
15053226,2022-07-01,3103058,safer_risk,excess_return,0.01,-0.46188245229952696
15053226,2022-07-01,3103058,safer_risk,excess_return,0.05,-0.3734907845588087
15053226,2022-07-01,3103058,safer_risk,excess_return,0.1,-0.36927405926082746
15053226,2022-07-01,3103058,safer_risk,excess_return,0.25,-0.273607856878472
15053226,2022-07-01,3103058,safer_risk,excess_return,0.5,-0.18267662449929956
15053226,2022-07-01,3103058,safer_risk,excess_return,0.75,-0.08679495751663002
15053226,2022-07-01,3103058,safer_risk,excess_return,0.9,0.045708517004054317
15053226,2022-07-01,3103058,safer_risk,excess_return,0.95,0.13784408060578346
15053226,2022-07-01,3103058,safer_risk,excess_return,0.99,0.48523313787041333
15253306,2022-08-01,3154145,baseline,alpha,0.01,-0.2658506178429687
15253306,2022-08-01,3154145,baseline,alpha,0.05,-0.16941406826285205
15253306,2022-08-01,3154145,baseline,alpha,0.1,-0.12402369138055816
15253306,2022-08-01,3154145,baseline,alpha,0.25,-0.06381045186904608
15253306,2022-08-01,3154145,baseline,alpha,0.5,-0.02657954635909933
15253306,2022-08-01,3154145,baseline,alpha,0.75,0.009852827860398532
15253306,2022-08-01,3154145,baseline,alpha,0.9,0.10064646375079953
15253306,2022-08-01,3154145,baseline,alpha,0.95,0.1538067697453402
15253306,2022-08-01,3154145,baseline,alpha,0.99,0.49850809468811774
15253306,2022-08-01,3154145,baseline,excess_return,0.01,-0.24637404809828922
15253306,2022-08-01,3154145,baseline,excess_return,0.05,-0.15925792824756296
15253306,2022-08-01,3154145,baseline,excess_return,0.1,-0.11645056508704454
15253306,2022-08-01,3154145,baseline,excess_return,0.25,-0.059421215833235716
15253306,2022-08-01,3154145,baseline,excess_return,0.5,-0.0036040182446725327
15253306,2022-08-01,3154145,baseline,excess_return,0.75,0.07579898697933003
15253306,2022-08-01,3154145,baseline,excess_return,0.9,0.12286638373545716
15253306,2022-08-01,3154145,baseline,excess_return,0.95,0.17243045142651198
15253306,2022-08-01,3154145,baseline,excess_return,0.99,0.513703380657509
15253306,2022-08-01,3154145,better_return,alpha,0.01,-0.26104757224257397
15253306,2022-08-01,3154145,better_return,alpha,0.05,-0.17059044203678572
15253306,2022-08-01,3154145,better_return,alpha,0.1,-0.12937090276848726
15253306,2022-08-01,3154145,better_return,alpha,0.25,-0.07223242803381326
15253306,2022-08-01,3154145,better_return,alpha,0.5,-0.03392901994072309
15253306,2022-08-01,3154145,better_return,alpha,0.75,0.00787614476768965
15253306,2022-08-01,3154145,better_return,alpha,0.9,0.11868518927331073
15253306,2022-08-01,3154145,better_return,alpha,0.95,0.2537194527140312
15253306,2022-08-01,3154145,better_return,alpha,0.99,0.5041231957532655
15253306,2022-08-01,3154145,better_return,excess_return,0.01,-0.24279762792661963
15253306,2022-08-01,3154145,better_return,excess_return,0.05,-0.1578033512876165
15253306,2022-08-01,3154145,better_return,excess_return,0.1,-0.11704478584840203
15253306,2022-08-01,3154145,better_return,excess_return,0.25,-0.06515324918375802
15253306,2022-08-01,3154145,better_return,excess_return,0.5,-0.004289105838239646
15253306,2022-08-01,3154145,better_return,excess_return,0.75,0.06944419834024125
15253306,2022-08-01,3154145,better_return,excess_return,0.9,0.1390892290694667
15253306,2022-08-01,3154145,better_return,excess_return,0.95,0.2925808888559797
15253306,2022-08-01,3154145,better_return,excess_return,0.99,0.5128173512148884
15253306,2022-08-01,3154145,equal_weight,alpha,0.01,-0.21393615312077924
15253306,2022-08-01,3154145,equal_weight,alpha,0.05,-0.13975510789627496
15253306,2022-08-01,3154145,equal_weight,alpha,0.1,-0.10891975509047938
15253306,2022-08-01,3154145,equal_weight,alpha,0.25,-0.0777632323349134
15253306,2022-08-01,3154145,equal_weight,alpha,0.5,-0.029564908267354237
15253306,2022-08-01,3154145,equal_weight,alpha,0.75,0.014133280659367545
15253306,2022-08-01,3154145,equal_weight,alpha,0.9,0.09903772453677559
15253306,2022-08-01,3154145,equal_weight,alpha,0.95,0.15627460370493357
15253306,2022-08-01,3154145,equal_weight,alpha,0.99,0.3780502284195201
15253306,2022-08-01,3154145,equal_weight,excess_return,0.01,-0.19564043860788766
15253306,2022-08-01,3154145,equal_weight,excess_return,0.05,-0.12552198935367037
15253306,2022-08-01,3154145,equal_weight,excess_return,0.1,-0.09477775987182362
15253306,2022-08-01,3154145,equal_weight,excess_return,0.25,-0.062451287254317187
15253306,2022-08-01,3154145,equal_weight,excess_return,0.5,-0.0021425705151008473
15253306,2022-08-01,3154145,equal_weight,excess_return,0.75,0.05601806857201293
15253306,2022-08-01,3154145,equal_weight,excess_return,0.9,0.1249472434945905
15253306,2022-08-01,3154145,equal_weight,excess_return,0.95,0.17904233915370465
15253306,2022-08-01,3154145,equal_weight,excess_return,0.99,0.4027552290584467
15253306,2022-08-01,3154145,max_sharpe,alpha,0.01,-0.2961933671348176
15253306,2022-08-01,3154145,max_sharpe,alpha,0.05,-0.1948565178603946
15253306,2022-08-01,3154145,max_sharpe,alpha,0.1,-0.15149516400476812
15253306,2022-08-01,3154145,max_sharpe,alpha,0.25,-0.10576364090860989
15253306,2022-08-01,3154145,max_sharpe,alpha,0.5,-0.04100859917543348
15253306,2022-08-01,3154145,max_sharpe,alpha,0.75,0.013670812514434003
15253306,2022-08-01,3154145,max_sharpe,alpha,0.9,0.13192880544503027
15253306,2022-08-01,3154145,max_sharpe,alpha,0.95,0.2537194526497612
15253306,2022-08-01,3154145,max_sharpe,alpha,0.99,0.6082342501661723
15253306,2022-08-01,3154145,max_sharpe,excess_return,0.01,-0.2715000965244209
15253306,2022-08-01,3154145,max_sharpe,excess_return,0.05,-0.1792540841246279
15253306,2022-08-01,3154145,max_sharpe,excess_return,0.1,-0.1424621293183133
15253306,2022-08-01,3154145,max_sharpe,excess_return,0.25,-0.10694869012897816
15253306,2022-08-01,3154145,max_sharpe,excess_return,0.5,-0.020770842471348125
15253306,2022-08-01,3154145,max_sharpe,excess_return,0.75,0.07163491134597706
15253306,2022-08-01,3154145,max_sharpe,excess_return,0.9,0.14895121381872328
15253306,2022-08-01,3154145,max_sharpe,excess_return,0.95,0.30338085958432776
15253306,2022-08-01,3154145,max_sharpe,excess_return,0.99,0.623767412316207
15253306,2022-08-01,3154145,mcap_weight,alpha,0.01,-0.2160550001910432
15253306,2022-08-01,3154145,mcap_weight,alpha,0.05,-0.14719507113038963
15253306,2022-08-01,3154145,mcap_weight,alpha,0.1,-0.1070362707432709
15253306,2022-08-01,3154145,mcap_weight,alpha,0.25,-0.06368004138210835
15253306,2022-08-01,3154145,mcap_weight,alpha,0.5,-0.014653198862679746
15253306,2022-08-01,3154145,mcap_weight,alpha,0.75,0.002237575377837672
15253306,2022-08-01,3154145,mcap_weight,alpha,0.9,0.06998234031783786
15253306,2022-08-01,3154145,mcap_weight,alpha,0.95,0.146202063721944
15253306,2022-08-01,3154145,mcap_weight,alpha,0.99,0.4153524364084351
15253306,2022-08-01,3154145,mcap_weight,excess_return,0.01,-0.20744919427051198
15253306,2022-08-01,3154145,mcap_weight,excess_return,0.05,-0.13764758460709942
15253306,2022-08-01,3154145,mcap_weight,excess_return,0.1,-0.10748918318235083
15253306,2022-08-01,3154145,mcap_weight,excess_return,0.25,-0.05927904139088096
15253306,2022-08-01,3154145,mcap_weight,excess_return,0.5,0.012984364538346407
15253306,2022-08-01,3154145,mcap_weight,excess_return,0.75,0.08178123958555723
15253306,2022-08-01,3154145,mcap_weight,excess_return,0.9,0.1026795811808928
15253306,2022-08-01,3154145,mcap_weight,excess_return,0.95,0.16328101555679744
15253306,2022-08-01,3154145,mcap_weight,excess_return,0.99,0.4368550003964118
15253306,2022-08-01,3154145,safer_risk,alpha,0.01,-0.24601842675606445
15253306,2022-08-01,3154145,safer_risk,alpha,0.05,-0.1548882738122398
15253306,2022-08-01,3154145,safer_risk,alpha,0.1,-0.11382510772785111
15253306,2022-08-01,3154145,safer_risk,alpha,0.25,-0.06487797333705599
15253306,2022-08-01,3154145,safer_risk,alpha,0.5,-0.023423323634706412
15253306,2022-08-01,3154145,safer_risk,alpha,0.75,0.010936029277494309
15253306,2022-08-01,3154145,safer_risk,alpha,0.9,0.09050331847615443
15253306,2022-08-01,3154145,safer_risk,alpha,0.95,0.14670164706330596
15253306,2022-08-01,3154145,safer_risk,alpha,0.99,0.45556389481630455
15253306,2022-08-01,3154145,safer_risk,excess_return,0.01,-0.22670326241156052
15253306,2022-08-01,3154145,safer_risk,excess_return,0.05,-0.1421690921326081
15253306,2022-08-01,3154145,safer_risk,excess_return,0.1,-0.10520830420296401
15253306,2022-08-01,3154145,safer_risk,excess_return,0.25,-0.0627403520616711
15253306,2022-08-01,3154145,safer_risk,excess_return,0.5,0.007700639551983149
15253306,2022-08-01,3154145,safer_risk,excess_return,0.75,0.06941440855489674
15253306,2022-08-01,3154145,safer_risk,excess_return,0.9,0.11765756107769541
15253306,2022-08-01,3154145,safer_risk,excess_return,0.95,0.16846234786189263
15253306,2022-08-01,3154145,safer_risk,excess_return,0.99,0.4739745569341176
15449618,2022-09-01,3172900,baseline,alpha,0.01,-0.24803877833884427
15449618,2022-09-01,3172900,baseline,alpha,0.05,-0.13376105121679782
15449618,2022-09-01,3172900,baseline,alpha,0.1,-0.0852231545587106
15449618,2022-09-01,3172900,baseline,alpha,0.25,-0.031050715459015242
15449618,2022-09-01,3172900,baseline,alpha,0.5,-0.000595730632797811
15449618,2022-09-01,3172900,baseline,alpha,0.75,0.030605922368242194
15449618,2022-09-01,3172900,baseline,alpha,0.9,0.1026678189629488
15449618,2022-09-01,3172900,baseline,alpha,0.95,0.15211628516341075
15449618,2022-09-01,3172900,baseline,alpha,0.99,0.3186581521038033
15449618,2022-09-01,3172900,baseline,excess_return,0.01,-0.23218963212552085
15449618,2022-09-01,3172900,baseline,excess_return,0.05,-0.12067721167370103
15449618,2022-09-01,3172900,baseline,excess_return,0.1,-0.07116885795874253
15449618,2022-09-01,3172900,baseline,excess_return,0.25,-0.019680987049281826
15449618,2022-09-01,3172900,baseline,excess_return,0.5,0.028767296219215463
15449618,2022-09-01,3172900,baseline,excess_return,0.75,0.1021991024470011
15449618,2022-09-01,3172900,baseline,excess_return,0.9,0.1325249840897461
15449618,2022-09-01,3172900,baseline,excess_return,0.95,0.17815183856940345
15449618,2022-09-01,3172900,baseline,excess_return,0.99,0.3425993668386598
15449618,2022-09-01,3172900,better_return,alpha,0.01,-0.26267801656996076
15449618,2022-09-01,3172900,better_return,alpha,0.05,-0.13225187961873305
15449618,2022-09-01,3172900,better_return,alpha,0.1,-0.0921310116306169
15449618,2022-09-01,3172900,better_return,alpha,0.25,-0.03524749161623325
15449618,2022-09-01,3172900,better_return,alpha,0.5,-2.887209663656842e-05
15449618,2022-09-01,3172900,better_return,alpha,0.75,0.03402852934579912
15449618,2022-09-01,3172900,better_return,alpha,0.9,0.10685863354875555
15449618,2022-09-01,3172900,better_return,alpha,0.95,0.16349847804126005
15449618,2022-09-01,3172900,better_return,alpha,0.99,0.36244707663373094
15449618,2022-09-01,3172900,better_return,excess_return,0.01,-0.236640278438853
15449618,2022-09-01,3172900,better_return,excess_return,0.05,-0.11847363480255665
15449618,2022-09-01,3172900,better_return,excess_return,0.1,-0.07560933433301985
15449618,2022-09-01,3172900,better_return,excess_return,0.25,-0.018410012580710053
15449618,2022-09-01,3172900,better_return,excess_return,0.5,0.02262046550573564
15449618,2022-09-01,3172900,better_return,excess_return,0.75,0.09739953590191643
15449618,2022-09-01,3172900,better_return,excess_return,0.9,0.1377899440053298
15449618,2022-09-01,3172900,better_return,excess_return,0.95,0.18945760091139965
15449618,2022-09-01,3172900,better_return,excess_return,0.99,0.37990534781932284
15449618,2022-09-01,3172900,equal_weight,alpha,0.01,-0.19654764778447587
15449618,2022-09-01,3172900,equal_weight,alpha,0.05,-0.10523906011977087
15449618,2022-09-01,3172900,equal_weight,alpha,0.1,-0.07128116408701166
15449618,2022-09-01,3172900,equal_weight,alpha,0.25,-0.03520128744269499
15449618,2022-09-01,3172900,equal_weight,alpha,0.5,9.39410945612339e-05
15449618,2022-09-01,3172900,equal_weight,alpha,0.75,0.04006877229518187
15449618,2022-09-01,3172900,equal_weight,alpha,0.9,0.08899802022860553
15449618,2022-09-01,3172900,equal_weight,alpha,0.95,0.1287475047984823
15449618,2022-09-01,3172900,equal_weight,alpha,0.99,0.35380720711182045
15449618,2022-09-01,3172900,equal_weight,excess_return,0.01,-0.16718243809422734
15449618,2022-09-01,3172900,equal_weight,excess_return,0.05,-0.08464617435272434
15449618,2022-09-01,3172900,equal_weight,excess_return,0.1,-0.05400226845817331
15449618,2022-09-01,3172900,equal_weight,excess_return,0.25,-0.008801254013505913
15449618,2022-09-01,3172900,equal_weight,excess_return,0.5,0.040279872694613014
15449618,2022-09-01,3172900,equal_weight,excess_return,0.75,0.08367395317285699
15449618,2022-09-01,3172900,equal_weight,excess_return,0.9,0.12867127158349617
15449618,2022-09-01,3172900,equal_weight,excess_return,0.95,0.16991376993053625
15449618,2022-09-01,3172900,equal_weight,excess_return,0.99,0.3867176965030775
15449618,2022-09-01,3172900,max_sharpe,alpha,0.01,-0.30312750321668935
15449618,2022-09-01,3172900,max_sharpe,alpha,0.05,-0.15238779236881198
15449618,2022-09-01,3172900,max_sharpe,alpha,0.1,-0.1098769311366607
15449618,2022-09-01,3172900,max_sharpe,alpha,0.25,-0.04184393593684545
15449618,2022-09-01,3172900,max_sharpe,alpha,0.5,0.0003882526924373177
15449618,2022-09-01,3172900,max_sharpe,alpha,0.75,0.06587432689147854
15449618,2022-09-01,3172900,max_sharpe,alpha,0.9,0.1340867774713941
15449618,2022-09-01,3172900,max_sharpe,alpha,0.95,0.20606935739171273
15449618,2022-09-01,3172900,max_sharpe,alpha,0.99,0.34158284289575
15449618,2022-09-01,3172900,max_sharpe,excess_return,0.01,-0.24040791207770612
15449618,2022-09-01,3172900,max_sharpe,excess_return,0.05,-0.14065088923117283
15449618,2022-09-01,3172900,max_sharpe,excess_return,0.1,-0.10469916162435745
15449618,2022-09-01,3172900,max_sharpe,excess_return,0.25,-0.02456413974486589
15449618,2022-09-01,3172900,max_sharpe,excess_return,0.5,0.01681140280292863
15449618,2022-09-01,3172900,max_sharpe,excess_return,0.75,0.09419634781014445
15449618,2022-09-01,3172900,max_sharpe,excess_return,0.9,0.15110438252211017
15449618,2022-09-01,3172900,max_sharpe,excess_return,0.95,0.24228058217216458
15449618,2022-09-01,3172900,max_sharpe,excess_return,0.99,0.3534290745362994
15449618,2022-09-01,3172900,mcap_weight,alpha,0.01,-0.18965814388734858
15449618,2022-09-01,3172900,mcap_weight,alpha,0.05,-0.10688717228767726
15449618,2022-09-01,3172900,mcap_weight,alpha,0.1,-0.05764146398941289
15449618,2022-09-01,3172900,mcap_weight,alpha,0.25,-0.017949966674059625
15449618,2022-09-01,3172900,mcap_weight,alpha,0.5,0.00016482173971447652
15449618,2022-09-01,3172900,mcap_weight,alpha,0.75,0.014111062700907569
15449618,2022-09-01,3172900,mcap_weight,alpha,0.9,0.07084090943408736
15449618,2022-09-01,3172900,mcap_weight,alpha,0.95,0.1346799440935849
15449618,2022-09-01,3172900,mcap_weight,alpha,0.99,0.23466967373608366
15449618,2022-09-01,3172900,mcap_weight,excess_return,0.01,-0.16460186198872445
15449618,2022-09-01,3172900,mcap_weight,excess_return,0.05,-0.0951006235668842
15449618,2022-09-01,3172900,mcap_weight,excess_return,0.1,-0.03740754661006791
15449618,2022-09-01,3172900,mcap_weight,excess_return,0.25,-0.015935627267205307
15449618,2022-09-01,3172900,mcap_weight,excess_return,0.5,0.04769917538950812
15449618,2022-09-01,3172900,mcap_weight,excess_return,0.75,0.10739725312605868
15449618,2022-09-01,3172900,mcap_weight,excess_return,0.9,0.1147058270253201
15449618,2022-09-01,3172900,mcap_weight,excess_return,0.95,0.1517913757311598
15449618,2022-09-01,3172900,mcap_weight,excess_return,0.99,0.25792241478290834
15449618,2022-09-01,3172900,safer_risk,alpha,0.01,-0.2278848349995185
15449618,2022-09-01,3172900,safer_risk,alpha,0.05,-0.12200100381027547
15449618,2022-09-01,3172900,safer_risk,alpha,0.1,-0.07752187670047533
15449618,2022-09-01,3172900,safer_risk,alpha,0.25,-0.027863252614625987
15449618,2022-09-01,3172900,safer_risk,alpha,0.5,0.0003388258826245409
15449618,2022-09-01,3172900,safer_risk,alpha,0.75,0.03232773723640665
15449618,2022-09-01,3172900,safer_risk,alpha,0.9,0.09799329679073386
15449618,2022-09-01,3172900,safer_risk,alpha,0.95,0.1455840421686004
15449618,2022-09-01,3172900,safer_risk,alpha,0.99,0.30473799306644755
15449618,2022-09-01,3172900,safer_risk,excess_return,0.01,-0.2151794986650984
15449618,2022-09-01,3172900,safer_risk,excess_return,0.05,-0.10638595767825317
15449618,2022-09-01,3172900,safer_risk,excess_return,0.1,-0.058330640160494565
15449618,2022-09-01,3172900,safer_risk,excess_return,0.25,-0.011285898004012543
15449618,2022-09-01,3172900,safer_risk,excess_return,0.5,0.04083539788739281
15449618,2022-09-01,3172900,safer_risk,excess_return,0.75,0.09670664118077842
15449618,2022-09-01,3172900,safer_risk,excess_return,0.9,0.13024959996952715
15449618,2022-09-01,3172900,safer_risk,excess_return,0.95,0.17400321795994778
15449618,2022-09-01,3172900,safer_risk,excess_return,0.99,0.3395429149242582
15649595,2022-10-01,3182512,baseline,alpha,0.01,-0.27975128389440485
15649595,2022-10-01,3182512,baseline,alpha,0.05,-0.17865595441497112
15649595,2022-10-01,3182512,baseline,alpha,0.1,-0.12978479748097368
15649595,2022-10-01,3182512,baseline,alpha,0.25,-0.07805963559991523
15649595,2022-10-01,3182512,baseline,alpha,0.5,-0.017377880722613818
15649595,2022-10-01,3182512,baseline,alpha,0.75,0.006402105104380831
15649595,2022-10-01,3182512,baseline,alpha,0.9,0.05354257575233999
15649595,2022-10-01,3182512,baseline,alpha,0.95,0.13161015508239027
15649595,2022-10-01,3182512,baseline,alpha,0.99,0.351602256762978
15649595,2022-10-01,3182512,baseline,excess_return,0.01,-0.2803042401892379
15649595,2022-10-01,3182512,baseline,excess_return,0.05,-0.17467972621450253
15649595,2022-10-01,3182512,baseline,excess_return,0.1,-0.12565098111891898
15649595,2022-10-01,3182512,baseline,excess_return,0.25,-0.07370630075112468
15649595,2022-10-01,3182512,baseline,excess_return,0.5,-0.013015541468341399
15649595,2022-10-01,3182512,baseline,excess_return,0.75,0.026416912326011607
15649595,2022-10-01,3182512,baseline,excess_return,0.9,0.06165649428328313
15649595,2022-10-01,3182512,baseline,excess_return,0.95,0.138628349564375
15649595,2022-10-01,3182512,baseline,excess_return,0.99,0.3596570694822155
15649595,2022-10-01,3182512,better_return,alpha,0.01,-0.2675458706218987
15649595,2022-10-01,3182512,better_return,alpha,0.05,-0.21570883339407737
15649595,2022-10-01,3182512,better_return,alpha,0.1,-0.14823355608087466
15649595,2022-10-01,3182512,better_return,alpha,0.25,-0.08319690293085115
15649595,2022-10-01,3182512,better_return,alpha,0.5,-0.023800324225889742
15649595,2022-10-01,3182512,better_return,alpha,0.75,0.001604422004879362
15649595,2022-10-01,3182512,better_return,alpha,0.9,0.06009721618524923
15649595,2022-10-01,3182512,better_return,alpha,0.95,0.134654848696829
15649595,2022-10-01,3182512,better_return,alpha,0.99,0.3354815085145106
15649595,2022-10-01,3182512,better_return,excess_return,0.01,-0.2679356579305701
15649595,2022-10-01,3182512,better_return,excess_return,0.05,-0.21005944882459343
15649595,2022-10-01,3182512,better_return,excess_return,0.1,-0.14258749647111774
15649595,2022-10-01,3182512,better_return,excess_return,0.25,-0.07811856251807488
15649595,2022-10-01,3182512,better_return,excess_return,0.5,-0.013488932430340786
15649595,2022-10-01,3182512,better_return,excess_return,0.75,0.02103593356185289
15649595,2022-10-01,3182512,better_return,excess_return,0.9,0.07104713665912243
15649595,2022-10-01,3182512,better_return,excess_return,0.95,0.1432801774167318
15649595,2022-10-01,3182512,better_return,excess_return,0.99,0.33373251816837135
15649595,2022-10-01,3182512,equal_weight,alpha,0.01,-0.21966014835740635
15649595,2022-10-01,3182512,equal_weight,alpha,0.05,-0.14800162731067665
15649595,2022-10-01,3182512,equal_weight,alpha,0.1,-0.11586414254361235
15649595,2022-10-01,3182512,equal_weight,alpha,0.25,-0.0740509320641916
15649595,2022-10-01,3182512,equal_weight,alpha,0.5,-0.031954609672772
15649595,2022-10-01,3182512,equal_weight,alpha,0.75,-0.0006451548782981996
15649595,2022-10-01,3182512,equal_weight,alpha,0.9,0.05343203711771502
15649595,2022-10-01,3182512,equal_weight,alpha,0.95,0.10500735980078317
15649595,2022-10-01,3182512,equal_weight,alpha,0.99,0.2980935454394306
15649595,2022-10-01,3182512,equal_weight,excess_return,0.01,-0.20489511829348933
15649595,2022-10-01,3182512,equal_weight,excess_return,0.05,-0.14317776491910336
15649595,2022-10-01,3182512,equal_weight,excess_return,0.1,-0.11000725701028731
15649595,2022-10-01,3182512,equal_weight,excess_return,0.25,-0.0698593844700179
15649595,2022-10-01,3182512,equal_weight,excess_return,0.5,-0.0305884516301322
15649595,2022-10-01,3182512,equal_weight,excess_return,0.75,0.0163912551778828
15649595,2022-10-01,3182512,equal_weight,excess_return,0.9,0.061037199399157326
15649595,2022-10-01,3182512,equal_weight,excess_return,0.95,0.1115982385778149
15649595,2022-10-01,3182512,equal_weight,excess_return,0.99,0.30588082572661573
15649595,2022-10-01,3182512,max_sharpe,alpha,0.01,-0.29830436175498765
15649595,2022-10-01,3182512,max_sharpe,alpha,0.05,-0.251044487261612
15649595,2022-10-01,3182512,max_sharpe,alpha,0.1,-0.17220326632588395
15649595,2022-10-01,3182512,max_sharpe,alpha,0.25,-0.10734708510220685
15649595,2022-10-01,3182512,max_sharpe,alpha,0.5,-0.03262023444146545
15649595,2022-10-01,3182512,max_sharpe,alpha,0.75,-0.0007042911989515779
15649595,2022-10-01,3182512,max_sharpe,alpha,0.9,0.07439694133633257
15649595,2022-10-01,3182512,max_sharpe,alpha,0.95,0.18397046951688265
15649595,2022-10-01,3182512,max_sharpe,alpha,0.99,0.35196070644176225
15649595,2022-10-01,3182512,max_sharpe,excess_return,0.01,-0.293640148217481
15649595,2022-10-01,3182512,max_sharpe,excess_return,0.05,-0.2415802279512423
15649595,2022-10-01,3182512,max_sharpe,excess_return,0.1,-0.16997059772888062
15649595,2022-10-01,3182512,max_sharpe,excess_return,0.25,-0.10347204442026732
15649595,2022-10-01,3182512,max_sharpe,excess_return,0.5,-0.02405711526114236
15649595,2022-10-01,3182512,max_sharpe,excess_return,0.75,0.020593031560477468
15649595,2022-10-01,3182512,max_sharpe,excess_return,0.9,0.07572991010759504
15649595,2022-10-01,3182512,max_sharpe,excess_return,0.95,0.19465826240497935
15649595,2022-10-01,3182512,max_sharpe,excess_return,0.99,0.35260428017163786
15649595,2022-10-01,3182512,mcap_weight,alpha,0.01,-0.25848948363218066
15649595,2022-10-01,3182512,mcap_weight,alpha,0.05,-0.14405563316900288
15649595,2022-10-01,3182512,mcap_weight,alpha,0.1,-0.11491660473262351
15649595,2022-10-01,3182512,mcap_weight,alpha,0.25,-0.06398072306303525
15649595,2022-10-01,3182512,mcap_weight,alpha,0.5,-0.009886088675518177
15649595,2022-10-01,3182512,mcap_weight,alpha,0.75,-0.000572018955085372
15649595,2022-10-01,3182512,mcap_weight,alpha,0.9,0.01947219282880993
15649595,2022-10-01,3182512,mcap_weight,alpha,0.95,0.0685895014306766
15649595,2022-10-01,3182512,mcap_weight,alpha,0.99,0.2837549918640633
15649595,2022-10-01,3182512,mcap_weight,excess_return,0.01,-0.2527005903145582
15649595,2022-10-01,3182512,mcap_weight,excess_return,0.05,-0.1377303531229298
15649595,2022-10-01,3182512,mcap_weight,excess_return,0.1,-0.11189250142231885
15649595,2022-10-01,3182512,mcap_weight,excess_return,0.25,-0.059227758269287376
15649595,2022-10-01,3182512,mcap_weight,excess_return,0.5,-0.0034900753137791646
15649595,2022-10-01,3182512,mcap_weight,excess_return,0.75,0.027910298140407394
15649595,2022-10-01,3182512,mcap_weight,excess_return,0.9,0.031215317412578922
15649595,2022-10-01,3182512,mcap_weight,excess_return,0.95,0.07680950284294234
15649595,2022-10-01,3182512,mcap_weight,excess_return,0.99,0.2940490105616421
15649595,2022-10-01,3182512,safer_risk,alpha,0.01,-0.2642542112522727
15649595,2022-10-01,3182512,safer_risk,alpha,0.05,-0.16762579933071664
15649595,2022-10-01,3182512,safer_risk,alpha,0.1,-0.12450748749415408
15649595,2022-10-01,3182512,safer_risk,alpha,0.25,-0.07361627000701396
15649595,2022-10-01,3182512,safer_risk,alpha,0.5,-0.019051787951157667
15649595,2022-10-01,3182512,safer_risk,alpha,0.75,0.001604422004879473
15649595,2022-10-01,3182512,safer_risk,alpha,0.9,0.04723812570605101
15649595,2022-10-01,3182512,safer_risk,alpha,0.95,0.11708804660819624
15649595,2022-10-01,3182512,safer_risk,alpha,0.99,0.3283485798023101
15649595,2022-10-01,3182512,safer_risk,excess_return,0.01,-0.2640981655017834
15649595,2022-10-01,3182512,safer_risk,excess_return,0.05,-0.1622961893929965
15649595,2022-10-01,3182512,safer_risk,excess_return,0.1,-0.11951397683891002
15649595,2022-10-01,3182512,safer_risk,excess_return,0.25,-0.06857313699820432
15649595,2022-10-01,3182512,safer_risk,excess_return,0.5,-0.010763050125297227
15649595,2022-10-01,3182512,safer_risk,excess_return,0.75,0.02305311602340794
15649595,2022-10-01,3182512,safer_risk,excess_return,0.9,0.05736090143267925
15649595,2022-10-01,3182512,safer_risk,excess_return,0.95,0.12465932390816267
15649595,2022-10-01,3182512,safer_risk,excess_return,0.99,0.33288290792080844
15871480,2022-11-01,3245800,baseline,alpha,0.01,-0.346848321465889
15871480,2022-11-01,3245800,baseline,alpha,0.05,-0.20109188830605643
15871480,2022-11-01,3245800,baseline,alpha,0.1,-0.1394746053299935
15871480,2022-11-01,3245800,baseline,alpha,0.25,-0.06217035392398207
15871480,2022-11-01,3245800,baseline,alpha,0.5,-0.0018152236771724149
15871480,2022-11-01,3245800,baseline,alpha,0.75,0.02544902514547356
15871480,2022-11-01,3245800,baseline,alpha,0.9,0.04972535095982162
15871480,2022-11-01,3245800,baseline,alpha,0.95,0.0832257010063254
15871480,2022-11-01,3245800,baseline,alpha,0.99,0.35637612766481325
15871480,2022-11-01,3245800,baseline,excess_return,0.01,-0.20893883045467576
15871480,2022-11-01,3245800,baseline,excess_return,0.05,-0.126986666278583
15871480,2022-11-01,3245800,baseline,excess_return,0.1,-0.07974146844105136
15871480,2022-11-01,3245800,baseline,excess_return,0.25,-0.0109959268988917
15871480,2022-11-01,3245800,baseline,excess_return,0.5,0.028526335634401656
15871480,2022-11-01,3245800,baseline,excess_return,0.75,0.13894895426080683
15871480,2022-11-01,3245800,baseline,excess_return,0.9,0.27817845119396983
15871480,2022-11-01,3245800,baseline,excess_return,0.95,0.2800076545866802
15871480,2022-11-01,3245800,baseline,excess_return,0.99,0.4079830749079127
15871480,2022-11-01,3245800,better_return,alpha,0.01,-0.3547962571982973
15871480,2022-11-01,3245800,better_return,alpha,0.05,-0.24221571598535274
15871480,2022-11-01,3245800,better_return,alpha,0.1,-0.16331732284113193
15871480,2022-11-01,3245800,better_return,alpha,0.25,-0.07140624841628693
15871480,2022-11-01,3245800,better_return,alpha,0.5,-0.00961001912254466
15871480,2022-11-01,3245800,better_return,alpha,0.75,0.020824198571961154
15871480,2022-11-01,3245800,better_return,alpha,0.9,0.04948514621568001
15871480,2022-11-01,3245800,better_return,alpha,0.95,0.08299798175073356
15871480,2022-11-01,3245800,better_return,alpha,0.99,0.3379298123976614
15871480,2022-11-01,3245800,better_return,excess_return,0.01,-0.2259692860068043
15871480,2022-11-01,3245800,better_return,excess_return,0.05,-0.12404540299210809
15871480,2022-11-01,3245800,better_return,excess_return,0.1,-0.07826315943744794
15871480,2022-11-01,3245800,better_return,excess_return,0.25,-0.01553191196722023
15871480,2022-11-01,3245800,better_return,excess_return,0.5,0.033700493578950885
15871480,2022-11-01,3245800,better_return,excess_return,0.75,0.14556959545985948
15871480,2022-11-01,3245800,better_return,excess_return,0.9,0.2529664071834643
15871480,2022-11-01,3245800,better_return,excess_return,0.95,0.27977601458142826
15871480,2022-11-01,3245800,better_return,excess_return,0.99,0.3794390794867605
15871480,2022-11-01,3245800,equal_weight,alpha,0.01,-0.28066585424846274
15871480,2022-11-01,3245800,equal_weight,alpha,0.05,-0.1807514999580527
15871480,2022-11-01,3245800,equal_weight,alpha,0.1,-0.1483346806472637
15871480,2022-11-01,3245800,equal_weight,alpha,0.25,-0.08170940674645705
15871480,2022-11-01,3245800,equal_weight,alpha,0.5,-0.022308541960922412
15871480,2022-11-01,3245800,equal_weight,alpha,0.75,0.014726467902801355
15871480,2022-11-01,3245800,equal_weight,alpha,0.9,0.041026123769829115
15871480,2022-11-01,3245800,equal_weight,alpha,0.95,0.07371523332357971
15871480,2022-11-01,3245800,equal_weight,alpha,0.99,0.2370504766449319
15871480,2022-11-01,3245800,equal_weight,excess_return,0.01,-0.1813972990330275
15871480,2022-11-01,3245800,equal_weight,excess_return,0.05,-0.09191666284095346
15871480,2022-11-01,3245800,equal_weight,excess_return,0.1,-0.06536834224611188
15871480,2022-11-01,3245800,equal_weight,excess_return,0.25,-0.014333987244654067
15871480,2022-11-01,3245800,equal_weight,excess_return,0.5,0.04211039817671092
15871480,2022-11-01,3245800,equal_weight,excess_return,0.75,0.13020045328813182
15871480,2022-11-01,3245800,equal_weight,excess_return,0.9,0.19651648692145962
15871480,2022-11-01,3245800,equal_weight,excess_return,0.95,0.27979430156471186
15871480,2022-11-01,3245800,equal_weight,excess_return,0.99,0.3279749261918098
15871480,2022-11-01,3245800,max_sharpe,alpha,0.01,-0.4295876582123588
15871480,2022-11-01,3245800,max_sharpe,alpha,0.05,-0.26045577339658127
15871480,2022-11-01,3245800,max_sharpe,alpha,0.1,-0.17722060570842732
15871480,2022-11-01,3245800,max_sharpe,alpha,0.25,-0.0648252199174685
15871480,2022-11-01,3245800,max_sharpe,alpha,0.5,-0.010550107136903575
15871480,2022-11-01,3245800,max_sharpe,alpha,0.75,0.014814872934723722
15871480,2022-11-01,3245800,max_sharpe,alpha,0.9,0.05281579314367635
15871480,2022-11-01,3245800,max_sharpe,alpha,0.95,0.080636025075718
15871480,2022-11-01,3245800,max_sharpe,alpha,0.99,0.3659066352489174
15871480,2022-11-01,3245800,max_sharpe,excess_return,0.01,-0.348608648029182
15871480,2022-11-01,3245800,max_sharpe,excess_return,0.05,-0.14240908598373014
15871480,2022-11-01,3245800,max_sharpe,excess_return,0.1,-0.08484817012692836
15871480,2022-11-01,3245800,max_sharpe,excess_return,0.25,-0.018222908767157042
15871480,2022-11-01,3245800,max_sharpe,excess_return,0.5,0.031528427588252694
15871480,2022-11-01,3245800,max_sharpe,excess_return,0.75,0.09177194974071745
15871480,2022-11-01,3245800,max_sharpe,excess_return,0.9,0.25186463285782934
15871480,2022-11-01,3245800,max_sharpe,excess_return,0.95,0.28019450366487353
15871480,2022-11-01,3245800,max_sharpe,excess_return,0.99,0.4292379391899714
15871480,2022-11-01,3245800,mcap_weight,alpha,0.01,-0.36987225920142525
15871480,2022-11-01,3245800,mcap_weight,alpha,0.05,-0.18105819615909102
15871480,2022-11-01,3245800,mcap_weight,alpha,0.1,-0.11295085497688767
15871480,2022-11-01,3245800,mcap_weight,alpha,0.25,-0.03404181593848293
15871480,2022-11-01,3245800,mcap_weight,alpha,0.5,0.00047039439625010115
15871480,2022-11-01,3245800,mcap_weight,alpha,0.75,0.017423280720004472
15871480,2022-11-01,3245800,mcap_weight,alpha,0.9,0.04807419258853646
15871480,2022-11-01,3245800,mcap_weight,alpha,0.95,0.07014240448434739
15871480,2022-11-01,3245800,mcap_weight,alpha,0.99,0.246006436606499
15871480,2022-11-01,3245800,mcap_weight,excess_return,0.01,-0.23864679210122425
15871480,2022-11-01,3245800,mcap_weight,excess_return,0.05,-0.11030367246704054
15871480,2022-11-01,3245800,mcap_weight,excess_return,0.1,-0.062362739545397505
15871480,2022-11-01,3245800,mcap_weight,excess_return,0.25,0.0016252896228741431
15871480,2022-11-01,3245800,mcap_weight,excess_return,0.5,0.04728905415911244
15871480,2022-11-01,3245800,mcap_weight,excess_return,0.75,0.23417118909596213
15871480,2022-11-01,3245800,mcap_weight,excess_return,0.9,0.2792134895316093
15871480,2022-11-01,3245800,mcap_weight,excess_return,0.95,0.2798400750702924
15871480,2022-11-01,3245800,mcap_weight,excess_return,0.99,0.3225433281374709
15871480,2022-11-01,3245800,safer_risk,alpha,0.01,-0.3337716652238202
15871480,2022-11-01,3245800,safer_risk,alpha,0.05,-0.19018001322620876
15871480,2022-11-01,3245800,safer_risk,alpha,0.1,-0.13625195225669037
15871480,2022-11-01,3245800,safer_risk,alpha,0.25,-0.065012272418728
15871480,2022-11-01,3245800,safer_risk,alpha,0.5,-0.008367492729213534
15871480,2022-11-01,3245800,safer_risk,alpha,0.75,0.015967820837667134
15871480,2022-11-01,3245800,safer_risk,alpha,0.9,0.04948514583649105
15871480,2022-11-01,3245800,safer_risk,alpha,0.95,0.07559520365019881
15871480,2022-11-01,3245800,safer_risk,alpha,0.99,0.3197186428987981
15871480,2022-11-01,3245800,safer_risk,excess_return,0.01,-0.19424155814439314
15871480,2022-11-01,3245800,safer_risk,excess_return,0.05,-0.11239734669794746
15871480,2022-11-01,3245800,safer_risk,excess_return,0.1,-0.06937632894807784
15871480,2022-11-01,3245800,safer_risk,excess_return,0.25,-0.005439843124839916
15871480,2022-11-01,3245800,safer_risk,excess_return,0.5,0.042349641118903825
15871480,2022-11-01,3245800,safer_risk,excess_return,0.75,0.156335119763528
15871480,2022-11-01,3245800,safer_risk,excess_return,0.9,0.25462195674778976
15871480,2022-11-01,3245800,safer_risk,excess_return,0.95,0.2797061556862441
15871480,2022-11-01,3245800,safer_risk,excess_return,0.99,0.3806743168609266
16086234,2022-12-01,3332213,baseline,alpha,0.01,-0.2820431218086742
16086234,2022-12-01,3332213,baseline,alpha,0.05,-0.20551564411610243
16086234,2022-12-01,3332213,baseline,alpha,0.1,-0.1845694194753793
16086234,2022-12-01,3332213,baseline,alpha,0.25,-0.11591313864083565
16086234,2022-12-01,3332213,baseline,alpha,0.5,-0.034913996624159616
16086234,2022-12-01,3332213,baseline,alpha,0.75,0.004349099783757616
16086234,2022-12-01,3332213,baseline,alpha,0.9,0.04850986029766305
16086234,2022-12-01,3332213,baseline,alpha,0.95,0.10850674448201078
16086234,2022-12-01,3332213,baseline,alpha,0.99,0.3835295802387866
16086234,2022-12-01,3332213,baseline,excess_return,0.01,-0.28067553578821003
16086234,2022-12-01,3332213,baseline,excess_return,0.05,-0.21389442958877092
16086234,2022-12-01,3332213,baseline,excess_return,0.1,-0.18897975512684945
16086234,2022-12-01,3332213,baseline,excess_return,0.25,-0.11559170043400241
16086234,2022-12-01,3332213,baseline,excess_return,0.5,-0.034259863596752205
16086234,2022-12-01,3332213,baseline,excess_return,0.75,0.03527228200310645
16086234,2022-12-01,3332213,baseline,excess_return,0.9,0.05220170503571479
16086234,2022-12-01,3332213,baseline,excess_return,0.95,0.1084271369822305
16086234,2022-12-01,3332213,baseline,excess_return,0.99,0.3818638167719038
16086234,2022-12-01,3332213,better_return,alpha,0.01,-0.3307009296702379
16086234,2022-12-01,3332213,better_return,alpha,0.05,-0.20746488180562486
16086234,2022-12-01,3332213,better_return,alpha,0.1,-0.17473452574153397
16086234,2022-12-01,3332213,better_return,alpha,0.25,-0.12091678170520709
16086234,2022-12-01,3332213,better_return,alpha,0.5,-0.0433821856232435
16086234,2022-12-01,3332213,better_return,alpha,0.75,0.000909482838551505
16086234,2022-12-01,3332213,better_return,alpha,0.9,0.05550656495548557
16086234,2022-12-01,3332213,better_return,alpha,0.95,0.1197281112822047
16086234,2022-12-01,3332213,better_return,alpha,0.99,0.3630150576545752
16086234,2022-12-01,3332213,better_return,excess_return,0.01,-0.323965659355824
16086234,2022-12-01,3332213,better_return,excess_return,0.05,-0.21401497289613486
16086234,2022-12-01,3332213,better_return,excess_return,0.1,-0.17917294026907832
16086234,2022-12-01,3332213,better_return,excess_return,0.25,-0.12278481871957464
16086234,2022-12-01,3332213,better_return,excess_return,0.5,-0.04169747009238317
16086234,2022-12-01,3332213,better_return,excess_return,0.75,0.027914570178836973
16086234,2022-12-01,3332213,better_return,excess_return,0.9,0.05953310736699477
16086234,2022-12-01,3332213,better_return,excess_return,0.95,0.12018297155514225
16086234,2022-12-01,3332213,better_return,excess_return,0.99,0.3646918038966664
16086234,2022-12-01,3332213,equal_weight,alpha,0.01,-0.2516203805782881
16086234,2022-12-01,3332213,equal_weight,alpha,0.05,-0.16995961541069077
16086234,2022-12-01,3332213,equal_weight,alpha,0.1,-0.1371395155078352
16086234,2022-12-01,3332213,equal_weight,alpha,0.25,-0.09482773782898588
16086234,2022-12-01,3332213,equal_weight,alpha,0.5,-0.04218187685203901
16086234,2022-12-01,3332213,equal_weight,alpha,0.75,0.0008541082213604929
16086234,2022-12-01,3332213,equal_weight,alpha,0.9,0.05128220216537431
16086234,2022-12-01,3332213,equal_weight,alpha,0.95,0.14011870018110095
16086234,2022-12-01,3332213,equal_weight,alpha,0.99,0.5559558187194859
16086234,2022-12-01,3332213,equal_weight,excess_return,0.01,-0.24888476237167215
16086234,2022-12-01,3332213,equal_weight,excess_return,0.05,-0.16258722653858654
16086234,2022-12-01,3332213,equal_weight,excess_return,0.1,-0.13944158074278085
16086234,2022-12-01,3332213,equal_weight,excess_return,0.25,-0.09593787635499046
16086234,2022-12-01,3332213,equal_weight,excess_return,0.5,-0.040876706611214175
16086234,2022-12-01,3332213,equal_weight,excess_return,0.75,0.013136764356104391
16086234,2022-12-01,3332213,equal_weight,excess_return,0.9,0.05596165702040912
16086234,2022-12-01,3332213,equal_weight,excess_return,0.95,0.13692310664851112
16086234,2022-12-01,3332213,equal_weight,excess_return,0.99,0.5575028113303431
16086234,2022-12-01,3332213,max_sharpe,alpha,0.01,-0.3553920129517129
16086234,2022-12-01,3332213,max_sharpe,alpha,0.05,-0.22501344382312075
16086234,2022-12-01,3332213,max_sharpe,alpha,0.1,-0.1779407950473035
16086234,2022-12-01,3332213,max_sharpe,alpha,0.25,-0.14279893066635946
16086234,2022-12-01,3332213,max_sharpe,alpha,0.5,-0.04878503962355096
16086234,2022-12-01,3332213,max_sharpe,alpha,0.75,0.0009094828385515049
16086234,2022-12-01,3332213,max_sharpe,alpha,0.9,0.0480563459957219
16086234,2022-12-01,3332213,max_sharpe,alpha,0.95,0.11532697871932329
16086234,2022-12-01,3332213,max_sharpe,alpha,0.99,0.33835416136374524
16086234,2022-12-01,3332213,max_sharpe,excess_return,0.01,-0.3356895769245583
16086234,2022-12-01,3332213,max_sharpe,excess_return,0.05,-0.23702643522527606
16086234,2022-12-01,3332213,max_sharpe,excess_return,0.1,-0.1827539710806882
16086234,2022-12-01,3332213,max_sharpe,excess_return,0.25,-0.14361898177249272
16086234,2022-12-01,3332213,max_sharpe,excess_return,0.5,-0.05389624919604824
16086234,2022-12-01,3332213,max_sharpe,excess_return,0.75,0.03160078390558113
16086234,2022-12-01,3332213,max_sharpe,excess_return,0.9,0.05138152081823638
16086234,2022-12-01,3332213,max_sharpe,excess_return,0.95,0.11662075146202355
16086234,2022-12-01,3332213,max_sharpe,excess_return,0.99,0.3291688892147406
16086234,2022-12-01,3332213,mcap_weight,alpha,0.01,-0.25098556105831293
16086234,2022-12-01,3332213,mcap_weight,alpha,0.05,-0.18411765308835146
16086234,2022-12-01,3332213,mcap_weight,alpha,0.1,-0.1721158201102506
16086234,2022-12-01,3332213,mcap_weight,alpha,0.25,-0.10319221483992377
16086234,2022-12-01,3332213,mcap_weight,alpha,0.5,-0.025152900177669052
16086234,2022-12-01,3332213,mcap_weight,alpha,0.75,0.0008976252041216667
16086234,2022-12-01,3332213,mcap_weight,alpha,0.9,0.025985101628473686
16086234,2022-12-01,3332213,mcap_weight,alpha,0.95,0.059145427164091796
16086234,2022-12-01,3332213,mcap_weight,alpha,0.99,0.28773852434694114
16086234,2022-12-01,3332213,mcap_weight,excess_return,0.01,-0.25197203566739773
16086234,2022-12-01,3332213,mcap_weight,excess_return,0.05,-0.18907654586905914
16086234,2022-12-01,3332213,mcap_weight,excess_return,0.1,-0.17640542579619228
16086234,2022-12-01,3332213,mcap_weight,excess_return,0.25,-0.10808546304222794
16086234,2022-12-01,3332213,mcap_weight,excess_return,0.5,-0.021959198168232386
16086234,2022-12-01,3332213,mcap_weight,excess_return,0.75,0.037438977500385995
16086234,2022-12-01,3332213,mcap_weight,excess_return,0.9,0.038697391129663694
16086234,2022-12-01,3332213,mcap_weight,excess_return,0.95,0.05746864174907523
16086234,2022-12-01,3332213,mcap_weight,excess_return,0.99,0.2804207063668049
16086234,2022-12-01,3332213,safer_risk,alpha,0.01,-0.258364561292047
16086234,2022-12-01,3332213,safer_risk,alpha,0.05,-0.17794079432551557
16086234,2022-12-01,3332213,safer_risk,alpha,0.1,-0.17473452566105388
16086234,2022-12-01,3332213,safer_risk,alpha,0.25,-0.10829335726766517
16086234,2022-12-01,3332213,safer_risk,alpha,0.5,-0.035207929696611025
16086234,2022-12-01,3332213,safer_risk,alpha,0.75,0.0009051080124651982
16086234,2022-12-01,3332213,safer_risk,alpha,0.9,0.04593133915886402
16086234,2022-12-01,3332213,safer_risk,alpha,0.95,0.11395459796608451
16086234,2022-12-01,3332213,safer_risk,alpha,0.99,0.40668199966320145
16086234,2022-12-01,3332213,safer_risk,excess_return,0.01,-0.2609971426437531
16086234,2022-12-01,3332213,safer_risk,excess_return,0.05,-0.18692157262688452
16086234,2022-12-01,3332213,safer_risk,excess_return,0.1,-0.1791729401840249
16086234,2022-12-01,3332213,safer_risk,excess_return,0.25,-0.11013123155459753
16086234,2022-12-01,3332213,safer_risk,excess_return,0.5,-0.0316108733714075
16086234,2022-12-01,3332213,safer_risk,excess_return,0.75,0.02868636927078344
16086234,2022-12-01,3332213,safer_risk,excess_return,0.9,0.0508597639960383
16086234,2022-12-01,3332213,safer_risk,excess_return,0.95,0.11630466084528304
16086234,2022-12-01,3332213,safer_risk,excess_return,0.99,0.4022659389224081
16308190,2023-01-01,3362555,baseline,alpha,0.01,-0.4504587325839188
16308190,2023-01-01,3362555,baseline,alpha,0.05,-0.225713547197355
16308190,2023-01-01,3362555,baseline,alpha,0.1,-0.14059981210662442
16308190,2023-01-01,3362555,baseline,alpha,0.25,-0.057758643015898836
16308190,2023-01-01,3362555,baseline,alpha,0.5,0.0006798486309868253
16308190,2023-01-01,3362555,baseline,alpha,0.75,0.07772593370982397
16308190,2023-01-01,3362555,baseline,alpha,0.9,0.2185506911315618
16308190,2023-01-01,3362555,baseline,alpha,0.95,0.3639084706739312
16308190,2023-01-01,3362555,baseline,alpha,0.99,1.2270376219467707
16308190,2023-01-01,3362555,baseline,excess_return,0.01,-0.4155882747763927
16308190,2023-01-01,3362555,baseline,excess_return,0.05,-0.3199314593043957
16308190,2023-01-01,3362555,baseline,excess_return,0.1,-0.3186546023258261
16308190,2023-01-01,3362555,baseline,excess_return,0.25,-0.15891805328709163
16308190,2023-01-01,3362555,baseline,excess_return,0.5,-0.002722216752785833
16308190,2023-01-01,3362555,baseline,excess_return,0.75,0.11838581888598065
16308190,2023-01-01,3362555,baseline,excess_return,0.9,0.2681862457887419
16308190,2023-01-01,3362555,baseline,excess_return,0.95,0.4468382838476763
16308190,2023-01-01,3362555,baseline,excess_return,0.99,1.2660661606738215
16308190,2023-01-01,3362555,better_return,alpha,0.01,-0.4271024750672925
16308190,2023-01-01,3362555,better_return,alpha,0.05,-0.2376624668862817
16308190,2023-01-01,3362555,better_return,alpha,0.1,-0.16275019127395418
16308190,2023-01-01,3362555,better_return,alpha,0.25,-0.0639299016580313
16308190,2023-01-01,3362555,better_return,alpha,0.5,0.0019275029080196987
16308190,2023-01-01,3362555,better_return,alpha,0.75,0.08434016624436202
16308190,2023-01-01,3362555,better_return,alpha,0.9,0.22683848500933912
16308190,2023-01-01,3362555,better_return,alpha,0.95,0.36104048779573616
16308190,2023-01-01,3362555,better_return,alpha,0.99,1.3379205234013865
16308190,2023-01-01,3362555,better_return,excess_return,0.01,-0.4226007872797909
16308190,2023-01-01,3362555,better_return,excess_return,0.05,-0.3199980388219954
16308190,2023-01-01,3362555,better_return,excess_return,0.1,-0.30652757372739203
16308190,2023-01-01,3362555,better_return,excess_return,0.25,-0.17965574118089367
16308190,2023-01-01,3362555,better_return,excess_return,0.5,-0.013649547664068784
16308190,2023-01-01,3362555,better_return,excess_return,0.75,0.14223683800442655
16308190,2023-01-01,3362555,better_return,excess_return,0.9,0.27195501335265
16308190,2023-01-01,3362555,better_return,excess_return,0.95,0.44726525647499676
16308190,2023-01-01,3362555,better_return,excess_return,0.99,1.394998830431858
16308190,2023-01-01,3362555,equal_weight,alpha,0.01,-0.3451373209342725
16308190,2023-01-01,3362555,equal_weight,alpha,0.05,-0.18310758961015944
16308190,2023-01-01,3362555,equal_weight,alpha,0.1,-0.12781612686587318
16308190,2023-01-01,3362555,equal_weight,alpha,0.25,-0.055923728913520376
16308190,2023-01-01,3362555,equal_weight,alpha,0.5,0.01127618063366645
16308190,2023-01-01,3362555,equal_weight,alpha,0.75,0.11998078524485789
16308190,2023-01-01,3362555,equal_weight,alpha,0.9,0.2328572590009216
16308190,2023-01-01,3362555,equal_weight,alpha,0.95,0.3845659266449009
16308190,2023-01-01,3362555,equal_weight,alpha,0.99,0.9973644022574755
16308190,2023-01-01,3362555,equal_weight,excess_return,0.01,-0.37210802352759753
16308190,2023-01-01,3362555,equal_weight,excess_return,0.05,-0.31989470505642403
16308190,2023-01-01,3362555,equal_weight,excess_return,0.1,-0.23895304903352005
16308190,2023-01-01,3362555,equal_weight,excess_return,0.25,-0.13083859693674826
16308190,2023-01-01,3362555,equal_weight,excess_return,0.5,0.005463212119375616
16308190,2023-01-01,3362555,equal_weight,excess_return,0.75,0.1479121766943915
16308190,2023-01-01,3362555,equal_weight,excess_return,0.9,0.2751235478066665
16308190,2023-01-01,3362555,equal_weight,excess_return,0.95,0.4332277979514654
16308190,2023-01-01,3362555,equal_weight,excess_return,0.99,1.0335442389704579
16308190,2023-01-01,3362555,max_sharpe,alpha,0.01,-0.4707997697009353
16308190,2023-01-01,3362555,max_sharpe,alpha,0.05,-0.3133538722354685
16308190,2023-01-01,3362555,max_sharpe,alpha,0.1,-0.1873335355837326
16308190,2023-01-01,3362555,max_sharpe,alpha,0.25,-0.07282080969646987
16308190,2023-01-01,3362555,max_sharpe,alpha,0.5,-0.0058049141191434065
16308190,2023-01-01,3362555,max_sharpe,alpha,0.75,0.06042679679948265
16308190,2023-01-01,3362555,max_sharpe,alpha,0.9,0.30737008480884515
16308190,2023-01-01,3362555,max_sharpe,alpha,0.95,0.3363447882178553
16308190,2023-01-01,3362555,max_sharpe,alpha,0.99,1.5162477303512052
16308190,2023-01-01,3362555,max_sharpe,excess_return,0.01,-0.49909309120380774
16308190,2023-01-01,3362555,max_sharpe,excess_return,0.05,-0.32506591609573043
16308190,2023-01-01,3362555,max_sharpe,excess_return,0.1,-0.31992608758783514
16308190,2023-01-01,3362555,max_sharpe,excess_return,0.25,-0.2814601484969985
16308190,2023-01-01,3362555,max_sharpe,excess_return,0.5,-0.045146999393747
16308190,2023-01-01,3362555,max_sharpe,excess_return,0.75,0.10198998016021388
16308190,2023-01-01,3362555,max_sharpe,excess_return,0.9,0.3376981985691614
16308190,2023-01-01,3362555,max_sharpe,excess_return,0.95,0.415760729678994
16308190,2023-01-01,3362555,max_sharpe,excess_return,0.99,1.5429756542439919
16308190,2023-01-01,3362555,mcap_weight,alpha,0.01,-0.37119790416071247
16308190,2023-01-01,3362555,mcap_weight,alpha,0.05,-0.16674670971154315
16308190,2023-01-01,3362555,mcap_weight,alpha,0.1,-0.10544415963404713
16308190,2023-01-01,3362555,mcap_weight,alpha,0.25,-0.0300569115343729
16308190,2023-01-01,3362555,mcap_weight,alpha,0.5,-0.0028891759847297256
16308190,2023-01-01,3362555,mcap_weight,alpha,0.75,0.0870448007406242
16308190,2023-01-01,3362555,mcap_weight,alpha,0.9,0.19607953294062241
16308190,2023-01-01,3362555,mcap_weight,alpha,0.95,0.27549521891035694
16308190,2023-01-01,3362555,mcap_weight,alpha,0.99,0.8966992647962098
16308190,2023-01-01,3362555,mcap_weight,excess_return,0.01,-0.3780438816810122
16308190,2023-01-01,3362555,mcap_weight,excess_return,0.05,-0.31989949566235554
16308190,2023-01-01,3362555,mcap_weight,excess_return,0.1,-0.3195324843535235
16308190,2023-01-01,3362555,mcap_weight,excess_return,0.25,-0.27247228651000177
16308190,2023-01-01,3362555,mcap_weight,excess_return,0.5,-0.0233578568990509
16308190,2023-01-01,3362555,mcap_weight,excess_return,0.75,0.12418325520949702
16308190,2023-01-01,3362555,mcap_weight,excess_return,0.9,0.2025534851872292
16308190,2023-01-01,3362555,mcap_weight,excess_return,0.95,0.35368908302626334
16308190,2023-01-01,3362555,mcap_weight,excess_return,0.99,1.0115013967746378
16308190,2023-01-01,3362555,safer_risk,alpha,0.01,-0.4151405677203521
16308190,2023-01-01,3362555,safer_risk,alpha,0.05,-0.1902913547734393
16308190,2023-01-01,3362555,safer_risk,alpha,0.1,-0.12198168103149279
16308190,2023-01-01,3362555,safer_risk,alpha,0.25,-0.05108028049266983
16308190,2023-01-01,3362555,safer_risk,alpha,0.5,0.007695075458805711
16308190,2023-01-01,3362555,safer_risk,alpha,0.75,0.0843401661699067
16308190,2023-01-01,3362555,safer_risk,alpha,0.9,0.21885601090164733
16308190,2023-01-01,3362555,safer_risk,alpha,0.95,0.35386505653286876
16308190,2023-01-01,3362555,safer_risk,alpha,0.99,1.1521000144043985
16308190,2023-01-01,3362555,safer_risk,excess_return,0.01,-0.3949562515301559
16308190,2023-01-01,3362555,safer_risk,excess_return,0.05,-0.31989471219812127
16308190,2023-01-01,3362555,safer_risk,excess_return,0.1,-0.2967463928230058
16308190,2023-01-01,3362555,safer_risk,excess_return,0.25,-0.17044405976822452
16308190,2023-01-01,3362555,safer_risk,excess_return,0.5,-0.01746505523035813
16308190,2023-01-01,3362555,safer_risk,excess_return,0.75,0.13491989632681844
16308190,2023-01-01,3362555,safer_risk,excess_return,0.9,0.2534191433994638
16308190,2023-01-01,3362555,safer_risk,excess_return,0.95,0.42139905917846826
16308190,2023-01-01,3362555,safer_risk,excess_return,0.99,1.199609667449813
16530248,2023-02-01,3370814,baseline,alpha,0.01,-0.22070105099246326
16530248,2023-02-01,3370814,baseline,alpha,0.05,-0.06068242748439031
16530248,2023-02-01,3370814,baseline,alpha,0.1,-0.024098155609726963
16530248,2023-02-01,3370814,baseline,alpha,0.25,0.0028189152878764084
16530248,2023-02-01,3370814,baseline,alpha,0.5,0.07640437224163729
16530248,2023-02-01,3370814,baseline,alpha,0.75,0.16882454493824375
16530248,2023-02-01,3370814,baseline,alpha,0.9,0.3710432687313069
16530248,2023-02-01,3370814,baseline,alpha,0.95,0.6631474685776753
16530248,2023-02-01,3370814,baseline,alpha,0.99,1.4900112606061495
16530248,2023-02-01,3370814,baseline,excess_return,0.01,-0.21421296489856995
16530248,2023-02-01,3370814,baseline,excess_return,0.05,-0.07735405374898924
16530248,2023-02-01,3370814,baseline,excess_return,0.1,-0.07134451145783352
16530248,2023-02-01,3370814,baseline,excess_return,0.25,-0.021891255757214234
16530248,2023-02-01,3370814,baseline,excess_return,0.5,0.07861306066700557
16530248,2023-02-01,3370814,baseline,excess_return,0.75,0.20161558935454327
16530248,2023-02-01,3370814,baseline,excess_return,0.9,0.37552123380108504
16530248,2023-02-01,3370814,baseline,excess_return,0.95,0.6583272264049506
16530248,2023-02-01,3370814,baseline,excess_return,0.99,1.4972529621052648
16530248,2023-02-01,3370814,better_return,alpha,0.01,-0.2112316557710367
16530248,2023-02-01,3370814,better_return,alpha,0.05,-0.06195165480097761
16530248,2023-02-01,3370814,better_return,alpha,0.1,-0.018881809151630888
16530248,2023-02-01,3370814,better_return,alpha,0.25,0.008818967089691283
16530248,2023-02-01,3370814,better_return,alpha,0.5,0.08659426356243302
16530248,2023-02-01,3370814,better_return,alpha,0.75,0.23470242289198223
16530248,2023-02-01,3370814,better_return,alpha,0.9,0.42973708046050185
16530248,2023-02-01,3370814,better_return,alpha,0.95,0.6547120841057459
16530248,2023-02-01,3370814,better_return,alpha,0.99,1.396628479522236
16530248,2023-02-01,3370814,better_return,excess_return,0.01,-0.2154211896141758
16530248,2023-02-01,3370814,better_return,excess_return,0.05,-0.08014018227481534
16530248,2023-02-01,3370814,better_return,excess_return,0.1,-0.07091790084979917
16530248,2023-02-01,3370814,better_return,excess_return,0.25,-0.008399761023901664
16530248,2023-02-01,3370814,better_return,excess_return,0.5,0.08408623815003602
16530248,2023-02-01,3370814,better_return,excess_return,0.75,0.21407014432235583
16530248,2023-02-01,3370814,better_return,excess_return,0.9,0.42737458696612407
16530248,2023-02-01,3370814,better_return,excess_return,0.95,0.6492134716892645
16530248,2023-02-01,3370814,better_return,excess_return,0.99,1.4006107946109263
16530248,2023-02-01,3370814,equal_weight,alpha,0.01,-0.14712939203576347
16530248,2023-02-01,3370814,equal_weight,alpha,0.05,-0.043730760189671355
16530248,2023-02-01,3370814,equal_weight,alpha,0.1,-0.007115258125089771
16530248,2023-02-01,3370814,equal_weight,alpha,0.25,0.018085420154141968
16530248,2023-02-01,3370814,equal_weight,alpha,0.5,0.09799116601632596
16530248,2023-02-01,3370814,equal_weight,alpha,0.75,0.20067668495501503
16530248,2023-02-01,3370814,equal_weight,alpha,0.9,0.4122381191955537
16530248,2023-02-01,3370814,equal_weight,alpha,0.95,0.5828603836817213
16530248,2023-02-01,3370814,equal_weight,alpha,0.99,1.0253732016960069
16530248,2023-02-01,3370814,equal_weight,excess_return,0.01,-0.16771700278818735
16530248,2023-02-01,3370814,equal_weight,excess_return,0.05,-0.07169259156962171
16530248,2023-02-01,3370814,equal_weight,excess_return,0.1,-0.056268887301937465
16530248,2023-02-01,3370814,equal_weight,excess_return,0.25,0.006523325835015248
16530248,2023-02-01,3370814,equal_weight,excess_return,0.5,0.09003908957850992
16530248,2023-02-01,3370814,equal_weight,excess_return,0.75,0.20853074046372222
16530248,2023-02-01,3370814,equal_weight,excess_return,0.9,0.40576506509477084
16530248,2023-02-01,3370814,equal_weight,excess_return,0.95,0.5745165673815986
16530248,2023-02-01,3370814,equal_weight,excess_return,0.99,1.0277061085126387
16530248,2023-02-01,3370814,max_sharpe,alpha,0.01,-0.22238961727489226
16530248,2023-02-01,3370814,max_sharpe,alpha,0.05,-0.059286869273475803
16530248,2023-02-01,3370814,max_sharpe,alpha,0.1,-0.03202372481236844
16530248,2023-02-01,3370814,max_sharpe,alpha,0.25,0.00908118767879184
16530248,2023-02-01,3370814,max_sharpe,alpha,0.5,0.10009556011255358
16530248,2023-02-01,3370814,max_sharpe,alpha,0.75,0.23470242287381818
16530248,2023-02-01,3370814,max_sharpe,alpha,0.9,0.4066515424921044
16530248,2023-02-01,3370814,max_sharpe,alpha,0.95,0.6385628285220082
16530248,2023-02-01,3370814,max_sharpe,alpha,0.99,1.2294602195745925
16530248,2023-02-01,3370814,max_sharpe,excess_return,0.01,-0.21691084518911996
16530248,2023-02-01,3370814,max_sharpe,excess_return,0.05,-0.07677672983008699
16530248,2023-02-01,3370814,max_sharpe,excess_return,0.1,-0.06959707470345444
16530248,2023-02-01,3370814,max_sharpe,excess_return,0.25,0.005490388006599067
16530248,2023-02-01,3370814,max_sharpe,excess_return,0.5,0.09356589649572356
16530248,2023-02-01,3370814,max_sharpe,excess_return,0.75,0.214070144319499
16530248,2023-02-01,3370814,max_sharpe,excess_return,0.9,0.40383827756269497
16530248,2023-02-01,3370814,max_sharpe,excess_return,0.95,0.6440245995476217
16530248,2023-02-01,3370814,max_sharpe,excess_return,0.99,1.2336003480869597
16530248,2023-02-01,3370814,mcap_weight,alpha,0.01,-0.12296294818879816
16530248,2023-02-01,3370814,mcap_weight,alpha,0.05,-0.0329604698265106
16530248,2023-02-01,3370814,mcap_weight,alpha,0.1,-0.00320982186963167
16530248,2023-02-01,3370814,mcap_weight,alpha,0.25,-0.0008192170045820972
16530248,2023-02-01,3370814,mcap_weight,alpha,0.5,0.058273128781315374
16530248,2023-02-01,3370814,mcap_weight,alpha,0.75,0.158586647059894
16530248,2023-02-01,3370814,mcap_weight,alpha,0.9,0.31298807834912884
16530248,2023-02-01,3370814,mcap_weight,alpha,0.95,0.5495861967632467
16530248,2023-02-01,3370814,mcap_weight,alpha,0.99,1.5331273669989731
16530248,2023-02-01,3370814,mcap_weight,excess_return,0.01,-0.13247425197553853
16530248,2023-02-01,3370814,mcap_weight,excess_return,0.05,-0.07192969357760626
16530248,2023-02-01,3370814,mcap_weight,excess_return,0.1,-0.07106733829227385
16530248,2023-02-01,3370814,mcap_weight,excess_return,0.25,-0.052375914828808545
16530248,2023-02-01,3370814,mcap_weight,excess_return,0.5,0.06268052769463917
16530248,2023-02-01,3370814,mcap_weight,excess_return,0.75,0.1795192755818653
16530248,2023-02-01,3370814,mcap_weight,excess_return,0.9,0.3197037398144422
16530248,2023-02-01,3370814,mcap_weight,excess_return,0.95,0.5258541509824562
16530248,2023-02-01,3370814,mcap_weight,excess_return,0.99,1.5454607765812383
16530248,2023-02-01,3370814,safer_risk,alpha,0.01,-0.19809569401269939
16530248,2023-02-01,3370814,safer_risk,alpha,0.05,-0.04927409800945307
16530248,2023-02-01,3370814,safer_risk,alpha,0.1,-0.010169701648780286
16530248,2023-02-01,3370814,safer_risk,alpha,0.25,0.008779752038572848
16530248,2023-02-01,3370814,safer_risk,alpha,0.5,0.08220136505318279
16530248,2023-02-01,3370814,safer_risk,alpha,0.75,0.17406672409804383
16530248,2023-02-01,3370814,safer_risk,alpha,0.9,0.3631289240130088
16530248,2023-02-01,3370814,safer_risk,alpha,0.95,0.603787342522888
16530248,2023-02-01,3370814,safer_risk,alpha,0.99,1.3904018024452658
16530248,2023-02-01,3370814,safer_risk,excess_return,0.01,-0.19825011441685614
16530248,2023-02-01,3370814,safer_risk,excess_return,0.05,-0.07375916757456699
16530248,2023-02-01,3370814,safer_risk,excess_return,0.1,-0.06947750079760473
16530248,2023-02-01,3370814,safer_risk,excess_return,0.25,-0.014231547742605988
16530248,2023-02-01,3370814,safer_risk,excess_return,0.5,0.0780800506620204
16530248,2023-02-01,3370814,safer_risk,excess_return,0.75,0.20299133660507462
16530248,2023-02-01,3370814,safer_risk,excess_return,0.9,0.36401055608411365
16530248,2023-02-01,3370814,safer_risk,excess_return,0.95,0.6004031718115305
16530248,2023-02-01,3370814,safer_risk,excess_return,0.99,1.3960287384344765
16730072,2023-03-01,3392077,baseline,alpha,0.01,-0.498890460962783
16730072,2023-03-01,3392077,baseline,alpha,0.05,-0.38795972905454235
16730072,2023-03-01,3392077,baseline,alpha,0.1,-0.37414441965266954
16730072,2023-03-01,3392077,baseline,alpha,0.25,-0.2949890731322713
16730072,2023-03-01,3392077,baseline,alpha,0.5,-0.196507291279248
16730072,2023-03-01,3392077,baseline,alpha,0.75,-0.04679601866390572
16730072,2023-03-01,3392077,baseline,alpha,0.9,0.00755055755443947
16730072,2023-03-01,3392077,baseline,alpha,0.95,0.06486589200531523
16730072,2023-03-01,3392077,baseline,alpha,0.99,0.23815612745812575
16730072,2023-03-01,3392077,baseline,excess_return,0.01,-0.461926193306718
16730072,2023-03-01,3392077,baseline,excess_return,0.05,-0.35820052802936353
16730072,2023-03-01,3392077,baseline,excess_return,0.1,-0.30946723319790204
16730072,2023-03-01,3392077,baseline,excess_return,0.25,-0.2817782031578697
16730072,2023-03-01,3392077,baseline,excess_return,0.5,-0.1990074816681415
16730072,2023-03-01,3392077,baseline,excess_return,0.75,-0.1323827016663098
16730072,2023-03-01,3392077,baseline,excess_return,0.9,-0.05796839518644359
16730072,2023-03-01,3392077,baseline,excess_return,0.95,0.04923880822641807
16730072,2023-03-01,3392077,baseline,excess_return,0.99,0.2359088117185183
16730072,2023-03-01,3392077,better_return,alpha,0.01,-0.4965408586811909
16730072,2023-03-01,3392077,better_return,alpha,0.05,-0.3886703366687246
16730072,2023-03-01,3392077,better_return,alpha,0.1,-0.3480405547843425
16730072,2023-03-01,3392077,better_return,alpha,0.25,-0.2774733206152046
16730072,2023-03-01,3392077,better_return,alpha,0.5,-0.2015000931607088
16730072,2023-03-01,3392077,better_return,alpha,0.75,-0.06511375376722492
16730072,2023-03-01,3392077,better_return,alpha,0.9,0.007486044517246172
16730072,2023-03-01,3392077,better_return,alpha,0.95,0.061717480699414934
16730072,2023-03-01,3392077,better_return,alpha,0.99,0.31910352679204335
16730072,2023-03-01,3392077,better_return,excess_return,0.01,-0.47906601800193027
16730072,2023-03-01,3392077,better_return,excess_return,0.05,-0.3592771327021549
16730072,2023-03-01,3392077,better_return,excess_return,0.1,-0.31299098975217343
16730072,2023-03-01,3392077,better_return,excess_return,0.25,-0.2589413153047925
16730072,2023-03-01,3392077,better_return,excess_return,0.5,-0.19896479510979867
16730072,2023-03-01,3392077,better_return,excess_return,0.75,-0.1317722957920203
16730072,2023-03-01,3392077,better_return,excess_return,0.9,-0.05910820531222802
16730072,2023-03-01,3392077,better_return,excess_return,0.95,0.04620655111114569
16730072,2023-03-01,3392077,better_return,excess_return,0.99,0.251698109359938
16730072,2023-03-01,3392077,equal_weight,alpha,0.01,-0.4456786545038889
16730072,2023-03-01,3392077,equal_weight,alpha,0.05,-0.35732004807328205
16730072,2023-03-01,3392077,equal_weight,alpha,0.1,-0.3146506204456344
16730072,2023-03-01,3392077,equal_weight,alpha,0.25,-0.27075969207126727
16730072,2023-03-01,3392077,equal_weight,alpha,0.5,-0.18150040569509504
16730072,2023-03-01,3392077,equal_weight,alpha,0.75,-0.08232322484228552
16730072,2023-03-01,3392077,equal_weight,alpha,0.9,0.007173649193194907
16730072,2023-03-01,3392077,equal_weight,alpha,0.95,0.05135857712009978
16730072,2023-03-01,3392077,equal_weight,alpha,0.99,0.30566876917665287
16730072,2023-03-01,3392077,equal_weight,excess_return,0.01,-0.4351936360205384
16730072,2023-03-01,3392077,equal_weight,excess_return,0.05,-0.33817972390566897
16730072,2023-03-01,3392077,equal_weight,excess_return,0.1,-0.2990502791323275
16730072,2023-03-01,3392077,equal_weight,excess_return,0.25,-0.2563714512010188
16730072,2023-03-01,3392077,equal_weight,excess_return,0.5,-0.19872970766681738
16730072,2023-03-01,3392077,equal_weight,excess_return,0.75,-0.1320702622405375
16730072,2023-03-01,3392077,equal_weight,excess_return,0.9,-0.06545116628245759
16730072,2023-03-01,3392077,equal_weight,excess_return,0.95,0.012793348601862237
16730072,2023-03-01,3392077,equal_weight,excess_return,0.99,0.2502556644117383
16730072,2023-03-01,3392077,max_sharpe,alpha,0.01,-0.464187605722991
16730072,2023-03-01,3392077,max_sharpe,alpha,0.05,-0.3806262852968222
16730072,2023-03-01,3392077,max_sharpe,alpha,0.1,-0.34774178104001974
16730072,2023-03-01,3392077,max_sharpe,alpha,0.25,-0.29553537520215223
16730072,2023-03-01,3392077,max_sharpe,alpha,0.5,-0.23341531331913484
16730072,2023-03-01,3392077,max_sharpe,alpha,0.75,-0.10170244125770588
16730072,2023-03-01,3392077,max_sharpe,alpha,0.9,0.008815904604979203
16730072,2023-03-01,3392077,max_sharpe,alpha,0.95,0.06518509684804363
16730072,2023-03-01,3392077,max_sharpe,alpha,0.99,0.25452273056465535
16730072,2023-03-01,3392077,max_sharpe,excess_return,0.01,-0.42597831048939616
16730072,2023-03-01,3392077,max_sharpe,excess_return,0.05,-0.3470074387864078
16730072,2023-03-01,3392077,max_sharpe,excess_return,0.1,-0.3083167106612653
16730072,2023-03-01,3392077,max_sharpe,excess_return,0.25,-0.2804785828880876
16730072,2023-03-01,3392077,max_sharpe,excess_return,0.5,-0.21865901840924948
16730072,2023-03-01,3392077,max_sharpe,excess_return,0.75,-0.13025474124607803
16730072,2023-03-01,3392077,max_sharpe,excess_return,0.9,-0.04546153769182483
16730072,2023-03-01,3392077,max_sharpe,excess_return,0.95,0.058117922412755846
16730072,2023-03-01,3392077,max_sharpe,excess_return,0.99,0.2375253227263118
16730072,2023-03-01,3392077,mcap_weight,alpha,0.01,-0.4669840471232794
16730072,2023-03-01,3392077,mcap_weight,alpha,0.05,-0.3810542360084025
16730072,2023-03-01,3392077,mcap_weight,alpha,0.1,-0.35182076240946625
16730072,2023-03-01,3392077,mcap_weight,alpha,0.25,-0.28895988746134443
16730072,2023-03-01,3392077,mcap_weight,alpha,0.5,-0.1707644551583944
16730072,2023-03-01,3392077,mcap_weight,alpha,0.75,-0.002457774693728195
16730072,2023-03-01,3392077,mcap_weight,alpha,0.9,0.00903091669960398
16730072,2023-03-01,3392077,mcap_weight,alpha,0.95,0.07377585459553448
16730072,2023-03-01,3392077,mcap_weight,alpha,0.99,0.18161567589418018
16730072,2023-03-01,3392077,mcap_weight,excess_return,0.01,-0.42235330077491173
16730072,2023-03-01,3392077,mcap_weight,excess_return,0.05,-0.32537061064238076
16730072,2023-03-01,3392077,mcap_weight,excess_return,0.1,-0.29902507242822607
16730072,2023-03-01,3392077,mcap_weight,excess_return,0.25,-0.2669610742995936
16730072,2023-03-01,3392077,mcap_weight,excess_return,0.5,-0.17193722031489891
16730072,2023-03-01,3392077,mcap_weight,excess_return,0.75,-0.13154552453844656
16730072,2023-03-01,3392077,mcap_weight,excess_return,0.9,-0.06972364614104051
16730072,2023-03-01,3392077,mcap_weight,excess_return,0.95,0.0539015531497368
16730072,2023-03-01,3392077,mcap_weight,excess_return,0.99,0.23242255111415877
16730072,2023-03-01,3392077,safer_risk,alpha,0.01,-0.47730618896946897
16730072,2023-03-01,3392077,safer_risk,alpha,0.05,-0.3776543680495479
16730072,2023-03-01,3392077,safer_risk,alpha,0.1,-0.36827339811017734
16730072,2023-03-01,3392077,safer_risk,alpha,0.25,-0.2851353060082389
16730072,2023-03-01,3392077,safer_risk,alpha,0.5,-0.18550906443781945
16730072,2023-03-01,3392077,safer_risk,alpha,0.75,-0.04724469823209095
16730072,2023-03-01,3392077,safer_risk,alpha,0.9,0.007506615031764592
16730072,2023-03-01,3392077,safer_risk,alpha,0.95,0.057981175749831915
16730072,2023-03-01,3392077,safer_risk,alpha,0.99,0.2474379697558606
16730072,2023-03-01,3392077,safer_risk,excess_return,0.01,-0.4433297746416032
16730072,2023-03-01,3392077,safer_risk,excess_return,0.05,-0.34515730370155084
16730072,2023-03-01,3392077,safer_risk,excess_return,0.1,-0.3043325612650393
16730072,2023-03-01,3392077,safer_risk,excess_return,0.25,-0.2711234965259217
16730072,2023-03-01,3392077,safer_risk,excess_return,0.5,-0.19582554208028422
16730072,2023-03-01,3392077,safer_risk,excess_return,0.75,-0.13300290146209423
16730072,2023-03-01,3392077,safer_risk,excess_return,0.9,-0.06135293846015957
16730072,2023-03-01,3392077,safer_risk,excess_return,0.95,0.03966080908712258
16730072,2023-03-01,3392077,safer_risk,excess_return,0.99,0.23752532278915064
16950603,2023-04-01,3417035,baseline,alpha,0.01,-0.3450917735444653
16950603,2023-04-01,3417035,baseline,alpha,0.05,-0.2343580411329072
16950603,2023-04-01,3417035,baseline,alpha,0.1,-0.18240691540171128
16950603,2023-04-01,3417035,baseline,alpha,0.25,-0.10318056062776382
16950603,2023-04-01,3417035,baseline,alpha,0.5,-0.025119536366098382
16950603,2023-04-01,3417035,baseline,alpha,0.75,0.0007519139815832991
16950603,2023-04-01,3417035,baseline,alpha,0.9,0.06363949814794122
16950603,2023-04-01,3417035,baseline,alpha,0.95,0.2511172833013169
16950603,2023-04-01,3417035,baseline,alpha,0.99,0.5396503634282566
16950603,2023-04-01,3417035,baseline,excess_return,0.01,-0.3299920818815145
16950603,2023-04-01,3417035,baseline,excess_return,0.05,-0.2305968630624138
16950603,2023-04-01,3417035,baseline,excess_return,0.1,-0.170837379083838
16950603,2023-04-01,3417035,baseline,excess_return,0.25,-0.10236892482121773
16950603,2023-04-01,3417035,baseline,excess_return,0.5,-0.02866998475690529
16950603,2023-04-01,3417035,baseline,excess_return,0.75,-0.0023715876858904014
16950603,2023-04-01,3417035,baseline,excess_return,0.9,0.06637017972198311
16950603,2023-04-01,3417035,baseline,excess_return,0.95,0.2489250681875363
16950603,2023-04-01,3417035,baseline,excess_return,0.99,0.5407936311831546
16950603,2023-04-01,3417035,better_return,alpha,0.01,-0.3297345466052081
16950603,2023-04-01,3417035,better_return,alpha,0.05,-0.23237232645515501
16950603,2023-04-01,3417035,better_return,alpha,0.1,-0.16876842981270337
16950603,2023-04-01,3417035,better_return,alpha,0.25,-0.10443350340070456
16950603,2023-04-01,3417035,better_return,alpha,0.5,-0.026019875564132586
16950603,2023-04-01,3417035,better_return,alpha,0.75,0.004766124980046619
16950603,2023-04-01,3417035,better_return,alpha,0.9,0.07624038379640775
16950603,2023-04-01,3417035,better_return,alpha,0.95,0.15635952516827778
16950603,2023-04-01,3417035,better_return,alpha,0.99,0.5249842407601946
16950603,2023-04-01,3417035,better_return,excess_return,0.01,-0.3274557903297046
16950603,2023-04-01,3417035,better_return,excess_return,0.05,-0.23032064283262677
16950603,2023-04-01,3417035,better_return,excess_return,0.1,-0.15826812370847604
16950603,2023-04-01,3417035,better_return,excess_return,0.25,-0.10537199238633399
16950603,2023-04-01,3417035,better_return,excess_return,0.5,-0.0308214292911455
16950603,2023-04-01,3417035,better_return,excess_return,0.75,0.0011090193528716721
16950603,2023-04-01,3417035,better_return,excess_return,0.9,0.07576192875159068
16950603,2023-04-01,3417035,better_return,excess_return,0.95,0.15103631668823142
16950603,2023-04-01,3417035,better_return,excess_return,0.99,0.5212983519750063
16950603,2023-04-01,3417035,equal_weight,alpha,0.01,-0.26554843913695986
16950603,2023-04-01,3417035,equal_weight,alpha,0.05,-0.17359304323280045
16950603,2023-04-01,3417035,equal_weight,alpha,0.1,-0.132695330664612
16950603,2023-04-01,3417035,equal_weight,alpha,0.25,-0.08907130386799182
16950603,2023-04-01,3417035,equal_weight,alpha,0.5,-0.03190692482305265
16950603,2023-04-01,3417035,equal_weight,alpha,0.75,0.002769761621614499
16950603,2023-04-01,3417035,equal_weight,alpha,0.9,0.056872063558079305
16950603,2023-04-01,3417035,equal_weight,alpha,0.95,0.1340704129712234
16950603,2023-04-01,3417035,equal_weight,alpha,0.99,0.502178438645405
16950603,2023-04-01,3417035,equal_weight,excess_return,0.01,-0.2613422862763939
16950603,2023-04-01,3417035,equal_weight,excess_return,0.05,-0.17603835159452164
16950603,2023-04-01,3417035,equal_weight,excess_return,0.1,-0.13394298760323659
16950603,2023-04-01,3417035,equal_weight,excess_return,0.25,-0.0903051294906817
16950603,2023-04-01,3417035,equal_weight,excess_return,0.5,-0.03387899104689073
16950603,2023-04-01,3417035,equal_weight,excess_return,0.75,-0.0022476326143736555
16950603,2023-04-01,3417035,equal_weight,excess_return,0.9,0.051493792218460184
16950603,2023-04-01,3417035,equal_weight,excess_return,0.95,0.1308609486582784
16950603,2023-04-01,3417035,equal_weight,excess_return,0.99,0.4948810396054437
16950603,2023-04-01,3417035,max_sharpe,alpha,0.01,-0.368392027850739
16950603,2023-04-01,3417035,max_sharpe,alpha,0.05,-0.2939625023940867
16950603,2023-04-01,3417035,max_sharpe,alpha,0.1,-0.17677893252409743
16950603,2023-04-01,3417035,max_sharpe,alpha,0.25,-0.08234097619839362
16950603,2023-04-01,3417035,max_sharpe,alpha,0.5,-0.019588898579704212
16950603,2023-04-01,3417035,max_sharpe,alpha,0.75,0.00988944608955622
16950603,2023-04-01,3417035,max_sharpe,alpha,0.9,0.07915012467211258
16950603,2023-04-01,3417035,max_sharpe,alpha,0.95,0.2898369027803717
16950603,2023-04-01,3417035,max_sharpe,alpha,0.99,0.6168516367639055
16950603,2023-04-01,3417035,max_sharpe,excess_return,0.01,-0.37126765784029825
16950603,2023-04-01,3417035,max_sharpe,excess_return,0.05,-0.2911763829947517
16950603,2023-04-01,3417035,max_sharpe,excess_return,0.1,-0.1734854338361965
16950603,2023-04-01,3417035,max_sharpe,excess_return,0.25,-0.07950223038961846
16950603,2023-04-01,3417035,max_sharpe,excess_return,0.5,-0.02733407163382772
16950603,2023-04-01,3417035,max_sharpe,excess_return,0.75,0.006856682601855908
16950603,2023-04-01,3417035,max_sharpe,excess_return,0.9,0.07556743627586515
16950603,2023-04-01,3417035,max_sharpe,excess_return,0.95,0.27781008006105196
16950603,2023-04-01,3417035,max_sharpe,excess_return,0.99,0.6163354678539368
16950603,2023-04-01,3417035,mcap_weight,alpha,0.01,-0.34625469571118955
16950603,2023-04-01,3417035,mcap_weight,alpha,0.05,-0.20527498142995135
16950603,2023-04-01,3417035,mcap_weight,alpha,0.1,-0.15683039667615076
16950603,2023-04-01,3417035,mcap_weight,alpha,0.25,-0.07373431954919966
16950603,2023-04-01,3417035,mcap_weight,alpha,0.5,-0.01297908404418454
16950603,2023-04-01,3417035,mcap_weight,alpha,0.75,0.0002833312989310215
16950603,2023-04-01,3417035,mcap_weight,alpha,0.9,0.04980688214504372
16950603,2023-04-01,3417035,mcap_weight,alpha,0.95,0.10957224788077244
16950603,2023-04-01,3417035,mcap_weight,alpha,0.99,0.3780318050282115
16950603,2023-04-01,3417035,mcap_weight,excess_return,0.01,-0.3291422718707332
16950603,2023-04-01,3417035,mcap_weight,excess_return,0.05,-0.20517522937591226
16950603,2023-04-01,3417035,mcap_weight,excess_return,0.1,-0.14624867746068826
16950603,2023-04-01,3417035,mcap_weight,excess_return,0.25,-0.0710581647421186
16950603,2023-04-01,3417035,mcap_weight,excess_return,0.5,-0.02723277432293813
16950603,2023-04-01,3417035,mcap_weight,excess_return,0.75,-0.013027202673050901
16950603,2023-04-01,3417035,mcap_weight,excess_return,0.9,0.050942672806690334
16950603,2023-04-01,3417035,mcap_weight,excess_return,0.95,0.11334051308351034
16950603,2023-04-01,3417035,mcap_weight,excess_return,0.99,0.37180151698529973
16950603,2023-04-01,3417035,safer_risk,alpha,0.01,-0.32657958639531426
16950603,2023-04-01,3417035,safer_risk,alpha,0.05,-0.21156238518622092
16950603,2023-04-01,3417035,safer_risk,alpha,0.1,-0.16876842974760728
16950603,2023-04-01,3417035,safer_risk,alpha,0.25,-0.09332305136928544
16950603,2023-04-01,3417035,safer_risk,alpha,0.5,-0.02574347113838573
16950603,2023-04-01,3417035,safer_risk,alpha,0.75,0.001316091022828425
16950603,2023-04-01,3417035,safer_risk,alpha,0.9,0.06042184392178164
16950603,2023-04-01,3417035,safer_risk,alpha,0.95,0.22651629743138463
16950603,2023-04-01,3417035,safer_risk,alpha,0.99,0.5123036476156316
16950603,2023-04-01,3417035,safer_risk,excess_return,0.01,-0.3141968446419253
16950603,2023-04-01,3417035,safer_risk,excess_return,0.05,-0.21117435645750848
16950603,2023-04-01,3417035,safer_risk,excess_return,0.1,-0.15708246074204846
16950603,2023-04-01,3417035,safer_risk,excess_return,0.25,-0.0948313852955831
16950603,2023-04-01,3417035,safer_risk,excess_return,0.5,-0.03203488691624256
16950603,2023-04-01,3417035,safer_risk,excess_return,0.75,-0.00540314057197832
16950603,2023-04-01,3417035,safer_risk,excess_return,0.9,0.060962242581927846
16950603,2023-04-01,3417035,safer_risk,excess_return,0.95,0.2230309059177783
16950603,2023-04-01,3417035,safer_risk,excess_return,0.99,0.5115695593544322
17162287,2023-05-01,3457737,baseline,alpha,0.01,-0.3817752344554955
17162287,2023-05-01,3457737,baseline,alpha,0.05,-0.23663436701919222
17162287,2023-05-01,3457737,baseline,alpha,0.1,-0.1738045689365789
17162287,2023-05-01,3457737,baseline,alpha,0.25,-0.10000258637875911
17162287,2023-05-01,3457737,baseline,alpha,0.5,-0.039986636732750616
17162287,2023-05-01,3457737,baseline,alpha,0.75,-0.006889708311788378
17162287,2023-05-01,3457737,baseline,alpha,0.9,0.006889299323842187
17162287,2023-05-01,3457737,baseline,alpha,0.95,0.028021660890493016
17162287,2023-05-01,3457737,baseline,alpha,0.99,0.18343481280018248
17162287,2023-05-01,3457737,baseline,excess_return,0.01,-0.36261724076063706
17162287,2023-05-01,3457737,baseline,excess_return,0.05,-0.23859924539084434
17162287,2023-05-01,3457737,baseline,excess_return,0.1,-0.17372451075507936
17162287,2023-05-01,3457737,baseline,excess_return,0.25,-0.0949318954577338
17162287,2023-05-01,3457737,baseline,excess_return,0.5,-0.05430491852447046
17162287,2023-05-01,3457737,baseline,excess_return,0.75,0.010632048943470182
17162287,2023-05-01,3457737,baseline,excess_return,0.9,0.05694474063678852
17162287,2023-05-01,3457737,baseline,excess_return,0.95,0.05744252278624551
17162287,2023-05-01,3457737,baseline,excess_return,0.99,0.200793647179153
17162287,2023-05-01,3457737,better_return,alpha,0.01,-0.38007824767395704
17162287,2023-05-01,3457737,better_return,alpha,0.05,-0.22660552072951537
17162287,2023-05-01,3457737,better_return,alpha,0.1,-0.16967653408880395
17162287,2023-05-01,3457737,better_return,alpha,0.25,-0.09984688158411124
17162287,2023-05-01,3457737,better_return,alpha,0.5,-0.04328988162638055
17162287,2023-05-01,3457737,better_return,alpha,0.75,-0.009393558151534559
17162287,2023-05-01,3457737,better_return,alpha,0.9,0.010015788616598471
17162287,2023-05-01,3457737,better_return,alpha,0.95,0.05181262911864541
17162287,2023-05-01,3457737,better_return,alpha,0.99,0.23264104983547945
17162287,2023-05-01,3457737,better_return,excess_return,0.01,-0.3671672846032861
17162287,2023-05-01,3457737,better_return,excess_return,0.05,-0.22634617154216127
17162287,2023-05-01,3457737,better_return,excess_return,0.1,-0.16741399464101187
17162287,2023-05-01,3457737,better_return,excess_return,0.25,-0.09578414158836286
17162287,2023-05-01,3457737,better_return,excess_return,0.5,-0.04798846723943513
17162287,2023-05-01,3457737,better_return,excess_return,0.75,0.015666601646600206
17162287,2023-05-01,3457737,better_return,excess_return,0.9,0.056775961325264176
17162287,2023-05-01,3457737,better_return,excess_return,0.95,0.0661481572859374
17162287,2023-05-01,3457737,better_return,excess_return,0.99,0.2426369736524036
17162287,2023-05-01,3457737,equal_weight,alpha,0.01,-0.31112330235513236
17162287,2023-05-01,3457737,equal_weight,alpha,0.05,-0.20245533136474575
17162287,2023-05-01,3457737,equal_weight,alpha,0.1,-0.1572804864206479
17162287,2023-05-01,3457737,equal_weight,alpha,0.25,-0.10224166344334212
17162287,2023-05-01,3457737,equal_weight,alpha,0.5,-0.05991410818080917
17162287,2023-05-01,3457737,equal_weight,alpha,0.75,-0.016663691138777165
17162287,2023-05-01,3457737,equal_weight,alpha,0.9,0.006184683988969927
17162287,2023-05-01,3457737,equal_weight,alpha,0.95,0.034663525930404095
17162287,2023-05-01,3457737,equal_weight,alpha,0.99,0.18065876150163074
17162287,2023-05-01,3457737,equal_weight,excess_return,0.01,-0.29723533654171613
17162287,2023-05-01,3457737,equal_weight,excess_return,0.05,-0.19339354784235213
17162287,2023-05-01,3457737,equal_weight,excess_return,0.1,-0.15145644377982004
17162287,2023-05-01,3457737,equal_weight,excess_return,0.25,-0.09743279810552204
17162287,2023-05-01,3457737,equal_weight,excess_return,0.5,-0.056627293215456745
17162287,2023-05-01,3457737,equal_weight,excess_return,0.75,-0.0013477187997804202
17162287,2023-05-01,3457737,equal_weight,excess_return,0.9,0.04466715901631661
17162287,2023-05-01,3457737,equal_weight,excess_return,0.95,0.05741717289827013
17162287,2023-05-01,3457737,equal_weight,excess_return,0.99,0.18929770667129384
17162287,2023-05-01,3457737,max_sharpe,alpha,0.01,-0.43646640227753475
17162287,2023-05-01,3457737,max_sharpe,alpha,0.05,-0.2481072030927312
17162287,2023-05-01,3457737,max_sharpe,alpha,0.1,-0.1739637176299798
17162287,2023-05-01,3457737,max_sharpe,alpha,0.25,-0.10722639762920134
17162287,2023-05-01,3457737,max_sharpe,alpha,0.5,-0.03577575683219649
17162287,2023-05-01,3457737,max_sharpe,alpha,0.75,-0.001856150214473315
17162287,2023-05-01,3457737,max_sharpe,alpha,0.9,0.013673743280221862
17162287,2023-05-01,3457737,max_sharpe,alpha,0.95,0.09097685080404609
17162287,2023-05-01,3457737,max_sharpe,alpha,0.99,0.3159566807671999
17162287,2023-05-01,3457737,max_sharpe,excess_return,0.01,-0.41771856440011285
17162287,2023-05-01,3457737,max_sharpe,excess_return,0.05,-0.2396622691830353
17162287,2023-05-01,3457737,max_sharpe,excess_return,0.1,-0.17711633523368636
17162287,2023-05-01,3457737,max_sharpe,excess_return,0.25,-0.10143378237749386
17162287,2023-05-01,3457737,max_sharpe,excess_return,0.5,-0.036432683319890094
17162287,2023-05-01,3457737,max_sharpe,excess_return,0.75,0.026131976633726725
17162287,2023-05-01,3457737,max_sharpe,excess_return,0.9,0.057017956697590064
17162287,2023-05-01,3457737,max_sharpe,excess_return,0.95,0.10567779389124592
17162287,2023-05-01,3457737,max_sharpe,excess_return,0.99,0.32046652456588737
17162287,2023-05-01,3457737,mcap_weight,alpha,0.01,-0.35017297763251665
17162287,2023-05-01,3457737,mcap_weight,alpha,0.05,-0.20511529898390107
17162287,2023-05-01,3457737,mcap_weight,alpha,0.1,-0.14151423434566973
17162287,2023-05-01,3457737,mcap_weight,alpha,0.25,-0.08359141018547603
17162287,2023-05-01,3457737,mcap_weight,alpha,0.5,-0.034034026363484876
17162287,2023-05-01,3457737,mcap_weight,alpha,0.75,-0.0016744478961520167
17162287,2023-05-01,3457737,mcap_weight,alpha,0.9,0.0011501231740340461
17162287,2023-05-01,3457737,mcap_weight,alpha,0.95,0.01118871421499188
17162287,2023-05-01,3457737,mcap_weight,alpha,0.99,0.09433800239953265
17162287,2023-05-01,3457737,mcap_weight,excess_return,0.01,-0.3216073030724577
17162287,2023-05-01,3457737,mcap_weight,excess_return,0.05,-0.2119692595073474
17162287,2023-05-01,3457737,mcap_weight,excess_return,0.1,-0.14303016635987442
17162287,2023-05-01,3457737,mcap_weight,excess_return,0.25,-0.08442490386629205
17162287,2023-05-01,3457737,mcap_weight,excess_return,0.5,-0.036398838052279794
17162287,2023-05-01,3457737,mcap_weight,excess_return,0.75,0.04230298172599854
17162287,2023-05-01,3457737,mcap_weight,excess_return,0.9,0.05682995356221656
17162287,2023-05-01,3457737,mcap_weight,excess_return,0.95,0.05700013458722712
17162287,2023-05-01,3457737,mcap_weight,excess_return,0.99,0.09569804520260292
17162287,2023-05-01,3457737,safer_risk,alpha,0.01,-0.3606640705723072
17162287,2023-05-01,3457737,safer_risk,alpha,0.05,-0.21968659489749107
17162287,2023-05-01,3457737,safer_risk,alpha,0.1,-0.16334807292069048
17162287,2023-05-01,3457737,safer_risk,alpha,0.25,-0.09669073378892071
17162287,2023-05-01,3457737,safer_risk,alpha,0.5,-0.04328988164566537
17162287,2023-05-01,3457737,safer_risk,alpha,0.75,-0.010960708932098275
17162287,2023-05-01,3457737,safer_risk,alpha,0.9,0.004721273279750352
17162287,2023-05-01,3457737,safer_risk,alpha,0.95,0.029425847648486256
17162287,2023-05-01,3457737,safer_risk,alpha,0.99,0.16766043645155274
17162287,2023-05-01,3457737,safer_risk,excess_return,0.01,-0.34456871328665023
17162287,2023-05-01,3457737,safer_risk,excess_return,0.05,-0.2200974980682472
17162287,2023-05-01,3457737,safer_risk,excess_return,0.1,-0.15951631829461552
17162287,2023-05-01,3457737,safer_risk,excess_return,0.25,-0.09167763276061909
17162287,2023-05-01,3457737,safer_risk,excess_return,0.5,-0.046686930726986445
17162287,2023-05-01,3457737,safer_risk,excess_return,0.75,0.014157946441306343
17162287,2023-05-01,3457737,safer_risk,excess_return,0.9,0.05361174186240138
17162287,2023-05-01,3457737,safer_risk,excess_return,0.95,0.057549715102514776
17162287,2023-05-01,3457737,safer_risk,excess_return,0.99,0.1845782470153291
17382266,2023-06-01,3442453,baseline,alpha,0.01,-0.35382285138527025
17382266,2023-06-01,3442453,baseline,alpha,0.05,-0.2656799635600121
17382266,2023-06-01,3442453,baseline,alpha,0.1,-0.23606208931509873
17382266,2023-06-01,3442453,baseline,alpha,0.25,-0.19213161912997326
17382266,2023-06-01,3442453,baseline,alpha,0.5,-0.1520600645717934
17382266,2023-06-01,3442453,baseline,alpha,0.75,-0.04981907992951932
17382266,2023-06-01,3442453,baseline,alpha,0.9,-0.000559543987400349
17382266,2023-06-01,3442453,baseline,alpha,0.95,0.009134598893456488
17382266,2023-06-01,3442453,baseline,alpha,0.99,0.17273489224438704
17382266,2023-06-01,3442453,baseline,excess_return,0.01,-0.3544101244160174
17382266,2023-06-01,3442453,baseline,excess_return,0.05,-0.26589940179449556
17382266,2023-06-01,3442453,baseline,excess_return,0.1,-0.23632273560605366
17382266,2023-06-01,3442453,baseline,excess_return,0.25,-0.19167332653154032
17382266,2023-06-01,3442453,baseline,excess_return,0.5,-0.1516760374055985
17382266,2023-06-01,3442453,baseline,excess_return,0.75,-0.04851309261321787
17382266,2023-06-01,3442453,baseline,excess_return,0.9,0.004346433157238384
17382266,2023-06-01,3442453,baseline,excess_return,0.95,0.011399214657673826
17382266,2023-06-01,3442453,baseline,excess_return,0.99,0.173770456890221
17382266,2023-06-01,3442453,better_return,alpha,0.01,-0.34415103071208913
17382266,2023-06-01,3442453,better_return,alpha,0.05,-0.26399767990269296
17382266,2023-06-01,3442453,better_return,alpha,0.1,-0.23499153278460067
17382266,2023-06-01,3442453,better_return,alpha,0.25,-0.1913282139987785
17382266,2023-06-01,3442453,better_return,alpha,0.5,-0.1377047726548833
17382266,2023-06-01,3442453,better_return,alpha,0.75,-0.04594448520559483
17382266,2023-06-01,3442453,better_return,alpha,0.9,-0.0012358292481210393
17382266,2023-06-01,3442453,better_return,alpha,0.95,0.0033791745650807066
17382266,2023-06-01,3442453,better_return,alpha,0.99,0.2718502926731
17382266,2023-06-01,3442453,better_return,excess_return,0.01,-0.34488709640173576
17382266,2023-06-01,3442453,better_return,excess_return,0.05,-0.2640900827304595
17382266,2023-06-01,3442453,better_return,excess_return,0.1,-0.2353522503552384
17382266,2023-06-01,3442453,better_return,excess_return,0.25,-0.19124020453484133
17382266,2023-06-01,3442453,better_return,excess_return,0.5,-0.1370785903473933
17382266,2023-06-01,3442453,better_return,excess_return,0.75,-0.04436949812814281
17382266,2023-06-01,3442453,better_return,excess_return,0.9,0.003648878204575226
17382266,2023-06-01,3442453,better_return,excess_return,0.95,0.007555386733872269
17382266,2023-06-01,3442453,better_return,excess_return,0.99,0.2730343617179235
17382266,2023-06-01,3442453,equal_weight,alpha,0.01,-0.30397245869913314
17382266,2023-06-01,3442453,equal_weight,alpha,0.05,-0.24543581633343065
17382266,2023-06-01,3442453,equal_weight,alpha,0.1,-0.22016608869866663
17382266,2023-06-01,3442453,equal_weight,alpha,0.25,-0.192699003129018
17382266,2023-06-01,3442453,equal_weight,alpha,0.5,-0.14182679949941066
17382266,2023-06-01,3442453,equal_weight,alpha,0.75,-0.08542283993759477
17382266,2023-06-01,3442453,equal_weight,alpha,0.9,-0.01749758507378159
17382266,2023-06-01,3442453,equal_weight,alpha,0.95,0.0007703010491775175
17382266,2023-06-01,3442453,equal_weight,alpha,0.99,0.24193120611318852
17382266,2023-06-01,3442453,equal_weight,excess_return,0.01,-0.3047585258543131
17382266,2023-06-01,3442453,equal_weight,excess_return,0.05,-0.24560981501632448
17382266,2023-06-01,3442453,equal_weight,excess_return,0.1,-0.22022448825948351
17382266,2023-06-01,3442453,equal_weight,excess_return,0.25,-0.1931908114492011
17382266,2023-06-01,3442453,equal_weight,excess_return,0.5,-0.14077055018960768
17382266,2023-06-01,3442453,equal_weight,excess_return,0.75,-0.08374951487102186
17382266,2023-06-01,3442453,equal_weight,excess_return,0.9,-0.014708456912759474
17382266,2023-06-01,3442453,equal_weight,excess_return,0.95,0.005969862117086753
17382266,2023-06-01,3442453,equal_weight,excess_return,0.99,0.24159648019684493
17382266,2023-06-01,3442453,max_sharpe,alpha,0.01,-0.39716488301046454
17382266,2023-06-01,3442453,max_sharpe,alpha,0.05,-0.2897907127493845
17382266,2023-06-01,3442453,max_sharpe,alpha,0.1,-0.2560746145491552
17382266,2023-06-01,3442453,max_sharpe,alpha,0.25,-0.20490019181963778
17382266,2023-06-01,3442453,max_sharpe,alpha,0.5,-0.14257238379376344
17382266,2023-06-01,3442453,max_sharpe,alpha,0.75,-0.048148319074118595
17382266,2023-06-01,3442453,max_sharpe,alpha,0.9,-7.972024945587927e-05
17382266,2023-06-01,3442453,max_sharpe,alpha,0.95,0.018480691122128155
17382266,2023-06-01,3442453,max_sharpe,alpha,0.99,0.36140338859012633
17382266,2023-06-01,3442453,max_sharpe,excess_return,0.01,-0.3983716317755093
17382266,2023-06-01,3442453,max_sharpe,excess_return,0.05,-0.2898618583058883
17382266,2023-06-01,3442453,max_sharpe,excess_return,0.1,-0.25601740851894955
17382266,2023-06-01,3442453,max_sharpe,excess_return,0.25,-0.2051187052369515
17382266,2023-06-01,3442453,max_sharpe,excess_return,0.5,-0.14173684430590336
17382266,2023-06-01,3442453,max_sharpe,excess_return,0.75,-0.04781984714829976
17382266,2023-06-01,3442453,max_sharpe,excess_return,0.9,0.005099690864745186
17382266,2023-06-01,3442453,max_sharpe,excess_return,0.95,0.020498920922716997
17382266,2023-06-01,3442453,max_sharpe,excess_return,0.99,0.36038923492506064
17382266,2023-06-01,3442453,mcap_weight,alpha,0.01,-0.30242624171972887
17382266,2023-06-01,3442453,mcap_weight,alpha,0.05,-0.24645675495721084
17382266,2023-06-01,3442453,mcap_weight,alpha,0.1,-0.21910054160805162
17382266,2023-06-01,3442453,mcap_weight,alpha,0.25,-0.18303263954309942
17382266,2023-06-01,3442453,mcap_weight,alpha,0.5,-0.12901348352179093
17382266,2023-06-01,3442453,mcap_weight,alpha,0.75,-0.01146644910059582
17382266,2023-06-01,3442453,mcap_weight,alpha,0.9,-0.0008293574186964807
17382266,2023-06-01,3442453,mcap_weight,alpha,0.95,1.4435278882632103e-05
17382266,2023-06-01,3442453,mcap_weight,alpha,0.99,0.07277292902503216
17382266,2023-06-01,3442453,mcap_weight,excess_return,0.01,-0.30257046789037345
17382266,2023-06-01,3442453,mcap_weight,excess_return,0.05,-0.24682414924024185
17382266,2023-06-01,3442453,mcap_weight,excess_return,0.1,-0.21969860562966834
17382266,2023-06-01,3442453,mcap_weight,excess_return,0.25,-0.18374096511945323
17382266,2023-06-01,3442453,mcap_weight,excess_return,0.5,-0.12863077845669166
17382266,2023-06-01,3442453,mcap_weight,excess_return,0.75,-0.008643279814427998
17382266,2023-06-01,3442453,mcap_weight,excess_return,0.9,0.004256050575154054
17382266,2023-06-01,3442453,mcap_weight,excess_return,0.95,0.0051681368964572065
17382266,2023-06-01,3442453,mcap_weight,excess_return,0.99,0.07486759786654187
17382266,2023-06-01,3442453,safer_risk,alpha,0.01,-0.34376936037102174
17382266,2023-06-01,3442453,safer_risk,alpha,0.05,-0.2583221888254574
17382266,2023-06-01,3442453,safer_risk,alpha,0.1,-0.22638864248440088
17382266,2023-06-01,3442453,safer_risk,alpha,0.25,-0.18518110115239675
17382266,2023-06-01,3442453,safer_risk,alpha,0.5,-0.14352155815383186
17382266,2023-06-01,3442453,safer_risk,alpha,0.75,-0.04771517678143756
17382266,2023-06-01,3442453,safer_risk,alpha,0.9,-0.0012500911519503373
17382266,2023-06-01,3442453,safer_risk,alpha,0.95,0.0023567858743993426
17382266,2023-06-01,3442453,safer_risk,alpha,0.99,0.17248701903067704
17382266,2023-06-01,3442453,safer_risk,excess_return,0.01,-0.34402227703247223
17382266,2023-06-01,3442453,safer_risk,excess_return,0.05,-0.25855603530430954
17382266,2023-06-01,3442453,safer_risk,excess_return,0.1,-0.22639545565260907
17382266,2023-06-01,3442453,safer_risk,excess_return,0.25,-0.18506227739236955
17382266,2023-06-01,3442453,safer_risk,excess_return,0.5,-0.14227155456916937
17382266,2023-06-01,3442453,safer_risk,excess_return,0.75,-0.04608478952019687
17382266,2023-06-01,3442453,safer_risk,excess_return,0.9,0.0026887447089163664
17382266,2023-06-01,3442453,safer_risk,excess_return,0.95,0.007098114175005955
17382266,2023-06-01,3442453,safer_risk,excess_return,0.99,0.17336391318484035
17595510,2023-07-01,3533345,baseline,alpha,0.01,-0.33562691615421925
17595510,2023-07-01,3533345,baseline,alpha,0.05,-0.11344385398481424
17595510,2023-07-01,3533345,baseline,alpha,0.1,-0.04735428408169991
17595510,2023-07-01,3533345,baseline,alpha,0.25,0.0016890691920972082
17595510,2023-07-01,3533345,baseline,alpha,0.5,0.03601542431827231
17595510,2023-07-01,3533345,baseline,alpha,0.75,0.10985426279253452
17595510,2023-07-01,3533345,baseline,alpha,0.9,0.2141412232461988
17595510,2023-07-01,3533345,baseline,alpha,0.95,0.3101205074829456
17595510,2023-07-01,3533345,baseline,alpha,0.99,0.4494037107474801
17595510,2023-07-01,3533345,baseline,excess_return,0.01,-0.33852070213558955
17595510,2023-07-01,3533345,baseline,excess_return,0.05,-0.11624355199568123
17595510,2023-07-01,3533345,baseline,excess_return,0.1,-0.04787033849314462
17595510,2023-07-01,3533345,baseline,excess_return,0.25,0.0005822749692488277
17595510,2023-07-01,3533345,baseline,excess_return,0.5,0.03757464419807792
17595510,2023-07-01,3533345,baseline,excess_return,0.75,0.10591755705131038
17595510,2023-07-01,3533345,baseline,excess_return,0.9,0.21173892867080235
17595510,2023-07-01,3533345,baseline,excess_return,0.95,0.30836603924871425
17595510,2023-07-01,3533345,baseline,excess_return,0.99,0.44590219428256705
17595510,2023-07-01,3533345,better_return,alpha,0.01,-0.3396504963419501
17595510,2023-07-01,3533345,better_return,alpha,0.05,-0.13351679131777994
17595510,2023-07-01,3533345,better_return,alpha,0.1,-0.061098228893215714
17595510,2023-07-01,3533345,better_return,alpha,0.25,-0.0001837552542846526
17595510,2023-07-01,3533345,better_return,alpha,0.5,0.029493621903509005
17595510,2023-07-01,3533345,better_return,alpha,0.75,0.10119419053094808
17595510,2023-07-01,3533345,better_return,alpha,0.9,0.2139475756370755
17595510,2023-07-01,3533345,better_return,alpha,0.95,0.3109761374773926
17595510,2023-07-01,3533345,better_return,alpha,0.99,0.4449512857807021
17595510,2023-07-01,3533345,better_return,excess_return,0.01,-0.3456839669619725
17595510,2023-07-01,3533345,better_return,excess_return,0.05,-0.13214382424769733
17595510,2023-07-01,3533345,better_return,excess_return,0.1,-0.06053399624441809
17595510,2023-07-01,3533345,better_return,excess_return,0.25,0.006019683643273918
17595510,2023-07-01,3533345,better_return,excess_return,0.5,0.034025067619237445
17595510,2023-07-01,3533345,better_return,excess_return,0.75,0.09981335745430979
17595510,2023-07-01,3533345,better_return,excess_return,0.9,0.2129899711713199
17595510,2023-07-01,3533345,better_return,excess_return,0.95,0.30971259275049107
17595510,2023-07-01,3533345,better_return,excess_return,0.99,0.44450174178868135
17595510,2023-07-01,3533345,equal_weight,alpha,0.01,-0.23899204897200682
17595510,2023-07-01,3533345,equal_weight,alpha,0.05,-0.10052873889192875
17595510,2023-07-01,3533345,equal_weight,alpha,0.1,-0.04938354946550498
17595510,2023-07-01,3533345,equal_weight,alpha,0.25,0.0005244253546994182
17595510,2023-07-01,3533345,equal_weight,alpha,0.5,0.05176131411225597
17595510,2023-07-01,3533345,equal_weight,alpha,0.75,0.10424943744903137
17595510,2023-07-01,3533345,equal_weight,alpha,0.9,0.19111875384789456
17595510,2023-07-01,3533345,equal_weight,alpha,0.95,0.24758020166769146
17595510,2023-07-01,3533345,equal_weight,alpha,0.99,0.40550706236168155
17595510,2023-07-01,3533345,equal_weight,excess_return,0.01,-0.24526760089997135
17595510,2023-07-01,3533345,equal_weight,excess_return,0.05,-0.10023965761158035
17595510,2023-07-01,3533345,equal_weight,excess_return,0.1,-0.04599947597240746
17595510,2023-07-01,3533345,equal_weight,excess_return,0.25,0.011844323208918192
17595510,2023-07-01,3533345,equal_weight,excess_return,0.5,0.05353302945866993
17595510,2023-07-01,3533345,equal_weight,excess_return,0.75,0.10279673884791755
17595510,2023-07-01,3533345,equal_weight,excess_return,0.9,0.19089179127409173
17595510,2023-07-01,3533345,equal_weight,excess_return,0.95,0.2537042897656067
17595510,2023-07-01,3533345,equal_weight,excess_return,0.99,0.405872561700233
17595510,2023-07-01,3533345,max_sharpe,alpha,0.01,-0.45008047148730024
17595510,2023-07-01,3533345,max_sharpe,alpha,0.05,-0.20328794818444051
17595510,2023-07-01,3533345,max_sharpe,alpha,0.1,-0.09791302803365268
17595510,2023-07-01,3533345,max_sharpe,alpha,0.25,-0.00038703145600095523
17595510,2023-07-01,3533345,max_sharpe,alpha,0.5,0.023757089811562056
17595510,2023-07-01,3533345,max_sharpe,alpha,0.75,0.10145390918621688
17595510,2023-07-01,3533345,max_sharpe,alpha,0.9,0.21996833848098157
17595510,2023-07-01,3533345,max_sharpe,alpha,0.95,0.4027580653967831
17595510,2023-07-01,3533345,max_sharpe,alpha,0.99,0.4889152392414101
17595510,2023-07-01,3533345,max_sharpe,excess_return,0.01,-0.46065042367982056
17595510,2023-07-01,3533345,max_sharpe,excess_return,0.05,-0.2018111007309838
17595510,2023-07-01,3533345,max_sharpe,excess_return,0.1,-0.1008074188855664
17595510,2023-07-01,3533345,max_sharpe,excess_return,0.25,0.002324836255949189
17595510,2023-07-01,3533345,max_sharpe,excess_return,0.5,0.030631834425451185
17595510,2023-07-01,3533345,max_sharpe,excess_return,0.75,0.09616001780427601
17595510,2023-07-01,3533345,max_sharpe,excess_return,0.9,0.21903384965482692
17595510,2023-07-01,3533345,max_sharpe,excess_return,0.95,0.39944240059218344
17595510,2023-07-01,3533345,max_sharpe,excess_return,0.99,0.49271037291525266
17595510,2023-07-01,3533345,mcap_weight,alpha,0.01,-0.26135001222207166
17595510,2023-07-01,3533345,mcap_weight,alpha,0.05,-0.05181893140097817
17595510,2023-07-01,3533345,mcap_weight,alpha,0.1,-0.0015213048525507338
17595510,2023-07-01,3533345,mcap_weight,alpha,0.25,0.00043282457751771383
17595510,2023-07-01,3533345,mcap_weight,alpha,0.5,0.035355893970450414
17595510,2023-07-01,3533345,mcap_weight,alpha,0.75,0.09619789688989361
17595510,2023-07-01,3533345,mcap_weight,alpha,0.9,0.2367475179214116
17595510,2023-07-01,3533345,mcap_weight,alpha,0.95,0.3329024618158549
17595510,2023-07-01,3533345,mcap_weight,alpha,0.99,0.43691538912953676
17595510,2023-07-01,3533345,mcap_weight,excess_return,0.01,-0.2594965638005669
17595510,2023-07-01,3533345,mcap_weight,excess_return,0.05,-0.05681728203044108
17595510,2023-07-01,3533345,mcap_weight,excess_return,0.1,-0.007007536112572391
17595510,2023-07-01,3533345,mcap_weight,excess_return,0.25,0.021868499216552803
17595510,2023-07-01,3533345,mcap_weight,excess_return,0.5,0.03748693051054601
17595510,2023-07-01,3533345,mcap_weight,excess_return,0.75,0.09638009955445846
17595510,2023-07-01,3533345,mcap_weight,excess_return,0.9,0.2353406823194299
17595510,2023-07-01,3533345,mcap_weight,excess_return,0.95,0.33114413010403687
17595510,2023-07-01,3533345,mcap_weight,excess_return,0.99,0.4348148173103454
17595510,2023-07-01,3533345,safer_risk,alpha,0.01,-0.30586125807222664
17595510,2023-07-01,3533345,safer_risk,alpha,0.05,-0.10221138376690589
17595510,2023-07-01,3533345,safer_risk,alpha,0.1,-0.04179002174782757
17595510,2023-07-01,3533345,safer_risk,alpha,0.25,-5.8026385313195904e-05
17595510,2023-07-01,3533345,safer_risk,alpha,0.5,0.033247740332219625
17595510,2023-07-01,3533345,safer_risk,alpha,0.75,0.0996286315399279
17595510,2023-07-01,3533345,safer_risk,alpha,0.9,0.19855498988447984
17595510,2023-07-01,3533345,safer_risk,alpha,0.95,0.2948412786012046
17595510,2023-07-01,3533345,safer_risk,alpha,0.99,0.42901026648788254
17595510,2023-07-01,3533345,safer_risk,excess_return,0.01,-0.3105638118591216
17595510,2023-07-01,3533345,safer_risk,excess_return,0.05,-0.10336067809331242
17595510,2023-07-01,3533345,safer_risk,excess_return,0.1,-0.04095459480228448
17595510,2023-07-01,3533345,safer_risk,excess_return,0.25,0.00601968364327414
17595510,2023-07-01,3533345,safer_risk,excess_return,0.5,0.03788635313721793
17595510,2023-07-01,3533345,safer_risk,excess_return,0.75,0.0988819206807096
17595510,2023-07-01,3533345,safer_risk,excess_return,0.9,0.19660535819334382
17595510,2023-07-01,3533345,safer_risk,excess_return,0.95,0.29371002512902955
17595510,2023-07-01,3533345,safer_risk,excess_return,0.99,0.4301776389018417
17816434,2023-08-01,3527396,baseline,alpha,0.01,-0.33254157462187145
17816434,2023-08-01,3527396,baseline,alpha,0.05,-0.15591383101665213
17816434,2023-08-01,3527396,baseline,alpha,0.1,-0.0932651891359414
17816434,2023-08-01,3527396,baseline,alpha,0.25,-0.0313631104577874
17816434,2023-08-01,3527396,baseline,alpha,0.5,0.003915037223100271
17816434,2023-08-01,3527396,baseline,alpha,0.75,0.06996338647288164
17816434,2023-08-01,3527396,baseline,alpha,0.9,0.37684208324517754
17816434,2023-08-01,3527396,baseline,alpha,0.95,0.7094837211395413
17816434,2023-08-01,3527396,baseline,alpha,0.99,0.7162537629447705
17816434,2023-08-01,3527396,baseline,excess_return,0.01,-0.409378784176739
17816434,2023-08-01,3527396,baseline,excess_return,0.05,-0.16084415044456346
17816434,2023-08-01,3527396,baseline,excess_return,0.1,-0.10455246079424671
17816434,2023-08-01,3527396,baseline,excess_return,0.25,-0.04930735620675411
17816434,2023-08-01,3527396,baseline,excess_return,0.5,0.01220598473563042
17816434,2023-08-01,3527396,baseline,excess_return,0.75,0.10114897786947924
17816434,2023-08-01,3527396,baseline,excess_return,0.9,0.33921629236046413
17816434,2023-08-01,3527396,baseline,excess_return,0.95,0.6204020411720148
17816434,2023-08-01,3527396,baseline,excess_return,0.99,0.6355325163166144
17816434,2023-08-01,3527396,better_return,alpha,0.01,-0.3058853447124734
17816434,2023-08-01,3527396,better_return,alpha,0.05,-0.16241653757579147
17816434,2023-08-01,3527396,better_return,alpha,0.1,-0.10201764638457816
17816434,2023-08-01,3527396,better_return,alpha,0.25,-0.04203272356414782
17816434,2023-08-01,3527396,better_return,alpha,0.5,-0.00020610767505287682
17816434,2023-08-01,3527396,better_return,alpha,0.75,0.07007802777011597
17816434,2023-08-01,3527396,better_return,alpha,0.9,0.34658012790903875
17816434,2023-08-01,3527396,better_return,alpha,0.95,0.6527147620238484
17816434,2023-08-01,3527396,better_return,alpha,0.99,1.0023594306386292
17816434,2023-08-01,3527396,better_return,excess_return,0.01,-0.37438699075745385
17816434,2023-08-01,3527396,better_return,excess_return,0.05,-0.16721747436046183
17816434,2023-08-01,3527396,better_return,excess_return,0.1,-0.10957380833204863
17816434,2023-08-01,3527396,better_return,excess_return,0.25,-0.056142929444329
17816434,2023-08-01,3527396,better_return,excess_return,0.5,0.016275611290423514
17816434,2023-08-01,3527396,better_return,excess_return,0.75,0.10119894477214134
17816434,2023-08-01,3527396,better_return,excess_return,0.9,0.31232446908165
17816434,2023-08-01,3527396,better_return,excess_return,0.95,0.5614968154096073
17816434,2023-08-01,3527396,better_return,excess_return,0.99,1.0166254881435106
17816434,2023-08-01,3527396,equal_weight,alpha,0.01,-0.23636920121625182
17816434,2023-08-01,3527396,equal_weight,alpha,0.05,-0.13301427288813622
17816434,2023-08-01,3527396,equal_weight,alpha,0.1,-0.08992709648699315
17816434,2023-08-01,3527396,equal_weight,alpha,0.25,-0.03601752333139134
17816434,2023-08-01,3527396,equal_weight,alpha,0.5,0.0037258172346852497
17816434,2023-08-01,3527396,equal_weight,alpha,0.75,0.07469631818433357
17816434,2023-08-01,3527396,equal_weight,alpha,0.9,0.382398079014717
17816434,2023-08-01,3527396,equal_weight,alpha,0.95,0.39575842732355854
17816434,2023-08-01,3527396,equal_weight,alpha,0.99,2.2451911737456225
17816434,2023-08-01,3527396,equal_weight,excess_return,0.01,-0.2397198516384982
17816434,2023-08-01,3527396,equal_weight,excess_return,0.05,-0.13884969530629235
17816434,2023-08-01,3527396,equal_weight,excess_return,0.1,-0.09634816616188194
17816434,2023-08-01,3527396,equal_weight,excess_return,0.25,-0.04520552473534603
17816434,2023-08-01,3527396,equal_weight,excess_return,0.5,0.01620705295767641
17816434,2023-08-01,3527396,equal_weight,excess_return,0.75,0.10125918618039828
17816434,2023-08-01,3527396,equal_weight,excess_return,0.9,0.3203437387977949
17816434,2023-08-01,3527396,equal_weight,excess_return,0.95,0.36157722436790884
17816434,2023-08-01,3527396,equal_weight,excess_return,0.99,2.2519808023449124
17816434,2023-08-01,3527396,max_sharpe,alpha,0.01,-0.3762526925993322
17816434,2023-08-01,3527396,max_sharpe,alpha,0.05,-0.22124889957899044
17816434,2023-08-01,3527396,max_sharpe,alpha,0.1,-0.12945116022848685
17816434,2023-08-01,3527396,max_sharpe,alpha,0.25,-0.04557356034445641
17816434,2023-08-01,3527396,max_sharpe,alpha,0.5,-5.0801018502142584e-05
17816434,2023-08-01,3527396,max_sharpe,alpha,0.75,0.084644461435496
17816434,2023-08-01,3527396,max_sharpe,alpha,0.9,0.1311570044260784
17816434,2023-08-01,3527396,max_sharpe,alpha,0.95,0.34658012790903747
17816434,2023-08-01,3527396,max_sharpe,alpha,0.99,1.1338879213927444
17816434,2023-08-01,3527396,max_sharpe,excess_return,0.01,-0.3916598559464708
17816434,2023-08-01,3527396,max_sharpe,excess_return,0.05,-0.23266841171864142
17816434,2023-08-01,3527396,max_sharpe,excess_return,0.1,-0.12961979284290867
17816434,2023-08-01,3527396,max_sharpe,excess_return,0.25,-0.07111455948892767
17816434,2023-08-01,3527396,max_sharpe,excess_return,0.5,0.005350300257289969
17816434,2023-08-01,3527396,max_sharpe,excess_return,0.75,0.08730370187352707
17816434,2023-08-01,3527396,max_sharpe,excess_return,0.9,0.116061317086089
17816434,2023-08-01,3527396,max_sharpe,excess_return,0.95,0.2623930219559868
17816434,2023-08-01,3527396,max_sharpe,excess_return,0.99,1.10860806723249
17816434,2023-08-01,3527396,mcap_weight,alpha,0.01,-0.31188967671391554
17816434,2023-08-01,3527396,mcap_weight,alpha,0.05,-0.12251197976005922
17816434,2023-08-01,3527396,mcap_weight,alpha,0.1,-0.07449217426141103
17816434,2023-08-01,3527396,mcap_weight,alpha,0.25,-0.019405750968558743
17816434,2023-08-01,3527396,mcap_weight,alpha,0.5,-0.0005131562954351544
17816434,2023-08-01,3527396,mcap_weight,alpha,0.75,0.062055719721320124
17816434,2023-08-01,3527396,mcap_weight,alpha,0.9,0.2677174098183444
17816434,2023-08-01,3527396,mcap_weight,alpha,0.95,0.5892873514884638
17816434,2023-08-01,3527396,mcap_weight,alpha,0.99,0.7171399379302664
17816434,2023-08-01,3527396,mcap_weight,excess_return,0.01,-0.4210194321231594
17816434,2023-08-01,3527396,mcap_weight,excess_return,0.05,-0.14242306159506382
17816434,2023-08-01,3527396,mcap_weight,excess_return,0.1,-0.09665507759386496
17816434,2023-08-01,3527396,mcap_weight,excess_return,0.25,-0.03729717084752873
17816434,2023-08-01,3527396,mcap_weight,excess_return,0.5,0.05881325768939902
17816434,2023-08-01,3527396,mcap_weight,excess_return,0.75,0.10123399984777745
17816434,2023-08-01,3527396,mcap_weight,excess_return,0.9,0.22748175926031783
17816434,2023-08-01,3527396,mcap_weight,excess_return,0.95,0.5028428505540997
17816434,2023-08-01,3527396,mcap_weight,excess_return,0.99,0.6211766091690607
17816434,2023-08-01,3527396,safer_risk,alpha,0.01,-0.2940022335234799
17816434,2023-08-01,3527396,safer_risk,alpha,0.05,-0.13915273392762412
17816434,2023-08-01,3527396,safer_risk,alpha,0.1,-0.08667334838071127
17816434,2023-08-01,3527396,safer_risk,alpha,0.25,-0.0297625095410495
17816434,2023-08-01,3527396,safer_risk,alpha,0.5,0.0009548522094082468
17816434,2023-08-01,3527396,safer_risk,alpha,0.75,0.07080090370461531
17816434,2023-08-01,3527396,safer_risk,alpha,0.9,0.4889826257554545
17816434,2023-08-01,3527396,safer_risk,alpha,0.95,0.6527147620238487
17816434,2023-08-01,3527396,safer_risk,alpha,0.99,1.0067748023923917
17816434,2023-08-01,3527396,safer_risk,excess_return,0.01,-0.36891106155881404
17816434,2023-08-01,3527396,safer_risk,excess_return,0.05,-0.14494822475903216
17816434,2023-08-01,3527396,safer_risk,excess_return,0.1,-0.09623812726778394
17816434,2023-08-01,3527396,safer_risk,excess_return,0.25,-0.03875126741252963
17816434,2023-08-01,3527396,safer_risk,excess_return,0.5,0.027946994560004906
17816434,2023-08-01,3527396,safer_risk,excess_return,0.75,0.10084540726383559
17816434,2023-08-01,3527396,safer_risk,excess_return,0.9,0.4433611846916298
17816434,2023-08-01,3527396,safer_risk,excess_return,0.95,0.5614968154096075
17816434,2023-08-01,3527396,safer_risk,excess_return,0.99,1.0029152816490492
18037988,2023-09-01,3655348,baseline,alpha,0.01,-0.39097242048257763
18037988,2023-09-01,3655348,baseline,alpha,0.05,-0.25528585754033106
18037988,2023-09-01,3655348,baseline,alpha,0.1,-0.22791354998925317
18037988,2023-09-01,3655348,baseline,alpha,0.25,-0.10829276069426455
18037988,2023-09-01,3655348,baseline,alpha,0.5,-0.051875571626981906
18037988,2023-09-01,3655348,baseline,alpha,0.75,-0.0005811375333550892
18037988,2023-09-01,3655348,baseline,alpha,0.9,0.06780434913142877
18037988,2023-09-01,3655348,baseline,alpha,0.95,0.13058049376194358
18037988,2023-09-01,3655348,baseline,alpha,0.99,0.49849322974951343
18037988,2023-09-01,3655348,baseline,excess_return,0.01,-0.39598071566025855
18037988,2023-09-01,3655348,baseline,excess_return,0.05,-0.25670559483063543
18037988,2023-09-01,3655348,baseline,excess_return,0.1,-0.2319656322704773
18037988,2023-09-01,3655348,baseline,excess_return,0.25,-0.11016340457321333
18037988,2023-09-01,3655348,baseline,excess_return,0.5,-0.05404311916146772
18037988,2023-09-01,3655348,baseline,excess_return,0.75,-0.014635444286137327
18037988,2023-09-01,3655348,baseline,excess_return,0.9,0.06551448576725823
18037988,2023-09-01,3655348,baseline,excess_return,0.95,0.12958237212283255
18037988,2023-09-01,3655348,baseline,excess_return,0.99,0.5036489256262896
18037988,2023-09-01,3655348,better_return,alpha,0.01,-0.37529738098112275
18037988,2023-09-01,3655348,better_return,alpha,0.05,-0.24165217284134474
18037988,2023-09-01,3655348,better_return,alpha,0.1,-0.20429045573164545
18037988,2023-09-01,3655348,better_return,alpha,0.25,-0.1101509965092062
18037988,2023-09-01,3655348,better_return,alpha,0.5,-0.050718562466250505
18037988,2023-09-01,3655348,better_return,alpha,0.75,-0.0005495295291777011
18037988,2023-09-01,3655348,better_return,alpha,0.9,0.07530600189236218
18037988,2023-09-01,3655348,better_return,alpha,0.95,0.15530053411935252
18037988,2023-09-01,3655348,better_return,alpha,0.99,0.5650195146269885
18037988,2023-09-01,3655348,better_return,excess_return,0.01,-0.38023358024502724
18037988,2023-09-01,3655348,better_return,excess_return,0.05,-0.24177018626863622
18037988,2023-09-01,3655348,better_return,excess_return,0.1,-0.20828517406341668
18037988,2023-09-01,3655348,better_return,excess_return,0.25,-0.11250327584426398
18037988,2023-09-01,3655348,better_return,excess_return,0.5,-0.05392390989864151
18037988,2023-09-01,3655348,better_return,excess_return,0.75,-0.014161754800794034
18037988,2023-09-01,3655348,better_return,excess_return,0.9,0.07077417594551656
18037988,2023-09-01,3655348,better_return,excess_return,0.95,0.14048460759225156
18037988,2023-09-01,3655348,better_return,excess_return,0.99,0.5647450077622271
18037988,2023-09-01,3655348,equal_weight,alpha,0.01,-0.3124093890100668
18037988,2023-09-01,3655348,equal_weight,alpha,0.05,-0.20093280038541103
18037988,2023-09-01,3655348,equal_weight,alpha,0.1,-0.15569781639370758
18037988,2023-09-01,3655348,equal_weight,alpha,0.25,-0.10842285991545104
18037988,2023-09-01,3655348,equal_weight,alpha,0.5,-0.051224028756893206
18037988,2023-09-01,3655348,equal_weight,alpha,0.75,-0.0005487713738888144
18037988,2023-09-01,3655348,equal_weight,alpha,0.9,0.05947991104686798
18037988,2023-09-01,3655348,equal_weight,alpha,0.95,0.13224441070352716
18037988,2023-09-01,3655348,equal_weight,alpha,0.99,0.4847300691437929
18037988,2023-09-01,3655348,equal_weight,excess_return,0.01,-0.314419004737815
18037988,2023-09-01,3655348,equal_weight,excess_return,0.05,-0.2014877995297364
18037988,2023-09-01,3655348,equal_weight,excess_return,0.1,-0.1604157055552767
18037988,2023-09-01,3655348,equal_weight,excess_return,0.25,-0.1121906268619853
18037988,2023-09-01,3655348,equal_weight,excess_return,0.5,-0.05401996782610443
18037988,2023-09-01,3655348,equal_weight,excess_return,0.75,-0.012581447050922866
18037988,2023-09-01,3655348,equal_weight,excess_return,0.9,0.05443368098600524
18037988,2023-09-01,3655348,equal_weight,excess_return,0.95,0.13224859266046854
18037988,2023-09-01,3655348,equal_weight,excess_return,0.99,0.4794541476456284
18037988,2023-09-01,3655348,max_sharpe,alpha,0.01,-0.43350454871998034
18037988,2023-09-01,3655348,max_sharpe,alpha,0.05,-0.2971136177505738
18037988,2023-09-01,3655348,max_sharpe,alpha,0.1,-0.2096202177821726
18037988,2023-09-01,3655348,max_sharpe,alpha,0.25,-0.11616172336790517
18037988,2023-09-01,3655348,max_sharpe,alpha,0.5,-0.04269161629668121
18037988,2023-09-01,3655348,max_sharpe,alpha,0.75,-0.0005523506720358244
18037988,2023-09-01,3655348,max_sharpe,alpha,0.9,0.08494523123479555
18037988,2023-09-01,3655348,max_sharpe,alpha,0.95,0.16845506799344165
18037988,2023-09-01,3655348,max_sharpe,alpha,0.99,0.815089737449763
18037988,2023-09-01,3655348,max_sharpe,excess_return,0.01,-0.4440081792502641
18037988,2023-09-01,3655348,max_sharpe,excess_return,0.05,-0.29454135368767126
18037988,2023-09-01,3655348,max_sharpe,excess_return,0.1,-0.21415303240661757
18037988,2023-09-01,3655348,max_sharpe,excess_return,0.25,-0.11809466510465269
18037988,2023-09-01,3655348,max_sharpe,excess_return,0.5,-0.04508428935937111
18037988,2023-09-01,3655348,max_sharpe,excess_return,0.75,-0.014566934204799119
18037988,2023-09-01,3655348,max_sharpe,excess_return,0.9,0.08256096527853232
18037988,2023-09-01,3655348,max_sharpe,excess_return,0.95,0.16490519397516526
18037988,2023-09-01,3655348,max_sharpe,excess_return,0.99,0.8171160970586061
18037988,2023-09-01,3655348,mcap_weight,alpha,0.01,-0.3656330468003587
18037988,2023-09-01,3655348,mcap_weight,alpha,0.05,-0.22389642334421733
18037988,2023-09-01,3655348,mcap_weight,alpha,0.1,-0.20179989103965593
18037988,2023-09-01,3655348,mcap_weight,alpha,0.25,-0.09806910340178682
18037988,2023-09-01,3655348,mcap_weight,alpha,0.5,-0.03669880869192577
18037988,2023-09-01,3655348,mcap_weight,alpha,0.75,-0.0005509188280706113
18037988,2023-09-01,3655348,mcap_weight,alpha,0.9,0.045559021308393864
18037988,2023-09-01,3655348,mcap_weight,alpha,0.95,0.11944778040400574
18037988,2023-09-01,3655348,mcap_weight,alpha,0.99,0.36229902198109454
18037988,2023-09-01,3655348,mcap_weight,excess_return,0.01,-0.36330564605627474
18037988,2023-09-01,3655348,mcap_weight,excess_return,0.05,-0.22706630004135037
18037988,2023-09-01,3655348,mcap_weight,excess_return,0.1,-0.20578871335304835
18037988,2023-09-01,3655348,mcap_weight,excess_return,0.25,-0.09671709572051487
18037988,2023-09-01,3655348,mcap_weight,excess_return,0.5,-0.0375569050531109
18037988,2023-09-01,3655348,mcap_weight,excess_return,0.75,-0.014796941427863773
18037988,2023-09-01,3655348,mcap_weight,excess_return,0.9,0.04645927102157217
18037988,2023-09-01,3655348,mcap_weight,excess_return,0.95,0.12049990450549189
18037988,2023-09-01,3655348,mcap_weight,excess_return,0.99,0.3589786426266956
18037988,2023-09-01,3655348,safer_risk,alpha,0.01,-0.36308148516774863
18037988,2023-09-01,3655348,safer_risk,alpha,0.05,-0.22863424033146512
18037988,2023-09-01,3655348,safer_risk,alpha,0.1,-0.20429045573157906
18037988,2023-09-01,3655348,safer_risk,alpha,0.25,-0.10408612662472135
18037988,2023-09-01,3655348,safer_risk,alpha,0.5,-0.05067232252323348
18037988,2023-09-01,3655348,safer_risk,alpha,0.75,-0.0010126833825355706
18037988,2023-09-01,3655348,safer_risk,alpha,0.9,0.058363779184970585
18037988,2023-09-01,3655348,safer_risk,alpha,0.95,0.1227343916973768
18037988,2023-09-01,3655348,safer_risk,alpha,0.99,0.46881232047285215
18037988,2023-09-01,3655348,safer_risk,excess_return,0.01,-0.3677441665198912
18037988,2023-09-01,3655348,safer_risk,excess_return,0.05,-0.23204627181212029
18037988,2023-09-01,3655348,safer_risk,excess_return,0.1,-0.2082851740633502
18037988,2023-09-01,3655348,safer_risk,excess_return,0.25,-0.10537022630381834
18037988,2023-09-01,3655348,safer_risk,excess_return,0.5,-0.05315989677347079
18037988,2023-09-01,3655348,safer_risk,excess_return,0.75,-0.014787668961424548
18037988,2023-09-01,3655348,safer_risk,excess_return,0.9,0.055278294796869784
18037988,2023-09-01,3655348,safer_risk,excess_return,0.95,0.1230523456351115
18037988,2023-09-01,3655348,safer_risk,excess_return,0.99,0.4635567502743687
18251965,2023-10-01,3693849,baseline,alpha,0.01,-0.4606000755249441
18251965,2023-10-01,3693849,baseline,alpha,0.05,-0.1967599814379895
18251965,2023-10-01,3693849,baseline,alpha,0.1,-0.1409177398469878
18251965,2023-10-01,3693849,baseline,alpha,0.25,-0.08837276542608644
18251965,2023-10-01,3693849,baseline,alpha,0.5,-0.03713141163155628
18251965,2023-10-01,3693849,baseline,alpha,0.75,-0.0011755285716641849
18251965,2023-10-01,3693849,baseline,alpha,0.9,0.08374158556808037
18251965,2023-10-01,3693849,baseline,alpha,0.95,0.26032610296552466
18251965,2023-10-01,3693849,baseline,alpha,0.99,0.6747415884951226
18251965,2023-10-01,3693849,baseline,excess_return,0.01,-0.45784708179625194
18251965,2023-10-01,3693849,baseline,excess_return,0.05,-0.20276290664592858
18251965,2023-10-01,3693849,baseline,excess_return,0.1,-0.14573283628287778
18251965,2023-10-01,3693849,baseline,excess_return,0.25,-0.08905065673490843
18251965,2023-10-01,3693849,baseline,excess_return,0.5,-0.045773221878507644
18251965,2023-10-01,3693849,baseline,excess_return,0.75,-0.02747001598832634
18251965,2023-10-01,3693849,baseline,excess_return,0.9,0.07658689916103352
18251965,2023-10-01,3693849,baseline,excess_return,0.95,0.2577069361617226
18251965,2023-10-01,3693849,baseline,excess_return,0.99,0.6674662175197128
18251965,2023-10-01,3693849,better_return,alpha,0.01,-0.4059097621738782
18251965,2023-10-01,3693849,better_return,alpha,0.05,-0.2263785846736316
18251965,2023-10-01,3693849,better_return,alpha,0.1,-0.15655943710533393
18251965,2023-10-01,3693849,better_return,alpha,0.25,-0.08957522110256834
18251965,2023-10-01,3693849,better_return,alpha,0.5,-0.03686374781634202
18251965,2023-10-01,3693849,better_return,alpha,0.75,-0.0008531788148295293
18251965,2023-10-01,3693849,better_return,alpha,0.9,0.07031975784650896
18251965,2023-10-01,3693849,better_return,alpha,0.95,0.19535015300131198
18251965,2023-10-01,3693849,better_return,alpha,0.99,0.6589240332055775
18251965,2023-10-01,3693849,better_return,excess_return,0.01,-0.40479372960260407
18251965,2023-10-01,3693849,better_return,excess_return,0.05,-0.2232920445084986
18251965,2023-10-01,3693849,better_return,excess_return,0.1,-0.16309293087547574
18251965,2023-10-01,3693849,better_return,excess_return,0.25,-0.0933571386914095
18251965,2023-10-01,3693849,better_return,excess_return,0.5,-0.048164433830323886
18251965,2023-10-01,3693849,better_return,excess_return,0.75,-0.022427705405220894
18251965,2023-10-01,3693849,better_return,excess_return,0.9,0.060642567908402376
18251965,2023-10-01,3693849,better_return,excess_return,0.95,0.1853304605235444
18251965,2023-10-01,3693849,better_return,excess_return,0.99,0.653641854281566
18251965,2023-10-01,3693849,equal_weight,alpha,0.01,-0.2925727350147755
18251965,2023-10-01,3693849,equal_weight,alpha,0.05,-0.1812631177515202
18251965,2023-10-01,3693849,equal_weight,alpha,0.1,-0.14443635256906065
18251965,2023-10-01,3693849,equal_weight,alpha,0.25,-0.09176462236095237
18251965,2023-10-01,3693849,equal_weight,alpha,0.5,-0.0424137129483889
18251965,2023-10-01,3693849,equal_weight,alpha,0.75,-0.0008453934028815071
18251965,2023-10-01,3693849,equal_weight,alpha,0.9,0.0981682589791739
18251965,2023-10-01,3693849,equal_weight,alpha,0.95,0.2758233821929439
18251965,2023-10-01,3693849,equal_weight,alpha,0.99,0.5650330340553564
18251965,2023-10-01,3693849,equal_weight,excess_return,0.01,-0.30227717012334376
18251965,2023-10-01,3693849,equal_weight,excess_return,0.05,-0.19098883403645153
18251965,2023-10-01,3693849,equal_weight,excess_return,0.1,-0.14773489392610578
18251965,2023-10-01,3693849,equal_weight,excess_return,0.25,-0.09800156343376766
18251965,2023-10-01,3693849,equal_weight,excess_return,0.5,-0.05291450208976835
18251965,2023-10-01,3693849,equal_weight,excess_return,0.75,-0.015214859267306497
18251965,2023-10-01,3693849,equal_weight,excess_return,0.9,0.08673873011866816
18251965,2023-10-01,3693849,equal_weight,excess_return,0.95,0.26671400064704875
18251965,2023-10-01,3693849,equal_weight,excess_return,0.99,0.5595340110015194
18251965,2023-10-01,3693849,max_sharpe,alpha,0.01,-0.4272619989852494
18251965,2023-10-01,3693849,max_sharpe,alpha,0.05,-0.22371740931340894
18251965,2023-10-01,3693849,max_sharpe,alpha,0.1,-0.1623802010279209
18251965,2023-10-01,3693849,max_sharpe,alpha,0.25,-0.08697237435853619
18251965,2023-10-01,3693849,max_sharpe,alpha,0.5,-0.02531930857378235
18251965,2023-10-01,3693849,max_sharpe,alpha,0.75,0.009261790554835003
18251965,2023-10-01,3693849,max_sharpe,alpha,0.9,0.08287684521852227
18251965,2023-10-01,3693849,max_sharpe,alpha,0.95,0.275111113471888
18251965,2023-10-01,3693849,max_sharpe,alpha,0.99,0.7559835349924198
18251965,2023-10-01,3693849,max_sharpe,excess_return,0.01,-0.42191152652768127
18251965,2023-10-01,3693849,max_sharpe,excess_return,0.05,-0.2365070229549077
18251965,2023-10-01,3693849,max_sharpe,excess_return,0.1,-0.16609589393349092
18251965,2023-10-01,3693849,max_sharpe,excess_return,0.25,-0.08626037453877446
18251965,2023-10-01,3693849,max_sharpe,excess_return,0.5,-0.040500112522000045
18251965,2023-10-01,3693849,max_sharpe,excess_return,0.75,-0.004080007823875648
18251965,2023-10-01,3693849,max_sharpe,excess_return,0.9,0.07605712577133386
18251965,2023-10-01,3693849,max_sharpe,excess_return,0.95,0.2735593704147452
18251965,2023-10-01,3693849,max_sharpe,excess_return,0.99,0.7620641575997276
18251965,2023-10-01,3693849,mcap_weight,alpha,0.01,-0.3696671581107206
18251965,2023-10-01,3693849,mcap_weight,alpha,0.05,-0.16706204170136701
18251965,2023-10-01,3693849,mcap_weight,alpha,0.1,-0.12358054627483003
18251965,2023-10-01,3693849,mcap_weight,alpha,0.25,-0.08422282438301923
18251965,2023-10-01,3693849,mcap_weight,alpha,0.5,-0.022678228303574435
18251965,2023-10-01,3693849,mcap_weight,alpha,0.75,-0.0007509786167599355
18251965,2023-10-01,3693849,mcap_weight,alpha,0.9,0.05710348975556136
18251965,2023-10-01,3693849,mcap_weight,alpha,0.95,0.22391479007827425
18251965,2023-10-01,3693849,mcap_weight,alpha,0.99,0.6717436247507541
18251965,2023-10-01,3693849,mcap_weight,excess_return,0.01,-0.3758304489896039
18251965,2023-10-01,3693849,mcap_weight,excess_return,0.05,-0.17169291752551366
18251965,2023-10-01,3693849,mcap_weight,excess_return,0.1,-0.12108858137560113
18251965,2023-10-01,3693849,mcap_weight,excess_return,0.25,-0.0815049473834565
18251965,2023-10-01,3693849,mcap_weight,excess_return,0.5,-0.038543723732404014
18251965,2023-10-01,3693849,mcap_weight,excess_return,0.75,-0.029248539915527578
18251965,2023-10-01,3693849,mcap_weight,excess_return,0.9,0.051523081686559134
18251965,2023-10-01,3693849,mcap_weight,excess_return,0.95,0.21471013300242392
18251965,2023-10-01,3693849,mcap_weight,excess_return,0.99,0.6647003279553929
18251965,2023-10-01,3693849,safer_risk,alpha,0.01,-0.40362417108747783
18251965,2023-10-01,3693849,safer_risk,alpha,0.05,-0.18613631475587603
18251965,2023-10-01,3693849,safer_risk,alpha,0.1,-0.13720550915012159
18251965,2023-10-01,3693849,safer_risk,alpha,0.25,-0.08580502820081798
18251965,2023-10-01,3693849,safer_risk,alpha,0.5,-0.034895410421637796
18251965,2023-10-01,3693849,safer_risk,alpha,0.75,-0.0008185486710002018
18251965,2023-10-01,3693849,safer_risk,alpha,0.9,0.07849198892101934
18251965,2023-10-01,3693849,safer_risk,alpha,0.95,0.2432319721540217
18251965,2023-10-01,3693849,safer_risk,alpha,0.99,0.6155178633074382
18251965,2023-10-01,3693849,safer_risk,excess_return,0.01,-0.3995967023929088
18251965,2023-10-01,3693849,safer_risk,excess_return,0.05,-0.19199470492578244
18251965,2023-10-01,3693849,safer_risk,excess_return,0.1,-0.14260610745899283
18251965,2023-10-01,3693849,safer_risk,excess_return,0.25,-0.08880456199527055
18251965,2023-10-01,3693849,safer_risk,excess_return,0.5,-0.045913556798715574
18251965,2023-10-01,3693849,safer_risk,excess_return,0.75,-0.024111783748285615
18251965,2023-10-01,3693849,safer_risk,excess_return,0.9,0.07063390337977782
18251965,2023-10-01,3693849,safer_risk,excess_return,0.95,0.23703787974100377
18251965,2023-10-01,3693849,safer_risk,excess_return,0.99,0.6091369521804362
18473543,2023-11-01,3759567,baseline,alpha,0.01,-0.6152651902408609
18473543,2023-11-01,3759567,baseline,alpha,0.05,-0.28916957736283516
18473543,2023-11-01,3759567,baseline,alpha,0.1,-0.15158678497626757
18473543,2023-11-01,3759567,baseline,alpha,0.25,-0.038630916969561
18473543,2023-11-01,3759567,baseline,alpha,0.5,0.0069435338480527305
18473543,2023-11-01,3759567,baseline,alpha,0.75,0.1270720006983832
18473543,2023-11-01,3759567,baseline,alpha,0.9,0.2745579555046188
18473543,2023-11-01,3759567,baseline,alpha,0.95,0.46113834800071885
18473543,2023-11-01,3759567,baseline,alpha,0.99,1.0316131474727412
18473543,2023-11-01,3759567,baseline,excess_return,0.01,-0.5532796838254973
18473543,2023-11-01,3759567,baseline,excess_return,0.05,-0.2770053076547362
18473543,2023-11-01,3759567,baseline,excess_return,0.1,-0.15666640416839686
18473543,2023-11-01,3759567,baseline,excess_return,0.25,-0.0890326879674607
18473543,2023-11-01,3759567,baseline,excess_return,0.5,-0.013565328582626185
18473543,2023-11-01,3759567,baseline,excess_return,0.75,0.11237943245981583
18473543,2023-11-01,3759567,baseline,excess_return,0.9,0.25638792832721213
18473543,2023-11-01,3759567,baseline,excess_return,0.95,0.43984749118703137
18473543,2023-11-01,3759567,baseline,excess_return,0.99,1.0133456755632935
18473543,2023-11-01,3759567,better_return,alpha,0.01,-0.5405530414167931
18473543,2023-11-01,3759567,better_return,alpha,0.05,-0.2869998363351967
18473543,2023-11-01,3759567,better_return,alpha,0.1,-0.1636628054814065
18473543,2023-11-01,3759567,better_return,alpha,0.25,-0.04663951199221007
18473543,2023-11-01,3759567,better_return,alpha,0.5,0.016944061021400683
18473543,2023-11-01,3759567,better_return,alpha,0.75,0.13456224868893113
18473543,2023-11-01,3759567,better_return,alpha,0.9,0.29585005450711127
18473543,2023-11-01,3759567,better_return,alpha,0.95,0.4503493288579883
18473543,2023-11-01,3759567,better_return,alpha,0.99,1.0319184188210448
18473543,2023-11-01,3759567,better_return,excess_return,0.01,-0.4785675350014228
18473543,2023-11-01,3759567,better_return,excess_return,0.05,-0.2841661795822524
18473543,2023-11-01,3759567,better_return,excess_return,0.1,-0.16370299862657187
18473543,2023-11-01,3759567,better_return,excess_return,0.25,-0.08392905225160255
18473543,2023-11-01,3759567,better_return,excess_return,0.5,-0.010266678233989884
18473543,2023-11-01,3759567,better_return,excess_return,0.75,0.11639028619081546
18473543,2023-11-01,3759567,better_return,excess_return,0.9,0.279808386229559
18473543,2023-11-01,3759567,better_return,excess_return,0.95,0.4255006319075888
18473543,2023-11-01,3759567,better_return,excess_return,0.99,1.026553110496146
18473543,2023-11-01,3759567,equal_weight,alpha,0.01,-0.3411302466472646
18473543,2023-11-01,3759567,equal_weight,alpha,0.05,-0.17550361382345048
18473543,2023-11-01,3759567,equal_weight,alpha,0.1,-0.1251828984648738
18473543,2023-11-01,3759567,equal_weight,alpha,0.25,-0.03324363703115629
18473543,2023-11-01,3759567,equal_weight,alpha,0.5,0.028378132970425213
18473543,2023-11-01,3759567,equal_weight,alpha,0.75,0.1303673826920565
18473543,2023-11-01,3759567,equal_weight,alpha,0.9,0.27760900642178143
18473543,2023-11-01,3759567,equal_weight,alpha,0.95,0.4152445471916208
18473543,2023-11-01,3759567,equal_weight,alpha,0.99,0.926840474408762
18473543,2023-11-01,3759567,equal_weight,excess_return,0.01,-0.3136847617445886
18473543,2023-11-01,3759567,equal_weight,excess_return,0.05,-0.1848339844503745
18473543,2023-11-01,3759567,equal_weight,excess_return,0.1,-0.13503254243132337
18473543,2023-11-01,3759567,equal_weight,excess_return,0.25,-0.0639949007875186
18473543,2023-11-01,3759567,equal_weight,excess_return,0.5,0.0027132574995928083
18473543,2023-11-01,3759567,equal_weight,excess_return,0.75,0.11238103643145222
18473543,2023-11-01,3759567,equal_weight,excess_return,0.9,0.257730655582452
18473543,2023-11-01,3759567,equal_weight,excess_return,0.95,0.38991541203774205
18473543,2023-11-01,3759567,equal_weight,excess_return,0.99,0.892301444720053
18473543,2023-11-01,3759567,max_sharpe,alpha,0.01,-0.540553041416725
18473543,2023-11-01,3759567,max_sharpe,alpha,0.05,-0.3043832906228365
18473543,2023-11-01,3759567,max_sharpe,alpha,0.1,-0.18034860910481282
18473543,2023-11-01,3759567,max_sharpe,alpha,0.25,-0.033355203837745845
18473543,2023-11-01,3759567,max_sharpe,alpha,0.5,0.026314263432613394
18473543,2023-11-01,3759567,max_sharpe,alpha,0.75,0.1629293470762475
18473543,2023-11-01,3759567,max_sharpe,alpha,0.9,0.3306082655958316
18473543,2023-11-01,3759567,max_sharpe,alpha,0.95,0.49030158983811967
18473543,2023-11-01,3759567,max_sharpe,alpha,0.99,1.1309867337786874
18473543,2023-11-01,3759567,max_sharpe,excess_return,0.01,-0.4785675350013614
18473543,2023-11-01,3759567,max_sharpe,excess_return,0.05,-0.30987377158952234
18473543,2023-11-01,3759567,max_sharpe,excess_return,0.1,-0.16345067403135494
18473543,2023-11-01,3759567,max_sharpe,excess_return,0.25,-0.07926116201661407
18473543,2023-11-01,3759567,max_sharpe,excess_return,0.5,0.012533563286092425
18473543,2023-11-01,3759567,max_sharpe,excess_return,0.75,0.1517663700178203
18473543,2023-11-01,3759567,max_sharpe,excess_return,0.9,0.32148262997612365
18473543,2023-11-01,3759567,max_sharpe,excess_return,0.95,0.4790305435717122
18473543,2023-11-01,3759567,max_sharpe,excess_return,0.99,1.1110443818993105
18473543,2023-11-01,3759567,mcap_weight,alpha,0.01,-0.6307944826034242
18473543,2023-11-01,3759567,mcap_weight,alpha,0.05,-0.2608375438836198
18473543,2023-11-01,3759567,mcap_weight,alpha,0.1,-0.09454741172227371
18473543,2023-11-01,3759567,mcap_weight,alpha,0.25,-0.02315825066808462
18473543,2023-11-01,3759567,mcap_weight,alpha,0.5,0.0003637285209984408
18473543,2023-11-01,3759567,mcap_weight,alpha,0.75,0.10053995844000653
18473543,2023-11-01,3759567,mcap_weight,alpha,0.9,0.2078837325192792
18473543,2023-11-01,3759567,mcap_weight,alpha,0.95,0.36616916893030105
18473543,2023-11-01,3759567,mcap_weight,alpha,0.99,0.8082468344795681
18473543,2023-11-01,3759567,mcap_weight,excess_return,0.01,-0.5599069215750937
18473543,2023-11-01,3759567,mcap_weight,excess_return,0.05,-0.24638182039727152
18473543,2023-11-01,3759567,mcap_weight,excess_return,0.1,-0.12484629672898262
18473543,2023-11-01,3759567,mcap_weight,excess_return,0.25,-0.09183627521872126
18473543,2023-11-01,3759567,mcap_weight,excess_return,0.5,-0.025418859002830058
18473543,2023-11-01,3759567,mcap_weight,excess_return,0.75,0.08791856688174202
18473543,2023-11-01,3759567,mcap_weight,excess_return,0.9,0.19729073079005385
18473543,2023-11-01,3759567,mcap_weight,excess_return,0.95,0.35226925849456403
18473543,2023-11-01,3759567,mcap_weight,excess_return,0.99,0.7658855937812941
18473543,2023-11-01,3759567,safer_risk,alpha,0.01,-0.5405530403982138
18473543,2023-11-01,3759567,safer_risk,alpha,0.05,-0.26412304616100435
18473543,2023-11-01,3759567,safer_risk,alpha,0.1,-0.1220790125426844
18473543,2023-11-01,3759567,safer_risk,alpha,0.25,-0.03317344246400293
18473543,2023-11-01,3759567,safer_risk,alpha,0.5,0.01687873875679749
18473543,2023-11-01,3759567,safer_risk,alpha,0.75,0.12639414270062593
18473543,2023-11-01,3759567,safer_risk,alpha,0.9,0.27228708966624937
18473543,2023-11-01,3759567,safer_risk,alpha,0.95,0.4287129431673642
18473543,2023-11-01,3759567,safer_risk,alpha,0.99,0.9455043841397147
18473543,2023-11-01,3759567,safer_risk,excess_return,0.01,-0.4785675340833234
18473543,2023-11-01,3759567,safer_risk,excess_return,0.05,-0.2547957855768749
18473543,2023-11-01,3759567,safer_risk,excess_return,0.1,-0.14139269502756485
18473543,2023-11-01,3759567,safer_risk,excess_return,0.25,-0.07742057578425957
18473543,2023-11-01,3759567,safer_risk,excess_return,0.5,-0.011050365738714346
18473543,2023-11-01,3759567,safer_risk,excess_return,0.75,0.10622533773394802
18473543,2023-11-01,3759567,safer_risk,excess_return,0.9,0.2526356874960596
18473543,2023-11-01,3759567,safer_risk,excess_return,0.95,0.4060374053659994
18473543,2023-11-01,3759567,safer_risk,excess_return,0.99,0.9238186713823097
18687851,2023-12-01,3781817,baseline,alpha,0.01,-0.40504186004057263
18687851,2023-12-01,3781817,baseline,alpha,0.05,-0.22476864099860994
18687851,2023-12-01,3781817,baseline,alpha,0.1,-0.14946548835051812
18687851,2023-12-01,3781817,baseline,alpha,0.25,-0.06071141777709334
18687851,2023-12-01,3781817,baseline,alpha,0.5,0.0009141744714421668
18687851,2023-12-01,3781817,baseline,alpha,0.75,0.15480727283192358
18687851,2023-12-01,3781817,baseline,alpha,0.9,0.43443197830574887
18687851,2023-12-01,3781817,baseline,alpha,0.95,0.47434741648780576
18687851,2023-12-01,3781817,baseline,alpha,0.99,1.206130393846559
18687851,2023-12-01,3781817,baseline,excess_return,0.01,-0.3750362629034185
18687851,2023-12-01,3781817,baseline,excess_return,0.05,-0.21094199013020248
18687851,2023-12-01,3781817,baseline,excess_return,0.1,-0.14163372830501966
18687851,2023-12-01,3781817,baseline,excess_return,0.25,-0.10326896612482386
18687851,2023-12-01,3781817,baseline,excess_return,0.5,-0.02556235761302353
18687851,2023-12-01,3781817,baseline,excess_return,0.75,0.13244326015169403
18687851,2023-12-01,3781817,baseline,excess_return,0.9,0.4047938666651377
18687851,2023-12-01,3781817,baseline,excess_return,0.95,0.4477165766039236
18687851,2023-12-01,3781817,baseline,excess_return,0.99,1.1958353172042393
18687851,2023-12-01,3781817,better_return,alpha,0.01,-0.3995090344615406
18687851,2023-12-01,3781817,better_return,alpha,0.05,-0.22768429885284225
18687851,2023-12-01,3781817,better_return,alpha,0.1,-0.1364204641417889
18687851,2023-12-01,3781817,better_return,alpha,0.25,-0.059977592460621884
18687851,2023-12-01,3781817,better_return,alpha,0.5,0.01411395530378156
18687851,2023-12-01,3781817,better_return,alpha,0.75,0.17053139752416335
18687851,2023-12-01,3781817,better_return,alpha,0.9,0.49732029644655423
18687851,2023-12-01,3781817,better_return,alpha,0.95,0.580273617196419
18687851,2023-12-01,3781817,better_return,alpha,0.99,1.3056623067955493
18687851,2023-12-01,3781817,better_return,excess_return,0.01,-0.3863259865975866
18687851,2023-12-01,3781817,better_return,excess_return,0.05,-0.2158140990694839
18687851,2023-12-01,3781817,better_return,excess_return,0.1,-0.14704294738418952
18687851,2023-12-01,3781817,better_return,excess_return,0.25,-0.10138153711975775
18687851,2023-12-01,3781817,better_return,excess_return,0.5,-0.01798216659082999
18687851,2023-12-01,3781817,better_return,excess_return,0.75,0.1466245025426058
18687851,2023-12-01,3781817,better_return,excess_return,0.9,0.4677347195567507
18687851,2023-12-01,3781817,better_return,excess_return,0.95,0.5499220604967741
18687851,2023-12-01,3781817,better_return,excess_return,0.99,1.2632709508023836
18687851,2023-12-01,3781817,equal_weight,alpha,0.01,-0.307944232540738
18687851,2023-12-01,3781817,equal_weight,alpha,0.05,-0.17119601473187024
18687851,2023-12-01,3781817,equal_weight,alpha,0.1,-0.10990600844087155
18687851,2023-12-01,3781817,equal_weight,alpha,0.25,-0.035505125754938756
18687851,2023-12-01,3781817,equal_weight,alpha,0.5,0.04046986328819825
18687851,2023-12-01,3781817,equal_weight,alpha,0.75,0.19861362908814062
18687851,2023-12-01,3781817,equal_weight,alpha,0.9,0.4854610033367575
18687851,2023-12-01,3781817,equal_weight,alpha,0.95,0.7680898093003912
18687851,2023-12-01,3781817,equal_weight,alpha,0.99,1.1407042861541696
18687851,2023-12-01,3781817,equal_weight,excess_return,0.01,-0.297046050441375
18687851,2023-12-01,3781817,equal_weight,excess_return,0.05,-0.1782766649947896
18687851,2023-12-01,3781817,equal_weight,excess_return,0.1,-0.12455429496428441
18687851,2023-12-01,3781817,equal_weight,excess_return,0.25,-0.08224634442059744
18687851,2023-12-01,3781817,equal_weight,excess_return,0.5,0.014212921639850967
18687851,2023-12-01,3781817,equal_weight,excess_return,0.75,0.16839036433061325
18687851,2023-12-01,3781817,equal_weight,excess_return,0.9,0.4463577674837791
18687851,2023-12-01,3781817,equal_weight,excess_return,0.95,0.7200369798213235
18687851,2023-12-01,3781817,equal_weight,excess_return,0.99,1.1139799667765296
18687851,2023-12-01,3781817,max_sharpe,alpha,0.01,-0.3885044542399063
18687851,2023-12-01,3781817,max_sharpe,alpha,0.05,-0.2501682020378043
18687851,2023-12-01,3781817,max_sharpe,alpha,0.1,-0.14290557020884945
18687851,2023-12-01,3781817,max_sharpe,alpha,0.25,-0.059884819766835046
18687851,2023-12-01,3781817,max_sharpe,alpha,0.5,0.0369242792086905
18687851,2023-12-01,3781817,max_sharpe,alpha,0.75,0.19979126326316574
18687851,2023-12-01,3781817,max_sharpe,alpha,0.9,0.6806595826126054
18687851,2023-12-01,3781817,max_sharpe,alpha,0.95,0.9461498944259833
18687851,2023-12-01,3781817,max_sharpe,alpha,0.99,1.3038649705921164
18687851,2023-12-01,3781817,max_sharpe,excess_return,0.01,-0.38068602041482424
18687851,2023-12-01,3781817,max_sharpe,excess_return,0.05,-0.22240383023410226
18687851,2023-12-01,3781817,max_sharpe,excess_return,0.1,-0.14917403739175172
18687851,2023-12-01,3781817,max_sharpe,excess_return,0.25,-0.09977855995703047
18687851,2023-12-01,3781817,max_sharpe,excess_return,0.5,0.014005474263258683
18687851,2023-12-01,3781817,max_sharpe,excess_return,0.75,0.176909842757589
18687851,2023-12-01,3781817,max_sharpe,excess_return,0.9,0.6183917818099289
18687851,2023-12-01,3781817,max_sharpe,excess_return,0.95,0.88595285959151
18687851,2023-12-01,3781817,max_sharpe,excess_return,0.99,1.2919230443410883
18687851,2023-12-01,3781817,mcap_weight,alpha,0.01,-0.3179359938859914
18687851,2023-12-01,3781817,mcap_weight,alpha,0.05,-0.23243571177023464
18687851,2023-12-01,3781817,mcap_weight,alpha,0.1,-0.11722478624431079
18687851,2023-12-01,3781817,mcap_weight,alpha,0.25,-0.04153984744333464
18687851,2023-12-01,3781817,mcap_weight,alpha,0.5,-0.0002523807058705846
18687851,2023-12-01,3781817,mcap_weight,alpha,0.75,0.12446376824860535
18687851,2023-12-01,3781817,mcap_weight,alpha,0.9,0.40965188716579787
18687851,2023-12-01,3781817,mcap_weight,alpha,0.95,0.5344015874041999
18687851,2023-12-01,3781817,mcap_weight,alpha,0.99,0.9394061636260792
18687851,2023-12-01,3781817,mcap_weight,excess_return,0.01,-0.2995023484460806
18687851,2023-12-01,3781817,mcap_weight,excess_return,0.05,-0.16979034854154157
18687851,2023-12-01,3781817,mcap_weight,excess_return,0.1,-0.12380659046693956
18687851,2023-12-01,3781817,mcap_weight,excess_return,0.25,-0.10324378491212508
18687851,2023-12-01,3781817,mcap_weight,excess_return,0.5,-0.055707022263465716
18687851,2023-12-01,3781817,mcap_weight,excess_return,0.75,0.11122223339678203
18687851,2023-12-01,3781817,mcap_weight,excess_return,0.9,0.38343877979918406
18687851,2023-12-01,3781817,mcap_weight,excess_return,0.95,0.5022869607730376
18687851,2023-12-01,3781817,mcap_weight,excess_return,0.99,0.911464290329674
18687851,2023-12-01,3781817,safer_risk,alpha,0.01,-0.36856746504771787
18687851,2023-12-01,3781817,safer_risk,alpha,0.05,-0.19449616153865174
18687851,2023-12-01,3781817,safer_risk,alpha,0.1,-0.12165746538781289
18687851,2023-12-01,3781817,safer_risk,alpha,0.25,-0.04462019760975569
18687851,2023-12-01,3781817,safer_risk,alpha,0.5,0.02252379879960869
18687851,2023-12-01,3781817,safer_risk,alpha,0.75,0.16130239368570926
18687851,2023-12-01,3781817,safer_risk,alpha,0.9,0.4565937982812009
18687851,2023-12-01,3781817,safer_risk,alpha,0.95,0.49834966629490074
18687851,2023-12-01,3781817,safer_risk,alpha,0.99,1.1388928465624502
18687851,2023-12-01,3781817,safer_risk,excess_return,0.01,-0.34545868321122053
18687851,2023-12-01,3781817,safer_risk,excess_return,0.05,-0.1912018403375413
18687851,2023-12-01,3781817,safer_risk,excess_return,0.1,-0.13003803018849752
18687851,2023-12-01,3781817,safer_risk,excess_return,0.25,-0.09712749234742415
18687851,2023-12-01,3781817,safer_risk,excess_return,0.5,-0.009511001062603858
18687851,2023-12-01,3781817,safer_risk,excess_return,0.75,0.1365720418485634
18687851,2023-12-01,3781817,safer_risk,excess_return,0.9,0.4266078031318975
18687851,2023-12-01,3781817,safer_risk,excess_return,0.95,0.46889476908277306
18687851,2023-12-01,3781817,safer_risk,excess_return,0.99,1.1344153310962306
18908895,2024-01-01,3855395,baseline,alpha,0.01,-0.38305256721465825
18908895,2024-01-01,3855395,baseline,alpha,0.05,-0.245128115413204
18908895,2024-01-01,3855395,baseline,alpha,0.1,-0.20197994093192684
18908895,2024-01-01,3855395,baseline,alpha,0.25,-0.14105281520550766
18908895,2024-01-01,3855395,baseline,alpha,0.5,-0.08493174800421344
18908895,2024-01-01,3855395,baseline,alpha,0.75,-0.003299053331343697
18908895,2024-01-01,3855395,baseline,alpha,0.9,0.04113181356331695
18908895,2024-01-01,3855395,baseline,alpha,0.95,0.17049521796208883
18908895,2024-01-01,3855395,baseline,alpha,0.99,0.6929183318766541
18908895,2024-01-01,3855395,baseline,excess_return,0.01,-0.38089193386895404
18908895,2024-01-01,3855395,baseline,excess_return,0.05,-0.24513030899765825
18908895,2024-01-01,3855395,baseline,excess_return,0.1,-0.2041046550253624
18908895,2024-01-01,3855395,baseline,excess_return,0.25,-0.14394175948526075
18908895,2024-01-01,3855395,baseline,excess_return,0.5,-0.09529890168177849
18908895,2024-01-01,3855395,baseline,excess_return,0.75,-0.03286961743646113
18908895,2024-01-01,3855395,baseline,excess_return,0.9,0.041141784341944494
18908895,2024-01-01,3855395,baseline,excess_return,0.95,0.16427406016552445
18908895,2024-01-01,3855395,baseline,excess_return,0.99,0.6885271822230417
18908895,2024-01-01,3855395,better_return,alpha,0.01,-0.3802968418357893
18908895,2024-01-01,3855395,better_return,alpha,0.05,-0.24834915295853802
18908895,2024-01-01,3855395,better_return,alpha,0.1,-0.20794840660812303
18908895,2024-01-01,3855395,better_return,alpha,0.25,-0.1431840495021702
18908895,2024-01-01,3855395,better_return,alpha,0.5,-0.06408415396122832
18908895,2024-01-01,3855395,better_return,alpha,0.75,0.0030476106145982344
18908895,2024-01-01,3855395,better_return,alpha,0.9,0.06746069724780382
18908895,2024-01-01,3855395,better_return,alpha,0.95,0.24494993899426476
18908895,2024-01-01,3855395,better_return,alpha,0.99,1.4715877978628198
18908895,2024-01-01,3855395,better_return,excess_return,0.01,-0.37790011390178846
18908895,2024-01-01,3855395,better_return,excess_return,0.05,-0.2531131630124167
18908895,2024-01-01,3855395,better_return,excess_return,0.1,-0.21095139996892576
18908895,2024-01-01,3855395,better_return,excess_return,0.25,-0.14855120703822802
18908895,2024-01-01,3855395,better_return,excess_return,0.5,-0.09160562053053947
18908895,2024-01-01,3855395,better_return,excess_return,0.75,-0.02837584865829814
18908895,2024-01-01,3855395,better_return,excess_return,0.9,0.04905791363128795
18908895,2024-01-01,3855395,better_return,excess_return,0.95,0.240111605202719
18908895,2024-01-01,3855395,better_return,excess_return,0.99,1.4431856531408718
18908895,2024-01-01,3855395,equal_weight,alpha,0.01,-0.30177991109288566
18908895,2024-01-01,3855395,equal_weight,alpha,0.05,-0.22345749885232458
18908895,2024-01-01,3855395,equal_weight,alpha,0.1,-0.18463348200844312
18908895,2024-01-01,3855395,equal_weight,alpha,0.25,-0.12994108494756193
18908895,2024-01-01,3855395,equal_weight,alpha,0.5,-0.062479854740258224
18908895,2024-01-01,3855395,equal_weight,alpha,0.75,-0.001609359787571506
18908895,2024-01-01,3855395,equal_weight,alpha,0.9,0.07958042349823788
18908895,2024-01-01,3855395,equal_weight,alpha,0.95,0.22178944081559385
18908895,2024-01-01,3855395,equal_weight,alpha,0.99,1.8205361955177737
18908895,2024-01-01,3855395,equal_weight,excess_return,0.01,-0.3018150497875684
18908895,2024-01-01,3855395,equal_weight,excess_return,0.05,-0.2253792587365524
18908895,2024-01-01,3855395,equal_weight,excess_return,0.1,-0.18867233540626374
18908895,2024-01-01,3855395,equal_weight,excess_return,0.25,-0.13669912493565076
18908895,2024-01-01,3855395,equal_weight,excess_return,0.5,-0.08547098921867294
18908895,2024-01-01,3855395,equal_weight,excess_return,0.75,-0.02705388442907499
18908895,2024-01-01,3855395,equal_weight,excess_return,0.9,0.07237710534974234
18908895,2024-01-01,3855395,equal_weight,excess_return,0.95,0.21193586446419233
18908895,2024-01-01,3855395,equal_weight,excess_return,0.99,1.8297613897152365
18908895,2024-01-01,3855395,max_sharpe,alpha,0.01,-0.37160281955069135
18908895,2024-01-01,3855395,max_sharpe,alpha,0.05,-0.2478789258644267
18908895,2024-01-01,3855395,max_sharpe,alpha,0.1,-0.2102169116283279
18908895,2024-01-01,3855395,max_sharpe,alpha,0.25,-0.15160271992835606
18908895,2024-01-01,3855395,max_sharpe,alpha,0.5,-0.07677706942764621
18908895,2024-01-01,3855395,max_sharpe,alpha,0.75,0.0031551000858795857
18908895,2024-01-01,3855395,max_sharpe,alpha,0.9,0.07951993361376442
18908895,2024-01-01,3855395,max_sharpe,alpha,0.95,0.20429982519800252
18908895,2024-01-01,3855395,max_sharpe,alpha,0.99,0.7470046263492399
18908895,2024-01-01,3855395,max_sharpe,excess_return,0.01,-0.37530774510780285
18908895,2024-01-01,3855395,max_sharpe,excess_return,0.05,-0.24623481519613336
18908895,2024-01-01,3855395,max_sharpe,excess_return,0.1,-0.21427306586896994
18908895,2024-01-01,3855395,max_sharpe,excess_return,0.25,-0.15614210346452131
18908895,2024-01-01,3855395,max_sharpe,excess_return,0.5,-0.1016720605324565
18908895,2024-01-01,3855395,max_sharpe,excess_return,0.75,-0.026033758136117656
18908895,2024-01-01,3855395,max_sharpe,excess_return,0.9,0.06776114216995774
18908895,2024-01-01,3855395,max_sharpe,excess_return,0.95,0.1997941086642176
18908895,2024-01-01,3855395,max_sharpe,excess_return,0.99,0.747893723716056
18908895,2024-01-01,3855395,mcap_weight,alpha,0.01,-0.31334026988272784
18908895,2024-01-01,3855395,mcap_weight,alpha,0.05,-0.22103848154401173
18908895,2024-01-01,3855395,mcap_weight,alpha,0.1,-0.18509586297296593
18908895,2024-01-01,3855395,mcap_weight,alpha,0.25,-0.12120080540865148
18908895,2024-01-01,3855395,mcap_weight,alpha,0.5,-0.0458825110412654
18908895,2024-01-01,3855395,mcap_weight,alpha,0.75,-0.0016692556863811365
18908895,2024-01-01,3855395,mcap_weight,alpha,0.9,0.03039260161146832
18908895,2024-01-01,3855395,mcap_weight,alpha,0.95,0.08875372825864591
18908895,2024-01-01,3855395,mcap_weight,alpha,0.99,0.4450787367628059
18908895,2024-01-01,3855395,mcap_weight,excess_return,0.01,-0.30977437394730334
18908895,2024-01-01,3855395,mcap_weight,excess_return,0.05,-0.22469593053827444
18908895,2024-01-01,3855395,mcap_weight,excess_return,0.1,-0.18449129369669928
18908895,2024-01-01,3855395,mcap_weight,excess_return,0.25,-0.12291797551736197
18908895,2024-01-01,3855395,mcap_weight,excess_return,0.5,-0.054415185353590044
18908895,2024-01-01,3855395,mcap_weight,excess_return,0.75,-0.03453768091376188
18908895,2024-01-01,3855395,mcap_weight,excess_return,0.9,0.02569849980157466
18908895,2024-01-01,3855395,mcap_weight,excess_return,0.95,0.08097927153700832
18908895,2024-01-01,3855395,mcap_weight,excess_return,0.99,0.45240060973861396
18908895,2024-01-01,3855395,safer_risk,alpha,0.01,-0.3504253457087637
18908895,2024-01-01,3855395,safer_risk,alpha,0.05,-0.2300891404269689
18908895,2024-01-01,3855395,safer_risk,alpha,0.1,-0.19145447055259016
18908895,2024-01-01,3855395,safer_risk,alpha,0.25,-0.13100497234163427
18908895,2024-01-01,3855395,safer_risk,alpha,0.5,-0.07841397766531799
18908895,2024-01-01,3855395,safer_risk,alpha,0.75,-0.0032359272257658543
18908895,2024-01-01,3855395,safer_risk,alpha,0.9,0.05058394149108718
18908895,2024-01-01,3855395,safer_risk,alpha,0.95,0.2106669953680048
18908895,2024-01-01,3855395,safer_risk,alpha,0.99,0.6617807866176451
18908895,2024-01-01,3855395,safer_risk,excess_return,0.01,-0.34779843584208703
18908895,2024-01-01,3855395,safer_risk,excess_return,0.05,-0.23332640426446416
18908895,2024-01-01,3855395,safer_risk,excess_return,0.1,-0.19444421398275905
18908895,2024-01-01,3855395,safer_risk,excess_return,0.25,-0.13655288878004082
18908895,2024-01-01,3855395,safer_risk,excess_return,0.5,-0.0884193177600067
18908895,2024-01-01,3855395,safer_risk,excess_return,0.75,-0.03186358248115286
18908895,2024-01-01,3855395,safer_risk,excess_return,0.9,0.04308308150803495
18908895,2024-01-01,3855395,safer_risk,excess_return,0.95,0.20846915718285872
18908895,2024-01-01,3855395,safer_risk,excess_return,0.99,0.659208897899094
19129889,2024-02-01,3977147,baseline,alpha,0.01,-0.6138067632453053
19129889,2024-02-01,3977147,baseline,alpha,0.05,-0.3154774664662875
19129889,2024-02-01,3977147,baseline,alpha,0.1,-0.23679862484689687
19129889,2024-02-01,3977147,baseline,alpha,0.25,-0.147889440049923
19129889,2024-02-01,3977147,baseline,alpha,0.5,-0.0294107976220493
19129889,2024-02-01,3977147,baseline,alpha,0.75,0.05859247590831462
19129889,2024-02-01,3977147,baseline,alpha,0.9,0.5305831511345458
19129889,2024-02-01,3977147,baseline,alpha,0.95,0.8625689430262538
19129889,2024-02-01,3977147,baseline,alpha,0.99,1.0218319907868998
19129889,2024-02-01,3977147,baseline,excess_return,0.01,-0.5285318599072202
19129889,2024-02-01,3977147,baseline,excess_return,0.05,-0.29805375419040286
19129889,2024-02-01,3977147,baseline,excess_return,0.1,-0.24576211005135346
19129889,2024-02-01,3977147,baseline,excess_return,0.25,-0.2026053898460014
19129889,2024-02-01,3977147,baseline,excess_return,0.5,-0.08979478168317034
19129889,2024-02-01,3977147,baseline,excess_return,0.75,0.0258595094578693
19129889,2024-02-01,3977147,baseline,excess_return,0.9,0.5023253307995414
19129889,2024-02-01,3977147,baseline,excess_return,0.95,0.7937093670468044
19129889,2024-02-01,3977147,baseline,excess_return,0.99,0.8882688989990066
19129889,2024-02-01,3977147,better_return,alpha,0.01,-0.6105078806368046
19129889,2024-02-01,3977147,better_return,alpha,0.05,-0.34133514274918664
19129889,2024-02-01,3977147,better_return,alpha,0.1,-0.241110427235461
19129889,2024-02-01,3977147,better_return,alpha,0.25,-0.1491884734872911
19129889,2024-02-01,3977147,better_return,alpha,0.5,-0.029754737940762027
19129889,2024-02-01,3977147,better_return,alpha,0.75,0.04730769282494372
19129889,2024-02-01,3977147,better_return,alpha,0.9,0.5031441783294421
19129889,2024-02-01,3977147,better_return,alpha,0.95,1.1258396148740013
19129889,2024-02-01,3977147,better_return,alpha,0.99,1.199314844759996
19129889,2024-02-01,3977147,better_return,excess_return,0.01,-0.5319968975292708
19129889,2024-02-01,3977147,better_return,excess_return,0.05,-0.3148924064881279
19129889,2024-02-01,3977147,better_return,excess_return,0.1,-0.2509257036394077
19129889,2024-02-01,3977147,better_return,excess_return,0.25,-0.20671899588311626
19129889,2024-02-01,3977147,better_return,excess_return,0.5,-0.1014788399202089
19129889,2024-02-01,3977147,better_return,excess_return,0.75,0.01176265434689705
19129889,2024-02-01,3977147,better_return,excess_return,0.9,0.2503880883440577
19129889,2024-02-01,3977147,better_return,excess_return,0.95,0.4655969865605969
19129889,2024-02-01,3977147,better_return,excess_return,0.99,0.8970674227952027
19129889,2024-02-01,3977147,equal_weight,alpha,0.01,-0.5837681556960315
19129889,2024-02-01,3977147,equal_weight,alpha,0.05,-0.28566353655005505
19129889,2024-02-01,3977147,equal_weight,alpha,0.1,-0.21589743837449826
19129889,2024-02-01,3977147,equal_weight,alpha,0.25,-0.12958283994981656
19129889,2024-02-01,3977147,equal_weight,alpha,0.5,-0.041684134575058734
19129889,2024-02-01,3977147,equal_weight,alpha,0.75,0.05481462727568673
19129889,2024-02-01,3977147,equal_weight,alpha,0.9,0.3688485604843227
19129889,2024-02-01,3977147,equal_weight,alpha,0.95,0.8102201901335047
19129889,2024-02-01,3977147,equal_weight,alpha,0.99,1.0136229861776034
19129889,2024-02-01,3977147,equal_weight,excess_return,0.01,-0.43840667019512625
19129889,2024-02-01,3977147,equal_weight,excess_return,0.05,-0.2817498507516067
19129889,2024-02-01,3977147,equal_weight,excess_return,0.1,-0.24566031799491783
19129889,2024-02-01,3977147,equal_weight,excess_return,0.25,-0.1843593960361456
19129889,2024-02-01,3977147,equal_weight,excess_return,0.5,-0.10239907537635884
19129889,2024-02-01,3977147,equal_weight,excess_return,0.75,0.019046458120995147
19129889,2024-02-01,3977147,equal_weight,excess_return,0.9,0.2966410110120424
19129889,2024-02-01,3977147,equal_weight,excess_return,0.95,0.4797350015595456
19129889,2024-02-01,3977147,equal_weight,excess_return,0.99,0.6795663008703094
19129889,2024-02-01,3977147,max_sharpe,alpha,0.01,-0.666223956540076
19129889,2024-02-01,3977147,max_sharpe,alpha,0.05,-0.35518249960601445
19129889,2024-02-01,3977147,max_sharpe,alpha,0.1,-0.24815165289121377
19129889,2024-02-01,3977147,max_sharpe,alpha,0.25,-0.162150839252338
19129889,2024-02-01,3977147,max_sharpe,alpha,0.5,-0.026884558280544146
19129889,2024-02-01,3977147,max_sharpe,alpha,0.75,0.03931527034655666
19129889,2024-02-01,3977147,max_sharpe,alpha,0.9,0.6624145784456481
19129889,2024-02-01,3977147,max_sharpe,alpha,0.95,1.0346432502106866
19129889,2024-02-01,3977147,max_sharpe,alpha,0.99,1.1425463036166201
19129889,2024-02-01,3977147,max_sharpe,excess_return,0.01,-0.6166648827449235
19129889,2024-02-01,3977147,max_sharpe,excess_return,0.05,-0.3395926673726898
19129889,2024-02-01,3977147,max_sharpe,excess_return,0.1,-0.262524157249456
19129889,2024-02-01,3977147,max_sharpe,excess_return,0.25,-0.18931864788524155
19129889,2024-02-01,3977147,max_sharpe,excess_return,0.5,-0.09345625460793094
19129889,2024-02-01,3977147,max_sharpe,excess_return,0.75,0.018096805886002265
19129889,2024-02-01,3977147,max_sharpe,excess_return,0.9,0.45377299812134364
19129889,2024-02-01,3977147,max_sharpe,excess_return,0.95,0.6586595887965918
19129889,2024-02-01,3977147,max_sharpe,excess_return,0.99,1.0005705595647343
19129889,2024-02-01,3977147,mcap_weight,alpha,0.01,-0.4856190490690093
19129889,2024-02-01,3977147,mcap_weight,alpha,0.05,-0.2703490359430095
19129889,2024-02-01,3977147,mcap_weight,alpha,0.1,-0.20239342885126155
19129889,2024-02-01,3977147,mcap_weight,alpha,0.25,-0.11847855970896781
19129889,2024-02-01,3977147,mcap_weight,alpha,0.5,-0.008217016281336392
19129889,2024-02-01,3977147,mcap_weight,alpha,0.75,0.009358681202485588
19129889,2024-02-01,3977147,mcap_weight,alpha,0.9,0.434214834290899
19129889,2024-02-01,3977147,mcap_weight,alpha,0.95,0.8672598849872757
19129889,2024-02-01,3977147,mcap_weight,alpha,0.99,0.8672598849872761
19129889,2024-02-01,3977147,mcap_weight,excess_return,0.01,-0.4269920958632435
19129889,2024-02-01,3977147,mcap_weight,excess_return,0.05,-0.2460592328485306
19129889,2024-02-01,3977147,mcap_weight,excess_return,0.1,-0.2455540366828326
19129889,2024-02-01,3977147,mcap_weight,excess_return,0.25,-0.2319588225166591
19129889,2024-02-01,3977147,mcap_weight,excess_return,0.5,-0.12073038210222986
19129889,2024-02-01,3977147,mcap_weight,excess_return,0.75,0.005255383861434426
19129889,2024-02-01,3977147,mcap_weight,excess_return,0.9,0.385739838158659
19129889,2024-02-01,3977147,mcap_weight,excess_return,0.95,0.6605071997749765
19129889,2024-02-01,3977147,mcap_weight,excess_return,0.99,0.7951618833209615
19129889,2024-02-01,3977147,safer_risk,alpha,0.01,-0.5657757914036199
19129889,2024-02-01,3977147,safer_risk,alpha,0.05,-0.2861973795414323
19129889,2024-02-01,3977147,safer_risk,alpha,0.1,-0.21989145950707292
19129889,2024-02-01,3977147,safer_risk,alpha,0.25,-0.1318043112287741
19129889,2024-02-01,3977147,safer_risk,alpha,0.5,-0.0238329290562758
19129889,2024-02-01,3977147,safer_risk,alpha,0.75,0.054625342624120304
19129889,2024-02-01,3977147,safer_risk,alpha,0.9,0.4605575838588568
19129889,2024-02-01,3977147,safer_risk,alpha,0.95,0.808851514877887
19129889,2024-02-01,3977147,safer_risk,alpha,0.99,0.9272437001715047
19129889,2024-02-01,3977147,safer_risk,excess_return,0.01,-0.48725610736721
19129889,2024-02-01,3977147,safer_risk,excess_return,0.05,-0.28570610886425063
19129889,2024-02-01,3977147,safer_risk,excess_return,0.1,-0.2456603524782891
19129889,2024-02-01,3977147,safer_risk,excess_return,0.25,-0.20261484860431933
19129889,2024-02-01,3977147,safer_risk,excess_return,0.5,-0.10253016366216472
19129889,2024-02-01,3977147,safer_risk,excess_return,0.75,0.00862611714557926
19129889,2024-02-01,3977147,safer_risk,excess_return,0.9,0.4165806743884033
19129889,2024-02-01,3977147,safer_risk,excess_return,0.95,0.7326470312829485
19129889,2024-02-01,3977147,safer_risk,excess_return,0.99,0.8199460611712595
19336607,2024-03-01,4005064,baseline,alpha,0.01,-0.6653666936336696
19336607,2024-03-01,4005064,baseline,alpha,0.05,-0.2703675622507341
19336607,2024-03-01,4005064,baseline,alpha,0.1,-0.19166639324738838
19336607,2024-03-01,4005064,baseline,alpha,0.25,-0.045009025738885364
19336607,2024-03-01,4005064,baseline,alpha,0.5,0.03461302283767645
19336607,2024-03-01,4005064,baseline,alpha,0.75,0.30399406026990405
19336607,2024-03-01,4005064,baseline,alpha,0.9,0.7336211081429712
19336607,2024-03-01,4005064,baseline,alpha,0.95,1.1885474624856371
19336607,2024-03-01,4005064,baseline,alpha,0.99,2.053808087941839
19336607,2024-03-01,4005064,baseline,excess_return,0.01,-0.6402283703713926
19336607,2024-03-01,4005064,baseline,excess_return,0.05,-0.2811871504897629
19336607,2024-03-01,4005064,baseline,excess_return,0.1,-0.19549497995710158
19336607,2024-03-01,4005064,baseline,excess_return,0.25,-0.07549739770889405
19336607,2024-03-01,4005064,baseline,excess_return,0.5,0.015183379502765965
19336607,2024-03-01,4005064,baseline,excess_return,0.75,0.28999292977469787
19336607,2024-03-01,4005064,baseline,excess_return,0.9,0.7315978564433289
19336607,2024-03-01,4005064,baseline,excess_return,0.95,1.19030148972376
19336607,2024-03-01,4005064,baseline,excess_return,0.99,2.060502457729095
19336607,2024-03-01,4005064,better_return,alpha,0.01,-0.6295794452301234
19336607,2024-03-01,4005064,better_return,alpha,0.05,-0.27977068986867704
19336607,2024-03-01,4005064,better_return,alpha,0.1,-0.18456880869802256
19336607,2024-03-01,4005064,better_return,alpha,0.25,-0.041657021496504236
19336607,2024-03-01,4005064,better_return,alpha,0.5,0.05373255788369233
19336607,2024-03-01,4005064,better_return,alpha,0.75,0.2794475194123709
19336607,2024-03-01,4005064,better_return,alpha,0.9,0.7217078171430875
19336607,2024-03-01,4005064,better_return,alpha,0.95,1.0897153696699844
19336607,2024-03-01,4005064,better_return,alpha,0.99,2.0305857237954874
19336607,2024-03-01,4005064,better_return,excess_return,0.01,-0.597262751861256
19336607,2024-03-01,4005064,better_return,excess_return,0.05,-0.27130051427132773
19336607,2024-03-01,4005064,better_return,excess_return,0.1,-0.1887280348902222
19336607,2024-03-01,4005064,better_return,excess_return,0.25,-0.0755139775859904
19336607,2024-03-01,4005064,better_return,excess_return,0.5,0.03946817142431716
19336607,2024-03-01,4005064,better_return,excess_return,0.75,0.26414299225498633
19336607,2024-03-01,4005064,better_return,excess_return,0.9,0.7216814756292899
19336607,2024-03-01,4005064,better_return,excess_return,0.95,1.0862187900489304
19336607,2024-03-01,4005064,better_return,excess_return,0.99,2.0491403699997113
19336607,2024-03-01,4005064,equal_weight,alpha,0.01,-0.40044188949318393
19336607,2024-03-01,4005064,equal_weight,alpha,0.05,-0.21240172676919633
19336607,2024-03-01,4005064,equal_weight,alpha,0.1,-0.12886635524877732
19336607,2024-03-01,4005064,equal_weight,alpha,0.25,-0.018134676601627077
19336607,2024-03-01,4005064,equal_weight,alpha,0.5,0.10233313120713908
19336607,2024-03-01,4005064,equal_weight,alpha,0.75,0.2872428787136633
19336607,2024-03-01,4005064,equal_weight,alpha,0.9,0.6398997258685515
19336607,2024-03-01,4005064,equal_weight,alpha,0.95,0.8507107018918059
19336607,2024-03-01,4005064,equal_weight,alpha,0.99,1.9383683599731207
19336607,2024-03-01,4005064,equal_weight,excess_return,0.01,-0.41743531666157796
19336607,2024-03-01,4005064,equal_weight,excess_return,0.05,-0.20794470651207975
19336607,2024-03-01,4005064,equal_weight,excess_return,0.1,-0.1457571155098812
19336607,2024-03-01,4005064,equal_weight,excess_return,0.25,-0.056569836938136414
19336607,2024-03-01,4005064,equal_weight,excess_return,0.5,0.08626907118428176
19336607,2024-03-01,4005064,equal_weight,excess_return,0.75,0.2745295100767551
19336607,2024-03-01,4005064,equal_weight,excess_return,0.9,0.6228050947913547
19336607,2024-03-01,4005064,equal_weight,excess_return,0.95,0.8500233453151
19336607,2024-03-01,4005064,equal_weight,excess_return,0.99,1.9262547089574507
19336607,2024-03-01,4005064,max_sharpe,alpha,0.01,-0.7045045628797773
19336607,2024-03-01,4005064,max_sharpe,alpha,0.05,-0.2774556689512959
19336607,2024-03-01,4005064,max_sharpe,alpha,0.1,-0.197313825698942
19336607,2024-03-01,4005064,max_sharpe,alpha,0.25,-0.07457843046105345
19336607,2024-03-01,4005064,max_sharpe,alpha,0.5,0.029845636340493094
19336607,2024-03-01,4005064,max_sharpe,alpha,0.75,0.27419792017014516
19336607,2024-03-01,4005064,max_sharpe,alpha,0.9,0.899668711705603
19336607,2024-03-01,4005064,max_sharpe,alpha,0.95,1.1808786553439894
19336607,2024-03-01,4005064,max_sharpe,alpha,0.99,2.0984241425412957
19336607,2024-03-01,4005064,max_sharpe,excess_return,0.01,-0.6752156916835967
19336607,2024-03-01,4005064,max_sharpe,excess_return,0.05,-0.28752855865389215
19336607,2024-03-01,4005064,max_sharpe,excess_return,0.1,-0.22868171555821132
19336607,2024-03-01,4005064,max_sharpe,excess_return,0.25,-0.08494241344507064
19336607,2024-03-01,4005064,max_sharpe,excess_return,0.5,0.012255783603900255
19336607,2024-03-01,4005064,max_sharpe,excess_return,0.75,0.26489097429700115
19336607,2024-03-01,4005064,max_sharpe,excess_return,0.9,0.9053735440449646
19336607,2024-03-01,4005064,max_sharpe,excess_return,0.95,1.1816791628677805
19336607,2024-03-01,4005064,max_sharpe,excess_return,0.99,2.1183502991421026
19336607,2024-03-01,4005064,mcap_weight,alpha,0.01,-0.7393381355312519
19336607,2024-03-01,4005064,mcap_weight,alpha,0.05,-0.2685512375247043
19336607,2024-03-01,4005064,mcap_weight,alpha,0.1,-0.13296276844993918
19336607,2024-03-01,4005064,mcap_weight,alpha,0.25,-0.032675174876142396
19336607,2024-03-01,4005064,mcap_weight,alpha,0.5,0.006311374553393059
19336607,2024-03-01,4005064,mcap_weight,alpha,0.75,0.2907846243446365
19336607,2024-03-01,4005064,mcap_weight,alpha,0.9,0.7756479333249826
19336607,2024-03-01,4005064,mcap_weight,alpha,0.95,1.2619236985092588
19336607,2024-03-01,4005064,mcap_weight,alpha,0.99,1.7001791483272197
19336607,2024-03-01,4005064,mcap_weight,excess_return,0.01,-0.7037790423348957
19336607,2024-03-01,4005064,mcap_weight,excess_return,0.05,-0.27627106697215653
19336607,2024-03-01,4005064,mcap_weight,excess_return,0.1,-0.14675727860851098
19336607,2024-03-01,4005064,mcap_weight,excess_return,0.25,-0.07489254826939581
19336607,2024-03-01,4005064,mcap_weight,excess_return,0.5,-0.026323982763543502
19336607,2024-03-01,4005064,mcap_weight,excess_return,0.75,0.2761848186260274
19336607,2024-03-01,4005064,mcap_weight,excess_return,0.9,0.787680375408373
19336607,2024-03-01,4005064,mcap_weight,excess_return,0.95,1.264278892467126
19336607,2024-03-01,4005064,mcap_weight,excess_return,0.99,1.6946004791901763
19336607,2024-03-01,4005064,safer_risk,alpha,0.01,-0.5770526512751704
19336607,2024-03-01,4005064,safer_risk,alpha,0.05,-0.23028028814816437
19336607,2024-03-01,4005064,safer_risk,alpha,0.1,-0.16249390736403807
19336607,2024-03-01,4005064,safer_risk,alpha,0.25,-0.032691813059148866
19336607,2024-03-01,4005064,safer_risk,alpha,0.5,0.047987443976413455
19336607,2024-03-01,4005064,safer_risk,alpha,0.75,0.2957867477031253
19336607,2024-03-01,4005064,safer_risk,alpha,0.9,0.7078455450656962
19336607,2024-03-01,4005064,safer_risk,alpha,0.95,1.1211903655871756
19336607,2024-03-01,4005064,safer_risk,alpha,0.99,1.973683312877733
19336607,2024-03-01,4005064,safer_risk,excess_return,0.01,-0.5564707450923863
19336607,2024-03-01,4005064,safer_risk,excess_return,0.05,-0.24425524023197687
19336607,2024-03-01,4005064,safer_risk,excess_return,0.1,-0.1706130949136257
19336607,2024-03-01,4005064,safer_risk,excess_return,0.25,-0.07450069470697637
19336607,2024-03-01,4005064,safer_risk,excess_return,0.5,0.029125630627997917
19336607,2024-03-01,4005064,safer_risk,excess_return,0.75,0.28154513625518884
19336607,2024-03-01,4005064,safer_risk,excess_return,0.9,0.7051140560196147
19336607,2024-03-01,4005064,safer_risk,excess_return,0.95,1.1228656387385625
19336607,2024-03-01,4005064,safer_risk,excess_return,0.99,1.969769275162125
19557289,2024-04-01,4153412,baseline,alpha,0.01,-0.34448036820623595
19557289,2024-04-01,4153412,baseline,alpha,0.05,-0.2542010464802557
19557289,2024-04-01,4153412,baseline,alpha,0.1,-0.19940426819861967
19557289,2024-04-01,4153412,baseline,alpha,0.25,-0.13646589940285014
19557289,2024-04-01,4153412,baseline,alpha,0.5,-0.05122444597744631
19557289,2024-04-01,4153412,baseline,alpha,0.75,0.002670335915279026
19557289,2024-04-01,4153412,baseline,alpha,0.9,0.037173440741748436
19557289,2024-04-01,4153412,baseline,alpha,0.95,0.09224063648356981
19557289,2024-04-01,4153412,baseline,alpha,0.99,0.45439992289242753
19557289,2024-04-01,4153412,baseline,excess_return,0.01,-0.3066495833104281
19557289,2024-04-01,4153412,baseline,excess_return,0.05,-0.22721227816726502
19557289,2024-04-01,4153412,baseline,excess_return,0.1,-0.1831898731298658
19557289,2024-04-01,4153412,baseline,excess_return,0.25,-0.13229698079151453
19557289,2024-04-01,4153412,baseline,excess_return,0.5,-0.045699987897265495
19557289,2024-04-01,4153412,baseline,excess_return,0.75,0.02702523441145112
19557289,2024-04-01,4153412,baseline,excess_return,0.9,0.11816472573924117
19557289,2024-04-01,4153412,baseline,excess_return,0.95,0.12197975622590362
19557289,2024-04-01,4153412,baseline,excess_return,0.99,0.44344259125319174
19557289,2024-04-01,4153412,better_return,alpha,0.01,-0.3397711249666982
19557289,2024-04-01,4153412,better_return,alpha,0.05,-0.24530484631681637
19557289,2024-04-01,4153412,better_return,alpha,0.1,-0.194723669472041
19557289,2024-04-01,4153412,better_return,alpha,0.25,-0.13588176825802414
19557289,2024-04-01,4153412,better_return,alpha,0.5,-0.05687482829388962
19557289,2024-04-01,4153412,better_return,alpha,0.75,0.00020457678292600695
19557289,2024-04-01,4153412,better_return,alpha,0.9,0.03788352680620624
19557289,2024-04-01,4153412,better_return,alpha,0.95,0.10340833833946647
19557289,2024-04-01,4153412,better_return,alpha,0.99,0.4685208296372427
19557289,2024-04-01,4153412,better_return,excess_return,0.01,-0.30190776703116073
19557289,2024-04-01,4153412,better_return,excess_return,0.05,-0.2201038936080606
19557289,2024-04-01,4153412,better_return,excess_return,0.1,-0.18156715371315535
19557289,2024-04-01,4153412,better_return,excess_return,0.25,-0.1301633238601565
19557289,2024-04-01,4153412,better_return,excess_return,0.5,-0.053615644893118944
19557289,2024-04-01,4153412,better_return,excess_return,0.75,0.024776417398904585
19557289,2024-04-01,4153412,better_return,excess_return,0.9,0.11057946165805681
19557289,2024-04-01,4153412,better_return,excess_return,0.95,0.12831835188724888
19557289,2024-04-01,4153412,better_return,excess_return,0.99,0.46069646598701186
19557289,2024-04-01,4153412,equal_weight,alpha,0.01,-0.2992967667569543
19557289,2024-04-01,4153412,equal_weight,alpha,0.05,-0.22566054985689268
19557289,2024-04-01,4153412,equal_weight,alpha,0.1,-0.18128135696090336
19557289,2024-04-01,4153412,equal_weight,alpha,0.25,-0.126654943785299
19557289,2024-04-01,4153412,equal_weight,alpha,0.5,-0.07817016206332764
19557289,2024-04-01,4153412,equal_weight,alpha,0.75,-0.010724664626729344
19557289,2024-04-01,4153412,equal_weight,alpha,0.9,0.033004040328110024
19557289,2024-04-01,4153412,equal_weight,alpha,0.95,0.09968703562128578
19557289,2024-04-01,4153412,equal_weight,alpha,0.99,0.4693334325195529
19557289,2024-04-01,4153412,equal_weight,excess_return,0.01,-0.25110580735460897
19557289,2024-04-01,4153412,equal_weight,excess_return,0.05,-0.19757996220971286
19557289,2024-04-01,4153412,equal_weight,excess_return,0.1,-0.16518169696329005
19557289,2024-04-01,4153412,equal_weight,excess_return,0.25,-0.11278851229431437
19557289,2024-04-01,4153412,equal_weight,excess_return,0.5,-0.05147004054029604
19557289,2024-04-01,4153412,equal_weight,excess_return,0.75,0.018926871731740444
19557289,2024-04-01,4153412,equal_weight,excess_return,0.9,0.10352835336737162
19557289,2024-04-01,4153412,equal_weight,excess_return,0.95,0.12966688436081664
19557289,2024-04-01,4153412,equal_weight,excess_return,0.99,0.46540365413288787
19557289,2024-04-01,4153412,max_sharpe,alpha,0.01,-0.3236134110551794
19557289,2024-04-01,4153412,max_sharpe,alpha,0.05,-0.2603322966309757
19557289,2024-04-01,4153412,max_sharpe,alpha,0.1,-0.20598976566894373
19557289,2024-04-01,4153412,max_sharpe,alpha,0.25,-0.14293377279892794
19557289,2024-04-01,4153412,max_sharpe,alpha,0.5,-0.07873760347140346
19557289,2024-04-01,4153412,max_sharpe,alpha,0.75,0.00024291280738549176
19557289,2024-04-01,4153412,max_sharpe,alpha,0.9,0.037883526806206214
19557289,2024-04-01,4153412,max_sharpe,alpha,0.95,0.08672386135007076
19557289,2024-04-01,4153412,max_sharpe,alpha,0.99,0.4057103886960375
19557289,2024-04-01,4153412,max_sharpe,excess_return,0.01,-0.29599718236445316
19557289,2024-04-01,4153412,max_sharpe,excess_return,0.05,-0.24139623111011058
19557289,2024-04-01,4153412,max_sharpe,excess_return,0.1,-0.19294391519070198
19557289,2024-04-01,4153412,max_sharpe,excess_return,0.25,-0.1384981535405425
19557289,2024-04-01,4153412,max_sharpe,excess_return,0.5,-0.07142511053346769
19557289,2024-04-01,4153412,max_sharpe,excess_return,0.75,0.006908605312549318
19557289,2024-04-01,4153412,max_sharpe,excess_return,0.9,0.10039839653744352
19557289,2024-04-01,4153412,max_sharpe,excess_return,0.95,0.12042410572092477
19557289,2024-04-01,4153412,max_sharpe,excess_return,0.99,0.3820086124129256
19557289,2024-04-01,4153412,mcap_weight,alpha,0.01,-0.3126486751926862
19557289,2024-04-01,4153412,mcap_weight,alpha,0.05,-0.23122642998127318
19557289,2024-04-01,4153412,mcap_weight,alpha,0.1,-0.18392761650532286
19557289,2024-04-01,4153412,mcap_weight,alpha,0.25,-0.12181677772282493
19557289,2024-04-01,4153412,mcap_weight,alpha,0.5,-0.037021368060464986
19557289,2024-04-01,4153412,mcap_weight,alpha,0.75,0.0004257674988318909
19557289,2024-04-01,4153412,mcap_weight,alpha,0.9,0.03056968398040487
19557289,2024-04-01,4153412,mcap_weight,alpha,0.95,0.04207661354275463
19557289,2024-04-01,4153412,mcap_weight,alpha,0.99,0.2480314294924807
19557289,2024-04-01,4153412,mcap_weight,excess_return,0.01,-0.2707946258111007
19557289,2024-04-01,4153412,mcap_weight,excess_return,0.05,-0.20835723607355217
19557289,2024-04-01,4153412,mcap_weight,excess_return,0.1,-0.16894097083365534
19557289,2024-04-01,4153412,mcap_weight,excess_return,0.25,-0.11025519743164962
19557289,2024-04-01,4153412,mcap_weight,excess_return,0.5,-0.020091291524287583
19557289,2024-04-01,4153412,mcap_weight,excess_return,0.75,0.08552440954797462
19557289,2024-04-01,4153412,mcap_weight,excess_return,0.9,0.11812547075994338
19557289,2024-04-01,4153412,mcap_weight,excess_return,0.95,0.11840059899703435
19557289,2024-04-01,4153412,mcap_weight,excess_return,0.99,0.23678126138943617
19557289,2024-04-01,4153412,safer_risk,alpha,0.01,-0.32540586169251684
19557289,2024-04-01,4153412,safer_risk,alpha,0.05,-0.23609247193967958
19557289,2024-04-01,4153412,safer_risk,alpha,0.1,-0.18715282217843515
19557289,2024-04-01,4153412,safer_risk,alpha,0.25,-0.1303712357269776
19557289,2024-04-01,4153412,safer_risk,alpha,0.5,-0.05460903550158189
19557289,2024-04-01,4153412,safer_risk,alpha,0.75,0.00020292470410901954
19557289,2024-04-01,4153412,safer_risk,alpha,0.9,0.0348246490977904
19557289,2024-04-01,4153412,safer_risk,alpha,0.95,0.0888381117180611
19557289,2024-04-01,4153412,safer_risk,alpha,0.99,0.44615567657579497
19557289,2024-04-01,4153412,safer_risk,excess_return,0.01,-0.2855594462051666
19557289,2024-04-01,4153412,safer_risk,excess_return,0.05,-0.21055717989377898
19557289,2024-04-01,4153412,safer_risk,excess_return,0.1,-0.17169133096619035
19557289,2024-04-01,4153412,safer_risk,excess_return,0.25,-0.12262093139196216
19557289,2024-04-01,4153412,safer_risk,excess_return,0.5,-0.03997768369771744
19557289,2024-04-01,4153412,safer_risk,excess_return,0.75,0.031016644688331554
19557289,2024-04-01,4153412,safer_risk,excess_return,0.9,0.11332907591978081
19557289,2024-04-01,4153412,safer_risk,excess_return,0.95,0.125138786142986
19557289,2024-04-01,4153412,safer_risk,excess_return,0.99,0.4477914955123694
19771560,2024-05-01,4273747,baseline,alpha,0.01,-0.5439543580804835
19771560,2024-05-01,4273747,baseline,alpha,0.05,-0.34355677973283183
19771560,2024-05-01,4273747,baseline,alpha,0.1,-0.29213414747717964
19771560,2024-05-01,4273747,baseline,alpha,0.25,-0.20084854265690538
19771560,2024-05-01,4273747,baseline,alpha,0.5,-0.0975642126614315
19771560,2024-05-01,4273747,baseline,alpha,0.75,-0.0038201143033167184
19771560,2024-05-01,4273747,baseline,alpha,0.9,0.13335316628957555
19771560,2024-05-01,4273747,baseline,alpha,0.95,0.30496616449243635
19771560,2024-05-01,4273747,baseline,alpha,0.99,0.44801639794587406
19771560,2024-05-01,4273747,baseline,excess_return,0.01,-0.48803552571209513
19771560,2024-05-01,4273747,baseline,excess_return,0.05,-0.31886370421446736
19771560,2024-05-01,4273747,baseline,excess_return,0.1,-0.2630072914649012
19771560,2024-05-01,4273747,baseline,excess_return,0.25,-0.17656076913406155
19771560,2024-05-01,4273747,baseline,excess_return,0.5,-0.11494289832590204
19771560,2024-05-01,4273747,baseline,excess_return,0.75,-0.023114097895062746
19771560,2024-05-01,4273747,baseline,excess_return,0.9,0.18813525854261132
19771560,2024-05-01,4273747,baseline,excess_return,0.95,0.37620314407616906
19771560,2024-05-01,4273747,baseline,excess_return,0.99,0.39140071552750466
19771560,2024-05-01,4273747,better_return,alpha,0.01,-0.5486534805327743
19771560,2024-05-01,4273747,better_return,alpha,0.05,-0.3459857184030317
19771560,2024-05-01,4273747,better_return,alpha,0.1,-0.295011561260942
19771560,2024-05-01,4273747,better_return,alpha,0.25,-0.20531668743395784
19771560,2024-05-01,4273747,better_return,alpha,0.5,-0.1049357967304782
19771560,2024-05-01,4273747,better_return,alpha,0.75,-0.00509259692479622
19771560,2024-05-01,4273747,better_return,alpha,0.9,0.10324138924911697
19771560,2024-05-01,4273747,better_return,alpha,0.95,0.25119811162112093
19771560,2024-05-01,4273747,better_return,alpha,0.99,0.42672818685310754
19771560,2024-05-01,4273747,better_return,excess_return,0.01,-0.4790845977447833
19771560,2024-05-01,4273747,better_return,excess_return,0.05,-0.31814795304689125
19771560,2024-05-01,4273747,better_return,excess_return,0.1,-0.27296084332893183
19771560,2024-05-01,4273747,better_return,excess_return,0.25,-0.18678561712238712
19771560,2024-05-01,4273747,better_return,excess_return,0.5,-0.13019130717981559
19771560,2024-05-01,4273747,better_return,excess_return,0.75,-0.04232305077652748
19771560,2024-05-01,4273747,better_return,excess_return,0.9,0.14474055298344488
19771560,2024-05-01,4273747,better_return,excess_return,0.95,0.3227026678449129
19771560,2024-05-01,4273747,better_return,excess_return,0.99,0.36568476359001695
19771560,2024-05-01,4273747,equal_weight,alpha,0.01,-0.47973330375979967
19771560,2024-05-01,4273747,equal_weight,alpha,0.05,-0.30783717128048926
19771560,2024-05-01,4273747,equal_weight,alpha,0.1,-0.2572793712187862
19771560,2024-05-01,4273747,equal_weight,alpha,0.25,-0.18771122036124144
19771560,2024-05-01,4273747,equal_weight,alpha,0.5,-0.10602806646082658
19771560,2024-05-01,4273747,equal_weight,alpha,0.75,-0.02387478650368495
19771560,2024-05-01,4273747,equal_weight,alpha,0.9,0.0724502141210658
19771560,2024-05-01,4273747,equal_weight,alpha,0.95,0.09408604909539264
19771560,2024-05-01,4273747,equal_weight,alpha,0.99,0.3408949310568451
19771560,2024-05-01,4273747,equal_weight,excess_return,0.01,-0.4138258371004794
19771560,2024-05-01,4273747,equal_weight,excess_return,0.05,-0.2924721421385294
19771560,2024-05-01,4273747,equal_weight,excess_return,0.1,-0.24933331956673555
19771560,2024-05-01,4273747,equal_weight,excess_return,0.25,-0.17956839663782603
19771560,2024-05-01,4273747,equal_weight,excess_return,0.5,-0.1241734223920073
19771560,2024-05-01,4273747,equal_weight,excess_return,0.75,-0.043181229791677433
19771560,2024-05-01,4273747,equal_weight,excess_return,0.9,0.09714569017471003
19771560,2024-05-01,4273747,equal_weight,excess_return,0.95,0.10443094960295335
19771560,2024-05-01,4273747,equal_weight,excess_return,0.99,0.3084540308604167
19771560,2024-05-01,4273747,max_sharpe,alpha,0.01,-0.6817726241101691
19771560,2024-05-01,4273747,max_sharpe,alpha,0.05,-0.3710863343117266
19771560,2024-05-01,4273747,max_sharpe,alpha,0.1,-0.32052346424656325
19771560,2024-05-01,4273747,max_sharpe,alpha,0.25,-0.21562735233971383
19771560,2024-05-01,4273747,max_sharpe,alpha,0.5,-0.11329939085390978
19771560,2024-05-01,4273747,max_sharpe,alpha,0.75,-0.014894612332085963
19771560,2024-05-01,4273747,max_sharpe,alpha,0.9,0.03820505683222512
19771560,2024-05-01,4273747,max_sharpe,alpha,0.95,0.10501313753957395
19771560,2024-05-01,4273747,max_sharpe,alpha,0.99,0.5289160490075043
19771560,2024-05-01,4273747,max_sharpe,excess_return,0.01,-0.6234358220600597
19771560,2024-05-01,4273747,max_sharpe,excess_return,0.05,-0.33675762631075906
19771560,2024-05-01,4273747,max_sharpe,excess_return,0.1,-0.29579428730354096
19771560,2024-05-01,4273747,max_sharpe,excess_return,0.25,-0.1879715108808805
19771560,2024-05-01,4273747,max_sharpe,excess_return,0.5,-0.13411848858715475
19771560,2024-05-01,4273747,max_sharpe,excess_return,0.75,-0.06858222182676404
19771560,2024-05-01,4273747,max_sharpe,excess_return,0.9,0.03901938038316234
19771560,2024-05-01,4273747,max_sharpe,excess_return,0.95,0.18593305954117317
19771560,2024-05-01,4273747,max_sharpe,excess_return,0.99,0.44290177414203374
19771560,2024-05-01,4273747,mcap_weight,alpha,0.01,-0.4853426844976818
19771560,2024-05-01,4273747,mcap_weight,alpha,0.05,-0.33151911371745857
19771560,2024-05-01,4273747,mcap_weight,alpha,0.1,-0.26078088655582077
19771560,2024-05-01,4273747,mcap_weight,alpha,0.25,-0.1798632393035223
19771560,2024-05-01,4273747,mcap_weight,alpha,0.5,-0.04740180450058856
19771560,2024-05-01,4273747,mcap_weight,alpha,0.75,0.00025645577489595887
19771560,2024-05-01,4273747,mcap_weight,alpha,0.9,0.0781793190910971
19771560,2024-05-01,4273747,mcap_weight,alpha,0.95,0.23208131449255412
19771560,2024-05-01,4273747,mcap_weight,alpha,0.99,0.29465694849906204
19771560,2024-05-01,4273747,mcap_weight,excess_return,0.01,-0.43927121688512516
19771560,2024-05-01,4273747,mcap_weight,excess_return,0.05,-0.3092556110043741
19771560,2024-05-01,4273747,mcap_weight,excess_return,0.1,-0.21998501238594864
19771560,2024-05-01,4273747,mcap_weight,excess_return,0.25,-0.1763640476676261
19771560,2024-05-01,4273747,mcap_weight,excess_return,0.5,-0.12924827140507716
19771560,2024-05-01,4273747,mcap_weight,excess_return,0.75,-0.034959543012325456
19771560,2024-05-01,4273747,mcap_weight,excess_return,0.9,0.14173267907562476
19771560,2024-05-01,4273747,mcap_weight,excess_return,0.95,0.29841748083340897
19771560,2024-05-01,4273747,mcap_weight,excess_return,0.99,0.3776257941748779
19771560,2024-05-01,4273747,safer_risk,alpha,0.01,-0.5109206749938824
19771560,2024-05-01,4273747,safer_risk,alpha,0.05,-0.3233657626013684
19771560,2024-05-01,4273747,safer_risk,alpha,0.1,-0.27384547944725324
19771560,2024-05-01,4273747,safer_risk,alpha,0.25,-0.19177861861952034
19771560,2024-05-01,4273747,safer_risk,alpha,0.5,-0.08720171941009641
19771560,2024-05-01,4273747,safer_risk,alpha,0.75,-0.002021595206126006
19771560,2024-05-01,4273747,safer_risk,alpha,0.9,0.10487960890342557
19771560,2024-05-01,4273747,safer_risk,alpha,0.95,0.25119811091416405
19771560,2024-05-01,4273747,safer_risk,alpha,0.99,0.3751992255416661
19771560,2024-05-01,4273747,safer_risk,excess_return,0.01,-0.45232842973888604
19771560,2024-05-01,4273747,safer_risk,excess_return,0.05,-0.30857270946208576
19771560,2024-05-01,4273747,safer_risk,excess_return,0.1,-0.25153569244462504
19771560,2024-05-01,4273747,safer_risk,excess_return,0.25,-0.17801750586041104
19771560,2024-05-01,4273747,safer_risk,excess_return,0.5,-0.12629945275051419
19771560,2024-05-01,4273747,safer_risk,excess_return,0.75,-0.037640818046686564
19771560,2024-05-01,4273747,safer_risk,excess_return,0.9,0.1468218047993358
19771560,2024-05-01,4273747,safer_risk,excess_return,0.95,0.3227026669468242
19771560,2024-05-01,4273747,safer_risk,excess_return,0.99,0.345427826013277
19993250,2024-06-01,4506122,baseline,alpha,0.01,-0.410414406138048
19993250,2024-06-01,4506122,baseline,alpha,0.05,-0.30203287273366153
19993250,2024-06-01,4506122,baseline,alpha,0.1,-0.2595392820667014
19993250,2024-06-01,4506122,baseline,alpha,0.25,-0.20357262621335484
19993250,2024-06-01,4506122,baseline,alpha,0.5,-0.12152720434664141
19993250,2024-06-01,4506122,baseline,alpha,0.75,-0.029572629565123285
19993250,2024-06-01,4506122,baseline,alpha,0.9,0.003500508361970846
19993250,2024-06-01,4506122,baseline,alpha,0.95,0.025379716325877058
19993250,2024-06-01,4506122,baseline,alpha,0.99,0.24899488545786017
19993250,2024-06-01,4506122,baseline,excess_return,0.01,-0.4171919434039941
19993250,2024-06-01,4506122,baseline,excess_return,0.05,-0.31397398618652705
19993250,2024-06-01,4506122,baseline,excess_return,0.1,-0.2694737305962428
19993250,2024-06-01,4506122,baseline,excess_return,0.25,-0.21565966152822633
19993250,2024-06-01,4506122,baseline,excess_return,0.5,-0.1238360692742937
19993250,2024-06-01,4506122,baseline,excess_return,0.75,-0.02299710008517554
19993250,2024-06-01,4506122,baseline,excess_return,0.9,0.052233499421039
19993250,2024-06-01,4506122,baseline,excess_return,0.95,0.053773938313349916
19993250,2024-06-01,4506122,baseline,excess_return,0.99,0.25586120859259703
19993250,2024-06-01,4506122,better_return,alpha,0.01,-0.39956078290348385
19993250,2024-06-01,4506122,better_return,alpha,0.05,-0.2956740504374499
19993250,2024-06-01,4506122,better_return,alpha,0.1,-0.25529283025806376
19993250,2024-06-01,4506122,better_return,alpha,0.25,-0.19723813263109316
19993250,2024-06-01,4506122,better_return,alpha,0.5,-0.11398605430225583
19993250,2024-06-01,4506122,better_return,alpha,0.75,-0.03264279399156837
19993250,2024-06-01,4506122,better_return,alpha,0.9,0.0004667785274733985
19993250,2024-06-01,4506122,better_return,alpha,0.95,0.030285864393774887
19993250,2024-06-01,4506122,better_return,alpha,0.99,0.2578753851792219
19993250,2024-06-01,4506122,better_return,excess_return,0.01,-0.40635913287115966
19993250,2024-06-01,4506122,better_return,excess_return,0.05,-0.30836039842939994
19993250,2024-06-01,4506122,better_return,excess_return,0.1,-0.2630972138414798
19993250,2024-06-01,4506122,better_return,excess_return,0.25,-0.20685113656061624
19993250,2024-06-01,4506122,better_return,excess_return,0.5,-0.11531581434526479
19993250,2024-06-01,4506122,better_return,excess_return,0.75,-0.02347243492700528
19993250,2024-06-01,4506122,better_return,excess_return,0.9,0.04059902550383443
19993250,2024-06-01,4506122,better_return,excess_return,0.95,0.053735355024593846
19993250,2024-06-01,4506122,better_return,excess_return,0.99,0.2705431629707127
19993250,2024-06-01,4506122,equal_weight,alpha,0.01,-0.35551097887820987
19993250,2024-06-01,4506122,equal_weight,alpha,0.05,-0.27129269092132186
19993250,2024-06-01,4506122,equal_weight,alpha,0.1,-0.23821453407582618
19993250,2024-06-01,4506122,equal_weight,alpha,0.25,-0.1926717226527752
19993250,2024-06-01,4506122,equal_weight,alpha,0.5,-0.12804616643740163
19993250,2024-06-01,4506122,equal_weight,alpha,0.75,-0.0716656363871967
19993250,2024-06-01,4506122,equal_weight,alpha,0.9,-0.0003309654108277312
19993250,2024-06-01,4506122,equal_weight,alpha,0.95,0.011263615746987962
19993250,2024-06-01,4506122,equal_weight,alpha,0.99,0.20300695208844305
19993250,2024-06-01,4506122,equal_weight,excess_return,0.01,-0.36377934259495337
19993250,2024-06-01,4506122,equal_weight,excess_return,0.05,-0.2811020224787035
19993250,2024-06-01,4506122,equal_weight,excess_return,0.1,-0.2477062576946869
19993250,2024-06-01,4506122,equal_weight,excess_return,0.25,-0.1931914280196867
19993250,2024-06-01,4506122,equal_weight,excess_return,0.5,-0.13898166086016345
19993250,2024-06-01,4506122,equal_weight,excess_return,0.75,-0.06386571486536093
19993250,2024-06-01,4506122,equal_weight,excess_return,0.9,0.022559295690235723
19993250,2024-06-01,4506122,equal_weight,excess_return,0.95,0.05373514419142732
19993250,2024-06-01,4506122,equal_weight,excess_return,0.99,0.21067223081252184
19993250,2024-06-01,4506122,max_sharpe,alpha,0.01,-0.4362884798130804
19993250,2024-06-01,4506122,max_sharpe,alpha,0.05,-0.31366773135243303
19993250,2024-06-01,4506122,max_sharpe,alpha,0.1,-0.262872611033498
19993250,2024-06-01,4506122,max_sharpe,alpha,0.25,-0.18357171205196632
19993250,2024-06-01,4506122,max_sharpe,alpha,0.5,-0.08155472786835574
19993250,2024-06-01,4506122,max_sharpe,alpha,0.75,-0.015384770127796463
19993250,2024-06-01,4506122,max_sharpe,alpha,0.9,0.0016679222480227296
19993250,2024-06-01,4506122,max_sharpe,alpha,0.95,0.06434047543614901
19993250,2024-06-01,4506122,max_sharpe,alpha,0.99,0.2990122476540316
19993250,2024-06-01,4506122,max_sharpe,excess_return,0.01,-0.4363315030903556
19993250,2024-06-01,4506122,max_sharpe,excess_return,0.05,-0.3287381078252761
19993250,2024-06-01,4506122,max_sharpe,excess_return,0.1,-0.2680993914978962
19993250,2024-06-01,4506122,max_sharpe,excess_return,0.25,-0.1966240727643096
19993250,2024-06-01,4506122,max_sharpe,excess_return,0.5,-0.07714835244445052
19993250,2024-06-01,4506122,max_sharpe,excess_return,0.75,0.018377916797096647
19993250,2024-06-01,4506122,max_sharpe,excess_return,0.9,0.05065918155712402
19993250,2024-06-01,4506122,max_sharpe,excess_return,0.95,0.05715294856763241
19993250,2024-06-01,4506122,max_sharpe,excess_return,0.99,0.31234940596947036
19993250,2024-06-01,4506122,mcap_weight,alpha,0.01,-0.3678456370570391
19993250,2024-06-01,4506122,mcap_weight,alpha,0.05,-0.27875466499685714
19993250,2024-06-01,4506122,mcap_weight,alpha,0.1,-0.23875696861942494
19993250,2024-06-01,4506122,mcap_weight,alpha,0.25,-0.18768349148468189
19993250,2024-06-01,4506122,mcap_weight,alpha,0.5,-0.08532898063304788
19993250,2024-06-01,4506122,mcap_weight,alpha,0.75,-0.0026065564368969174
19993250,2024-06-01,4506122,mcap_weight,alpha,0.9,-0.00013745240967877976
19993250,2024-06-01,4506122,mcap_weight,alpha,0.95,0.007993854217738915
19993250,2024-06-01,4506122,mcap_weight,alpha,0.99,0.10596384463792732
19993250,2024-06-01,4506122,mcap_weight,excess_return,0.01,-0.3835089471726086
19993250,2024-06-01,4506122,mcap_weight,excess_return,0.05,-0.2921935219421131
19993250,2024-06-01,4506122,mcap_weight,excess_return,0.1,-0.2504873658588346
19993250,2024-06-01,4506122,mcap_weight,excess_return,0.25,-0.2005678789393399
19993250,2024-06-01,4506122,mcap_weight,excess_return,0.5,-0.08927800062917908
19993250,2024-06-01,4506122,mcap_weight,excess_return,0.75,0.02711212041644294
19993250,2024-06-01,4506122,mcap_weight,excess_return,0.9,0.05352024982384378
19993250,2024-06-01,4506122,mcap_weight,excess_return,0.95,0.05374950371893804
19993250,2024-06-01,4506122,mcap_weight,excess_return,0.99,0.09714354941505952
19993250,2024-06-01,4506122,safer_risk,alpha,0.01,-0.38839359791244327
19993250,2024-06-01,4506122,safer_risk,alpha,0.05,-0.28752712540897163
19993250,2024-06-01,4506122,safer_risk,alpha,0.1,-0.2476865073557759
19993250,2024-06-01,4506122,safer_risk,alpha,0.25,-0.1927715044049421
19993250,2024-06-01,4506122,safer_risk,alpha,0.5,-0.11663261121507792
19993250,2024-06-01,4506122,safer_risk,alpha,0.75,-0.035007913857348597
19993250,2024-06-01,4506122,safer_risk,alpha,0.9,-0.0002699035865194068
19993250,2024-06-01,4506122,safer_risk,alpha,0.95,0.018369495075943
19993250,2024-06-01,4506122,safer_risk,alpha,0.99,0.2068021786002983
19993250,2024-06-01,4506122,safer_risk,excess_return,0.01,-0.3938999015636356
19993250,2024-06-01,4506122,safer_risk,excess_return,0.05,-0.2981698196132557
19993250,2024-06-01,4506122,safer_risk,excess_return,0.1,-0.255606405501188
19993250,2024-06-01,4506122,safer_risk,excess_return,0.25,-0.20073287113995908
19993250,2024-06-01,4506122,safer_risk,excess_return,0.5,-0.11523671303555995
19993250,2024-06-01,4506122,safer_risk,excess_return,0.75,-0.024042210652308674
19993250,2024-06-01,4506122,safer_risk,excess_return,0.9,0.03767018097416726
19993250,2024-06-01,4506122,safer_risk,excess_return,0.95,0.053728972451044375
19993250,2024-06-01,4506122,safer_risk,excess_return,0.99,0.21863110850614909
20207949,2024-07-01,4524722,baseline,alpha,0.01,-0.3858468719447623
20207949,2024-07-01,4524722,baseline,alpha,0.05,-0.2080368141573114
20207949,2024-07-01,4524722,baseline,alpha,0.1,-0.14570356256954095
20207949,2024-07-01,4524722,baseline,alpha,0.25,-0.05411939173098704
20207949,2024-07-01,4524722,baseline,alpha,0.5,7.308435749161049e-05
20207949,2024-07-01,4524722,baseline,alpha,0.75,0.036829918998932634
20207949,2024-07-01,4524722,baseline,alpha,0.9,0.09023773040340488
20207949,2024-07-01,4524722,baseline,alpha,0.95,0.1519005525220511
20207949,2024-07-01,4524722,baseline,alpha,0.99,0.4863817016289843
20207949,2024-07-01,4524722,baseline,excess_return,0.01,-0.38377472381141015
20207949,2024-07-01,4524722,baseline,excess_return,0.05,-0.20670439401777704
20207949,2024-07-01,4524722,baseline,excess_return,0.1,-0.1403015575543424
20207949,2024-07-01,4524722,baseline,excess_return,0.25,-0.05820304940835415
20207949,2024-07-01,4524722,baseline,excess_return,0.5,-0.014677860180343297
20207949,2024-07-01,4524722,baseline,excess_return,0.75,0.03809304776444854
20207949,2024-07-01,4524722,baseline,excess_return,0.9,0.09377906756006485
20207949,2024-07-01,4524722,baseline,excess_return,0.95,0.1594532378991606
20207949,2024-07-01,4524722,baseline,excess_return,0.99,0.49392145565451395
20207949,2024-07-01,4524722,better_return,alpha,0.01,-0.38905148472244766
20207949,2024-07-01,4524722,better_return,alpha,0.05,-0.21487771157026825
20207949,2024-07-01,4524722,better_return,alpha,0.1,-0.1502731401609248
20207949,2024-07-01,4524722,better_return,alpha,0.25,-0.06740527965397758
20207949,2024-07-01,4524722,better_return,alpha,0.5,-0.0054896728596590325
20207949,2024-07-01,4524722,better_return,alpha,0.75,0.027960801197758935
20207949,2024-07-01,4524722,better_return,alpha,0.9,0.09090620773675888
20207949,2024-07-01,4524722,better_return,alpha,0.95,0.15079060616162623
20207949,2024-07-01,4524722,better_return,alpha,0.99,0.47025966736244773
20207949,2024-07-01,4524722,better_return,excess_return,0.01,-0.38701362423148766
20207949,2024-07-01,4524722,better_return,excess_return,0.05,-0.21264610451250748
20207949,2024-07-01,4524722,better_return,excess_return,0.1,-0.14990601272473775
20207949,2024-07-01,4524722,better_return,excess_return,0.25,-0.07432840397235453
20207949,2024-07-01,4524722,better_return,excess_return,0.5,-0.02622360516775986
20207949,2024-07-01,4524722,better_return,excess_return,0.75,0.029648944598380897
20207949,2024-07-01,4524722,better_return,excess_return,0.9,0.08915173542333832
20207949,2024-07-01,4524722,better_return,excess_return,0.95,0.15751606717543626
20207949,2024-07-01,4524722,better_return,excess_return,0.99,0.474966653902626
20207949,2024-07-01,4524722,equal_weight,alpha,0.01,-0.31671484678425965
20207949,2024-07-01,4524722,equal_weight,alpha,0.05,-0.1783106187188559
20207949,2024-07-01,4524722,equal_weight,alpha,0.1,-0.12750066811197655
20207949,2024-07-01,4524722,equal_weight,alpha,0.25,-0.06856418740128298
20207949,2024-07-01,4524722,equal_weight,alpha,0.5,-0.016088830017306183
20207949,2024-07-01,4524722,equal_weight,alpha,0.75,0.016634383852166985
20207949,2024-07-01,4524722,equal_weight,alpha,0.9,0.0703751956910994
20207949,2024-07-01,4524722,equal_weight,alpha,0.95,0.14119559009072208
20207949,2024-07-01,4524722,equal_weight,alpha,0.99,0.3810418715035401
20207949,2024-07-01,4524722,equal_weight,excess_return,0.01,-0.3178820843652387
20207949,2024-07-01,4524722,equal_weight,excess_return,0.05,-0.18204199849951194
20207949,2024-07-01,4524722,equal_weight,excess_return,0.1,-0.13229227790714598
20207949,2024-07-01,4524722,equal_weight,excess_return,0.25,-0.07203853497465
20207949,2024-07-01,4524722,equal_weight,excess_return,0.5,-0.031846967293782405
20207949,2024-07-01,4524722,equal_weight,excess_return,0.75,0.00917915941961904
20207949,2024-07-01,4524722,equal_weight,excess_return,0.9,0.06911239464029544
20207949,2024-07-01,4524722,equal_weight,excess_return,0.95,0.1412380094163776
20207949,2024-07-01,4524722,equal_weight,excess_return,0.99,0.39660937022937887
20207949,2024-07-01,4524722,max_sharpe,alpha,0.01,-0.5436411223631971
20207949,2024-07-01,4524722,max_sharpe,alpha,0.05,-0.2520646467323932
20207949,2024-07-01,4524722,max_sharpe,alpha,0.1,-0.16378777753591192
20207949,2024-07-01,4524722,max_sharpe,alpha,0.25,-0.06450244345839382
20207949,2024-07-01,4524722,max_sharpe,alpha,0.5,-0.0010348661713323326
20207949,2024-07-01,4524722,max_sharpe,alpha,0.75,0.027960801196078813
20207949,2024-07-01,4524722,max_sharpe,alpha,0.9,0.1005954458852745
20207949,2024-07-01,4524722,max_sharpe,alpha,0.95,0.17196658216316024
20207949,2024-07-01,4524722,max_sharpe,alpha,0.99,0.5673553356800977
20207949,2024-07-01,4524722,max_sharpe,excess_return,0.01,-0.5990553784608799
20207949,2024-07-01,4524722,max_sharpe,excess_return,0.05,-0.24165704163937135
20207949,2024-07-01,4524722,max_sharpe,excess_return,0.1,-0.15637630359510718
20207949,2024-07-01,4524722,max_sharpe,excess_return,0.25,-0.0715848801026729
20207949,2024-07-01,4524722,max_sharpe,excess_return,0.5,-0.03036772890794455
20207949,2024-07-01,4524722,max_sharpe,excess_return,0.75,0.034433147592143706
20207949,2024-07-01,4524722,max_sharpe,excess_return,0.9,0.0984930089615607
20207949,2024-07-01,4524722,max_sharpe,excess_return,0.95,0.1686958549965844
20207949,2024-07-01,4524722,max_sharpe,excess_return,0.99,0.5963061028005782
20207949,2024-07-01,4524722,mcap_weight,alpha,0.01,-0.3023123860177764
20207949,2024-07-01,4524722,mcap_weight,alpha,0.05,-0.16748793686155095
20207949,2024-07-01,4524722,mcap_weight,alpha,0.1,-0.11170193380262583
20207949,2024-07-01,4524722,mcap_weight,alpha,0.25,-0.02158173113946014
20207949,2024-07-01,4524722,mcap_weight,alpha,0.5,0.0017631960969778605
20207949,2024-07-01,4524722,mcap_weight,alpha,0.75,0.024740308134902564
20207949,2024-07-01,4524722,mcap_weight,alpha,0.9,0.054616554138160564
20207949,2024-07-01,4524722,mcap_weight,alpha,0.95,0.138673839842731
20207949,2024-07-01,4524722,mcap_weight,alpha,0.99,0.3711072555288858
20207949,2024-07-01,4524722,mcap_weight,excess_return,0.01,-0.31262675492599257
20207949,2024-07-01,4524722,mcap_weight,excess_return,0.05,-0.15622122246022135
20207949,2024-07-01,4524722,mcap_weight,excess_return,0.1,-0.11321135487256757
20207949,2024-07-01,4524722,mcap_weight,excess_return,0.25,-0.04528422484539553
20207949,2024-07-01,4524722,mcap_weight,excess_return,0.5,-0.02304832206490144
20207949,2024-07-01,4524722,mcap_weight,excess_return,0.75,0.02841609364010826
20207949,2024-07-01,4524722,mcap_weight,excess_return,0.9,0.0656394026392527
20207949,2024-07-01,4524722,mcap_weight,excess_return,0.95,0.11930689226011963
20207949,2024-07-01,4524722,mcap_weight,excess_return,0.99,0.3884456742250368
20207949,2024-07-01,4524722,safer_risk,alpha,0.01,-0.3538494485990111
20207949,2024-07-01,4524722,safer_risk,alpha,0.05,-0.18780351942103324
20207949,2024-07-01,4524722,safer_risk,alpha,0.1,-0.1329884241327493
20207949,2024-07-01,4524722,safer_risk,alpha,0.25,-0.05237113004559162
20207949,2024-07-01,4524722,safer_risk,alpha,0.5,-0.0012519136134225683
20207949,2024-07-01,4524722,safer_risk,alpha,0.75,0.027960801196078813
20207949,2024-07-01,4524722,safer_risk,alpha,0.9,0.07876630904804796
20207949,2024-07-01,4524722,safer_risk,alpha,0.95,0.1324981367444016
20207949,2024-07-01,4524722,safer_risk,alpha,0.99,0.4283192087200293
20207949,2024-07-01,4524722,safer_risk,excess_return,0.01,-0.36020444482272096
20207949,2024-07-01,4524722,safer_risk,excess_return,0.05,-0.19167025374615093
20207949,2024-07-01,4524722,safer_risk,excess_return,0.1,-0.1327584383751121
20207949,2024-07-01,4524722,safer_risk,excess_return,0.25,-0.061256258641133834
20207949,2024-07-01,4524722,safer_risk,excess_return,0.5,-0.022078552301346546
20207949,2024-07-01,4524722,safer_risk,excess_return,0.75,0.029648944631729332
20207949,2024-07-01,4524722,safer_risk,excess_return,0.9,0.07871936098111518
20207949,2024-07-01,4524722,safer_risk,excess_return,0.95,0.1375187118772887
20207949,2024-07-01,4524722,safer_risk,excess_return,0.99,0.43163995648282616
20429973,2024-08-01,4668597,baseline,alpha,0.01,-0.32136532000165174
20429973,2024-08-01,4668597,baseline,alpha,0.05,-0.18609157221059378
20429973,2024-08-01,4668597,baseline,alpha,0.1,-0.10520364070527005
20429973,2024-08-01,4668597,baseline,alpha,0.25,-0.023550533655796263
20429973,2024-08-01,4668597,baseline,alpha,0.5,0.022303930094609847
20429973,2024-08-01,4668597,baseline,alpha,0.75,0.07185063255649976
20429973,2024-08-01,4668597,baseline,alpha,0.9,0.13319287157030985
20429973,2024-08-01,4668597,baseline,alpha,0.95,0.18854708195043746
20429973,2024-08-01,4668597,baseline,alpha,0.99,0.4537000494764789
20429973,2024-08-01,4668597,baseline,excess_return,0.01,-0.34072764086064455
20429973,2024-08-01,4668597,baseline,excess_return,0.05,-0.18855051581697302
20429973,2024-08-01,4668597,baseline,excess_return,0.1,-0.13687911811587114
20429973,2024-08-01,4668597,baseline,excess_return,0.25,-0.07481946219857452
20429973,2024-08-01,4668597,baseline,excess_return,0.5,-0.012514399555741657
20429973,2024-08-01,4668597,baseline,excess_return,0.75,0.07839229191155092
20429973,2024-08-01,4668597,baseline,excess_return,0.9,0.1586410459084237
20429973,2024-08-01,4668597,baseline,excess_return,0.95,0.16463235360379708
20429973,2024-08-01,4668597,baseline,excess_return,0.99,0.4039618289198555
20429973,2024-08-01,4668597,better_return,alpha,0.01,-0.3225165917951942
20429973,2024-08-01,4668597,better_return,alpha,0.05,-0.20154658973006934
20429973,2024-08-01,4668597,better_return,alpha,0.1,-0.12411204710410573
20429973,2024-08-01,4668597,better_return,alpha,0.25,-0.034273045252556075
20429973,2024-08-01,4668597,better_return,alpha,0.5,0.015179337275031374
20429973,2024-08-01,4668597,better_return,alpha,0.75,0.06723548240475172
20429973,2024-08-01,4668597,better_return,alpha,0.9,0.1395384725767006
20429973,2024-08-01,4668597,better_return,alpha,0.95,0.21676336294190043
20429973,2024-08-01,4668597,better_return,alpha,0.99,0.4881253112866726
20429973,2024-08-01,4668597,better_return,excess_return,0.01,-0.3323466245334773
20429973,2024-08-01,4668597,better_return,excess_return,0.05,-0.18709360006564454
20429973,2024-08-01,4668597,better_return,excess_return,0.1,-0.13008132343493553
20429973,2024-08-01,4668597,better_return,excess_return,0.25,-0.06218722012398717
20429973,2024-08-01,4668597,better_return,excess_return,0.5,-0.0075668788396771325
20429973,2024-08-01,4668597,better_return,excess_return,0.75,0.09246530917347492
20429973,2024-08-01,4668597,better_return,excess_return,0.9,0.15849982068887145
20429973,2024-08-01,4668597,better_return,excess_return,0.95,0.20300728732271084
20429973,2024-08-01,4668597,better_return,excess_return,0.99,0.40859562139925304
20429973,2024-08-01,4668597,equal_weight,alpha,0.01,-0.26859180039093433
20429973,2024-08-01,4668597,equal_weight,alpha,0.05,-0.14064653650159803
20429973,2024-08-01,4668597,equal_weight,alpha,0.1,-0.09907856656261822
20429973,2024-08-01,4668597,equal_weight,alpha,0.25,-0.029599603787917067
20429973,2024-08-01,4668597,equal_weight,alpha,0.5,0.01854863384904218
20429973,2024-08-01,4668597,equal_weight,alpha,0.75,0.07506414718117832
20429973,2024-08-01,4668597,equal_weight,alpha,0.9,0.12337974920533215
20429973,2024-08-01,4668597,equal_weight,alpha,0.95,0.18099671039581244
20429973,2024-08-01,4668597,equal_weight,alpha,0.99,0.4162364632008283
20429973,2024-08-01,4668597,equal_weight,excess_return,0.01,-0.2672830952659907
20429973,2024-08-01,4668597,equal_weight,excess_return,0.05,-0.16029780540115945
20429973,2024-08-01,4668597,equal_weight,excess_return,0.1,-0.1147420564230858
20429973,2024-08-01,4668597,equal_weight,excess_return,0.25,-0.05252793241979051
20429973,2024-08-01,4668597,equal_weight,excess_return,0.5,0.0024596306564659
20429973,2024-08-01,4668597,equal_weight,excess_return,0.75,0.06096562767805244
20429973,2024-08-01,4668597,equal_weight,excess_return,0.9,0.1470050724863564
20429973,2024-08-01,4668597,equal_weight,excess_return,0.95,0.16464490971534126
20429973,2024-08-01,4668597,equal_weight,excess_return,0.99,0.3778929298171154
20429973,2024-08-01,4668597,max_sharpe,alpha,0.01,-0.4460575310015856
20429973,2024-08-01,4668597,max_sharpe,alpha,0.05,-0.24199969812487193
20429973,2024-08-01,4668597,max_sharpe,alpha,0.1,-0.14022755198528514
20429973,2024-08-01,4668597,max_sharpe,alpha,0.25,-0.03457931196799252
20429973,2024-08-01,4668597,max_sharpe,alpha,0.5,0.009730460140428544
20429973,2024-08-01,4668597,max_sharpe,alpha,0.75,0.060851294781896756
20429973,2024-08-01,4668597,max_sharpe,alpha,0.9,0.1529542675619403
20429973,2024-08-01,4668597,max_sharpe,alpha,0.95,0.27900766472702776
20429973,2024-08-01,4668597,max_sharpe,alpha,0.99,0.665487311026217
20429973,2024-08-01,4668597,max_sharpe,excess_return,0.01,-0.37940192750650836
20429973,2024-08-01,4668597,max_sharpe,excess_return,0.05,-0.2404661117122257
20429973,2024-08-01,4668597,max_sharpe,excess_return,0.1,-0.143862372105397
20429973,2024-08-01,4668597,max_sharpe,excess_return,0.25,-0.0611629879053697
20429973,2024-08-01,4668597,max_sharpe,excess_return,0.5,0.0067961988982940535
20429973,2024-08-01,4668597,max_sharpe,excess_return,0.75,0.13558683393291845
20429973,2024-08-01,4668597,max_sharpe,excess_return,0.9,0.15897934100934316
20429973,2024-08-01,4668597,max_sharpe,excess_return,0.95,0.26216764293231476
20429973,2024-08-01,4668597,max_sharpe,excess_return,0.99,0.5353049544212201
20429973,2024-08-01,4668597,mcap_weight,alpha,0.01,-0.2659466542787301
20429973,2024-08-01,4668597,mcap_weight,alpha,0.05,-0.12757944469373628
20429973,2024-08-01,4668597,mcap_weight,alpha,0.1,-0.04709504900262055
20429973,2024-08-01,4668597,mcap_weight,alpha,0.25,-0.0001233778789630829
20429973,2024-08-01,4668597,mcap_weight,alpha,0.5,0.012808874606914877
20429973,2024-08-01,4668597,mcap_weight,alpha,0.75,0.0665257518597753
20429973,2024-08-01,4668597,mcap_weight,alpha,0.9,0.11978666939805832
20429973,2024-08-01,4668597,mcap_weight,alpha,0.95,0.16641362262859455
20429973,2024-08-01,4668597,mcap_weight,alpha,0.99,0.3678237050781783
20429973,2024-08-01,4668597,mcap_weight,excess_return,0.01,-0.2962527774605822
20429973,2024-08-01,4668597,mcap_weight,excess_return,0.05,-0.15032075944939507
20429973,2024-08-01,4668597,mcap_weight,excess_return,0.1,-0.10419309838554638
20429973,2024-08-01,4668597,mcap_weight,excess_return,0.25,-0.060469634361332125
20429973,2024-08-01,4668597,mcap_weight,excess_return,0.5,-0.0045813216845646265
20429973,2024-08-01,4668597,mcap_weight,excess_return,0.75,0.13729875520762944
20429973,2024-08-01,4668597,mcap_weight,excess_return,0.9,0.15884727804882878
20429973,2024-08-01,4668597,mcap_weight,excess_return,0.95,0.15904713261814105
20429973,2024-08-01,4668597,mcap_weight,excess_return,0.99,0.3496123541875409
20429973,2024-08-01,4668597,safer_risk,alpha,0.01,-0.2946779098265085
20429973,2024-08-01,4668597,safer_risk,alpha,0.05,-0.17139605470283722
20429973,2024-08-01,4668597,safer_risk,alpha,0.1,-0.09873861894183146
20429973,2024-08-01,4668597,safer_risk,alpha,0.25,-0.02705996531216817
20429973,2024-08-01,4668597,safer_risk,alpha,0.5,0.015423090613216225
20429973,2024-08-01,4668597,safer_risk,alpha,0.75,0.06417664155756803
20429973,2024-08-01,4668597,safer_risk,alpha,0.9,0.12157538233201437
20429973,2024-08-01,4668597,safer_risk,alpha,0.95,0.17451171786757538
20429973,2024-08-01,4668597,safer_risk,alpha,0.99,0.4433747296541294
20429973,2024-08-01,4668597,safer_risk,excess_return,0.01,-0.31444224665892745
20429973,2024-08-01,4668597,safer_risk,excess_return,0.05,-0.1666836760754004
20429973,2024-08-01,4668597,safer_risk,excess_return,0.1,-0.11967001123914203
20429973,2024-08-01,4668597,safer_risk,excess_return,0.25,-0.061162981370536024
20429973,2024-08-01,4668597,safer_risk,excess_return,0.5,-0.0059829809208038764
20429973,2024-08-01,4668597,safer_risk,excess_return,0.75,0.08380045078775664
20429973,2024-08-01,4668597,safer_risk,excess_return,0.9,0.15466234928421205
20429973,2024-08-01,4668597,safer_risk,excess_return,0.95,0.16206479707267687
20429973,2024-08-01,4668597,safer_risk,excess_return,0.99,0.385867594761671
20651994,2024-09-01,4693885,baseline,alpha,0.01,-0.32262797075464394
20651994,2024-09-01,4693885,baseline,alpha,0.05,-0.16265525001754105
20651994,2024-09-01,4693885,baseline,alpha,0.1,-0.08137846774889355
20651994,2024-09-01,4693885,baseline,alpha,0.25,-0.023621729052489313
20651994,2024-09-01,4693885,baseline,alpha,0.5,0.0025247675955271734
20651994,2024-09-01,4693885,baseline,alpha,0.75,0.05933192935625975
20651994,2024-09-01,4693885,baseline,alpha,0.9,0.16851942071244652
20651994,2024-09-01,4693885,baseline,alpha,0.95,0.2950267948900052
20651994,2024-09-01,4693885,baseline,alpha,0.99,0.9619265623452253
20651994,2024-09-01,4693885,baseline,excess_return,0.01,-0.34843277467680256
20651994,2024-09-01,4693885,baseline,excess_return,0.05,-0.16740574606883052
20651994,2024-09-01,4693885,baseline,excess_return,0.1,-0.08701232777796455
20651994,2024-09-01,4693885,baseline,excess_return,0.25,-0.04234887354548191
20651994,2024-09-01,4693885,baseline,excess_return,0.5,0.0027914969620258315
20651994,2024-09-01,4693885,baseline,excess_return,0.75,0.06048837733732646
20651994,2024-09-01,4693885,baseline,excess_return,0.9,0.1756984580730644
20651994,2024-09-01,4693885,baseline,excess_return,0.95,0.3063390255331675
20651994,2024-09-01,4693885,baseline,excess_return,0.99,0.9567382027495854
20651994,2024-09-01,4693885,better_return,alpha,0.01,-0.35793476205284536
20651994,2024-09-01,4693885,better_return,alpha,0.05,-0.1859907448648799
20651994,2024-09-01,4693885,better_return,alpha,0.1,-0.09804821615772606
20651994,2024-09-01,4693885,better_return,alpha,0.25,-0.02771928395266733
20651994,2024-09-01,4693885,better_return,alpha,0.5,0.004440270908810884
20651994,2024-09-01,4693885,better_return,alpha,0.75,0.06734007292257356
20651994,2024-09-01,4693885,better_return,alpha,0.9,0.1818075971417477
20651994,2024-09-01,4693885,better_return,alpha,0.95,0.2970263786820059
20651994,2024-09-01,4693885,better_return,alpha,0.99,0.9458023074733393
20651994,2024-09-01,4693885,better_return,excess_return,0.01,-0.36811299421190397
20651994,2024-09-01,4693885,better_return,excess_return,0.05,-0.19188129294560366
20651994,2024-09-01,4693885,better_return,excess_return,0.1,-0.10461495433982393
20651994,2024-09-01,4693885,better_return,excess_return,0.25,-0.042789964647160915
20651994,2024-09-01,4693885,better_return,excess_return,0.5,-0.0007907097033756014
20651994,2024-09-01,4693885,better_return,excess_return,0.75,0.06583151638089077
20651994,2024-09-01,4693885,better_return,excess_return,0.9,0.18296170291472555
20651994,2024-09-01,4693885,better_return,excess_return,0.95,0.30289261802060075
20651994,2024-09-01,4693885,better_return,excess_return,0.99,0.9428514351993832
20651994,2024-09-01,4693885,equal_weight,alpha,0.01,-0.2760388474551753
20651994,2024-09-01,4693885,equal_weight,alpha,0.05,-0.1529680098834832
20651994,2024-09-01,4693885,equal_weight,alpha,0.1,-0.0842798432057236
20651994,2024-09-01,4693885,equal_weight,alpha,0.25,-0.024286014957668654
20651994,2024-09-01,4693885,equal_weight,alpha,0.5,0.01102527533494628
20651994,2024-09-01,4693885,equal_weight,alpha,0.75,0.06815329652545835
20651994,2024-09-01,4693885,equal_weight,alpha,0.9,0.16807440894498044
20651994,2024-09-01,4693885,equal_weight,alpha,0.95,0.30439841119141314
20651994,2024-09-01,4693885,equal_weight,alpha,0.99,0.7801525072773197
20651994,2024-09-01,4693885,equal_weight,excess_return,0.01,-0.28831683306869177
20651994,2024-09-01,4693885,equal_weight,excess_return,0.05,-0.16174689989078528
20651994,2024-09-01,4693885,equal_weight,excess_return,0.1,-0.09181352468183537
20651994,2024-09-01,4693885,equal_weight,excess_return,0.25,-0.04163439400589843
20651994,2024-09-01,4693885,equal_weight,excess_return,0.5,0.007285771572065426
20651994,2024-09-01,4693885,equal_weight,excess_return,0.75,0.06751764054163653
20651994,2024-09-01,4693885,equal_weight,excess_return,0.9,0.17213708093084876
20651994,2024-09-01,4693885,equal_weight,excess_return,0.95,0.30797269761659957
20651994,2024-09-01,4693885,equal_weight,excess_return,0.99,0.7778547560299729
20651994,2024-09-01,4693885,max_sharpe,alpha,0.01,-0.5935497912977554
20651994,2024-09-01,4693885,max_sharpe,alpha,0.05,-0.2592123651898617
20651994,2024-09-01,4693885,max_sharpe,alpha,0.1,-0.12629245018431431
20651994,2024-09-01,4693885,max_sharpe,alpha,0.25,-0.029306657718861415
20651994,2024-09-01,4693885,max_sharpe,alpha,0.5,-0.0002599526885185598
20651994,2024-09-01,4693885,max_sharpe,alpha,0.75,0.057394218747740824
20651994,2024-09-01,4693885,max_sharpe,alpha,0.9,0.18796901144547784
20651994,2024-09-01,4693885,max_sharpe,alpha,0.95,0.3043032740142535
20651994,2024-09-01,4693885,max_sharpe,alpha,0.99,1.026367782678331
20651994,2024-09-01,4693885,max_sharpe,excess_return,0.01,-0.6156804279049743
20651994,2024-09-01,4693885,max_sharpe,excess_return,0.05,-0.26160868577769275
20651994,2024-09-01,4693885,max_sharpe,excess_return,0.1,-0.13171029692187627
20651994,2024-09-01,4693885,max_sharpe,excess_return,0.25,-0.04394747496886577
20651994,2024-09-01,4693885,max_sharpe,excess_return,0.5,-0.01684292337010098
20651994,2024-09-01,4693885,max_sharpe,excess_return,0.75,0.05554180059855227
20651994,2024-09-01,4693885,max_sharpe,excess_return,0.9,0.1940294942561572
20651994,2024-09-01,4693885,max_sharpe,excess_return,0.95,0.31870221461893167
20651994,2024-09-01,4693885,max_sharpe,excess_return,0.99,1.0092213707258995
20651994,2024-09-01,4693885,mcap_weight,alpha,0.01,-0.3072442149662915
20651994,2024-09-01,4693885,mcap_weight,alpha,0.05,-0.09058808568061014
20651994,2024-09-01,4693885,mcap_weight,alpha,0.1,-0.04131718172476554
20651994,2024-09-01,4693885,mcap_weight,alpha,0.25,-0.0185314188651073
20651994,2024-09-01,4693885,mcap_weight,alpha,0.5,-0.00020793154026505943
20651994,2024-09-01,4693885,mcap_weight,alpha,0.75,0.03037470261454699
20651994,2024-09-01,4693885,mcap_weight,alpha,0.9,0.12812106897599768
20651994,2024-09-01,4693885,mcap_weight,alpha,0.95,0.2465076804838218
20651994,2024-09-01,4693885,mcap_weight,alpha,0.99,0.9396248083287283
20651994,2024-09-01,4693885,mcap_weight,excess_return,0.01,-0.36523106452742504
20651994,2024-09-01,4693885,mcap_weight,excess_return,0.05,-0.09796666012578298
20651994,2024-09-01,4693885,mcap_weight,excess_return,0.1,-0.04462892998421504
20651994,2024-09-01,4693885,mcap_weight,excess_return,0.25,-0.04205569999163563
20651994,2024-09-01,4693885,mcap_weight,excess_return,0.5,-0.015116236566474227
20651994,2024-09-01,4693885,mcap_weight,excess_return,0.75,0.04410467873470645
20651994,2024-09-01,4693885,mcap_weight,excess_return,0.9,0.13027468615349796
20651994,2024-09-01,4693885,mcap_weight,excess_return,0.95,0.25783917492735287
20651994,2024-09-01,4693885,mcap_weight,excess_return,0.99,0.9314569956204974
20651994,2024-09-01,4693885,safer_risk,alpha,0.01,-0.29822946581653836
20651994,2024-09-01,4693885,safer_risk,alpha,0.05,-0.14886864434125482
20651994,2024-09-01,4693885,safer_risk,alpha,0.1,-0.07978922059455608
20651994,2024-09-01,4693885,safer_risk,alpha,0.25,-0.0243107326114778
20651994,2024-09-01,4693885,safer_risk,alpha,0.5,0.004415557110356621
20651994,2024-09-01,4693885,safer_risk,alpha,0.75,0.05689617015780646
20651994,2024-09-01,4693885,safer_risk,alpha,0.9,0.1586239400036003
20651994,2024-09-01,4693885,safer_risk,alpha,0.95,0.28069159812705713
20651994,2024-09-01,4693885,safer_risk,alpha,0.99,0.9113252312680784
20651994,2024-09-01,4693885,safer_risk,excess_return,0.01,-0.34843277496854475
20651994,2024-09-01,4693885,safer_risk,excess_return,0.05,-0.1554449281385021
20651994,2024-09-01,4693885,safer_risk,excess_return,0.1,-0.08533958039477943
20651994,2024-09-01,4693885,safer_risk,excess_return,0.25,-0.04151071218481008
20651994,2024-09-01,4693885,safer_risk,excess_return,0.5,-0.0015421957725844301
20651994,2024-09-01,4693885,safer_risk,excess_return,0.75,0.05553311322107444
20651994,2024-09-01,4693885,safer_risk,excess_return,0.9,0.16112872372823062
20651994,2024-09-01,4693885,safer_risk,excess_return,0.95,0.28927230745406746
20651994,2024-09-01,4693885,safer_risk,excess_return,0.99,0.9099976601836373
20866919,2024-10-01,4793311,baseline,alpha,0.01,-0.42492763424441965
20866919,2024-10-01,4793311,baseline,alpha,0.05,-0.26653658543654785
20866919,2024-10-01,4793311,baseline,alpha,0.1,-0.20742803187006686
20866919,2024-10-01,4793311,baseline,alpha,0.25,-0.1542008709936665
20866919,2024-10-01,4793311,baseline,alpha,0.5,-0.08453588667489939
20866919,2024-10-01,4793311,baseline,alpha,0.75,-0.010951587006106756
20866919,2024-10-01,4793311,baseline,alpha,0.9,0.045015477616539304
20866919,2024-10-01,4793311,baseline,alpha,0.95,0.19201373331372534
20866919,2024-10-01,4793311,baseline,alpha,0.99,0.9729722644758813
20866919,2024-10-01,4793311,baseline,excess_return,0.01,-0.4155783751954711
20866919,2024-10-01,4793311,baseline,excess_return,0.05,-0.26484250881472354
20866919,2024-10-01,4793311,baseline,excess_return,0.1,-0.20242428750182428
20866919,2024-10-01,4793311,baseline,excess_return,0.25,-0.14876589527961248
20866919,2024-10-01,4793311,baseline,excess_return,0.5,-0.09009861274756759
20866919,2024-10-01,4793311,baseline,excess_return,0.75,-0.049338198072777506
20866919,2024-10-01,4793311,baseline,excess_return,0.9,0.02436151511465179
20866919,2024-10-01,4793311,baseline,excess_return,0.95,0.18368003747886008
20866919,2024-10-01,4793311,baseline,excess_return,0.99,0.9618786369976701
20866919,2024-10-01,4793311,better_return,alpha,0.01,-0.41998421324940943
20866919,2024-10-01,4793311,better_return,alpha,0.05,-0.2694941640198768
20866919,2024-10-01,4793311,better_return,alpha,0.1,-0.20718001828154103
20866919,2024-10-01,4793311,better_return,alpha,0.25,-0.15226429722234616
20866919,2024-10-01,4793311,better_return,alpha,0.5,-0.08285713526291645
20866919,2024-10-01,4793311,better_return,alpha,0.75,-0.013085530904198447
20866919,2024-10-01,4793311,better_return,alpha,0.9,0.05179021775907492
20866919,2024-10-01,4793311,better_return,alpha,0.95,0.22421153097239527
20866919,2024-10-01,4793311,better_return,alpha,0.99,0.9690083872733736
20866919,2024-10-01,4793311,better_return,excess_return,0.01,-0.41464761363511204
20866919,2024-10-01,4793311,better_return,excess_return,0.05,-0.2666233828087612
20866919,2024-10-01,4793311,better_return,excess_return,0.1,-0.2111688237847159
20866919,2024-10-01,4793311,better_return,excess_return,0.25,-0.1518071540018459
20866919,2024-10-01,4793311,better_return,excess_return,0.5,-0.0925967473619621
20866919,2024-10-01,4793311,better_return,excess_return,0.75,-0.05129459833464822
20866919,2024-10-01,4793311,better_return,excess_return,0.9,0.031006808083214987
20866919,2024-10-01,4793311,better_return,excess_return,0.95,0.21783270664239385
20866919,2024-10-01,4793311,better_return,excess_return,0.99,0.9758615093314092
20866919,2024-10-01,4793311,equal_weight,alpha,0.01,-0.3462579438820226
20866919,2024-10-01,4793311,equal_weight,alpha,0.05,-0.23137586580826214
20866919,2024-10-01,4793311,equal_weight,alpha,0.1,-0.20783033034319173
20866919,2024-10-01,4793311,equal_weight,alpha,0.25,-0.1368505564643246
20866919,2024-10-01,4793311,equal_weight,alpha,0.5,-0.07910730851383808
20866919,2024-10-01,4793311,equal_weight,alpha,0.75,-0.02078395697446686
20866919,2024-10-01,4793311,equal_weight,alpha,0.9,0.05956607092192488
20866919,2024-10-01,4793311,equal_weight,alpha,0.95,0.22134599247185702
20866919,2024-10-01,4793311,equal_weight,alpha,0.99,0.7980515887974903
20866919,2024-10-01,4793311,equal_weight,excess_return,0.01,-0.3400795460665258
20866919,2024-10-01,4793311,equal_weight,excess_return,0.05,-0.23276734493047851
20866919,2024-10-01,4793311,equal_weight,excess_return,0.1,-0.20050940114896332
20866919,2024-10-01,4793311,equal_weight,excess_return,0.25,-0.14033264950551733
20866919,2024-10-01,4793311,equal_weight,excess_return,0.5,-0.09074882531084238
20866919,2024-10-01,4793311,equal_weight,excess_return,0.75,-0.05311270153468173
20866919,2024-10-01,4793311,equal_weight,excess_return,0.9,0.04710926017005812
20866919,2024-10-01,4793311,equal_weight,excess_return,0.95,0.21508196900211107
20866919,2024-10-01,4793311,equal_weight,excess_return,0.99,0.8088079181315454
20866919,2024-10-01,4793311,max_sharpe,alpha,0.01,-0.4806095171304877
20866919,2024-10-01,4793311,max_sharpe,alpha,0.05,-0.2918891841620357
20866919,2024-10-01,4793311,max_sharpe,alpha,0.1,-0.23430541551933404
20866919,2024-10-01,4793311,max_sharpe,alpha,0.25,-0.16549135205681592
20866919,2024-10-01,4793311,max_sharpe,alpha,0.5,-0.09069897077660576
20866919,2024-10-01,4793311,max_sharpe,alpha,0.75,-0.01057193833559995
20866919,2024-10-01,4793311,max_sharpe,alpha,0.9,0.04566857343754148
20866919,2024-10-01,4793311,max_sharpe,alpha,0.95,0.18031914268495292
20866919,2024-10-01,4793311,max_sharpe,alpha,0.99,1.0497042743035134
20866919,2024-10-01,4793311,max_sharpe,excess_return,0.01,-0.47611906412799554
20866919,2024-10-01,4793311,max_sharpe,excess_return,0.05,-0.2919796931008926
20866919,2024-10-01,4793311,max_sharpe,excess_return,0.1,-0.232935939917003
20866919,2024-10-01,4793311,max_sharpe,excess_return,0.25,-0.1584350395723395
20866919,2024-10-01,4793311,max_sharpe,excess_return,0.5,-0.09653940938051608
20866919,2024-10-01,4793311,max_sharpe,excess_return,0.75,-0.058280394168689686
20866919,2024-10-01,4793311,max_sharpe,excess_return,0.9,0.031738797333091706
20866919,2024-10-01,4793311,max_sharpe,excess_return,0.95,0.16838115844220147
20866919,2024-10-01,4793311,max_sharpe,excess_return,0.99,1.0138546066736605
20866919,2024-10-01,4793311,mcap_weight,alpha,0.01,-0.36406188164646935
20866919,2024-10-01,4793311,mcap_weight,alpha,0.05,-0.2298621616754904
20866919,2024-10-01,4793311,mcap_weight,alpha,0.1,-0.20928946053752423
20866919,2024-10-01,4793311,mcap_weight,alpha,0.25,-0.1313177697696808
20866919,2024-10-01,4793311,mcap_weight,alpha,0.5,-0.06165191046094677
20866919,2024-10-01,4793311,mcap_weight,alpha,0.75,-0.001830332220500069
20866919,2024-10-01,4793311,mcap_weight,alpha,0.9,0.0004870454265564554
20866919,2024-10-01,4793311,mcap_weight,alpha,0.95,0.069596589995062
20866919,2024-10-01,4793311,mcap_weight,alpha,0.99,0.6291425682520211
20866919,2024-10-01,4793311,mcap_weight,excess_return,0.01,-0.3516999251736328
20866919,2024-10-01,4793311,mcap_weight,excess_return,0.05,-0.2250370173872227
20866919,2024-10-01,4793311,mcap_weight,excess_return,0.1,-0.18734479481699562
20866919,2024-10-01,4793311,mcap_weight,excess_return,0.25,-0.12658491040487474
20866919,2024-10-01,4793311,mcap_weight,excess_return,0.5,-0.07809930048462166
20866919,2024-10-01,4793311,mcap_weight,excess_return,0.75,-0.06556784057898202
20866919,2024-10-01,4793311,mcap_weight,excess_return,0.9,-0.01593701567720895
20866919,2024-10-01,4793311,mcap_weight,excess_return,0.95,0.050741927342555004
20866919,2024-10-01,4793311,mcap_weight,excess_return,0.99,0.6453932245171745
20866919,2024-10-01,4793311,safer_risk,alpha,0.01,-0.3946222916781534
20866919,2024-10-01,4793311,safer_risk,alpha,0.05,-0.24580446282039858
20866919,2024-10-01,4793311,safer_risk,alpha,0.1,-0.2093223825458484
20866919,2024-10-01,4793311,safer_risk,alpha,0.25,-0.14107886390802116
20866919,2024-10-01,4793311,safer_risk,alpha,0.5,-0.07351304353788446
20866919,2024-10-01,4793311,safer_risk,alpha,0.75,-0.011214856725659165
20866919,2024-10-01,4793311,safer_risk,alpha,0.9,0.04734739344675079
20866919,2024-10-01,4793311,safer_risk,alpha,0.95,0.17821796293147818
20866919,2024-10-01,4793311,safer_risk,alpha,0.99,0.8748818040783991
20866919,2024-10-01,4793311,safer_risk,excess_return,0.01,-0.38258275571387707
20866919,2024-10-01,4793311,safer_risk,excess_return,0.05,-0.24577577186041788
20866919,2024-10-01,4793311,safer_risk,excess_return,0.1,-0.19192618414948248
20866919,2024-10-01,4793311,safer_risk,excess_return,0.25,-0.1422266439654824
20866919,2024-10-01,4793311,safer_risk,excess_return,0.5,-0.0869886624507783
20866919,2024-10-01,4793311,safer_risk,excess_return,0.75,-0.049740665969574716
20866919,2024-10-01,4793311,safer_risk,excess_return,0.9,0.021811600058216585
20866919,2024-10-01,4793311,safer_risk,excess_return,0.95,0.16491340837700075
20866919,2024-10-01,4793311,safer_risk,excess_return,0.99,0.8578908682645594
21089069,2024-11-01,4748515,baseline,alpha,0.01,-0.8237179877671443
21089069,2024-11-01,4748515,baseline,alpha,0.05,-0.5476917565286935
21089069,2024-11-01,4748515,baseline,alpha,0.1,-0.4737106544975107
21089069,2024-11-01,4748515,baseline,alpha,0.25,-0.2821733736043208
21089069,2024-11-01,4748515,baseline,alpha,0.5,-0.10921704492956663
21089069,2024-11-01,4748515,baseline,alpha,0.75,-0.013250267193589767
21089069,2024-11-01,4748515,baseline,alpha,0.9,0.10168103531719642
21089069,2024-11-01,4748515,baseline,alpha,0.95,0.3056980834889031
21089069,2024-11-01,4748515,baseline,alpha,0.99,0.9884468928458287
21089069,2024-11-01,4748515,baseline,excess_return,0.01,-0.6627320337133358
21089069,2024-11-01,4748515,baseline,excess_return,0.05,-0.41273843213773326
21089069,2024-11-01,4748515,baseline,excess_return,0.1,-0.3450611340647927
21089069,2024-11-01,4748515,baseline,excess_return,0.25,-0.2555949154458444
21089069,2024-11-01,4748515,baseline,excess_return,0.5,-0.17288787972785302
21089069,2024-11-01,4748515,baseline,excess_return,0.75,-0.04723413631545981
21089069,2024-11-01,4748515,baseline,excess_return,0.9,0.1217778770515987
21089069,2024-11-01,4748515,baseline,excess_return,0.95,0.31721607566924315
21089069,2024-11-01,4748515,baseline,excess_return,0.99,0.9487231425133852
21089069,2024-11-01,4748515,better_return,alpha,0.01,-0.808721106943814
21089069,2024-11-01,4748515,better_return,alpha,0.05,-0.5368787437479388
21089069,2024-11-01,4748515,better_return,alpha,0.1,-0.42468211776926806
21089069,2024-11-01,4748515,better_return,alpha,0.25,-0.23843874512502072
21089069,2024-11-01,4748515,better_return,alpha,0.5,-0.10868584608697779
21089069,2024-11-01,4748515,better_return,alpha,0.75,-0.006211647734687527
21089069,2024-11-01,4748515,better_return,alpha,0.9,0.09652529840809207
21089069,2024-11-01,4748515,better_return,alpha,0.95,0.28010153370457436
21089069,2024-11-01,4748515,better_return,alpha,0.99,1.0176729416463133
21089069,2024-11-01,4748515,better_return,excess_return,0.01,-0.6298980530161735
21089069,2024-11-01,4748515,better_return,excess_return,0.05,-0.41347544752470555
21089069,2024-11-01,4748515,better_return,excess_return,0.1,-0.34013796109843075
21089069,2024-11-01,4748515,better_return,excess_return,0.25,-0.24488459518804095
21089069,2024-11-01,4748515,better_return,excess_return,0.5,-0.16852854432747733
21089069,2024-11-01,4748515,better_return,excess_return,0.75,-0.04992111034294089
21089069,2024-11-01,4748515,better_return,excess_return,0.9,0.09959508653670146
21089069,2024-11-01,4748515,better_return,excess_return,0.95,0.2808715387798696
21089069,2024-11-01,4748515,better_return,excess_return,0.99,0.9781041288883747
21089069,2024-11-01,4748515,equal_weight,alpha,0.01,-0.6437069136131991
21089069,2024-11-01,4748515,equal_weight,alpha,0.05,-0.44027717989353576
21089069,2024-11-01,4748515,equal_weight,alpha,0.1,-0.34657615889472204
21089069,2024-11-01,4748515,equal_weight,alpha,0.25,-0.2382802386493442
21089069,2024-11-01,4748515,equal_weight,alpha,0.5,-0.11016563007965137
21089069,2024-11-01,4748515,equal_weight,alpha,0.75,-0.0018528639234249092
21089069,2024-11-01,4748515,equal_weight,alpha,0.9,0.12475680836232536
21089069,2024-11-01,4748515,equal_weight,alpha,0.95,0.3124724834290556
21089069,2024-11-01,4748515,equal_weight,alpha,0.99,1.0860124547036083
21089069,2024-11-01,4748515,equal_weight,excess_return,0.01,-0.5180027539621254
21089069,2024-11-01,4748515,equal_weight,excess_return,0.05,-0.3804643872208544
21089069,2024-11-01,4748515,equal_weight,excess_return,0.1,-0.31259809288857604
21089069,2024-11-01,4748515,equal_weight,excess_return,0.25,-0.2446367766462365
21089069,2024-11-01,4748515,equal_weight,excess_return,0.5,-0.1500490770054952
21089069,2024-11-01,4748515,equal_weight,excess_return,0.75,-0.04656845259124154
21089069,2024-11-01,4748515,equal_weight,excess_return,0.9,0.10767874789700814
21089069,2024-11-01,4748515,equal_weight,excess_return,0.95,0.2980957055002942
21089069,2024-11-01,4748515,equal_weight,excess_return,0.99,0.8731977343550503
21089069,2024-11-01,4748515,max_sharpe,alpha,0.01,-0.8440882939311811
21089069,2024-11-01,4748515,max_sharpe,alpha,0.05,-0.5702667394441946
21089069,2024-11-01,4748515,max_sharpe,alpha,0.1,-0.4498022721303285
21089069,2024-11-01,4748515,max_sharpe,alpha,0.25,-0.2521356506499577
21089069,2024-11-01,4748515,max_sharpe,alpha,0.5,-0.12213941928559613
21089069,2024-11-01,4748515,max_sharpe,alpha,0.75,-0.01546127620757684
21089069,2024-11-01,4748515,max_sharpe,alpha,0.9,0.07913202258692675
21089069,2024-11-01,4748515,max_sharpe,alpha,0.95,0.2706212650331198
21089069,2024-11-01,4748515,max_sharpe,alpha,0.99,0.8878626473286721
21089069,2024-11-01,4748515,max_sharpe,excess_return,0.01,-0.6670218368960434
21089069,2024-11-01,4748515,max_sharpe,excess_return,0.05,-0.4258040800281798
21089069,2024-11-01,4748515,max_sharpe,excess_return,0.1,-0.33872239572171436
21089069,2024-11-01,4748515,max_sharpe,excess_return,0.25,-0.24523204192638892
21089069,2024-11-01,4748515,max_sharpe,excess_return,0.5,-0.13689349969013342
21089069,2024-11-01,4748515,max_sharpe,excess_return,0.75,-0.02902791397197746
21089069,2024-11-01,4748515,max_sharpe,excess_return,0.9,0.10426117450554706
21089069,2024-11-01,4748515,max_sharpe,excess_return,0.95,0.21485763212853293
21089069,2024-11-01,4748515,max_sharpe,excess_return,0.99,0.9653136931777406
21089069,2024-11-01,4748515,mcap_weight,alpha,0.01,-0.732885409167423
21089069,2024-11-01,4748515,mcap_weight,alpha,0.05,-0.48563957188288087
21089069,2024-11-01,4748515,mcap_weight,alpha,0.1,-0.451752792266788
21089069,2024-11-01,4748515,mcap_weight,alpha,0.25,-0.1991042190831755
21089069,2024-11-01,4748515,mcap_weight,alpha,0.5,-0.058596370211458804
21089069,2024-11-01,4748515,mcap_weight,alpha,0.75,0.0008482936198786871
21089069,2024-11-01,4748515,mcap_weight,alpha,0.9,0.04677678755242731
21089069,2024-11-01,4748515,mcap_weight,alpha,0.95,0.25651209679803566
21089069,2024-11-01,4748515,mcap_weight,alpha,0.99,0.9083652217673668
21089069,2024-11-01,4748515,mcap_weight,excess_return,0.01,-0.5751036336396057
21089069,2024-11-01,4748515,mcap_weight,excess_return,0.05,-0.34493773285883633
21089069,2024-11-01,4748515,mcap_weight,excess_return,0.1,-0.3238996349900194
21089069,2024-11-01,4748515,mcap_weight,excess_return,0.25,-0.244388767144198
21089069,2024-11-01,4748515,mcap_weight,excess_return,0.5,-0.183716608898987
21089069,2024-11-01,4748515,mcap_weight,excess_return,0.75,-0.05862348311226706
21089069,2024-11-01,4748515,mcap_weight,excess_return,0.9,0.10245364540546209
21089069,2024-11-01,4748515,mcap_weight,excess_return,0.95,0.2551645149086923
21089069,2024-11-01,4748515,mcap_weight,excess_return,0.99,0.8533435513828058
21089069,2024-11-01,4748515,safer_risk,alpha,0.01,-0.7658669196081951
21089069,2024-11-01,4748515,safer_risk,alpha,0.05,-0.5002392974318209
21089069,2024-11-01,4748515,safer_risk,alpha,0.1,-0.45502606145199714
21089069,2024-11-01,4748515,safer_risk,alpha,0.25,-0.2421611250075366
21089069,2024-11-01,4748515,safer_risk,alpha,0.5,-0.09605823329838792
21089069,2024-11-01,4748515,safer_risk,alpha,0.75,-0.0041058580448490156
21089069,2024-11-01,4748515,safer_risk,alpha,0.9,0.09553824190451225
21089069,2024-11-01,4748515,safer_risk,alpha,0.95,0.28459489334176985
21089069,2024-11-01,4748515,safer_risk,alpha,0.99,0.9602115935024893
21089069,2024-11-01,4748515,safer_risk,excess_return,0.01,-0.6144989816078139
21089069,2024-11-01,4748515,safer_risk,excess_return,0.05,-0.38459899742668124
21089069,2024-11-01,4748515,safer_risk,excess_return,0.1,-0.32758869065377283
21089069,2024-11-01,4748515,safer_risk,excess_return,0.25,-0.24828969165305037
21089069,2024-11-01,4748515,safer_risk,excess_return,0.5,-0.16756054865239323
21089069,2024-11-01,4748515,safer_risk,excess_return,0.75,-0.0532554497192792
21089069,2024-11-01,4748515,safer_risk,excess_return,0.9,0.0988836137680448
21089069,2024-11-01,4748515,safer_risk,excess_return,0.95,0.2676658229088771
21089069,2024-11-01,4748515,safer_risk,excess_return,0.99,0.9306196414824586
21303934,2024-12-01,4928177,baseline,alpha,0.01,-0.43874274818856385
21303934,2024-12-01,4928177,baseline,alpha,0.05,-0.2733347928613934
21303934,2024-12-01,4928177,baseline,alpha,0.1,-0.2028106111297835
21303934,2024-12-01,4928177,baseline,alpha,0.25,-0.10192423396675022
21303934,2024-12-01,4928177,baseline,alpha,0.5,-0.017773560714130048
21303934,2024-12-01,4928177,baseline,alpha,0.75,0.054925352695973
21303934,2024-12-01,4928177,baseline,alpha,0.9,0.24449452743997463
21303934,2024-12-01,4928177,baseline,alpha,0.95,0.3603076103804349
21303934,2024-12-01,4928177,baseline,alpha,0.99,0.8747815793001049
21303934,2024-12-01,4928177,baseline,excess_return,0.01,-0.4432352590809662
21303934,2024-12-01,4928177,baseline,excess_return,0.05,-0.2768324769301743
21303934,2024-12-01,4928177,baseline,excess_return,0.1,-0.2039239817437964
21303934,2024-12-01,4928177,baseline,excess_return,0.25,-0.10807740106046895
21303934,2024-12-01,4928177,baseline,excess_return,0.5,-0.015032505488781905
21303934,2024-12-01,4928177,baseline,excess_return,0.75,0.06072283858867675
21303934,2024-12-01,4928177,baseline,excess_return,0.9,0.25097791381044543
21303934,2024-12-01,4928177,baseline,excess_return,0.95,0.3607687421921733
21303934,2024-12-01,4928177,baseline,excess_return,0.99,0.8737344663792671
21303934,2024-12-01,4928177,better_return,alpha,0.01,-0.4306796287510947
21303934,2024-12-01,4928177,better_return,alpha,0.05,-0.2718136296739474
21303934,2024-12-01,4928177,better_return,alpha,0.1,-0.20236721873122138
21303934,2024-12-01,4928177,better_return,alpha,0.25,-0.1087312711909828
21303934,2024-12-01,4928177,better_return,alpha,0.5,-0.026981086404258368
21303934,2024-12-01,4928177,better_return,alpha,0.75,0.05166745582252963
21303934,2024-12-01,4928177,better_return,alpha,0.9,0.23747548323459955
21303934,2024-12-01,4928177,better_return,alpha,0.95,0.34353023308783287
21303934,2024-12-01,4928177,better_return,alpha,0.99,0.8764824692293793
21303934,2024-12-01,4928177,better_return,excess_return,0.01,-0.4367390638158548
21303934,2024-12-01,4928177,better_return,excess_return,0.05,-0.2724949475695925
21303934,2024-12-01,4928177,better_return,excess_return,0.1,-0.20418344697363283
21303934,2024-12-01,4928177,better_return,excess_return,0.25,-0.11202783206269476
21303934,2024-12-01,4928177,better_return,excess_return,0.5,-0.024970998465677657
21303934,2024-12-01,4928177,better_return,excess_return,0.75,0.057801699223565345
21303934,2024-12-01,4928177,better_return,excess_return,0.9,0.2359365791375411
21303934,2024-12-01,4928177,better_return,excess_return,0.95,0.3484942414947435
21303934,2024-12-01,4928177,better_return,excess_return,0.99,0.8902885861397306
21303934,2024-12-01,4928177,equal_weight,alpha,0.01,-0.3542877288978757
21303934,2024-12-01,4928177,equal_weight,alpha,0.05,-0.2301833792132551
21303934,2024-12-01,4928177,equal_weight,alpha,0.1,-0.17004401104679145
21303934,2024-12-01,4928177,equal_weight,alpha,0.25,-0.09502711168182329
21303934,2024-12-01,4928177,equal_weight,alpha,0.5,-0.011246029577149489
21303934,2024-12-01,4928177,equal_weight,alpha,0.75,0.06502965248698202
21303934,2024-12-01,4928177,equal_weight,alpha,0.9,0.18309624619794312
21303934,2024-12-01,4928177,equal_weight,alpha,0.95,0.3037562371953452
21303934,2024-12-01,4928177,equal_weight,alpha,0.99,0.7700170013156052
21303934,2024-12-01,4928177,equal_weight,excess_return,0.01,-0.3565294797721189
21303934,2024-12-01,4928177,equal_weight,excess_return,0.05,-0.2322015140818217
21303934,2024-12-01,4928177,equal_weight,excess_return,0.1,-0.17126755705893265
21303934,2024-12-01,4928177,equal_weight,excess_return,0.25,-0.09339136720365596
21303934,2024-12-01,4928177,equal_weight,excess_return,0.5,-0.013989037454983838
21303934,2024-12-01,4928177,equal_weight,excess_return,0.75,0.06736835991558973
21303934,2024-12-01,4928177,equal_weight,excess_return,0.9,0.18482692717347424
21303934,2024-12-01,4928177,equal_weight,excess_return,0.95,0.30312988268860674
21303934,2024-12-01,4928177,equal_weight,excess_return,0.99,0.7719447008230941
21303934,2024-12-01,4928177,max_sharpe,alpha,0.01,-0.41724240475256114
21303934,2024-12-01,4928177,max_sharpe,alpha,0.05,-0.28328501252016025
21303934,2024-12-01,4928177,max_sharpe,alpha,0.1,-0.2122873058192765
21303934,2024-12-01,4928177,max_sharpe,alpha,0.25,-0.1184829142510871
21303934,2024-12-01,4928177,max_sharpe,alpha,0.5,-0.028380805174167113
21303934,2024-12-01,4928177,max_sharpe,alpha,0.75,0.04502350524897788
21303934,2024-12-01,4928177,max_sharpe,alpha,0.9,0.24117752789998287
21303934,2024-12-01,4928177,max_sharpe,alpha,0.95,0.3276458609509821
21303934,2024-12-01,4928177,max_sharpe,alpha,0.99,0.772815242697333
21303934,2024-12-01,4928177,max_sharpe,excess_return,0.01,-0.43012842495764875
21303934,2024-12-01,4928177,max_sharpe,excess_return,0.05,-0.28372035215830066
21303934,2024-12-01,4928177,max_sharpe,excess_return,0.1,-0.2139103654055416
21303934,2024-12-01,4928177,max_sharpe,excess_return,0.25,-0.12162825844998551
21303934,2024-12-01,4928177,max_sharpe,excess_return,0.5,-0.029768666330350163
21303934,2024-12-01,4928177,max_sharpe,excess_return,0.75,0.04635095213338189
21303934,2024-12-01,4928177,max_sharpe,excess_return,0.9,0.2566981553965061
21303934,2024-12-01,4928177,max_sharpe,excess_return,0.95,0.3269887912917887
21303934,2024-12-01,4928177,max_sharpe,excess_return,0.99,0.7698588718729575
21303934,2024-12-01,4928177,mcap_weight,alpha,0.01,-0.39454701822206545
21303934,2024-12-01,4928177,mcap_weight,alpha,0.05,-0.23444548832629236
21303934,2024-12-01,4928177,mcap_weight,alpha,0.1,-0.1652552306387391
21303934,2024-12-01,4928177,mcap_weight,alpha,0.25,-0.08993840961618874
21303934,2024-12-01,4928177,mcap_weight,alpha,0.5,-0.0020153703249787304
21303934,2024-12-01,4928177,mcap_weight,alpha,0.75,0.04430639728221393
21303934,2024-12-01,4928177,mcap_weight,alpha,0.9,0.22799954802059225
21303934,2024-12-01,4928177,mcap_weight,alpha,0.95,0.3056571874236413
21303934,2024-12-01,4928177,mcap_weight,alpha,0.99,0.6579827239920492
21303934,2024-12-01,4928177,mcap_weight,excess_return,0.01,-0.3939513732829341
21303934,2024-12-01,4928177,mcap_weight,excess_return,0.05,-0.239577765536543
21303934,2024-12-01,4928177,mcap_weight,excess_return,0.1,-0.1714273676703599
21303934,2024-12-01,4928177,mcap_weight,excess_return,0.25,-0.0983320617361291
21303934,2024-12-01,4928177,mcap_weight,excess_return,0.5,0.014880566687397873
21303934,2024-12-01,4928177,mcap_weight,excess_return,0.75,0.050097547468853115
21303934,2024-12-01,4928177,mcap_weight,excess_return,0.9,0.22370446776362737
21303934,2024-12-01,4928177,mcap_weight,excess_return,0.95,0.3008103511910428
21303934,2024-12-01,4928177,mcap_weight,excess_return,0.99,0.6473902308283059
21303934,2024-12-01,4928177,safer_risk,alpha,0.01,-0.40169752901899525
21303934,2024-12-01,4928177,safer_risk,alpha,0.05,-0.25290972032845416
21303934,2024-12-01,4928177,safer_risk,alpha,0.1,-0.18485693660946892
21303934,2024-12-01,4928177,safer_risk,alpha,0.25,-0.09505060473006677
21303934,2024-12-01,4928177,safer_risk,alpha,0.5,-0.01784513451528217
21303934,2024-12-01,4928177,safer_risk,alpha,0.75,0.05588070321232358
21303934,2024-12-01,4928177,safer_risk,alpha,0.9,0.23497339978954268
21303934,2024-12-01,4928177,safer_risk,alpha,0.95,0.3310892470679661
21303934,2024-12-01,4928177,safer_risk,alpha,0.99,0.8175029203355735
21303934,2024-12-01,4928177,safer_risk,excess_return,0.01,-0.40550049797974663
21303934,2024-12-01,4928177,safer_risk,excess_return,0.05,-0.25275635402750485
21303934,2024-12-01,4928177,safer_risk,excess_return,0.1,-0.1863315545556602
21303934,2024-12-01,4928177,safer_risk,excess_return,0.25,-0.0986627621763633
21303934,2024-12-01,4928177,safer_risk,excess_return,0.5,-0.01104226857558202
21303934,2024-12-01,4928177,safer_risk,excess_return,0.75,0.06043719038993087
21303934,2024-12-01,4928177,safer_risk,excess_return,0.9,0.23423624222956083
21303934,2024-12-01,4928177,safer_risk,excess_return,0.95,0.332927923334035
21303934,2024-12-01,4928177,safer_risk,excess_return,0.99,0.8179189185565806
21525891,2025-01-01,5105209,baseline,alpha,0.01,-0.49853889043094485
21525891,2025-01-01,5105209,baseline,alpha,0.05,-0.35436024999629556
21525891,2025-01-01,5105209,baseline,alpha,0.1,-0.2956584603574145
21525891,2025-01-01,5105209,baseline,alpha,0.25,-0.22690053544662003
21525891,2025-01-01,5105209,baseline,alpha,0.5,-0.10206911012343808
21525891,2025-01-01,5105209,baseline,alpha,0.75,-0.019359381846702706
21525891,2025-01-01,5105209,baseline,alpha,0.9,0.02094860882663208
21525891,2025-01-01,5105209,baseline,alpha,0.95,0.10746651977390498
21525891,2025-01-01,5105209,baseline,alpha,0.99,0.37336388540283816
21525891,2025-01-01,5105209,baseline,excess_return,0.01,-0.49089141433691796
21525891,2025-01-01,5105209,baseline,excess_return,0.05,-0.34804809058280106
21525891,2025-01-01,5105209,baseline,excess_return,0.1,-0.2860961683915888
21525891,2025-01-01,5105209,baseline,excess_return,0.25,-0.21843119540352263
21525891,2025-01-01,5105209,baseline,excess_return,0.5,-0.09758329854863192
21525891,2025-01-01,5105209,baseline,excess_return,0.75,-0.034025117800923224
21525891,2025-01-01,5105209,baseline,excess_return,0.9,0.017437585964282777
21525891,2025-01-01,5105209,baseline,excess_return,0.95,0.11127032556514725
21525891,2025-01-01,5105209,baseline,excess_return,0.99,0.3782882963583853
21525891,2025-01-01,5105209,better_return,alpha,0.01,-0.4897749876061311
21525891,2025-01-01,5105209,better_return,alpha,0.05,-0.3495187523332244
21525891,2025-01-01,5105209,better_return,alpha,0.1,-0.29098097824451874
21525891,2025-01-01,5105209,better_return,alpha,0.25,-0.21928902455287608
21525891,2025-01-01,5105209,better_return,alpha,0.5,-0.10895546799851599
21525891,2025-01-01,5105209,better_return,alpha,0.75,-0.02367853874452181
21525891,2025-01-01,5105209,better_return,alpha,0.9,0.024450721217017135
21525891,2025-01-01,5105209,better_return,alpha,0.95,0.11709480259181408
21525891,2025-01-01,5105209,better_return,alpha,0.99,0.6960038378655281
21525891,2025-01-01,5105209,better_return,excess_return,0.01,-0.4805685960647994
21525891,2025-01-01,5105209,better_return,excess_return,0.05,-0.34397831033930915
21525891,2025-01-01,5105209,better_return,excess_return,0.1,-0.28369078420095717
21525891,2025-01-01,5105209,better_return,excess_return,0.25,-0.20964529384508357
21525891,2025-01-01,5105209,better_return,excess_return,0.5,-0.10530547274223247
21525891,2025-01-01,5105209,better_return,excess_return,0.75,-0.035926534839784155
21525891,2025-01-01,5105209,better_return,excess_return,0.9,0.024514734485426057
21525891,2025-01-01,5105209,better_return,excess_return,0.95,0.12146543298267885
21525891,2025-01-01,5105209,better_return,excess_return,0.99,0.6952464471414409
21525891,2025-01-01,5105209,equal_weight,alpha,0.01,-0.41916812452085317
21525891,2025-01-01,5105209,equal_weight,alpha,0.05,-0.3159030334515631
21525891,2025-01-01,5105209,equal_weight,alpha,0.1,-0.2653418436223761
21525891,2025-01-01,5105209,equal_weight,alpha,0.25,-0.20044788329334748
21525891,2025-01-01,5105209,equal_weight,alpha,0.5,-0.12034193618781504
21525891,2025-01-01,5105209,equal_weight,alpha,0.75,-0.038403539819152725
21525891,2025-01-01,5105209,equal_weight,alpha,0.9,0.014145818450903177
21525891,2025-01-01,5105209,equal_weight,alpha,0.95,0.0831518034102684
21525891,2025-01-01,5105209,equal_weight,alpha,0.99,1.03665071438465
21525891,2025-01-01,5105209,equal_weight,excess_return,0.01,-0.40939341896939363
21525891,2025-01-01,5105209,equal_weight,excess_return,0.05,-0.3081099830737073
21525891,2025-01-01,5105209,equal_weight,excess_return,0.1,-0.25589945864255703
21525891,2025-01-01,5105209,equal_weight,excess_return,0.25,-0.1964635503485399
21525891,2025-01-01,5105209,equal_weight,excess_return,0.5,-0.11994608779043904
21525891,2025-01-01,5105209,equal_weight,excess_return,0.75,-0.04608160107841576
21525891,2025-01-01,5105209,equal_weight,excess_return,0.9,0.008772002710069768
21525891,2025-01-01,5105209,equal_weight,excess_return,0.95,0.07926226530577361
21525891,2025-01-01,5105209,equal_weight,excess_return,0.99,1.0384975400477077
21525891,2025-01-01,5105209,max_sharpe,alpha,0.01,-0.4961662619810204
21525891,2025-01-01,5105209,max_sharpe,alpha,0.05,-0.34299532898635454
21525891,2025-01-01,5105209,max_sharpe,alpha,0.1,-0.28281326406435797
21525891,2025-01-01,5105209,max_sharpe,alpha,0.25,-0.21599442008131578
21525891,2025-01-01,5105209,max_sharpe,alpha,0.5,-0.11449461399865273
21525891,2025-01-01,5105209,max_sharpe,alpha,0.75,-0.035937075511281114
21525891,2025-01-01,5105209,max_sharpe,alpha,0.9,0.025905197031324587
21525891,2025-01-01,5105209,max_sharpe,alpha,0.95,0.12897486368034158
21525891,2025-01-01,5105209,max_sharpe,alpha,0.99,0.4036804128384384
21525891,2025-01-01,5105209,max_sharpe,excess_return,0.01,-0.48853321347044154
21525891,2025-01-01,5105209,max_sharpe,excess_return,0.05,-0.3398042354489367
21525891,2025-01-01,5105209,max_sharpe,excess_return,0.1,-0.27673858026246734
21525891,2025-01-01,5105209,max_sharpe,excess_return,0.25,-0.2051756603287015
21525891,2025-01-01,5105209,max_sharpe,excess_return,0.5,-0.10679675287694991
21525891,2025-01-01,5105209,max_sharpe,excess_return,0.75,-0.03792223447899136
21525891,2025-01-01,5105209,max_sharpe,excess_return,0.9,0.0334721521027966
21525891,2025-01-01,5105209,max_sharpe,excess_return,0.95,0.13359634456529862
21525891,2025-01-01,5105209,max_sharpe,excess_return,0.99,0.40666654192893986
21525891,2025-01-01,5105209,mcap_weight,alpha,0.01,-0.45152311577255083
21525891,2025-01-01,5105209,mcap_weight,alpha,0.05,-0.31483534026425924
21525891,2025-01-01,5105209,mcap_weight,alpha,0.1,-0.26575368851756886
21525891,2025-01-01,5105209,mcap_weight,alpha,0.25,-0.18737094851877922
21525891,2025-01-01,5105209,mcap_weight,alpha,0.5,-0.067921279033498
21525891,2025-01-01,5105209,mcap_weight,alpha,0.75,-0.0004696757217888035
21525891,2025-01-01,5105209,mcap_weight,alpha,0.9,0.027235326487387242
21525891,2025-01-01,5105209,mcap_weight,alpha,0.95,0.1091969328537861
21525891,2025-01-01,5105209,mcap_weight,alpha,0.99,0.2664232775111435
21525891,2025-01-01,5105209,mcap_weight,excess_return,0.01,-0.4376064059309347
21525891,2025-01-01,5105209,mcap_weight,excess_return,0.05,-0.30601995697218043
21525891,2025-01-01,5105209,mcap_weight,excess_return,0.1,-0.2556324775711035
21525891,2025-01-01,5105209,mcap_weight,excess_return,0.25,-0.17615526144540716
21525891,2025-01-01,5105209,mcap_weight,excess_return,0.5,-0.0652269848727028
21525891,2025-01-01,5105209,mcap_weight,excess_return,0.75,-0.033397073713774
21525891,2025-01-01,5105209,mcap_weight,excess_return,0.9,0.014723625987305242
21525891,2025-01-01,5105209,mcap_weight,excess_return,0.95,0.11316527759595729
21525891,2025-01-01,5105209,mcap_weight,excess_return,0.99,0.27200157225730726
21525891,2025-01-01,5105209,safer_risk,alpha,0.01,-0.46836362511947965
21525891,2025-01-01,5105209,safer_risk,alpha,0.05,-0.3323775989370452
21525891,2025-01-01,5105209,safer_risk,alpha,0.1,-0.2775493346900156
21525891,2025-01-01,5105209,safer_risk,alpha,0.25,-0.20809985776437012
21525891,2025-01-01,5105209,safer_risk,alpha,0.5,-0.09889692746812
21525891,2025-01-01,5105209,safer_risk,alpha,0.75,-0.024251596417243497
21525891,2025-01-01,5105209,safer_risk,alpha,0.9,0.016379286343433892
21525891,2025-01-01,5105209,safer_risk,alpha,0.95,0.10091465392052437
21525891,2025-01-01,5105209,safer_risk,alpha,0.99,0.35474074235321884
21525891,2025-01-01,5105209,safer_risk,excess_return,0.01,-0.45867213025105524
21525891,2025-01-01,5105209,safer_risk,excess_return,0.05,-0.3262129482249033
21525891,2025-01-01,5105209,safer_risk,excess_return,0.1,-0.26851507062751373
21525891,2025-01-01,5105209,safer_risk,excess_return,0.25,-0.20164102734570888
21525891,2025-01-01,5105209,safer_risk,excess_return,0.5,-0.09876231669908721
21525891,2025-01-01,5105209,safer_risk,excess_return,0.75,-0.03819649472219168
21525891,2025-01-01,5105209,safer_risk,excess_return,0.9,0.012020183610808397
21525891,2025-01-01,5105209,safer_risk,excess_return,0.95,0.10561225117971121
21525891,2025-01-01,5105209,safer_risk,excess_return,0.99,0.35402565137545294
21747950,2025-02-01,5247405,baseline,alpha,0.01,-0.3781539921388776
21747950,2025-02-01,5247405,baseline,alpha,0.05,-0.2234892812723128
21747950,2025-02-01,5247405,baseline,alpha,0.1,-0.1667553057100912
21747950,2025-02-01,5247405,baseline,alpha,0.25,-0.10206074880185809
21747950,2025-02-01,5247405,baseline,alpha,0.5,-0.03433314128436585
21747950,2025-02-01,5247405,baseline,alpha,0.75,0.007289859566951245
21747950,2025-02-01,5247405,baseline,alpha,0.9,0.048502348936511924
21747950,2025-02-01,5247405,baseline,alpha,0.95,0.12587664657884956
21747950,2025-02-01,5247405,baseline,alpha,0.99,0.4890286073154462
21747950,2025-02-01,5247405,baseline,excess_return,0.01,-0.40585013428649647
21747950,2025-02-01,5247405,baseline,excess_return,0.05,-0.2762667581569537
21747950,2025-02-01,5247405,baseline,excess_return,0.1,-0.2216999693035962
21747950,2025-02-01,5247405,baseline,excess_return,0.25,-0.1602023806879525
21747950,2025-02-01,5247405,baseline,excess_return,0.5,-0.07806703173154533
21747950,2025-02-01,5247405,baseline,excess_return,0.75,0.01785771056175095
21747950,2025-02-01,5247405,baseline,excess_return,0.9,0.11249717617606195
21747950,2025-02-01,5247405,baseline,excess_return,0.95,0.11845566979978336
21747950,2025-02-01,5247405,baseline,excess_return,0.99,0.4459400383467802
21747950,2025-02-01,5247405,better_return,alpha,0.01,-0.3681220010200217
21747950,2025-02-01,5247405,better_return,alpha,0.05,-0.22370683034161037
21747950,2025-02-01,5247405,better_return,alpha,0.1,-0.16423654494622386
21747950,2025-02-01,5247405,better_return,alpha,0.25,-0.09494638820715473
21747950,2025-02-01,5247405,better_return,alpha,0.5,-0.029620855152705322
21747950,2025-02-01,5247405,better_return,alpha,0.75,0.007133741840218895
21747950,2025-02-01,5247405,better_return,alpha,0.9,0.06434036636528494
21747950,2025-02-01,5247405,better_return,alpha,0.95,0.16673107007982052
21747950,2025-02-01,5247405,better_return,alpha,0.99,0.5010157344568393
21747950,2025-02-01,5247405,better_return,excess_return,0.01,-0.39147816682610487
21747950,2025-02-01,5247405,better_return,excess_return,0.05,-0.2644171457647253
21747950,2025-02-01,5247405,better_return,excess_return,0.1,-0.21041715259765076
21747950,2025-02-01,5247405,better_return,excess_return,0.25,-0.14792004813087473
21747950,2025-02-01,5247405,better_return,excess_return,0.5,-0.06489873298662202
21747950,2025-02-01,5247405,better_return,excess_return,0.75,0.043076569111996255
21747950,2025-02-01,5247405,better_return,excess_return,0.9,0.11250330462385982
21747950,2025-02-01,5247405,better_return,excess_return,0.95,0.17204864212785137
21747950,2025-02-01,5247405,better_return,excess_return,0.99,0.5043494251810787
21747950,2025-02-01,5247405,equal_weight,alpha,0.01,-0.3003566505083143
21747950,2025-02-01,5247405,equal_weight,alpha,0.05,-0.18981717859883496
21747950,2025-02-01,5247405,equal_weight,alpha,0.1,-0.14284418527019452
21747950,2025-02-01,5247405,equal_weight,alpha,0.25,-0.09106113722006157
21747950,2025-02-01,5247405,equal_weight,alpha,0.5,-0.03646332019625509
21747950,2025-02-01,5247405,equal_weight,alpha,0.75,0.0015453555555535899
21747950,2025-02-01,5247405,equal_weight,alpha,0.9,0.056991690515141635
21747950,2025-02-01,5247405,equal_weight,alpha,0.95,0.14939424189305303
21747950,2025-02-01,5247405,equal_weight,alpha,0.99,0.5183469262038498
21747950,2025-02-01,5247405,equal_weight,excess_return,0.01,-0.3273548115127142
21747950,2025-02-01,5247405,equal_weight,excess_return,0.05,-0.23380098032149638
21747950,2025-02-01,5247405,equal_weight,excess_return,0.1,-0.1892469380094532
21747950,2025-02-01,5247405,equal_weight,excess_return,0.25,-0.13808966725554644
21747950,2025-02-01,5247405,equal_weight,excess_return,0.5,-0.06816389238247594
21747950,2025-02-01,5247405,equal_weight,excess_return,0.75,0.010609659795151105
21747950,2025-02-01,5247405,equal_weight,excess_return,0.9,0.10625212857238689
21747950,2025-02-01,5247405,equal_weight,excess_return,0.95,0.1337391386901725
21747950,2025-02-01,5247405,equal_weight,excess_return,0.99,0.47772223544207515
21747950,2025-02-01,5247405,max_sharpe,alpha,0.01,-0.45123696865491447
21747950,2025-02-01,5247405,max_sharpe,alpha,0.05,-0.25488856836960005
21747950,2025-02-01,5247405,max_sharpe,alpha,0.1,-0.180428553540295
21747950,2025-02-01,5247405,max_sharpe,alpha,0.25,-0.08575371972991458
21747950,2025-02-01,5247405,max_sharpe,alpha,0.5,-0.019424530700878007
21747950,2025-02-01,5247405,max_sharpe,alpha,0.75,0.009327544539344411
21747950,2025-02-01,5247405,max_sharpe,alpha,0.9,0.07517919809199383
21747950,2025-02-01,5247405,max_sharpe,alpha,0.95,0.25871475184532045
21747950,2025-02-01,5247405,max_sharpe,alpha,0.99,0.911105742269088
21747950,2025-02-01,5247405,max_sharpe,excess_return,0.01,-0.44999552385171676
21747950,2025-02-01,5247405,max_sharpe,excess_return,0.05,-0.28772145327154824
21747950,2025-02-01,5247405,max_sharpe,excess_return,0.1,-0.21890585065383414
21747950,2025-02-01,5247405,max_sharpe,excess_return,0.25,-0.13480055113147776
21747950,2025-02-01,5247405,max_sharpe,excess_return,0.5,-0.04928523076623431
21747950,2025-02-01,5247405,max_sharpe,excess_return,0.75,0.0866134327055958
21747950,2025-02-01,5247405,max_sharpe,excess_return,0.9,0.11444620035002956
21747950,2025-02-01,5247405,max_sharpe,excess_return,0.95,0.21299207808324558
21747950,2025-02-01,5247405,max_sharpe,excess_return,0.99,0.8301271439840794
21747950,2025-02-01,5247405,mcap_weight,alpha,0.01,-0.30173833117918153
21747950,2025-02-01,5247405,mcap_weight,alpha,0.05,-0.1894177415332574
21747950,2025-02-01,5247405,mcap_weight,alpha,0.1,-0.1271153078824459
21747950,2025-02-01,5247405,mcap_weight,alpha,0.25,-0.07345326963449508
21747950,2025-02-01,5247405,mcap_weight,alpha,0.5,-0.016686532756532438
21747950,2025-02-01,5247405,mcap_weight,alpha,0.75,0.0015270661545426023
21747950,2025-02-01,5247405,mcap_weight,alpha,0.9,0.03281879615068346
21747950,2025-02-01,5247405,mcap_weight,alpha,0.95,0.09302267900324694
21747950,2025-02-01,5247405,mcap_weight,alpha,0.99,0.38758144297141006
21747950,2025-02-01,5247405,mcap_weight,excess_return,0.01,-0.343461515831441
21747950,2025-02-01,5247405,mcap_weight,excess_return,0.05,-0.24934146234301352
21747950,2025-02-01,5247405,mcap_weight,excess_return,0.1,-0.2098458901550871
21747950,2025-02-01,5247405,mcap_weight,excess_return,0.25,-0.14224028055134738
21747950,2025-02-01,5247405,mcap_weight,excess_return,0.5,-0.054199267560287756
21747950,2025-02-01,5247405,mcap_weight,excess_return,0.75,0.0952468708602397
21747950,2025-02-01,5247405,mcap_weight,excess_return,0.9,0.11259931661094819
21747950,2025-02-01,5247405,mcap_weight,excess_return,0.95,0.11310755969751682
21747950,2025-02-01,5247405,mcap_weight,excess_return,0.99,0.38629768843939877
21747950,2025-02-01,5247405,safer_risk,alpha,0.01,-0.3433513541718714
21747950,2025-02-01,5247405,safer_risk,alpha,0.05,-0.2065923534376214
21747950,2025-02-01,5247405,safer_risk,alpha,0.1,-0.153548551800957
21747950,2025-02-01,5247405,safer_risk,alpha,0.25,-0.09524997028925862
21747950,2025-02-01,5247405,safer_risk,alpha,0.5,-0.03126602434981526
21747950,2025-02-01,5247405,safer_risk,alpha,0.75,0.0029099745481384887
21747950,2025-02-01,5247405,safer_risk,alpha,0.9,0.048091697909776014
21747950,2025-02-01,5247405,safer_risk,alpha,0.95,0.12075168905389383
21747950,2025-02-01,5247405,safer_risk,alpha,0.99,0.4476385555771572
21747950,2025-02-01,5247405,safer_risk,excess_return,0.01,-0.37077397993309397
21747950,2025-02-01,5247405,safer_risk,excess_return,0.05,-0.25515936982557985
21747950,2025-02-01,5247405,safer_risk,excess_return,0.1,-0.21041715184642446
21747950,2025-02-01,5247405,safer_risk,excess_return,0.25,-0.14541963401028607
21747950,2025-02-01,5247405,safer_risk,excess_return,0.5,-0.06385540192292222
21747950,2025-02-01,5247405,safer_risk,excess_return,0.75,0.03480656504930596
21747950,2025-02-01,5247405,safer_risk,excess_return,0.9,0.11216860285164369
21747950,2025-02-01,5247405,safer_risk,excess_return,0.95,0.12786917769490086
21747950,2025-02-01,5247405,safer_risk,excess_return,0.99,0.42421229840482644
21948292,2025-03-01,5268023,baseline,alpha,0.01,-0.34948560024538156
21948292,2025-03-01,5268023,baseline,alpha,0.05,-0.2160952894589057
21948292,2025-03-01,5268023,baseline,alpha,0.1,-0.16256496457030828
21948292,2025-03-01,5268023,baseline,alpha,0.25,-0.10876289779903284
21948292,2025-03-01,5268023,baseline,alpha,0.5,-0.03219414435119958
21948292,2025-03-01,5268023,baseline,alpha,0.75,0.005352356574931436
21948292,2025-03-01,5268023,baseline,alpha,0.9,0.06074137122278629
21948292,2025-03-01,5268023,baseline,alpha,0.95,0.1408210764452275
21948292,2025-03-01,5268023,baseline,alpha,0.99,0.6152026427651367
21948292,2025-03-01,5268023,baseline,excess_return,0.01,-0.3662544675404684
21948292,2025-03-01,5268023,baseline,excess_return,0.05,-0.24836071646781913
21948292,2025-03-01,5268023,baseline,excess_return,0.1,-0.18889383350181388
21948292,2025-03-01,5268023,baseline,excess_return,0.25,-0.13150414988099846
21948292,2025-03-01,5268023,baseline,excess_return,0.5,-0.052233435863151864
21948292,2025-03-01,5268023,baseline,excess_return,0.75,0.03212402421747758
21948292,2025-03-01,5268023,baseline,excess_return,0.9,0.06349670784777647
21948292,2025-03-01,5268023,baseline,excess_return,0.95,0.130572420844812
21948292,2025-03-01,5268023,baseline,excess_return,0.99,0.45273669919376536
21948292,2025-03-01,5268023,better_return,alpha,0.01,-0.3455391156988742
21948292,2025-03-01,5268023,better_return,alpha,0.05,-0.21460892568343168
21948292,2025-03-01,5268023,better_return,alpha,0.1,-0.16278730952605588
21948292,2025-03-01,5268023,better_return,alpha,0.25,-0.09454510844140179
21948292,2025-03-01,5268023,better_return,alpha,0.5,-0.033605977274240695
21948292,2025-03-01,5268023,better_return,alpha,0.75,0.002472625002382028
21948292,2025-03-01,5268023,better_return,alpha,0.9,0.07015192662726143
21948292,2025-03-01,5268023,better_return,alpha,0.95,0.17608570593391382
21948292,2025-03-01,5268023,better_return,alpha,0.99,0.5982413180909603
21948292,2025-03-01,5268023,better_return,excess_return,0.01,-0.3596566827076295
21948292,2025-03-01,5268023,better_return,excess_return,0.05,-0.2389842939024301
21948292,2025-03-01,5268023,better_return,excess_return,0.1,-0.18365295795225245
21948292,2025-03-01,5268023,better_return,excess_return,0.25,-0.10926613154154295
21948292,2025-03-01,5268023,better_return,excess_return,0.5,-0.04597762279882954
21948292,2025-03-01,5268023,better_return,excess_return,0.75,0.035080236621466324
21948292,2025-03-01,5268023,better_return,excess_return,0.9,0.07792689634839656
21948292,2025-03-01,5268023,better_return,excess_return,0.95,0.169785754599772
21948292,2025-03-01,5268023,better_return,excess_return,0.99,0.4556156762343331
21948292,2025-03-01,5268023,equal_weight,alpha,0.01,-0.28986941562884777
21948292,2025-03-01,5268023,equal_weight,alpha,0.05,-0.1875702918284682
21948292,2025-03-01,5268023,equal_weight,alpha,0.1,-0.14513821974504917
21948292,2025-03-01,5268023,equal_weight,alpha,0.25,-0.08948067414156213
21948292,2025-03-01,5268023,equal_weight,alpha,0.5,-0.04300317584925603
21948292,2025-03-01,5268023,equal_weight,alpha,0.75,0.0004926703749911236
21948292,2025-03-01,5268023,equal_weight,alpha,0.9,0.06333233205355912
21948292,2025-03-01,5268023,equal_weight,alpha,0.95,0.16895486117222552
21948292,2025-03-01,5268023,equal_weight,alpha,0.99,0.8575598404993193
21948292,2025-03-01,5268023,equal_weight,excess_return,0.01,-0.2956904286016301
21948292,2025-03-01,5268023,equal_weight,excess_return,0.05,-0.2051712977231399
21948292,2025-03-01,5268023,equal_weight,excess_return,0.1,-0.16465490329403332
21948292,2025-03-01,5268023,equal_weight,excess_return,0.25,-0.10547075594872239
21948292,2025-03-01,5268023,equal_weight,excess_return,0.5,-0.054067985565854446
21948292,2025-03-01,5268023,equal_weight,excess_return,0.75,0.008234661448212569
21948292,2025-03-01,5268023,equal_weight,excess_return,0.9,0.06308346677673039
21948292,2025-03-01,5268023,equal_weight,excess_return,0.95,0.15789819159229168
21948292,2025-03-01,5268023,equal_weight,excess_return,0.99,0.8522688322663787
21948292,2025-03-01,5268023,max_sharpe,alpha,0.01,-0.41085385890551795
21948292,2025-03-01,5268023,max_sharpe,alpha,0.05,-0.23654526077408228
21948292,2025-03-01,5268023,max_sharpe,alpha,0.1,-0.179297482499572
21948292,2025-03-01,5268023,max_sharpe,alpha,0.25,-0.09201148923650473
21948292,2025-03-01,5268023,max_sharpe,alpha,0.5,-0.01798157273862326
21948292,2025-03-01,5268023,max_sharpe,alpha,0.75,0.0030112253171660237
21948292,2025-03-01,5268023,max_sharpe,alpha,0.9,0.06030822441141251
21948292,2025-03-01,5268023,max_sharpe,alpha,0.95,0.21269220160139038
21948292,2025-03-01,5268023,max_sharpe,alpha,0.99,1.7329592459553704
21948292,2025-03-01,5268023,max_sharpe,excess_return,0.01,-0.41383226859787414
21948292,2025-03-01,5268023,max_sharpe,excess_return,0.05,-0.2577267637230629
21948292,2025-03-01,5268023,max_sharpe,excess_return,0.1,-0.19518808167983911
21948292,2025-03-01,5268023,max_sharpe,excess_return,0.25,-0.10466497280591268
21948292,2025-03-01,5268023,max_sharpe,excess_return,0.5,-0.02523695793377577
21948292,2025-03-01,5268023,max_sharpe,excess_return,0.75,0.05117116673924717
21948292,2025-03-01,5268023,max_sharpe,excess_return,0.9,0.07564539610988105
21948292,2025-03-01,5268023,max_sharpe,excess_return,0.95,0.20969152293186766
21948292,2025-03-01,5268023,max_sharpe,excess_return,0.99,1.7035266862355136
21948292,2025-03-01,5268023,mcap_weight,alpha,0.01,-0.2797444611149092
21948292,2025-03-01,5268023,mcap_weight,alpha,0.05,-0.18197479152764384
21948292,2025-03-01,5268023,mcap_weight,alpha,0.1,-0.13053441315700348
21948292,2025-03-01,5268023,mcap_weight,alpha,0.25,-0.0777461907207837
21948292,2025-03-01,5268023,mcap_weight,alpha,0.5,-0.00911446648808073
21948292,2025-03-01,5268023,mcap_weight,alpha,0.75,0.0010485708357890373
21948292,2025-03-01,5268023,mcap_weight,alpha,0.9,0.04150966519583195
21948292,2025-03-01,5268023,mcap_weight,alpha,0.95,0.11447147087144419
21948292,2025-03-01,5268023,mcap_weight,alpha,0.99,0.6668708661561188
21948292,2025-03-01,5268023,mcap_weight,excess_return,0.01,-0.30534749636483505
21948292,2025-03-01,5268023,mcap_weight,excess_return,0.05,-0.21588148285676073
21948292,2025-03-01,5268023,mcap_weight,excess_return,0.1,-0.16499375094853852
21948292,2025-03-01,5268023,mcap_weight,excess_return,0.25,-0.1026951943074179
21948292,2025-03-01,5268023,mcap_weight,excess_return,0.5,-0.02501283316692081
21948292,2025-03-01,5268023,mcap_weight,excess_return,0.75,0.060207783196475254
21948292,2025-03-01,5268023,mcap_weight,excess_return,0.9,0.062054016714812935
21948292,2025-03-01,5268023,mcap_weight,excess_return,0.95,0.1028598966501131
21948292,2025-03-01,5268023,mcap_weight,excess_return,0.99,0.4887948970381937
21948292,2025-03-01,5268023,safer_risk,alpha,0.01,-0.322950438390497
21948292,2025-03-01,5268023,safer_risk,alpha,0.05,-0.20550023932340256
21948292,2025-03-01,5268023,safer_risk,alpha,0.1,-0.15516515792186134
21948292,2025-03-01,5268023,safer_risk,alpha,0.25,-0.10169078723094474
21948292,2025-03-01,5268023,safer_risk,alpha,0.5,-0.03501987714475677
21948292,2025-03-01,5268023,safer_risk,alpha,0.75,0.0009371359969379441
21948292,2025-03-01,5268023,safer_risk,alpha,0.9,0.061408415163010585
21948292,2025-03-01,5268023,safer_risk,alpha,0.95,0.15109232026231362
21948292,2025-03-01,5268023,safer_risk,alpha,0.99,0.5982413180909593
21948292,2025-03-01,5268023,safer_risk,excess_return,0.01,-0.3354208397731595
21948292,2025-03-01,5268023,safer_risk,excess_return,0.05,-0.23133089159705347
21948292,2025-03-01,5268023,safer_risk,excess_return,0.1,-0.17626093059792644
21948292,2025-03-01,5268023,safer_risk,excess_return,0.25,-0.12040046582951884
21948292,2025-03-01,5268023,safer_risk,excess_return,0.5,-0.0464166234743537
21948292,2025-03-01,5268023,safer_risk,excess_return,0.75,0.03301951571936303
21948292,2025-03-01,5268023,safer_risk,excess_return,0.9,0.06700752146870782
21948292,2025-03-01,5268023,safer_risk,excess_return,0.95,0.14277950000785133
21948292,2025-03-01,5268023,safer_risk,excess_return,0.99,0.43577537451958803
22170335,2025-04-01,5341607,baseline,alpha,0.01,-0.3996890780893575
22170335,2025-04-01,5341607,baseline,alpha,0.05,-0.19033719273778982
22170335,2025-04-01,5341607,baseline,alpha,0.1,-0.12668192828854855
22170335,2025-04-01,5341607,baseline,alpha,0.25,-0.05600038488530921
22170335,2025-04-01,5341607,baseline,alpha,0.5,0.002404293064666225
22170335,2025-04-01,5341607,baseline,alpha,0.75,0.06572800063697537
22170335,2025-04-01,5341607,baseline,alpha,0.9,0.15327958734928326
22170335,2025-04-01,5341607,baseline,alpha,0.95,0.23649190061529782
22170335,2025-04-01,5341607,baseline,alpha,0.99,0.4379616124879886
22170335,2025-04-01,5341607,baseline,excess_return,0.01,-0.3729726943363458
22170335,2025-04-01,5341607,baseline,excess_return,0.05,-0.1874968052636864
22170335,2025-04-01,5341607,baseline,excess_return,0.1,-0.12287893975309352
22170335,2025-04-01,5341607,baseline,excess_return,0.25,-0.06625648793554159
22170335,2025-04-01,5341607,baseline,excess_return,0.5,0.023173538402274846
22170335,2025-04-01,5341607,baseline,excess_return,0.75,0.05636075025558493
22170335,2025-04-01,5341607,baseline,excess_return,0.9,0.13589901006473804
22170335,2025-04-01,5341607,baseline,excess_return,0.95,0.2207776901880062
22170335,2025-04-01,5341607,baseline,excess_return,0.99,0.4286294638087038
22170335,2025-04-01,5341607,better_return,alpha,0.01,-0.38197377438482427
22170335,2025-04-01,5341607,better_return,alpha,0.05,-0.20486256311072915
22170335,2025-04-01,5341607,better_return,alpha,0.1,-0.1393334154885901
22170335,2025-04-01,5341607,better_return,alpha,0.25,-0.05181504506863592
22170335,2025-04-01,5341607,better_return,alpha,0.5,0.00036948173795360584
22170335,2025-04-01,5341607,better_return,alpha,0.75,0.06433286178737185
22170335,2025-04-01,5341607,better_return,alpha,0.9,0.15709762436644192
22170335,2025-04-01,5341607,better_return,alpha,0.95,0.2549609113949925
22170335,2025-04-01,5341607,better_return,alpha,0.99,0.4837815202977031
22170335,2025-04-01,5341607,better_return,excess_return,0.01,-0.3653477936640607
22170335,2025-04-01,5341607,better_return,excess_return,0.05,-0.1988035617820028
22170335,2025-04-01,5341607,better_return,excess_return,0.1,-0.13383364195099873
22170335,2025-04-01,5341607,better_return,excess_return,0.25,-0.06564041552732905
22170335,2025-04-01,5341607,better_return,excess_return,0.5,0.020964648900377386
22170335,2025-04-01,5341607,better_return,excess_return,0.75,0.060754829603475974
22170335,2025-04-01,5341607,better_return,excess_return,0.9,0.14158737255606224
22170335,2025-04-01,5341607,better_return,excess_return,0.95,0.24513789463188668
22170335,2025-04-01,5341607,better_return,excess_return,0.99,0.4845492730961172
22170335,2025-04-01,5341607,equal_weight,alpha,0.01,-0.304660076552961
22170335,2025-04-01,5341607,equal_weight,alpha,0.05,-0.186798845306099
22170335,2025-04-01,5341607,equal_weight,alpha,0.1,-0.12381829621524097
22170335,2025-04-01,5341607,equal_weight,alpha,0.25,-0.04793574101921563
22170335,2025-04-01,5341607,equal_weight,alpha,0.5,0.0002865399540651069
22170335,2025-04-01,5341607,equal_weight,alpha,0.75,0.05569153428358548
22170335,2025-04-01,5341607,equal_weight,alpha,0.9,0.13182727824503104
22170335,2025-04-01,5341607,equal_weight,alpha,0.95,0.19611587066699898
22170335,2025-04-01,5341607,equal_weight,alpha,0.99,0.4396564124818508
22170335,2025-04-01,5341607,equal_weight,excess_return,0.01,-0.2871358206174456
22170335,2025-04-01,5341607,equal_weight,excess_return,0.05,-0.1759056186610232
22170335,2025-04-01,5341607,equal_weight,excess_return,0.1,-0.11784464662988262
22170335,2025-04-01,5341607,equal_weight,excess_return,0.25,-0.04674899432284366
22170335,2025-04-01,5341607,equal_weight,excess_return,0.5,0.005340948622298697
22170335,2025-04-01,5341607,equal_weight,excess_return,0.75,0.05539637057857669
22170335,2025-04-01,5341607,equal_weight,excess_return,0.9,0.12376830516894574
22170335,2025-04-01,5341607,equal_weight,excess_return,0.95,0.19326852853867033
22170335,2025-04-01,5341607,equal_weight,excess_return,0.99,0.4300217826317756
22170335,2025-04-01,5341607,max_sharpe,alpha,0.01,-0.5641617284184574
22170335,2025-04-01,5341607,max_sharpe,alpha,0.05,-0.24338695258865262
22170335,2025-04-01,5341607,max_sharpe,alpha,0.1,-0.15068612305737655
22170335,2025-04-01,5341607,max_sharpe,alpha,0.25,-0.05181504506863581
22170335,2025-04-01,5341607,max_sharpe,alpha,0.5,0.0004999641827149917
22170335,2025-04-01,5341607,max_sharpe,alpha,0.75,0.056679586172945544
22170335,2025-04-01,5341607,max_sharpe,alpha,0.9,0.1592724057195387
22170335,2025-04-01,5341607,max_sharpe,alpha,0.95,0.3091228550949229
22170335,2025-04-01,5341607,max_sharpe,alpha,0.99,0.6361377924137721
22170335,2025-04-01,5341607,max_sharpe,excess_return,0.01,-0.5444213699592957
22170335,2025-04-01,5341607,max_sharpe,excess_return,0.05,-0.23524777927333695
22170335,2025-04-01,5341607,max_sharpe,excess_return,0.1,-0.14213512383691582
22170335,2025-04-01,5341607,max_sharpe,excess_return,0.25,-0.06564041552732905
22170335,2025-04-01,5341607,max_sharpe,excess_return,0.5,0.04113739065003749
22170335,2025-04-01,5341607,max_sharpe,excess_return,0.75,0.05763738158503415
22170335,2025-04-01,5341607,max_sharpe,excess_return,0.9,0.13679346254275956
22170335,2025-04-01,5341607,max_sharpe,excess_return,0.95,0.2901600041804906
22170335,2025-04-01,5341607,max_sharpe,excess_return,0.99,0.6204812221574357
22170335,2025-04-01,5341607,mcap_weight,alpha,0.01,-0.3436622771402203
22170335,2025-04-01,5341607,mcap_weight,alpha,0.05,-0.14170141800379854
22170335,2025-04-01,5341607,mcap_weight,alpha,0.1,-0.0849154108507709
22170335,2025-04-01,5341607,mcap_weight,alpha,0.25,-0.03410676808254975
22170335,2025-04-01,5341607,mcap_weight,alpha,0.5,0.0005561458683690079
22170335,2025-04-01,5341607,mcap_weight,alpha,0.75,0.05463534078422494
22170335,2025-04-01,5341607,mcap_weight,alpha,0.9,0.12794325659135614
22170335,2025-04-01,5341607,mcap_weight,alpha,0.95,0.18408788574424562
22170335,2025-04-01,5341607,mcap_weight,alpha,0.99,0.3841197252568489
22170335,2025-04-01,5341607,mcap_weight,excess_return,0.01,-0.3274828083588967
22170335,2025-04-01,5341607,mcap_weight,excess_return,0.05,-0.14307446154462714
22170335,2025-04-01,5341607,mcap_weight,excess_return,0.1,-0.08999280790049058
22170335,2025-04-01,5341607,mcap_weight,excess_return,0.25,-0.04555440539746339
22170335,2025-04-01,5341607,mcap_weight,excess_return,0.5,0.047223124946205924
22170335,2025-04-01,5341607,mcap_weight,excess_return,0.75,0.05506759399828157
22170335,2025-04-01,5341607,mcap_weight,excess_return,0.9,0.10967557573152084
22170335,2025-04-01,5341607,mcap_weight,excess_return,0.95,0.1687629047315213
22170335,2025-04-01,5341607,mcap_weight,excess_return,0.99,0.3629402475922368
22170335,2025-04-01,5341607,safer_risk,alpha,0.01,-0.3707793105810733
22170335,2025-04-01,5341607,safer_risk,alpha,0.05,-0.177927470819987
22170335,2025-04-01,5341607,safer_risk,alpha,0.1,-0.12533324328236212
22170335,2025-04-01,5341607,safer_risk,alpha,0.25,-0.0518150450686054
22170335,2025-04-01,5341607,safer_risk,alpha,0.5,7.312332775864639e-05
22170335,2025-04-01,5341607,safer_risk,alpha,0.75,0.05429277025690132
22170335,2025-04-01,5341607,safer_risk,alpha,0.9,0.13408155564001745
22170335,2025-04-01,5341607,safer_risk,alpha,0.95,0.2111904981374394
22170335,2025-04-01,5341607,safer_risk,alpha,0.99,0.41496682097364235
22170335,2025-04-01,5341607,safer_risk,excess_return,0.01,-0.34867307890101007
22170335,2025-04-01,5341607,safer_risk,excess_return,0.05,-0.1743772031705726
22170335,2025-04-01,5341607,safer_risk,excess_return,0.1,-0.11600241337191816
22170335,2025-04-01,5341607,safer_risk,excess_return,0.25,-0.060631970519790995
22170335,2025-04-01,5341607,safer_risk,excess_return,0.5,0.014887462997418138
22170335,2025-04-01,5341607,safer_risk,excess_return,0.75,0.05532150543127576
22170335,2025-04-01,5341607,safer_risk,excess_return,0.9,0.12335555836271392
22170335,2025-04-01,5341607,safer_risk,excess_return,0.95,0.199399357193225
22170335,2025-04-01,5341607,safer_risk,excess_return,0.99,0.4073471729909255
22385294,2025-05-01,5479943,baseline,alpha,0.01,-0.5272541089192981
22385294,2025-05-01,5479943,baseline,alpha,0.05,-0.3457102538490866
22385294,2025-05-01,5479943,baseline,alpha,0.1,-0.2677841535414463
22385294,2025-05-01,5479943,baseline,alpha,0.25,-0.20148829952704045
22385294,2025-05-01,5479943,baseline,alpha,0.5,-0.07911227109729985
22385294,2025-05-01,5479943,baseline,alpha,0.75,0.007425153788405999
22385294,2025-05-01,5479943,baseline,alpha,0.9,0.16226786707172872
22385294,2025-05-01,5479943,baseline,alpha,0.95,0.32480492841265896
22385294,2025-05-01,5479943,baseline,alpha,0.99,0.7307084126528017
22385294,2025-05-01,5479943,baseline,excess_return,0.01,-0.498271567852591
22385294,2025-05-01,5479943,baseline,excess_return,0.05,-0.32572058160439477
22385294,2025-05-01,5479943,baseline,excess_return,0.1,-0.2577581531645647
22385294,2025-05-01,5479943,baseline,excess_return,0.25,-0.22738014029313833
22385294,2025-05-01,5479943,baseline,excess_return,0.5,-0.1502584151859566
22385294,2025-05-01,5479943,baseline,excess_return,0.75,-0.0052475853492643665
22385294,2025-05-01,5479943,baseline,excess_return,0.9,0.17921189813028038
22385294,2025-05-01,5479943,baseline,excess_return,0.95,0.25095599293388343
22385294,2025-05-01,5479943,baseline,excess_return,0.99,0.7883091154789774
22385294,2025-05-01,5479943,better_return,alpha,0.01,-0.6095213762679565
22385294,2025-05-01,5479943,better_return,alpha,0.05,-0.36774007649854856
22385294,2025-05-01,5479943,better_return,alpha,0.1,-0.2747256840317093
22385294,2025-05-01,5479943,better_return,alpha,0.25,-0.19651671572723647
22385294,2025-05-01,5479943,better_return,alpha,0.5,-0.07798275590952825
22385294,2025-05-01,5479943,better_return,alpha,0.75,0.010052032361114068
22385294,2025-05-01,5479943,better_return,alpha,0.9,0.1462319469392726
22385294,2025-05-01,5479943,better_return,alpha,0.95,0.28826595670646554
22385294,2025-05-01,5479943,better_return,alpha,0.99,0.7386652763716339
22385294,2025-05-01,5479943,better_return,excess_return,0.01,-0.7278604586708846
22385294,2025-05-01,5479943,better_return,excess_return,0.05,-0.36015513578142966
22385294,2025-05-01,5479943,better_return,excess_return,0.1,-0.27275056804337316
22385294,2025-05-01,5479943,better_return,excess_return,0.25,-0.2233434253176335
22385294,2025-05-01,5479943,better_return,excess_return,0.5,-0.15581409286622425
22385294,2025-05-01,5479943,better_return,excess_return,0.75,-0.026478802134496465
22385294,2025-05-01,5479943,better_return,excess_return,0.9,0.15826569993700598
22385294,2025-05-01,5479943,better_return,excess_return,0.95,0.24035846831040053
22385294,2025-05-01,5479943,better_return,excess_return,0.99,0.7838488628421463
22385294,2025-05-01,5479943,equal_weight,alpha,0.01,-0.43798565773370646
22385294,2025-05-01,5479943,equal_weight,alpha,0.05,-0.28506100275994256
22385294,2025-05-01,5479943,equal_weight,alpha,0.1,-0.23544467594187768
22385294,2025-05-01,5479943,equal_weight,alpha,0.25,-0.16745447693092466
22385294,2025-05-01,5479943,equal_weight,alpha,0.5,-0.07608766745415096
22385294,2025-05-01,5479943,equal_weight,alpha,0.75,0.00879630595317702
22385294,2025-05-01,5479943,equal_weight,alpha,0.9,0.13120201742072074
22385294,2025-05-01,5479943,equal_weight,alpha,0.95,0.22544066675866997
22385294,2025-05-01,5479943,equal_weight,alpha,0.99,0.6268587021222061
22385294,2025-05-01,5479943,equal_weight,excess_return,0.01,-0.43926533587992245
22385294,2025-05-01,5479943,equal_weight,excess_return,0.05,-0.31123737547816976
22385294,2025-05-01,5479943,equal_weight,excess_return,0.1,-0.253158504157993
22385294,2025-05-01,5479943,equal_weight,excess_return,0.25,-0.21084288487892286
22385294,2025-05-01,5479943,equal_weight,excess_return,0.5,-0.13254230164985267
22385294,2025-05-01,5479943,equal_weight,excess_return,0.75,-0.019504565632258414
22385294,2025-05-01,5479943,equal_weight,excess_return,0.9,0.1026730085605502
22385294,2025-05-01,5479943,equal_weight,excess_return,0.95,0.22207317989720987
22385294,2025-05-01,5479943,equal_weight,excess_return,0.99,0.6253601495386619
22385294,2025-05-01,5479943,max_sharpe,alpha,0.01,-0.5802564866653571
22385294,2025-05-01,5479943,max_sharpe,alpha,0.05,-0.38298914236982606
22385294,2025-05-01,5479943,max_sharpe,alpha,0.1,-0.283764190916712
22385294,2025-05-01,5479943,max_sharpe,alpha,0.25,-0.19313357495788824
22385294,2025-05-01,5479943,max_sharpe,alpha,0.5,-0.08114480206062594
22385294,2025-05-01,5479943,max_sharpe,alpha,0.75,0.01208373810388105
22385294,2025-05-01,5479943,max_sharpe,alpha,0.9,0.16363512441035144
22385294,2025-05-01,5479943,max_sharpe,alpha,0.95,0.30503008770275775
22385294,2025-05-01,5479943,max_sharpe,alpha,0.99,0.7936124528786627
22385294,2025-05-01,5479943,max_sharpe,excess_return,0.01,-0.5645101135495082
22385294,2025-05-01,5479943,max_sharpe,excess_return,0.05,-0.36927898531886105
22385294,2025-05-01,5479943,max_sharpe,excess_return,0.1,-0.2720621420012814
22385294,2025-05-01,5479943,max_sharpe,excess_return,0.25,-0.23218135719117158
22385294,2025-05-01,5479943,max_sharpe,excess_return,0.5,-0.15880534264670518
22385294,2025-05-01,5479943,max_sharpe,excess_return,0.75,-0.039443124410801195
22385294,2025-05-01,5479943,max_sharpe,excess_return,0.9,0.20258273891364023
22385294,2025-05-01,5479943,max_sharpe,excess_return,0.95,0.25510313006526075
22385294,2025-05-01,5479943,max_sharpe,excess_return,0.99,0.913106060837373
22385294,2025-05-01,5479943,mcap_weight,alpha,0.01,-0.4960923671171168
22385294,2025-05-01,5479943,mcap_weight,alpha,0.05,-0.30755190119583087
22385294,2025-05-01,5479943,mcap_weight,alpha,0.1,-0.24792823959190285
22385294,2025-05-01,5479943,mcap_weight,alpha,0.25,-0.1786484908061401
22385294,2025-05-01,5479943,mcap_weight,alpha,0.5,-0.03737893786231854
22385294,2025-05-01,5479943,mcap_weight,alpha,0.75,-0.0002192977681667974
22385294,2025-05-01,5479943,mcap_weight,alpha,0.9,0.12716393875487447
22385294,2025-05-01,5479943,mcap_weight,alpha,0.95,0.22568833484983739
22385294,2025-05-01,5479943,mcap_weight,alpha,0.99,0.44913086063970037
22385294,2025-05-01,5479943,mcap_weight,excess_return,0.01,-0.434208727437557
22385294,2025-05-01,5479943,mcap_weight,excess_return,0.05,-0.2819095771371555
22385294,2025-05-01,5479943,mcap_weight,excess_return,0.1,-0.23249261813707706
22385294,2025-05-01,5479943,mcap_weight,excess_return,0.25,-0.2318266209671583
22385294,2025-05-01,5479943,mcap_weight,excess_return,0.5,-0.16586197334157846
22385294,2025-05-01,5479943,mcap_weight,excess_return,0.75,-0.06840039185297594
22385294,2025-05-01,5479943,mcap_weight,excess_return,0.9,0.1715891217168454
22385294,2025-05-01,5479943,mcap_weight,excess_return,0.95,0.2507425459294018
22385294,2025-05-01,5479943,mcap_weight,excess_return,0.99,0.5357706176444691
22385294,2025-05-01,5479943,safer_risk,alpha,0.01,-0.4914723446226968
22385294,2025-05-01,5479943,safer_risk,alpha,0.05,-0.3103138161183819
22385294,2025-05-01,5479943,safer_risk,alpha,0.1,-0.24605288057634217
22385294,2025-05-01,5479943,safer_risk,alpha,0.25,-0.17612280950196135
22385294,2025-05-01,5479943,safer_risk,alpha,0.5,-0.05769355829384326
22385294,2025-05-01,5479943,safer_risk,alpha,0.75,0.01716072284619173
22385294,2025-05-01,5479943,safer_risk,alpha,0.9,0.14901601387147295
22385294,2025-05-01,5479943,safer_risk,alpha,0.95,0.28555876780656986
22385294,2025-05-01,5479943,safer_risk,alpha,0.99,0.6633384831149303
22385294,2025-05-01,5479943,safer_risk,excess_return,0.01,-0.4666033382393084
22385294,2025-05-01,5479943,safer_risk,excess_return,0.05,-0.30950970352482116
22385294,2025-05-01,5479943,safer_risk,excess_return,0.1,-0.2515298163701099
22385294,2025-05-01,5479943,safer_risk,excess_return,0.25,-0.21913997983793596
22385294,2025-05-01,5479943,safer_risk,excess_return,0.5,-0.15287085433331402
22385294,2025-05-01,5479943,safer_risk,excess_return,0.75,-0.02232436119601841
22385294,2025-05-01,5479943,safer_risk,excess_return,0.9,0.1559229834018521
22385294,2025-05-01,5479943,safer_risk,excess_return,0.95,0.22606316811572227
22385294,2025-05-01,5479943,safer_risk,excess_return,0.99,0.7016743514622023
22606143,2025-06-01,5417046,baseline,alpha,0.01,-0.47889830355838364
22606143,2025-06-01,5417046,baseline,alpha,0.05,-0.46777329365344844
22606143,2025-06-01,5417046,baseline,alpha,0.1,-0.27197465452835834
22606143,2025-06-01,5417046,baseline,alpha,0.25,-0.12893313602438863
22606143,2025-06-01,5417046,baseline,alpha,0.5,-0.06136791362814942
22606143,2025-06-01,5417046,baseline,alpha,0.75,-0.00012967664181155254
22606143,2025-06-01,5417046,baseline,alpha,0.9,0.0313080941807094
22606143,2025-06-01,5417046,baseline,alpha,0.95,0.1549641841903291
22606143,2025-06-01,5417046,baseline,alpha,0.99,0.49425312451067266
22606143,2025-06-01,5417046,baseline,excess_return,0.01,-0.4781416523189156
22606143,2025-06-01,5417046,baseline,excess_return,0.05,-0.46981580462902073
22606143,2025-06-01,5417046,baseline,excess_return,0.1,-0.27188126354122083
22606143,2025-06-01,5417046,baseline,excess_return,0.25,-0.1354294948684447
22606143,2025-06-01,5417046,baseline,excess_return,0.5,-0.06624396494117452
22606143,2025-06-01,5417046,baseline,excess_return,0.75,0.019875132916049476
22606143,2025-06-01,5417046,baseline,excess_return,0.9,0.03976203097329872
22606143,2025-06-01,5417046,baseline,excess_return,0.95,0.1505158696976569
22606143,2025-06-01,5417046,baseline,excess_return,0.99,0.5091193616211233
22606143,2025-06-01,5417046,better_return,alpha,0.01,-0.4459128221234804
22606143,2025-06-01,5417046,better_return,alpha,0.05,-0.3338526671395722
22606143,2025-06-01,5417046,better_return,alpha,0.1,-0.2661336819601119
22606143,2025-06-01,5417046,better_return,alpha,0.25,-0.13748908121260248
22606143,2025-06-01,5417046,better_return,alpha,0.5,-0.06270618134733924
22606143,2025-06-01,5417046,better_return,alpha,0.75,-0.001697962776279184
22606143,2025-06-01,5417046,better_return,alpha,0.9,0.04127698566565077
22606143,2025-06-01,5417046,better_return,alpha,0.95,0.16140198763226515
22606143,2025-06-01,5417046,better_return,alpha,0.99,0.5068033381082517
22606143,2025-06-01,5417046,better_return,excess_return,0.01,-0.44832223672529703
22606143,2025-06-01,5417046,better_return,excess_return,0.05,-0.3304116328416798
22606143,2025-06-01,5417046,better_return,excess_return,0.1,-0.26108432814976995
22606143,2025-06-01,5417046,better_return,excess_return,0.25,-0.14118025292159747
22606143,2025-06-01,5417046,better_return,excess_return,0.5,-0.0671333028070541
22606143,2025-06-01,5417046,better_return,excess_return,0.75,0.012918730082479957
22606143,2025-06-01,5417046,better_return,excess_return,0.9,0.05059703211464733
22606143,2025-06-01,5417046,better_return,excess_return,0.95,0.16075259479082654
22606143,2025-06-01,5417046,better_return,excess_return,0.99,0.5054457533119916
22606143,2025-06-01,5417046,equal_weight,alpha,0.01,-0.3739442144506332
22606143,2025-06-01,5417046,equal_weight,alpha,0.05,-0.25078590330323014
22606143,2025-06-01,5417046,equal_weight,alpha,0.1,-0.2289514755134841
22606143,2025-06-01,5417046,equal_weight,alpha,0.25,-0.13321873456005426
22606143,2025-06-01,5417046,equal_weight,alpha,0.5,-0.06785013416161495
22606143,2025-06-01,5417046,equal_weight,alpha,0.75,-0.004905087912045684
22606143,2025-06-01,5417046,equal_weight,alpha,0.9,0.04991937023881582
22606143,2025-06-01,5417046,equal_weight,alpha,0.95,0.11939335347918115
22606143,2025-06-01,5417046,equal_weight,alpha,0.99,0.5442137293229412
22606143,2025-06-01,5417046,equal_weight,excess_return,0.01,-0.36925334288366
22606143,2025-06-01,5417046,equal_weight,excess_return,0.05,-0.2502850252652086
22606143,2025-06-01,5417046,equal_weight,excess_return,0.1,-0.2232775063254071
22606143,2025-06-01,5417046,equal_weight,excess_return,0.25,-0.13488446391677517
22606143,2025-06-01,5417046,equal_weight,excess_return,0.5,-0.06892727509675722
22606143,2025-06-01,5417046,equal_weight,excess_return,0.75,0.001413357550367339
22606143,2025-06-01,5417046,equal_weight,excess_return,0.9,0.056485683434033096
22606143,2025-06-01,5417046,equal_weight,excess_return,0.95,0.12023878097485691
22606143,2025-06-01,5417046,equal_weight,excess_return,0.99,0.5494875272837156
22606143,2025-06-01,5417046,max_sharpe,alpha,0.01,-0.46004430005231056
22606143,2025-06-01,5417046,max_sharpe,alpha,0.05,-0.4284060354045514
22606143,2025-06-01,5417046,max_sharpe,alpha,0.1,-0.290308964022457
22606143,2025-06-01,5417046,max_sharpe,alpha,0.25,-0.1463152859394625
22606143,2025-06-01,5417046,max_sharpe,alpha,0.5,-0.06622207161144894
22606143,2025-06-01,5417046,max_sharpe,alpha,0.75,-0.001849170680597638
22606143,2025-06-01,5417046,max_sharpe,alpha,0.9,0.025570657781727874
22606143,2025-06-01,5417046,max_sharpe,alpha,0.95,0.16498438414206984
22606143,2025-06-01,5417046,max_sharpe,alpha,0.99,0.40878852037465485
22606143,2025-06-01,5417046,max_sharpe,excess_return,0.01,-0.4612637156416965
22606143,2025-06-01,5417046,max_sharpe,excess_return,0.05,-0.42921485676108745
22606143,2025-06-01,5417046,max_sharpe,excess_return,0.1,-0.2862487954585325
22606143,2025-06-01,5417046,max_sharpe,excess_return,0.25,-0.15000969769528688
22606143,2025-06-01,5417046,max_sharpe,excess_return,0.5,-0.07025824682099918
22606143,2025-06-01,5417046,max_sharpe,excess_return,0.75,0.0002261469894427326
22606143,2025-06-01,5417046,max_sharpe,excess_return,0.9,0.04068049789296008
22606143,2025-06-01,5417046,max_sharpe,excess_return,0.95,0.15798568740304353
22606143,2025-06-01,5417046,max_sharpe,excess_return,0.99,0.42378616036572764
22606143,2025-06-01,5417046,mcap_weight,alpha,0.01,-0.47366026279331064
22606143,2025-06-01,5417046,mcap_weight,alpha,0.05,-0.4289365700735856
22606143,2025-06-01,5417046,mcap_weight,alpha,0.1,-0.23138741925587586
22606143,2025-06-01,5417046,mcap_weight,alpha,0.25,-0.09881365411893031
22606143,2025-06-01,5417046,mcap_weight,alpha,0.5,-0.03233420026889686
22606143,2025-06-01,5417046,mcap_weight,alpha,0.75,-0.0001377758592360261
22606143,2025-06-01,5417046,mcap_weight,alpha,0.9,0.012096196908797222
22606143,2025-06-01,5417046,mcap_weight,alpha,0.95,0.1281740482703655
22606143,2025-06-01,5417046,mcap_weight,alpha,0.99,0.32455898995209415
22606143,2025-06-01,5417046,mcap_weight,excess_return,0.01,-0.47668933470006886
22606143,2025-06-01,5417046,mcap_weight,excess_return,0.05,-0.43050351464149866
22606143,2025-06-01,5417046,mcap_weight,excess_return,0.1,-0.23634021904752472
22606143,2025-06-01,5417046,mcap_weight,excess_return,0.25,-0.1103420037585297
22606143,2025-06-01,5417046,mcap_weight,excess_return,0.5,-0.033573854254623725
22606143,2025-06-01,5417046,mcap_weight,excess_return,0.75,0.033063717276889004
22606143,2025-06-01,5417046,mcap_weight,excess_return,0.9,0.03368060026654279
22606143,2025-06-01,5417046,mcap_weight,excess_return,0.95,0.12128709173621072
22606143,2025-06-01,5417046,mcap_weight,excess_return,0.99,0.35961542923562156
22606143,2025-06-01,5417046,safer_risk,alpha,0.01,-0.44077392397038206
22606143,2025-06-01,5417046,safer_risk,alpha,0.05,-0.41463829322714396
22606143,2025-06-01,5417046,safer_risk,alpha,0.1,-0.2501547258201702
22606143,2025-06-01,5417046,safer_risk,alpha,0.25,-0.12443611950770034
22606143,2025-06-01,5417046,safer_risk,alpha,0.5,-0.05794589789785738
22606143,2025-06-01,5417046,safer_risk,alpha,0.75,-0.0016655744686576168
22606143,2025-06-01,5417046,safer_risk,alpha,0.9,0.03190662758689146
22606143,2025-06-01,5417046,safer_risk,alpha,0.95,0.14033167515968714
22606143,2025-06-01,5417046,safer_risk,alpha,0.99,0.46467939902212296
22606143,2025-06-01,5417046,safer_risk,excess_return,0.01,-0.4437139350805727
22606143,2025-06-01,5417046,safer_risk,excess_return,0.05,-0.41390549683895245
22606143,2025-06-01,5417046,safer_risk,excess_return,0.1,-0.24902187674577803
22606143,2025-06-01,5417046,safer_risk,excess_return,0.25,-0.12810110883018427
22606143,2025-06-01,5417046,safer_risk,excess_return,0.5,-0.05818547997326712
22606143,2025-06-01,5417046,safer_risk,excess_return,0.75,0.016180763028860567
22606143,2025-06-01,5417046,safer_risk,excess_return,0.9,0.044043997785702615
22606143,2025-06-01,5417046,safer_risk,excess_return,0.95,0.14134409982223062
22606143,2025-06-01,5417046,safer_risk,excess_return,0.99,0.4698071467851216
22820674,2025-07-01,5567234,baseline,alpha,0.01,-0.5936356404856903
22820674,2025-07-01,5567234,baseline,alpha,0.05,-0.34958542849060104
22820674,2025-07-01,5567234,baseline,alpha,0.1,-0.22584069828710085
22820674,2025-07-01,5567234,baseline,alpha,0.25,-0.09395452352324962
22820674,2025-07-01,5567234,baseline,alpha,0.5,-0.020528524774188955
22820674,2025-07-01,5567234,baseline,alpha,0.75,0.04876572918685944
22820674,2025-07-01,5567234,baseline,alpha,0.9,0.18337927029710666
22820674,2025-07-01,5567234,baseline,alpha,0.95,0.34650401767099387
22820674,2025-07-01,5567234,baseline,alpha,0.99,0.8179220257589268
22820674,2025-07-01,5567234,baseline,excess_return,0.01,-0.49438042184855535
22820674,2025-07-01,5567234,baseline,excess_return,0.05,-0.266261148869797
22820674,2025-07-01,5567234,baseline,excess_return,0.1,-0.2519829479217608
22820674,2025-07-01,5567234,baseline,excess_return,0.25,-0.17648029586501413
22820674,2025-07-01,5567234,baseline,excess_return,0.5,-0.021365862509342137
22820674,2025-07-01,5567234,baseline,excess_return,0.75,0.11508626484547935
22820674,2025-07-01,5567234,baseline,excess_return,0.9,0.2500203374960886
22820674,2025-07-01,5567234,baseline,excess_return,0.95,0.36467761442513813
22820674,2025-07-01,5567234,baseline,excess_return,0.99,0.8306805572154965
22820674,2025-07-01,5567234,better_return,alpha,0.01,-0.593856445404229
22820674,2025-07-01,5567234,better_return,alpha,0.05,-0.3574159440159772
22820674,2025-07-01,5567234,better_return,alpha,0.1,-0.23243358657546806
22820674,2025-07-01,5567234,better_return,alpha,0.25,-0.10353024330970637
22820674,2025-07-01,5567234,better_return,alpha,0.5,-0.014081731131705258
22820674,2025-07-01,5567234,better_return,alpha,0.75,0.05602877942972284
22820674,2025-07-01,5567234,better_return,alpha,0.9,0.21153581723435638
22820674,2025-07-01,5567234,better_return,alpha,0.95,0.40378872333250815
22820674,2025-07-01,5567234,better_return,alpha,0.99,0.9133723601723738
22820674,2025-07-01,5567234,better_return,excess_return,0.01,-0.5320577559989996
22820674,2025-07-01,5567234,better_return,excess_return,0.05,-0.2936701712965599
22820674,2025-07-01,5567234,better_return,excess_return,0.1,-0.25199368354577156
22820674,2025-07-01,5567234,better_return,excess_return,0.25,-0.17774899137169553
22820674,2025-07-01,5567234,better_return,excess_return,0.5,-0.04343972320548328
22820674,2025-07-01,5567234,better_return,excess_return,0.75,0.11262926081704722
22820674,2025-07-01,5567234,better_return,excess_return,0.9,0.2504306659084585
22820674,2025-07-01,5567234,better_return,excess_return,0.95,0.37056778321983025
22820674,2025-07-01,5567234,better_return,excess_return,0.99,0.9230989259200109
22820674,2025-07-01,5567234,equal_weight,alpha,0.01,-0.47197143450043216
22820674,2025-07-01,5567234,equal_weight,alpha,0.05,-0.2723960595217817
22820674,2025-07-01,5567234,equal_weight,alpha,0.1,-0.19249028608971364
22820674,2025-07-01,5567234,equal_weight,alpha,0.25,-0.09230933708923833
22820674,2025-07-01,5567234,equal_weight,alpha,0.5,-0.017298873501771728
22820674,2025-07-01,5567234,equal_weight,alpha,0.75,0.06192988729533519
22820674,2025-07-01,5567234,equal_weight,alpha,0.9,0.20595013303487103
22820674,2025-07-01,5567234,equal_weight,alpha,0.95,0.39006234761791014
22820674,2025-07-01,5567234,equal_weight,alpha,0.99,0.8013614222318444
22820674,2025-07-01,5567234,equal_weight,excess_return,0.01,-0.43314801389823593
22820674,2025-07-01,5567234,equal_weight,excess_return,0.05,-0.2634660972180589
22820674,2025-07-01,5567234,equal_weight,excess_return,0.1,-0.25192471003679107
22820674,2025-07-01,5567234,equal_weight,excess_return,0.25,-0.12708276740309
22820674,2025-07-01,5567234,equal_weight,excess_return,0.5,-0.01939292228180578
22820674,2025-07-01,5567234,equal_weight,excess_return,0.75,0.09803065796623678
22820674,2025-07-01,5567234,equal_weight,excess_return,0.9,0.2229213665319666
22820674,2025-07-01,5567234,equal_weight,excess_return,0.95,0.3421393166662139
22820674,2025-07-01,5567234,equal_weight,excess_return,0.99,0.7839606721186442
22820674,2025-07-01,5567234,max_sharpe,alpha,0.01,-0.7004914218098285
22820674,2025-07-01,5567234,max_sharpe,alpha,0.05,-0.4198199843044751
22820674,2025-07-01,5567234,max_sharpe,alpha,0.1,-0.25552453440410294
22820674,2025-07-01,5567234,max_sharpe,alpha,0.25,-0.12134597677345066
22820674,2025-07-01,5567234,max_sharpe,alpha,0.5,-0.011333264813625166
22820674,2025-07-01,5567234,max_sharpe,alpha,0.75,0.0832149564906563
22820674,2025-07-01,5567234,max_sharpe,alpha,0.9,0.2046456183267056
22820674,2025-07-01,5567234,max_sharpe,alpha,0.95,0.3317107499013634
22820674,2025-07-01,5567234,max_sharpe,alpha,0.99,0.8535171711382532
22820674,2025-07-01,5567234,max_sharpe,excess_return,0.01,-0.6109832908113397
22820674,2025-07-01,5567234,max_sharpe,excess_return,0.05,-0.3286039505004603
22820674,2025-07-01,5567234,max_sharpe,excess_return,0.1,-0.2519312378147337
22820674,2025-07-01,5567234,max_sharpe,excess_return,0.25,-0.19679519723609834
22820674,2025-07-01,5567234,max_sharpe,excess_return,0.5,-0.03351021877312099
22820674,2025-07-01,5567234,max_sharpe,excess_return,0.75,0.14483737169557542
22820674,2025-07-01,5567234,max_sharpe,excess_return,0.9,0.24480557015215287
22820674,2025-07-01,5567234,max_sharpe,excess_return,0.95,0.3504237985901052
22820674,2025-07-01,5567234,max_sharpe,excess_return,0.99,0.8090175568130319
22820674,2025-07-01,5567234,mcap_weight,alpha,0.01,-0.551758597062828
22820674,2025-07-01,5567234,mcap_weight,alpha,0.05,-0.3168118489529388
22820674,2025-07-01,5567234,mcap_weight,alpha,0.1,-0.19147126346210128
22820674,2025-07-01,5567234,mcap_weight,alpha,0.25,-0.08001325224659783
22820674,2025-07-01,5567234,mcap_weight,alpha,0.5,-0.0008761163940424845
22820674,2025-07-01,5567234,mcap_weight,alpha,0.75,0.016773916616586004
22820674,2025-07-01,5567234,mcap_weight,alpha,0.9,0.13560841610863608
22820674,2025-07-01,5567234,mcap_weight,alpha,0.95,0.25325655545437753
22820674,2025-07-01,5567234,mcap_weight,alpha,0.99,0.8781055548506924
22820674,2025-07-01,5567234,mcap_weight,excess_return,0.01,-0.4359938877261826
22820674,2025-07-01,5567234,mcap_weight,excess_return,0.05,-0.2520918039071228
22820674,2025-07-01,5567234,mcap_weight,excess_return,0.1,-0.25197776109078973
22820674,2025-07-01,5567234,mcap_weight,excess_return,0.25,-0.24542577415594125
22820674,2025-07-01,5567234,mcap_weight,excess_return,0.5,-0.07753340380609497
22820674,2025-07-01,5567234,mcap_weight,excess_return,0.75,0.09719659525075197
22820674,2025-07-01,5567234,mcap_weight,excess_return,0.9,0.2389694480779459
22820674,2025-07-01,5567234,mcap_weight,excess_return,0.95,0.3324274661948644
22820674,2025-07-01,5567234,mcap_weight,excess_return,0.99,0.6046046429673754
22820674,2025-07-01,5567234,safer_risk,alpha,0.01,-0.5453755745401577
22820674,2025-07-01,5567234,safer_risk,alpha,0.05,-0.3007547491070971
22820674,2025-07-01,5567234,safer_risk,alpha,0.1,-0.19412159096105586
22820674,2025-07-01,5567234,safer_risk,alpha,0.25,-0.07988272853793016
22820674,2025-07-01,5567234,safer_risk,alpha,0.5,-0.008200009757140886
22820674,2025-07-01,5567234,safer_risk,alpha,0.75,0.05558434831682617
22820674,2025-07-01,5567234,safer_risk,alpha,0.9,0.18743454669307194
22820674,2025-07-01,5567234,safer_risk,alpha,0.95,0.3386902785773923
22820674,2025-07-01,5567234,safer_risk,alpha,0.99,0.7948979294066749
22820674,2025-07-01,5567234,safer_risk,excess_return,0.01,-0.4594589359275666
22820674,2025-07-01,5567234,safer_risk,excess_return,0.05,-0.2625330684793583
22820674,2025-07-01,5567234,safer_risk,excess_return,0.1,-0.2519312378147335
22820674,2025-07-01,5567234,safer_risk,excess_return,0.25,-0.1766359947735182
22820674,2025-07-01,5567234,safer_risk,excess_return,0.5,-0.03885229222828224
22820674,2025-07-01,5567234,safer_risk,excess_return,0.75,0.10045690907109384
22820674,2025-07-01,5567234,safer_risk,excess_return,0.9,0.23870181437119725
22820674,2025-07-01,5567234,safer_risk,excess_return,0.95,0.34064873984592425
22820674,2025-07-01,5567234,safer_risk,excess_return,0.99,0.8066820323423401
23042514,2025-08-01,5568560,baseline,alpha,0.01,-0.4419670097026799
23042514,2025-08-01,5568560,baseline,alpha,0.05,-0.2869235085476297
23042514,2025-08-01,5568560,baseline,alpha,0.1,-0.22725235272917763
23042514,2025-08-01,5568560,baseline,alpha,0.25,-0.14534767108916222
23042514,2025-08-01,5568560,baseline,alpha,0.5,-0.0715633663023546
23042514,2025-08-01,5568560,baseline,alpha,0.75,-1.9838932011228918e-06
23042514,2025-08-01,5568560,baseline,alpha,0.9,0.07603008985370942
23042514,2025-08-01,5568560,baseline,alpha,0.95,0.22121816112614726
23042514,2025-08-01,5568560,baseline,alpha,0.99,0.4550744691651022
23042514,2025-08-01,5568560,baseline,excess_return,0.01,-0.4157212185700606
23042514,2025-08-01,5568560,baseline,excess_return,0.05,-0.26351909891237446
23042514,2025-08-01,5568560,baseline,excess_return,0.1,-0.20740704948009098
23042514,2025-08-01,5568560,baseline,excess_return,0.25,-0.11690660935206167
23042514,2025-08-01,5568560,baseline,excess_return,0.5,-0.07356313367707094
23042514,2025-08-01,5568560,baseline,excess_return,0.75,-0.014528154140755076
23042514,2025-08-01,5568560,baseline,excess_return,0.9,0.08215968546132585
23042514,2025-08-01,5568560,baseline,excess_return,0.95,0.23603776309786736
23042514,2025-08-01,5568560,baseline,excess_return,0.99,0.505828010531177
23042514,2025-08-01,5568560,better_return,alpha,0.01,-0.43746004377320613
23042514,2025-08-01,5568560,better_return,alpha,0.05,-0.28770007182612406
23042514,2025-08-01,5568560,better_return,alpha,0.1,-0.22448456639967515
23042514,2025-08-01,5568560,better_return,alpha,0.25,-0.1385139384557913
23042514,2025-08-01,5568560,better_return,alpha,0.5,-0.04845631199102676
23042514,2025-08-01,5568560,better_return,alpha,0.75,0.005390052718201236
23042514,2025-08-01,5568560,better_return,alpha,0.9,0.11695225005463845
23042514,2025-08-01,5568560,better_return,alpha,0.95,0.23855788030558597
23042514,2025-08-01,5568560,better_return,alpha,0.99,0.47364021095204345
23042514,2025-08-01,5568560,better_return,excess_return,0.01,-0.40378831779692803
23042514,2025-08-01,5568560,better_return,excess_return,0.05,-0.2626577607704921
23042514,2025-08-01,5568560,better_return,excess_return,0.1,-0.20759629336867394
23042514,2025-08-01,5568560,better_return,excess_return,0.25,-0.11796292808349894
23042514,2025-08-01,5568560,better_return,excess_return,0.5,-0.07332880812013308
23042514,2025-08-01,5568560,better_return,excess_return,0.75,0.0006661254093332097
23042514,2025-08-01,5568560,better_return,excess_return,0.9,0.11608977618168281
23042514,2025-08-01,5568560,better_return,excess_return,0.95,0.25660566664260887
23042514,2025-08-01,5568560,better_return,excess_return,0.99,0.4775788870145865
23042514,2025-08-01,5568560,equal_weight,alpha,0.01,-0.36215049534088045
23042514,2025-08-01,5568560,equal_weight,alpha,0.05,-0.24491879277492903
23042514,2025-08-01,5568560,equal_weight,alpha,0.1,-0.19463722681527096
23042514,2025-08-01,5568560,equal_weight,alpha,0.25,-0.12827206734541063
23042514,2025-08-01,5568560,equal_weight,alpha,0.5,-0.06861597993909585
23042514,2025-08-01,5568560,equal_weight,alpha,0.75,-7.334330848254915e-06
23042514,2025-08-01,5568560,equal_weight,alpha,0.9,0.087754377772745
23042514,2025-08-01,5568560,equal_weight,alpha,0.95,0.18081390012421578
23042514,2025-08-01,5568560,equal_weight,alpha,0.99,0.4656213899220144
23042514,2025-08-01,5568560,equal_weight,excess_return,0.01,-0.3432109879797238
23042514,2025-08-01,5568560,equal_weight,excess_return,0.05,-0.22238913737826083
23042514,2025-08-01,5568560,equal_weight,excess_return,0.1,-0.17467282372103188
23042514,2025-08-01,5568560,equal_weight,excess_return,0.25,-0.11509613375021603
23042514,2025-08-01,5568560,equal_weight,excess_return,0.5,-0.07283163801077784
23042514,2025-08-01,5568560,equal_weight,excess_return,0.75,-0.010659738409993999
23042514,2025-08-01,5568560,equal_weight,excess_return,0.9,0.09188197086651974
23042514,2025-08-01,5568560,equal_weight,excess_return,0.95,0.17848755016971407
23042514,2025-08-01,5568560,equal_weight,excess_return,0.99,0.4300602985998554
23042514,2025-08-01,5568560,max_sharpe,alpha,0.01,-0.45156529841772747
23042514,2025-08-01,5568560,max_sharpe,alpha,0.05,-0.300639576382713
23042514,2025-08-01,5568560,max_sharpe,alpha,0.1,-0.23423416475394748
23042514,2025-08-01,5568560,max_sharpe,alpha,0.25,-0.1320957895549255
23042514,2025-08-01,5568560,max_sharpe,alpha,0.5,-0.04422082485355515
23042514,2025-08-01,5568560,max_sharpe,alpha,0.75,0.025186538542552706
23042514,2025-08-01,5568560,max_sharpe,alpha,0.9,0.1307760473728858
23042514,2025-08-01,5568560,max_sharpe,alpha,0.95,0.33187371324229725
23042514,2025-08-01,5568560,max_sharpe,alpha,0.99,0.6051969275473139
23042514,2025-08-01,5568560,max_sharpe,excess_return,0.01,-0.41512060440436493
23042514,2025-08-01,5568560,max_sharpe,excess_return,0.05,-0.28162511715234384
23042514,2025-08-01,5568560,max_sharpe,excess_return,0.1,-0.2075311832758565
23042514,2025-08-01,5568560,max_sharpe,excess_return,0.25,-0.11240283299493202
23042514,2025-08-01,5568560,max_sharpe,excess_return,0.5,-0.06779208234555688
23042514,2025-08-01,5568560,max_sharpe,excess_return,0.75,0.03288978338188665
23042514,2025-08-01,5568560,max_sharpe,excess_return,0.9,0.13230519038029676
23042514,2025-08-01,5568560,max_sharpe,excess_return,0.95,0.3657305887219624
23042514,2025-08-01,5568560,max_sharpe,excess_return,0.99,0.5802741318067648
23042514,2025-08-01,5568560,mcap_weight,alpha,0.01,-0.4075289740678371
23042514,2025-08-01,5568560,mcap_weight,alpha,0.05,-0.2569359912615633
23042514,2025-08-01,5568560,mcap_weight,alpha,0.1,-0.20421086350762346
23042514,2025-08-01,5568560,mcap_weight,alpha,0.25,-0.13098153161703713
23042514,2025-08-01,5568560,mcap_weight,alpha,0.5,-0.026435217573877543
23042514,2025-08-01,5568560,mcap_weight,alpha,0.75,3.079166388719924e-05
23042514,2025-08-01,5568560,mcap_weight,alpha,0.9,0.06407522695890308
23042514,2025-08-01,5568560,mcap_weight,alpha,0.95,0.2207078366772633
23042514,2025-08-01,5568560,mcap_weight,alpha,0.99,0.39272600895136156
23042514,2025-08-01,5568560,mcap_weight,excess_return,0.01,-0.35456514282169327
23042514,2025-08-01,5568560,mcap_weight,excess_return,0.05,-0.2361720643198605
23042514,2025-08-01,5568560,mcap_weight,excess_return,0.1,-0.16874381319942353
23042514,2025-08-01,5568560,mcap_weight,excess_return,0.25,-0.09765424936425048
23042514,2025-08-01,5568560,mcap_weight,excess_return,0.5,-0.07341517304842958
23042514,2025-08-01,5568560,mcap_weight,excess_return,0.75,-0.03430137597126852
23042514,2025-08-01,5568560,mcap_weight,excess_return,0.9,0.06581925228482445
23042514,2025-08-01,5568560,mcap_weight,excess_return,0.95,0.25268425818184626
23042514,2025-08-01,5568560,mcap_weight,excess_return,0.99,0.44165694577715153
23042514,2025-08-01,5568560,safer_risk,alpha,0.01,-0.41137964825378975
23042514,2025-08-01,5568560,safer_risk,alpha,0.05,-0.2613851412687198
23042514,2025-08-01,5568560,safer_risk,alpha,0.1,-0.20279399182716684
23042514,2025-08-01,5568560,safer_risk,alpha,0.25,-0.1301881995357001
23042514,2025-08-01,5568560,safer_risk,alpha,0.5,-0.05729258906586872
23042514,2025-08-01,5568560,safer_risk,alpha,0.75,0.0008934329726487485
23042514,2025-08-01,5568560,safer_risk,alpha,0.9,0.08272550727471868
23042514,2025-08-01,5568560,safer_risk,alpha,0.95,0.2120722013012308
23042514,2025-08-01,5568560,safer_risk,alpha,0.99,0.4158902815261344
23042514,2025-08-01,5568560,safer_risk,excess_return,0.01,-0.37880189629747096
23042514,2025-08-01,5568560,safer_risk,excess_return,0.05,-0.24585667477350048
23042514,2025-08-01,5568560,safer_risk,excess_return,0.1,-0.1876023399606331
23042514,2025-08-01,5568560,safer_risk,excess_return,0.25,-0.10983952589074643
23042514,2025-08-01,5568560,safer_risk,excess_return,0.5,-0.07349577806015205
23042514,2025-08-01,5568560,safer_risk,excess_return,0.75,-0.013773440078330243
23042514,2025-08-01,5568560,safer_risk,excess_return,0.9,0.08595303357447316
23042514,2025-08-01,5568560,safer_risk,excess_return,0.95,0.22616606751233873
23042514,2025-08-01,5568560,safer_risk,excess_return,0.99,0.4624909610987462
23264566,2025-09-01,5989657,baseline,alpha,0.01,-0.43463017784311386
23264566,2025-09-01,5989657,baseline,alpha,0.05,-0.2431441558730488
23264566,2025-09-01,5989657,baseline,alpha,0.1,-0.17398545398467957
23264566,2025-09-01,5989657,baseline,alpha,0.25,-0.08741550940316815
23264566,2025-09-01,5989657,baseline,alpha,0.5,-0.032090734007073386
23264566,2025-09-01,5989657,baseline,alpha,0.75,-2.160989358030505e-06
23264566,2025-09-01,5989657,baseline,alpha,0.9,0.05925300892893
23264566,2025-09-01,5989657,baseline,alpha,0.95,0.18296958126632246
23264566,2025-09-01,5989657,baseline,alpha,0.99,0.4923385333696441
23264566,2025-09-01,5989657,baseline,excess_return,0.01,-0.4251279629418043
23264566,2025-09-01,5989657,baseline,excess_return,0.05,-0.2312091838517863
23264566,2025-09-01,5989657,baseline,excess_return,0.1,-0.1634573914194743
23264566,2025-09-01,5989657,baseline,excess_return,0.25,-0.07138190063365826
23264566,2025-09-01,5989657,baseline,excess_return,0.5,-0.04249779340046636
23264566,2025-09-01,5989657,baseline,excess_return,0.75,-0.005759839403453398
23264566,2025-09-01,5989657,baseline,excess_return,0.9,0.06412399544783322
23264566,2025-09-01,5989657,baseline,excess_return,0.95,0.17945545267195487
23264566,2025-09-01,5989657,baseline,excess_return,0.99,0.5019404304343437
23264566,2025-09-01,5989657,better_return,alpha,0.01,-0.4569797314895303
23264566,2025-09-01,5989657,better_return,alpha,0.05,-0.24836146360179767
23264566,2025-09-01,5989657,better_return,alpha,0.1,-0.16940033905794324
23264566,2025-09-01,5989657,better_return,alpha,0.25,-0.0847120106610181
23264566,2025-09-01,5989657,better_return,alpha,0.5,-0.03371538553435286
23264566,2025-09-01,5989657,better_return,alpha,0.75,-7.780119944210383e-06
23264566,2025-09-01,5989657,better_return,alpha,0.9,0.06742537053349001
23264566,2025-09-01,5989657,better_return,alpha,0.95,0.18930256495262782
23264566,2025-09-01,5989657,better_return,alpha,0.99,0.5085641787220436
23264566,2025-09-01,5989657,better_return,excess_return,0.01,-0.44797358211847493
23264566,2025-09-01,5989657,better_return,excess_return,0.05,-0.23684189325935168
23264566,2025-09-01,5989657,better_return,excess_return,0.1,-0.16151141812660894
23264566,2025-09-01,5989657,better_return,excess_return,0.25,-0.07327684892169498
23264566,2025-09-01,5989657,better_return,excess_return,0.5,-0.04239121698791784
23264566,2025-09-01,5989657,better_return,excess_return,0.75,-0.008112329832283743
23264566,2025-09-01,5989657,better_return,excess_return,0.9,0.06812857689863439
23264566,2025-09-01,5989657,better_return,excess_return,0.95,0.19562823811114147
23264566,2025-09-01,5989657,better_return,excess_return,0.99,0.5097484316414588
23264566,2025-09-01,5989657,equal_weight,alpha,0.01,-0.35800302177097987
23264566,2025-09-01,5989657,equal_weight,alpha,0.05,-0.2067232739386472
23264566,2025-09-01,5989657,equal_weight,alpha,0.1,-0.14736414664841063
23264566,2025-09-01,5989657,equal_weight,alpha,0.25,-0.08103378485011976
23264566,2025-09-01,5989657,equal_weight,alpha,0.5,-0.03688485463553894
23264566,2025-09-01,5989657,equal_weight,alpha,0.75,4.494930674631431e-05
23264566,2025-09-01,5989657,equal_weight,alpha,0.9,0.08157017370201194
23264566,2025-09-01,5989657,equal_weight,alpha,0.95,0.18203653718646107
23264566,2025-09-01,5989657,equal_weight,alpha,0.99,0.44862475505933563
23264566,2025-09-01,5989657,equal_weight,excess_return,0.01,-0.35306522655477157
23264566,2025-09-01,5989657,equal_weight,excess_return,0.05,-0.19763833521723054
23264566,2025-09-01,5989657,equal_weight,excess_return,0.1,-0.14235076971840013
23264566,2025-09-01,5989657,equal_weight,excess_return,0.25,-0.07721972952859271
23264566,2025-09-01,5989657,equal_weight,excess_return,0.5,-0.042503849042135805
23264566,2025-09-01,5989657,equal_weight,excess_return,0.75,-0.0032682038331942886
23264566,2025-09-01,5989657,equal_weight,excess_return,0.9,0.07970002575677246
23264566,2025-09-01,5989657,equal_weight,excess_return,0.95,0.18830700437946932
23264566,2025-09-01,5989657,equal_weight,excess_return,0.99,0.44770664742947697
23264566,2025-09-01,5989657,max_sharpe,alpha,0.01,-0.4690793494277098
23264566,2025-09-01,5989657,max_sharpe,alpha,0.05,-0.25653853531616105
23264566,2025-09-01,5989657,max_sharpe,alpha,0.1,-0.16489804876474573
23264566,2025-09-01,5989657,max_sharpe,alpha,0.25,-0.08396928010209274
23264566,2025-09-01,5989657,max_sharpe,alpha,0.5,-0.03734083129237761
23264566,2025-09-01,5989657,max_sharpe,alpha,0.75,-0.0018145542703540823
23264566,2025-09-01,5989657,max_sharpe,alpha,0.9,0.0479645124233021
23264566,2025-09-01,5989657,max_sharpe,alpha,0.95,0.16444986712112397
23264566,2025-09-01,5989657,max_sharpe,alpha,0.99,0.49732922535346746
23264566,2025-09-01,5989657,max_sharpe,excess_return,0.01,-0.459505745574369
23264566,2025-09-01,5989657,max_sharpe,excess_return,0.05,-0.24257718693358407
23264566,2025-09-01,5989657,max_sharpe,excess_return,0.1,-0.1568039347969163
23264566,2025-09-01,5989657,max_sharpe,excess_return,0.25,-0.06907709748067584
23264566,2025-09-01,5989657,max_sharpe,excess_return,0.5,-0.03818677746182267
23264566,2025-09-01,5989657,max_sharpe,excess_return,0.75,-0.006586222221890564
23264566,2025-09-01,5989657,max_sharpe,excess_return,0.9,0.054077478188889166
23264566,2025-09-01,5989657,max_sharpe,excess_return,0.95,0.16694041502541396
23264566,2025-09-01,5989657,max_sharpe,excess_return,0.99,0.5003689651606432
23264566,2025-09-01,5989657,mcap_weight,alpha,0.01,-0.35093151974270415
23264566,2025-09-01,5989657,mcap_weight,alpha,0.05,-0.196670938745039
23264566,2025-09-01,5989657,mcap_weight,alpha,0.1,-0.1265341003067021
23264566,2025-09-01,5989657,mcap_weight,alpha,0.25,-0.06940818406176327
23264566,2025-09-01,5989657,mcap_weight,alpha,0.5,-0.009432430992547463
23264566,2025-09-01,5989657,mcap_weight,alpha,0.75,0.0001196405228172644
23264566,2025-09-01,5989657,mcap_weight,alpha,0.9,0.03351051741838208
23264566,2025-09-01,5989657,mcap_weight,alpha,0.95,0.16526371229039682
23264566,2025-09-01,5989657,mcap_weight,alpha,0.99,0.42949215034530996
23264566,2025-09-01,5989657,mcap_weight,excess_return,0.01,-0.3298920343231751
23264566,2025-09-01,5989657,mcap_weight,excess_return,0.05,-0.18190518905341926
23264566,2025-09-01,5989657,mcap_weight,excess_return,0.1,-0.1143114213496759
23264566,2025-09-01,5989657,mcap_weight,excess_return,0.25,-0.05307373128816942
23264566,2025-09-01,5989657,mcap_weight,excess_return,0.5,-0.04216478784983016
23264566,2025-09-01,5989657,mcap_weight,excess_return,0.75,-0.013602715659838976
23264566,2025-09-01,5989657,mcap_weight,excess_return,0.9,0.048146630274101015
23264566,2025-09-01,5989657,mcap_weight,excess_return,0.95,0.16515232692534243
23264566,2025-09-01,5989657,mcap_weight,excess_return,0.99,0.4631198171097973
23264566,2025-09-01,5989657,safer_risk,alpha,0.01,-0.3964438244943352
23264566,2025-09-01,5989657,safer_risk,alpha,0.05,-0.2200440167218625
23264566,2025-09-01,5989657,safer_risk,alpha,0.1,-0.15686132506889677
23264566,2025-09-01,5989657,safer_risk,alpha,0.25,-0.08396928010209263
23264566,2025-09-01,5989657,safer_risk,alpha,0.5,-0.03129691430958138
23264566,2025-09-01,5989657,safer_risk,alpha,0.75,3.447916090529819e-05
23264566,2025-09-01,5989657,safer_risk,alpha,0.9,0.05360783939519115
23264566,2025-09-01,5989657,safer_risk,alpha,0.95,0.16598407869580756
23264566,2025-09-01,5989657,safer_risk,alpha,0.99,0.4492662009516323
23264566,2025-09-01,5989657,safer_risk,excess_return,0.01,-0.3867307746422205
23264566,2025-09-01,5989657,safer_risk,excess_return,0.05,-0.2108390340889539
23264566,2025-09-01,5989657,safer_risk,excess_return,0.1,-0.15055097394215164
23264566,2025-09-01,5989657,safer_risk,excess_return,0.25,-0.06939365599945649
23264566,2025-09-01,5989657,safer_risk,excess_return,0.5,-0.04244604111283726
23264566,2025-09-01,5989657,safer_risk,excess_return,0.75,-0.009737315736890212
23264566,2025-09-01,5989657,safer_risk,excess_return,0.9,0.05477863156127273
23264566,2025-09-01,5989657,safer_risk,excess_return,0.95,0.16545154124856304
23264566,2025-09-01,5989657,safer_risk,excess_return,0.99,0.4624619158007954
23479244,2025-10-01,6087782,baseline,alpha,0.01,-0.44409537293623247
23479244,2025-10-01,6087782,baseline,alpha,0.05,-0.2747405602142928
23479244,2025-10-01,6087782,baseline,alpha,0.1,-0.22068266998784866
23479244,2025-10-01,6087782,baseline,alpha,0.25,-0.1523664982674969
23479244,2025-10-01,6087782,baseline,alpha,0.5,-0.09713743621405989
23479244,2025-10-01,6087782,baseline,alpha,0.75,-0.004315626613590879
23479244,2025-10-01,6087782,baseline,alpha,0.9,0.005547331582879276
23479244,2025-10-01,6087782,baseline,alpha,0.95,0.06993743954895684
23479244,2025-10-01,6087782,baseline,alpha,0.99,0.2921458531462586
23479244,2025-10-01,6087782,baseline,excess_return,0.01,-0.4465316621144006
23479244,2025-10-01,6087782,baseline,excess_return,0.05,-0.28488225535089995
23479244,2025-10-01,6087782,baseline,excess_return,0.1,-0.23584557874026119
23479244,2025-10-01,6087782,baseline,excess_return,0.25,-0.1612520841194097
23479244,2025-10-01,6087782,baseline,excess_return,0.5,-0.10633386644660658
23479244,2025-10-01,6087782,baseline,excess_return,0.75,0.005124775047939595
23479244,2025-10-01,6087782,baseline,excess_return,0.9,0.037135052612872546
23479244,2025-10-01,6087782,baseline,excess_return,0.95,0.0684448149608254
23479244,2025-10-01,6087782,baseline,excess_return,0.99,0.3024884443782389
23479244,2025-10-01,6087782,better_return,alpha,0.01,-0.4234383298822975
23479244,2025-10-01,6087782,better_return,alpha,0.05,-0.26794190812335333
23479244,2025-10-01,6087782,better_return,alpha,0.1,-0.215305264356726
23479244,2025-10-01,6087782,better_return,alpha,0.25,-0.14722480252463582
23479244,2025-10-01,6087782,better_return,alpha,0.5,-0.08597731078669318
23479244,2025-10-01,6087782,better_return,alpha,0.75,-0.0109170159664887
23479244,2025-10-01,6087782,better_return,alpha,0.9,0.0015551727153234253
23479244,2025-10-01,6087782,better_return,alpha,0.95,0.07746637296286055
23479244,2025-10-01,6087782,better_return,alpha,0.99,0.32585592367082533
23479244,2025-10-01,6087782,better_return,excess_return,0.01,-0.4243294988531438
23479244,2025-10-01,6087782,better_return,excess_return,0.05,-0.2772363146938379
23479244,2025-10-01,6087782,better_return,excess_return,0.1,-0.22907287362794287
23479244,2025-10-01,6087782,better_return,excess_return,0.25,-0.155142374664351
23479244,2025-10-01,6087782,better_return,excess_return,0.5,-0.09349451724238617
23479244,2025-10-01,6087782,better_return,excess_return,0.75,0.0014160630698714372
23479244,2025-10-01,6087782,better_return,excess_return,0.9,0.03706774599216106
23479244,2025-10-01,6087782,better_return,excess_return,0.95,0.08073881300689328
23479244,2025-10-01,6087782,better_return,excess_return,0.99,0.33555806170202523
23479244,2025-10-01,6087782,equal_weight,alpha,0.01,-0.3461557565681805
23479244,2025-10-01,6087782,equal_weight,alpha,0.05,-0.2445571864177732
23479244,2025-10-01,6087782,equal_weight,alpha,0.1,-0.2020770826860053
23479244,2025-10-01,6087782,equal_weight,alpha,0.25,-0.14715669318653085
23479244,2025-10-01,6087782,equal_weight,alpha,0.5,-0.09022999376989801
23479244,2025-10-01,6087782,equal_weight,alpha,0.75,-0.03303138305966899
23479244,2025-10-01,6087782,equal_weight,alpha,0.9,0.00029393057019961623
23479244,2025-10-01,6087782,equal_weight,alpha,0.95,0.05846631627510204
23479244,2025-10-01,6087782,equal_weight,alpha,0.99,0.46679581462565767
23479244,2025-10-01,6087782,equal_weight,excess_return,0.01,-0.3510574400843943
23479244,2025-10-01,6087782,equal_weight,excess_return,0.05,-0.25367776384686963
23479244,2025-10-01,6087782,equal_weight,excess_return,0.1,-0.21033536375194145
23479244,2025-10-01,6087782,equal_weight,excess_return,0.25,-0.15410390817757452
23479244,2025-10-01,6087782,equal_weight,excess_return,0.5,-0.09109566038741096
23479244,2025-10-01,6087782,equal_weight,excess_return,0.75,-0.02238220607160063
23479244,2025-10-01,6087782,equal_weight,excess_return,0.9,0.037063757330526304
23479244,2025-10-01,6087782,equal_weight,excess_return,0.95,0.06706509122094911
23479244,2025-10-01,6087782,equal_weight,excess_return,0.99,0.47432832181069146
23479244,2025-10-01,6087782,max_sharpe,alpha,0.01,-0.45466845955330415
23479244,2025-10-01,6087782,max_sharpe,alpha,0.05,-0.2715152927925639
23479244,2025-10-01,6087782,max_sharpe,alpha,0.1,-0.21897428087552462
23479244,2025-10-01,6087782,max_sharpe,alpha,0.25,-0.1508806011566487
23479244,2025-10-01,6087782,max_sharpe,alpha,0.5,-0.07368933750752246
23479244,2025-10-01,6087782,max_sharpe,alpha,0.75,-0.007824923978618132
23479244,2025-10-01,6087782,max_sharpe,alpha,0.9,0.00361532086453513
23479244,2025-10-01,6087782,max_sharpe,alpha,0.95,0.0769578295222417
23479244,2025-10-01,6087782,max_sharpe,alpha,0.99,0.3022386599266865
23479244,2025-10-01,6087782,max_sharpe,excess_return,0.01,-0.4488893772175859
23479244,2025-10-01,6087782,max_sharpe,excess_return,0.05,-0.2822771626807383
23479244,2025-10-01,6087782,max_sharpe,excess_return,0.1,-0.2367732277433125
23479244,2025-10-01,6087782,max_sharpe,excess_return,0.25,-0.15951552664311114
23479244,2025-10-01,6087782,max_sharpe,excess_return,0.5,-0.08975218083795672
23479244,2025-10-01,6087782,max_sharpe,excess_return,0.75,-0.01345962922420979
23479244,2025-10-01,6087782,max_sharpe,excess_return,0.9,0.0369961145615651
23479244,2025-10-01,6087782,max_sharpe,excess_return,0.95,0.07812648930663707
23479244,2025-10-01,6087782,max_sharpe,excess_return,0.99,0.30095717279570783
23479244,2025-10-01,6087782,mcap_weight,alpha,0.01,-0.40864480953301874
23479244,2025-10-01,6087782,mcap_weight,alpha,0.05,-0.2407376598578086
23479244,2025-10-01,6087782,mcap_weight,alpha,0.1,-0.1955117473094254
23479244,2025-10-01,6087782,mcap_weight,alpha,0.25,-0.12714642721463626
23479244,2025-10-01,6087782,mcap_weight,alpha,0.5,-0.03762085811610001
23479244,2025-10-01,6087782,mcap_weight,alpha,0.75,-0.0003169170347050547
23479244,2025-10-01,6087782,mcap_weight,alpha,0.9,0.00011270095861946177
23479244,2025-10-01,6087782,mcap_weight,alpha,0.95,0.00646435584052996
23479244,2025-10-01,6087782,mcap_weight,alpha,0.99,0.2088225997287833
23479244,2025-10-01,6087782,mcap_weight,excess_return,0.01,-0.41328419678505074
23479244,2025-10-01,6087782,mcap_weight,excess_return,0.05,-0.2596400242148642
23479244,2025-10-01,6087782,mcap_weight,excess_return,0.1,-0.21121869340322705
23479244,2025-10-01,6087782,mcap_weight,excess_return,0.25,-0.1378920901830253
23479244,2025-10-01,6087782,mcap_weight,excess_return,0.5,-0.03202228599814011
23479244,2025-10-01,6087782,mcap_weight,excess_return,0.75,0.03277343953288453
23479244,2025-10-01,6087782,mcap_weight,excess_return,0.9,0.03703606514371266
23479244,2025-10-01,6087782,mcap_weight,excess_return,0.95,0.03720189124800294
23479244,2025-10-01,6087782,mcap_weight,excess_return,0.99,0.20566479663040144
23479244,2025-10-01,6087782,safer_risk,alpha,0.01,-0.41685479710138734
23479244,2025-10-01,6087782,safer_risk,alpha,0.05,-0.26104178106313985
23479244,2025-10-01,6087782,safer_risk,alpha,0.1,-0.20989036749053547
23479244,2025-10-01,6087782,safer_risk,alpha,0.25,-0.1434362152589701
23479244,2025-10-01,6087782,safer_risk,alpha,0.5,-0.0864285840608029
23479244,2025-10-01,6087782,safer_risk,alpha,0.75,-0.011707337168142139
23479244,2025-10-01,6087782,safer_risk,alpha,0.9,0.000714035431204704
23479244,2025-10-01,6087782,safer_risk,alpha,0.95,0.06469575295786267
23479244,2025-10-01,6087782,safer_risk,alpha,0.99,0.2909783834825215
23479244,2025-10-01,6087782,safer_risk,excess_return,0.01,-0.41975238517641095
23479244,2025-10-01,6087782,safer_risk,excess_return,0.05,-0.26924988679922496
23479244,2025-10-01,6087782,safer_risk,excess_return,0.1,-0.222499245738314
23479244,2025-10-01,6087782,safer_risk,excess_return,0.25,-0.15016072032748884
23479244,2025-10-01,6087782,safer_risk,excess_return,0.5,-0.09144376759605988
23479244,2025-10-01,6087782,safer_risk,excess_return,0.75,0.006404680471884416
23479244,2025-10-01,6087782,safer_risk,excess_return,0.9,0.03706371973709349
23479244,2025-10-01,6087782,safer_risk,excess_return,0.95,0.06813571595605689
23479244,2025-10-01,6087782,safer_risk,excess_return,0.99,0.29303225887494655
23700767,2025-11-01,6087201,baseline,alpha,0.01,-0.5087662299744021
23700767,2025-11-01,6087201,baseline,alpha,0.05,-0.12835371902918435
23700767,2025-11-01,6087201,baseline,alpha,0.1,-0.027063782568357814
23700767,2025-11-01,6087201,baseline,alpha,0.25,0.024355560064011794
23700767,2025-11-01,6087201,baseline,alpha,0.5,0.12603317575491252
23700767,2025-11-01,6087201,baseline,alpha,0.75,0.27972894588603825
23700767,2025-11-01,6087201,baseline,alpha,0.9,0.44889243155363756
23700767,2025-11-01,6087201,baseline,alpha,0.95,0.47836158258654404
23700767,2025-11-01,6087201,baseline,alpha,0.99,0.8121963270465753
23700767,2025-11-01,6087201,baseline,excess_return,0.01,-0.2972204140575977
23700767,2025-11-01,6087201,baseline,excess_return,0.05,-0.11869962551901725
23700767,2025-11-01,6087201,baseline,excess_return,0.1,-0.060017858420050696
23700767,2025-11-01,6087201,baseline,excess_return,0.25,0.017848122765408703
23700767,2025-11-01,6087201,baseline,excess_return,0.5,0.1153627789460171
23700767,2025-11-01,6087201,baseline,excess_return,0.75,0.23094280898087438
23700767,2025-11-01,6087201,baseline,excess_return,0.9,0.2721588329279959
23700767,2025-11-01,6087201,baseline,excess_return,0.95,0.2842299066718498
23700767,2025-11-01,6087201,baseline,excess_return,0.99,0.6538384071004993
23700767,2025-11-01,6087201,better_return,alpha,0.01,-0.5071436080412353
23700767,2025-11-01,6087201,better_return,alpha,0.05,-0.16330236372475138
23700767,2025-11-01,6087201,better_return,alpha,0.1,-0.053741355590124384
23700767,2025-11-01,6087201,better_return,alpha,0.25,0.008583000663298646
23700767,2025-11-01,6087201,better_return,alpha,0.5,0.12884432800492424
23700767,2025-11-01,6087201,better_return,alpha,0.75,0.28408041923355093
23700767,2025-11-01,6087201,better_return,alpha,0.9,0.4314016226174149
23700767,2025-11-01,6087201,better_return,alpha,0.95,0.47699141254466076
23700767,2025-11-01,6087201,better_return,alpha,0.99,0.8624895670247608
23700767,2025-11-01,6087201,better_return,excess_return,0.01,-0.3156837055592604
23700767,2025-11-01,6087201,better_return,excess_return,0.05,-0.12358263845177697
23700767,2025-11-01,6087201,better_return,excess_return,0.1,-0.058453749647547126
23700767,2025-11-01,6087201,better_return,excess_return,0.25,0.022614799667091012
23700767,2025-11-01,6087201,better_return,excess_return,0.5,0.11912385185392615
23700767,2025-11-01,6087201,better_return,excess_return,0.75,0.22635275737702698
23700767,2025-11-01,6087201,better_return,excess_return,0.9,0.2722304213032487
23700767,2025-11-01,6087201,better_return,excess_return,0.95,0.303331059298625
23700767,2025-11-01,6087201,better_return,excess_return,0.99,0.7512415866639636
23700767,2025-11-01,6087201,equal_weight,alpha,0.01,-0.30243652943814037
23700767,2025-11-01,6087201,equal_weight,alpha,0.05,-0.10690968436831949
23700767,2025-11-01,6087201,equal_weight,alpha,0.1,-0.028867376945468898
23700767,2025-11-01,6087201,equal_weight,alpha,0.25,0.03721667906955922
23700767,2025-11-01,6087201,equal_weight,alpha,0.5,0.14099778364366503
23700767,2025-11-01,6087201,equal_weight,alpha,0.75,0.2735627040148312
23700767,2025-11-01,6087201,equal_weight,alpha,0.9,0.38439018958898247
23700767,2025-11-01,6087201,equal_weight,alpha,0.95,0.45068721935393086
23700767,2025-11-01,6087201,equal_weight,alpha,0.99,0.8822754434543696
23700767,2025-11-01,6087201,equal_weight,excess_return,0.01,-0.21065511995766495
23700767,2025-11-01,6087201,equal_weight,excess_return,0.05,-0.09370855286024549
23700767,2025-11-01,6087201,equal_weight,excess_return,0.1,-0.04203481824964994
23700767,2025-11-01,6087201,equal_weight,excess_return,0.25,0.030336740983735178
23700767,2025-11-01,6087201,equal_weight,excess_return,0.5,0.11186374161499202
23700767,2025-11-01,6087201,equal_weight,excess_return,0.75,0.19225454399569342
23700767,2025-11-01,6087201,equal_weight,excess_return,0.9,0.27193299180438435
23700767,2025-11-01,6087201,equal_weight,excess_return,0.95,0.3069982299356525
23700767,2025-11-01,6087201,equal_weight,excess_return,0.99,0.723591441193646
23700767,2025-11-01,6087201,max_sharpe,alpha,0.01,-0.5323179438953707
23700767,2025-11-01,6087201,max_sharpe,alpha,0.05,-0.21449902064017995
23700767,2025-11-01,6087201,max_sharpe,alpha,0.1,-0.07220272170249523
23700767,2025-11-01,6087201,max_sharpe,alpha,0.25,0.001671411428892656
23700767,2025-11-01,6087201,max_sharpe,alpha,0.5,0.09026488311192565
23700767,2025-11-01,6087201,max_sharpe,alpha,0.75,0.23875710254090488
23700767,2025-11-01,6087201,max_sharpe,alpha,0.9,0.4109659313359499
23700767,2025-11-01,6087201,max_sharpe,alpha,0.95,0.46324164513357746
23700767,2025-11-01,6087201,max_sharpe,alpha,0.99,0.9126279552106398
23700767,2025-11-01,6087201,max_sharpe,excess_return,0.01,-0.3841890434347971
23700767,2025-11-01,6087201,max_sharpe,excess_return,0.05,-0.15666133613709077
23700767,2025-11-01,6087201,max_sharpe,excess_return,0.1,-0.07161770247615551
23700767,2025-11-01,6087201,max_sharpe,excess_return,0.25,0.016591599759210207
23700767,2025-11-01,6087201,max_sharpe,excess_return,0.5,0.11165676114073564
23700767,2025-11-01,6087201,max_sharpe,excess_return,0.75,0.2469756654791866
23700767,2025-11-01,6087201,max_sharpe,excess_return,0.9,0.27147733205322544
23700767,2025-11-01,6087201,max_sharpe,excess_return,0.95,0.28029651623840646
23700767,2025-11-01,6087201,max_sharpe,excess_return,0.99,0.8749803494333418
23700767,2025-11-01,6087201,mcap_weight,alpha,0.01,-0.554891015362416
23700767,2025-11-01,6087201,mcap_weight,alpha,0.05,-0.04324604155869327
23700767,2025-11-01,6087201,mcap_weight,alpha,0.1,-0.002104073091871299
23700767,2025-11-01,6087201,mcap_weight,alpha,0.25,0.00036182600306593703
23700767,2025-11-01,6087201,mcap_weight,alpha,0.5,0.10264890226141166
23700767,2025-11-01,6087201,mcap_weight,alpha,0.75,0.22881095272443092
23700767,2025-11-01,6087201,mcap_weight,alpha,0.9,0.4075740859628363
23700767,2025-11-01,6087201,mcap_weight,alpha,0.95,0.4691364650286366
23700767,2025-11-01,6087201,mcap_weight,alpha,0.99,0.7658532345320538
23700767,2025-11-01,6087201,mcap_weight,excess_return,0.01,-0.23022673025053336
23700767,2025-11-01,6087201,mcap_weight,excess_return,0.05,-0.07896051459445766
23700767,2025-11-01,6087201,mcap_weight,excess_return,0.1,-0.027164598648441538
23700767,2025-11-01,6087201,mcap_weight,excess_return,0.25,0.020277536227239018
23700767,2025-11-01,6087201,mcap_weight,excess_return,0.5,0.12822364241760315
23700767,2025-11-01,6087201,mcap_weight,excess_return,0.75,0.2690291280691205
23700767,2025-11-01,6087201,mcap_weight,excess_return,0.9,0.27180720426175964
23700767,2025-11-01,6087201,mcap_weight,excess_return,0.95,0.2725054596041978
23700767,2025-11-01,6087201,mcap_weight,excess_return,0.99,0.5692336416220839
23700767,2025-11-01,6087201,safer_risk,alpha,0.01,-0.5071436068825514
23700767,2025-11-01,6087201,safer_risk,alpha,0.05,-0.11312912307483539
23700767,2025-11-01,6087201,safer_risk,alpha,0.1,-0.02807752726053403
23700767,2025-11-01,6087201,safer_risk,alpha,0.25,0.01028414328192296
23700767,2025-11-01,6087201,safer_risk,alpha,0.5,0.1102313645589163
23700767,2025-11-01,6087201,safer_risk,alpha,0.75,0.2565473884718521
23700767,2025-11-01,6087201,safer_risk,alpha,0.9,0.42997338163501153
23700767,2025-11-01,6087201,safer_risk,alpha,0.95,0.46324582704322015
23700767,2025-11-01,6087201,safer_risk,alpha,0.99,0.7802558289656553
23700767,2025-11-01,6087201,safer_risk,excess_return,0.01,-0.26173853042148065
23700767,2025-11-01,6087201,safer_risk,excess_return,0.05,-0.1024288707710479
23700767,2025-11-01,6087201,safer_risk,excess_return,0.1,-0.04571033570023553
23700767,2025-11-01,6087201,safer_risk,excess_return,0.25,0.02647996167508382
23700767,2025-11-01,6087201,safer_risk,excess_return,0.5,0.12140571550238566
23700767,2025-11-01,6087201,safer_risk,excess_return,0.75,0.22569333900593713
23700767,2025-11-01,6087201,safer_risk,excess_return,0.9,0.2717860989602878
23700767,2025-11-01,6087201,safer_risk,excess_return,0.95,0.2896413156811172
23700767,2025-11-01,6087201,safer_risk,excess_return,0.99,0.6638282916878965
23914921,2025-12-01,6337108,baseline,alpha,0.01,-0.44546283035925444
23914921,2025-12-01,6337108,baseline,alpha,0.05,-0.28009188401279567
23914921,2025-12-01,6337108,baseline,alpha,0.1,-0.2301478804943736
23914921,2025-12-01,6337108,baseline,alpha,0.25,-0.17879984110478325
23914921,2025-12-01,6337108,baseline,alpha,0.5,-0.06269926307331732
23914921,2025-12-01,6337108,baseline,alpha,0.75,-0.0005159251692232524
23914921,2025-12-01,6337108,baseline,alpha,0.9,0.008870102814243063
23914921,2025-12-01,6337108,baseline,alpha,0.95,0.028919610601945842
23914921,2025-12-01,6337108,baseline,alpha,0.99,0.29682166613477173
23914921,2025-12-01,6337108,baseline,excess_return,0.01,-0.4477889671313298
23914921,2025-12-01,6337108,baseline,excess_return,0.05,-0.284914052876512
23914921,2025-12-01,6337108,baseline,excess_return,0.1,-0.2355192864298012
23914921,2025-12-01,6337108,baseline,excess_return,0.25,-0.1834312724231547
23914921,2025-12-01,6337108,baseline,excess_return,0.5,-0.06358400193963323
23914921,2025-12-01,6337108,baseline,excess_return,0.75,0.011330494217351916
23914921,2025-12-01,6337108,baseline,excess_return,0.9,0.012189358172191411
23914921,2025-12-01,6337108,baseline,excess_return,0.95,0.030784410458858893
23914921,2025-12-01,6337108,baseline,excess_return,0.99,0.29744789299973967
23914921,2025-12-01,6337108,better_return,alpha,0.01,-0.5856796342358794
23914921,2025-12-01,6337108,better_return,alpha,0.05,-0.28937864259865104
23914921,2025-12-01,6337108,better_return,alpha,0.1,-0.2288313520864665
23914921,2025-12-01,6337108,better_return,alpha,0.25,-0.17474735997248625
23914921,2025-12-01,6337108,better_return,alpha,0.5,-0.06834874497042999
23914921,2025-12-01,6337108,better_return,alpha,0.75,-0.0006335410724202079
23914921,2025-12-01,6337108,better_return,alpha,0.9,0.013143844076238087
23914921,2025-12-01,6337108,better_return,alpha,0.95,0.058815014661981926
23914921,2025-12-01,6337108,better_return,alpha,0.99,0.4564555455382663
23914921,2025-12-01,6337108,better_return,excess_return,0.01,-0.5843610906340505
23914921,2025-12-01,6337108,better_return,excess_return,0.05,-0.29499565200452627
23914921,2025-12-01,6337108,better_return,excess_return,0.1,-0.23409453429232102
23914921,2025-12-01,6337108,better_return,excess_return,0.25,-0.1782436978198504
23914921,2025-12-01,6337108,better_return,excess_return,0.5,-0.06790378202265993
23914921,2025-12-01,6337108,better_return,excess_return,0.75,0.011150523652206512
23914921,2025-12-01,6337108,better_return,excess_return,0.9,0.013706358778125202
23914921,2025-12-01,6337108,better_return,excess_return,0.95,0.05954225688007711
23914921,2025-12-01,6337108,better_return,excess_return,0.99,0.45264934800241324
23914921,2025-12-01,6337108,equal_weight,alpha,0.01,-0.42133804835215355
23914921,2025-12-01,6337108,equal_weight,alpha,0.05,-0.2656416025832824
23914921,2025-12-01,6337108,equal_weight,alpha,0.1,-0.21039413988077743
23914921,2025-12-01,6337108,equal_weight,alpha,0.25,-0.1447957815302078
23914921,2025-12-01,6337108,equal_weight,alpha,0.5,-0.08007449255585286
23914921,2025-12-01,6337108,equal_weight,alpha,0.75,-0.0008007873268454455
23914921,2025-12-01,6337108,equal_weight,alpha,0.9,0.0077788737687116295
23914921,2025-12-01,6337108,equal_weight,alpha,0.95,0.04708986190172223
23914921,2025-12-01,6337108,equal_weight,alpha,0.99,0.5229044721951601
23914921,2025-12-01,6337108,equal_weight,excess_return,0.01,-0.42210943866456446
23914921,2025-12-01,6337108,equal_weight,excess_return,0.05,-0.26968653022371414
23914921,2025-12-01,6337108,equal_weight,excess_return,0.1,-0.21458905491998712
23914921,2025-12-01,6337108,equal_weight,excess_return,0.25,-0.1476690446254014
23914921,2025-12-01,6337108,equal_weight,excess_return,0.5,-0.08086844623064435
23914921,2025-12-01,6337108,equal_weight,excess_return,0.75,0.010611928530746361
23914921,2025-12-01,6337108,equal_weight,excess_return,0.9,0.012175977551663587
23914921,2025-12-01,6337108,equal_weight,excess_return,0.95,0.04674573290108756
23914921,2025-12-01,6337108,equal_weight,excess_return,0.99,0.5228651408798262
23914921,2025-12-01,6337108,max_sharpe,alpha,0.01,-0.6839317242662029
23914921,2025-12-01,6337108,max_sharpe,alpha,0.05,-0.2907572179531837
23914921,2025-12-01,6337108,max_sharpe,alpha,0.1,-0.22949766781767428
23914921,2025-12-01,6337108,max_sharpe,alpha,0.25,-0.1723416808046654
23914921,2025-12-01,6337108,max_sharpe,alpha,0.5,-0.02343687910712647
23914921,2025-12-01,6337108,max_sharpe,alpha,0.75,-0.00044076843904066257
23914921,2025-12-01,6337108,max_sharpe,alpha,0.9,0.013722499078294204
23914921,2025-12-01,6337108,max_sharpe,alpha,0.95,0.09409619980310305
23914921,2025-12-01,6337108,max_sharpe,alpha,0.99,0.5522950308067874
23914921,2025-12-01,6337108,max_sharpe,excess_return,0.01,-0.6813162022068764
23914921,2025-12-01,6337108,max_sharpe,excess_return,0.05,-0.2978425189965664
23914921,2025-12-01,6337108,max_sharpe,excess_return,0.1,-0.23497836090780833
23914921,2025-12-01,6337108,max_sharpe,excess_return,0.25,-0.17650172865034805
23914921,2025-12-01,6337108,max_sharpe,excess_return,0.5,-0.01572373329833262
23914921,2025-12-01,6337108,max_sharpe,excess_return,0.75,0.010801271836842352
23914921,2025-12-01,6337108,max_sharpe,excess_return,0.9,0.015193426704763011
23914921,2025-12-01,6337108,max_sharpe,excess_return,0.95,0.09870873349661516
23914921,2025-12-01,6337108,max_sharpe,excess_return,0.99,0.5630764360674773
23914921,2025-12-01,6337108,mcap_weight,alpha,0.01,-0.3748753868804883
23914921,2025-12-01,6337108,mcap_weight,alpha,0.05,-0.25199760844494207
23914921,2025-12-01,6337108,mcap_weight,alpha,0.1,-0.21515556204939681
23914921,2025-12-01,6337108,mcap_weight,alpha,0.25,-0.13479528650844194
23914921,2025-12-01,6337108,mcap_weight,alpha,0.5,-0.0061095941532237664
23914921,2025-12-01,6337108,mcap_weight,alpha,0.75,-0.0002333983080629533
23914921,2025-12-01,6337108,mcap_weight,alpha,0.9,0.012113624283838473
23914921,2025-12-01,6337108,mcap_weight,alpha,0.95,0.015207642331371242
23914921,2025-12-01,6337108,mcap_weight,alpha,0.99,0.14663916484948938
23914921,2025-12-01,6337108,mcap_weight,excess_return,0.01,-0.37712363382370007
23914921,2025-12-01,6337108,mcap_weight,excess_return,0.05,-0.2601876956646078
23914921,2025-12-01,6337108,mcap_weight,excess_return,0.1,-0.22091921817492696
23914921,2025-12-01,6337108,mcap_weight,excess_return,0.25,-0.13702039929943355
23914921,2025-12-01,6337108,mcap_weight,excess_return,0.5,0.00019668245277685258
23914921,2025-12-01,6337108,mcap_weight,excess_return,0.75,0.011329254752705997
23914921,2025-12-01,6337108,mcap_weight,excess_return,0.9,0.012164937147850418
23914921,2025-12-01,6337108,mcap_weight,excess_return,0.95,0.0125058054624779
23914921,2025-12-01,6337108,mcap_weight,excess_return,0.99,0.14593609486518822
23914921,2025-12-01,6337108,safer_risk,alpha,0.01,-0.4135699582166837
23914921,2025-12-01,6337108,safer_risk,alpha,0.05,-0.2683604984559703
23914921,2025-12-01,6337108,safer_risk,alpha,0.1,-0.21931444490672966
23914921,2025-12-01,6337108,safer_risk,alpha,0.25,-0.158010279073766
23914921,2025-12-01,6337108,safer_risk,alpha,0.5,-0.05747252656156412
23914921,2025-12-01,6337108,safer_risk,alpha,0.75,-0.0005830042675168197
23914921,2025-12-01,6337108,safer_risk,alpha,0.9,0.005611470308814715
23914921,2025-12-01,6337108,safer_risk,alpha,0.95,0.02923950188790774
23914921,2025-12-01,6337108,safer_risk,alpha,0.99,0.32359853490272744
23914921,2025-12-01,6337108,safer_risk,excess_return,0.01,-0.41615037883710254
23914921,2025-12-01,6337108,safer_risk,excess_return,0.05,-0.27374531486124004
23914921,2025-12-01,6337108,safer_risk,excess_return,0.1,-0.22444091523377582
23914921,2025-12-01,6337108,safer_risk,excess_return,0.25,-0.1613167510007108
23914921,2025-12-01,6337108,safer_risk,excess_return,0.5,-0.057404165044901055
23914921,2025-12-01,6337108,safer_risk,excess_return,0.75,0.011186781150778346
23914921,2025-12-01,6337108,safer_risk,excess_return,0.9,0.012186579538977648
23914921,2025-12-01,6337108,safer_risk,excess_return,0.95,0.03284971626067416
23914921,2025-12-01,6337108,safer_risk,excess_return,0.99,0.32358126512237945
