block_number,date,optimisation,token_group,mean_dist,median_dist,std_dist,count
9193266,2020-01-01 00:00:00,better_return,11-20,70.98438735285865,72.45179564859774,20.829014613720577,4456
9193266,2020-01-01 00:00:00,better_return,2,37.88899869291383,29.608458385269984,36.7063021790347,608186
9193266,2020-01-01 00:00:00,better_return,21+,78.73232294389304,81.45949217406648,17.09555302734837,376
9193266,2020-01-01 00:00:00,better_return,3,41.43217521539871,41.55658292969823,30.194285710507568,145307
9193266,2020-01-01 00:00:00,better_return,4,50.908795579293,52.159431362452395,30.177366324929945,57318
9193266,2020-01-01 00:00:00,better_return,5,58.78232166972207,62.2543282812938,28.703484261376747,30548
9193266,2020-01-01 00:00:00,better_return,6-10,63.001754675053306,66.15032426370007,26.09511106841705,32838
9193266,2020-01-01 00:00:00,max_sharpe,11-20,86.77519828652919,89.9949931425781,15.309690992539435,4456
9193266,2020-01-01 00:00:00,max_sharpe,2,27.98576623233711,10.089330714310792,31.86033501870841,608186
9193266,2020-01-01 00:00:00,max_sharpe,21+,91.82848691379066,94.1905096462211,9.976367983487942,376
9193266,2020-01-01 00:00:00,max_sharpe,3,58.75519434287362,73.23910353036187,31.376893375851346,145307
9193266,2020-01-01 00:00:00,max_sharpe,4,69.85956239683492,82.28667120248164,27.710213767092572,57318
9193266,2020-01-01 00:00:00,max_sharpe,5,77.06738692952919,87.81581562270979,24.342649290435254,30548
9193266,2020-01-01 00:00:00,max_sharpe,6-10,81.22694000871387,89.18054071876688,21.50224606349561,32838
9193266,2020-01-01 00:00:00,safer_risk,11-20,56.46204482667923,57.169914738544655,14.721991638458778,4456
9193266,2020-01-01 00:00:00,safer_risk,2,0.00013719352587042568,1.1107731401338583e-08,0.0012107831331464667,608186
9193266,2020-01-01 00:00:00,safer_risk,21+,64.67261757089464,65.18585305316925,14.28037266044205,376
9193266,2020-01-01 00:00:00,safer_risk,3,21.539408480929556,17.199647351142406,18.221345258327826,145307
9193266,2020-01-01 00:00:00,safer_risk,4,33.07870387782642,31.895146563660056,19.720388829679443,57318
9193266,2020-01-01 00:00:00,safer_risk,5,39.32864827829239,39.506128011159106,18.371991248032508,30548
9193266,2020-01-01 00:00:00,safer_risk,6-10,45.94968804222789,45.881392823921416,17.38556217107465,32838
9393154,2020-02-01 00:00:00,better_return,11-20,63.2230015282354,63.012255692148145,21.07663407554866,4873
9393154,2020-02-01 00:00:00,better_return,2,34.34031172254028,13.573362615750698,35.4320307403388,633206
9393154,2020-02-01 00:00:00,better_return,21+,68.47297387855143,68.77187269709613,19.200166602885435,449
9393154,2020-02-01 00:00:00,better_return,3,39.756369322784856,37.67567247499214,29.74929280919046,149971
9393154,2020-02-01 00:00:00,better_return,4,48.96324619446444,48.97356982272916,28.977805190041366,59582
9393154,2020-02-01 00:00:00,better_return,5,56.01618605643708,58.213474137764166,27.31808720969427,31810
9393154,2020-02-01 00:00:00,better_return,6-10,59.068245950820945,60.105919116231334,24.603486831392047,34684
9393154,2020-02-01 00:00:00,max_sharpe,11-20,71.10517959056114,73.73552162795286,20.587398049810044,4873
9393154,2020-02-01 00:00:00,max_sharpe,2,27.9508967154684,15.05723968257632,30.952373852472277,633206
9393154,2020-02-01 00:00:00,max_sharpe,21+,75.4481077512273,77.65350619055059,17.214022511072248,449
9393154,2020-02-01 00:00:00,max_sharpe,3,51.937176925586485,54.88067643110908,29.3580304875519,149971
9393154,2020-02-01 00:00:00,max_sharpe,4,63.13878464003563,72.95256273705787,27.784222402670128,59582
9393154,2020-02-01 00:00:00,max_sharpe,5,68.8226574300553,80.554122491456,25.793308281604954,31810
9393154,2020-02-01 00:00:00,max_sharpe,6-10,69.9962916403771,77.11014611520275,24.204805193220686,34684
9393154,2020-02-01 00:00:00,safer_risk,11-20,56.353229527409496,56.73179888510901,14.740048547715045,4873
9393154,2020-02-01 00:00:00,safer_risk,2,8.144154430650973e-08,2.2509248631674694e-08,6.307332172386608e-07,633206
9393154,2020-02-01 00:00:00,safer_risk,21+,64.67999215276929,65.48747028410091,14.486827760099589,449
9393154,2020-02-01 00:00:00,safer_risk,3,18.877010955038546,14.085122448354081,18.26462888404321,149971
9393154,2020-02-01 00:00:00,safer_risk,4,31.59476423292566,30.981503005054762,19.099505505126665,59582
9393154,2020-02-01 00:00:00,safer_risk,5,36.83419979616537,36.617300299945754,18.26695843925039,31810
9393154,2020-02-01 00:00:00,safer_risk,6-10,45.056337655539004,44.857151413237276,17.781950802005742,34684
9581792,2020-03-01 00:00:00,better_return,11-20,58.80102634361516,58.133323958019645,23.251116691935913,5228
9581792,2020-03-01 00:00:00,better_return,2,15.894619189607758,3.839213044698475e-08,25.932192213259754,642662
9581792,2020-03-01 00:00:00,better_return,21+,65.50987090650503,64.78433810386572,19.910629787371576,497
9581792,2020-03-01 00:00:00,better_return,3,32.1758713138761,22.379480072766583,29.0983281745419,153192
9581792,2020-03-01 00:00:00,better_return,4,42.490038201363156,39.94531437265755,28.457843624880734,61124
9581792,2020-03-01 00:00:00,better_return,5,48.20991392025398,45.683059547896725,26.57171916620286,32332
9581792,2020-03-01 00:00:00,better_return,6-10,53.314839694590994,52.445339197656196,25.4970730340332,35910
9581792,2020-03-01 00:00:00,max_sharpe,11-20,62.950963487737404,62.025712919927955,19.093832319538887,5228
9581792,2020-03-01 00:00:00,max_sharpe,2,24.138939975406796,8.410532775158547,29.5595862323855,642662
9581792,2020-03-01 00:00:00,max_sharpe,21+,69.30325727847132,68.62496543270072,16.14536340236548,497
9581792,2020-03-01 00:00:00,max_sharpe,3,47.052114902221184,50.21168124144974,29.923247286516094,153192
9581792,2020-03-01 00:00:00,max_sharpe,4,52.48249874952936,52.6888138930515,27.891112001684252,61124
9581792,2020-03-01 00:00:00,max_sharpe,5,56.10361077946065,55.592561017797166,24.911566763109345,32332
9581792,2020-03-01 00:00:00,max_sharpe,6-10,59.004381200681806,58.790544934112624,22.74441401489492,35910
9581792,2020-03-01 00:00:00,safer_risk,11-20,51.89469717393907,51.23056176682284,17.126482302478184,5228
9581792,2020-03-01 00:00:00,safer_risk,2,8.835793266112365e-08,6.788111045485934e-08,1.345237938575373e-06,642662
9581792,2020-03-01 00:00:00,safer_risk,21+,59.679824083658936,60.25839000164408,14.898434897708322,497
9581792,2020-03-01 00:00:00,safer_risk,3,22.427539365051253,18.037180577513965,19.845278731170623,153192
9581792,2020-03-01 00:00:00,safer_risk,4,31.563611610388172,30.08574706715889,19.99568319122875,61124
9581792,2020-03-01 00:00:00,safer_risk,5,37.96769652877634,37.53936342635869,18.80207930535365,32332
9581792,2020-03-01 00:00:00,safer_risk,6-10,43.901827840799925,44.006410504450486,18.553349272629635,35910
9782602,2020-04-01 00:00:00,better_return,11-20,67.1531585762863,67.4461236531995,22.025766259097978,5433
9782602,2020-04-01 00:00:00,better_return,2,45.23828803189275,62.14401103676759,35.0837606784922,648096
9782602,2020-04-01 00:00:00,better_return,21+,75.41210737397539,77.64100127105688,18.569911585596792,487
9782602,2020-04-01 00:00:00,better_return,3,43.93550806988278,42.945484269022884,32.12743001909823,158564
9782602,2020-04-01 00:00:00,better_return,4,47.90798142974488,47.46929342042782,29.425265269517165,62220
9782602,2020-04-01 00:00:00,better_return,5,49.47830664223278,46.029430804872504,27.340702123577103,32911
9782602,2020-04-01 00:00:00,better_return,6-10,56.452055008076904,55.83802082220394,26.211089957860544,36540
9782602,2020-04-01 00:00:00,max_sharpe,11-20,76.31394082693551,79.12682732038355,18.497095557216316,5433
9782602,2020-04-01 00:00:00,max_sharpe,2,42.31600517715232,43.24603856973858,33.794023980951806,648096
9782602,2020-04-01 00:00:00,max_sharpe,21+,84.69068511533668,88.57142854204544,13.918106010308524,487
9782602,2020-04-01 00:00:00,max_sharpe,3,51.21126423599944,52.91425840059429,30.15310646550133,158564
9782602,2020-04-01 00:00:00,max_sharpe,4,56.08330447438111,59.632393079251784,29.227865420100674,62220
9782602,2020-04-01 00:00:00,max_sharpe,5,61.14768082496566,62.580195411200165,25.649038786130628,32911
9782602,2020-04-01 00:00:00,max_sharpe,6-10,68.47989236206764,72.61981433461196,23.38621287407375,36540
9782602,2020-04-01 00:00:00,safer_risk,11-20,60.05596473507673,60.40226130014553,16.498120732958395,5433
9782602,2020-04-01 00:00:00,safer_risk,2,8.280728966497808e-08,6.006364433597255e-08,1.82374667654179e-07,648096
9782602,2020-04-01 00:00:00,safer_risk,21+,69.04219805565748,69.59758855444221,15.424859094207788,487
9782602,2020-04-01 00:00:00,safer_risk,3,23.745615300972556,22.090014483614123,17.80493036400217,158564
9782602,2020-04-01 00:00:00,safer_risk,4,32.922773728028126,32.47241840828668,18.26010923409661,62220
9782602,2020-04-01 00:00:00,safer_risk,5,38.03289263596459,35.938080098338474,17.673449061577692,32911
9782602,2020-04-01 00:00:00,safer_risk,6-10,46.354383157886225,46.33258632006758,18.106844148559425,36540
9976964,2020-05-01 00:00:00,better_return,11-20,64.80957599758997,65.4761402936509,23.025269323360636,5323
9976964,2020-05-01 00:00:00,better_return,2,41.96274277411539,48.5066343616823,35.75014782349338,699455
9976964,2020-05-01 00:00:00,better_return,21+,75.30969163305966,79.02566938069789,20.22797101750085,365
9976964,2020-05-01 00:00:00,better_return,3,42.76971821658809,42.283408358064634,30.062840442684312,167533
9976964,2020-05-01 00:00:00,better_return,4,49.79340071541483,51.78634953800032,27.978033644604974,65727
9976964,2020-05-01 00:00:00,better_return,5,50.5784060587499,49.70859398811643,26.550236185184545,34162
9976964,2020-05-01 00:00:00,better_return,6-10,56.57507280201292,56.03428151646589,25.502695545041178,37178
9976964,2020-05-01 00:00:00,max_sharpe,11-20,71.89115125246896,74.07364051281607,19.10872808658259,5323
9976964,2020-05-01 00:00:00,max_sharpe,2,38.96576563755093,33.9855726281115,33.612559544108365,699455
9976964,2020-05-01 00:00:00,max_sharpe,21+,82.3523564324748,86.90986273149599,16.314158689687247,365
9976964,2020-05-01 00:00:00,max_sharpe,3,48.45427131938925,48.555196063245276,27.69931753131115,167533
9976964,2020-05-01 00:00:00,max_sharpe,4,54.97126248290106,55.6418175181353,25.36211755864858,65727
9976964,2020-05-01 00:00:00,max_sharpe,5,57.967895097009134,58.278814329229036,23.34985539918859,34162
9976964,2020-05-01 00:00:00,max_sharpe,6-10,63.609065114464954,64.56324774721448,22.185625078723447,37178
9976964,2020-05-01 00:00:00,safer_risk,11-20,58.07241334963625,57.83732730421494,18.02930510393188,5323
9976964,2020-05-01 00:00:00,safer_risk,2,8.433326049695205e-08,5.169326633414073e-08,2.269401786611214e-07,699455
9976964,2020-05-01 00:00:00,safer_risk,21+,69.04082920458946,71.45319036326211,16.857539047357083,365
9976964,2020-05-01 00:00:00,safer_risk,3,23.860952135811598,20.836153043247453,18.691768660839244,167533
9976964,2020-05-01 00:00:00,safer_risk,4,33.03753340065476,32.93257678022616,18.975919277031963,65727
9976964,2020-05-01 00:00:00,safer_risk,5,38.62648708751468,38.56949188408977,17.525655246089084,34162
9976964,2020-05-01 00:00:00,safer_risk,6-10,45.73521033125064,45.26356675074132,18.525855684827707,37178
10176690,2020-06-01 00:00:00,better_return,11-20,65.63316456970364,66.34872764185403,21.316031154671283,5130
10176690,2020-06-01 00:00:00,better_return,2,34.09323690364249,14.66026877310785,36.19515812039771,711722
10176690,2020-06-01 00:00:00,better_return,21+,72.44880407845355,73.38548403915537,19.396306121313902,431
10176690,2020-06-01 00:00:00,better_return,3,36.849893429179396,30.980642497396655,30.175921839333235,170164
10176690,2020-06-01 00:00:00,better_return,4,45.14080628229286,43.13468779807148,27.370811864647397,66110
10176690,2020-06-01 00:00:00,better_return,5,48.16447657308936,46.259330851546224,25.777427607607198,33821
10176690,2020-06-01 00:00:00,better_return,6-10,54.87599887461711,54.29785013216637,25.03631086749389,36097
10176690,2020-06-01 00:00:00,max_sharpe,11-20,66.54089109124727,66.17267220931879,15.935194384581223,5130
10176690,2020-06-01 00:00:00,max_sharpe,2,21.44729917942527,10.326052239842953,25.871195964732582,711722
10176690,2020-06-01 00:00:00,max_sharpe,21+,75.19194593495023,75.3981351990807,14.429758313858356,431
10176690,2020-06-01 00:00:00,max_sharpe,3,40.874302689354025,37.85877906126274,25.373657657388694,170164
10176690,2020-06-01 00:00:00,max_sharpe,4,49.21678707553288,48.31174017604649,22.119610620876383,66110
10176690,2020-06-01 00:00:00,max_sharpe,5,51.74673089238874,50.04677441444618,20.715305708074588,33821
10176690,2020-06-01 00:00:00,max_sharpe,6-10,57.47126518540324,57.00617203446849,19.259622956414493,36097
10176690,2020-06-01 00:00:00,safer_risk,11-20,55.53024409598426,54.20304428517163,16.818041954314637,5130
10176690,2020-06-01 00:00:00,safer_risk,2,4.206156439346558e-07,4.0862895012150346e-08,1.1326565447176793e-05,711722
10176690,2020-06-01 00:00:00,safer_risk,21+,63.82915012402039,63.11202777748871,14.910448017132362,431
10176690,2020-06-01 00:00:00,safer_risk,3,20.07978476496455,15.301454833901289,18.54149551619894,170164
10176690,2020-06-01 00:00:00,safer_risk,4,32.93748475377766,33.47691601609003,19.314038423989317,66110
10176690,2020-06-01 00:00:00,safer_risk,5,38.39054787552635,38.48686639660205,18.273135012599255,33821
10176690,2020-06-01 00:00:00,safer_risk,6-10,45.06922032312696,45.17009872954405,18.011048115798605,36097
10370274,2020-07-01 00:00:00,better_return,11-20,67.74306743073213,67.75844006586829,20.47322395721609,5907
10370274,2020-07-01 00:00:00,better_return,2,13.942541481023357,1.7173946986748234e-08,24.203056666570923,718458
10370274,2020-07-01 00:00:00,better_return,21+,72.5045327542742,73.89594556973145,18.245684078261213,469
10370274,2020-07-01 00:00:00,better_return,3,29.171546193942785,21.526826353933497,27.12085728509603,175210
10370274,2020-07-01 00:00:00,better_return,4,40.850587840354294,37.874213654731996,26.477958609428253,69259
10370274,2020-07-01 00:00:00,better_return,5,46.93964626217536,43.13443105554645,25.467436909755442,36004
10370274,2020-07-01 00:00:00,better_return,6-10,56.30922677551417,55.87442468588628,24.85094461993293,39995
10370274,2020-07-01 00:00:00,max_sharpe,11-20,72.88923118071699,74.26620027239935,15.695805583790884,5907
10370274,2020-07-01 00:00:00,max_sharpe,2,24.78625771580899,16.395777475885858,28.945032889177245,718458
10370274,2020-07-01 00:00:00,max_sharpe,21+,78.11006987079789,79.47580375822179,13.629911514158227,469
10370274,2020-07-01 00:00:00,max_sharpe,3,45.09567010469166,44.019689209483545,26.006591566534585,175210
10370274,2020-07-01 00:00:00,max_sharpe,4,51.318381485442956,49.46519818359585,24.325938223392544,69259
10370274,2020-07-01 00:00:00,max_sharpe,5,54.67268622432359,53.04803998094836,22.681862627063595,36004
10370274,2020-07-01 00:00:00,max_sharpe,6-10,62.548871799674735,62.86789150065233,20.026226750311018,39995
10370274,2020-07-01 00:00:00,safer_risk,11-20,56.16667234180893,55.60987114013985,16.69712189778208,5907
10370274,2020-07-01 00:00:00,safer_risk,2,5.583998096249706e-05,6.323181075962303e-08,0.04719101273301811,718458
10370274,2020-07-01 00:00:00,safer_risk,21+,63.22742407576212,62.52992477110022,14.558692167494552,469
10370274,2020-07-01 00:00:00,safer_risk,3,20.562141617474516,15.100276175027393,18.631117637005335,175210
10370274,2020-07-01 00:00:00,safer_risk,4,31.969328239418658,30.111367732060383,18.755690763870003,69259
10370274,2020-07-01 00:00:00,safer_risk,5,38.05867116028485,36.9424228435232,18.0467993109471,36004
10370274,2020-07-01 00:00:00,safer_risk,6-10,46.01899979560633,45.942795898419206,17.743590107547835,39995
10570485,2020-08-01 00:00:00,better_return,11-20,63.98156701366426,63.22218598115407,20.94407318868869,6020
10570485,2020-08-01 00:00:00,better_return,2,17.20246559482524,2.9718584537707926e-08,27.589175713437747,736283
10570485,2020-08-01 00:00:00,better_return,21+,71.25417346230843,72.00407569593024,17.828198375721104,479
10570485,2020-08-01 00:00:00,better_return,3,32.47880967086964,24.092094094883212,29.41286068010393,181367
10570485,2020-08-01 00:00:00,better_return,4,43.44548322305804,40.5708068949538,29.33709313691557,71749
10570485,2020-08-01 00:00:00,better_return,5,47.92411043633809,46.61419806933077,27.687481272491812,37051
10570485,2020-08-01 00:00:00,better_return,6-10,52.65458352019327,50.9751650538499,26.063253089871424,41205
10570485,2020-08-01 00:00:00,max_sharpe,11-20,66.45406613526575,65.79263327657875,15.281162318717458,6020
10570485,2020-08-01 00:00:00,max_sharpe,2,42.518496233456645,41.781724029537735,33.78343051567727,736283
10570485,2020-08-01 00:00:00,max_sharpe,21+,72.19436585346408,71.57659452457159,13.505429822141139,479
10570485,2020-08-01 00:00:00,max_sharpe,3,46.45220179884054,43.546986894410956,30.17829523834934,181367
10570485,2020-08-01 00:00:00,max_sharpe,4,52.7608506629246,53.26298325319057,27.06418435661089,71749
10570485,2020-08-01 00:00:00,max_sharpe,5,53.97888878607641,52.83037980570858,24.501041983081944,37051
10570485,2020-08-01 00:00:00,max_sharpe,6-10,59.317210893303375,59.25599119454426,21.528427394983375,41205
10570485,2020-08-01 00:00:00,safer_risk,11-20,56.762343067094484,56.5436457274303,15.494568395301272,6020
10570485,2020-08-01 00:00:00,safer_risk,2,1.749705906889698e-07,7.976691529520963e-08,2.9054253090539915e-06,736283
10570485,2020-08-01 00:00:00,safer_risk,21+,64.41980553991434,64.11827943702524,13.697902305336239,479
10570485,2020-08-01 00:00:00,safer_risk,3,20.492430073520193,16.630163198619197,17.625694340243186,181367
10570485,2020-08-01 00:00:00,safer_risk,4,30.852767110919633,28.883489073790535,19.44073661379562,71749
10570485,2020-08-01 00:00:00,safer_risk,5,35.83750070119873,34.38795210887329,19.04593291956766,37051
10570485,2020-08-01 00:00:00,safer_risk,6-10,44.00398993144307,43.741156317443654,18.220247749137872,41205
10771925,2020-09-01 00:00:00,better_return,11-20,57.925866607188794,55.6575860474894,22.338537693575056,6210
10771925,2020-09-01 00:00:00,better_return,2,12.727001882752777,3.867178105521063e-09,25.418528978804435,750731
10771925,2020-09-01 00:00:00,better_return,21+,64.9644369275683,63.794623236419184,18.61763944444669,570
10771925,2020-09-01 00:00:00,better_return,3,29.233705457196873,20.022254838443732,27.544216245959095,186029
10771925,2020-09-01 00:00:00,better_return,4,39.94601245656551,36.5841010559853,27.992828445695405,73196
10771925,2020-09-01 00:00:00,better_return,5,43.433764282152076,40.73533690173202,27.51286107553852,37783
10771925,2020-09-01 00:00:00,better_return,6-10,49.999348297172894,48.502294192702365,25.90690876454323,41882
10771925,2020-09-01 00:00:00,max_sharpe,11-20,62.63479832346218,61.47368000595869,15.88852275439317,6210
10771925,2020-09-01 00:00:00,max_sharpe,2,27.305063301113982,15.296317336509349,24.172475075604602,750731
10771925,2020-09-01 00:00:00,max_sharpe,21+,70.39312785935782,69.10648151257993,13.7210689720313,570
10771925,2020-09-01 00:00:00,max_sharpe,3,45.27594220233992,43.796601121910484,24.141049124914232,186029
10771925,2020-09-01 00:00:00,max_sharpe,4,51.31479749011006,52.02250968677137,22.752678259686995,73196
10771925,2020-09-01 00:00:00,max_sharpe,5,54.123046099284316,54.53459175782606,20.897214622307295,37783
10771925,2020-09-01 00:00:00,max_sharpe,6-10,57.3966639293095,56.79232086740743,19.69859627035541,41882
10771925,2020-09-01 00:00:00,safer_risk,11-20,54.27378139259483,54.62760452941875,16.294690420245978,6210
10771925,2020-09-01 00:00:00,safer_risk,2,2.2166387099286253e-07,9.056070962576435e-08,4.198063379460037e-06,750731
10771925,2020-09-01 00:00:00,safer_risk,21+,64.04220737028763,63.90319160902443,13.964664293754737,570
10771925,2020-09-01 00:00:00,safer_risk,3,22.4734592217698,17.164696878071688,20.035934023060577,186029
10771925,2020-09-01 00:00:00,safer_risk,4,30.986793031023215,27.71688057343847,20.955133753168816,73196
10771925,2020-09-01 00:00:00,safer_risk,5,35.41513489159038,33.378851015852476,20.03659080933861,37783
10771925,2020-09-01 00:00:00,safer_risk,6-10,42.704079589614786,42.25330379039111,19.15800209564745,41882
10966874,2020-10-01 00:00:00,better_return,11-20,71.34471210628645,75.54493958424307,22.336605757716637,6733
10966874,2020-10-01 00:00:00,better_return,2,16.884214358339722,8.732163603308862e-08,28.573837743509863,789871
10966874,2020-10-01 00:00:00,better_return,21+,79.34051380441183,82.00827030484994,16.945788695444676,565
10966874,2020-10-01 00:00:00,better_return,3,30.332300095151595,20.16907183851339,28.801620022629027,196575
10966874,2020-10-01 00:00:00,better_return,4,40.22895990557168,36.65192859541829,29.288597539076452,77043
10966874,2020-10-01 00:00:00,better_return,5,44.18097936562668,41.23447303677869,28.928706720504824,39841
10966874,2020-10-01 00:00:00,better_return,6-10,54.547703695043886,55.1024541567482,27.563801644137353,45657
10966874,2020-10-01 00:00:00,max_sharpe,11-20,81.19254950116367,86.56287379382672,17.737539043937396,6733
10966874,2020-10-01 00:00:00,max_sharpe,2,23.990189927628627,8.620760808473937,30.508929659468446,789871
10966874,2020-10-01 00:00:00,max_sharpe,21+,84.74032799322016,88.3640010877783,13.660196455277292,565
10966874,2020-10-01 00:00:00,max_sharpe,3,48.56058221743545,49.724248209832865,30.836150055648368,196575
10966874,2020-10-01 00:00:00,max_sharpe,4,58.78452073613307,65.44525943341078,29.087970598328692,77043
10966874,2020-10-01 00:00:00,max_sharpe,5,64.39733584180678,72.33571291670515,26.824348979464652,39841
10966874,2020-10-01 00:00:00,max_sharpe,6-10,71.33558817560163,78.46993211726189,24.364951686751205,45657
10966874,2020-10-01 00:00:00,safer_risk,11-20,66.46235705064818,67.57668666021716,17.942146651348445,6733
10966874,2020-10-01 00:00:00,safer_risk,2,1.0673251869787466e-07,2.2139731020720532e-08,3.4219104917009916e-06,789871
10966874,2020-10-01 00:00:00,safer_risk,21+,73.76976833831793,75.87590073265922,14.408207947880697,565
10966874,2020-10-01 00:00:00,safer_risk,3,23.728314686567472,19.160876549624746,20.26638159597413,196575
10966874,2020-10-01 00:00:00,safer_risk,4,35.293460269737274,33.52063589844555,21.71676462115526,77043
10966874,2020-10-01 00:00:00,safer_risk,5,43.85078321835493,43.82825414380188,22.150023411589206,39841
10966874,2020-10-01 00:00:00,safer_risk,6-10,52.025117514670995,52.39133385035174,20.913077129613033,45657
11167817,2020-11-01 00:00:00,better_return,11-20,71.44003252265313,78.29379438013443,25.889784433484316,9853
11167817,2020-11-01 00:00:00,better_return,2,30.463484457874056,8.346286537265787,34.60995548192692,845532
11167817,2020-11-01 00:00:00,better_return,21+,79.93762937742919,85.86379398284922,19.786677381471925,1005
11167817,2020-11-01 00:00:00,better_return,3,35.88338212336554,30.09628586631717,30.293211793315464,219256
11167817,2020-11-01 00:00:00,better_return,4,43.30541501259408,39.36739024389441,31.157984304320166,89102
11167817,2020-11-01 00:00:00,better_return,5,48.87709898349026,46.62722219497743,30.03169541726099,46763
11167817,2020-11-01 00:00:00,better_return,6-10,59.740259803158835,61.98762005499814,29.131279403943864,57780
11167817,2020-11-01 00:00:00,max_sharpe,11-20,82.04057337050776,89.99256010038889,22.645104307549584,9853
11167817,2020-11-01 00:00:00,max_sharpe,2,43.08098844980698,46.45817578097095,34.738751533940324,845532
11167817,2020-11-01 00:00:00,max_sharpe,21+,88.4028894890238,93.8968898968892,15.617026371449024,1005
11167817,2020-11-01 00:00:00,max_sharpe,3,54.47434794107981,64.48384848405331,33.09617089784031,219256
11167817,2020-11-01 00:00:00,max_sharpe,4,66.85284587465426,80.66026108126078,29.90548666748774,89102
11167817,2020-11-01 00:00:00,max_sharpe,5,72.73506315215262,86.58328132379503,27.959423245706724,46763
11167817,2020-11-01 00:00:00,max_sharpe,6-10,76.83727915415992,88.19495303553927,25.540531066197442,57780
11167817,2020-11-01 00:00:00,safer_risk,11-20,63.78776275785859,64.96040380392446,18.30782235315485,9853
11167817,2020-11-01 00:00:00,safer_risk,2,8.857841479857688e-05,2.5022006688857346e-08,0.05747684097327586,845532
11167817,2020-11-01 00:00:00,safer_risk,21+,70.37999978794639,71.70712490580205,16.319188738427506,1005
11167817,2020-11-01 00:00:00,safer_risk,3,22.660302595827424,17.08809852229229,20.546719148533047,219256
11167817,2020-11-01 00:00:00,safer_risk,4,37.211132549270836,36.106526415044776,22.77704880787609,89102
11167817,2020-11-01 00:00:00,safer_risk,5,45.321909085596246,46.36781828910881,22.06048716216216,46763
11167817,2020-11-01 00:00:00,safer_risk,6-10,52.68563249271989,53.67893884431859,21.09170882269601,57780
11363270,2020-12-01 00:00:00,better_return,11-20,66.83869036351679,68.9213701146851,23.238829222953004,11549
11363270,2020-12-01 00:00:00,better_return,2,29.482346858448103,1.049630051833117e-05,35.51017043975372,868233
11363270,2020-12-01 00:00:00,better_return,21+,75.74452156781979,77.94140947392258,18.22149896621806,1377
11363270,2020-12-01 00:00:00,better_return,3,31.784183774035153,21.149392797291817,30.41374613610198,228533
11363270,2020-12-01 00:00:00,better_return,4,43.85943993674162,40.43722219164708,30.56240856682307,92416
11363270,2020-12-01 00:00:00,better_return,5,51.87419407486779,50.90183022055446,30.11541800477045,48449
11363270,2020-12-01 00:00:00,better_return,6-10,57.654964111362155,58.22407999613491,27.351429098308845,62764
11363270,2020-12-01 00:00:00,max_sharpe,11-20,73.27050567930512,77.39327839353457,21.113537755763236,11549
11363270,2020-12-01 00:00:00,max_sharpe,2,42.972351866709204,39.864578374907964,33.05893398089059,868233
11363270,2020-12-01 00:00:00,max_sharpe,21+,79.22205596362734,81.52071580318179,15.059393636931324,1377
11363270,2020-12-01 00:00:00,max_sharpe,3,51.17260561649032,54.9804986815364,32.07854182422154,228533
11363270,2020-12-01 00:00:00,max_sharpe,4,62.03021912261449,70.20875727329344,29.01437046381228,92416
11363270,2020-12-01 00:00:00,max_sharpe,5,66.65998373302881,75.30292468979792,27.018228939052236,48449
11363270,2020-12-01 00:00:00,max_sharpe,6-10,69.28923925793517,75.28146252577216,24.492671610665596,62764
11363270,2020-12-01 00:00:00,safer_risk,11-20,59.80869735415917,61.15014390680093,17.892480528675982,11549
11363270,2020-12-01 00:00:00,safer_risk,2,3.6378515837321676e-07,3.8193018886412133e-08,5.001017494850277e-06,868233
11363270,2020-12-01 00:00:00,safer_risk,21+,68.35928582703352,69.40314685085501,14.863668576578634,1377
11363270,2020-12-01 00:00:00,safer_risk,3,21.26619845105402,14.706001046149545,21.05828252482982,228533
11363270,2020-12-01 00:00:00,safer_risk,4,34.62103190922992,32.896422866077955,21.664218699708208,92416
11363270,2020-12-01 00:00:00,safer_risk,5,41.181343851382245,41.12415690388047,20.8688981063786,48449
11363270,2020-12-01 00:00:00,safer_risk,6-10,49.42689227625804,49.56359418087009,20.22402867925684,62764
11565019,2021-01-01 00:00:00,better_return,11-20,70.12499877544099,73.85654805129127,22.527041231700345,10854
11565019,2021-01-01 00:00:00,better_return,2,31.85961723492834,11.260872009479275,34.95294228297147,898751
11565019,2021-01-01 00:00:00,better_return,21+,78.28002412683948,81.77513569602422,17.237879233387442,1279
11565019,2021-01-01 00:00:00,better_return,3,29.52498162594683,19.94780254888655,29.035892270130848,234749
11565019,2021-01-01 00:00:00,better_return,4,43.499659966942765,40.35770604050379,29.761102097846504,93343
11565019,2021-01-01 00:00:00,better_return,5,50.71053677077307,49.39074019277909,29.229954768498015,48520
11565019,2021-01-01 00:00:00,better_return,6-10,59.73226977848807,61.719583141350114,26.60749569102484,60618
11565019,2021-01-01 00:00:00,max_sharpe,11-20,74.06281455231526,77.81564714662622,19.90505528798103,10854
11565019,2021-01-01 00:00:00,max_sharpe,2,26.008515051187924,13.260287166463264,29.449224008410372,898751
11565019,2021-01-01 00:00:00,max_sharpe,21+,79.8789931027894,82.45181160295559,14.008470819720003,1279
11565019,2021-01-01 00:00:00,max_sharpe,3,45.5575952088422,46.11084103040059,31.199434389836703,234749
11565019,2021-01-01 00:00:00,max_sharpe,4,58.586769621161004,63.153479703999004,27.620660421762405,93343
11565019,2021-01-01 00:00:00,max_sharpe,5,63.93365382685977,68.99335205755052,25.162079269546055,48520
11565019,2021-01-01 00:00:00,max_sharpe,6-10,69.04801426832903,73.46931304510511,22.393379815402238,60618
11565019,2021-01-01 00:00:00,safer_risk,11-20,60.64932201604652,62.17780425712562,18.480507624693963,10854
11565019,2021-01-01 00:00:00,safer_risk,2,2.840774274918958e-07,3.4550854538517584e-08,2.615302541973823e-06,898751
11565019,2021-01-01 00:00:00,safer_risk,21+,70.13265338389436,71.11163910084123,14.940130613420683,1279
11565019,2021-01-01 00:00:00,safer_risk,3,19.92104171059855,12.858569199137698,20.906885250891875,234749
11565019,2021-01-01 00:00:00,safer_risk,4,34.52703809201751,33.46216074523303,22.053332185973723,93343
11565019,2021-01-01 00:00:00,safer_risk,5,42.15388283962596,42.43974310155757,21.498841813710836,48520
11565019,2021-01-01 00:00:00,safer_risk,6-10,50.65003043858883,51.599516859823694,20.324257094011614,60618
11766939,2021-02-01 00:00:00,better_return,11-20,61.514255778531805,60.981957700998436,21.231143231175093,12534
11766939,2021-02-01 00:00:00,better_return,2,25.297338536761835,20.83393699001878,29.137701276377836,946366
11766939,2021-02-01 00:00:00,better_return,21+,69.94914241308939,69.8919643264139,16.846252468183003,1519
11766939,2021-02-01 00:00:00,better_return,3,30.229400121007107,21.518761630148965,28.446966657577565,247957
11766939,2021-02-01 00:00:00,better_return,4,41.26877680614614,37.69367449895637,28.03536394713446,99462
11766939,2021-02-01 00:00:00,better_return,5,45.01679114909482,41.045308305854945,27.23298008388133,51327
11766939,2021-02-01 00:00:00,better_return,6-10,51.26960462050243,49.06764906297228,25.719705374342116,65441
11766939,2021-02-01 00:00:00,max_sharpe,11-20,66.50387712799458,66.74594064680707,18.744213968769266,12534
11766939,2021-02-01 00:00:00,max_sharpe,2,29.441246835144536,21.420272878182608,26.982220893474253,946366
11766939,2021-02-01 00:00:00,max_sharpe,21+,72.53759342300113,72.74974596014258,14.902505552959127,1519
11766939,2021-02-01 00:00:00,max_sharpe,3,41.42977119093581,37.45767847758808,28.148869394559302,247957
11766939,2021-02-01 00:00:00,max_sharpe,4,50.715015731367224,49.96666526535682,26.02958668663085,99462
11766939,2021-02-01 00:00:00,max_sharpe,5,55.26420970979348,56.578151823474144,24.546722192852346,51327
11766939,2021-02-01 00:00:00,max_sharpe,6-10,60.0947657993499,60.823841735720485,22.245599701133074,65441
11766939,2021-02-01 00:00:00,safer_risk,11-20,58.006887913336755,57.67066292438803,17.08852679094066,12534
11766939,2021-02-01 00:00:00,safer_risk,2,1.2621571660932702e-07,3.398731018844359e-08,2.7425328480171932e-06,946366
11766939,2021-02-01 00:00:00,safer_risk,21+,67.53770433541142,67.44905537202169,14.260162886786194,1519
11766939,2021-02-01 00:00:00,safer_risk,3,19.3063220319664,13.437898837976054,19.36058214105856,247957
11766939,2021-02-01 00:00:00,safer_risk,4,31.501903401384713,29.344894343395637,20.69370572038259,99462
11766939,2021-02-01 00:00:00,safer_risk,5,39.00028004340064,38.301659314910744,20.80510185100506,51327
11766939,2021-02-01 00:00:00,safer_risk,6-10,47.038540646760765,46.76842701660841,20.090159191093058,65441
11948960,2021-03-01 00:00:00,better_return,11-20,61.673740174496935,60.119215125436455,21.011934921108747,14709
11948960,2021-03-01 00:00:00,better_return,2,16.378155075632264,7.032500276560327e-08,27.58844938636429,1039279
11948960,2021-03-01 00:00:00,better_return,21+,70.78890345146883,70.16159669353674,17.325808820843253,1921
11948960,2021-03-01 00:00:00,better_return,3,30.84297704391792,23.624566983900003,27.229906931142473,278358
11948960,2021-03-01 00:00:00,better_return,4,39.029086831854436,34.5579368703768,26.88564541440739,112663
11948960,2021-03-01 00:00:00,better_return,5,43.10315697547397,38.91934333912101,26.880312241631003,58360
11948960,2021-03-01 00:00:00,better_return,6-10,51.232903203586986,48.83134818967641,25.148771277618618,75967
11948960,2021-03-01 00:00:00,max_sharpe,11-20,63.128029032918576,62.04875248921225,17.374105505423593,14709
11948960,2021-03-01 00:00:00,max_sharpe,2,31.154689198693465,28.104326377207734,24.0444738037342,1039279
11948960,2021-03-01 00:00:00,max_sharpe,21+,71.174190943593,70.07706550985952,14.870440107630007,1921
11948960,2021-03-01 00:00:00,max_sharpe,3,40.412141869420864,36.82412854888546,25.225034428298294,278358
11948960,2021-03-01 00:00:00,max_sharpe,4,46.7657806801781,43.82460301526315,23.276266602622716,112663
11948960,2021-03-01 00:00:00,max_sharpe,5,49.65910439054885,46.97928297435617,22.108005205670157,58360
11948960,2021-03-01 00:00:00,max_sharpe,6-10,55.19058016894121,53.77364333475907,20.252943191141213,75967
11948960,2021-03-01 00:00:00,safer_risk,11-20,55.178462317572446,54.2649790132115,17.199034237778953,14709
11948960,2021-03-01 00:00:00,safer_risk,2,4.23179717870407e-07,9.77961267523142e-08,2.922080680228621e-06,1039279
11948960,2021-03-01 00:00:00,safer_risk,21+,64.78277710150144,64.45803548785223,14.548782083031792,1921
11948960,2021-03-01 00:00:00,safer_risk,3,18.687298947395096,12.663914657628577,18.314264179810436,278358
11948960,2021-03-01 00:00:00,safer_risk,4,28.865034181329808,25.444856864929495,19.8236987110629,112663
11948960,2021-03-01 00:00:00,safer_risk,5,34.63264504640312,32.23741805913848,19.84975396344158,58360
11948960,2021-03-01 00:00:00,safer_risk,6-10,43.289127814301104,42.487637246161555,19.119755087425894,75967
12150245,2021-04-01 00:00:00,better_return,11-20,63.16938035872852,62.50797521587984,20.85135469390739,17058
12150245,2021-04-01 00:00:00,better_return,2,29.350584680849007,9.920676788875685,34.28782718035089,1107118
12150245,2021-04-01 00:00:00,better_return,21+,71.45407426999753,71.29864079090872,16.64553825542521,2518
12150245,2021-04-01 00:00:00,better_return,3,31.15519037815318,23.96684635173939,27.675552474434067,299609
12150245,2021-04-01 00:00:00,better_return,4,41.336937603263344,37.88767246857233,27.58767913926804,122776
12150245,2021-04-01 00:00:00,better_return,5,48.14580368698243,45.08195527143875,27.236493506893922,64281
12150245,2021-04-01 00:00:00,better_return,6-10,54.81968722465469,53.69898081227375,25.194782626400592,84649
12150245,2021-04-01 00:00:00,max_sharpe,11-20,67.88161049667168,68.00608188611416,17.17864156165024,17058
12150245,2021-04-01 00:00:00,max_sharpe,2,31.20060489046538,30.632735882546072,23.954213477665004,1107118
12150245,2021-04-01 00:00:00,max_sharpe,21+,74.43362642066276,74.65362670148826,13.99575964488978,2518
12150245,2021-04-01 00:00:00,max_sharpe,3,44.92005234778175,44.45725673576991,25.579822223897978,299609
12150245,2021-04-01 00:00:00,max_sharpe,4,53.003501101399344,52.61584911141853,23.81002500185846,122776
12150245,2021-04-01 00:00:00,max_sharpe,5,57.567659081550275,57.78015749197405,22.207782443470354,64281
12150245,2021-04-01 00:00:00,max_sharpe,6-10,61.88530134694144,61.75365432920648,20.17271015718623,84649
12150245,2021-04-01 00:00:00,safer_risk,11-20,55.00227882006845,53.90149971063771,17.52464833201646,17058
12150245,2021-04-01 00:00:00,safer_risk,2,2.1753486714878048e-07,1.075661809624151e-07,2.7150176249889345e-06,1107118
12150245,2021-04-01 00:00:00,safer_risk,21+,64.7609317459639,64.27490382180105,14.376405711558863,2518
12150245,2021-04-01 00:00:00,safer_risk,3,20.492382631379883,13.86410044317786,20.151605715368923,299609
12150245,2021-04-01 00:00:00,safer_risk,4,31.474782499061163,27.552311004379582,21.150950393500043,122776
12150245,2021-04-01 00:00:00,safer_risk,5,38.6634048047739,36.24600058592123,20.99616905327428,64281
12150245,2021-04-01 00:00:00,safer_risk,6-10,45.280163361050654,44.08791375978338,19.80031414768563,84649
12344945,2021-05-01 00:00:00,better_return,11-20,64.07760729021565,63.49964936415171,20.143741479802912,20595
12344945,2021-05-01 00:00:00,better_return,2,13.06800311107009,3.1470484551654465e-08,24.831273343100044,1179635
12344945,2021-05-01 00:00:00,better_return,21+,72.60532903449568,72.53396481734897,16.081000519682906,3253
12344945,2021-05-01 00:00:00,better_return,3,29.364888585570984,20.967669955715333,26.897873856583345,321406
12344945,2021-05-01 00:00:00,better_return,4,40.816714301472416,37.331467551354756,27.31641370252414,132987
12344945,2021-05-01 00:00:00,better_return,5,46.8942712078629,44.661681466499445,26.67234449151071,70406
12344945,2021-05-01 00:00:00,better_return,6-10,54.995333056190134,53.91227871504856,24.686727891652858,95157
12344945,2021-05-01 00:00:00,max_sharpe,11-20,69.53933506859725,69.36965691788922,16.296897317169318,20595
12344945,2021-05-01 00:00:00,max_sharpe,2,29.405022762802037,18.996482056218806,25.88510015991453,1179635
12344945,2021-05-01 00:00:00,max_sharpe,21+,76.07192225371783,76.35130881898348,13.131820403062562,3253
12344945,2021-05-01 00:00:00,max_sharpe,3,44.74180972970853,42.498431620587255,26.375042299023736,321406
12344945,2021-05-01 00:00:00,max_sharpe,4,53.82616945312331,53.76365652187314,24.486999198480778,132987
12344945,2021-05-01 00:00:00,max_sharpe,5,58.3310484978668,59.123225720181644,22.747037442504496,70406
12344945,2021-05-01 00:00:00,max_sharpe,6-10,63.56438238251077,63.59429600827489,20.15691945144182,95157
12344945,2021-05-01 00:00:00,safer_risk,11-20,56.0892478221795,55.464908364643705,16.644271535956136,20595
12344945,2021-05-01 00:00:00,safer_risk,2,1.3234423465579717e-07,3.042004148579025e-08,4.627130921100466e-06,1179635
12344945,2021-05-01 00:00:00,safer_risk,21+,65.84471830303083,65.67693891400883,14.242893904057285,3253
12344945,2021-05-01 00:00:00,safer_risk,3,20.350717227174187,14.067642749662532,19.624677767105347,321406
12344945,2021-05-01 00:00:00,safer_risk,4,31.6745756997741,28.398020440417014,21.200111423355008,132987
12344945,2021-05-01 00:00:00,safer_risk,5,39.17477318451248,36.728178293134924,21.524575448117215,70406
12344945,2021-05-01 00:00:00,safer_risk,6-10,46.13684160026775,44.98189958007048,20.079514975586513,95157
12545219,2021-06-01 00:00:00,better_return,11-20,68.12675063827338,71.81321828949409,23.886361868597874,23671
12545219,2021-06-01 00:00:00,better_return,2,14.935464727954292,5.9510429917253305e-08,25.3744887431678,1258019
12545219,2021-06-01 00:00:00,better_return,21+,80.26899834326832,85.68760461469128,18.477278560184267,4518
12545219,2021-06-01 00:00:00,better_return,3,31.24364579587698,22.143278254777655,28.778752821385428,342313
12545219,2021-06-01 00:00:00,better_return,4,42.91800485472961,38.601987988884986,29.37492865216188,141842
12545219,2021-06-01 00:00:00,better_return,5,49.3719767136445,47.569147745434904,28.812459337286345,75287
12545219,2021-06-01 00:00:00,better_return,6-10,56.87273460661414,57.402658461558175,26.84903089025516,103738
12545219,2021-06-01 00:00:00,max_sharpe,11-20,79.86845897310667,86.51388688665823,20.54200447888791,23671
12545219,2021-06-01 00:00:00,max_sharpe,2,28.595920066587592,16.61201472937207,31.21343333288769,1258019
12545219,2021-06-01 00:00:00,max_sharpe,21+,87.66369053084455,91.66066507135095,14.731053118623498,4518
12545219,2021-06-01 00:00:00,max_sharpe,3,51.0519974702601,56.289196036794486,31.947539138657547,342313
12545219,2021-06-01 00:00:00,max_sharpe,4,60.10918867614823,68.08853258688191,30.08500716983369,141842
12545219,2021-06-01 00:00:00,max_sharpe,5,66.23042667947246,75.37160252674411,28.47845338759191,75287
12545219,2021-06-01 00:00:00,max_sharpe,6-10,72.14607894017175,80.62252846437974,25.161701977410818,103738
12545219,2021-06-01 00:00:00,safer_risk,11-20,63.859851233637826,65.55111158100499,19.596577364504423,23671
12545219,2021-06-01 00:00:00,safer_risk,2,1.5363727155963588e-07,6.381478540040675e-08,4.866536032200677e-06,1258019
12545219,2021-06-01 00:00:00,safer_risk,21+,76.67087613025113,79.62793770678294,15.190683877957987,4518
12545219,2021-06-01 00:00:00,safer_risk,3,20.830470034744557,14.287484980853272,21.033839609752548,342313
12545219,2021-06-01 00:00:00,safer_risk,4,33.53456395255788,29.57365379419108,23.146517676173357,141842
12545219,2021-06-01 00:00:00,safer_risk,5,41.0658317997997,38.9922511806293,23.20436697747413,75287
12545219,2021-06-01 00:00:00,safer_risk,6-10,50.52869514728874,50.1095786839832,22.329105288110902,103738
12738509,2021-07-01 00:00:00,better_return,11-20,73.06445697565405,79.25428349236763,23.87008484060139,28596
12738509,2021-07-01 00:00:00,better_return,2,22.811127319496144,4.150876387054581e-06,28.57344697503317,1330848
12738509,2021-07-01 00:00:00,better_return,21+,83.77863596165419,89.7446690525682,18.04984059839246,5793
12738509,2021-07-01 00:00:00,better_return,3,30.95487181616836,22.254829073423014,29.119929265863753,370007
12738509,2021-07-01 00:00:00,better_return,4,43.252184493324165,38.75471310020689,30.23999759872362,155754
12738509,2021-07-01 00:00:00,better_return,5,50.976963767539125,49.39119083380896,30.304320388151528,82987
12738509,2021-07-01 00:00:00,better_return,6-10,59.31239666057533,61.54491015090437,27.986244732646583,118097
12738509,2021-07-01 00:00:00,max_sharpe,11-20,82.37966147218407,88.66419873385833,19.485214180378545,28596
12738509,2021-07-01 00:00:00,max_sharpe,2,41.65897590475395,42.0139061789153,33.50986588617416,1330848
12738509,2021-07-01 00:00:00,max_sharpe,21+,89.12283901736863,92.72361191424872,13.763349265493702,5793
12738509,2021-07-01 00:00:00,max_sharpe,3,55.88474311252047,65.5074668178414,31.534170278784654,370007
12738509,2021-07-01 00:00:00,max_sharpe,4,63.42947279325023,73.8444806281613,29.639767396176495,155754
12738509,2021-07-01 00:00:00,max_sharpe,5,68.583824114669,78.89433800705528,27.950455712778425,82987
12738509,2021-07-01 00:00:00,max_sharpe,6-10,74.27981113725245,83.42693286170548,24.67991406242536,118097
12738509,2021-07-01 00:00:00,safer_risk,11-20,70.68218211070321,73.22574795480914,19.237248417171674,28596
12738509,2021-07-01 00:00:00,safer_risk,2,2.3513324711384892e-07,4.484848742380976e-08,4.514754001999064e-06,1330848
12738509,2021-07-01 00:00:00,safer_risk,21+,81.55298541872672,85.28044743514079,15.227493983910252,5793
12738509,2021-07-01 00:00:00,safer_risk,3,22.19772498416269,15.394200147460408,21.722681891605628,370007
12738509,2021-07-01 00:00:00,safer_risk,4,35.97948517907799,32.659286528526565,23.795087666444612,155754
12738509,2021-07-01 00:00:00,safer_risk,5,43.022131951481306,40.597532828950484,23.760526083368823,82987
12738509,2021-07-01 00:00:00,safer_risk,6-10,55.09539343098551,55.577150761660064,23.07528128875523,118097
12936340,2021-08-01 00:00:00,better_return,11-20,72.40210522658396,76.18462864009749,21.43239268692485,33372
12936340,2021-08-01 00:00:00,better_return,2,21.983627709607926,5.895878393558096e-05,28.038659093950354,1377317
12936340,2021-08-01 00:00:00,better_return,21+,80.82679787753462,84.71522714875516,16.20509712756033,7671
12936340,2021-08-01 00:00:00,better_return,3,31.9552769231627,23.12646278233249,29.075515840232782,387290
12936340,2021-08-01 00:00:00,better_return,4,43.95983828183862,40.26710526633535,29.600223335863088,164067
12936340,2021-08-01 00:00:00,better_return,5,51.45516159974087,50.46169315224288,29.0560101758652,87868
12936340,2021-08-01 00:00:00,better_return,6-10,59.593560575806556,61.05899087078337,26.577751428771716,128579
12936340,2021-08-01 00:00:00,max_sharpe,11-20,83.04134385961409,88.00220467786266,16.894699648761524,33372
12936340,2021-08-01 00:00:00,max_sharpe,2,39.88400781823232,38.009091542945896,33.61412689278476,1377317
12936340,2021-08-01 00:00:00,max_sharpe,21+,87.72117357237829,91.05621464966676,12.505234592359143,7671
12936340,2021-08-01 00:00:00,max_sharpe,3,53.85216994297917,60.88032921855033,31.719644826120874,387290
12936340,2021-08-01 00:00:00,max_sharpe,4,64.84731152311572,74.66188761530128,28.123098763376632,164067
12936340,2021-08-01 00:00:00,max_sharpe,5,70.25105270648746,79.71002945782847,25.500363596550496,87868
12936340,2021-08-01 00:00:00,max_sharpe,6-10,75.5326342893037,82.87172007385429,22.264514475825685,128579
12936340,2021-08-01 00:00:00,safer_risk,11-20,67.25085777418151,69.17155220946444,18.429337689600697,33372
12936340,2021-08-01 00:00:00,safer_risk,2,2.066231241497828e-07,7.311716093694187e-08,2.5716538017535467e-06,1377317
12936340,2021-08-01 00:00:00,safer_risk,21+,76.69822949067579,79.57902809709238,14.881119681174313,7671
12936340,2021-08-01 00:00:00,safer_risk,3,22.105701748976628,15.4454590834551,21.55724230595784,387290
12936340,2021-08-01 00:00:00,safer_risk,4,36.15838807913587,33.03260469142438,23.7986884553292,164067
12936340,2021-08-01 00:00:00,safer_risk,5,43.66480601914053,42.6276652430886,23.003963377135005,87868
12936340,2021-08-01 00:00:00,safer_risk,6-10,53.20791185844844,53.169978265502884,21.806196738912277,128579
13136427,2021-09-01 00:00:00,better_return,11-20,64.7864909172589,64.89106935760725,20.78643116745678,34339
13136427,2021-09-01 00:00:00,better_return,2,25.828024646011894,4.02900010323769,31.983983324800846,1443291
13136427,2021-09-01 00:00:00,better_return,21+,73.9966758959469,74.93586228223701,16.971557620976785,7691
13136427,2021-09-01 00:00:00,better_return,3,32.09776508996351,24.30577567423813,28.6246777594903,405738
13136427,2021-09-01 00:00:00,better_return,4,40.93544096459887,36.76264003290514,27.426573397863937,170978
13136427,2021-09-01 00:00:00,better_return,5,45.540930657051014,41.81059072957125,26.62350851889741,91181
13136427,2021-09-01 00:00:00,better_return,6-10,53.425789064821835,51.948042487813204,25.116238916598164,133423
13136427,2021-09-01 00:00:00,max_sharpe,11-20,69.77215783891207,70.49631105239546,16.779762227723012,34339
13136427,2021-09-01 00:00:00,max_sharpe,2,38.481118497771284,32.91812233027025,31.990456624840416,1443291
13136427,2021-09-01 00:00:00,max_sharpe,21+,75.71956343396792,76.72765090764729,14.470031880675148,7691
13136427,2021-09-01 00:00:00,max_sharpe,3,48.521674401067074,47.11634610961484,29.184699972211092,405738
13136427,2021-09-01 00:00:00,max_sharpe,4,55.2128493459759,54.839964371529106,26.292589941904623,170978
13136427,2021-09-01 00:00:00,max_sharpe,5,57.84019779270781,57.43604324761967,24.296540410442056,91181
13136427,2021-09-01 00:00:00,max_sharpe,6-10,62.78558458197645,63.23213555205495,21.33319328207976,133423
13136427,2021-09-01 00:00:00,safer_risk,11-20,58.22347715683291,58.18614633615824,17.151244301816483,34339
13136427,2021-09-01 00:00:00,safer_risk,2,4.45626437705e-07,2.8595713991164118e-08,3.2926880102850475e-06,1443291
13136427,2021-09-01 00:00:00,safer_risk,21+,66.88376948368386,67.5685218167724,15.330859626980606,7691
13136427,2021-09-01 00:00:00,safer_risk,3,20.04739301583742,14.859971440510286,19.242218809023232,405738
13136427,2021-09-01 00:00:00,safer_risk,4,31.166075784194348,27.73071182478337,20.79618164777822,170978
13136427,2021-09-01 00:00:00,safer_risk,5,37.91557685558716,35.55051976308148,20.508423249870265,91181
13136427,2021-09-01 00:00:00,safer_risk,6-10,46.43065345797971,45.363221697930136,19.867877823413814,133423
13330090,2021-10-01 00:00:00,better_return,11-20,66.0720173620433,67.1907524607684,21.474266203368995,35027
13330090,2021-10-01 00:00:00,better_return,2,24.71635079287439,2.0622503421607874e-05,31.54582793922669,1506244
13330090,2021-10-01 00:00:00,better_return,21+,73.25589004714224,74.71271046705596,17.576914125559185,7680
13330090,2021-10-01 00:00:00,better_return,3,33.073347381842424,25.622908265004764,28.478325004304644,425145
13330090,2021-10-01 00:00:00,better_return,4,42.22038370507584,38.68442751711304,28.06297133858342,179301
13330090,2021-10-01 00:00:00,better_return,5,47.49940401445356,44.793170350686395,27.36485669863847,94956
13330090,2021-10-01 00:00:00,better_return,6-10,56.00427106690756,55.39148645489003,25.51945598238192,138454
13330090,2021-10-01 00:00:00,max_sharpe,11-20,76.15700781311503,79.59598870184243,18.57210896808847,35027
13330090,2021-10-01 00:00:00,max_sharpe,2,39.239275875090065,37.452713714784394,33.051017809847465,1506244
13330090,2021-10-01 00:00:00,max_sharpe,21+,80.55543050360552,83.20564320307636,15.029236324707885,7680
13330090,2021-10-01 00:00:00,max_sharpe,3,53.394966534958755,56.03923995756141,29.503767477946248,425145
13330090,2021-10-01 00:00:00,max_sharpe,4,59.943952452676704,65.57835253090063,28.16264912266874,179301
13330090,2021-10-01 00:00:00,max_sharpe,5,64.29741304667535,69.1732380435221,25.881269896832794,94956
13330090,2021-10-01 00:00:00,max_sharpe,6-10,70.1120125687193,74.92069504972517,22.855681823373267,138454
13330090,2021-10-01 00:00:00,safer_risk,11-20,60.73235881079436,61.06710853713886,18.790241515931324,35027
13330090,2021-10-01 00:00:00,safer_risk,2,2.6142074728261204e-06,2.892999798054241e-08,6.360145048117372e-05,1506244
13330090,2021-10-01 00:00:00,safer_risk,21+,68.4596233464676,69.7010755397009,16.67786786090909,7680
13330090,2021-10-01 00:00:00,safer_risk,3,22.069391691521496,16.33551097073344,20.76531687346443,425145
13330090,2021-10-01 00:00:00,safer_risk,4,33.54049865153598,30.09249542639742,22.136462779386754,179301
13330090,2021-10-01 00:00:00,safer_risk,5,40.88788390161949,39.69133079987658,21.80379206162633,94956
13330090,2021-10-01 00:00:00,safer_risk,6-10,49.4812073139266,48.67312613336735,21.230607219655198,138454
13527859,2021-11-01 00:00:00,better_return,11-20,64.77462468743137,65.45263022235042,21.805133136491975,37902
13527859,2021-11-01 00:00:00,better_return,2,22.93217718952615,1.6004374242539754e-06,32.264476931434174,1580886
13527859,2021-11-01 00:00:00,better_return,21+,72.60585325192645,73.97416661863147,17.524706778419883,8755
13527859,2021-11-01 00:00:00,better_return,3,31.10880365972813,23.196439229091666,28.42674346369856,446367
13527859,2021-11-01 00:00:00,better_return,4,40.91195474844696,36.40892141908792,28.652250770148772,187689
13527859,2021-11-01 00:00:00,better_return,5,45.96768465382096,42.74493835301665,27.358492690368276,99374
13527859,2021-11-01 00:00:00,better_return,6-10,53.82994419017551,52.48144535046656,26.083382530254692,146327
13527859,2021-11-01 00:00:00,max_sharpe,11-20,74.4411270988706,77.82467188416717,19.13899002784787,37902
13527859,2021-11-01 00:00:00,max_sharpe,2,36.4412284279629,29.92530181924687,33.320115508866785,1580886
13527859,2021-11-01 00:00:00,max_sharpe,21+,79.2280490610771,82.1916564059245,15.363187078022285,8755
13527859,2021-11-01 00:00:00,max_sharpe,3,48.57278570857587,49.57538026453633,31.147706437718366,446367
13527859,2021-11-01 00:00:00,max_sharpe,4,57.83321832061244,61.70342722451782,28.41719507884853,187689
13527859,2021-11-01 00:00:00,max_sharpe,5,62.544061564301614,66.34514196313415,26.240193976361954,99374
13527859,2021-11-01 00:00:00,max_sharpe,6-10,67.58347930812207,71.33989615727842,23.74621709166804,146327
13527859,2021-11-01 00:00:00,safer_risk,11-20,60.07600107492755,60.583895840815465,18.3032201646216,37902
13527859,2021-11-01 00:00:00,safer_risk,2,9.198862706734008e-07,2.8503829158088578e-08,2.038582376085814e-05,1580886
13527859,2021-11-01 00:00:00,safer_risk,21+,69.73896494884495,70.94242342565292,15.118629937944025,8755
13527859,2021-11-01 00:00:00,safer_risk,3,21.0858570000305,14.709764440935194,20.42002518372413,446367
13527859,2021-11-01 00:00:00,safer_risk,4,33.01788467059102,29.374166007121204,22.02044917863675,187689
13527859,2021-11-01 00:00:00,safer_risk,5,40.46319936742612,38.464463118045195,22.268754220104462,99374
13527859,2021-11-01 00:00:00,safer_risk,6-10,48.407272016029175,47.81709895245021,21.169617512321402,146327
13717847,2021-12-01 00:00:00,better_return,11-20,61.2521200962848,60.513532200565464,21.328117314603116,35542
13717847,2021-12-01 00:00:00,better_return,2,13.916055222702688,5.2563683961004415e-08,24.475670340232096,1654351
13717847,2021-12-01 00:00:00,better_return,21+,68.07673744471435,67.36345355799483,18.057147228862817,8103
13717847,2021-12-01 00:00:00,better_return,3,27.833876994438917,19.691137098620707,26.16447066509523,454408
13717847,2021-12-01 00:00:00,better_return,4,38.28543895847676,33.49535996653149,26.999654822628603,188381
13717847,2021-12-01 00:00:00,better_return,5,43.78201864612554,39.862069900788875,26.356317369521392,97942
13717847,2021-12-01 00:00:00,better_return,6-10,51.71336672984055,50.01549981439801,25.006122080956228,140464
13717847,2021-12-01 00:00:00,max_sharpe,11-20,68.20537284626741,68.56745343412042,18.230443100291446,35542
13717847,2021-12-01 00:00:00,max_sharpe,2,30.03872387439559,19.56640054670851,30.689442890780686,1654351
13717847,2021-12-01 00:00:00,max_sharpe,21+,72.51028417719002,72.41398511401475,15.165859275686508,8103
13717847,2021-12-01 00:00:00,max_sharpe,3,46.06826530019235,44.63590790627659,28.69703864189086,454408
13717847,2021-12-01 00:00:00,max_sharpe,4,55.015354891435614,55.55365775643036,26.351281277805647,188381
13717847,2021-12-01 00:00:00,max_sharpe,5,58.63552123116342,59.093314425543404,24.57584849799323,97942
13717847,2021-12-01 00:00:00,max_sharpe,6-10,63.03922125515624,63.6729006014768,22.377073821913033,140464
13717847,2021-12-01 00:00:00,safer_risk,11-20,54.857376018371134,54.22367681581525,17.496052114241117,35542
13717847,2021-12-01 00:00:00,safer_risk,2,1.8064460425954842e-07,4.457322635986749e-08,7.445488134162652e-06,1654351
13717847,2021-12-01 00:00:00,safer_risk,21+,62.64254355695149,62.07658486108238,15.04629640021172,8103
13717847,2021-12-01 00:00:00,safer_risk,3,20.62607491864341,14.184389510542198,20.020613245515648,454408
13717847,2021-12-01 00:00:00,safer_risk,4,31.27376750653212,27.231956870079976,21.545206924637935,188381
13717847,2021-12-01 00:00:00,safer_risk,5,37.622158207833365,34.955644741282164,21.123801374939813,97942
13717847,2021-12-01 00:00:00,safer_risk,6-10,45.114416254437984,44.05900663249733,19.925931579669594,140464
13916166,2022-01-01 00:00:00,better_return,11-20,69.00613482064442,71.86311934920133,22.962235072068612,31644
13916166,2022-01-01 00:00:00,better_return,2,14.956323276129684,9.682361717944232e-08,26.169292281044136,1701738
13916166,2022-01-01 00:00:00,better_return,21+,77.26792002337919,79.81570831184163,17.77002945199966,6417
13916166,2022-01-01 00:00:00,better_return,3,29.875258083620057,20.2536047495991,28.571641915504653,460689
13916166,2022-01-01 00:00:00,better_return,4,40.73022617289,36.07161005457944,29.688696206598244,188952
13916166,2022-01-01 00:00:00,better_return,5,47.53405756477157,45.3680668143425,28.961274440870515,97051
13916166,2022-01-01 00:00:00,better_return,6-10,57.667426091785615,58.43556322447576,27.51523171440512,135034
13916166,2022-01-01 00:00:00,max_sharpe,11-20,80.62335488439405,86.77512407002857,19.140878340077798,31644
13916166,2022-01-01 00:00:00,max_sharpe,2,32.073066100654295,21.131057688021222,32.857745866569125,1701738
13916166,2022-01-01 00:00:00,max_sharpe,21+,85.64267403762163,89.57920614474418,14.438631964226525,6417
13916166,2022-01-01 00:00:00,max_sharpe,3,54.58573192822598,63.34494177435403,31.41276382746703,460689
13916166,2022-01-01 00:00:00,max_sharpe,4,61.53696467830104,71.01416342198193,29.781198481399983,188952
13916166,2022-01-01 00:00:00,max_sharpe,5,65.8563598746999,74.95976400433229,28.0082886260819,97051
13916166,2022-01-01 00:00:00,max_sharpe,6-10,73.33851878764212,81.86062126748965,24.41406743391073,135034
13916166,2022-01-01 00:00:00,safer_risk,11-20,61.55109426511161,62.45414095239072,18.180328821142385,31644
13916166,2022-01-01 00:00:00,safer_risk,2,2.33618847477584e-07,4.629864547300855e-08,9.103443964757451e-06,1701738
13916166,2022-01-01 00:00:00,safer_risk,21+,71.5154728177875,73.03325501908475,14.597049102730859,6417
13916166,2022-01-01 00:00:00,safer_risk,3,23.16066588248309,15.895826228172306,21.795255361713906,460689
13916166,2022-01-01 00:00:00,safer_risk,4,35.011418118688276,31.271555796535296,23.41927249268165,188952
13916166,2022-01-01 00:00:00,safer_risk,5,41.40432444544298,39.46017000300262,22.425293631044507,97051
13916166,2022-01-01 00:00:00,safer_risk,6-10,49.77083077893764,49.07867397586695,21.09776581725904,135034
14116761,2022-02-01 00:00:00,better_return,11-20,71.9962829240012,76.77061974629915,23.29520822862439,36604
14116761,2022-02-01 00:00:00,better_return,2,14.815536679901134,1.0366569755393407e-07,25.400907443052624,1773560
14116761,2022-02-01 00:00:00,better_return,21+,81.42542929860578,87.00476970532551,18.644176907991664,8053
14116761,2022-02-01 00:00:00,better_return,3,31.044067704115143,22.626662563388983,28.68505113250987,486662
14116761,2022-02-01 00:00:00,better_return,4,42.58927524547773,38.897055271997594,29.72630878560501,201205
14116761,2022-02-01 00:00:00,better_return,5,49.64758798590523,48.98417636415543,28.89142074988064,104030
14116761,2022-02-01 00:00:00,better_return,6-10,59.76214351493902,61.72770898013427,27.660900507432025,148141
14116761,2022-02-01 00:00:00,max_sharpe,11-20,83.5901141933483,89.20558044261388,18.34129937980584,36604
14116761,2022-02-01 00:00:00,max_sharpe,2,33.03664046858078,23.515014179462938,32.99524138645767,1773560
14116761,2022-02-01 00:00:00,max_sharpe,21+,89.8731186130816,93.5982586527593,13.246101706996877,8053
14116761,2022-02-01 00:00:00,max_sharpe,3,56.09398574650578,66.00074056649414,31.060844214701792,486662
14116761,2022-02-01 00:00:00,max_sharpe,4,63.407527436711476,73.82000858178561,29.349219332210275,201205
14116761,2022-02-01 00:00:00,max_sharpe,5,68.18208073114978,77.8012893207553,27.296696580603903,104030
14116761,2022-02-01 00:00:00,max_sharpe,6-10,74.92171695702115,84.10366208068915,24.244731854802165,148141
14116761,2022-02-01 00:00:00,safer_risk,11-20,64.83862958151747,66.1440187416207,17.95543727479778,36604
14116761,2022-02-01 00:00:00,safer_risk,2,1.231399525314457e-06,7.297854751064925e-08,5.2669623020713e-06,1773560
14116761,2022-02-01 00:00:00,safer_risk,21+,75.20298775282646,77.55011914463016,15.032237126971737,8053
14116761,2022-02-01 00:00:00,safer_risk,3,23.223869430205195,16.494775608830906,21.39792488237823,486662
14116761,2022-02-01 00:00:00,safer_risk,4,35.88373692976687,33.023258826627035,23.015778820069798,201205
14116761,2022-02-01 00:00:00,safer_risk,5,43.19814266066927,42.37682716835564,22.406323509920547,104030
14116761,2022-02-01 00:00:00,safer_risk,6-10,51.6919832867466,52.055590590846656,21.231631276433433,148141
14297759,2022-03-01 00:00:00,better_return,11-20,75.99139255369744,82.61205170739095,22.970489760994923,44085
14297759,2022-03-01 00:00:00,better_return,2,16.04833094883646,8.796634948238236e-08,26.34915812742268,1857650
14297759,2022-03-01 00:00:00,better_return,21+,84.54681433571456,90.16745568371608,17.075570601367037,10425
14297759,2022-03-01 00:00:00,better_return,3,32.366711112956295,24.8900071369702,29.327187156319848,522181
14297759,2022-03-01 00:00:00,better_return,4,43.422686994270556,39.85945587938019,30.51080138087175,220458
14297759,2022-03-01 00:00:00,better_return,5,51.58852463567458,50.79945345720406,29.79243867928531,115448
14297759,2022-03-01 00:00:00,better_return,6-10,62.99435808882898,67.2870616087282,28.133255624742326,168681
14297759,2022-03-01 00:00:00,max_sharpe,11-20,86.66589368243442,89.99999999999989,15.92990340335765,44085
14297759,2022-03-01 00:00:00,max_sharpe,2,34.350731839973115,26.688348855748675,33.28836469760178,1857650
14297759,2022-03-01 00:00:00,max_sharpe,21+,92.11458749233196,95.16587841708485,10.28949596494299,10425
14297759,2022-03-01 00:00:00,max_sharpe,3,57.66668896357949,68.70020091192141,30.92836946608159,522181
14297759,2022-03-01 00:00:00,max_sharpe,4,66.61443464802531,78.58292871310003,28.64674358990135,220458
14297759,2022-03-01 00:00:00,max_sharpe,5,72.27223088914727,82.95345018439892,26.279540473722037,115448
14297759,2022-03-01 00:00:00,max_sharpe,6-10,78.44465805443473,87.40372627951835,22.771392720482027,168681
14297759,2022-03-01 00:00:00,safer_risk,11-20,65.80925477374903,67.17493308538043,18.138746037849426,44085
14297759,2022-03-01 00:00:00,safer_risk,2,6.587411479533362e-07,7.465102078163532e-08,1.4763794573510897e-05,1857650
14297759,2022-03-01 00:00:00,safer_risk,21+,76.30472542239173,78.76386428408098,14.709032067121168,10425
14297759,2022-03-01 00:00:00,safer_risk,3,23.645516393893768,18.33520707073097,21.10444857254839,522181
14297759,2022-03-01 00:00:00,safer_risk,4,35.13664020419873,32.104467046977234,22.829193918784462,220458
14297759,2022-03-01 00:00:00,safer_risk,5,42.785769953251865,41.83764022739092,22.629872370816365,115448
14297759,2022-03-01 00:00:00,safer_risk,6-10,52.21857757071605,52.39723751226669,21.390474632945892,168681
14497034,2022-04-01 00:00:00,better_return,11-20,72.03170240633438,75.49397773234668,21.30709333085953,44470
14497034,2022-04-01 00:00:00,better_return,2,13.918724878114283,8.106986609801581e-08,24.943857735744412,1856377
14497034,2022-04-01 00:00:00,better_return,21+,80.60796185059398,83.64318325352995,15.843698144203996,10578
14497034,2022-04-01 00:00:00,better_return,3,28.453738314684102,18.879819106054185,27.688102564200015,524611
14497034,2022-04-01 00:00:00,better_return,4,40.99189690453863,36.88177114668886,29.212541230418843,222692
14497034,2022-04-01 00:00:00,better_return,5,49.226131849779264,47.25137585022491,28.440771414924416,117099
14497034,2022-04-01 00:00:00,better_return,6-10,59.509775280435214,60.96226834268499,26.63795926253638,170858
14497034,2022-04-01 00:00:00,max_sharpe,11-20,81.49845517189715,85.92191899985778,16.54679074792061,44470
14497034,2022-04-01 00:00:00,max_sharpe,2,39.29469605241701,39.14419457597117,32.78308533189315,1856377
14497034,2022-04-01 00:00:00,max_sharpe,21+,86.57755901995668,89.39800767563321,12.04035911809923,10578
14497034,2022-04-01 00:00:00,max_sharpe,3,52.21370705573958,57.20643874828028,31.224409026207894,524611
14497034,2022-04-01 00:00:00,max_sharpe,4,62.16187208779647,69.62497324098895,28.27770903784505,222692
14497034,2022-04-01 00:00:00,max_sharpe,5,66.98902333656419,74.48035377385348,26.058409015446557,117099
14497034,2022-04-01 00:00:00,max_sharpe,6-10,73.79624926097192,80.20360279643131,22.420627956658777,170858
14497034,2022-04-01 00:00:00,safer_risk,11-20,65.81283125830157,67.00590734238543,18.072839860095712,44470
14497034,2022-04-01 00:00:00,safer_risk,2,1.6823268850262903e-07,3.874250989466255e-08,8.015641782421862e-06,1856377
14497034,2022-04-01 00:00:00,safer_risk,21+,75.20962026717322,77.05474269987074,14.308844108962731,10578
14497034,2022-04-01 00:00:00,safer_risk,3,23.962244414668337,16.487905195477307,22.64858255854293,524611
14497034,2022-04-01 00:00:00,safer_risk,4,36.21898838583743,33.27071611521433,23.974474144646965,222692
14497034,2022-04-01 00:00:00,safer_risk,5,43.86583227555709,42.54082242528094,23.53831042773472,117099
14497034,2022-04-01 00:00:00,safer_risk,6-10,53.298374371453,53.36838254791002,22.16235564608717,170858
14688630,2022-05-01 00:00:00,better_return,11-20,72.64114631063016,76.87758441891637,22.170814099269233,45604
14688630,2022-05-01 00:00:00,better_return,2,14.61294536498562,2.802967774551135e-07,25.751249563656835,1884041
14688630,2022-05-01 00:00:00,better_return,21+,80.74443490280909,84.75932875565991,16.916003386756692,10834
14688630,2022-05-01 00:00:00,better_return,3,29.602963321832423,19.92677611072753,28.80405782512024,539181
14688630,2022-05-01 00:00:00,better_return,4,42.01202105851036,37.95927544075401,29.913498457992894,229181
14688630,2022-05-01 00:00:00,better_return,5,49.861309689467554,49.453101082240885,29.287587978196672,120201
14688630,2022-05-01 00:00:00,better_return,6-10,60.4430639461365,62.768350066112056,27.127969268539132,174564
14688630,2022-05-01 00:00:00,max_sharpe,11-20,84.55592814828096,89.59030625673172,16.850474414420887,45604
14688630,2022-05-01 00:00:00,max_sharpe,2,34.53160793400456,27.347778421582447,33.23832318633824,1884041
14688630,2022-05-01 00:00:00,max_sharpe,21+,89.55990032390656,93.35001568257522,12.497099937427834,10834
14688630,2022-05-01 00:00:00,max_sharpe,3,52.913257183279875,60.667616958948955,31.939234866647933,539181
14688630,2022-05-01 00:00:00,max_sharpe,4,64.02368570852474,74.63154303843295,28.74089460802135,229181
14688630,2022-05-01 00:00:00,max_sharpe,5,69.69946484661926,79.13913076656122,25.99344568633357,120201
14688630,2022-05-01 00:00:00,max_sharpe,6-10,76.79630694567733,84.90838522197113,22.39638450416416,174564
14688630,2022-05-01 00:00:00,safer_risk,11-20,63.76029820812299,64.69812642269812,17.85910507530742,45604
14688630,2022-05-01 00:00:00,safer_risk,2,1.916502716687814e-07,4.193770192228996e-08,6.2317969121027985e-06,1884041
14688630,2022-05-01 00:00:00,safer_risk,21+,73.12526495282489,74.82428895510819,14.75864357309946,10834
14688630,2022-05-01 00:00:00,safer_risk,3,23.23229256134025,17.816488069681707,21.34036878375763,539181
14688630,2022-05-01 00:00:00,safer_risk,4,35.51125101213444,32.947741920712126,22.85162033419644,229181
14688630,2022-05-01 00:00:00,safer_risk,5,43.44703626867608,42.664414506073264,22.472565395386063,120201
14688630,2022-05-01 00:00:00,safer_risk,6-10,51.995453444767605,52.0052357247524,21.17006440244477,174564
14881677,2022-06-01 00:00:00,better_return,11-20,75.18904119700815,82.79217041066792,24.172804430826314,47598
14881677,2022-06-01 00:00:00,better_return,2,17.280927657692295,1.752205869287593e-06,24.76361469434426,1924171
14881677,2022-06-01 00:00:00,better_return,21+,83.66012442951504,91.08106042298189,19.537011714047203,11675
14881677,2022-06-01 00:00:00,better_return,3,32.39262870649873,25.395943433730462,29.22151768060784,554203
14881677,2022-06-01 00:00:00,better_return,4,45.387493654471584,42.35438769505883,31.062891308949453,236336
14881677,2022-06-01 00:00:00,better_return,5,53.587093489608066,53.887929790337736,30.609001052396316,124134
14881677,2022-06-01 00:00:00,better_return,6-10,63.00835241730706,67.3297414195334,28.699981463859693,180974
14881677,2022-06-01 00:00:00,max_sharpe,11-20,86.19596908616526,89.99999646433128,17.688463066210044,47598
14881677,2022-06-01 00:00:00,max_sharpe,2,34.47347368788585,26.462414060979405,33.42651866996392,1924171
14881677,2022-06-01 00:00:00,max_sharpe,21+,92.14290728312594,95.62171561920759,11.934778540393234,11675
14881677,2022-06-01 00:00:00,max_sharpe,3,56.65086422305144,67.66664139750831,31.618360151394935,554203
14881677,2022-06-01 00:00:00,max_sharpe,4,66.29872499779418,78.9596650728935,28.83437477176217,236336
14881677,2022-06-01 00:00:00,max_sharpe,5,72.24015790241121,83.67034767546633,26.48012629894196,124134
14881677,2022-06-01 00:00:00,max_sharpe,6-10,78.31420436883258,87.93211291292874,23.157410088660953,180974
14881677,2022-06-01 00:00:00,safer_risk,11-20,65.41776863153703,66.89337002140499,18.884698068747994,47598
14881677,2022-06-01 00:00:00,safer_risk,2,4.5068057787135495e-07,3.9825051589836846e-08,1.533586752438618e-05,1924171
14881677,2022-06-01 00:00:00,safer_risk,21+,74.37371757428608,76.94467629526709,16.103922393352278,11675
14881677,2022-06-01 00:00:00,safer_risk,3,22.20551947440148,16.840093808821532,20.646932605585476,554203
14881677,2022-06-01 00:00:00,safer_risk,4,34.476410944399646,31.783989709210225,22.53009368032233,236336
14881677,2022-06-01 00:00:00,safer_risk,5,42.52481090435689,42.09222715988757,22.28529360765709,124134
14881677,2022-06-01 00:00:00,safer_risk,6-10,52.502807410015166,52.92851592985188,21.767339015508494,180974
15053226,2022-07-01 00:00:00,better_return,11-20,72.15100706353884,78.46042418657899,24.6649699524467,47165
15053226,2022-07-01 00:00:00,better_return,2,21.08037467911792,1.533307018852792e-06,30.250271845556743,1941968
15053226,2022-07-01 00:00:00,better_return,21+,80.9187759155545,88.13413176240981,20.60831161313851,11275
15053226,2022-07-01 00:00:00,better_return,3,33.50390500710723,25.728938309287802,29.543155624655164,558954
15053226,2022-07-01 00:00:00,better_return,4,44.149294895288676,40.800007772512956,30.373292162606663,237428
15053226,2022-07-01 00:00:00,better_return,5,50.9870088284328,50.27909153758758,29.52370159188152,125600
15053226,2022-07-01 00:00:00,better_return,6-10,59.97934324327819,62.24010629375796,28.389661628136,182188
15053226,2022-07-01 00:00:00,max_sharpe,11-20,85.03018342625212,89.92562865686848,18.016105723216146,47165
15053226,2022-07-01 00:00:00,max_sharpe,2,41.47014943246611,42.02566553663647,33.832866184676256,1941968
15053226,2022-07-01 00:00:00,max_sharpe,21+,91.14709590759547,94.1771632499452,12.262200017895024,11275
15053226,2022-07-01 00:00:00,max_sharpe,3,56.95819320440277,67.71286265344628,31.603907585826565,558954
15053226,2022-07-01 00:00:00,max_sharpe,4,64.65976850494074,76.64123193478464,29.497691871059637,237428
15053226,2022-07-01 00:00:00,max_sharpe,5,69.58017365350673,81.12149087340313,27.408658528635947,125600
15053226,2022-07-01 00:00:00,max_sharpe,6-10,76.68505837086101,86.61536776359759,23.98002825963623,182188
15053226,2022-07-01 00:00:00,safer_risk,11-20,64.33795275936937,65.39286823608832,19.391284494160907,47165
15053226,2022-07-01 00:00:00,safer_risk,2,2.807126887183864e-07,5.2808677222793143e-08,5.038159270322854e-06,1941968
15053226,2022-07-01 00:00:00,safer_risk,21+,73.82080972884265,76.07354941034038,16.474651063933067,11275
15053226,2022-07-01 00:00:00,safer_risk,3,22.30147988504237,16.4169339965191,21.210624077588086,558954
15053226,2022-07-01 00:00:00,safer_risk,4,34.212469855157124,31.48642664073354,23.026331067148142,237428
15053226,2022-07-01 00:00:00,safer_risk,5,41.89764029889951,40.82837558702661,22.864555250067536,125600
15053226,2022-07-01 00:00:00,safer_risk,6-10,51.46465014103143,51.28920695857757,22.248655943958582,182188
15253306,2022-08-01 00:00:00,better_return,11-20,69.4352317677319,71.91922273899755,22.27769191328989,50365
15253306,2022-08-01 00:00:00,better_return,2,16.72278057680091,2.4402768833420296e-07,27.998081167955476,1961928
15253306,2022-08-01 00:00:00,better_return,21+,78.15898266786314,81.26243945486259,17.20471965321147,12514
15253306,2022-08-01 00:00:00,better_return,3,33.96580578428652,25.18452369713158,30.652783152659094,571654
15253306,2022-08-01 00:00:00,better_return,4,42.74473181808155,38.96111969902696,29.7179998514177,244259
15253306,2022-08-01 00:00:00,better_return,5,49.581565190507334,48.081077802515956,28.635584196107967,129867
15253306,2022-08-01 00:00:00,better_return,6-10,58.35040368033419,59.24911045482252,27.053900992224605,190359
15253306,2022-08-01 00:00:00,max_sharpe,11-20,82.305985769884,88.1474737417683,18.003791870826994,50365
15253306,2022-08-01 00:00:00,max_sharpe,2,44.38900698578069,49.11284061021897,33.450012823846194,1961928
15253306,2022-08-01 00:00:00,max_sharpe,21+,87.62054216503091,91.68919149560926,13.390634988031467,12514
15253306,2022-08-01 00:00:00,max_sharpe,3,58.18237237111511,68.6072595321225,31.014896141370553,571654
15253306,2022-08-01 00:00:00,max_sharpe,4,64.95971608930233,75.16325737749044,28.581088267180576,244259
15253306,2022-08-01 00:00:00,max_sharpe,5,69.41701917564346,78.83436341560939,26.205806708813853,129867
15253306,2022-08-01 00:00:00,max_sharpe,6-10,75.43200015257294,83.93368047521835,23.201082182369703,190359
15253306,2022-08-01 00:00:00,safer_risk,11-20,63.57333048580149,64.25985475414076,18.569886350569817,50365
15253306,2022-08-01 00:00:00,safer_risk,2,4.263977353205769e-07,5.6226110572987764e-08,1.708472322348575e-05,1961928
15253306,2022-08-01 00:00:00,safer_risk,21+,73.31751656760166,74.67625374938046,15.012238521629166,12514
15253306,2022-08-01 00:00:00,safer_risk,3,21.069841688028028,15.144027856431414,20.716750561154626,571654
15253306,2022-08-01 00:00:00,safer_risk,4,33.70695100663514,30.740461166878962,22.74270773643508,244259
15253306,2022-08-01 00:00:00,safer_risk,5,41.62662573596518,40.67961753102776,22.645736400643845,129867
15253306,2022-08-01 00:00:00,safer_risk,6-10,50.90011642506734,50.66421585524169,21.80381851620491,190359
15449618,2022-09-01 00:00:00,better_return,11-20,67.46092272509154,69.51190588203379,21.862098429087418,50817
15449618,2022-09-01 00:00:00,better_return,2,15.047627559277414,3.7422940579734387e-07,25.246543863243776,1968685
15449618,2022-09-01 00:00:00,better_return,21+,77.48301118472418,79.87845843610172,16.810324564080283,12672
15449618,2022-09-01 00:00:00,better_return,3,30.58849160045153,22.407872800084107,28.230076407102906,575657
15449618,2022-09-01 00:00:00,better_return,4,40.311978081033416,35.72226495716777,28.823590693938865,247749
15449618,2022-09-01 00:00:00,better_return,5,46.78942571560194,44.05157329888603,28.07642677096666,131152
15449618,2022-09-01 00:00:00,better_return,6-10,56.26683607488877,56.570570054241884,26.368956348508828,192276
15449618,2022-09-01 00:00:00,max_sharpe,11-20,79.7322370370487,84.13645693117832,17.584967179391878,50817
15449618,2022-09-01 00:00:00,max_sharpe,2,39.999340801020246,40.067759293587635,32.64885511048508,1968685
15449618,2022-09-01 00:00:00,max_sharpe,21+,85.79230366900447,89.10120056325971,12.875857697040344,12672
15449618,2022-09-01 00:00:00,max_sharpe,3,53.6020124738965,58.34171474422533,30.33467714366831,575657
15449618,2022-09-01 00:00:00,max_sharpe,4,62.24319675951938,69.76685735194053,28.110618816174522,247749
15449618,2022-09-01 00:00:00,max_sharpe,5,67.28125398665804,74.5734701722451,25.995129060677474,131152
15449618,2022-09-01 00:00:00,max_sharpe,6-10,72.50577472688228,79.06386395915851,22.987618649603803,192276
15449618,2022-09-01 00:00:00,safer_risk,11-20,60.89684295531866,61.24553176157512,18.235099635235706,50817
15449618,2022-09-01 00:00:00,safer_risk,2,1.4775706171120187e-07,5.254605500715215e-08,4.820322051414112e-06,1968685
15449618,2022-09-01 00:00:00,safer_risk,21+,70.79256498249097,71.86548894960633,14.907341133645089,12672
15449618,2022-09-01 00:00:00,safer_risk,3,22.381907461158864,16.46903643350204,21.450372177229088,575657
15449618,2022-09-01 00:00:00,safer_risk,4,33.73501257955762,30.491300748839613,23.037232949065647,247749
15449618,2022-09-01 00:00:00,safer_risk,5,40.72897493845238,39.08836453530044,22.616037208965793,131152
15449618,2022-09-01 00:00:00,safer_risk,6-10,49.08882673232092,48.67380783422436,21.481465505245556,192276
15649595,2022-10-01 00:00:00,better_return,11-20,68.70788685366965,72.12583667116184,23.94017247826303,49880
15649595,2022-10-01 00:00:00,better_return,2,17.8893037407801,8.22243598208594e-07,28.493306950780593,1971865
15649595,2022-10-01 00:00:00,better_return,21+,77.173486732579,80.71637871978874,19.07190967683819,11956
15649595,2022-10-01 00:00:00,better_return,3,29.34245777879242,19.81228511868489,28.67176328803495,579240
15649595,2022-10-01 00:00:00,better_return,4,40.86612149047216,36.176235348760805,29.597097287175746,248579
15649595,2022-10-01 00:00:00,better_return,5,47.138482261898076,44.7201001590563,29.33427056199118,131565
15649595,2022-10-01 00:00:00,better_return,6-10,56.8506300543081,57.566045919096425,28.300318992155383,192338
15649595,2022-10-01 00:00:00,max_sharpe,11-20,82.2988786817371,89.37824977671731,19.728331718954482,49880
15649595,2022-10-01 00:00:00,max_sharpe,2,41.42741533077102,41.3026882746259,33.87962479387331,1971865
15649595,2022-10-01 00:00:00,max_sharpe,21+,88.02900483582174,92.98564826073684,14.6879765293676,11956
15649595,2022-10-01 00:00:00,max_sharpe,3,53.759919129138055,62.508499771263864,32.708113688411004,579240
15649595,2022-10-01 00:00:00,max_sharpe,4,63.95214955254359,75.82608000671192,29.703338240977097,248579
15649595,2022-10-01 00:00:00,max_sharpe,5,68.86986023678979,80.4392793084488,27.740276635273588,131565
15649595,2022-10-01 00:00:00,max_sharpe,6-10,74.52755408212784,84.82432297333717,24.941933785896367,192338
15649595,2022-10-01 00:00:00,safer_risk,11-20,61.75579579858483,62.039574571201484,18.878216641136323,49880
15649595,2022-10-01 00:00:00,safer_risk,2,2.0748847466302373e-07,3.2238017810826136e-08,5.649836276157855e-06,1971865
15649595,2022-10-01 00:00:00,safer_risk,21+,72.1398143503333,73.24612687298853,15.405988654200236,11956
15649595,2022-10-01 00:00:00,safer_risk,3,21.75625385238214,15.260779539066629,21.586304516941134,579240
15649595,2022-10-01 00:00:00,safer_risk,4,33.86326837025277,30.356373124865765,23.272918559878402,248579
15649595,2022-10-01 00:00:00,safer_risk,5,41.33200810638172,39.790279627492446,23.113771954248733,131565
15649595,2022-10-01 00:00:00,safer_risk,6-10,49.55690543796101,48.968847748198385,22.162795247727264,192338
15871480,2022-11-01 00:00:00,better_return,11-20,66.28025662657697,67.46568022538384,22.171854004315826,52165
15871480,2022-11-01 00:00:00,better_return,2,15.05546156668151,6.107717796799417e-07,26.218265292898955,2002966
15871480,2022-11-01 00:00:00,better_return,21+,75.62774450140788,77.31829498549939,17.441524674839457,13012
15871480,2022-11-01 00:00:00,better_return,3,31.493620512411685,22.120389937175506,29.521215328583025,590957
15871480,2022-11-01 00:00:00,better_return,4,40.55160575488794,36.13281635565406,28.829647867847655,254559
15871480,2022-11-01 00:00:00,better_return,5,47.34225938768576,45.56319684244109,27.778068538382616,134571
15871480,2022-11-01 00:00:00,better_return,6-10,55.53356077510297,55.331552267413045,26.596432310565817,198157
15871480,2022-11-01 00:00:00,max_sharpe,11-20,79.49469286058635,85.61813165343108,19.40858092964108,52165
15871480,2022-11-01 00:00:00,max_sharpe,2,39.71671073477224,37.97036007545401,33.434566053114324,2002966
15871480,2022-11-01 00:00:00,max_sharpe,21+,85.32200051942506,89.64980469457676,14.38015794655664,13012
15871480,2022-11-01 00:00:00,max_sharpe,3,55.144959900741306,62.84558830089906,31.492140193315706,590957
15871480,2022-11-01 00:00:00,max_sharpe,4,62.21839615282932,70.86770141333541,29.325545039252706,254559
15871480,2022-11-01 00:00:00,max_sharpe,5,66.81272866911277,74.99185989165707,27.023338195505325,134571
15871480,2022-11-01 00:00:00,max_sharpe,6-10,72.7440164166527,80.76764214804237,24.256439920530354,198157
15871480,2022-11-01 00:00:00,safer_risk,11-20,59.25732996842538,59.22718493111114,17.666093621492323,52165
15871480,2022-11-01 00:00:00,safer_risk,2,2.9725615430285994e-07,4.72341485369121e-08,1.5037570536961766e-05,2002966
15871480,2022-11-01 00:00:00,safer_risk,21+,69.4205507156228,69.80991524370472,14.629105070694234,13012
15871480,2022-11-01 00:00:00,safer_risk,3,21.188062722451217,15.178797885345588,20.84183781985774,590957
15871480,2022-11-01 00:00:00,safer_risk,4,32.09143105871345,28.826372864589516,22.03329745547553,254559
15871480,2022-11-01 00:00:00,safer_risk,5,39.33239317084281,37.56804048132344,21.729971705911765,134571
15871480,2022-11-01 00:00:00,safer_risk,6-10,47.69643230834467,47.15188490133206,20.840230942243345,198157
16086234,2022-12-01 00:00:00,better_return,11-20,69.97048183818832,72.60921280373097,21.7696777245378,55311
16086234,2022-12-01 00:00:00,better_return,2,16.74404297131618,4.2452128201642125e-07,27.183146495075384,2033795
16086234,2022-12-01 00:00:00,better_return,21+,79.16857926927833,82.20614890473023,16.555633940842466,13560
16086234,2022-12-01 00:00:00,better_return,3,32.13784992443433,23.759636035442494,29.217883967103027,611313
16086234,2022-12-01 00:00:00,better_return,4,40.678222776019915,36.40271233956251,28.680764133539437,266411
16086234,2022-12-01 00:00:00,better_return,5,47.53498115975157,45.96129177805409,28.030836473420756,142621
16086234,2022-12-01 00:00:00,better_return,6-10,57.53970498856045,58.612496935073885,26.529883253366425,210703
16086234,2022-12-01 00:00:00,max_sharpe,11-20,84.39894765126793,89.56197366308368,16.77684095369376,55311
16086234,2022-12-01 00:00:00,max_sharpe,2,33.31833248373742,22.927470549495762,33.264391879321906,2033795
16086234,2022-12-01 00:00:00,max_sharpe,21+,90.28639842194218,93.78620227597924,11.356159851049183,13560
16086234,2022-12-01 00:00:00,max_sharpe,3,54.131814332908206,62.35382578559656,32.06924212831921,611313
16086234,2022-12-01 00:00:00,max_sharpe,4,62.920968147241894,73.1175929702309,29.434912956762787,266411
16086234,2022-12-01 00:00:00,max_sharpe,5,68.80275167388749,78.33047095147647,26.576914551572354,142621
16086234,2022-12-01 00:00:00,max_sharpe,6-10,75.70794384954641,84.50503348173862,23.223758954695775,210703
16086234,2022-12-01 00:00:00,safer_risk,11-20,63.031450416780224,63.7406277625018,17.81367884903956,55311
16086234,2022-12-01 00:00:00,safer_risk,2,1.8211941636562047e-07,3.6842814910009736e-08,6.2695184257473135e-06,2033795
16086234,2022-12-01 00:00:00,safer_risk,21+,73.24185394666027,74.5163562488674,14.29332167402369,13560
16086234,2022-12-01 00:00:00,safer_risk,3,22.328198254502794,16.55425472522864,20.711685253671355,611313
16086234,2022-12-01 00:00:00,safer_risk,4,34.13124521813037,31.009578884306578,22.5449625326965,266411
16086234,2022-12-01 00:00:00,safer_risk,5,42.12709843252538,40.47434980828828,22.58261061893727,142621
16086234,2022-12-01 00:00:00,safer_risk,6-10,50.80417055358973,50.56143591045543,21.232690098317587,210703
16308190,2023-01-01 00:00:00,better_return,11-20,71.15323826619934,76.09638052485839,24.037858192694905,57297
16308190,2023-01-01 00:00:00,better_return,2,16.496339679058117,7.660263451336746e-07,26.053688653455847,2035061
16308190,2023-01-01 00:00:00,better_return,21+,81.06835850587052,86.28773381091884,18.46195777761893,13978
16308190,2023-01-01 00:00:00,better_return,3,31.135365328337535,22.55662346955731,29.250625473336108,619231
16308190,2023-01-01 00:00:00,better_return,4,42.9045723262767,38.99458173387869,29.838542285424957,272470
16308190,2023-01-01 00:00:00,better_return,5,49.283468751767124,47.83924089809435,29.1708774119456,146426
16308190,2023-01-01 00:00:00,better_return,6-10,58.83788653453059,60.23304574404992,28.01055081252482,218218
16308190,2023-01-01 00:00:00,max_sharpe,11-20,84.58615965493809,89.77492138103497,17.851470111695306,57297
16308190,2023-01-01 00:00:00,max_sharpe,2,38.89783762539848,37.0130872679862,34.01381834240583,2035061
16308190,2023-01-01 00:00:00,max_sharpe,21+,91.09554069637916,93.99222760107514,11.371773000741708,13978
16308190,2023-01-01 00:00:00,max_sharpe,3,53.32371092331167,61.543417317779635,32.74546320540094,619231
16308190,2023-01-01 00:00:00,max_sharpe,4,63.669460058894224,75.64810572484504,29.702515873538037,272470
16308190,2023-01-01 00:00:00,max_sharpe,5,68.88256144972087,80.34136994334995,27.597320896875964,146426
16308190,2023-01-01 00:00:00,max_sharpe,6-10,75.52065498938978,85.6637803070103,24.573511787102916,218218
16308190,2023-01-01 00:00:00,safer_risk,11-20,63.145021636895045,64.12035667947367,18.649881975259145,57297
16308190,2023-01-01 00:00:00,safer_risk,2,4.174887481034828e-07,4.826397892454537e-08,4.282217256006626e-05,2035061
16308190,2023-01-01 00:00:00,safer_risk,21+,73.35144837041554,74.892731051926,15.117976154912874,13978
16308190,2023-01-01 00:00:00,safer_risk,3,21.260061078161424,14.757602617335014,20.89440375157438,619231
16308190,2023-01-01 00:00:00,safer_risk,4,34.284399251223135,30.98124735263289,22.87971273555471,272470
16308190,2023-01-01 00:00:00,safer_risk,5,41.736815383496875,40.01977450379408,22.746945446310658,146426
16308190,2023-01-01 00:00:00,safer_risk,6-10,50.678336527693865,50.58078740370482,21.687654219981884,218218
16530248,2023-02-01 00:00:00,better_return,11-20,65.75775462876004,66.11935485784414,20.557366279892616,58433
16530248,2023-02-01 00:00:00,better_return,2,21.639737434277883,7.839281803562193e-06,30.22413718342199,2044766
16530248,2023-02-01 00:00:00,better_return,21+,74.55776194561061,75.48509323160295,17.077110277477455,14315
16530248,2023-02-01 00:00:00,better_return,3,29.744470392856552,21.42700291908058,27.96319347170061,621625
16530248,2023-02-01 00:00:00,better_return,4,40.91603360783846,36.986217828359536,28.09813794936293,273515
16530248,2023-02-01 00:00:00,better_return,5,47.270917561776905,44.539235879214075,27.021766849451904,147318
16530248,2023-02-01 00:00:00,better_return,6-10,55.15140632213821,54.261716684253,24.885946861430327,219523
16530248,2023-02-01 00:00:00,max_sharpe,11-20,72.87470665365448,74.0631354761238,17.119022457102986,58433
16530248,2023-02-01 00:00:00,max_sharpe,2,39.93383241829125,38.32609836505751,32.64966854398969,2044766
16530248,2023-02-01 00:00:00,max_sharpe,21+,78.82644742513813,79.94460194663448,13.632947247476721,14315
16530248,2023-02-01 00:00:00,max_sharpe,3,50.305098845885986,51.36080602247639,30.038358187393467,621625
16530248,2023-02-01 00:00:00,max_sharpe,4,58.315854442305664,61.09220410913774,26.914607877100618,273515
16530248,2023-02-01 00:00:00,max_sharpe,5,62.25035540290403,65.01190280999086,24.731276258651153,147318
16530248,2023-02-01 00:00:00,max_sharpe,6-10,66.68326223007533,68.33055923131353,21.896160472069568,219523
16530248,2023-02-01 00:00:00,safer_risk,11-20,58.0888503634876,58.044485338536866,16.699904823943047,58433
16530248,2023-02-01 00:00:00,safer_risk,2,2.3061194575778234e-07,3.1451395654524816e-08,9.79313424713711e-06,2044766
16530248,2023-02-01 00:00:00,safer_risk,21+,67.9316578242353,68.01226250968789,14.504641864353935,14315
16530248,2023-02-01 00:00:00,safer_risk,3,19.793043197448803,14.355241536450336,19.412289909136792,621625
16530248,2023-02-01 00:00:00,safer_risk,4,31.597579332170923,28.700949480597803,20.891198163259514,273515
16530248,2023-02-01 00:00:00,safer_risk,5,38.588567072546475,36.98871411470833,20.707989237144783,147318
16530248,2023-02-01 00:00:00,safer_risk,6-10,46.69741847825997,46.26190024129454,19.546653402086122,219523
16730072,2023-03-01 00:00:00,better_return,11-20,63.30425001005569,63.0020205985373,20.290786045799575,57087
16730072,2023-03-01 00:00:00,better_return,2,20.60598498910309,3.674844770151786e-06,29.632063526826336,2059018
16730072,2023-03-01 00:00:00,better_return,21+,73.02470693169049,73.42654170903242,16.768669550159775,13707
16730072,2023-03-01 00:00:00,better_return,3,27.204907746234543,19.433202119915542,25.987927510392847,625124
16730072,2023-03-01 00:00:00,better_return,4,37.767236256319066,34.18837689821186,26.0866557774117,274832
16730072,2023-03-01 00:00:00,better_return,5,44.06638954973594,41.69734800034105,25.372665985710103,146898
16730072,2023-03-01 00:00:00,better_return,6-10,52.29564506557626,50.86516475597163,23.999088602729465,218907
16730072,2023-03-01 00:00:00,max_sharpe,11-20,69.21047630851182,69.23981713169461,16.611330503155994,57087
16730072,2023-03-01 00:00:00,max_sharpe,2,32.7530174181978,29.95089355168914,27.050199253068932,2059018
16730072,2023-03-01 00:00:00,max_sharpe,21+,76.14644627376184,76.43656969023769,13.701227564899893,13707
16730072,2023-03-01 00:00:00,max_sharpe,3,45.52504982031213,44.13975782155721,27.29028911143917,625124
16730072,2023-03-01 00:00:00,max_sharpe,4,53.42385879189726,52.567559325427666,24.700689136068043,274832
16730072,2023-03-01 00:00:00,max_sharpe,5,57.19041740773532,56.872611340855244,22.82758326410157,146898
16730072,2023-03-01 00:00:00,max_sharpe,6-10,62.21254816544678,61.92079033018939,20.468693092564934,218907
16730072,2023-03-01 00:00:00,safer_risk,11-20,57.48866864399966,57.330072402125744,16.467745776880953,57087
16730072,2023-03-01 00:00:00,safer_risk,2,3.4668410837822494e-07,5.7575788581232246e-08,8.381368664513756e-06,2059018
16730072,2023-03-01 00:00:00,safer_risk,21+,67.84073219872597,68.02913942220403,14.246487206821381,13707
16730072,2023-03-01 00:00:00,safer_risk,3,19.01619162835347,12.958666100839666,19.2841133601626,625124
16730072,2023-03-01 00:00:00,safer_risk,4,30.257870087301328,27.33717279399219,20.767072764560197,274832
16730072,2023-03-01 00:00:00,safer_risk,5,36.82219430272414,35.1606548539384,20.251634249771957,146898
16730072,2023-03-01 00:00:00,safer_risk,6-10,45.62156818589004,44.94807690009763,19.1946769415493,218907
16950603,2023-04-01 00:00:00,better_return,11-20,71.21952655920907,74.75623812229375,21.68446198018642,60547
16950603,2023-04-01 00:00:00,better_return,2,13.975065994463701,2.924538985982217e-07,24.60430478628269,2072645
16950603,2023-04-01 00:00:00,better_return,21+,80.51074707754717,84.29693624608588,16.70414139586483,14784
16950603,2023-04-01 00:00:00,better_return,3,29.938077009136023,20.37053074691654,28.485272441588293,631652
16950603,2023-04-01 00:00:00,better_return,4,42.0473064609049,38.51484703201975,29.597089979105785,280512
16950603,2023-04-01 00:00:00,better_return,5,49.735762545108756,48.423272327296075,28.589624472797777,150842
16950603,2023-04-01 00:00:00,better_return,6-10,58.78391191681451,60.47690627207529,26.723785444857803,227155
16950603,2023-04-01 00:00:00,max_sharpe,11-20,83.08983099430193,88.56732561091957,17.389034439539202,60547
16950603,2023-04-01 00:00:00,max_sharpe,2,38.903105215548216,37.03302477851501,33.702299240663905,2072645
16950603,2023-04-01 00:00:00,max_sharpe,21+,88.33525423414987,92.18684857034796,12.572109376160753,14784
16950603,2023-04-01 00:00:00,max_sharpe,3,55.27202715093801,61.90750708913349,30.983799017667458,631652
16950603,2023-04-01 00:00:00,max_sharpe,4,63.732075135177155,73.92887774525073,29.012725845683814,280512
16950603,2023-04-01 00:00:00,max_sharpe,5,68.61078807875388,78.30740690120294,26.6362256027142,150842
16950603,2023-04-01 00:00:00,max_sharpe,6-10,75.40128164986449,83.61860248519817,22.96142702609574,227155
16950603,2023-04-01 00:00:00,safer_risk,11-20,63.60593016863666,64.80178405776073,17.972889526491546,60547
16950603,2023-04-01 00:00:00,safer_risk,2,1.9736894925534044e-07,4.341275186559024e-08,6.608858245038345e-06,2072645
16950603,2023-04-01 00:00:00,safer_risk,21+,73.9071591062622,75.59737551357993,14.788490410374482,14784
16950603,2023-04-01 00:00:00,safer_risk,3,21.745860224034338,16.33966072006644,21.042756727286203,631652
16950603,2023-04-01 00:00:00,safer_risk,4,34.03977977632679,31.087524348012803,22.674093639140338,280512
16950603,2023-04-01 00:00:00,safer_risk,5,41.622318126599474,40.593274878680155,22.392095892995773,150842
16950603,2023-04-01 00:00:00,safer_risk,6-10,50.847878478095474,51.17930998784973,21.30894916244487,227155
17162287,2023-05-01 00:00:00,better_return,11-20,69.83356906317731,73.76374130997637,23.219541535956086,61459
17162287,2023-05-01 00:00:00,better_return,2,12.895563407535976,6.319415338240653e-08,24.44827323364449,2089300
17162287,2023-05-01 00:00:00,better_return,21+,78.88799424804071,82.49835216461729,17.876982414208573,15161
17162287,2023-05-01 00:00:00,better_return,3,31.036244860909797,22.085063761627318,29.290146444959063,635269
17162287,2023-05-01 00:00:00,better_return,4,41.52955220514652,37.29642397293985,30.175982284780815,281891
17162287,2023-05-01 00:00:00,better_return,5,48.17405216011526,47.09936938242174,29.232824696625684,151230
17162287,2023-05-01 00:00:00,better_return,6-10,57.86166669193515,59.51983743931986,27.630818449884153,228405
17162287,2023-05-01 00:00:00,max_sharpe,11-20,81.67947975832642,87.85749598095128,18.86330202197346,61459
17162287,2023-05-01 00:00:00,max_sharpe,2,39.17595351272673,37.36841702446953,33.827125437803105,2089300
17162287,2023-05-01 00:00:00,max_sharpe,21+,86.9897578063519,91.05807736173611,13.607578394369709,15161
17162287,2023-05-01 00:00:00,max_sharpe,3,53.71580764834931,61.27091832820294,32.214660962052456,635269
17162287,2023-05-01 00:00:00,max_sharpe,4,63.949397231302605,74.43778181143213,29.340203960236828,281891
17162287,2023-05-01 00:00:00,max_sharpe,5,69.4131862052399,79.74888653989834,27.087361612954314,151230
17162287,2023-05-01 00:00:00,max_sharpe,6-10,74.52242072074237,83.33195985601391,24.00335500749834,228405
17162287,2023-05-01 00:00:00,safer_risk,11-20,63.03642047612204,64.48771188229591,18.740945311898344,61459
17162287,2023-05-01 00:00:00,safer_risk,2,1.9101063279319334e-07,3.092091444001355e-08,4.588434472865186e-06,2089300
17162287,2023-05-01 00:00:00,safer_risk,21+,73.15406285559084,74.95933275242199,15.255979463642008,15161
17162287,2023-05-01 00:00:00,safer_risk,3,21.40669948413058,15.326501842175702,21.05215474605285,635269
17162287,2023-05-01 00:00:00,safer_risk,4,34.09808506179462,31.303483040467096,22.865878791745093,281891
17162287,2023-05-01 00:00:00,safer_risk,5,41.5144060127724,40.51305616772879,22.646426170479995,151230
17162287,2023-05-01 00:00:00,safer_risk,6-10,50.629640818392375,50.79062984285188,21.762465901708346,228405
17382266,2023-06-01 00:00:00,better_return,11-20,68.13389349879608,70.76050391940691,23.2889488304944,60229
17382266,2023-06-01 00:00:00,better_return,2,14.834039240248373,5.372272432468961e-07,26.302866881769848,2097209
17382266,2023-06-01 00:00:00,better_return,21+,77.16586721436254,79.81762039067992,18.016063813049776,14238
17382266,2023-06-01 00:00:00,better_return,3,31.17102804756085,22.489812782169153,28.973910519447255,635238
17382266,2023-06-01 00:00:00,better_return,4,41.53070125518156,37.170987009570446,29.638108260683403,281283
17382266,2023-06-01 00:00:00,better_return,5,47.77199431320838,45.37097020933395,28.88958546843414,150722
17382266,2023-06-01 00:00:00,better_return,6-10,56.80603326122133,57.42284190416294,27.443742755211197,225942
17382266,2023-06-01 00:00:00,max_sharpe,11-20,83.2990109332767,89.15489698886117,18.039253920866084,60229
17382266,2023-06-01 00:00:00,max_sharpe,2,40.909404356087606,40.798054219946536,33.96489347962415,2097209
17382266,2023-06-01 00:00:00,max_sharpe,21+,88.28600598839769,92.19243034357825,13.114607138415312,14238
17382266,2023-06-01 00:00:00,max_sharpe,3,57.121988671467214,67.79642863148501,31.64106369996781,635238
17382266,2023-06-01 00:00:00,max_sharpe,4,65.51141209986238,77.21930113292402,28.981496637046632,281283
17382266,2023-06-01 00:00:00,max_sharpe,5,70.76090418669054,81.39615855691298,26.624876986975945,150722
17382266,2023-06-01 00:00:00,max_sharpe,6-10,76.18561785719868,85.09027552670008,23.29671219280257,225942
17382266,2023-06-01 00:00:00,safer_risk,11-20,59.255401563406025,59.56423649507231,17.683316140342278,60229
17382266,2023-06-01 00:00:00,safer_risk,2,3.1439016059784384e-07,4.3594633458710064e-08,1.808910785609259e-05,2097209
17382266,2023-06-01 00:00:00,safer_risk,21+,68.67914788243587,69.44662022835168,14.945626714602762,14238
17382266,2023-06-01 00:00:00,safer_risk,3,21.532168112050798,15.768722103562546,20.367320946486526,635238
17382266,2023-06-01 00:00:00,safer_risk,4,33.23498534910915,30.510688857707557,21.931645222936417,281283
17382266,2023-06-01 00:00:00,safer_risk,5,40.12728469209709,38.804342082292095,21.490828260400512,150722
17382266,2023-06-01 00:00:00,safer_risk,6-10,48.40648562548723,47.92921714047198,20.63605092535856,225942
17595510,2023-07-01 00:00:00,better_return,11-20,71.46749865264086,75.48388618837879,22.699313835493943,66828
17595510,2023-07-01 00:00:00,better_return,2,15.101700352086727,7.196607171300329e-07,25.965190804838844,2122893
17595510,2023-07-01 00:00:00,better_return,21+,81.15595784560324,85.13466425696153,16.94288490187472,16401
17595510,2023-07-01 00:00:00,better_return,3,30.144493741660913,21.614057653985988,28.501584793156766,657873
17595510,2023-07-01 00:00:00,better_return,4,41.990080152668526,37.82543139311202,29.850552820348533,296049
17595510,2023-07-01 00:00:00,better_return,5,49.424966227095176,47.62078499407296,29.209310551730784,161216
17595510,2023-07-01 00:00:00,better_return,6-10,58.57246445685136,59.92607989368747,27.689206048796155,245084
17595510,2023-07-01 00:00:00,max_sharpe,11-20,86.11385347097308,89.97701561631428,15.888621497708668,66828
17595510,2023-07-01 00:00:00,max_sharpe,2,33.17393800406237,22.683009511097417,33.33218577048446,2122893
17595510,2023-07-01 00:00:00,max_sharpe,21+,91.4806197802943,94.57146465058405,10.781936574204423,16401
17595510,2023-07-01 00:00:00,max_sharpe,3,54.01435824138686,63.48675132724979,32.30303532313391,657873
17595510,2023-07-01 00:00:00,max_sharpe,4,65.06439680043005,77.06754177002034,29.114940216866444,296049
17595510,2023-07-01 00:00:00,max_sharpe,5,70.22228806646804,81.23162810731941,26.879555992977938,161216
17595510,2023-07-01 00:00:00,max_sharpe,6-10,77.42810150233693,86.29800965506104,22.731585773437715,245084
17595510,2023-07-01 00:00:00,safer_risk,11-20,61.61820545412421,62.14613360593147,17.629583148302782,66828
17595510,2023-07-01 00:00:00,safer_risk,2,3.251192691293063e-07,4.4217289552062056e-08,1.2594252652126581e-05,2122893
17595510,2023-07-01 00:00:00,safer_risk,21+,71.3663100507627,72.47636072276197,14.557466836720616,16401
17595510,2023-07-01 00:00:00,safer_risk,3,21.616014967990996,15.44901331271479,21.339476184860413,657873
17595510,2023-07-01 00:00:00,safer_risk,4,33.910627568395824,30.635342386427133,23.094314160652228,296049
17595510,2023-07-01 00:00:00,safer_risk,5,40.77612052927041,39.22231380221899,22.397299737976635,161216
17595510,2023-07-01 00:00:00,safer_risk,6-10,49.74569717758525,49.605448184847674,21.048603914267044,245084
17816434,2023-08-01 00:00:00,better_return,11-20,68.24907809056573,70.47905883750583,22.0080656151547,69572
17816434,2023-08-01 00:00:00,better_return,2,17.645595632266758,9.361190905776695e-07,28.29815700913944,2164077
17816434,2023-08-01 00:00:00,better_return,21+,77.00518298238707,79.56701864492788,17.425774824846723,17200
17816434,2023-08-01 00:00:00,better_return,3,31.150160114100593,22.4074640186864,28.68389096188951,674821
17816434,2023-08-01 00:00:00,better_return,4,42.526028021569076,38.87467311625778,29.072169992317043,305319
17816434,2023-08-01 00:00:00,better_return,5,49.1797550658751,47.95773234034514,28.24229861682858,166771
17816434,2023-08-01 00:00:00,better_return,6-10,57.26440112821645,57.91148823308294,26.494474299091042,254293
17816434,2023-08-01 00:00:00,max_sharpe,11-20,80.89083227933338,86.46211941396108,18.22262395705959,69572
17816434,2023-08-01 00:00:00,max_sharpe,2,38.99774921097357,37.24897316139812,33.919315864288336,2164077
17816434,2023-08-01 00:00:00,max_sharpe,21+,85.90096248095213,89.71511810381006,13.571140583871122,17200
17816434,2023-08-01 00:00:00,max_sharpe,3,53.26459064089444,60.61535385311754,32.1152907433393,674821
17816434,2023-08-01 00:00:00,max_sharpe,4,62.83345907920685,72.82617972319788,29.15528254539546,305319
17816434,2023-08-01 00:00:00,max_sharpe,5,67.92175983302369,77.55972072175247,26.858608530845085,166771
17816434,2023-08-01 00:00:00,max_sharpe,6-10,73.62005828189191,81.707733530795,23.64458101333173,254293
17816434,2023-08-01 00:00:00,safer_risk,11-20,60.221479742884696,60.93047817899105,17.072540866265676,69572
17816434,2023-08-01 00:00:00,safer_risk,2,4.187308244011415e-07,3.964191266914163e-08,1.2528043411458606e-05,2164077
17816434,2023-08-01 00:00:00,safer_risk,21+,69.22242004192685,70.39748769814858,14.687594515858141,17200
17816434,2023-08-01 00:00:00,safer_risk,3,21.23341635663344,15.969867382291305,20.141304200344553,674821
17816434,2023-08-01 00:00:00,safer_risk,4,33.12382777779493,30.324249159813334,21.761974080669354,305319
17816434,2023-08-01 00:00:00,safer_risk,5,40.16126399834093,38.97572294158383,21.326140407003603,166771
17816434,2023-08-01 00:00:00,safer_risk,6-10,48.68639255605267,48.732916093815795,20.226920591451144,254293
18037988,2023-09-01 00:00:00,better_return,11-20,69.60619249411997,72.16387853331045,22.640716938471073,70566
18037988,2023-09-01 00:00:00,better_return,2,16.4706952187774,5.098997342412037e-07,27.49052276207124,2173584
18037988,2023-09-01 00:00:00,better_return,21+,77.37411235772102,79.93978057077891,17.913851852535785,17668
18037988,2023-09-01 00:00:00,better_return,3,34.9341325231234,26.694154670978882,31.00321263446521,681765
18037988,2023-09-01 00:00:00,better_return,4,44.690281184153115,41.715443087156565,30.131181125369064,308617
18037988,2023-09-01 00:00:00,better_return,5,51.138383087879504,50.13149872585541,29.003097712449698,168673
18037988,2023-09-01 00:00:00,better_return,6-10,59.165886252753964,60.405036978424846,27.194216559209934,257328
18037988,2023-09-01 00:00:00,max_sharpe,11-20,84.60577247632818,89.93028399570862,17.665555338102926,70566
18037988,2023-09-01 00:00:00,max_sharpe,2,35.298558261083414,28.825933783736467,33.61737275457934,2173584
18037988,2023-09-01 00:00:00,max_sharpe,21+,89.92043106391783,94.01997930480039,12.806338592344456,17668
18037988,2023-09-01 00:00:00,max_sharpe,3,55.94180297292682,66.38163594183446,32.066260454112516,681765
18037988,2023-09-01 00:00:00,max_sharpe,4,64.41256136729508,76.14517206774778,29.477118857196185,308617
18037988,2023-09-01 00:00:00,max_sharpe,5,69.75608663207241,80.88743614065376,27.101836967155595,168673
18037988,2023-09-01 00:00:00,max_sharpe,6-10,76.32944290169915,85.86530442080192,23.670639890832433,257328
18037988,2023-09-01 00:00:00,safer_risk,11-20,57.24628712266159,57.53967973481912,16.30757774809723,70566
18037988,2023-09-01 00:00:00,safer_risk,2,2.8453041714741962e-06,4.31964700120524e-08,0.000171561289321914,2173584
18037988,2023-09-01 00:00:00,safer_risk,21+,65.75301497498106,66.10841126736749,14.96557701820853,17668
18037988,2023-09-01 00:00:00,safer_risk,3,21.14897740357255,15.835989983606034,19.57382495040014,681765
18037988,2023-09-01 00:00:00,safer_risk,4,31.298294115979047,28.828349686183063,20.480119239595492,308617
18037988,2023-09-01 00:00:00,safer_risk,5,38.13274601605714,37.20074363721777,20.20503941397592,168673
18037988,2023-09-01 00:00:00,safer_risk,6-10,46.56871372735241,46.496041225056004,19.02606168758014,257328
18251965,2023-10-01 00:00:00,better_return,11-20,68.1818469101922,69.84473523726294,22.20205093118271,72368
18251965,2023-10-01 00:00:00,better_return,2,17.61678106155088,7.42876239689938e-07,28.510159477439522,2193100
18251965,2023-10-01 00:00:00,better_return,21+,75.99460375944098,77.58012774698001,17.41898570800175,18162
18251965,2023-10-01 00:00:00,better_return,3,33.417659439244375,24.479170669099737,30.53339647112828,688795
18251965,2023-10-01 00:00:00,better_return,4,42.96344268225887,38.644342969100094,29.961611804241507,312812
18251965,2023-10-01 00:00:00,better_return,5,49.18248512222502,46.44943055621854,29.093195916758976,170815
18251965,2023-10-01 00:00:00,better_return,6-10,57.64747100390087,57.81860427816188,27.06266510273457,261942
18251965,2023-10-01 00:00:00,max_sharpe,11-20,83.05409662319755,88.64379298985682,17.390556592892906,72368
18251965,2023-10-01 00:00:00,max_sharpe,2,40.972681782679786,41.18535167331993,33.95460888509445,2193100
18251965,2023-10-01 00:00:00,max_sharpe,21+,88.41926250773284,91.8893707134186,12.484783364714572,18162
18251965,2023-10-01 00:00:00,max_sharpe,3,55.48329151663768,65.56167176191634,31.90420408628833,688795
18251965,2023-10-01 00:00:00,max_sharpe,4,63.626381970182685,74.7991107960098,29.536275186376287,312812
18251965,2023-10-01 00:00:00,max_sharpe,5,68.44840693002268,78.97909004364567,27.410516434696934,170815
18251965,2023-10-01 00:00:00,max_sharpe,6-10,75.13495352930629,84.02496766377928,23.49082541584228,261942
18251965,2023-10-01 00:00:00,safer_risk,11-20,57.806172505356734,57.852995583524795,16.17913109591903,72368
18251965,2023-10-01 00:00:00,safer_risk,2,4.63242904381185e-07,6.750202480310108e-08,1.3449692497637983e-05,2193100
18251965,2023-10-01 00:00:00,safer_risk,21+,66.05086328265902,66.10880637855928,14.492822546460369,18162
18251965,2023-10-01 00:00:00,safer_risk,3,21.96556696684358,16.082815216787004,20.367500085071804,688795
18251965,2023-10-01 00:00:00,safer_risk,4,32.56208778769372,29.88063951967777,21.05877716168459,312812
18251965,2023-10-01 00:00:00,safer_risk,5,39.22830024942481,37.9284874982733,20.498655028650166,170815
18251965,2023-10-01 00:00:00,safer_risk,6-10,47.426356848784984,47.20613312598288,19.231226373593348,261942
18473543,2023-11-01 00:00:00,better_return,11-20,63.18893745163801,62.55540721753414,22.12156110600745,74325
18473543,2023-11-01 00:00:00,better_return,2,14.296056318230828,2.3365738788250212e-07,25.291010476747985,2215717
18473543,2023-11-01 00:00:00,better_return,21+,71.40630104427996,71.15972745157265,18.464164673175173,18620
18473543,2023-11-01 00:00:00,better_return,3,32.160534004375286,24.70323973061754,28.57123335251922,698541
18473543,2023-11-01 00:00:00,better_return,4,41.14054441425012,36.83017188553993,28.50637364981227,319297
18473543,2023-11-01 00:00:00,better_return,5,46.41036840498987,43.584902863440156,27.62741140973505,174401
18473543,2023-11-01 00:00:00,better_return,6-10,53.59663817104804,51.892760765122276,25.91929453288348,268412
18473543,2023-11-01 00:00:00,max_sharpe,11-20,70.26578487012513,71.16580532137323,18.91801313289303,74325
18473543,2023-11-01 00:00:00,max_sharpe,2,39.64253051379458,37.94300838177912,32.929920309578335,2215717
18473543,2023-11-01 00:00:00,max_sharpe,21+,75.33227759533955,75.744522054562,15.256462682206125,18620
18473543,2023-11-01 00:00:00,max_sharpe,3,51.359249617063206,54.24743574648371,31.07122165977616,698541
18473543,2023-11-01 00:00:00,max_sharpe,4,58.13643060567031,61.33063638821928,28.280236384773627,319297
18473543,2023-11-01 00:00:00,max_sharpe,5,60.83131948554663,63.06769602500233,26.657163192673735,174401
18473543,2023-11-01 00:00:00,max_sharpe,6-10,65.19537991100002,66.95007960740554,23.491953767953586,268412
18473543,2023-11-01 00:00:00,safer_risk,11-20,55.65825967780531,55.243662522734496,16.601616910891543,74325
18473543,2023-11-01 00:00:00,safer_risk,2,2.0578475915318452e-07,4.901389016875868e-08,8.993608088426694e-06,2215717
18473543,2023-11-01 00:00:00,safer_risk,21+,64.85284303695633,64.55266932698557,14.832450344368928,18620
18473543,2023-11-01 00:00:00,safer_risk,3,19.384095105808143,13.511773832941998,18.999734556997797,698541
18473543,2023-11-01 00:00:00,safer_risk,4,30.594438545816992,27.475791488931023,20.60515846616905,319297
18473543,2023-11-01 00:00:00,safer_risk,5,36.666230657626805,34.90266728801137,20.405112576682424,174401
18473543,2023-11-01 00:00:00,safer_risk,6-10,44.98105956448073,44.310525425959916,19.236862690464054,268412
18687851,2023-12-01 00:00:00,better_return,11-20,63.08614059941466,62.26181164249172,21.308697130236357,72252
18687851,2023-12-01 00:00:00,better_return,2,15.258752512559152,3.000522122431626e-07,25.88798220354455,2243568
18687851,2023-12-01 00:00:00,better_return,21+,72.5203471483968,72.43485833569447,17.428900759343982,16870
18687851,2023-12-01 00:00:00,better_return,3,31.416566239670313,25.30392248828154,27.345072424404975,701753
18687851,2023-12-01 00:00:00,better_return,4,41.208979219724924,37.76475821769718,27.406843647413297,320178
18687851,2023-12-01 00:00:00,better_return,5,46.69090833887449,43.324192067423034,26.470581276409767,174488
18687851,2023-12-01 00:00:00,better_return,6-10,53.824994427847116,52.1509965414752,24.986393485889952,267337
18687851,2023-12-01 00:00:00,max_sharpe,11-20,67.75092112004792,67.53114760713702,17.443639507059707,72252
18687851,2023-12-01 00:00:00,max_sharpe,2,38.28099671560859,37.1989723301935,29.97998672709101,2243568
18687851,2023-12-01 00:00:00,max_sharpe,21+,74.42793521517133,74.3758786677868,14.056314976421925,16870
18687851,2023-12-01 00:00:00,max_sharpe,3,48.346153465679095,48.05637810528849,28.881317250943482,701753
18687851,2023-12-01 00:00:00,max_sharpe,4,55.04124201663599,54.91560236849275,25.89676912881723,320178
18687851,2023-12-01 00:00:00,max_sharpe,5,57.86744749933359,57.05392717229667,24.202392675518716,174488
18687851,2023-12-01 00:00:00,max_sharpe,6-10,62.024312069647785,61.82178452739239,21.702899385691858,267337
18687851,2023-12-01 00:00:00,safer_risk,11-20,56.35162240894965,56.15335483157811,16.28498807507844,72252
18687851,2023-12-01 00:00:00,safer_risk,2,2.119578590624234e-07,5.464166757951361e-08,1.9922549136070387e-05,2243568
18687851,2023-12-01 00:00:00,safer_risk,21+,66.1263756374851,65.82933653582671,14.204267239840798,16870
18687851,2023-12-01 00:00:00,safer_risk,3,19.683394292628265,14.206833442808062,19.18632503455737,701753
18687851,2023-12-01 00:00:00,safer_risk,4,30.88359565257095,28.214793977734494,20.173671011230734,320178
18687851,2023-12-01 00:00:00,safer_risk,5,37.27910254136844,35.94645328811313,19.74131611582355,174488
18687851,2023-12-01 00:00:00,safer_risk,6-10,45.55200840131469,44.94345970222861,18.869414568660122,267337
18908895,2024-01-01 00:00:00,better_return,11-20,66.66076853835048,67.00864138662213,21.230188329205326,75551
18908895,2024-01-01 00:00:00,better_return,2,24.354197384225017,0.003114859642500828,30.836640354041947,2294381
18908895,2024-01-01 00:00:00,better_return,21+,74.66459551635378,75.5018137789699,17.582760416536374,17972
18908895,2024-01-01 00:00:00,better_return,3,34.32346123719453,28.983446206657028,27.91671966535895,720178
18908895,2024-01-01 00:00:00,better_return,4,44.37786332267019,41.8840336256109,27.947685265574584,329814
18908895,2024-01-01 00:00:00,better_return,5,50.58383988087844,48.97841416823391,26.99699420068755,180497
18908895,2024-01-01 00:00:00,better_return,6-10,57.623501922324884,57.34691478037356,25.1983680786469,278069
18908895,2024-01-01 00:00:00,max_sharpe,11-20,69.35599934939381,69.77305924569535,16.417389161151522,75551
18908895,2024-01-01 00:00:00,max_sharpe,2,36.94852328458291,37.52588386273139,29.017669066662773,2294381
18908895,2024-01-01 00:00:00,max_sharpe,21+,75.0582000259546,75.43802804290337,13.970856487906564,17972
18908895,2024-01-01 00:00:00,max_sharpe,3,48.97079395862875,47.90263269798997,26.940134488535026,720178
18908895,2024-01-01 00:00:00,max_sharpe,4,55.99193390043338,56.08355012138131,24.73358551478078,329814
18908895,2024-01-01 00:00:00,max_sharpe,5,59.64833418691606,60.12418209594732,22.84961999857445,180497
18908895,2024-01-01 00:00:00,max_sharpe,6-10,63.79618086647283,64.41824829501495,20.364911032406255,278069
18908895,2024-01-01 00:00:00,safer_risk,11-20,56.85507551864831,56.74103004007305,16.189778695697854,75551
18908895,2024-01-01 00:00:00,safer_risk,2,1.0370051761798987e-06,3.5618785698687816e-08,2.108559929899959e-05,2294381
18908895,2024-01-01 00:00:00,safer_risk,21+,65.45410846823776,65.10229288799584,14.470085252280246,17972
18908895,2024-01-01 00:00:00,safer_risk,3,21.023614814595906,16.421758740113333,19.068294085460302,720178
18908895,2024-01-01 00:00:00,safer_risk,4,32.22617968661263,29.971643549184286,20.25085998072084,329814
18908895,2024-01-01 00:00:00,safer_risk,5,39.16733784411459,38.21203435437658,19.76584873892514,180497
18908895,2024-01-01 00:00:00,safer_risk,6-10,46.78548820746277,46.4822533497377,18.79215479322333,278069
19129889,2024-02-01 00:00:00,better_return,11-20,68.37963015380551,69.8632995529479,21.18217506232592,77570
19129889,2024-02-01 00:00:00,better_return,2,23.151619847044273,2.4845659320205105e-05,30.409533758537684,2365365
19129889,2024-02-01 00:00:00,better_return,21+,76.84868194261315,78.44401109270525,16.722686826585267,18587
19129889,2024-02-01 00:00:00,better_return,3,33.49656248331664,26.15063310220139,28.744644247849795,740884
19129889,2024-02-01 00:00:00,better_return,4,44.601826809810326,41.749041811243174,28.954389009599655,338522
19129889,2024-02-01 00:00:00,better_return,5,51.226207539707325,49.98607787533717,27.914855062798658,185166
19129889,2024-02-01 00:00:00,better_return,6-10,58.6731734301392,59.15316629663195,25.727063009401547,286169
19129889,2024-02-01 00:00:00,max_sharpe,11-20,77.61957508096917,80.83552476739243,17.05869314578449,77570
19129889,2024-02-01 00:00:00,max_sharpe,2,39.293342136853774,42.3799004843344,31.262155383689134,2365365
19129889,2024-02-01 00:00:00,max_sharpe,21+,82.1959867757554,83.98648077340665,12.972937256546684,18587
19129889,2024-02-01 00:00:00,max_sharpe,3,54.0947112505305,58.52264427004863,29.823372339394297,740884
19129889,2024-02-01 00:00:00,max_sharpe,4,62.7023788227776,69.51679435412146,27.47903757832225,338522
19129889,2024-02-01 00:00:00,max_sharpe,5,67.17295344505878,73.41299085798501,25.273694154790377,185166
19129889,2024-02-01 00:00:00,max_sharpe,6-10,72.27167259279459,77.47108084654015,22.11622878039343,286169
19129889,2024-02-01 00:00:00,safer_risk,11-20,59.2855230996783,59.490051091442965,16.693990666869908,77570
19129889,2024-02-01 00:00:00,safer_risk,2,1.499854696068244e-07,3.6507113304606875e-08,3.371925220111637e-06,2365365
19129889,2024-02-01 00:00:00,safer_risk,21+,68.17004201024716,68.66712590780214,14.718345109179356,18587
19129889,2024-02-01 00:00:00,safer_risk,3,20.88861539874735,15.365147978090706,20.011840039277015,740884
19129889,2024-02-01 00:00:00,safer_risk,4,32.98369182008519,30.492161173810754,21.22617782738799,338522
19129889,2024-02-01 00:00:00,safer_risk,5,40.15090162794667,39.15358562205624,20.643461995628584,185166
19129889,2024-02-01 00:00:00,safer_risk,6-10,48.51512470493958,48.355719749884166,19.66057912186448,286169
19336607,2024-03-01 00:00:00,better_return,11-20,63.91086920335986,63.813514727066185,22.02781270652516,76398
19336607,2024-03-01 00:00:00,better_return,2,24.82724440779015,1.1757591946576218e-05,32.45872992311488,2392686
19336607,2024-03-01 00:00:00,better_return,21+,73.33567434797443,73.93615368498774,17.88472567156169,17917
19336607,2024-03-01 00:00:00,better_return,3,31.824657289476907,24.902098303209762,28.157588971107764,748022
19336607,2024-03-01 00:00:00,better_return,4,41.337957305851425,36.84606065257967,28.641812948771886,340549
19336607,2024-03-01 00:00:00,better_return,5,47.257848200903695,44.5331321884661,27.845531100613663,185736
19336607,2024-03-01 00:00:00,better_return,6-10,53.697650061046915,52.47920582793499,26.15249736653603,286490
19336607,2024-03-01 00:00:00,max_sharpe,11-20,70.47963802226013,71.3963085635893,17.89379379910962,76398
19336607,2024-03-01 00:00:00,max_sharpe,2,36.38840843298649,31.48955409072083,32.237911525410446,2392686
19336607,2024-03-01 00:00:00,max_sharpe,21+,76.13895583025729,76.74260154609826,14.110644470365008,17917
19336607,2024-03-01 00:00:00,max_sharpe,3,48.8728434266426,49.8624505798335,30.80058289145327,748022
19336607,2024-03-01 00:00:00,max_sharpe,4,56.745234818730744,59.42225305254263,27.912921089051686,340549
19336607,2024-03-01 00:00:00,max_sharpe,5,60.6069761692523,62.71379628623981,25.764245530914685,185736
19336607,2024-03-01 00:00:00,max_sharpe,6-10,64.77029234738404,66.60771512508818,22.96478699956835,286490
19336607,2024-03-01 00:00:00,safer_risk,11-20,57.6815216051206,57.68856707293162,16.754171595848575,76398
19336607,2024-03-01 00:00:00,safer_risk,2,1.2993113729169419e-07,2.956258016162394e-08,3.595769621422356e-06,2392686
19336607,2024-03-01 00:00:00,safer_risk,21+,67.12730237229148,67.30554631056965,14.391366916952407,17917
19336607,2024-03-01 00:00:00,safer_risk,3,20.762651988532497,14.681161201591223,20.243078853851436,748022
19336607,2024-03-01 00:00:00,safer_risk,4,32.22998645035988,29.35294075569667,21.333563171294973,340549
19336607,2024-03-01 00:00:00,safer_risk,5,38.85795164195671,37.57711876525572,20.8870153810118,185736
19336607,2024-03-01 00:00:00,safer_risk,6-10,46.77011448601322,46.40995489312686,20.014947604467103,286490
19557289,2024-04-01 00:00:00,better_return,11-20,62.312301203102486,61.4977225515035,22.1309568519547,80774
19557289,2024-04-01 00:00:00,better_return,2,15.899914727828094,1.7486871325966824e-07,26.58402907891545,2467397
19557289,2024-04-01 00:00:00,better_return,21+,71.48150702061416,71.61703682187206,18.386654624172614,18622
19557289,2024-04-01 00:00:00,better_return,3,30.65289644378228,23.796089669397062,27.53501580798715,780472
19557289,2024-04-01 00:00:00,better_return,4,40.267480916761926,36.02138937352392,28.092739120361085,357489
19557289,2024-04-01 00:00:00,better_return,5,46.23326466424598,43.68069741179049,27.345502813062787,194962
19557289,2024-04-01 00:00:00,better_return,6-10,52.59323970463333,50.94513460017045,25.90210444987432,302487
19557289,2024-04-01 00:00:00,max_sharpe,11-20,66.3968300076176,66.30380158616195,17.293490302565143,80774
19557289,2024-04-01 00:00:00,max_sharpe,2,35.43052193569211,32.66743749801506,29.06235734508451,2467397
19557289,2024-04-01 00:00:00,max_sharpe,21+,72.76623340339752,72.75538307668637,14.529478591391166,18622
19557289,2024-04-01 00:00:00,max_sharpe,3,46.087177994641586,44.390081744920934,27.80584835896318,780472
19557289,2024-04-01 00:00:00,max_sharpe,4,53.013115654584766,52.742238260064944,25.88162215223973,357489
19557289,2024-04-01 00:00:00,max_sharpe,5,56.6682355401993,56.74817639701638,24.016455440469826,194962
19557289,2024-04-01 00:00:00,max_sharpe,6-10,60.43886160519999,60.303680737081145,21.564895512170224,302487
19557289,2024-04-01 00:00:00,safer_risk,11-20,55.98640213784246,55.66216661288192,17.033317134000445,80774
19557289,2024-04-01 00:00:00,safer_risk,2,2.0845437212521772e-07,4.7531586305771256e-08,7.604273947512344e-06,2467397
19557289,2024-04-01 00:00:00,safer_risk,21+,65.51269654680759,65.31603668820219,14.935243971679494,18622
19557289,2024-04-01 00:00:00,safer_risk,3,20.500269943564312,15.095583380281212,19.732685126076433,780472
19557289,2024-04-01 00:00:00,safer_risk,4,30.990602398611387,27.814731466863662,20.968444045028694,357489
19557289,2024-04-01 00:00:00,safer_risk,5,37.6079708095965,36.10625211044258,20.558128129222354,194962
19557289,2024-04-01 00:00:00,safer_risk,6-10,45.400058053749305,44.8597087028208,19.80696439732364,302487
19771560,2024-05-01 00:00:00,better_return,11-20,71.75789851797437,75.22208856073729,22.192836008160416,81634
19771560,2024-05-01 00:00:00,better_return,2,14.119977928355304,1.822293996256441e-07,25.52231319002915,2527987
19771560,2024-05-01 00:00:00,better_return,21+,81.389537708301,85.23334617271361,16.5485104607266,18976
19771560,2024-05-01 00:00:00,better_return,3,31.476967523080734,23.73998138470422,29.174479801107967,792915
19771560,2024-05-01 00:00:00,better_return,4,43.11452273144669,39.30449120225989,29.876304866162446,362055
19771560,2024-05-01 00:00:00,better_return,5,50.217238196287845,48.92815046580678,28.99465318822829,198282
19771560,2024-05-01 00:00:00,better_return,6-10,59.160875752465024,60.23139635238434,27.177647211973117,306090
19771560,2024-05-01 00:00:00,max_sharpe,11-20,83.47539376083024,88.69731670544087,17.189364287369088,81634
19771560,2024-05-01 00:00:00,max_sharpe,2,40.7181441671883,40.05848525091787,33.55328449482889,2527987
19771560,2024-05-01 00:00:00,max_sharpe,21+,88.94445049194418,92.58096996885865,12.227910918568023,18976
19771560,2024-05-01 00:00:00,max_sharpe,3,56.39620723769655,65.42544752349096,31.53126990211351,792915
19771560,2024-05-01 00:00:00,max_sharpe,4,64.1198249272977,73.99306455163575,28.96295076224491,362055
19771560,2024-05-01 00:00:00,max_sharpe,5,69.2154486383759,78.39177533846023,26.472935590703138,198282
19771560,2024-05-01 00:00:00,max_sharpe,6-10,75.4080546762489,83.49432908946298,23.232041513579116,306090
19771560,2024-05-01 00:00:00,safer_risk,11-20,63.47169819021016,64.66630783257241,17.62365663519426,81634
19771560,2024-05-01 00:00:00,safer_risk,2,2.1073957752255566e-07,5.350455911656837e-08,7.2757716889324576e-06,2527987
19771560,2024-05-01 00:00:00,safer_risk,21+,73.92886343639506,75.54160258723209,14.389103829594902,18976
19771560,2024-05-01 00:00:00,safer_risk,3,22.266962574542433,16.383211792297313,21.41734660239439,792915
19771560,2024-05-01 00:00:00,safer_risk,4,34.63186207352956,31.68823919576335,22.684207638940414,362055
19771560,2024-05-01 00:00:00,safer_risk,5,42.17436984555538,41.032573653669346,22.150039928115433,198282
19771560,2024-05-01 00:00:00,safer_risk,6-10,51.068518712663746,51.222025193729166,20.972179601361205,306090
19993250,2024-06-01 00:00:00,better_return,11-20,72.32922502219459,77.09299187893666,23.053197270909195,97897
19993250,2024-06-01 00:00:00,better_return,2,14.001090572859447,6.594579743390838e-08,25.21938339010653,2621212
19993250,2024-06-01 00:00:00,better_return,21+,81.18952272932074,85.62215270044413,17.578490126716773,24372
19993250,2024-06-01 00:00:00,better_return,3,29.73837632176992,19.965190141862934,28.564335189870498,843216
19993250,2024-06-01 00:00:00,better_return,4,41.97305233726949,37.862471616464674,30.0474755862422,390226
19993250,2024-06-01 00:00:00,better_return,5,50.03881053481287,48.67760631496894,29.77605814818691,216589
19993250,2024-06-01 00:00:00,better_return,6-10,59.61885295308771,61.6844147828433,27.918848803732708,346147
19993250,2024-06-01 00:00:00,max_sharpe,11-20,82.60537344193524,89.03314852438646,18.96298729048365,97897
19993250,2024-06-01 00:00:00,max_sharpe,2,34.10466704740399,25.560403368248142,33.2379730672417,2621212
19993250,2024-06-01 00:00:00,max_sharpe,21+,88.21231834479005,92.58291889642915,14.049887741875596,24372
19993250,2024-06-01 00:00:00,max_sharpe,3,52.270172937459705,58.99797039418583,32.69124792044565,843216
19993250,2024-06-01 00:00:00,max_sharpe,4,63.12354512690356,73.91002075668284,29.957637454692993,390226
19993250,2024-06-01 00:00:00,max_sharpe,5,68.53663488763264,79.3996970634197,27.935993830011395,216589
19993250,2024-06-01 00:00:00,max_sharpe,6-10,74.79555224430322,84.02138227209376,24.4730201156284,346147
19993250,2024-06-01 00:00:00,safer_risk,11-20,65.68141679265126,67.29011705946631,18.33513632389237,97897
19993250,2024-06-01 00:00:00,safer_risk,2,2.348600544416909e-07,4.362037953065112e-08,5.1245889412668814e-05,2621212
19993250,2024-06-01 00:00:00,safer_risk,21+,75.85247915177271,78.21850196126286,14.731360151378617,24372
19993250,2024-06-01 00:00:00,safer_risk,3,22.640300254445084,16.174741929465554,22.01571277714991,843216
19993250,2024-06-01 00:00:00,safer_risk,4,35.22646939037149,31.914950801818726,23.665185211401194,390226
19993250,2024-06-01 00:00:00,safer_risk,5,43.06169212291673,41.73483634863629,23.20485115790785,216589
19993250,2024-06-01 00:00:00,safer_risk,6-10,52.75372544007046,53.17742798249332,21.94940561432257,346147
20207949,2024-07-01 00:00:00,better_return,11-20,70.0969581810948,73.08005460789134,22.98450143155918,98827
20207949,2024-07-01 00:00:00,better_return,2,15.04027240635627,1.2818593200791817e-07,26.261789904629016,2645140
20207949,2024-07-01 00:00:00,better_return,21+,78.96549657766268,82.56743074012817,18.065268142372172,24828
20207949,2024-07-01 00:00:00,better_return,3,30.33423707702302,21.296233290006494,29.021718863078842,851634
20207949,2024-07-01 00:00:00,better_return,4,42.133704266132455,38.175966611439655,29.87583185851642,394084
20207949,2024-07-01 00:00:00,better_return,5,49.88744804078628,48.49434521832242,29.327121424563966,219019
20207949,2024-07-01 00:00:00,better_return,6-10,58.532105870816665,59.40582689674056,27.696456975714693,349687
20207949,2024-07-01 00:00:00,max_sharpe,11-20,81.69303973833375,88.38723719450779,19.35801708041169,98827
20207949,2024-07-01 00:00:00,max_sharpe,2,33.983615166818154,25.394985152492566,33.30941271991856,2645140
20207949,2024-07-01 00:00:00,max_sharpe,21+,87.28267324064034,91.74872545689938,14.654889593586649,24828
20207949,2024-07-01 00:00:00,max_sharpe,3,52.69706120849014,60.32556284420801,32.807231709431925,851634
20207949,2024-07-01 00:00:00,max_sharpe,4,63.27403976331041,74.4140017408053,29.867243238590568,394084
20207949,2024-07-01 00:00:00,max_sharpe,5,68.55343584984583,79.60522992385725,27.85054000529703,219019
20207949,2024-07-01 00:00:00,max_sharpe,6-10,74.35364460397854,83.74496406554817,24.727564751565456,349687
20207949,2024-07-01 00:00:00,safer_risk,11-20,62.726938230715426,63.9238026921513,17.276041168729446,98827
20207949,2024-07-01 00:00:00,safer_risk,2,2.7245151715807835e-07,4.2619164447588176e-08,6.3247925667008346e-06,2645140
20207949,2024-07-01 00:00:00,safer_risk,21+,72.71360792924692,74.1876490926534,14.479593420887817,24828
20207949,2024-07-01 00:00:00,safer_risk,3,21.23483787779054,14.710041602692442,21.228557492097483,851634
20207949,2024-07-01 00:00:00,safer_risk,4,33.782916401713166,30.948483346994394,22.3764653648067,394084
20207949,2024-07-01 00:00:00,safer_risk,5,40.91364076420645,39.54716892259266,21.80049388882396,219019
20207949,2024-07-01 00:00:00,safer_risk,6-10,50.1254349573868,50.269531872816195,20.6586070038284,349687
20429973,2024-08-01 00:00:00,better_return,11-20,75.10973132306775,81.2649456854705,22.740163466235114,103771
20429973,2024-08-01 00:00:00,better_return,2,13.820076952427904,7.998571874279214e-08,25.572769470664944,2703233
20429973,2024-08-01 00:00:00,better_return,21+,83.32435118029717,88.69963960291093,17.358374508442648,26407
20429973,2024-08-01 00:00:00,better_return,3,32.537928725507754,23.72007723955518,30.336802809314456,872013
20429973,2024-08-01 00:00:00,better_return,4,44.231472024079096,41.16879073283381,30.955074723808956,405266
20429973,2024-08-01 00:00:00,better_return,5,52.746627227684705,52.96182638053999,30.191189918732942,225690
20429973,2024-08-01 00:00:00,better_return,6-10,62.683938026481364,66.52278955573749,28.015008573250793,363256
20429973,2024-08-01 00:00:00,max_sharpe,11-20,85.26134277224682,89.99995252455442,17.573706210177644,103771
20429973,2024-08-01 00:00:00,max_sharpe,2,35.48523384445685,29.403102391834363,33.51485002741143,2703233
20429973,2024-08-01 00:00:00,max_sharpe,21+,90.40317199873316,94.5493992903166,12.842715318581662,26407
20429973,2024-08-01 00:00:00,max_sharpe,3,55.164562599928566,65.05241625388192,32.37418781968235,872013
20429973,2024-08-01 00:00:00,max_sharpe,4,66.0076914460599,78.45990489116699,29.249646852759085,405266
20429973,2024-08-01 00:00:00,max_sharpe,5,71.75324756018047,83.01645881335077,26.81538069005982,225690
20429973,2024-08-01 00:00:00,max_sharpe,6-10,77.84102602243712,87.1663462422458,23.24122194695261,363256
20429973,2024-08-01 00:00:00,safer_risk,11-20,66.03187341765612,67.2924265718806,17.45101849129982,103771
20429973,2024-08-01 00:00:00,safer_risk,2,1.6487025361933954e-05,6.097105320623797e-08,0.024387456970729124,2703233
20429973,2024-08-01 00:00:00,safer_risk,21+,75.36172962558814,77.21168142390357,14.076243581446576,26407
20429973,2024-08-01 00:00:00,safer_risk,3,22.445706699770014,15.683745851815756,21.831935589097416,872013
20429973,2024-08-01 00:00:00,safer_risk,4,35.56482557682582,32.55496286509883,23.39794982173339,405266
20429973,2024-08-01 00:00:00,safer_risk,5,43.32759104092488,42.26707813840141,22.652332853193045,225690
20429973,2024-08-01 00:00:00,safer_risk,6-10,53.13879856199899,53.43845042071221,21.320473375030495,363256
20651994,2024-09-01 00:00:00,better_return,11-20,75.79141129802161,81.42843383220715,21.94305583230411,107606
20651994,2024-09-01 00:00:00,better_return,2,13.781296934060192,7.004812702104957e-08,25.452067297635338,2742317
20651994,2024-09-01 00:00:00,better_return,21+,84.47925283543628,89.43397363260348,16.17813040034676,27855
20651994,2024-09-01 00:00:00,better_return,3,31.737310110705163,22.754792231409606,30.165410971527603,888297
20651994,2024-09-01 00:00:00,better_return,4,43.49568021499788,40.214342406528026,30.572203358673242,413676
20651994,2024-09-01 00:00:00,better_return,5,51.773563720358624,51.67277075057626,29.844103555806115,230744
20651994,2024-09-01 00:00:00,better_return,6-10,62.212540118981586,65.74350291882895,27.593918729167346,373166
20651994,2024-09-01 00:00:00,max_sharpe,11-20,86.28491951492283,89.99999999987935,16.020684109409732,107606
20651994,2024-09-01 00:00:00,max_sharpe,2,36.81691422501758,32.65823456697024,33.75374046118501,2742317
20651994,2024-09-01 00:00:00,max_sharpe,21+,91.34287257542738,94.66762151384128,11.25164587064509,27855
20651994,2024-09-01 00:00:00,max_sharpe,3,56.62937376336198,67.7052296317568,32.02112676774677,888297
20651994,2024-09-01 00:00:00,max_sharpe,4,66.16171996940459,78.47519780135386,28.92196743690498,413676
20651994,2024-09-01 00:00:00,max_sharpe,5,72.07530687443607,83.01884650913547,26.29523453803684,230744
20651994,2024-09-01 00:00:00,max_sharpe,6-10,78.45708442443743,87.11398668500136,22.2926636519306,373166
20651994,2024-09-01 00:00:00,safer_risk,11-20,68.18967889486527,69.95169273780199,17.967363960891447,107606
20651994,2024-09-01 00:00:00,safer_risk,2,1.5140680466759104e-05,5.7206449993740804e-08,0.02415467843161178,2742317
20651994,2024-09-01 00:00:00,safer_risk,21+,77.07681766385905,79.30900901266024,14.430649033584748,27855
20651994,2024-09-01 00:00:00,safer_risk,3,23.276516728136613,17.273837875844375,22.357503499463693,888297
20651994,2024-09-01 00:00:00,safer_risk,4,36.110712945213805,33.50643683514062,23.856530711863865,413676
20651994,2024-09-01 00:00:00,safer_risk,5,44.24738772982158,43.15094811565103,23.359111416658312,230744
20651994,2024-09-01 00:00:00,safer_risk,6-10,55.05149893223483,55.68786962782289,22.068046604009588,373166
20866919,2024-10-01 00:00:00,better_return,11-20,71.09088966983204,74.22632549331901,21.82328103330511,109951
20866919,2024-10-01 00:00:00,better_return,2,17.37320754333444,6.994514634151017e-07,27.913903140888756,2763399
20866919,2024-10-01 00:00:00,better_return,21+,79.72413013815293,82.71417377701493,16.75263476476148,28591
20866919,2024-10-01 00:00:00,better_return,3,32.162731397414085,23.386515428021454,30.029850424603353,903255
20866919,2024-10-01 00:00:00,better_return,4,42.1612977348758,38.370463919778715,29.7786548693415,420764
20866919,2024-10-01 00:00:00,better_return,5,49.62283128182129,48.53070218857178,28.75838112278888,235367
20866919,2024-10-01 00:00:00,better_return,6-10,59.083919259788296,60.6146202997035,26.933120369454976,381327
20866919,2024-10-01 00:00:00,max_sharpe,11-20,80.72004070808777,85.66715971696175,17.859050979591792,109951
20866919,2024-10-01 00:00:00,max_sharpe,2,39.8643156304685,39.51176881619055,33.589363632551525,2763399
20866919,2024-10-01 00:00:00,max_sharpe,21+,85.05369386469525,88.28619654280632,13.339172081323538,28591
20866919,2024-10-01 00:00:00,max_sharpe,3,55.467448764043404,64.4411446708559,31.835871375346333,903255
20866919,2024-10-01 00:00:00,max_sharpe,4,63.16564758225556,72.72073977193045,29.112161840215506,420764
20866919,2024-10-01 00:00:00,max_sharpe,5,68.02415709595657,76.5281182345683,26.649429290448502,235367
20866919,2024-10-01 00:00:00,max_sharpe,6-10,74.03050721707565,81.45424402375674,23.307827986732235,381327
20866919,2024-10-01 00:00:00,safer_risk,11-20,66.2736794625435,67.71861344059816,18.0070252406575,109951
20866919,2024-10-01 00:00:00,safer_risk,2,1.842563977976401e-07,3.6515426793393146e-08,7.914611626339277e-06,2763399
20866919,2024-10-01 00:00:00,safer_risk,21+,75.23264288210387,77.10400346862065,14.584382323454294,28591
20866919,2024-10-01 00:00:00,safer_risk,3,21.807230816577324,14.911748203362329,22.06130443896788,903255
20866919,2024-10-01 00:00:00,safer_risk,4,35.03911495172458,32.13844705974667,23.620618081357655,420764
20866919,2024-10-01 00:00:00,safer_risk,5,43.388509693188226,42.57190394724051,23.112524611147755,235367
20866919,2024-10-01 00:00:00,safer_risk,6-10,53.50964555703379,54.037578721986016,21.954235233170305,381327
21089069,2024-11-01 00:00:00,better_return,11-20,66.62896975733226,68.03097049523296,21.844351242411832,96152
21089069,2024-11-01 00:00:00,better_return,2,17.699289310469148,1.4944584833531671e-06,28.18531415144501,2794823
21089069,2024-11-01 00:00:00,better_return,21+,75.10348592387507,76.89915219769505,17.726651888973173,22304
21089069,2024-11-01 00:00:00,better_return,3,30.7731002449296,22.529199847229734,28.230623158700023,876239
21089069,2024-11-01 00:00:00,better_return,4,40.90377975627646,36.69831095471612,28.744965763146347,401551
21089069,2024-11-01 00:00:00,better_return,5,47.88708547688178,45.86321660276963,28.090056931158312,221826
21089069,2024-11-01 00:00:00,better_return,6-10,55.88540327389127,55.98193002402353,25.998160881853067,351258
21089069,2024-11-01 00:00:00,max_sharpe,11-20,73.97281917221083,76.49183658981349,18.455352104730053,96152
21089069,2024-11-01 00:00:00,max_sharpe,2,37.65964412830792,33.68901989574288,32.761613460604394,2794823
21089069,2024-11-01 00:00:00,max_sharpe,21+,78.93483100564212,80.99860472474415,14.553409390652012,22304
21089069,2024-11-01 00:00:00,max_sharpe,3,51.07822722385348,53.15916876686836,30.79414229358125,876239
21089069,2024-11-01 00:00:00,max_sharpe,4,58.79528468409189,62.83267519759228,28.3829695384918,401551
21089069,2024-11-01 00:00:00,max_sharpe,5,62.923272616212245,66.78167640656437,26.2608101309994,221826
21089069,2024-11-01 00:00:00,max_sharpe,6-10,67.82768405774745,71.26613761967366,23.19040471228465,351258
21089069,2024-11-01 00:00:00,safer_risk,11-20,61.41683067233976,62.18883411172331,17.62241988782866,96152
21089069,2024-11-01 00:00:00,safer_risk,2,2.0117405591144733e-07,4.8042853723062606e-08,6.9353205723125755e-06,2794823
21089069,2024-11-01 00:00:00,safer_risk,21+,69.99987470496643,71.11030180731674,14.806336758112867,22304
21089069,2024-11-01 00:00:00,safer_risk,3,22.18781650499015,16.34415723710334,20.86790993340363,876239
21089069,2024-11-01 00:00:00,safer_risk,4,34.01898916961145,31.370592664334048,22.532018965624435,401551
21089069,2024-11-01 00:00:00,safer_risk,5,41.13187726524785,40.24993547875226,21.99971210254246,221826
21089069,2024-11-01 00:00:00,safer_risk,6-10,49.99571546728248,50.1134050669047,20.89032620700395,351258
21303934,2024-12-01 00:00:00,better_return,11-20,70.06243380301686,72.17301994324995,21.6223463295148,103511
21303934,2024-12-01 00:00:00,better_return,2,15.771398622731859,3.02688075992652e-07,26.46658924164566,2906042
21303934,2024-12-01 00:00:00,better_return,21+,79.12266259633661,81.88433182031855,17.12495131503715,24387
21303934,2024-12-01 00:00:00,better_return,3,31.462630142646,23.295307758994113,28.167283841302435,917332
21303934,2024-12-01 00:00:00,better_return,4,43.24244728794307,40.3407232342863,28.800975777501982,423844
21303934,2024-12-01 00:00:00,better_return,5,50.31202385801604,49.29496064437294,28.156182606125043,234761
21303934,2024-12-01 00:00:00,better_return,6-10,58.3986925958558,59.282792006197944,26.297195279240665,374506
21303934,2024-12-01 00:00:00,max_sharpe,11-20,73.30086910423023,74.48702977808436,16.894769384324263,103511
21303934,2024-12-01 00:00:00,max_sharpe,2,36.38535226231063,31.55050761833957,31.688838301254258,2906042
21303934,2024-12-01 00:00:00,max_sharpe,21+,79.28680136509288,80.48339987489864,13.180061488483732,24387
21303934,2024-12-01 00:00:00,max_sharpe,3,50.399772122609725,51.324818964395575,29.664803024644073,917332
21303934,2024-12-01 00:00:00,max_sharpe,4,58.33625786024152,60.43021453908328,26.817718733051034,423844
21303934,2024-12-01 00:00:00,max_sharpe,5,62.126040750771715,63.942997865991366,24.659768730284892,234761
21303934,2024-12-01 00:00:00,max_sharpe,6-10,66.73907845334297,68.45664190715826,21.686152989585874,374506
21303934,2024-12-01 00:00:00,safer_risk,11-20,63.03048208452255,63.84718604717885,17.240836152302812,103511
21303934,2024-12-01 00:00:00,safer_risk,2,2.424649422548704e-07,5.313919235194753e-08,2.5426374601199083e-05,2906042
21303934,2024-12-01 00:00:00,safer_risk,21+,72.72532706910718,73.972668678476,14.264145698755726,24387
21303934,2024-12-01 00:00:00,safer_risk,3,22.335764075901672,15.965214509959345,21.634788577860895,917332
21303934,2024-12-01 00:00:00,safer_risk,4,34.63609628292445,31.75303582359892,22.617424242688575,423844
21303934,2024-12-01 00:00:00,safer_risk,5,41.88022469406031,40.70185765186232,22.013975502617576,234761
21303934,2024-12-01 00:00:00,safer_risk,6-10,50.765934514221215,50.81072738682083,20.74797705964178,374506
21525891,2025-01-01 00:00:00,better_return,11-20,68.9659825241765,70.49123863201784,21.743991209592295,117034
21525891,2025-01-01 00:00:00,better_return,2,16.61887623581363,3.170194960711026e-07,26.777514427386652,2974972
21525891,2025-01-01 00:00:00,better_return,21+,78.7420238454359,81.2775301232551,17.144958651032198,30147
21525891,2025-01-01 00:00:00,better_return,3,32.947766121638146,25.632209816463607,28.912975769350084,955258
21525891,2025-01-01 00:00:00,better_return,4,42.30682049833439,38.52517590186213,28.68377266563919,445809
21525891,2025-01-01 00:00:00,better_return,5,48.492131077593235,46.475669524109975,28.07759740056852,249147
21525891,2025-01-01 00:00:00,better_return,6-10,57.672467698137886,57.754359328401485,26.089033600011458,404705
21525891,2025-01-01 00:00:00,max_sharpe,11-20,74.49944070013457,76.3163450003768,17.483618479167514,117034
21525891,2025-01-01 00:00:00,max_sharpe,2,34.758406427542624,31.107657522981697,30.537612183485095,2974972
21525891,2025-01-01 00:00:00,max_sharpe,21+,81.02024573647422,82.68356631681752,13.596761122494549,30147
21525891,2025-01-01 00:00:00,max_sharpe,3,51.85582041089225,54.21218607215394,29.456859708280202,955258
21525891,2025-01-01 00:00:00,max_sharpe,4,57.908569426962465,60.310958136737405,27.428607706441277,445809
21525891,2025-01-01 00:00:00,max_sharpe,5,61.90919637020021,64.27350036317851,25.673684490429228,249147
21525891,2025-01-01 00:00:00,max_sharpe,6-10,67.81576466923411,70.13796968004601,22.174830320923505,404705
21525891,2025-01-01 00:00:00,safer_risk,11-20,62.387073566908775,63.15593953929448,17.62291381220105,117034
21525891,2025-01-01 00:00:00,safer_risk,2,1.3641863801390519e-05,3.616734134403998e-08,0.023190955617838724,2974972
21525891,2025-01-01 00:00:00,safer_risk,21+,73.01904482023323,74.42609675196053,14.57616683916171,30147
21525891,2025-01-01 00:00:00,safer_risk,3,22.83840036345115,16.775656364740904,21.279397988287727,955258
21525891,2025-01-01 00:00:00,safer_risk,4,33.38086643873147,30.57906398127174,22.091134708945376,445809
21525891,2025-01-01 00:00:00,safer_risk,5,40.54781329143292,38.966187164158804,21.955352072355062,249147
21525891,2025-01-01 00:00:00,safer_risk,6-10,50.06744265068779,49.85292053073409,20.734373120548433,404705
21747950,2025-02-01 00:00:00,better_return,11-20,72.6876927398887,77.48897225349218,23.56339869308634,120961
21747950,2025-02-01 00:00:00,better_return,2,15.408399929588613,8.657073391482584e-08,26.718331875728055,3040309
21747950,2025-02-01 00:00:00,better_return,21+,81.78256132327363,86.96978776606446,18.34120623800363,32504
21747950,2025-02-01 00:00:00,better_return,3,31.28857980187788,22.047064621032547,29.772364022158733,972459
21747950,2025-02-01 00:00:00,better_return,4,42.6563722698183,38.30848992130572,30.38529897325345,452960
21747950,2025-02-01 00:00:00,better_return,5,50.300078446580734,49.065960605836956,29.795025326954224,253832
21747950,2025-02-01 00:00:00,better_return,6-10,60.09081656032112,61.98498465262081,28.287732641441867,414316
21747950,2025-02-01 00:00:00,max_sharpe,11-20,82.51903351054679,89.48773359543293,19.530927010247684,120961
21747950,2025-02-01 00:00:00,max_sharpe,2,39.14810959798775,37.788754361217116,33.89558975727983,3040309
21747950,2025-02-01 00:00:00,max_sharpe,21+,87.9310978645985,92.81920343968567,14.96742573010024,32504
21747950,2025-02-01 00:00:00,max_sharpe,3,54.50290246079017,63.43929342292958,32.731507601543996,972459
21747950,2025-02-01 00:00:00,max_sharpe,4,63.7623111800182,75.39038378292936,30.011464664940185,452960
21747950,2025-02-01 00:00:00,max_sharpe,5,69.00436212680948,80.3647390384991,27.891992008600077,253832
21747950,2025-02-01 00:00:00,max_sharpe,6-10,75.03709646238198,85.08846454141559,24.836425574427366,414316
21747950,2025-02-01 00:00:00,safer_risk,11-20,65.48362356401682,66.81554509724234,18.260882283665705,120961
21747950,2025-02-01 00:00:00,safer_risk,2,2.973572839181655e-06,5.696600691162956e-08,5.4561534086925586e-05,3040309
21747950,2025-02-01 00:00:00,safer_risk,21+,76.25253157073053,78.36797654785275,14.577979839538584,32504
21747950,2025-02-01 00:00:00,safer_risk,3,22.360126598203774,15.896787113215732,21.552482090971736,972459
21747950,2025-02-01 00:00:00,safer_risk,4,34.59183769368004,31.504135666332232,23.11171545089037,452960
21747950,2025-02-01 00:00:00,safer_risk,5,42.26310647940601,40.892877318096836,22.741058514223024,253832
21747950,2025-02-01 00:00:00,safer_risk,6-10,52.0850594532964,52.23643203061977,21.78493905165903,414316
21948292,2025-03-01 00:00:00,better_return,11-20,75.54970087683843,82.65704909365981,23.798727344851596,128244
21948292,2025-03-01 00:00:00,better_return,2,17.010793385876383,6.89259310737711e-07,27.611656245761363,3087106
21948292,2025-03-01 00:00:00,better_return,21+,84.16872669795613,91.18899409419012,18.942780442182812,36176
21948292,2025-03-01 00:00:00,better_return,3,32.653777585684885,23.777856229732514,30.257779578347407,990199
21948292,2025-03-01 00:00:00,better_return,4,43.08925026643239,39.21729638461019,30.869598154909067,463198
21948292,2025-03-01 00:00:00,better_return,5,51.279141568238515,51.05729207884423,30.395086340875384,260106
21948292,2025-03-01 00:00:00,better_return,6-10,61.92238453055653,65.55130635748309,28.72472649377045,430466
21948292,2025-03-01 00:00:00,max_sharpe,11-20,86.11035187567444,90.16117791462942,17.916469307037676,128244
21948292,2025-03-01 00:00:00,max_sharpe,2,39.15951658311626,37.69320644837843,33.90230770127129,3087106
21948292,2025-03-01 00:00:00,max_sharpe,21+,91.28353453020004,96.16862327660041,13.891142549384943,36176
21948292,2025-03-01 00:00:00,max_sharpe,3,54.98269869231472,64.36937423028535,32.56912537015597,990199
21948292,2025-03-01 00:00:00,max_sharpe,4,65.07114732528444,77.83033541423256,29.920254067098323,463198
21948292,2025-03-01 00:00:00,max_sharpe,5,70.93055352396938,82.86533973268601,27.537625867517388,260106
21948292,2025-03-01 00:00:00,max_sharpe,6-10,77.69217016476485,87.6863391958132,23.889637125240938,430466
21948292,2025-03-01 00:00:00,safer_risk,11-20,67.05526783329582,68.83435794304089,18.267515441249135,128244
21948292,2025-03-01 00:00:00,safer_risk,2,5.546569011658083e-07,5.912166242683092e-08,3.0421183564209025e-05,3087106
21948292,2025-03-01 00:00:00,safer_risk,21+,76.51976963031926,79.0580604961545,14.883366777685561,36176
21948292,2025-03-01 00:00:00,safer_risk,3,22.933222715002234,16.82756897274275,21.595108603732456,990199
21948292,2025-03-01 00:00:00,safer_risk,4,35.28204859022415,32.312024401355174,23.282699737019083,463198
21948292,2025-03-01 00:00:00,safer_risk,5,43.06795472751322,41.856335630371376,23.193961781057126,260106
21948292,2025-03-01 00:00:00,safer_risk,6-10,53.53546449153529,53.93927308027165,22.06827521426249,430466
22170335,2025-04-01 00:00:00,better_return,11-20,76.95922139875735,84.4959818704061,23.225381532633982,133574
22170335,2025-04-01 00:00:00,better_return,2,14.813135932619545,2.1380847786689472e-07,26.287501833825537,3144260
22170335,2025-04-01 00:00:00,better_return,21+,85.42762369569083,92.01493015977368,17.913170839903778,38287
22170335,2025-04-01 00:00:00,better_return,3,31.719675123957472,22.680997151371834,29.896964385094535,1011545
22170335,2025-04-01 00:00:00,better_return,4,44.264651953846894,41.1998218638869,30.99489900636092,473267
22170335,2025-04-01 00:00:00,better_return,5,52.18960744795018,52.84355113672115,30.390777239744363,266821
22170335,2025-04-01 00:00:00,better_return,6-10,63.32322279973016,67.8380778552824,28.547265226402885,442874
22170335,2025-04-01 00:00:00,max_sharpe,11-20,86.84599963139871,90.80805192384256,17.09995549179817,133574
22170335,2025-04-01 00:00:00,max_sharpe,2,35.66582384040822,29.26147037263227,33.691839194682835,3144260
22170335,2025-04-01 00:00:00,max_sharpe,21+,92.25057860794693,96.28445245123088,12.286043689087705,38287
22170335,2025-04-01 00:00:00,max_sharpe,3,55.56150273502779,66.38885335067489,32.749513614332336,1011545
22170335,2025-04-01 00:00:00,max_sharpe,4,66.00244694812238,79.3320178779627,29.752659027016986,473267
22170335,2025-04-01 00:00:00,max_sharpe,5,71.7316879248116,83.79819931140563,27.333881675310163,266821
22170335,2025-04-01 00:00:00,max_sharpe,6-10,78.45884199003716,88.05903496402061,23.494296847574336,442874
22170335,2025-04-01 00:00:00,safer_risk,11-20,69.06120096027622,71.29826431008328,18.44022638931582,133574
22170335,2025-04-01 00:00:00,safer_risk,2,1.3105722438764385e-05,4.386692536995085e-08,0.022558015253893976,3144260
22170335,2025-04-01 00:00:00,safer_risk,21+,78.46941445269577,81.20474384525946,14.876107710859204,38287
22170335,2025-04-01 00:00:00,safer_risk,3,22.841752655689156,16.50336397111336,21.68287992248806,1011545
22170335,2025-04-01 00:00:00,safer_risk,4,35.70816209679688,33.10445264453361,23.393871655982853,473267
22170335,2025-04-01 00:00:00,safer_risk,5,43.86132899396236,43.20963116120357,23.34576021267467,266821
22170335,2025-04-01 00:00:00,safer_risk,6-10,55.1421922269448,56.11074796841076,22.213331604129834,442874
22385294,2025-05-01 00:00:00,better_return,11-20,72.70441185442246,77.5936344545265,23.094972087536824,133721
22385294,2025-05-01 00:00:00,better_return,2,15.886434107690995,1.2613547220596821e-06,26.151584802145948,3204284
22385294,2025-05-01 00:00:00,better_return,21+,82.07887663547642,86.76417423361114,17.55358106568288,38003
22385294,2025-05-01 00:00:00,better_return,3,32.764689793128916,23.971845631851576,30.011990963899436,1027380
22385294,2025-05-01 00:00:00,better_return,4,42.649725638181835,38.71246632031976,30.295778909607584,479538
22385294,2025-05-01 00:00:00,better_return,5,50.28779612683855,49.38927628178355,29.86638641174509,269048
22385294,2025-05-01 00:00:00,better_return,6-10,60.003484479255306,62.23590769894314,28.01283300873803,444761
22385294,2025-05-01 00:00:00,max_sharpe,11-20,82.77947845881644,89.15773099253188,18.84084635363376,133721
22385294,2025-05-01 00:00:00,max_sharpe,2,39.25220671572807,38.710208495953566,33.875318351017285,3204284
22385294,2025-05-01 00:00:00,max_sharpe,21+,88.27669710410292,92.60440995057935,13.612718967095464,38003
22385294,2025-05-01 00:00:00,max_sharpe,3,55.298221082771235,65.11992751074067,32.607270774321215,1027380
22385294,2025-05-01 00:00:00,max_sharpe,4,64.24425571235173,76.08517979260691,29.894996970490343,479538
22385294,2025-05-01 00:00:00,max_sharpe,5,69.31254182486218,80.55662079149087,27.74530939907907,269048
22385294,2025-05-01 00:00:00,max_sharpe,6-10,75.2800400625035,84.84345321454659,24.536173028359798,444761
22385294,2025-05-01 00:00:00,safer_risk,11-20,67.97206347676786,69.97195233452352,18.475327669530998,133721
22385294,2025-05-01 00:00:00,safer_risk,2,1.288964823707076e-05,4.4069530663604084e-08,0.022345738140838796,3204284
22385294,2025-05-01 00:00:00,safer_risk,21+,77.61450951669686,79.96272769094101,14.523673391706714,38003
22385294,2025-05-01 00:00:00,safer_risk,3,22.450105959059634,15.687107320854617,21.991050743456945,1027380
22385294,2025-05-01 00:00:00,safer_risk,4,35.85376325763564,33.137006092474905,23.690050835283056,479538
22385294,2025-05-01 00:00:00,safer_risk,5,44.389674128503486,43.54437581536001,23.623829709443044,269048
22385294,2025-05-01 00:00:00,safer_risk,6-10,54.69230093658849,55.48889123307513,22.37670531127145,444761
22606143,2025-06-01 00:00:00,better_return,11-20,71.304451944893,74.7361702662688,22.309629750352773,133256
22606143,2025-06-01 00:00:00,better_return,2,16.545896259916297,3.0268713813175196e-06,26.500251202023993,3239062
22606143,2025-06-01 00:00:00,better_return,21+,80.48797276949098,84.11497594313224,17.38634289175978,37112
22606143,2025-06-01 00:00:00,better_return,3,32.568076763790536,25.531080462304644,29.125661058424967,1046239
22606143,2025-06-01 00:00:00,better_return,4,43.607330082867335,40.38101467271393,29.72108196504932,486885
22606143,2025-06-01 00:00:00,better_return,5,50.96261667726665,50.241635203772084,29.049975989571923,272467
22606143,2025-06-01 00:00:00,better_return,6-10,59.540715046924674,61.227551616886096,27.107981642248138,448588
22606143,2025-06-01 00:00:00,max_sharpe,11-20,78.00435557027659,81.70736840719046,17.829409566128245,133256
22606143,2025-06-01 00:00:00,max_sharpe,2,34.53865122508111,26.884658666949697,32.54373049925136,3239062
22606143,2025-06-01 00:00:00,max_sharpe,21+,83.43106323242901,85.87559348617356,13.118895177530554,37112
22606143,2025-06-01 00:00:00,max_sharpe,3,53.01910782942871,58.965957589218775,31.793446369814095,1046239
22606143,2025-06-01 00:00:00,max_sharpe,4,62.23761465174338,69.86886779958601,28.648408994991488,486885
22606143,2025-06-01 00:00:00,max_sharpe,5,67.19107559199769,74.66688137633774,26.469226839916782,272467
22606143,2025-06-01 00:00:00,max_sharpe,6-10,71.82994412338552,77.65967394073465,23.383881808506015,448588
22606143,2025-06-01 00:00:00,safer_risk,11-20,64.97131148771106,66.42903716718229,18.08811942167017,133256
22606143,2025-06-01 00:00:00,safer_risk,2,1.2508067662955345e-05,4.2067935246414834e-08,0.02222544105774691,3239062
22606143,2025-06-01 00:00:00,safer_risk,21+,75.02226549573007,76.87823193945832,14.525819502713757,37112
22606143,2025-06-01 00:00:00,safer_risk,3,21.33934030192652,15.089884934247507,21.024704167969166,1046239
22606143,2025-06-01 00:00:00,safer_risk,4,34.24962394460782,31.63021599894973,22.65143837169052,486885
22606143,2025-06-01 00:00:00,safer_risk,5,42.241343733099065,41.38723281602454,22.504360994349256,272467
22606143,2025-06-01 00:00:00,safer_risk,6-10,51.860350461584545,52.34693448978171,21.544802345333455,448588
22820674,2025-07-01 00:00:00,better_return,11-20,73.3746846045175,78.49754158429877,23.107542896946246,129824
22820674,2025-07-01 00:00:00,better_return,2,17.644486645228483,1.619037279243507e-06,27.036374969446086,3279528
22820674,2025-07-01 00:00:00,better_return,21+,82.10115575811906,86.95625329164378,17.749067336306787,35327
22820674,2025-07-01 00:00:00,better_return,3,32.939548082741894,25.7002726919341,29.48552956597705,1044819
22820674,2025-07-01 00:00:00,better_return,4,44.14707425078837,40.79447215598452,30.427720623186836,483048
22820674,2025-07-01 00:00:00,better_return,5,51.86345399426872,51.687585721060174,29.785555448611017,269502
22820674,2025-07-01 00:00:00,better_return,6-10,61.273934519115365,63.96425235889034,27.967690691214692,442774
22820674,2025-07-01 00:00:00,max_sharpe,11-20,82.62818117648386,89.33238269798079,18.76425320197997,129824
22820674,2025-07-01 00:00:00,max_sharpe,2,39.54611890337412,38.93981786435687,33.85883821670267,3279528
22820674,2025-07-01 00:00:00,max_sharpe,21+,87.50037052699844,92.12002376575383,14.088692378429249,35327
22820674,2025-07-01 00:00:00,max_sharpe,3,55.164093470242626,65.15470908772758,32.724544154512735,1044819
22820674,2025-07-01 00:00:00,max_sharpe,4,65.04510913322963,77.34944656587757,29.507323100710444,483048
22820674,2025-07-01 00:00:00,max_sharpe,5,70.4772374903569,81.86163154820535,27.118000472779613,269502
22820674,2025-07-01 00:00:00,max_sharpe,6-10,76.04589897448959,85.72496034510576,23.969593332496792,442774
22820674,2025-07-01 00:00:00,safer_risk,11-20,65.34989964850766,66.84077611657985,18.186367199793963,129824
22820674,2025-07-01 00:00:00,safer_risk,2,1.2435468628961639e-05,4.1315058318946996e-08,0.022087910754588373,3279528
22820674,2025-07-01 00:00:00,safer_risk,21+,74.96569154403528,76.90002048283596,14.715788031961589,35327
22820674,2025-07-01 00:00:00,safer_risk,3,21.883382285553363,15.32897811945494,21.48406983717522,1044819
22820674,2025-07-01 00:00:00,safer_risk,4,34.735430015889484,32.38697516903312,22.934229389729243,483048
22820674,2025-07-01 00:00:00,safer_risk,5,42.72148181556066,42.00783399089747,22.724476673762755,269502
22820674,2025-07-01 00:00:00,safer_risk,6-10,52.59622043917923,53.07772705010677,21.68000966812725,442774
23042514,2025-08-01 00:00:00,better_return,11-20,71.32546201991424,75.10135874667313,23.103555476198647,131483
23042514,2025-08-01 00:00:00,better_return,2,18.239398769754974,1.7068365949779452e-06,29.071494703556475,3323048
23042514,2025-08-01 00:00:00,better_return,21+,80.71183282611969,84.6015405155454,17.743805236185086,35916
23042514,2025-08-01 00:00:00,better_return,3,32.838715568967466,24.68023007812479,29.77383730272029,1054601
23042514,2025-08-01 00:00:00,better_return,4,43.26445328386831,39.95411599429432,30.05200502922904,486962
23042514,2025-08-01 00:00:00,better_return,5,50.90540072672803,50.08423423410954,29.581159607385192,272017
23042514,2025-08-01 00:00:00,better_return,6-10,60.17140657563299,62.099489569499546,27.616622724293098,445233
23042514,2025-08-01 00:00:00,max_sharpe,11-20,78.47662133702167,82.65619300882992,18.23826789794736,131483
23042514,2025-08-01 00:00:00,max_sharpe,2,40.161827934390466,39.99815171984211,33.355579682707756,3323048
23042514,2025-08-01 00:00:00,max_sharpe,21+,84.00720346162706,86.67514397778746,13.034087031845964,35916
23042514,2025-08-01 00:00:00,max_sharpe,3,54.728925578688084,62.85602041378871,31.44120987002832,1054601
23042514,2025-08-01 00:00:00,max_sharpe,4,62.67378538870821,70.94484108207389,29.120921233689252,486962
23042514,2025-08-01 00:00:00,max_sharpe,5,67.5958657363847,75.53154400600587,26.860037599084258,272017
23042514,2025-08-01 00:00:00,max_sharpe,6-10,72.41630014158578,78.66252514927874,23.608884126816825,445233
23042514,2025-08-01 00:00:00,safer_risk,11-20,64.14575828435804,65.44390477850554,18.104342505018476,131483
23042514,2025-08-01 00:00:00,safer_risk,2,5.807296647208068e-05,3.274433640898522e-08,0.04388573846357249,3323048
23042514,2025-08-01 00:00:00,safer_risk,21+,73.83872576081127,75.50275994954305,14.697958571890721,35916
23042514,2025-08-01 00:00:00,safer_risk,3,21.99561397714991,15.61405577541852,21.468557802545348,1054601
23042514,2025-08-01 00:00:00,safer_risk,4,33.94040388952988,31.154094469128594,22.986555774654793,486962
23042514,2025-08-01 00:00:00,safer_risk,5,41.83112233054726,40.794827146423124,22.83444490669445,272017
23042514,2025-08-01 00:00:00,safer_risk,6-10,51.76635013146947,52.34167962421512,21.776892407738988,445233
23264566,2025-09-01 00:00:00,better_return,11-20,71.86586695519306,75.73234194472565,23.053836827820987,137873
23264566,2025-09-01 00:00:00,better_return,2,18.39090355547457,1.6710003762632208e-06,29.087439655648296,3556476
23264566,2025-09-01 00:00:00,better_return,21+,80.87158899837246,84.90362442442805,17.75968669457833,37166
23264566,2025-09-01 00:00:00,better_return,3,31.98444224980081,23.86791027523673,28.680410636609437,1150129
23264566,2025-09-01 00:00:00,better_return,4,43.89332146266942,40.918937560307704,29.863771638801452,521205
23264566,2025-09-01 00:00:00,better_return,5,51.56387828675792,51.094631647703835,29.355688518000722,289510
23264566,2025-09-01 00:00:00,better_return,6-10,60.85805494726114,62.99614516703903,27.491472429349034,469890
23264566,2025-09-01 00:00:00,max_sharpe,11-20,78.33500466697217,82.16329413675531,18.048119017065236,137873
23264566,2025-09-01 00:00:00,max_sharpe,2,38.371846132199686,37.23928602928386,32.97521381711373,3556476
23264566,2025-09-01 00:00:00,max_sharpe,21+,83.72252940919444,86.24313598847192,13.136445674433846,37166
23264566,2025-09-01 00:00:00,max_sharpe,3,55.770495207532775,61.500248934933325,30.907019890040726,1150129
23264566,2025-09-01 00:00:00,max_sharpe,4,63.233657045530684,70.5539077712564,28.30846338985366,521205
23264566,2025-09-01 00:00:00,max_sharpe,5,67.9337547062849,75.0701963819592,26.0804092245615,289510
23264566,2025-09-01 00:00:00,max_sharpe,6-10,72.64608339182406,78.322615198161,22.927868712223837,469890
23264566,2025-09-01 00:00:00,safer_risk,11-20,64.31336778521688,65.52838630410179,18.574405154462653,137873
23264566,2025-09-01 00:00:00,safer_risk,2,1.1566227412705863e-05,3.4189993891597936e-08,0.021210467534658196,3556476
23264566,2025-09-01 00:00:00,safer_risk,21+,74.0564940192024,75.64831916149063,14.809834122574793,37166
23264566,2025-09-01 00:00:00,safer_risk,3,23.407958740087675,16.566790433626704,22.71166968820304,1150129
23264566,2025-09-01 00:00:00,safer_risk,4,34.920826488000415,31.71073207360473,24.068498677652162,521205
23264566,2025-09-01 00:00:00,safer_risk,5,42.77893226842316,41.19362756873605,23.70100481098169,289510
23264566,2025-09-01 00:00:00,safer_risk,6-10,52.38163195599376,52.693200698957455,22.397422794553258,469890
23479244,2025-10-01 00:00:00,better_return,11-20,73.83528925475332,78.88572134393036,22.762472658106553,139377
23479244,2025-10-01 00:00:00,better_return,2,13.214709992823469,1.860598064507002e-07,25.395237581980382,3690209
23479244,2025-10-01 00:00:00,better_return,21+,82.81512083050917,87.5625433801795,17.207590723743362,38239
23479244,2025-10-01 00:00:00,better_return,3,32.103219570038924,22.12338358767644,29.709056030509664,1202857
23479244,2025-10-01 00:00:00,better_return,4,44.24207713039188,41.109864410573785,30.933987856303474,533524
23479244,2025-10-01 00:00:00,better_return,5,52.44295754143904,52.407362382207644,30.39685017208225,296641
23479244,2025-10-01 00:00:00,better_return,6-10,61.81893821696981,65.07806675873816,28.171857679175837,478371
23479244,2025-10-01 00:00:00,max_sharpe,11-20,83.62672166482014,89.94641193432622,18.561893314853982,139377
23479244,2025-10-01 00:00:00,max_sharpe,2,39.88472227528033,39.9271519035334,34.24026683951663,3690209
23479244,2025-10-01 00:00:00,max_sharpe,21+,89.04040558077212,93.48042591240558,13.248398208559385,38239
23479244,2025-10-01 00:00:00,max_sharpe,3,58.35865888964837,72.98095754206653,32.67876376295657,1202857
23479244,2025-10-01 00:00:00,max_sharpe,4,65.64739953479061,79.75065725636233,30.163946874948756,533524
23479244,2025-10-01 00:00:00,max_sharpe,5,70.89198052053361,83.2919368265306,27.793902424946715,296641
23479244,2025-10-01 00:00:00,max_sharpe,6-10,76.50786918369216,86.76433042194897,24.406816468570607,478371
23479244,2025-10-01 00:00:00,safer_risk,11-20,65.85503640071278,67.37388333212904,18.356369271223198,139377
23479244,2025-10-01 00:00:00,safer_risk,2,1.1114958803649005e-05,3.98655289335359e-08,0.02082291988602983,3690209
23479244,2025-10-01 00:00:00,safer_risk,21+,75.13881827498896,76.94034031726353,14.853029089254479,38239
23479244,2025-10-01 00:00:00,safer_risk,3,25.29773418693223,17.327533214898523,25.03524972887586,1202857
23479244,2025-10-01 00:00:00,safer_risk,4,34.97343852177368,32.00162553517161,24.1232882976258,533524
23479244,2025-10-01 00:00:00,safer_risk,5,42.74863566235563,41.982410424723696,23.741925254605203,296641
23479244,2025-10-01 00:00:00,safer_risk,6-10,53.1868179910762,54.02107325704242,22.284018538656518,478371
23700767,2025-11-01 00:00:00,better_return,11-20,75.7205365209327,82.41002366652744,23.177835793431,141491
23700767,2025-11-01 00:00:00,better_return,2,18.609237363700053,1.5966683281076754e-06,28.68942711236827,3775989
23700767,2025-11-01 00:00:00,better_return,21+,83.57341655596133,88.97418758557025,17.502114650901504,39532
23700767,2025-11-01 00:00:00,better_return,3,34.51137380237945,26.67877334452661,31.387753699264042,1222537
23700767,2025-11-01 00:00:00,better_return,4,47.08888060312068,44.82600432503789,31.551409079420935,540947
23700767,2025-11-01 00:00:00,better_return,5,54.58096390166102,55.35340600671756,30.929353362563596,300485
23700767,2025-11-01 00:00:00,better_return,6-10,63.80290777556791,68.39519422213104,28.72309096997154,483298
23700767,2025-11-01 00:00:00,max_sharpe,11-20,86.96597145462506,91.8239718498758,17.543611401672983,141491
23700767,2025-11-01 00:00:00,max_sharpe,2,37.85768145692628,35.326285602980875,34.51534383937224,3775989
23700767,2025-11-01 00:00:00,max_sharpe,21+,91.54088242862375,95.96623977646539,12.844803589982392,39532
23700767,2025-11-01 00:00:00,max_sharpe,3,59.679846203503224,76.27320919102424,32.68737717477766,1222537
23700767,2025-11-01 00:00:00,max_sharpe,4,67.45461660783018,81.83676404732962,30.203308118952176,540947
23700767,2025-11-01 00:00:00,max_sharpe,5,73.2163267787919,86.26625951648379,27.751897740506788,300485
23700767,2025-11-01 00:00:00,max_sharpe,6-10,79.37633293317874,89.3306152775284,23.932173412624362,483298
23700767,2025-11-01 00:00:00,safer_risk,11-20,65.1428958046304,66.3877847604125,17.70871885363311,141491
23700767,2025-11-01 00:00:00,safer_risk,2,1.0981665185667099e-05,6.163420676608133e-08,0.020584728647385083,3775989
23700767,2025-11-01 00:00:00,safer_risk,21+,74.77961496286274,76.3976470383927,14.706224325580031,39532
23700767,2025-11-01 00:00:00,safer_risk,3,24.833001308889052,18.61773862316884,22.69419339547559,1222537
23700767,2025-11-01 00:00:00,safer_risk,4,35.30812672104898,32.97957265568739,23.077445498767137,540947
23700767,2025-11-01 00:00:00,safer_risk,5,42.7814230872,42.11487582035884,22.680925486817962,300485
23700767,2025-11-01 00:00:00,safer_risk,6-10,52.80461080723433,53.447429154524,21.37367948878407,483298
23914921,2025-12-01 00:00:00,better_return,11-20,76.37401092703612,83.88780224050578,23.813478732610076,148991
23914921,2025-12-01 00:00:00,better_return,2,16.152316670379356,5.6985980934065594e-06,25.771209248843938,4250959
23914921,2025-12-01 00:00:00,better_return,21+,84.2924605481021,90.86807572668542,18.53903755961014,43409
23914921,2025-12-01 00:00:00,better_return,3,38.602523941282165,33.11985718404337,31.997592546258506,1291028
23914921,2025-12-01 00:00:00,better_return,4,48.200545857441085,46.603261683694456,32.29690181058162,563877
23914921,2025-12-01 00:00:00,better_return,5,55.697501436600305,57.56839989716512,31.398492904231293,311476
23914921,2025-12-01 00:00:00,better_return,6-10,64.84174991714875,70.5372856721613,29.108529229724944,501309
23914921,2025-12-01 00:00:00,max_sharpe,11-20,87.27445559496168,92.07323890836211,17.826715599332815,148991
23914921,2025-12-01 00:00:00,max_sharpe,2,39.11111450363856,38.23495031523344,35.26277458511107,4250959
23914921,2025-12-01 00:00:00,max_sharpe,21+,92.54972953259069,96.93299282707386,12.601535050711137,43409
23914921,2025-12-01 00:00:00,max_sharpe,3,56.391444127624005,71.13541741589243,33.80585158176419,1291028
23914921,2025-12-01 00:00:00,max_sharpe,4,66.89468072827837,81.31737700613148,30.680048803932333,563877
23914921,2025-12-01 00:00:00,max_sharpe,5,72.47278272064615,86.03004534343621,28.166522930414523,311476
23914921,2025-12-01 00:00:00,max_sharpe,6-10,78.94121555047317,89.36417018399142,24.58288100373542,501309
23914921,2025-12-01 00:00:00,safer_risk,11-20,65.6048006923842,66.97901502276251,17.831657293120994,148991
23914921,2025-12-01 00:00:00,safer_risk,2,0.006064773603537247,3.301935183608329e-08,0.4921805996026034,4250959
23914921,2025-12-01 00:00:00,safer_risk,21+,75.34174217285688,77.0741918466816,14.740232614943363,43409
23914921,2025-12-01 00:00:00,safer_risk,3,24.80059664271676,20.093926420249375,21.366518296392353,1291028
23914921,2025-12-01 00:00:00,safer_risk,4,35.73050465148212,33.787386490799086,22.917969128928892,563877
23914921,2025-12-01 00:00:00,safer_risk,5,43.035249650050105,42.74863254694425,22.552654319883263,311476
23914921,2025-12-01 00:00:00,safer_risk,6-10,52.9023254360053,53.78050218967048,21.37988054202095,501309
