block_number,date,optimisation,wealth_group,token_group,mean_dist,median_dist,std_dist
9193266,2020-01-01 00:00:00,better_return,$0-1,all,24.972361433148173,1.6942715258538854e-06,32.05846385265031
9193266,2020-01-01 00:00:00,better_return,$0-1,gte5,71.50597248929687,83.47779380055772,24.779070973275527
9193266,2020-01-01 00:00:00,better_return,$0-1,lt5,22.853594724309705,6.681580150269539e-07,30.71648904502311
9193266,2020-01-01 00:00:00,better_return,$1-100,all,47.58814415172451,63.75000724644239,34.85361328889538
9193266,2020-01-01 00:00:00,better_return,$1-100,gte5,55.04367019632707,55.20233803941035,27.689852557972138
9193266,2020-01-01 00:00:00,better_return,$1-100,lt5,47.16053447812414,64.90702369652713,35.17247119367449
9193266,2020-01-01 00:00:00,better_return,$100-1K,all,48.579190231426125,54.92616542149265,32.08267379083043
9193266,2020-01-01 00:00:00,better_return,$100-1K,gte5,61.483066758507576,63.75244921115796,26.104984790095404
9193266,2020-01-01 00:00:00,better_return,$100-1K,lt5,45.181749227046,51.723061090151546,32.64207382740426
9193266,2020-01-01 00:00:00,better_return,$10K+,all,51.66921014447421,58.96125735002222,33.32175116480288
9193266,2020-01-01 00:00:00,better_return,$10K+,gte5,70.04724691763961,77.64103753743106,26.68719807376465
9193266,2020-01-01 00:00:00,better_return,$10K+,lt5,43.72735476702105,47.564995867518654,32.763991475671155
9193266,2020-01-01 00:00:00,better_return,$1K-10K,all,52.91515651905764,61.08480191432268,32.045658538133914
9193266,2020-01-01 00:00:00,better_return,$1K-10K,gte5,66.7038295152357,70.3372962535634,25.35456436721104
9193266,2020-01-01 00:00:00,better_return,$1K-10K,lt5,46.640667592462286,52.535948742399924,32.799985295915874
9193266,2020-01-01 00:00:00,better_return,OVERALL,all,41.17313280215303,43.207972327805436,35.2991259472563
9193266,2020-01-01 00:00:00,better_return,OVERALL,gte5,61.720422261826954,65.58965137298846,27.17559065632647
9193266,2020-01-01 00:00:00,better_return,OVERALL,lt5,39.444376048286074,38.824903105058716,35.35844207658677
9193266,2020-01-01 00:00:00,max_sharpe,$0-1,all,50.134666113077365,49.2944311164811,30.04497855438527
9193266,2020-01-01 00:00:00,max_sharpe,$0-1,gte5,85.33067070076805,91.73970804953852,18.460337413604247
9193266,2020-01-01 00:00:00,max_sharpe,$0-1,lt5,48.53212289513231,46.83875868037754,29.484163025715066
9193266,2020-01-01 00:00:00,max_sharpe,$1-100,all,28.683687801851875,2.5081588070283036,34.88203089252149
9193266,2020-01-01 00:00:00,max_sharpe,$1-100,gte5,76.14437822027699,85.41136251663498,23.657528576929984
9193266,2020-01-01 00:00:00,max_sharpe,$1-100,lt5,25.961592779012904,1.3322676295501878e-13,33.43413308919275
9193266,2020-01-01 00:00:00,max_sharpe,$100-1K,all,60.30802583082048,80.0,35.01964422561347
9193266,2020-01-01 00:00:00,max_sharpe,$100-1K,gte5,79.62263547226286,88.77955316721636,22.802424068383974
9193266,2020-01-01 00:00:00,max_sharpe,$100-1K,lt5,55.222713162048876,79.99999999999994,35.89284724916697
9193266,2020-01-01 00:00:00,max_sharpe,$10K+,all,64.30125999223505,80.00000000000001,35.96214957274912
9193266,2020-01-01 00:00:00,max_sharpe,$10K+,gte5,83.11934687306348,90.25392181882334,24.766562226740795
9193266,2020-01-01 00:00:00,max_sharpe,$10K+,lt5,56.16924206602718,80.0,36.98713733333538
9193266,2020-01-01 00:00:00,max_sharpe,$1K-10K,all,66.39070951822045,80.00000000000001,33.38448293461023
9193266,2020-01-01 00:00:00,max_sharpe,$1K-10K,gte5,82.61187042727079,89.86061169472177,21.484797185028324
9193266,2020-01-01 00:00:00,max_sharpe,$1K-10K,lt5,59.00932520889864,80.0,35.1773044314078
9193266,2020-01-01 00:00:00,max_sharpe,OVERALL,all,39.8224463927761,34.04791081027901,35.96979823251666
9193266,2020-01-01 00:00:00,max_sharpe,OVERALL,gte5,79.78513862285266,88.77492519381241,22.628619609125423
9193266,2020-01-01 00:00:00,max_sharpe,OVERALL,lt5,36.46016475309514,34.04791081027901,34.84151172251088
9193266,2020-01-01 00:00:00,safer_risk,$0-1,all,7.29228390257292,6.71826150266952e-08,15.67939041599459
9193266,2020-01-01 00:00:00,safer_risk,$0-1,gte5,43.88368778344544,44.44650763338385,16.082136927786866
9193266,2020-01-01 00:00:00,safer_risk,$0-1,lt5,5.626205414081903,6.122484047521581e-08,13.472997168204595
9193266,2020-01-01 00:00:00,safer_risk,$1-100,all,7.337892981423807,6.04387956348873e-08,16.482861508055834
9193266,2020-01-01 00:00:00,safer_risk,$1-100,gte5,42.28619822784292,41.66757000372683,19.02691518672862
9193266,2020-01-01 00:00:00,safer_risk,$1-100,lt5,5.333442415508658,3.3862121440186854e-08,13.872058331716357
9193266,2020-01-01 00:00:00,safer_risk,$100-1K,all,18.088178620241315,5.6495994143959365,21.864420038799963
9193266,2020-01-01 00:00:00,safer_risk,$100-1K,gte5,42.75789716223469,43.440827647063536,17.96347726436096
9193266,2020-01-01 00:00:00,safer_risk,$100-1K,lt5,11.59292789731441,1.359319035110218e-06,17.791491049663833
9193266,2020-01-01 00:00:00,safer_risk,$10K+,all,23.522476108247243,12.064749983140691,25.977728389177535
9193266,2020-01-01 00:00:00,safer_risk,$10K+,gte5,50.07227290837967,54.59650441889568,19.98894390248196
9193266,2020-01-01 00:00:00,safer_risk,$10K+,lt5,12.049289440381914,5.008527259597884e-07,18.909607654833597
9193266,2020-01-01 00:00:00,safer_risk,$1K-10K,all,23.977516036334297,17.74081149676132,24.46810112632363
9193266,2020-01-01 00:00:00,safer_risk,$1K-10K,gte5,47.81896107868688,50.421369099047865,18.132283762497316
9193266,2020-01-01 00:00:00,safer_risk,$1K-10K,lt5,13.128547252047568,1.635741675420346e-05,18.57840054941765
9193266,2020-01-01 00:00:00,safer_risk,OVERALL,all,9.114755708491705,7.558552256314854e-08,17.888160328262725
9193266,2020-01-01 00:00:00,safer_risk,OVERALL,gte5,43.77465155076804,44.415827706343364,18.329333081651885
9193266,2020-01-01 00:00:00,safer_risk,OVERALL,lt5,6.198627566953861,6.549144004885932e-08,14.45910525751968
9393154,2020-02-01 00:00:00,better_return,$0-1,all,24.040838594139412,7.995872972362614,28.895863513705304
9393154,2020-02-01 00:00:00,better_return,$0-1,gte5,67.63242807499739,73.83926983794994,24.42588771721092
9393154,2020-02-01 00:00:00,better_return,$0-1,lt5,22.176986396312007,7.995872972362614,27.576110794346732
9393154,2020-02-01 00:00:00,better_return,$1-100,all,44.382736534314,51.93769334944452,35.22556556003357
9393154,2020-02-01 00:00:00,better_return,$1-100,gte5,52.92683388676114,53.92920720356011,25.154349581500078
9393154,2020-02-01 00:00:00,better_return,$1-100,lt5,43.889530232202645,51.261044105327414,35.657916273484744
9393154,2020-02-01 00:00:00,better_return,$100-1K,all,39.07212629280376,39.97913214303291,32.35110089161128
9393154,2020-02-01 00:00:00,better_return,$100-1K,gte5,60.08539858723553,61.81339072975835,25.804069910366955
9393154,2020-02-01 00:00:00,better_return,$100-1K,lt5,34.296183275340276,29.728702359355086,31.780023622248674
9393154,2020-02-01 00:00:00,better_return,$10K+,all,40.41779358624148,45.33908939972,30.92934031592796
9393154,2020-02-01 00:00:00,better_return,$10K+,gte5,58.462206982884474,57.66950575591656,24.231863577558194
9393154,2020-02-01 00:00:00,better_return,$10K+,lt5,32.74761101521654,31.542468781443013,30.27374466103628
9393154,2020-02-01 00:00:00,better_return,$1K-10K,all,42.757602827045325,46.58611351161199,31.307218382983102
9393154,2020-02-01 00:00:00,better_return,$1K-10K,gte5,58.41606510701552,57.55351529761745,25.350331976001957
9393154,2020-02-01 00:00:00,better_return,$1K-10K,lt5,36.295518630246704,36.547415113488995,31.249049888785134
9393154,2020-02-01 00:00:00,better_return,OVERALL,all,38.043408135780616,33.2563978474666,34.206101518138674
9393154,2020-02-01 00:00:00,better_return,OVERALL,gte5,58.05708996229392,59.72430139208906,25.693527289898874
9393154,2020-02-01 00:00:00,better_return,OVERALL,lt5,36.33793530896652,27.705528078542564,34.29968005811195
9393154,2020-02-01 00:00:00,max_sharpe,$0-1,all,51.44685851521301,46.881187138927295,27.44755137403993
9393154,2020-02-01 00:00:00,max_sharpe,$0-1,gte5,80.78448904695489,87.03706814842718,18.014125172206228
9393154,2020-02-01 00:00:00,max_sharpe,$0-1,lt5,50.19246500038954,44.440522577435736,27.080097804415196
9393154,2020-02-01 00:00:00,max_sharpe,$1-100,all,24.4206774023405,4.122034620738078,30.64871021684459
9393154,2020-02-01 00:00:00,max_sharpe,$1-100,gte5,65.08652324388564,70.27633467259882,23.566402999566307
9393154,2020-02-01 00:00:00,max_sharpe,$1-100,lt5,22.07324962590198,0.048263811542878975,29.33493403018445
9393154,2020-02-01 00:00:00,max_sharpe,$100-1K,all,60.06603323739121,80.0,31.89446775533254
9393154,2020-02-01 00:00:00,max_sharpe,$100-1K,gte5,73.41615680788316,85.27498931620984,24.73590769029236
9393154,2020-02-01 00:00:00,max_sharpe,$100-1K,lt5,57.0317876160816,80.0,32.552869033646395
9393154,2020-02-01 00:00:00,max_sharpe,$10K+,all,51.26016060175056,52.37587009878239,32.849542013904795
9393154,2020-02-01 00:00:00,max_sharpe,$10K+,gte5,63.567906054809285,64.77613047777743,27.559042841197968
9393154,2020-02-01 00:00:00,max_sharpe,$10K+,lt5,46.02847738836191,43.007159057434464,33.5154751130474
9393154,2020-02-01 00:00:00,max_sharpe,$1K-10K,all,54.10007613493399,61.48558184625125,32.90756704397722
9393154,2020-02-01 00:00:00,max_sharpe,$1K-10K,gte5,65.97803960497475,70.39290040729668,27.11646144189529
9393154,2020-02-01 00:00:00,max_sharpe,$1K-10K,lt5,49.19816439816744,52.665979967311294,33.82507015498767
9393154,2020-02-01 00:00:00,max_sharpe,OVERALL,all,37.44586587800302,37.15015023233839,33.5218634189908
9393154,2020-02-01 00:00:00,max_sharpe,OVERALL,gte5,69.5857727056645,78.41050114961897,24.67668417007143
9393154,2020-02-01 00:00:00,max_sharpe,OVERALL,lt5,34.707052588871285,31.15514153970695,32.74227467893645
9393154,2020-02-01 00:00:00,safer_risk,$0-1,all,5.686704598033505,4.494741107086142e-08,13.674416145242548
9393154,2020-02-01 00:00:00,safer_risk,$0-1,gte5,36.83359288523365,36.23125301065669,15.285439528115159
9393154,2020-02-01 00:00:00,safer_risk,$0-1,lt5,4.3549523751632755,3.842413574817183e-08,11.905548911634634
9393154,2020-02-01 00:00:00,safer_risk,$1-100,all,6.838284748214696,2.250925695834738e-08,15.71355878523493
9393154,2020-02-01 00:00:00,safer_risk,$1-100,gte5,41.53073497576909,41.924387621534784,18.96358329557433
9393154,2020-02-01 00:00:00,safer_risk,$1-100,lt5,4.835670032804863,2.2509255570568598e-08,12.919936457290396
9393154,2020-02-01 00:00:00,safer_risk,$100-1K,all,17.178663887036894,1.014772018988141,22.443485285702433
9393154,2020-02-01 00:00:00,safer_risk,$100-1K,gte5,43.86304289673336,43.915935605634836,19.2383080358296
9393154,2020-02-01 00:00:00,safer_risk,$100-1K,lt5,11.113779188403843,1.7117656597731568e-07,18.31546736226522
9393154,2020-02-01 00:00:00,safer_risk,$10K+,all,20.699536509668864,9.242499186228768,23.981576921378394
9393154,2020-02-01 00:00:00,safer_risk,$10K+,gte5,46.12357110324218,47.0803739339245,18.86771246996036
9393154,2020-02-01 00:00:00,safer_risk,$10K+,lt5,9.89248045646178,1.25875847245549e-07,16.634794189865822
9393154,2020-02-01 00:00:00,safer_risk,$1K-10K,all,21.749320048623073,13.033255699279668,23.864806205636626
9393154,2020-02-01 00:00:00,safer_risk,$1K-10K,gte5,45.4362263392049,46.810814164944915,18.741542590943144
9393154,2020-02-01 00:00:00,safer_risk,$1K-10K,lt5,11.97398067783335,4.193499041071913e-07,18.234897590308876
9393154,2020-02-01 00:00:00,safer_risk,OVERALL,all,8.475591415420467,4.6522193042353166e-08,17.265708488176845
9393154,2020-02-01 00:00:00,safer_risk,OVERALL,gte5,42.303672088732256,41.58124934416517,18.707981446679966
9393154,2020-02-01 00:00:00,safer_risk,OVERALL,lt5,5.592919807481826,3.4711078455984534e-08,13.706152922951436
9581792,2020-03-01 00:00:00,better_return,$0-1,all,23.378246579077196,22.165749492174847,26.023334165586174
9581792,2020-03-01 00:00:00,better_return,$0-1,gte5,53.0633653786945,51.33098807573758,23.447294558606774
9581792,2020-03-01 00:00:00,better_return,$0-1,lt5,22.1331501947634,21.239397170513325,25.378143322499913
9581792,2020-03-01 00:00:00,better_return,$1-100,all,18.259388515174628,3.804822429342991e-08,28.11885833485647
9581792,2020-03-01 00:00:00,better_return,$1-100,gte5,51.80647180858258,51.04007919354514,26.57332414743921
9581792,2020-03-01 00:00:00,better_return,$1-100,lt5,16.30520416070947,1.2521272907406455e-08,26.94845909457392
9581792,2020-03-01 00:00:00,better_return,$100-1K,all,36.94208591657896,36.2828971192814,31.840263955533512
9581792,2020-03-01 00:00:00,better_return,$100-1K,gte5,50.658470777024036,49.99911913935004,26.450661792758734
9581792,2020-03-01 00:00:00,better_return,$100-1K,lt5,33.95093188101985,27.181049730217605,32.130150158339355
9581792,2020-03-01 00:00:00,better_return,$10K+,all,41.78601136832515,46.34890305328941,31.205607055837728
9581792,2020-03-01 00:00:00,better_return,$10K+,gte5,54.59688141027611,53.96253291775245,26.19287142343
9581792,2020-03-01 00:00:00,better_return,$10K+,lt5,36.02228925794033,37.69526510902842,31.563606190817808
9581792,2020-03-01 00:00:00,better_return,$1K-10K,all,40.7709102706349,43.35531754861556,30.611612008604435
9581792,2020-03-01 00:00:00,better_return,$1K-10K,gte5,50.16533523559591,48.40451919501416,25.835510868525606
9581792,2020-03-01 00:00:00,better_return,$1K-10K,lt5,37.113112607289764,38.99756743944113,31.5328391380887
9581792,2020-03-01 00:00:00,better_return,OVERALL,all,23.153187280488396,7.300294231227699,29.13570119139663
9581792,2020-03-01 00:00:00,better_return,OVERALL,gte5,51.553111547952,50.44664060798736,26.00978843842794
9581792,2020-03-01 00:00:00,better_return,OVERALL,lt5,20.70194909433756,0.9717674850790454,28.07391349640057
9581792,2020-03-01 00:00:00,max_sharpe,$0-1,all,38.16438587599679,27.226599962103226,27.624179765440683
9581792,2020-03-01 00:00:00,max_sharpe,$0-1,gte5,61.58557797451291,58.0267195744239,20.60339521246404
9581792,2020-03-01 00:00:00,max_sharpe,$0-1,lt5,37.18202020668531,26.92979364977546,27.446778762925998
9581792,2020-03-01 00:00:00,max_sharpe,$1-100,all,27.699756157187633,8.54608889811736,32.48344863711426
9581792,2020-03-01 00:00:00,max_sharpe,$1-100,gte5,59.96355335782253,61.24576864246513,23.016900075850483
9581792,2020-03-01 00:00:00,max_sharpe,$1-100,lt5,25.82032577113375,4.465259885234457,31.962650671534732
9581792,2020-03-01 00:00:00,max_sharpe,$100-1K,all,39.52300477405917,37.02748121756564,33.23057313737033
9581792,2020-03-01 00:00:00,max_sharpe,$100-1K,gte5,57.5736719590363,58.10347007145577,24.080739712840252
9581792,2020-03-01 00:00:00,max_sharpe,$100-1K,lt5,35.58666684360489,27.123936783548164,33.64645984611832
9581792,2020-03-01 00:00:00,max_sharpe,$10K+,all,39.56031553715581,36.291328348914554,32.86198581630114
9581792,2020-03-01 00:00:00,max_sharpe,$10K+,gte5,55.20172355720867,54.870624093781714,25.5994512457411
9581792,2020-03-01 00:00:00,max_sharpe,$10K+,lt5,32.52310971526304,19.33256438410146,33.33790403830567
9581792,2020-03-01 00:00:00,max_sharpe,$1K-10K,all,37.036021914412196,33.08172225666892,31.41173738498145
9581792,2020-03-01 00:00:00,max_sharpe,$1K-10K,gte5,52.85137131224645,51.85298601224888,24.42113382834989
9581792,2020-03-01 00:00:00,max_sharpe,$1K-10K,lt5,30.878183804240578,19.798291985701997,31.67612518735275
9581792,2020-03-01 00:00:00,max_sharpe,OVERALL,all,32.467511948355074,22.694241548659427,31.73328025308894
9581792,2020-03-01 00:00:00,max_sharpe,OVERALL,gte5,58.084559717432036,57.92962072194341,23.549142380721285
9581792,2020-03-01 00:00:00,max_sharpe,OVERALL,lt5,30.256467823143783,22.694241548659427,31.37711289382294
9581792,2020-03-01 00:00:00,safer_risk,$0-1,all,7.404569124855421,4.532970943049719e-08,16.02240098160932
9581792,2020-03-01 00:00:00,safer_risk,$0-1,gte5,44.02581556430966,44.570546508356514,17.305324459112658
9581792,2020-03-01 00:00:00,safer_risk,$0-1,lt5,5.868547597078555,4.069083611724089e-08,14.011229885038771
9581792,2020-03-01 00:00:00,safer_risk,$1-100,all,7.72091388024658,6.788111392430629e-08,16.98237927698392
9581792,2020-03-01 00:00:00,safer_risk,$1-100,gte5,41.87843715782714,41.70381921457833,18.195932013209752
9581792,2020-03-01 00:00:00,safer_risk,$1-100,lt5,5.731170182038453,6.78811132304169e-08,14.628435135690374
9581792,2020-03-01 00:00:00,safer_risk,$100-1K,all,15.009136535142668,0.010343034039890257,21.64048610392825
9581792,2020-03-01 00:00:00,safer_risk,$100-1K,gte5,42.36641123907314,42.26414552722457,19.61572194414265
9581792,2020-03-01 00:00:00,safer_risk,$100-1K,lt5,9.043291783400571,1.3142494870166388e-07,16.96257400949762
9581792,2020-03-01 00:00:00,safer_risk,$10K+,all,18.45278789500168,3.9143191015286503,23.64244300362294
9581792,2020-03-01 00:00:00,safer_risk,$10K+,gte5,41.827866399212695,42.25920384488715,21.361975470866987
9581792,2020-03-01 00:00:00,safer_risk,$10K+,lt5,7.936136304163713,1.7360746625005863e-07,15.771141289464662
9581792,2020-03-01 00:00:00,safer_risk,$1K-10K,all,17.980221739232906,5.425317984777303,22.569470444560313
9581792,2020-03-01 00:00:00,safer_risk,$1K-10K,gte5,40.10365418835696,39.29911667622606,20.22620322509113
9581792,2020-03-01 00:00:00,safer_risk,$1K-10K,lt5,9.366278914695638,2.623681050195614e-07,16.842268075603926
9581792,2020-03-01 00:00:00,safer_risk,OVERALL,all,9.098353194437262,6.788111392430629e-08,18.03381857001437
9581792,2020-03-01 00:00:00,safer_risk,OVERALL,gte5,41.97888992829851,41.878649107785115,19.019458063919956
9581792,2020-03-01 00:00:00,safer_risk,OVERALL,lt5,6.260386921564771,6.788111253652751e-08,14.855935201755425
9782602,2020-04-01 00:00:00,better_return,$0-1,all,25.96389105040557,15.507427604255545,28.03934023057505
9782602,2020-04-01 00:00:00,better_return,$0-1,gte5,44.97790265324036,39.558579578149505,23.31141734662637
9782602,2020-04-01 00:00:00,better_return,$0-1,lt5,25.083571064509957,15.507427604255545,27.92729428591568
9782602,2020-04-01 00:00:00,better_return,$1-100,all,55.83189391715275,77.25163820568241,31.77532500667735
9782602,2020-04-01 00:00:00,better_return,$1-100,gte5,52.50353935529379,52.031547100081596,26.870184377398054
9782602,2020-04-01 00:00:00,better_return,$1-100,lt5,56.031533509003296,78.82890642860869,32.03471523399062
9782602,2020-04-01 00:00:00,better_return,$100-1K,all,46.14584588729494,51.46686861485068,34.33952506338026
9782602,2020-04-01 00:00:00,better_return,$100-1K,gte5,56.920493436106106,57.69769692581419,27.255533190852347
9782602,2020-04-01 00:00:00,better_return,$100-1K,lt5,43.61004396360508,46.91681000442718,35.32920294596261
9782602,2020-04-01 00:00:00,better_return,$10K+,all,51.85161460018395,61.7169106423925,34.134254135029735
9782602,2020-04-01 00:00:00,better_return,$10K+,gte5,67.52284486332975,71.10682646263382,25.389048314141263
9782602,2020-04-01 00:00:00,better_return,$10K+,lt5,44.985166647710564,50.135320918803416,35.193335238962256
9782602,2020-04-01 00:00:00,better_return,$1K-10K,all,48.08103569544239,53.62697085113714,33.78679709342565
9782602,2020-04-01 00:00:00,better_return,$1K-10K,gte5,60.41549498362445,61.8405413497245,26.657878109424487
9782602,2020-04-01 00:00:00,better_return,$1K-10K,lt5,43.13915254416301,45.5928063331571,35.05483542258607
9782602,2020-04-01 00:00:00,better_return,OVERALL,all,45.918813401522826,52.463373542587675,33.76127084598189
9782602,2020-04-01 00:00:00,better_return,OVERALL,gte5,54.300824544370414,53.480440597346416,26.904216171251925
9782602,2020-04-01 00:00:00,better_return,OVERALL,lt5,45.191715802490904,52.11954814476155,34.19482155806727
9782602,2020-04-01 00:00:00,max_sharpe,$0-1,all,33.28182902977924,19.568555999783307,28.11242188490839
9782602,2020-04-01 00:00:00,max_sharpe,$0-1,gte5,59.65684423178026,58.76504577783703,21.965715676583578
9782602,2020-04-01 00:00:00,max_sharpe,$0-1,lt5,32.06070570790432,18.781075290962985,27.764422727461195
9782602,2020-04-01 00:00:00,max_sharpe,$1-100,all,55.10644266643875,74.49876120851128,32.12600857675405
9782602,2020-04-01 00:00:00,max_sharpe,$1-100,gte5,65.49415406142967,70.24309938469841,24.979567233397674
9782602,2020-04-01 00:00:00,max_sharpe,$1-100,lt5,54.48337249028561,74.97569079693021,32.39907048870282
9782602,2020-04-01 00:00:00,max_sharpe,$100-1K,all,38.078497891077745,32.6787978271743,34.987730492337384
9782602,2020-04-01 00:00:00,max_sharpe,$100-1K,gte5,67.07080190848346,72.74356443422178,25.029650150434332
9782602,2020-04-01 00:00:00,max_sharpe,$100-1K,lt5,31.255189753481165,17.239986165324083,33.472752456826704
9782602,2020-04-01 00:00:00,max_sharpe,$10K+,all,49.06832466325245,54.99888329460191,36.22227033984978
9782602,2020-04-01 00:00:00,max_sharpe,$10K+,gte5,74.78920979994163,83.62436735068242,24.086600839134526
9782602,2020-04-01 00:00:00,max_sharpe,$10K+,lt5,37.7985573178028,35.22887130092673,34.870107312287345
9782602,2020-04-01 00:00:00,max_sharpe,$1K-10K,all,44.85585023905913,49.4756602518021,34.93529716681221
9782602,2020-04-01 00:00:00,max_sharpe,$1K-10K,gte5,69.21140643913753,73.59401202077945,23.632408207864984
9782602,2020-04-01 00:00:00,max_sharpe,$1K-10K,lt5,35.0976346567573,28.03393751889892,33.95335223688047
9782602,2020-04-01 00:00:00,max_sharpe,OVERALL,all,46.60322773574893,51.62763649873683,33.05752773554637
9782602,2020-04-01 00:00:00,max_sharpe,OVERALL,gte5,65.94770660737295,69.57843055881155,24.52533938445483
9782602,2020-04-01 00:00:00,max_sharpe,OVERALL,lt5,44.9251908180698,48.48991061782918,33.1684004227662
9782602,2020-04-01 00:00:00,safer_risk,$0-1,all,7.4111089428037875,4.4260019260722316e-08,15.19957774125072
9782602,2020-04-01 00:00:00,safer_risk,$0-1,gte5,39.75716659385777,35.938080098338474,16.72875100354562
9782602,2020-04-01 00:00:00,safer_risk,$0-1,lt5,5.913535384422848,3.616967558794926e-08,13.344820787106812
9782602,2020-04-01 00:00:00,safer_risk,$1-100,all,7.807473389553667,8.786241942337902e-08,16.418526854866595
9782602,2020-04-01 00:00:00,safer_risk,$1-100,gte5,41.63651821422099,41.29417700648324,18.488762726184554
9782602,2020-04-01 00:00:00,safer_risk,$1-100,lt5,5.778357628004907,8.786241872948963e-08,13.873484046133576
9782602,2020-04-01 00:00:00,safer_risk,$100-1K,all,18.326334141892133,1.208225977018633,23.073531936556325
9782602,2020-04-01 00:00:00,safer_risk,$100-1K,gte5,45.08957298891293,46.04266917426788,18.980673703200033
9782602,2020-04-01 00:00:00,safer_risk,$100-1K,lt5,12.027634138481408,1.7074560029750607e-07,19.095858391470188
9782602,2020-04-01 00:00:00,safer_risk,$10K+,all,25.299873259425734,14.806616457845191,27.368088431661086
9782602,2020-04-01 00:00:00,safer_risk,$10K+,gte5,53.48960466433014,56.39942218479026,19.789281338540054
9782602,2020-04-01 00:00:00,safer_risk,$10K+,lt5,12.948365417620508,1.4872874043447837e-07,20.12135363546637
9782602,2020-04-01 00:00:00,safer_risk,$1K-10K,all,23.23320548571793,12.355625069426992,25.584898057311584
9782602,2020-04-01 00:00:00,safer_risk,$1K-10K,gte5,48.91253681981633,51.46763422143222,19.421745288691355
9782602,2020-04-01 00:00:00,safer_risk,$1K-10K,lt5,12.944610591437337,2.054697065267952e-07,19.891374522372004
9782602,2020-04-01 00:00:00,safer_risk,OVERALL,all,9.657444976599109,8.786241872948963e-08,18.168280148177587
9782602,2020-04-01 00:00:00,safer_risk,OVERALL,gte5,43.855027755903045,43.24796511030808,18.90319449659191
9782602,2020-04-01 00:00:00,safer_risk,OVERALL,lt5,6.690975485232051,8.786241734171085e-08,14.747113138863492
9976964,2020-05-01 00:00:00,better_return,$0-1,all,26.0048835144847,7.955156530066676,29.295036066795348
9976964,2020-05-01 00:00:00,better_return,$0-1,gte5,46.19944098562166,45.06027621090617,23.752667992880195
9976964,2020-05-01 00:00:00,better_return,$0-1,lt5,25.183147406669686,7.955156530066676,29.204365054974378
9976964,2020-05-01 00:00:00,better_return,$1-100,all,51.85766669498005,69.99902214983373,33.09576727977849
9976964,2020-05-01 00:00:00,better_return,$1-100,gte5,54.96451462479463,55.43220758504466,26.098982755747738
9976964,2020-05-01 00:00:00,better_return,$1-100,lt5,51.6848326177899,70.88010368975837,33.43358738012409
9976964,2020-05-01 00:00:00,better_return,$100-1K,all,44.84843421480862,50.63817042520773,33.22377052998166
9976964,2020-05-01 00:00:00,better_return,$100-1K,gte5,56.05813325313246,57.14350622534867,26.58715873841967
9976964,2020-05-01 00:00:00,better_return,$100-1K,lt5,42.49466611174956,46.535875396650965,33.9889778551458
9976964,2020-05-01 00:00:00,better_return,$10K+,all,48.68052582919945,55.597441450209736,32.80104779006746
9976964,2020-05-01 00:00:00,better_return,$10K+,gte5,62.405376556972385,65.56892806283756,25.1729985265758
9976964,2020-05-01 00:00:00,better_return,$10K+,lt5,42.6417554204132,48.80365626573717,33.929437824977214
9976964,2020-05-01 00:00:00,better_return,$1K-10K,all,44.51799941473032,47.61209227012717,32.593916738124946
9976964,2020-05-01 00:00:00,better_return,$1K-10K,gte5,55.79906983937769,56.25017891757996,26.20886410218698
9976964,2020-05-01 00:00:00,better_return,$1K-10K,lt5,40.81573076831771,41.953239566346056,33.61738003993558
9976964,2020-05-01 00:00:00,better_return,OVERALL,all,43.568350830620844,48.211531906336646,33.94134941193624
9976964,2020-05-01 00:00:00,better_return,OVERALL,gte5,54.573362607019384,54.34184600175314,26.14170820782685
9976964,2020-05-01 00:00:00,better_return,OVERALL,lt5,42.65950509841773,46.46617079291013,34.34951923171711
9976964,2020-05-01 00:00:00,max_sharpe,$0-1,all,32.164193715081176,26.454448389027586,28.016934871494826
9976964,2020-05-01 00:00:00,max_sharpe,$0-1,gte5,57.14189844318356,54.22486955307196,20.23809741928407
9976964,2020-05-01 00:00:00,max_sharpe,$0-1,lt5,31.147826711508106,22.64227163681185,27.817345477063476
9976964,2020-05-01 00:00:00,max_sharpe,$1-100,all,49.997048647528025,61.39169446448274,32.6475862652348
9976964,2020-05-01 00:00:00,max_sharpe,$1-100,gte5,64.29094591436568,66.37080926869245,22.391659461181423
9976964,2020-05-01 00:00:00,max_sharpe,$1-100,lt5,49.20187855894531,61.11646860206685,32.94342825172664
9976964,2020-05-01 00:00:00,max_sharpe,$100-1K,all,37.69814938638827,35.47934544179414,32.10509188701521
9976964,2020-05-01 00:00:00,max_sharpe,$100-1K,gte5,61.1697224972873,62.4510850974068,23.526882098462846
9976964,2020-05-01 00:00:00,max_sharpe,$100-1K,lt5,32.76968164357245,25.90839919996353,31.479825939748412
9976964,2020-05-01 00:00:00,max_sharpe,$10K+,all,49.230927201063885,52.405544002242266,32.966793954438856
9976964,2020-05-01 00:00:00,max_sharpe,$10K+,gte5,67.40715602041108,70.5598782580451,24.19415239316213
9976964,2020-05-01 00:00:00,max_sharpe,$10K+,lt5,41.233603593347546,41.52748191076987,33.13885380436922
9976964,2020-05-01 00:00:00,max_sharpe,$1K-10K,all,41.49700818429579,41.52748191076988,31.526600747075413
9976964,2020-05-01 00:00:00,max_sharpe,$1K-10K,gte5,59.107046970050156,59.42511046341369,23.41785572041304
9976964,2020-05-01 00:00:00,max_sharpe,$1K-10K,lt5,35.71767235848941,31.381170761063164,31.701428713836613
9976964,2020-05-01 00:00:00,max_sharpe,OVERALL,all,43.32139710156203,45.23461033009565,32.31085631343121
9976964,2020-05-01 00:00:00,max_sharpe,OVERALL,gte5,61.76834739762618,62.50286702541567,22.868696259355495
9976964,2020-05-01 00:00:00,max_sharpe,OVERALL,lt5,41.79796101722194,41.71775813891848,32.50532583789052
9976964,2020-05-01 00:00:00,safer_risk,$0-1,all,7.437664234764876,5.169326633414073e-08,15.717613069161166
9976964,2020-05-01 00:00:00,safer_risk,$0-1,gte5,41.56603377247256,40.23293405392478,15.640917585261223
9976964,2020-05-01 00:00:00,safer_risk,$0-1,lt5,6.048947815003156,5.169326633414073e-08,14.064807087812044
9976964,2020-05-01 00:00:00,safer_risk,$1-100,all,7.590492963506456,9.268375372739612e-08,16.53203308241596
9976964,2020-05-01 00:00:00,safer_risk,$1-100,gte5,42.77465500566749,42.1243947225075,19.081435731642202
9976964,2020-05-01 00:00:00,safer_risk,$1-100,lt5,5.633196592510295,8.34924018811023e-08,13.984312580841284
9976964,2020-05-01 00:00:00,safer_risk,$100-1K,all,16.972587500229075,0.014548339190383553,22.42682307896648
9976964,2020-05-01 00:00:00,safer_risk,$100-1K,gte5,43.72784130031951,44.17169326856705,18.970360439643997
9976964,2020-05-01 00:00:00,safer_risk,$100-1K,lt5,11.354625522070613,1.421802328649413e-07,18.738684180693934
9976964,2020-05-01 00:00:00,safer_risk,$10K+,all,23.378021351200157,10.53591324274823,26.334505273924126
9976964,2020-05-01 00:00:00,safer_risk,$10K+,gte5,49.83716496683543,52.19009151870164,20.67839085166197
9976964,2020-05-01 00:00:00,safer_risk,$10K+,lt5,11.736314153277846,1.4028148746791924e-07,19.156060139200818
9976964,2020-05-01 00:00:00,safer_risk,$1K-10K,all,19.44972926166318,4.014110298934558,23.644288619655747
9976964,2020-05-01 00:00:00,safer_risk,$1K-10K,gte5,44.45269433778367,45.58490377622542,19.540383327487014
9976964,2020-05-01 00:00:00,safer_risk,$1K-10K,lt5,11.244152114797279,1.4777057424919526e-07,18.566736977149006
9976964,2020-05-01 00:00:00,safer_risk,OVERALL,all,9.431286942796126,8.353182034959161e-08,18.160575687895577
9976964,2020-05-01 00:00:00,safer_risk,OVERALL,gte5,43.54547775482552,43.21985489095175,18.87798488493433
9976964,2020-05-01 00:00:00,safer_risk,OVERALL,lt5,6.6139763067829165,8.349239979943412e-08,14.952084833659505
10176690,2020-06-01 00:00:00,better_return,$0-1,all,19.30425888901986,1.449778843504168e-05,27.55146066855496
10176690,2020-06-01 00:00:00,better_return,$0-1,gte5,47.629732294489656,43.52400667097313,20.986069767029303
10176690,2020-06-01 00:00:00,better_return,$0-1,lt5,18.172463397401597,2.3445178555514534e-06,27.1749507860572
10176690,2020-06-01 00:00:00,better_return,$1-100,all,44.730939926214944,54.580432845987616,35.29243411684447
10176690,2020-06-01 00:00:00,better_return,$1-100,gte5,47.0404675781802,45.43964364362402,25.956620576376007
10176690,2020-06-01 00:00:00,better_return,$1-100,lt5,44.6179385627021,56.19720822078766,35.68278585555316
10176690,2020-06-01 00:00:00,better_return,$100-1K,all,36.918220146117605,33.97203828545034,32.22617653714141
10176690,2020-06-01 00:00:00,better_return,$100-1K,gte5,56.91118662738134,57.58941351885425,25.369818649186794
10176690,2020-06-01 00:00:00,better_return,$100-1K,lt5,33.31926913005086,28.474060660275356,32.01113035822973
10176690,2020-06-01 00:00:00,better_return,$10K+,all,41.52399458117262,42.73667245124173,32.01567657356934
10176690,2020-06-01 00:00:00,better_return,$10K+,gte5,62.6928571662228,65.37599598286296,24.52057517767828
10176690,2020-06-01 00:00:00,better_return,$10K+,lt5,33.375494779844765,30.574797197854192,30.81011072648886
10176690,2020-06-01 00:00:00,better_return,$1K-10K,all,38.50194329141194,36.20579527097334,31.569814581223664
10176690,2020-06-01 00:00:00,better_return,$1K-10K,gte5,56.98474708940533,58.58149467668945,25.67283056111497
10176690,2020-06-01 00:00:00,better_return,$1K-10K,lt5,32.70315405181906,27.682183136910236,31.012372066290936
10176690,2020-06-01 00:00:00,better_return,OVERALL,all,36.63738145699308,29.799220919856428,34.4582738791045
10176690,2020-06-01 00:00:00,better_return,OVERALL,gte5,52.700131988445804,51.476323767129095,25.60464895300495
10176690,2020-06-01 00:00:00,better_return,OVERALL,lt5,35.35847274074994,24.039242845498688,34.74959852481315
10176690,2020-06-01 00:00:00,max_sharpe,$0-1,all,27.91232177620519,17.46027030541324,26.286695343262366
10176690,2020-06-01 00:00:00,max_sharpe,$0-1,gte5,51.74161470700806,46.37124406412143,18.55398922353257
10176690,2020-06-01 00:00:00,max_sharpe,$0-1,lt5,26.96017930283966,14.773038793659332,26.100781632339615
10176690,2020-06-01 00:00:00,max_sharpe,$1-100,all,21.904184186293207,12.778999230545637,25.258602467109867
10176690,2020-06-01 00:00:00,max_sharpe,$1-100,gte5,51.857735049414664,51.54695225735968,20.96362462785729
10176690,2020-06-01 00:00:00,max_sharpe,$1-100,lt5,20.438606544606024,9.66194744529975,24.528840630809523
10176690,2020-06-01 00:00:00,max_sharpe,$100-1K,all,48.923022706599156,51.01905730272504,26.580174500064537
10176690,2020-06-01 00:00:00,max_sharpe,$100-1K,gte5,58.885156257654444,58.8128772571831,18.522786592783373
10176690,2020-06-01 00:00:00,max_sharpe,$100-1K,lt5,47.12973051559973,48.455645994824295,27.40158085980179
10176690,2020-06-01 00:00:00,max_sharpe,$10K+,all,54.83330113077999,58.56633867224894,27.244844237162656
10176690,2020-06-01 00:00:00,max_sharpe,$10K+,gte5,65.11016497881413,66.36417851824254,20.032977983764255
10176690,2020-06-01 00:00:00,max_sharpe,$10K+,lt5,50.8774427237667,54.66079929273355,28.587781401799468
10176690,2020-06-01 00:00:00,max_sharpe,$1K-10K,all,47.99524318042545,49.404514257851574,26.46422890286862
10176690,2020-06-01 00:00:00,max_sharpe,$1K-10K,gte5,57.38403588842779,58.329378089898796,19.870172123762153
10176690,2020-06-01 00:00:00,max_sharpe,$1K-10K,lt5,45.04960621305997,44.50280318376249,27.56608368148246
10176690,2020-06-01 00:00:00,max_sharpe,OVERALL,all,28.991426510543526,21.72999394144281,27.854474163249023
10176690,2020-06-01 00:00:00,max_sharpe,OVERALL,gte5,55.62380191715632,55.00546930791297,20.16852674047709
10176690,2020-06-01 00:00:00,max_sharpe,OVERALL,lt5,26.870969184441226,19.500272739178435,27.28169206454514
10176690,2020-06-01 00:00:00,safer_risk,$0-1,all,6.592050089108769,4.926283825312794e-07,14.94207083549286
10176690,2020-06-01 00:00:00,safer_risk,$0-1,gte5,41.86133747737838,41.20757302172278,15.957755768022942
10176690,2020-06-01 00:00:00,safer_risk,$0-1,lt5,5.182801958028119,3.208087101524981e-07,13.050788372274551
10176690,2020-06-01 00:00:00,safer_risk,$1-100,all,5.9448656190965785,4.086289778770791e-08,14.46527800176134
10176690,2020-06-01 00:00:00,safer_risk,$1-100,gte5,39.289461615417444,38.87826771521908,19.198849424459475
10176690,2020-06-01 00:00:00,safer_risk,$1-100,lt5,4.31336975449556,4.086289570603974e-08,12.016018200714125
10176690,2020-06-01 00:00:00,safer_risk,$100-1K,all,16.942558510340255,1.0433940322851498e-06,22.759024790602094
10176690,2020-06-01 00:00:00,safer_risk,$100-1K,gte5,45.323184006627585,46.03598203247824,17.981264582469183
10176690,2020-06-01 00:00:00,safer_risk,$100-1K,lt5,11.833737812711666,1.967497276211816e-07,19.542826868024356
10176690,2020-06-01 00:00:00,safer_risk,$10K+,all,22.08456175905926,7.720939654704689,25.551813903448124
10176690,2020-06-01 00:00:00,safer_risk,$10K+,gte5,48.84289192494968,51.457374931954526,19.451163379836437
10176690,2020-06-01 00:00:00,safer_risk,$10K+,lt5,11.784516248130046,2.0340428438792024e-07,19.41342958738453
10176690,2020-06-01 00:00:00,safer_risk,$1K-10K,all,20.003515942420673,7.0738650031726475,23.695390880226572
10176690,2020-06-01 00:00:00,safer_risk,$1K-10K,gte5,44.62865556997276,46.18986751796362,19.01674988432926
10176690,2020-06-01 00:00:00,safer_risk,$1K-10K,lt5,12.27763212866596,3.080452538883893e-07,19.34504629595673
10176690,2020-06-01 00:00:00,safer_risk,OVERALL,all,8.629428948236956,9.336737702425602e-08,17.475667928664258
10176690,2020-06-01 00:00:00,safer_risk,OVERALL,gte5,42.894724116879416,43.26446806485267,18.70686547094035
10176690,2020-06-01 00:00:00,safer_risk,OVERALL,lt5,5.901242105640682,8.211817614789396e-08,14.174879852851817
10370274,2020-07-01 00:00:00,better_return,$0-1,all,23.822630305726456,23.26907250376751,25.433831903801956
10370274,2020-07-01 00:00:00,better_return,$0-1,gte5,45.60901816042496,38.68517788679222,22.325602394693632
10370274,2020-07-01 00:00:00,better_return,$0-1,lt5,22.95070036149145,19.96632655479894,25.160808724627344
10370274,2020-07-01 00:00:00,better_return,$1-100,all,14.560408267595673,1.9554700914081735e-08,25.380469487758997
10370274,2020-07-01 00:00:00,better_return,$1-100,gte5,49.95073935990783,48.98516121925114,26.70446566772355
10370274,2020-07-01 00:00:00,better_return,$1-100,lt5,12.66474836042503,6.382488287881571e-09,23.87035950967677
10370274,2020-07-01 00:00:00,better_return,$100-1K,all,35.72857936797468,32.19508812820019,30.8872694531295
10370274,2020-07-01 00:00:00,better_return,$100-1K,gte5,56.56112993598494,56.60520727749445,25.353445053127036
10370274,2020-07-01 00:00:00,better_return,$100-1K,lt5,31.694421725459847,26.231403014229315,30.232120755107225
10370274,2020-07-01 00:00:00,better_return,$10K+,all,38.90500383485791,37.692926500872176,31.285561347722442
10370274,2020-07-01 00:00:00,better_return,$10K+,gte5,60.21191632345799,61.29780327169867,24.02062609229534
10370274,2020-07-01 00:00:00,better_return,$10K+,lt5,29.70443613237976,22.03004328210836,29.523470349628855
10370274,2020-07-01 00:00:00,better_return,$1K-10K,all,36.64381058934691,34.31073181475488,30.31196648461038
10370274,2020-07-01 00:00:00,better_return,$1K-10K,gte5,56.57196257379525,56.77836566468824,24.502975375753064
10370274,2020-07-01 00:00:00,better_return,$1K-10K,lt5,29.76320827270313,22.91325316106776,29.05694287379617
10370274,2020-07-01 00:00:00,better_return,OVERALL,all,21.365895610392577,4.107343479223637,27.868718578087513
10370274,2020-07-01 00:00:00,better_return,OVERALL,gte5,53.12613625596533,51.66296111803981,25.580631049067556
10370274,2020-07-01 00:00:00,better_return,OVERALL,lt5,18.64891932539996,3.326922970864343e-05,26.333521328085805
10370274,2020-07-01 00:00:00,max_sharpe,$0-1,all,33.206282760598604,21.581959792652313,27.782595482251114
10370274,2020-07-01 00:00:00,max_sharpe,$0-1,gte5,49.54282189718823,40.33834253197257,22.841070114066707
10370274,2020-07-01 00:00:00,max_sharpe,$0-1,lt5,32.552465443411315,20.371788512178203,27.76288463745519
10370274,2020-07-01 00:00:00,max_sharpe,$1-100,all,26.786026197795106,13.69796151058123,30.073123712890748
10370274,2020-07-01 00:00:00,max_sharpe,$1-100,gte5,57.88439627094264,58.419095162340795,22.03679123070394
10370274,2020-07-01 00:00:00,max_sharpe,$1-100,lt5,25.120262371730497,10.018666044606752,29.533838109906224
10370274,2020-07-01 00:00:00,max_sharpe,$100-1K,all,48.000370023336494,48.91391581804382,28.246413892617362
10370274,2020-07-01 00:00:00,max_sharpe,$100-1K,gte5,63.109795322365684,63.74999369018774,20.10737083863235
10370274,2020-07-01 00:00:00,max_sharpe,$100-1K,lt5,45.07447751943523,44.61354784263632,28.658421473192703
10370274,2020-07-01 00:00:00,max_sharpe,$10K+,all,49.741726307869854,51.86048530398474,30.15520652956491
10370274,2020-07-01 00:00:00,max_sharpe,$10K+,gte5,67.35249797263816,68.84617524680979,20.255081076765297
10370274,2020-07-01 00:00:00,max_sharpe,$10K+,lt5,42.13719434758345,40.000000000000014,30.547039242814527
10370274,2020-07-01 00:00:00,max_sharpe,$1K-10K,all,47.29582072888218,47.75624674683979,28.21653231693617
10370274,2020-07-01 00:00:00,max_sharpe,$1K-10K,gte5,63.475285248352115,64.05428177283696,19.572625686707728
10370274,2020-07-01 00:00:00,max_sharpe,$1K-10K,lt5,41.70952947911665,39.87377428189991,28.587002214835216
10370274,2020-07-01 00:00:00,max_sharpe,OVERALL,all,32.718415464746236,25.39107699008746,30.257206819643876
10370274,2020-07-01 00:00:00,max_sharpe,OVERALL,gte5,59.93648356664566,60.184264565613724,21.624694955448884
10370274,2020-07-01 00:00:00,max_sharpe,OVERALL,lt5,30.390005980025297,20.558670541646784,29.74922707567186
10370274,2020-07-01 00:00:00,safer_risk,$0-1,all,5.812902207367323,3.049572816493651e-08,13.728983590204644
10370274,2020-07-01 00:00:00,safer_risk,$0-1,gte5,38.32404584590491,34.48454526985337,16.671905740274944
10370274,2020-07-01 00:00:00,safer_risk,$0-1,lt5,4.511748484738907,2.4499979822678597e-08,11.870561002106536
10370274,2020-07-01 00:00:00,safer_risk,$1-100,all,6.995035139990275,1.2613522518134523e-07,15.972834495002191
10370274,2020-07-01 00:00:00,safer_risk,$1-100,gte5,41.985849162708995,42.1847838609906,18.693890080690917
10370274,2020-07-01 00:00:00,safer_risk,$1-100,lt5,5.120775103001094,1.2613522448745584e-07,13.453047800382153
10370274,2020-07-01 00:00:00,safer_risk,$100-1K,all,17.02083775730972,0.11851204382450983,22.433539187270966
10370274,2020-07-01 00:00:00,safer_risk,$100-1K,gte5,45.95733195795677,46.59563932469267,18.438948194014408
10370274,2020-07-01 00:00:00,safer_risk,$100-1K,lt5,11.417377017059385,3.09734451975352e-07,18.47535274447778
10370274,2020-07-01 00:00:00,safer_risk,$10K+,all,21.49067609415473,11.067697866834699,24.523142170563474
10370274,2020-07-01 00:00:00,safer_risk,$10K+,gte5,47.11998444701149,47.92908853790787,18.825352740949512
10370274,2020-07-01 00:00:00,safer_risk,$10K+,lt5,10.423648583983523,2.9607601133450233e-07,17.375920020615037
10370274,2020-07-01 00:00:00,safer_risk,$1K-10K,all,20.077415208821325,10.506391769005925,23.2079028906502
10370274,2020-07-01 00:00:00,safer_risk,$1K-10K,gte5,44.4895756261768,44.65222549527327,18.814746783050992
10370274,2020-07-01 00:00:00,safer_risk,$1K-10K,lt5,11.64861721224758,7.838152418782052e-07,18.042748177630067
10370274,2020-07-01 00:00:00,safer_risk,OVERALL,all,8.982209107710135,1.2613522448745584e-07,17.744605957511844
10370274,2020-07-01 00:00:00,safer_risk,OVERALL,gte5,43.36539591738718,42.742801840546285,18.60438136561958
10370274,2020-07-01 00:00:00,safer_risk,OVERALL,lt5,6.040849052952881,1.2613522309967706e-07,14.22718724497486
10570485,2020-08-01 00:00:00,better_return,$0-1,all,24.05971432392644,15.64371935456319,27.348051096791647
10570485,2020-08-01 00:00:00,better_return,$0-1,gte5,50.04060749213894,53.980385701693656,26.71000208693583
10570485,2020-08-01 00:00:00,better_return,$0-1,lt5,23.04771502109074,15.64371935456319,26.8690400522578
10570485,2020-08-01 00:00:00,better_return,$1-100,all,20.130046468072084,7.11236902706247e-08,30.15484035480605
10570485,2020-08-01 00:00:00,better_return,$1-100,gte5,53.25255123886304,53.354014760012475,27.496466389038122
10570485,2020-08-01 00:00:00,better_return,$1-100,lt5,18.425085055167052,2.0463652994351378e-08,29.28865152353694
10570485,2020-08-01 00:00:00,better_return,$100-1K,all,33.85446659833874,29.262102402957673,31.259000152579073
10570485,2020-08-01 00:00:00,better_return,$100-1K,gte5,51.147116975145444,49.44787878382445,27.02460105482073
10570485,2020-08-01 00:00:00,better_return,$100-1K,lt5,30.776606198040483,21.57444655208114,30.957394497444906
10570485,2020-08-01 00:00:00,better_return,$10K+,all,38.658492031883604,39.59296028526312,30.309637594219524
10570485,2020-08-01 00:00:00,better_return,$10K+,gte5,53.519394566901546,53.68763734211759,25.136566625163688
10570485,2020-08-01 00:00:00,better_return,$10K+,lt5,32.109650569470304,28.446063669320687,30.081568462398874
10570485,2020-08-01 00:00:00,better_return,$1K-10K,all,34.01465381028235,29.820888081151242,30.262438560726775
10570485,2020-08-01 00:00:00,better_return,$1K-10K,gte5,49.35032679062661,47.57573499300586,25.942130798076718
10570485,2020-08-01 00:00:00,better_return,$1K-10K,lt5,29.128350493791153,19.11399900437764,29.906244170633187
10570485,2020-08-01 00:00:00,better_return,OVERALL,all,24.24066319833056,9.717722198283667,30.176214342107972
10570485,2020-08-01 00:00:00,better_return,OVERALL,gte5,51.496290628718434,50.9554743419397,26.792062492075278
10570485,2020-08-01 00:00:00,better_return,OVERALL,lt5,21.905861260121036,3.8926831448826666,29.292178553595217
10570485,2020-08-01 00:00:00,max_sharpe,$0-1,all,29.29984874802016,16.769919902426643,26.789356213313663
10570485,2020-08-01 00:00:00,max_sharpe,$0-1,gte5,46.50285953149074,45.46001567307858,24.094031305337836
10570485,2020-08-01 00:00:00,max_sharpe,$0-1,lt5,28.62976266565067,15.64371935456319,26.665285622013194
10570485,2020-08-01 00:00:00,max_sharpe,$1-100,all,55.15772712116531,76.00866237173818,31.605524880670707
10570485,2020-08-01 00:00:00,max_sharpe,$1-100,gte5,60.526282602338846,61.19380853673746,22.059764974732907
10570485,2020-08-01 00:00:00,max_sharpe,$1-100,lt5,54.88138389163659,77.28619328137465,31.99561402282698
10570485,2020-08-01 00:00:00,max_sharpe,$100-1K,all,37.092277967347094,33.5353038014348,31.589876191256803
10570485,2020-08-01 00:00:00,max_sharpe,$100-1K,gte5,59.44724895053261,59.954706499365294,22.663239132974187
10570485,2020-08-01 00:00:00,max_sharpe,$100-1K,lt5,33.11339223036106,25.65773222504693,31.294469980436766
10570485,2020-08-01 00:00:00,max_sharpe,$10K+,all,40.89985435829203,40.38890248829048,30.77018691135667
10570485,2020-08-01 00:00:00,max_sharpe,$10K+,gte5,57.86177776878438,57.80227697297008,22.100747524126806
10570485,2020-08-01 00:00:00,max_sharpe,$10K+,lt5,33.42514365003171,26.286125709041364,31.08323538488279
10570485,2020-08-01 00:00:00,max_sharpe,$1K-10K,all,39.38783291242815,38.008266180115804,30.024025635792796
10570485,2020-08-01 00:00:00,max_sharpe,$1K-10K,gte5,56.923485809183916,57.271954202509875,21.767189483303323
10570485,2020-08-01 00:00:00,max_sharpe,$1K-10K,lt5,33.800564651291026,27.946801837348303,30.141488211945106
10570485,2020-08-01 00:00:00,max_sharpe,OVERALL,all,45.053924095402,47.2044882135707,32.358070109944975
10570485,2020-08-01 00:00:00,max_sharpe,OVERALL,gte5,57.56323594654702,57.80180776074546,22.787957359734573
10570485,2020-08-01 00:00:00,max_sharpe,OVERALL,lt5,43.98233747974553,44.30819068592143,32.828359292416515
10570485,2020-08-01 00:00:00,safer_risk,$0-1,all,5.325895976587574,1.1496613661066135e-07,13.207204193710899
10570485,2020-08-01 00:00:00,safer_risk,$0-1,gte5,34.28520863685651,27.609675712931885,20.222497681650218
10570485,2020-08-01 00:00:00,safer_risk,$0-1,lt5,4.197882246149334,1.1496613661066135e-07,11.461144996852722
10570485,2020-08-01 00:00:00,safer_risk,$1-100,all,6.866362415939771,2.0027933478328208e-07,15.48437662064386
10570485,2020-08-01 00:00:00,safer_risk,$1-100,gte5,40.94203585365418,41.06260905548678,18.654666968711798
10570485,2020-08-01 00:00:00,safer_risk,$1-100,lt5,5.112337207638365,2.002793333955033e-07,13.090039258085705
10570485,2020-08-01 00:00:00,safer_risk,$100-1K,all,16.012117480621917,3.468325173588971e-06,21.721766048444383
10570485,2020-08-01 00:00:00,safer_risk,$100-1K,gte5,44.03730822736281,44.24866831817032,18.9961697229188
10570485,2020-08-01 00:00:00,safer_risk,$100-1K,lt5,11.024008490348821,1.33602572754965e-07,18.080823857625703
10570485,2020-08-01 00:00:00,safer_risk,$10K+,all,21.307495727726952,12.12014213807441,23.909223227112754
10570485,2020-08-01 00:00:00,safer_risk,$10K+,gte5,45.13841543167185,46.904583586500046,19.32883579762294
10570485,2020-08-01 00:00:00,safer_risk,$10K+,lt5,10.805783959085131,2.0732906641507398e-07,17.27368702436305
10570485,2020-08-01 00:00:00,safer_risk,$1K-10K,all,18.31391846304451,7.428851988273808,22.159278641431136
10570485,2020-08-01 00:00:00,safer_risk,$1K-10K,gte5,41.85620728249512,41.84216279043459,19.27406858393078
10570485,2020-08-01 00:00:00,safer_risk,$1K-10K,lt5,10.812795813669076,2.480442153757201e-07,17.212365443761218
10570485,2020-08-01 00:00:00,safer_risk,OVERALL,all,8.791916165778856,2.002793327016139e-07,17.322011304873396
10570485,2020-08-01 00:00:00,safer_risk,OVERALL,gte5,41.45556056542685,41.46965153397363,19.355985972744776
10570485,2020-08-01 00:00:00,safer_risk,OVERALL,lt5,5.993846649747293,1.6698765148426276e-07,13.944079644866928
10771925,2020-09-01 00:00:00,better_return,$0-1,all,12.156634113264534,2.0628758423679727e-08,22.63645935716218
10771925,2020-09-01 00:00:00,better_return,$0-1,gte5,34.837227265220214,17.112291423513376,27.970503418664126
10771925,2020-09-01 00:00:00,better_return,$0-1,lt5,11.251267852106293,1.8390255984712667e-08,21.915363057026575
10771925,2020-09-01 00:00:00,better_return,$1-100,all,16.26399793337719,2.061956300147827e-08,26.796276239420123
10771925,2020-09-01 00:00:00,better_return,$1-100,gte5,49.10142727694809,48.6772601662309,26.81397512190006
10771925,2020-09-01 00:00:00,better_return,$1-100,lt5,14.946906075278818,8.314274269061173e-09,25.94260930256536
10771925,2020-09-01 00:00:00,better_return,$100-1K,all,34.64440101756171,29.984987164331304,32.104339029484805
10771925,2020-09-01 00:00:00,better_return,$100-1K,gte5,51.8174280439262,51.636237019884916,26.40329339960883
10771925,2020-09-01 00:00:00,better_return,$100-1K,lt5,31.990179105109778,22.59859476152769,32.0877135988817
10771925,2020-09-01 00:00:00,better_return,$10K+,all,34.630569986069,30.15057102066959,30.63975005009595
10771925,2020-09-01 00:00:00,better_return,$10K+,gte5,48.01844770761047,46.93340324105059,25.017516479077372
10771925,2020-09-01 00:00:00,better_return,$10K+,lt5,28.47408910780987,15.437163807364048,31.022449357771674
10771925,2020-09-01 00:00:00,better_return,$1K-10K,all,31.917654925301214,24.823902804403254,30.636820605044026
10771925,2020-09-01 00:00:00,better_return,$1K-10K,gte5,48.07506602770635,46.18605030713108,25.707290601651803
10771925,2020-09-01 00:00:00,better_return,$1K-10K,lt5,27.482323817274022,14.5942344143966,30.389654174404907
10771925,2020-09-01 00:00:00,better_return,OVERALL,all,20.110014632094238,1.0943324379314445e-05,28.59899637479795
10771925,2020-09-01 00:00:00,better_return,OVERALL,gte5,47.79779029364453,46.59034779129345,26.723086641520776
10771925,2020-09-01 00:00:00,better_return,OVERALL,lt5,17.740139343405684,5.610575129488815e-07,27.48732642335934
10771925,2020-09-01 00:00:00,max_sharpe,$0-1,all,34.34670189941712,29.513433661694133,27.729471132696467
10771925,2020-09-01 00:00:00,max_sharpe,$0-1,gte5,60.82198122197913,59.28311748020286,14.528555848117811
10771925,2020-09-01 00:00:00,max_sharpe,$0-1,lt5,33.289858963573515,27.678093965639384,27.606075925543124
10771925,2020-09-01 00:00:00,max_sharpe,$1-100,all,29.385031844425246,16.291213156742245,22.83775154191915
10771925,2020-09-01 00:00:00,max_sharpe,$1-100,gte5,57.4288992491615,57.84140355543741,20.039965036038364
10771925,2020-09-01 00:00:00,max_sharpe,$1-100,lt5,28.26020721086723,16.29121315674224,22.216335627926007
10771925,2020-09-01 00:00:00,max_sharpe,$100-1K,all,43.69965286519712,42.493547486644914,27.619447196149366
10771925,2020-09-01 00:00:00,max_sharpe,$100-1K,gte5,56.75683202205682,56.11761552650958,20.562689824749416
10771925,2020-09-01 00:00:00,max_sharpe,$100-1K,lt5,41.68156653832291,39.50213699775477,28.017229199215947
10771925,2020-09-01 00:00:00,max_sharpe,$10K+,all,42.21508968487947,40.5541581004658,28.16122470022681
10771925,2020-09-01 00:00:00,max_sharpe,$10K+,gte5,54.69624841568022,53.18157595344012,21.034882529849348
10771925,2020-09-01 00:00:00,max_sharpe,$10K+,lt5,36.475567957619184,31.379499478173127,29.149888601952217
10771925,2020-09-01 00:00:00,max_sharpe,$1K-10K,all,42.9907632263148,41.43067229324956,27.743234962657827
10771925,2020-09-01 00:00:00,max_sharpe,$1K-10K,gte5,54.388664135588925,52.940830152811735,20.87146716148556
10771925,2020-09-01 00:00:00,max_sharpe,$1K-10K,lt5,39.86195353343087,35.59096598717329,28.5647648326749
10771925,2020-09-01 00:00:00,max_sharpe,OVERALL,all,34.25328685041184,27.17906310591757,26.02582520343771
10771925,2020-09-01 00:00:00,max_sharpe,OVERALL,gte5,56.42783631123989,56.40721400480492,20.126223197523228
10771925,2020-09-01 00:00:00,max_sharpe,OVERALL,lt5,32.35530423716813,22.08197226685064,25.592182735327196
10771925,2020-09-01 00:00:00,safer_risk,$0-1,all,6.607025970337225,5.0757478081697727e-08,15.15451218263052
10771925,2020-09-01 00:00:00,safer_risk,$0-1,gte5,35.09302322658194,28.172592275485727,20.362922360385305
10771925,2020-09-01 00:00:00,safer_risk,$0-1,lt5,5.469918988237583,4.4869009896419954e-08,13.732872972667092
10771925,2020-09-01 00:00:00,safer_risk,$1-100,all,6.968939969242177,2.8921335187837016e-07,16.698749310792223
10771925,2020-09-01 00:00:00,safer_risk,$1-100,gte5,44.053305620639534,43.98572269306656,20.015803344134618
10771925,2020-09-01 00:00:00,safer_risk,$1-100,lt5,5.481505750468438,2.8921335118448077e-07,14.717035929625336
10771925,2020-09-01 00:00:00,safer_risk,$100-1K,all,13.389247578380425,4.890555620196135e-07,20.411845359130375
10771925,2020-09-01 00:00:00,safer_risk,$100-1K,gte5,40.73605516994786,40.44666501326828,19.545953963948566
10771925,2020-09-01 00:00:00,safer_risk,$100-1K,lt5,9.1625905170649,1.9926257935343195e-07,16.986544916836216
10771925,2020-09-01 00:00:00,safer_risk,$10K+,all,18.83286010587369,8.156887122717785,22.83850510839908
10771925,2020-09-01 00:00:00,safer_risk,$10K+,gte5,40.26677114336868,40.49945219537728,20.60428467787808
10771925,2020-09-01 00:00:00,safer_risk,$10K+,lt5,8.976371557556437,3.3399450705129397e-07,16.05690063536143
10771925,2020-09-01 00:00:00,safer_risk,$1K-10K,all,15.858046298193509,2.8618919664813793,21.076020311382546
10771925,2020-09-01 00:00:00,safer_risk,$1K-10K,gte5,39.246922116997354,38.996456256970276,19.73463673197535
10771925,2020-09-01 00:00:00,safer_risk,$1K-10K,lt5,9.437623630017121,2.6889633228388554e-07,16.365821012978436
10771925,2020-09-01 00:00:00,safer_risk,OVERALL,all,9.07422663633598,2.892133504905914e-07,18.056646223304725
10771925,2020-09-01 00:00:00,safer_risk,OVERALL,gte5,40.49009825473171,40.218031290829856,20.11421941881999
10771925,2020-09-01 00:00:00,safer_risk,OVERALL,lt5,6.385253035454227,2.3968204712621066e-07,15.08685990104257
10966874,2020-10-01 00:00:00,better_return,$0-1,all,16.480554997441786,9.571511566912699,24.450319385875034
10966874,2020-10-01 00:00:00,better_return,$0-1,gte5,31.959546233976987,17.69503491790469,29.876617347969876
10966874,2020-10-01 00:00:00,better_return,$0-1,lt5,15.876437963147293,9.571511566912699,24.01249885048228
10966874,2020-10-01 00:00:00,better_return,$1-100,all,21.281658524745755,7.239466033592823e-07,30.577620763382157
10966874,2020-10-01 00:00:00,better_return,$1-100,gte5,48.72027050457476,48.18857622232966,27.388882899785575
10966874,2020-10-01 00:00:00,better_return,$1-100,lt5,19.871774014875655,1.0811624789885954e-07,30.063546052570686
10966874,2020-10-01 00:00:00,better_return,$100-1K,all,34.34599022328614,28.259888474723954,33.31528155657338
10966874,2020-10-01 00:00:00,better_return,$100-1K,gte5,56.12906178873185,57.39804760951984,27.462614929576837
10966874,2020-10-01 00:00:00,better_return,$100-1K,lt5,30.891390186769982,18.5982488878915,32.850266769458855
10966874,2020-10-01 00:00:00,better_return,$10K+,all,38.97395297377491,34.1448050802178,34.50037327696267
10966874,2020-10-01 00:00:00,better_return,$10K+,gte5,59.61425258849864,63.49583176431774,29.077713921285152
10966874,2020-10-01 00:00:00,better_return,$10K+,lt5,30.099725696657917,14.922223554025047,32.811934316016874
10966874,2020-10-01 00:00:00,better_return,$1K-10K,all,33.07633362178312,25.6233712889696,32.380767143595556
10966874,2020-10-01 00:00:00,better_return,$1K-10K,gte5,55.976016940248286,56.406284701843305,27.092139879696997
10966874,2020-10-01 00:00:00,better_return,$1K-10K,lt5,26.748254154688958,12.349941628475467,30.829903956291993
10966874,2020-10-01 00:00:00,better_return,OVERALL,all,23.50127621829138,7.299563960821271,30.690867182406112
10966874,2020-10-01 00:00:00,better_return,OVERALL,gte5,51.466552905531174,51.71328564709664,28.842837193374038
10966874,2020-10-01 00:00:00,better_return,OVERALL,lt5,21.061132676167965,2.019109936737036,29.61986482924225
10966874,2020-10-01 00:00:00,max_sharpe,$0-1,all,31.555391116592908,16.518096119621045,30.2521803460486
10966874,2020-10-01 00:00:00,max_sharpe,$0-1,gte5,67.01734795242828,73.2097648831867,21.803184092813222
10966874,2020-10-01 00:00:00,max_sharpe,$0-1,lt5,30.17137507403714,15.54026247713801,29.687807257456264
10966874,2020-10-01 00:00:00,max_sharpe,$1-100,all,24.695276869147243,3.3007173337774995,31.35314629778461
10966874,2020-10-01 00:00:00,max_sharpe,$1-100,gte5,61.55365285536883,67.92478545185818,27.05304511958611
10966874,2020-10-01 00:00:00,max_sharpe,$1-100,lt5,22.801374458917813,0.3827920288764483,30.373227937185955
10966874,2020-10-01 00:00:00,max_sharpe,$100-1K,all,55.492006114558066,69.22298036335812,32.32029740152341
10966874,2020-10-01 00:00:00,max_sharpe,$100-1K,gte5,73.61042710065755,83.47873547644333,23.93321283228592
10966874,2020-10-01 00:00:00,max_sharpe,$100-1K,lt5,52.61858683518136,64.85417527169419,32.54398937768899
10966874,2020-10-01 00:00:00,max_sharpe,$10K+,all,55.60652570888831,69.22298036335812,34.86377071388375
10966874,2020-10-01 00:00:00,max_sharpe,$10K+,gte5,75.2633380181211,86.2475442654023,25.42507122452719
10966874,2020-10-01 00:00:00,max_sharpe,$10K+,lt5,47.15514548515714,53.80649691958468,34.96601875471255
10966874,2020-10-01 00:00:00,max_sharpe,$1K-10K,all,54.591756248599175,65.70759059823425,32.80271149489486
10966874,2020-10-01 00:00:00,max_sharpe,$1K-10K,gte5,73.03107196667965,81.31706832843847,23.96168872197536
10966874,2020-10-01 00:00:00,max_sharpe,$1K-10K,lt5,49.496251059286685,56.881335924481846,33.087541387073394
10966874,2020-10-01 00:00:00,max_sharpe,OVERALL,all,34.11015322044855,21.92638280388678,33.91945003431551
10966874,2020-10-01 00:00:00,max_sharpe,OVERALL,gte5,69.15352954560939,76.15675773870392,25.47579958076001
10966874,2020-10-01 00:00:00,max_sharpe,OVERALL,lt5,31.0524016598122,15.54026247713801,32.82965031508364
10966874,2020-10-01 00:00:00,safer_risk,$0-1,all,7.985922208213516,5.15537001977151e-08,18.500739642064694
10966874,2020-10-01 00:00:00,safer_risk,$0-1,gte5,59.112127426134556,65.40292787582104,24.126311093548594
10966874,2020-10-01 00:00:00,safer_risk,$0-1,lt5,5.990558880008939,5.15537001977151e-08,15.063973893993813
10966874,2020-10-01 00:00:00,safer_risk,$1-100,all,7.108623718414866,2.3316717653876218e-08,16.42522323542505
10966874,2020-10-01 00:00:00,safer_risk,$1-100,gte5,42.8839663172534,43.00009291125397,20.645784575631453
10966874,2020-10-01 00:00:00,safer_risk,$1-100,lt5,5.2703710618123205,2.2139731020720532e-08,13.878250815708581
10966874,2020-10-01 00:00:00,safer_risk,$100-1K,all,16.541974712711983,2.646563170005667e-07,23.702142302140796
10966874,2020-10-01 00:00:00,safer_risk,$100-1K,gte5,49.190578639382075,49.78509985310702,20.662198336207304
10966874,2020-10-01 00:00:00,safer_risk,$100-1K,lt5,11.364198567671433,9.162895581171782e-08,19.680580526053554
10966874,2020-10-01 00:00:00,safer_risk,$10K+,all,26.486899664011215,12.605252236420286,29.84867643323773
10966874,2020-10-01 00:00:00,safer_risk,$10K+,gte5,56.582050533450506,59.78028088100774,23.347926174697665
10966874,2020-10-01 00:00:00,safer_risk,$10K+,lt5,13.547590945642886,2.1243402592574512e-07,21.972650477135872
10966874,2020-10-01 00:00:00,safer_risk,$1K-10K,all,20.796110328180486,3.654740351309357,26.215932767105915
10966874,2020-10-01 00:00:00,safer_risk,$1K-10K,gte5,51.93066203134416,52.511555062712304,21.343323558716452
10966874,2020-10-01 00:00:00,safer_risk,$1K-10K,lt5,12.192414171775436,1.6021051985060097e-07,20.23412020802586
10966874,2020-10-01 00:00:00,safer_risk,OVERALL,all,10.373781911104293,5.15537001977151e-08,20.248618609330503
10966874,2020-10-01 00:00:00,safer_risk,OVERALL,gte5,49.69546977997948,50.26205632925745,22.17441339838475
10966874,2020-10-01 00:00:00,safer_risk,OVERALL,lt5,6.94272117847793,5.119604740144723e-08,16.005965616295327
11167817,2020-11-01 00:00:00,better_return,$0-1,all,19.8301509745226,8.346286537265787,26.113111945692893
11167817,2020-11-01 00:00:00,better_return,$0-1,gte5,40.200786666731005,33.12573903293908,27.17000176986331
11167817,2020-11-01 00:00:00,better_return,$0-1,lt5,18.992187273170668,8.346286537265787,25.72564373821276
11167817,2020-11-01 00:00:00,better_return,$1-100,all,43.310006412716625,45.21401361379257,35.16885201782334
11167817,2020-11-01 00:00:00,better_return,$1-100,gte5,60.06112322040413,62.419336799262325,29.167417128671403
11167817,2020-11-01 00:00:00,better_return,$1-100,lt5,42.413838139798656,44.80064825615776,35.237637723752215
11167817,2020-11-01 00:00:00,better_return,$100-1K,all,28.446215855131573,12.013755531192489,32.5264110741233
11167817,2020-11-01 00:00:00,better_return,$100-1K,gte5,57.32814783871778,59.77411705083313,29.887549189094845
11167817,2020-11-01 00:00:00,better_return,$100-1K,lt5,23.386257469856933,5.592876147552382,30.25032859424964
11167817,2020-11-01 00:00:00,better_return,$10K+,all,35.72502061628689,24.747744208121787,35.23817833646988
11167817,2020-11-01 00:00:00,better_return,$10K+,gte5,58.29336303842817,62.069431602577204,32.12361421198004
11167817,2020-11-01 00:00:00,better_return,$10K+,lt5,24.34617759326998,6.226713580988458,31.004268153729317
11167817,2020-11-01 00:00:00,better_return,$1K-10K,all,31.952584335093462,20.251175432456513,32.9894058180462
11167817,2020-11-01 00:00:00,better_return,$1K-10K,gte5,57.0898474590856,59.077812885627274,29.54619542372524
11167817,2020-11-01 00:00:00,better_return,$1K-10K,lt5,23.14683495218905,7.703354818292117,29.40822096722098
11167817,2020-11-01 00:00:00,better_return,OVERALL,all,34.669563409091914,22.558809371260256,34.16752069507631
11167817,2020-11-01 00:00:00,better_return,OVERALL,gte5,56.51309736624024,58.06033635438441,30.060569096636105
11167817,2020-11-01 00:00:00,better_return,OVERALL,lt5,32.48498284925613,16.58867937673496,33.78327674914171
11167817,2020-11-01 00:00:00,max_sharpe,$0-1,all,34.032228909421775,15.675901990077312,33.697933878761056
11167817,2020-11-01 00:00:00,max_sharpe,$0-1,gte5,82.25712500503836,90.20248193719044,25.05527682397112
11167817,2020-11-01 00:00:00,max_sharpe,$0-1,lt5,32.04845613766428,12.891598850646535,32.509050354949075
11167817,2020-11-01 00:00:00,max_sharpe,$1-100,all,57.33622970473588,79.99999999999996,32.48216864357212
11167817,2020-11-01 00:00:00,max_sharpe,$1-100,gte5,76.6187966827805,87.47501459634742,24.725871531558447
11167817,2020-11-01 00:00:00,max_sharpe,$1-100,lt5,56.304631337622304,79.97565945641962,32.52498950224305
11167817,2020-11-01 00:00:00,max_sharpe,$100-1K,all,46.766660762075,51.006456503874766,36.52496419285154
11167817,2020-11-01 00:00:00,max_sharpe,$100-1K,gte5,76.21853388850512,87.64695850691024,25.437775077523458
11167817,2020-11-01 00:00:00,max_sharpe,$100-1K,lt5,41.60685176893635,39.60434985214234,35.71896385689649
11167817,2020-11-01 00:00:00,max_sharpe,$10K+,all,49.38382373136917,58.518479088573564,38.54918895756261
11167817,2020-11-01 00:00:00,max_sharpe,$10K+,gte5,71.79664899057337,88.22769566779681,31.160980714775757
11167817,2020-11-01 00:00:00,max_sharpe,$10K+,lt5,38.08339166788773,24.927104543684145,36.942940523306
11167817,2020-11-01 00:00:00,max_sharpe,$1K-10K,all,49.243491998572715,55.552977066147456,36.15539613018519
11167817,2020-11-01 00:00:00,max_sharpe,$1K-10K,gte5,73.51788242043695,85.74781920836557,27.111894762192687
11167817,2020-11-01 00:00:00,max_sharpe,$1K-10K,lt5,40.74001262520787,37.3435873866329,35.05602020259041
11167817,2020-11-01 00:00:00,max_sharpe,OVERALL,all,49.685267328218735,63.342764110520925,35.13831546006615
11167817,2020-11-01 00:00:00,max_sharpe,OVERALL,gte5,75.71995408243907,87.9099767942353,26.425821452163706
11167817,2020-11-01 00:00:00,max_sharpe,OVERALL,lt5,47.081527902343154,56.66666666666666,34.83931825674921
11167817,2020-11-01 00:00:00,safer_risk,$0-1,all,8.068261053508156,3.6497766406351495e-07,18.360841292354618
11167817,2020-11-01 00:00:00,safer_risk,$0-1,gte5,57.11219191292741,63.101860448644096,19.722344265636373
11167817,2020-11-01 00:00:00,safer_risk,$0-1,lt5,6.05079657901824,2.0575746939588413e-07,15.230696048597354
11167817,2020-11-01 00:00:00,safer_risk,$1-100,all,7.24814399610254,4.321129565276749e-08,16.690405257755472
11167817,2020-11-01 00:00:00,safer_risk,$1-100,gte5,45.083858776256754,45.55650496635657,20.214762767478827
11167817,2020-11-01 00:00:00,safer_risk,$1-100,lt5,5.223970470335826,2.787837183326758e-08,13.817683008531718
11167817,2020-11-01 00:00:00,safer_risk,$100-1K,all,17.423128966997446,8.89904160084054e-07,24.82193733323712
11167817,2020-11-01 00:00:00,safer_risk,$100-1K,gte5,50.244220435901084,51.423876328005036,21.62295158433619
11167817,2020-11-01 00:00:00,safer_risk,$100-1K,lt5,11.673051129880252,2.0994436675247918e-07,20.502995797291025
11167817,2020-11-01 00:00:00,safer_risk,$10K+,all,28.59656940471451,14.59895292363011,31.47728306083106
11167817,2020-11-01 00:00:00,safer_risk,$10K+,gte5,57.576673564403556,61.045410281194755,24.43271945221493
11167817,2020-11-01 00:00:00,safer_risk,$10K+,lt5,13.984948849885415,2.1280474188367648e-07,23.50454670791952
11167817,2020-11-01 00:00:00,safer_risk,$1K-10K,all,23.974491767113385,10.757951545539383,27.9632956693586
11167817,2020-11-01 00:00:00,safer_risk,$1K-10K,gte5,52.62201784852499,53.68930580964699,22.281908013689325
11167817,2020-11-01 00:00:00,safer_risk,$1K-10K,lt5,13.939074073913664,3.69596034333064e-07,22.220442571025544
11167817,2020-11-01 00:00:00,safer_risk,OVERALL,all,11.145486370327434,1.3020089936754964e-07,21.202741414987134
11167817,2020-11-01 00:00:00,safer_risk,OVERALL,gte5,50.80369326296271,51.953821586085056,21.967093697245744
11167817,2020-11-01 00:00:00,safer_risk,OVERALL,lt5,7.179253251384531,8.35366158191686e-08,16.529723856588184
11363270,2020-12-01 00:00:00,better_return,$0-1,all,18.397791768415036,4.221840321783077e-06,30.17759842970955
11363270,2020-12-01 00:00:00,better_return,$0-1,gte5,73.78336205603333,89.01948328239003,29.55834222249986
11363270,2020-12-01 00:00:00,better_return,$0-1,lt5,16.028359134200432,4.221840321783077e-06,27.846477818492307
11363270,2020-12-01 00:00:00,better_return,$1-100,all,40.8364759616865,40.27883313472087,35.77290969658399
11363270,2020-12-01 00:00:00,better_return,$1-100,gte5,56.90557092140339,57.63094295918439,27.36710535108903
11363270,2020-12-01 00:00:00,better_return,$1-100,lt5,40.04706803128565,36.904973158859214,35.95089980945843
11363270,2020-12-01 00:00:00,better_return,$100-1K,all,28.417586657247345,14.07035599669694,31.616201354587293
11363270,2020-12-01 00:00:00,better_return,$100-1K,gte5,54.81435742766304,55.621551318002766,27.912919580612815
11363270,2020-12-01 00:00:00,better_return,$100-1K,lt5,23.8334601230628,7.0068246887585826,29.930791659107566
11363270,2020-12-01 00:00:00,better_return,$10K+,all,34.09514420520308,27.92849637388263,31.774966369453725
11363270,2020-12-01 00:00:00,better_return,$10K+,gte5,51.42157715476885,51.2584434447257,28.40386069069036
11363270,2020-12-01 00:00:00,better_return,$10K+,lt5,24.649072085701157,9.926368365269758,29.451275457288265
11363270,2020-12-01 00:00:00,better_return,$1K-10K,all,32.835458589048876,24.69913703319725,31.916372920076284
11363270,2020-12-01 00:00:00,better_return,$1K-10K,gte5,54.427291888625525,54.84411433904898,27.610190885647565
11363270,2020-12-01 00:00:00,better_return,$1K-10K,lt5,24.639360541741382,9.999843433045259,29.52656639234828
11363270,2020-12-01 00:00:00,better_return,OVERALL,all,33.444012978550035,19.80491974311892,34.71789348541951
11363270,2020-12-01 00:00:00,better_return,OVERALL,gte5,56.45388828189325,57.52625615130038,28.446131081936556
11363270,2020-12-01 00:00:00,better_return,OVERALL,lt5,31.042006464591957,12.50585095313135,34.433231857180786
11363270,2020-12-01 00:00:00,max_sharpe,$0-1,all,36.60316333045508,33.2840846984224,30.10817887390794
11363270,2020-12-01 00:00:00,max_sharpe,$0-1,gte5,77.7050766020871,86.46490692621094,22.559851758570485
11363270,2020-12-01 00:00:00,max_sharpe,$0-1,lt5,34.84479532722381,33.2840846984224,29.122976745754453
11363270,2020-12-01 00:00:00,max_sharpe,$1-100,all,54.357999427427906,71.54779758329333,31.880683858217587
11363270,2020-12-01 00:00:00,max_sharpe,$1-100,gte5,69.82222758160307,76.01152389505305,23.80063670393272
11363270,2020-12-01 00:00:00,max_sharpe,$1-100,lt5,53.598306092300135,70.9375494321688,32.03366652422629
11363270,2020-12-01 00:00:00,max_sharpe,$100-1K,all,43.94991654629996,44.78259538198086,34.644109818992305
11363270,2020-12-01 00:00:00,max_sharpe,$100-1K,gte5,69.5240445858763,75.51225446080912,24.592273528135046
11363270,2020-12-01 00:00:00,max_sharpe,$100-1K,lt5,39.50865212215888,36.191314700026645,34.20988248135788
11363270,2020-12-01 00:00:00,max_sharpe,$10K+,all,44.26515676691859,43.202613192074196,35.12756353286954
11363270,2020-12-01 00:00:00,max_sharpe,$10K+,gte5,62.19345130682687,67.68586197402806,28.67942606706352
11363270,2020-12-01 00:00:00,max_sharpe,$10K+,lt5,34.490960098937364,21.341608233408426,34.46028665460063
11363270,2020-12-01 00:00:00,max_sharpe,$1K-10K,all,47.18958902301606,49.672680464699496,34.106793843963395
11363270,2020-12-01 00:00:00,max_sharpe,$1K-10K,gte5,67.35125958130968,72.72555260816077,25.257045204677336
11363270,2020-12-01 00:00:00,max_sharpe,$1K-10K,lt5,39.53637003042008,35.208258948212546,33.90910138173285
11363270,2020-12-01 00:00:00,max_sharpe,OVERALL,all,48.17633845335314,53.21071169012026,33.075515624514054
11363270,2020-12-01 00:00:00,max_sharpe,OVERALL,gte5,68.743659976468,75.70238723453075,25.241759991082485
11363270,2020-12-01 00:00:00,max_sharpe,OVERALL,lt5,46.029310726261784,47.33742922803741,33.059218283691635
11363270,2020-12-01 00:00:00,safer_risk,$0-1,all,6.009977630648478,1.6920602002867824e-07,15.13173910244171
11363270,2020-12-01 00:00:00,safer_risk,$0-1,gte5,44.062907324383964,44.368962389407194,17.35857411062876
11363270,2020-12-01 00:00:00,safer_risk,$0-1,lt5,4.3820472333340446,1.6129203667114567e-07,12.699510648456544
11363270,2020-12-01 00:00:00,safer_risk,$1-100,all,7.299006823688182,4.815280396641697e-08,16.93387163334858
11363270,2020-12-01 00:00:00,safer_risk,$1-100,gte5,45.29831169346686,45.460096593203886,19.92920232166879
11363270,2020-12-01 00:00:00,safer_risk,$1-100,lt5,5.432258715651204,3.81930286008636e-08,14.384446076674708
11363270,2020-12-01 00:00:00,safer_risk,$100-1K,all,16.94539237433765,2.9421902483783846e-07,24.316157381846306
11363270,2020-12-01 00:00:00,safer_risk,$100-1K,gte5,48.68526281212229,49.61927559418449,21.188398442406392
11363270,2020-12-01 00:00:00,safer_risk,$100-1K,lt5,11.433370334562353,1.1862082774372062e-07,20.26476644846039
11363270,2020-12-01 00:00:00,safer_risk,$10K+,all,24.06233069911382,12.551649490216759,27.395480490754743
11363270,2020-12-01 00:00:00,safer_risk,$10K+,gte5,48.36935149793145,48.98577350460146,23.366205143143898
11363270,2020-12-01 00:00:00,safer_risk,$10K+,lt5,10.810562597496652,1.565422749760792e-07,19.08678513608594
11363270,2020-12-01 00:00:00,safer_risk,$1K-10K,all,22.5697246174615,10.91881887800589,26.358011798354607
11363270,2020-12-01 00:00:00,safer_risk,$1K-10K,gte5,48.69449601697506,49.09207521367044,21.74902849411073
11363270,2020-12-01 00:00:00,safer_risk,$1K-10K,lt5,12.652957250694838,1.9929158601161845e-07,20.5303736915107
11363270,2020-12-01 00:00:00,safer_risk,OVERALL,all,10.61572266703878,1.1133106450622599e-07,20.368331511540834
11363270,2020-12-01 00:00:00,safer_risk,OVERALL,gte5,47.38467183890387,47.52086307805405,21.103534096377743
11363270,2020-12-01 00:00:00,safer_risk,OVERALL,lt5,6.777403064785925,7.544617222632333e-08,15.99445565750504
11565019,2021-01-01 00:00:00,better_return,$0-1,all,33.309302514926536,24.228521648509243,31.065306881572738
11565019,2021-01-01 00:00:00,better_return,$0-1,gte5,65.5647410583809,68.91797118318178,30.60679094403611
11565019,2021-01-01 00:00:00,better_return,$0-1,lt5,31.927846719939723,20.00266031939567,30.328207032739176
11565019,2021-01-01 00:00:00,better_return,$1-100,all,36.228866358477994,24.75898893725183,35.34908283082934
11565019,2021-01-01 00:00:00,better_return,$1-100,gte5,51.97092229884515,51.60438003322497,27.818779845811868
11565019,2021-01-01 00:00:00,better_return,$1-100,lt5,35.48232756344704,21.831508800749962,35.49376538577979
11565019,2021-01-01 00:00:00,better_return,$100-1K,all,28.485887969868834,13.44740183115913,32.08797482785425
11565019,2021-01-01 00:00:00,better_return,$100-1K,gte5,55.6377770139569,57.2938675095461,27.558792494445175
11565019,2021-01-01 00:00:00,better_return,$100-1K,lt5,24.0303254328736,5.368798248336483,30.54740686738021
11565019,2021-01-01 00:00:00,better_return,$10K+,all,40.367602797494406,36.90053116163587,34.862334340694744
11565019,2021-01-01 00:00:00,better_return,$10K+,gte5,62.696155084724964,67.44699293816511,27.966917927981548
11565019,2021-01-01 00:00:00,better_return,$10K+,lt5,29.468402928326345,15.176827335209348,32.63007630102344
11565019,2021-01-01 00:00:00,better_return,$1K-10K,all,35.3895095575033,29.26586799389246,33.059061950086075
11565019,2021-01-01 00:00:00,better_return,$1K-10K,gte5,58.73291621661812,60.98733870528126,26.57723600832591
11565019,2021-01-01 00:00:00,better_return,$1K-10K,lt5,26.802555886682747,11.962133704969236,30.998670673450118
11565019,2021-01-01 00:00:00,better_return,OVERALL,all,34.542920244601326,23.313105380116824,33.974231945221
11565019,2021-01-01 00:00:00,better_return,OVERALL,gte5,57.248500145270995,59.32040985486863,27.999033273316016
11565019,2021-01-01 00:00:00,better_return,OVERALL,lt5,32.29851865439442,16.650067770018044,33.68760835891634
11565019,2021-01-01 00:00:00,max_sharpe,$0-1,all,35.548195046542354,32.2314528705048,29.919257210822042
11565019,2021-01-01 00:00:00,max_sharpe,$0-1,gte5,70.79698210103167,74.98678843814001,20.743351325886728
11565019,2021-01-01 00:00:00,max_sharpe,$0-1,lt5,34.038538277279166,32.2314528705048,29.31861008421733
11565019,2021-01-01 00:00:00,max_sharpe,$1-100,all,26.58426111183727,12.396051597611365,30.346142479245216
11565019,2021-01-01 00:00:00,max_sharpe,$1-100,gte5,61.84495784922738,64.66232070762803,24.64226663323152
11565019,2021-01-01 00:00:00,max_sharpe,$1-100,lt5,24.912085752151057,10.866352978615012,29.56357723025338
11565019,2021-01-01 00:00:00,max_sharpe,$100-1K,all,49.39304604117243,54.31364407923479,31.452753079808108
11565019,2021-01-01 00:00:00,max_sharpe,$100-1K,gte5,67.04009334535178,70.71741250504166,22.98969148444102
11565019,2021-01-01 00:00:00,max_sharpe,$100-1K,lt5,46.49720617053171,49.28151716472429,31.708008700765873
11565019,2021-01-01 00:00:00,max_sharpe,$10K+,all,57.132435806290566,69.86626266023181,33.33907766535183
11565019,2021-01-01 00:00:00,max_sharpe,$10K+,gte5,73.49803043957486,81.60856678635227,24.12530270565796
11565019,2021-01-01 00:00:00,max_sharpe,$10K+,lt5,49.14392474693458,58.86282730098844,34.28424694022676
11565019,2021-01-01 00:00:00,max_sharpe,$1K-10K,all,53.8694910235424,61.79155143728011,31.241946485707622
11565019,2021-01-01 00:00:00,max_sharpe,$1K-10K,gte5,69.87491795814347,74.35648302592665,22.28313640018825
11565019,2021-01-01 00:00:00,max_sharpe,$1K-10K,lt5,47.981838823667054,52.43499317151754,31.993117266552677
11565019,2021-01-01 00:00:00,max_sharpe,OVERALL,all,35.406575481839624,31.471095478059944,32.51652889324558
11565019,2021-01-01 00:00:00,max_sharpe,OVERALL,gte5,67.56484595596721,72.57822120841068,23.5212057274611
11565019,2021-01-01 00:00:00,max_sharpe,OVERALL,lt5,32.22779415556728,24.865517097189382,31.540820476194146
11565019,2021-01-01 00:00:00,safer_risk,$0-1,all,6.261808349169489,1.6595159135768256e-07,16.158276264809587
11565019,2021-01-01 00:00:00,safer_risk,$0-1,gte5,49.81965486023502,54.72066693186099,18.470522043826254
11565019,2021-01-01 00:00:00,safer_risk,$0-1,lt5,4.3962860621668955,1.2121464942893567e-07,13.150031113939155
11565019,2021-01-01 00:00:00,safer_risk,$1-100,all,6.6484579018515655,5.824027232703699e-08,16.148552406709417
11565019,2021-01-01 00:00:00,safer_risk,$1-100,gte5,43.51885699204753,43.49976846218248,20.88684145938645
11565019,2021-01-01 00:00:00,safer_risk,$1-100,lt5,4.899945292483794,5.404210412507382e-08,13.598845083731277
11565019,2021-01-01 00:00:00,safer_risk,$100-1K,all,15.94987391403024,3.473536222542428e-07,23.769302396305385
11565019,2021-01-01 00:00:00,safer_risk,$100-1K,gte5,48.22130472841919,48.94337849036923,21.35142473838889
11565019,2021-01-01 00:00:00,safer_risk,$100-1K,lt5,10.654206348567302,1.3251813847647842e-07,19.594409706781843
11565019,2021-01-01 00:00:00,safer_risk,$10K+,all,25.173432878218854,12.27600103069455,28.547773864862386
11565019,2021-01-01 00:00:00,safer_risk,$10K+,gte5,52.58886925547416,55.04564300245495,22.957731730141372
11565019,2021-01-01 00:00:00,safer_risk,$10K+,lt5,11.791180561437443,1.7949674802064663e-07,20.23747826472474
11565019,2021-01-01 00:00:00,safer_risk,$1K-10K,all,23.259827036905122,11.02677048902638,26.961831385056282
11565019,2021-01-01 00:00:00,safer_risk,$1K-10K,gte5,50.73190801826972,51.4080076201364,21.48351545422232
11565019,2021-01-01 00:00:00,safer_risk,$1K-10K,lt5,13.15412609646865,2.773727206251131e-07,21.090763729586143
11565019,2021-01-01 00:00:00,safer_risk,OVERALL,all,10.209002753331426,8.711826607332718e-08,20.22296461025427
11565019,2021-01-01 00:00:00,safer_risk,OVERALL,gte5,48.35119150782299,49.71844684185237,21.467746916806977
11565019,2021-01-01 00:00:00,safer_risk,OVERALL,lt5,6.438722960035955,7.272269800240316e-08,15.678552359418978
11766939,2021-02-01 00:00:00,better_return,$0-1,all,34.55247991611266,32.021434810615155,31.462751465167916
11766939,2021-02-01 00:00:00,better_return,$0-1,gte5,42.793356653270116,32.06431807750937,27.677336482003966
11766939,2021-02-01 00:00:00,better_return,$0-1,lt5,34.2083788722307,31.983322980062113,31.564244633705336
11766939,2021-02-01 00:00:00,better_return,$1-100,all,24.811245325103002,21.420272878182605,26.92680089439215
11766939,2021-02-01 00:00:00,better_return,$1-100,gte5,49.08693184134643,46.985102253231744,28.103538544893965
11766939,2021-02-01 00:00:00,better_return,$1-100,lt5,23.77786249620912,21.420272878182605,26.38452610970242
11766939,2021-02-01 00:00:00,better_return,$100-1K,all,31.884877086275996,22.30403304243066,31.98135500397515
11766939,2021-02-01 00:00:00,better_return,$100-1K,gte5,51.312016468249965,49.859173110416194,26.501143871138453
11766939,2021-02-01 00:00:00,better_return,$100-1K,lt5,29.360162255437242,16.389980768836555,31.76538033126184
11766939,2021-02-01 00:00:00,better_return,$10K+,all,39.34011191386773,38.1468722642115,30.98654387916813
11766939,2021-02-01 00:00:00,better_return,$10K+,gte5,53.27791456841183,52.90474156411321,24.971911788775273
11766939,2021-02-01 00:00:00,better_return,$10K+,lt5,31.621101424479427,21.990247701140518,31.295510009203287
11766939,2021-02-01 00:00:00,better_return,$1K-10K,all,33.53749530065796,27.370827239157038,30.77826989124139
11766939,2021-02-01 00:00:00,better_return,$1K-10K,gte5,49.564273998590515,47.9374267788756,25.172755492421818
11766939,2021-02-01 00:00:00,better_return,$1K-10K,lt5,28.878757939980762,17.47946592476825,30.69375663588028
11766939,2021-02-01 00:00:00,better_return,OVERALL,all,29.54065263708908,21.420272878182605,29.7286441669384
11766939,2021-02-01 00:00:00,better_return,OVERALL,gte5,50.01477946609095,48.2032397812434,26.38611299589864
11766939,2021-02-01 00:00:00,better_return,OVERALL,lt5,27.470412414875103,21.420272878182605,29.258950817045612
11766939,2021-02-01 00:00:00,max_sharpe,$0-1,all,40.200035262413145,55.499907624705216,30.886489165731327
11766939,2021-02-01 00:00:00,max_sharpe,$0-1,gte5,65.23260481721324,69.62073279803307,21.573783748448932
11766939,2021-02-01 00:00:00,max_sharpe,$0-1,lt5,39.15479049179117,51.792681069858574,30.77529613355533
11766939,2021-02-01 00:00:00,max_sharpe,$1-100,all,28.87358754876369,21.420272878182608,25.36565532170296
11766939,2021-02-01 00:00:00,max_sharpe,$1-100,gte5,58.34134162026401,59.40162132753737,24.259779066963397
11766939,2021-02-01 00:00:00,max_sharpe,$1-100,lt5,27.619185493308677,21.420272878182608,24.641743485424435
11766939,2021-02-01 00:00:00,max_sharpe,$100-1K,all,42.79484505578869,40.35895906092121,29.50187141913538
11766939,2021-02-01 00:00:00,max_sharpe,$100-1K,gte5,59.71308166721374,60.394627792790075,22.658429248223303
11766939,2021-02-01 00:00:00,max_sharpe,$100-1K,lt5,40.59618255357094,36.88622056047478,29.575677166413637
11766939,2021-02-01 00:00:00,max_sharpe,$10K+,all,47.639315232938,47.36101609069159,29.154749946760237
11766939,2021-02-01 00:00:00,max_sharpe,$10K+,gte5,60.16851818743068,60.18250894273192,22.70688642007386
11766939,2021-02-01 00:00:00,max_sharpe,$10K+,lt5,40.70041306690164,37.77474479545392,30.00198993803121
11766939,2021-02-01 00:00:00,max_sharpe,$1K-10K,all,41.67741880407317,39.200815238549175,28.688802491979278
11766939,2021-02-01 00:00:00,max_sharpe,$1K-10K,gte5,56.51481711092432,55.87075588123021,22.816706317347457
11766939,2021-02-01 00:00:00,max_sharpe,$1K-10K,lt5,37.36441597735459,32.31841517382783,28.781446037776448
11766939,2021-02-01 00:00:00,max_sharpe,OVERALL,all,35.72367765756654,27.14854274669566,28.548541766240813
11766939,2021-02-01 00:00:00,max_sharpe,OVERALL,gte5,58.95805612846294,60.17412273842543,23.103719221404802
11766939,2021-02-01 00:00:00,max_sharpe,OVERALL,lt5,33.374334740512,22.428080694079387,27.988426078876437
11766939,2021-02-01 00:00:00,safer_risk,$0-1,all,5.767544846220657,1.22081511566563e-07,15.687256871735997
11766939,2021-02-01 00:00:00,safer_risk,$0-1,gte5,50.452787318770056,54.87296900042312,20.236764694529565
11766939,2021-02-01 00:00:00,safer_risk,$0-1,lt5,3.901695001435124,1.22081511566563e-07,12.34542843303246
11766939,2021-02-01 00:00:00,safer_risk,$1-100,all,6.265915498894062,4.010221946182391e-08,15.36567937346774
11766939,2021-02-01 00:00:00,safer_risk,$1-100,gte5,43.70284740318624,43.32110744084315,21.057096234954432
11766939,2021-02-01 00:00:00,safer_risk,$1-100,lt5,4.67227642423886,3.620145086480342e-08,12.848333211111747
11766939,2021-02-01 00:00:00,safer_risk,$100-1K,all,13.051202392006127,2.2931547910554073e-07,20.934165460850096
11766939,2021-02-01 00:00:00,safer_risk,$100-1K,gte5,44.141141697495016,43.685388402535196,20.531182088753905
11766939,2021-02-01 00:00:00,safer_risk,$100-1K,lt5,9.01081181719627,1.3283202038305575e-07,17.276341910076795
11766939,2021-02-01 00:00:00,safer_risk,$10K+,all,24.627477096455983,15.893850791025267,26.540360158746292
11766939,2021-02-01 00:00:00,safer_risk,$10K+,gte5,48.24348514634326,48.606329352161396,21.3899332934071
11766939,2021-02-01 00:00:00,safer_risk,$10K+,lt5,11.54849912749142,4.856438633182858e-07,19.00464867844247
11766939,2021-02-01 00:00:00,safer_risk,$1K-10K,all,18.24274656208752,5.3202918889666435,23.180708170893283
11766939,2021-02-01 00:00:00,safer_risk,$1K-10K,gte5,43.57015346261212,42.795186248297995,20.727374402665845
11766939,2021-02-01 00:00:00,safer_risk,$1K-10K,lt5,10.880460041480053,3.682784459335675e-07,18.11046157977794
11766939,2021-02-01 00:00:00,safer_risk,OVERALL,all,9.70797872947235,9.118143878827922e-08,19.049469203428995
11766939,2021-02-01 00:00:00,safer_risk,OVERALL,gte5,45.17366950446446,45.21779394003957,20.98428789035058
11766939,2021-02-01 00:00:00,safer_risk,OVERALL,lt5,6.121867333162109,6.727124413075103e-08,14.663090482852613
11948960,2021-03-01 00:00:00,better_return,$0-1,all,17.65911344651696,1.8219103322507657,26.469616819847218
11948960,2021-03-01 00:00:00,better_return,$0-1,gte5,35.42211667519605,20.101877034017328,30.925206942193576
11948960,2021-03-01 00:00:00,better_return,$0-1,lt5,16.905623364969266,0.19828742444430586,25.997013775784602
11948960,2021-03-01 00:00:00,better_return,$1-100,all,18.487008886391077,6.350565351365134e-08,28.04246445266346
11948960,2021-03-01 00:00:00,better_return,$1-100,gte5,54.76985811528202,55.53856945098947,27.400461111304402
11948960,2021-03-01 00:00:00,better_return,$1-100,lt5,16.99226385734446,3.58701728042643e-08,27.044026652918276
11948960,2021-03-01 00:00:00,better_return,$100-1K,all,29.254025263829575,18.885023019287473,30.839147628253492
11948960,2021-03-01 00:00:00,better_return,$100-1K,gte5,48.82052324188615,46.15667498321754,26.191162445605315
11948960,2021-03-01 00:00:00,better_return,$100-1K,lt5,27.146271334519813,14.00906702834358,30.560207821531723
11948960,2021-03-01 00:00:00,better_return,$10K+,all,39.20788908970101,38.37214689266301,29.976116652336778
11948960,2021-03-01 00:00:00,better_return,$10K+,gte5,52.720998262561196,51.92355194622016,24.182924224319706
11948960,2021-03-01 00:00:00,better_return,$10K+,lt5,31.736942243628206,22.91239519381428,30.253427784462776
11948960,2021-03-01 00:00:00,better_return,$1K-10K,all,31.497892370711767,24.29679702884246,29.48343711259395
11948960,2021-03-01 00:00:00,better_return,$1K-10K,gte5,47.058312616778245,44.44390712921391,24.18551578464897
11948960,2021-03-01 00:00:00,better_return,$1K-10K,lt5,27.66594665030849,17.217228181348,29.41064811156168
11948960,2021-03-01 00:00:00,better_return,OVERALL,all,23.686630806433826,7.464736863141481,29.51566549661326
11948960,2021-03-01 00:00:00,better_return,OVERALL,gte5,49.356139341087236,47.44261156475113,26.11442072708731
11948960,2021-03-01 00:00:00,better_return,OVERALL,lt5,20.977414558187856,2.0897105359221313,28.535252679048675
11948960,2021-03-01 00:00:00,max_sharpe,$0-1,all,31.900741024461585,24.598416150964443,25.858196462397267
11948960,2021-03-01 00:00:00,max_sharpe,$0-1,gte5,46.85964227187375,35.176357007680835,25.787413013747326
11948960,2021-03-01 00:00:00,max_sharpe,$0-1,lt5,31.266198341804326,24.598416150964443,25.669230402498886
11948960,2021-03-01 00:00:00,max_sharpe,$1-100,all,34.788073778764826,40.26750686553135,23.50629433752366
11948960,2021-03-01 00:00:00,max_sharpe,$1-100,gte5,60.29335767209175,61.4782413408366,21.314091890584095
11948960,2021-03-01 00:00:00,max_sharpe,$1-100,lt5,33.737332254209484,39.06251849967964,22.993277934834893
11948960,2021-03-01 00:00:00,max_sharpe,$100-1K,all,37.42470531662136,33.618290057232535,26.513966641531074
11948960,2021-03-01 00:00:00,max_sharpe,$100-1K,gte5,52.70838724251579,51.539820253917355,20.727440795460687
11948960,2021-03-01 00:00:00,max_sharpe,$100-1K,lt5,35.778307444618264,31.08559096811952,26.54366000452001
11948960,2021-03-01 00:00:00,max_sharpe,$10K+,all,45.80496883749452,45.014002737217254,26.339477464775836
11948960,2021-03-01 00:00:00,max_sharpe,$10K+,gte5,56.65254776044453,55.770775197535414,20.047764382415117
11948960,2021-03-01 00:00:00,max_sharpe,$10K+,lt5,39.80770466200005,36.58141800282507,27.461047178494788
11948960,2021-03-01 00:00:00,max_sharpe,$1K-10K,all,38.378310919294975,35.5053088701192,25.226278576723633
11948960,2021-03-01 00:00:00,max_sharpe,$1K-10K,gte5,50.83295401426903,49.038032038205664,19.82415441917274
11948960,2021-03-01 00:00:00,max_sharpe,$1K-10K,lt5,35.31120119139409,31.265944165835947,25.46944510441106
11948960,2021-03-01 00:00:00,max_sharpe,OVERALL,all,36.080329956965286,34.63834923662881,25.128654132732006
11948960,2021-03-01 00:00:00,max_sharpe,OVERALL,gte5,54.02892171793442,52.64134300011776,21.15334589894758
11948960,2021-03-01 00:00:00,max_sharpe,OVERALL,lt5,34.185996204283796,31.697147536706858,24.764463217309615
11948960,2021-03-01 00:00:00,safer_risk,$0-1,all,4.103228581317323,3.9935203477448056e-07,11.789822427993599
11948960,2021-03-01 00:00:00,safer_risk,$0-1,gte5,29.769070690934985,21.223912692372743,23.45924690296585
11948960,2021-03-01 00:00:00,safer_risk,$0-1,lt5,3.0145074222206283,3.4930442704972364e-07,9.613803878629067
11948960,2021-03-01 00:00:00,safer_risk,$1-100,all,6.271706546910958,5.385264657820077e-07,15.415004745328122
11948960,2021-03-01 00:00:00,safer_risk,$1-100,gte5,44.382996274869605,44.553460642344724,20.418076295144186
11948960,2021-03-01 00:00:00,safer_risk,$1-100,lt5,4.7016352299632205,3.557361624023647e-07,12.95896266196071
11948960,2021-03-01 00:00:00,safer_risk,$100-1K,all,10.789117741670545,2.4281258947933537e-07,18.76102195221599
11948960,2021-03-01 00:00:00,safer_risk,$100-1K,gte5,41.0974497058323,40.33812299775163,19.93948138897906
11948960,2021-03-01 00:00:00,safer_risk,$100-1K,lt5,7.524225584682097,1.6725597296041173e-07,15.40945105604576
11948960,2021-03-01 00:00:00,safer_risk,$10K+,all,23.235714321147952,16.05811100555494,24.546191204162856
11948960,2021-03-01 00:00:00,safer_risk,$10K+,gte5,44.76774180339843,44.90277513873355,19.67303210311661
11948960,2021-03-01 00:00:00,safer_risk,$10K+,lt5,11.331375301142602,7.97073653607816e-07,17.98930344416961
11948960,2021-03-01 00:00:00,safer_risk,$1K-10K,all,15.547572866234585,2.2345958992035544,20.81431877972686
11948960,2021-03-01 00:00:00,safer_risk,$1K-10K,gte5,39.76327272803082,38.52313662635643,19.099939539068096
11948960,2021-03-01 00:00:00,safer_risk,$1K-10K,lt5,9.584157612367168,4.0757407379632404e-07,16.43525382895915
11948960,2021-03-01 00:00:00,safer_risk,OVERALL,all,9.29612011253732,4.598519592891037e-07,18.00813465244797
11948960,2021-03-01 00:00:00,safer_risk,OVERALL,gte5,41.37452423284949,40.60043611939946,20.31645053226214
11948960,2021-03-01 00:00:00,safer_risk,OVERALL,lt5,5.910494963414593,3.061008169158441e-07,13.96024304812802
12150245,2021-04-01 00:00:00,better_return,$0-1,all,20.654023012472397,0.888825015195388,29.576515074841808
12150245,2021-04-01 00:00:00,better_return,$0-1,gte5,62.795227656012244,77.87762836251228,29.944503595426117
12150245,2021-04-01 00:00:00,better_return,$0-1,lt5,18.354720660992903,0.5608716362641881,27.774048136291814
12150245,2021-04-01 00:00:00,better_return,$1-100,all,37.48486637976168,21.74873068369219,35.2048788853361
12150245,2021-04-01 00:00:00,better_return,$1-100,gte5,53.15890014381968,53.94575217595124,28.443162118019337
12150245,2021-04-01 00:00:00,better_return,$1-100,lt5,36.98414881953597,19.409879649500716,35.28504143890608
12150245,2021-04-01 00:00:00,better_return,$100-1K,all,27.19759803905126,17.270955483271592,29.19766162486723
12150245,2021-04-01 00:00:00,better_return,$100-1K,gte5,51.18998908164704,50.56404538238828,25.24706032118473
12150245,2021-04-01 00:00:00,better_return,$100-1K,lt5,24.86245943427606,13.122165826407,28.494932766392107
12150245,2021-04-01 00:00:00,better_return,$10K+,all,39.95492706799167,38.78081217891863,31.446617291308627
12150245,2021-04-01 00:00:00,better_return,$10K+,gte5,56.04541457662272,55.799755113827615,24.97444224061816
12150245,2021-04-01 00:00:00,better_return,$10K+,lt5,31.42731623649056,23.245008871331788,31.18482006912464
12150245,2021-04-01 00:00:00,better_return,$1K-10K,all,32.340515586007314,26.414366912285324,30.46046265399303
12150245,2021-04-01 00:00:00,better_return,$1K-10K,gte5,50.56785042071378,48.543122587927705,24.991884620826774
12150245,2021-04-01 00:00:00,better_return,$1K-10K,lt5,28.43257408434247,17.994226316856,30.105724178219237
12150245,2021-04-01 00:00:00,better_return,OVERALL,all,32.919069719732214,20.698801484221104,32.852378450232486
12150245,2021-04-01 00:00:00,better_return,OVERALL,gte5,53.36757599049152,52.583340665060796,26.001716960376264
12150245,2021-04-01 00:00:00,better_return,OVERALL,lt5,30.666249033757293,19.409879649500716,32.749912161607654
12150245,2021-04-01 00:00:00,max_sharpe,$0-1,all,33.278292468482434,24.030781571635814,28.975831528910575
12150245,2021-04-01 00:00:00,max_sharpe,$0-1,gte5,62.741495963953895,65.31176600466883,22.55954088571023
12150245,2021-04-01 00:00:00,max_sharpe,$0-1,lt5,31.67072539363751,20.90670208085887,28.419976455054787
12150245,2021-04-01 00:00:00,max_sharpe,$1-100,all,32.731682107061154,36.86316287376447,22.03553976236514
12150245,2021-04-01 00:00:00,max_sharpe,$1-100,gte5,61.12789150651979,63.048085916241725,20.526133756219355
12150245,2021-04-01 00:00:00,max_sharpe,$1-100,lt5,31.824546081696834,36.39681648419021,21.471742942796805
12150245,2021-04-01 00:00:00,max_sharpe,$100-1K,all,40.57466761736335,38.96341696486421,26.943142951711238
12150245,2021-04-01 00:00:00,max_sharpe,$100-1K,gte5,58.70033285450396,57.98442416108581,20.726024422319313
12150245,2021-04-01 00:00:00,max_sharpe,$100-1K,lt5,38.81052745487041,36.49894363062901,26.827049408277198
12150245,2021-04-01 00:00:00,max_sharpe,$10K+,all,51.48219499181427,53.97372278690498,28.072131644359352
12150245,2021-04-01 00:00:00,max_sharpe,$10K+,gte5,64.24183266821078,64.88728999183954,20.64606545513942
12150245,2021-04-01 00:00:00,max_sharpe,$10K+,lt5,44.71986262637772,44.35635612253036,29.116550286647747
12150245,2021-04-01 00:00:00,max_sharpe,$1K-10K,all,44.351141262177414,44.28528739454613,27.039530962692098
12150245,2021-04-01 00:00:00,max_sharpe,$1K-10K,gte5,58.98147973539755,58.34314598748274,20.748118168232377
12150245,2021-04-01 00:00:00,max_sharpe,$1K-10K,lt5,41.21439596060784,39.82523667667914,27.200494552257386
12150245,2021-04-01 00:00:00,max_sharpe,OVERALL,all,38.15830484439906,36.86316287376448,26.105576641487932
12150245,2021-04-01 00:00:00,max_sharpe,OVERALL,gte5,61.032746313590245,61.43772117103285,20.92215460780015
12150245,2021-04-01 00:00:00,max_sharpe,OVERALL,lt5,35.63821783953034,36.112070999833044,25.384259303775238
12150245,2021-04-01 00:00:00,safer_risk,$0-1,all,7.229691219557722,3.3539822030803634e-07,17.247428985119402
12150245,2021-04-01 00:00:00,safer_risk,$0-1,gte5,52.61045658642669,56.71013493478814,21.96259193598142
12150245,2021-04-01 00:00:00,safer_risk,$0-1,lt5,4.753632421462192,2.8145863972817153e-07,12.995850268828121
12150245,2021-04-01 00:00:00,safer_risk,$1-100,all,5.8801795576911635,2.6595657412475937e-07,15.96007887927557
12150245,2021-04-01 00:00:00,safer_risk,$1-100,gte5,47.239264687595394,47.379485444175195,22.078581477788813
12150245,2021-04-01 00:00:00,safer_risk,$1-100,lt5,4.558935740614581,2.6595657412475937e-07,13.816605334209834
12150245,2021-04-01 00:00:00,safer_risk,$100-1K,all,10.636934625149307,1.9141216389684246e-07,18.948340482144072
12150245,2021-04-01 00:00:00,safer_risk,$100-1K,gte5,42.9393182198858,42.18917094508356,20.125039253431627
12150245,2021-04-01 00:00:00,safer_risk,$100-1K,lt5,7.492998582075995,1.4071321052799846e-07,15.592454644172884
12150245,2021-04-01 00:00:00,safer_risk,$10K+,all,23.13956564872486,15.092449847299394,25.025969701218347
12150245,2021-04-01 00:00:00,safer_risk,$10K+,gte5,44.88072009345503,44.108448705576166,20.551933329577075
12150245,2021-04-01 00:00:00,safer_risk,$10K+,lt5,11.617223393229526,5.578999803801388e-07,18.737635439344302
12150245,2021-04-01 00:00:00,safer_risk,$1K-10K,all,15.476050352955571,0.3018624757384491,21.474432593744186
12150245,2021-04-01 00:00:00,safer_risk,$1K-10K,gte5,41.11090993356187,39.41096614340424,19.796393321276753
12150245,2021-04-01 00:00:00,safer_risk,$1K-10K,lt5,9.97993517468765,2.2520767473110936e-07,17.461409735600768
12150245,2021-04-01 00:00:00,safer_risk,OVERALL,all,10.261188353890365,2.6595657620642754e-07,19.480026477207982
12150245,2021-04-01 00:00:00,safer_risk,OVERALL,gte5,44.03130909792123,43.14369874505219,20.728497655626345
12150245,2021-04-01 00:00:00,safer_risk,OVERALL,lt5,6.540719700939959,2.659565727369806e-07,15.312040670800247
12344945,2021-05-01 00:00:00,better_return,$0-1,all,17.679913550787745,7.660484145632918e-05,26.736757542891333
12344945,2021-05-01 00:00:00,better_return,$0-1,gte5,58.26901746608511,62.78098842063232,28.224600438089386
12344945,2021-05-01 00:00:00,better_return,$0-1,lt5,15.421186415383499,1.7639896929960708e-05,24.769458194054067
12344945,2021-05-01 00:00:00,better_return,$1-100,all,14.825913677419186,3.229142647720451e-08,26.684155252768175
12344945,2021-05-01 00:00:00,better_return,$1-100,gte5,50.35490776864394,50.15608443592514,28.761050321118567
12344945,2021-05-01 00:00:00,better_return,$1-100,lt5,13.601480346982411,2.096528298189959e-08,25.75023570746969
12344945,2021-05-01 00:00:00,better_return,$100-1K,all,21.984936707650515,8.948369141936492,26.90932671163169
12344945,2021-05-01 00:00:00,better_return,$100-1K,gte5,50.05854936614811,49.447934120826815,25.077896916461576
12344945,2021-05-01 00:00:00,better_return,$100-1K,lt5,19.677347194704257,4.960811541123873,25.726097692470777
12344945,2021-05-01 00:00:00,better_return,$10K+,all,38.902151013591606,38.22164062526398,31.169337799941303
12344945,2021-05-01 00:00:00,better_return,$10K+,gte5,56.55901870463755,56.6668285344163,24.81928722971595
12344945,2021-05-01 00:00:00,better_return,$10K+,lt5,29.33428602389028,20.2697902160146,30.061671587463373
12344945,2021-05-01 00:00:00,better_return,$1K-10K,all,30.890975104014668,24.550826909028327,29.818716720971572
12344945,2021-05-01 00:00:00,better_return,$1K-10K,gte5,52.07713251401615,50.71569897098138,24.442154064140464
12344945,2021-05-01 00:00:00,better_return,$1K-10K,lt5,26.173103276545596,15.153666633509959,28.842880454758248
12344945,2021-05-01 00:00:00,better_return,OVERALL,all,22.140751645243363,2.996681341511882,28.938517211243635
12344945,2021-05-01 00:00:00,better_return,OVERALL,gte5,53.27405707049688,52.84296589231743,25.590831686044762
12344945,2021-05-01 00:00:00,better_return,OVERALL,lt5,18.531884163227716,4.165443633270295e-06,27.078006965719762
12344945,2021-05-01 00:00:00,max_sharpe,$0-1,all,36.27567176899041,24.99332913205089,30.797996071320387
12344945,2021-05-01 00:00:00,max_sharpe,$0-1,gte5,65.80657297591351,71.55506218519298,21.746660294883764
12344945,2021-05-01 00:00:00,max_sharpe,$0-1,lt5,34.632318221983866,24.721215621288916,30.39334250927987
12344945,2021-05-01 00:00:00,max_sharpe,$1-100,all,29.252016929473488,17.184535082540613,24.44498979715705
12344945,2021-05-01 00:00:00,max_sharpe,$1-100,gte5,60.17971285004182,60.846947646434934,21.82902774610497
12344945,2021-05-01 00:00:00,max_sharpe,$1-100,lt5,28.186157827987977,17.184535082540613,23.824973128303018
12344945,2021-05-01 00:00:00,max_sharpe,$100-1K,all,39.23332736119339,37.74592172787885,27.552864111713465
12344945,2021-05-01 00:00:00,max_sharpe,$100-1K,gte5,59.16438150548639,59.32810026753903,21.770500301308495
12344945,2021-05-01 00:00:00,max_sharpe,$100-1K,lt5,37.595038335665606,35.7430391171372,27.336202448298227
12344945,2021-05-01 00:00:00,max_sharpe,$10K+,all,51.278609934367736,54.83304144315275,28.714344609262817
12344945,2021-05-01 00:00:00,max_sharpe,$10K+,gte5,65.0028451070746,66.04655024364669,20.744813117180353
12344945,2021-05-01 00:00:00,max_sharpe,$10K+,lt5,43.84175128440693,43.90361244869793,29.677194197769136
12344945,2021-05-01 00:00:00,max_sharpe,$1K-10K,all,44.6940749556469,45.78444049989848,27.96343657730616
12344945,2021-05-01 00:00:00,max_sharpe,$1K-10K,gte5,62.094626924269996,62.414127766390756,20.2510495790463
12344945,2021-05-01 00:00:00,max_sharpe,$1K-10K,lt5,40.81920645889793,39.980695930492374,27.97001022596855
12344945,2021-05-01 00:00:00,max_sharpe,OVERALL,all,37.32548071286746,33.974072951622816,27.960743877195103
12344945,2021-05-01 00:00:00,max_sharpe,OVERALL,gte5,62.483574363381706,63.29370045937813,21.068168228822916
12344945,2021-05-01 00:00:00,max_sharpe,OVERALL,lt5,34.40923957352491,28.342135341962468,27.186471862085668
12344945,2021-05-01 00:00:00,safer_risk,$0-1,all,7.7810193022208525,1.633074328544204e-07,18.457402752982066
12344945,2021-05-01 00:00:00,safer_risk,$0-1,gte5,57.64047025664349,61.77986472905732,22.659671861232525
12344945,2021-05-01 00:00:00,safer_risk,$0-1,lt5,5.006410257829842,1.4940171599864271e-07,13.602337983497858
12344945,2021-05-01 00:00:00,safer_risk,$1-100,all,5.030161485404675,4.238089879038398e-08,14.526456466897333
12344945,2021-05-01 00:00:00,safer_risk,$1-100,gte5,43.82213248378498,43.69410657281681,22.618387179477256
12344945,2021-05-01 00:00:00,safer_risk,$1-100,lt5,3.69327640158287,3.711001228534627e-08,12.124862503090467
12344945,2021-05-01 00:00:00,safer_risk,$100-1K,all,10.443967933652967,1.227140961762574e-07,18.98550340522893
12344945,2021-05-01 00:00:00,safer_risk,$100-1K,gte5,43.61632159492375,43.136692436454766,20.712938511000395
12344945,2021-05-01 00:00:00,safer_risk,$100-1K,lt5,7.717273070413754,9.035970999216048e-08,16.028960811667698
12344945,2021-05-01 00:00:00,safer_risk,$10K+,all,24.44220151306173,17.529379346806042,25.691385037543245
12344945,2021-05-01 00:00:00,safer_risk,$10K+,gte5,46.81442411280436,46.46056689683519,20.405590013201284
12344945,2021-05-01 00:00:00,safer_risk,$10K+,lt5,12.319190280303097,5.470863005674342e-07,19.33638584019242
12344945,2021-05-01 00:00:00,safer_risk,$1K-10K,all,16.312040052869133,0.8454591662935147,22.05637683119266
12344945,2021-05-01 00:00:00,safer_risk,$1K-10K,gte5,42.40407144329354,40.80326207067541,20.070921161590185
12344945,2021-05-01 00:00:00,safer_risk,$1K-10K,lt5,10.50169618370624,1.8720016092821368e-07,17.88146335455712
12344945,2021-05-01 00:00:00,safer_risk,OVERALL,all,10.568427581259309,8.831404565978751e-08,19.777951069741736
12344945,2021-05-01 00:00:00,safer_risk,OVERALL,gte5,44.96958172715952,44.214274186571494,21.03489601490691
12344945,2021-05-01 00:00:00,safer_risk,OVERALL,lt5,6.580762126365606,6.331786137070416e-08,15.236117859420684
12545219,2021-06-01 00:00:00,better_return,$0-1,all,22.449101694476855,16.61201472937207,28.338668585579878
12545219,2021-06-01 00:00:00,better_return,$0-1,gte5,67.64783732069971,80.43368905711009,30.332769161316833
12545219,2021-06-01 00:00:00,better_return,$0-1,lt5,20.42645049084437,15.601126589495252,26.50161198696021
12545219,2021-06-01 00:00:00,better_return,$1-100,all,19.687047651222954,7.548892830278042e-08,29.31467636764554
12545219,2021-06-01 00:00:00,better_return,$1-100,gte5,57.79334048908235,59.999999999999986,29.059098581934396
12545219,2021-06-01 00:00:00,better_return,$1-100,lt5,18.190625979474305,5.880552989001586e-08,28.296198976189956
12545219,2021-06-01 00:00:00,better_return,$100-1K,all,23.331995615227584,9.075703334269397,28.526696049002744
12545219,2021-06-01 00:00:00,better_return,$100-1K,gte5,53.473781551826804,53.619433404634655,27.43350389481479
12545219,2021-06-01 00:00:00,better_return,$100-1K,lt5,20.445001856359653,4.616740206655669,26.91244119239292
12545219,2021-06-01 00:00:00,better_return,$10K+,all,36.14087696297927,30.18730452066991,33.00088795295151
12545219,2021-06-01 00:00:00,better_return,$10K+,gte5,56.14614762352516,57.42200641616495,28.73675120064941
12545219,2021-06-01 00:00:00,better_return,$10K+,lt5,25.52081019438463,10.050424147324847,30.059540027549172
12545219,2021-06-01 00:00:00,better_return,$1K-10K,all,30.76618778238001,21.90169000217011,30.913461671351495
12545219,2021-06-01 00:00:00,better_return,$1K-10K,gte5,54.7450444538378,54.712810776394484,26.41391810587146
12545219,2021-06-01 00:00:00,better_return,$1K-10K,lt5,24.17413615793986,10.473681781961979,28.72336357002943
12545219,2021-06-01 00:00:00,better_return,OVERALL,all,24.19425767054075,8.37968070184121,30.057688579772265
12545219,2021-06-01 00:00:00,better_return,OVERALL,gte5,55.9432055861792,56.65724945550457,27.948268755855032
12545219,2021-06-01 00:00:00,better_return,OVERALL,lt5,20.418041004816278,1.815713202999214,27.997636705487864
12545219,2021-06-01 00:00:00,max_sharpe,$0-1,all,45.57701371921362,46.96060538203647,34.18853339331477
12545219,2021-06-01 00:00:00,max_sharpe,$0-1,gte5,82.78649127101183,92.64554681844902,26.01602755178094
12545219,2021-06-01 00:00:00,max_sharpe,$0-1,lt5,43.91188319036283,42.94663805515956,33.55808640914653
12545219,2021-06-01 00:00:00,max_sharpe,$1-100,all,26.806828403705495,5.68792648606886,33.31275510024973
12545219,2021-06-01 00:00:00,max_sharpe,$1-100,gte5,69.87106069419282,83.73993143659607,29.64412195310694
12545219,2021-06-01 00:00:00,max_sharpe,$1-100,lt5,25.115710069237707,3.418051876274248,32.297432768390586
12545219,2021-06-01 00:00:00,max_sharpe,$100-1K,all,45.506700261031874,46.8565596866924,30.484697714177866
12545219,2021-06-01 00:00:00,max_sharpe,$100-1K,gte5,69.97518389438098,77.49148093428977,25.267537035833982
12545219,2021-06-01 00:00:00,max_sharpe,$100-1K,lt5,43.16309793809624,43.70247067436768,29.905532572991163
12545219,2021-06-01 00:00:00,max_sharpe,$10K+,all,50.88167501114196,59.333373873000795,35.66775128348333
12545219,2021-06-01 00:00:00,max_sharpe,$10K+,gte5,70.83840098691014,82.08918035836209,27.65210600564675
12545219,2021-06-01 00:00:00,max_sharpe,$10K+,lt5,40.28737884082355,37.8146388594852,34.89940781974093
12545219,2021-06-01 00:00:00,max_sharpe,$1K-10K,all,47.83842537302122,52.20070695595257,33.39788817388587
12545219,2021-06-01 00:00:00,max_sharpe,$1K-10K,gte5,70.93790791203334,77.75101078321461,23.996958579820173
12545219,2021-06-01 00:00:00,max_sharpe,$1K-10K,lt5,41.4881233765013,40.15351759505357,32.81368864176927
12545219,2021-06-01 00:00:00,max_sharpe,OVERALL,all,39.36270851835118,35.096136242613035,34.42366110369869
12545219,2021-06-01 00:00:00,max_sharpe,OVERALL,gte5,71.21724843245988,80.60036082192352,26.238667650207326
12545219,2021-06-01 00:00:00,max_sharpe,OVERALL,lt5,35.57393275096976,27.466635248223415,33.30165752965343
12545219,2021-06-01 00:00:00,safer_risk,$0-1,all,6.279508842228141,7.21073978304787e-08,17.306770495385788
12545219,2021-06-01 00:00:00,safer_risk,$0-1,gte5,52.75378944505835,59.9686419154567,24.842221833964487
12545219,2021-06-01 00:00:00,safer_risk,$0-1,lt5,4.199776781211598,7.21073978304787e-08,13.57695933570712
12545219,2021-06-01 00:00:00,safer_risk,$1-100,all,6.4052247414347026,6.381480413542029e-08,16.736920440021745
12545219,2021-06-01 00:00:00,safer_risk,$1-100,gte5,47.65530749133003,48.157508398944536,23.84587978916925
12545219,2021-06-01 00:00:00,safer_risk,$1-100,lt5,4.7853474668066704,6.381480413542029e-08,14.119198584080696
12545219,2021-06-01 00:00:00,safer_risk,$100-1K,all,11.217423449803782,1.1638998584362348e-07,20.11540643237194
12545219,2021-06-01 00:00:00,safer_risk,$100-1K,gte5,45.62645284820754,45.11842136436135,22.77301155101952
12545219,2021-06-01 00:00:00,safer_risk,$100-1K,lt5,7.921711200674093,8.149341479413152e-08,16.4149144329701
12545219,2021-06-01 00:00:00,safer_risk,$10K+,all,25.803085485772698,12.997620844989694,29.49243503208114
12545219,2021-06-01 00:00:00,safer_risk,$10K+,gte5,52.7500015217198,53.55612977563881,25.009464252158445
12545219,2021-06-01 00:00:00,safer_risk,$10K+,lt5,11.497952985172923,1.8625764403035205e-07,20.233523752714266
12545219,2021-06-01 00:00:00,safer_risk,$1K-10K,all,19.104241872952247,2.9393190803861353,25.366905767364393
12545219,2021-06-01 00:00:00,safer_risk,$1K-10K,gte5,48.66183098385505,47.822335453023165,22.54390565498262
12545219,2021-06-01 00:00:00,safer_risk,$1K-10K,lt5,10.978535298085088,1.509745807537488e-07,19.350960834812803
12545219,2021-06-01 00:00:00,safer_risk,OVERALL,all,11.325936712060207,9.674087017574884e-08,21.51934789213183
12545219,2021-06-01 00:00:00,safer_risk,OVERALL,gte5,49.18342685730148,49.01558437179854,23.66568031292441
12545219,2021-06-01 00:00:00,safer_risk,OVERALL,lt5,6.823170649109032,7.21073978304787e-08,16.149587452125935
12738509,2021-07-01 00:00:00,better_return,$0-1,all,26.938315660827854,26.113703029996525,28.41538306147998
12738509,2021-07-01 00:00:00,better_return,$0-1,gte5,74.29688746602791,90.79334057186051,32.120256578319676
12738509,2021-07-01 00:00:00,better_return,$0-1,lt5,24.82883649056819,22.290889300279687,26.326711045412214
12738509,2021-07-01 00:00:00,better_return,$1-100,all,32.63202747767721,29.36370557386879,31.65026669748057
12738509,2021-07-01 00:00:00,better_return,$1-100,gte5,60.95218073507949,65.38748931313445,30.425356263357134
12738509,2021-07-01 00:00:00,better_return,$1-100,lt5,31.44290787012257,25.033008410320928,31.14230533202787
12738509,2021-07-01 00:00:00,better_return,$100-1K,all,23.268908580257786,9.038650717371912,28.723427174176962
12738509,2021-07-01 00:00:00,better_return,$100-1K,gte5,54.40542916999949,55.12921943961793,27.86137785060845
12738509,2021-07-01 00:00:00,better_return,$100-1K,lt5,19.839583457564892,4.350711756698868,26.68092224023606
12738509,2021-07-01 00:00:00,better_return,$10K+,all,37.375011760850505,29.71181837205728,34.90200254504778
12738509,2021-07-01 00:00:00,better_return,$10K+,gte5,59.5676853394282,64.60727468474849,30.736722330788012
12738509,2021-07-01 00:00:00,better_return,$10K+,lt5,24.493922353628324,7.102589649626718,30.414770772665918
12738509,2021-07-01 00:00:00,better_return,$1K-10K,all,32.14928860903073,22.58037958712556,32.18985315028747
12738509,2021-07-01 00:00:00,better_return,$1K-10K,gte5,57.65854453136408,59.46703563122754,27.52837988019374
12738509,2021-07-01 00:00:00,better_return,$1K-10K,lt5,23.928284629687592,9.184998295814163,29.130833177925908
12738509,2021-07-01 00:00:00,better_return,OVERALL,all,29.80671188842411,19.392180737168697,31.17915464549946
12738509,2021-07-01 00:00:00,better_return,OVERALL,gte5,58.64673338515411,61.37010445821598,29.247301145239653
12738509,2021-07-01 00:00:00,better_return,OVERALL,lt5,26.148943138030354,11.898098143673117,29.46313204513089
12738509,2021-07-01 00:00:00,max_sharpe,$0-1,all,43.813170133440494,43.49486769352279,35.30413815452004
12738509,2021-07-01 00:00:00,max_sharpe,$0-1,gte5,82.76910445880442,92.38788495767719,25.98756234543432
12738509,2021-07-01 00:00:00,max_sharpe,$0-1,lt5,42.07796721483526,38.319018218096886,34.65851015106859
12738509,2021-07-01 00:00:00,max_sharpe,$1-100,all,53.69266677843026,74.1196796324138,33.52185680552447
12738509,2021-07-01 00:00:00,max_sharpe,$1-100,gte5,75.14229632121192,86.91341942032717,26.36449261266909
12738509,2021-07-01 00:00:00,max_sharpe,$1-100,lt5,52.79202987748269,73.34544283173825,33.49005473801428
12738509,2021-07-01 00:00:00,max_sharpe,$100-1K,all,44.43396035761871,44.793419934078685,32.00035128977451
12738509,2021-07-01 00:00:00,max_sharpe,$100-1K,gte5,71.48774600093843,79.88551232826066,25.30867872892617
12738509,2021-07-01 00:00:00,max_sharpe,$100-1K,lt5,41.45430094117285,39.99999999999999,31.253346214945978
12738509,2021-07-01 00:00:00,max_sharpe,$10K+,all,52.338217520238764,64.42596634412224,36.689232928306716
12738509,2021-07-01 00:00:00,max_sharpe,$10K+,gte5,73.74677985320488,86.05276237644539,27.578174210907846
12738509,2021-07-01 00:00:00,max_sharpe,$10K+,lt5,39.912242591412756,36.55010725336477,35.57446571955726
12738509,2021-07-01 00:00:00,max_sharpe,$1K-10K,all,50.14486296811601,57.81983737356467,34.16482363230145
12738509,2021-07-01 00:00:00,max_sharpe,$1K-10K,gte5,73.01587843371186,81.00206762267604,24.010290959522578
12738509,2021-07-01 00:00:00,max_sharpe,$1K-10K,lt5,42.77409881385199,43.20849160666349,33.68550666661557
12738509,2021-07-01 00:00:00,max_sharpe,OVERALL,all,49.39324132071804,58.56550643545448,33.9951696631013
12738509,2021-07-01 00:00:00,max_sharpe,OVERALL,gte5,73.6212052913341,83.5542605619199,25.61167344221626
12738509,2021-07-01 00:00:00,max_sharpe,OVERALL,lt5,46.32041803910467,52.27817250410395,33.69213422301855
12738509,2021-07-01 00:00:00,safer_risk,$0-1,all,5.397720611660283,1.1446092962330567e-07,14.906211557517848
12738509,2021-07-01 00:00:00,safer_risk,$0-1,gte5,38.40699615842709,30.817165909621888,24.61823537605506
12738509,2021-07-01 00:00:00,safer_risk,$0-1,lt5,3.9273979955626985,1.0164718927674343e-07,12.425890713127162
12738509,2021-07-01 00:00:00,safer_risk,$1-100,all,7.134820013938064,5.3802613059206195e-08,17.712008327936466
12738509,2021-07-01 00:00:00,safer_risk,$1-100,gte5,50.46377443493161,51.52863892586605,23.594884691341225
12738509,2021-07-01 00:00:00,safer_risk,$1-100,lt5,5.315503966861964,4.299157696507905e-08,14.878626959603642
12738509,2021-07-01 00:00:00,safer_risk,$100-1K,all,12.835618861618856,3.315463056874357e-07,22.155707629455026
12738509,2021-07-01 00:00:00,safer_risk,$100-1K,gte5,49.73711241813251,49.74161328621838,23.652288796424802
12738509,2021-07-01 00:00:00,safer_risk,$100-1K,lt5,8.77134910631635,1.8910416288431264e-07,17.79971142718411
12738509,2021-07-01 00:00:00,safer_risk,$10K+,all,29.621475280863546,16.150555548465412,32.44988426306126
12738509,2021-07-01 00:00:00,safer_risk,$10K+,gte5,58.879284997140545,61.858644264872076,26.33251957576559
12738509,2021-07-01 00:00:00,safer_risk,$10K+,lt5,12.639633887105274,4.4363279300130287e-07,21.82836273730445
12738509,2021-07-01 00:00:00,safer_risk,$1K-10K,all,23.130864465712897,7.342949551465801,28.596916798792346
12738509,2021-07-01 00:00:00,safer_risk,$1K-10K,gte5,55.386210169993525,56.229825603381656,23.58723965885706
12738509,2021-07-01 00:00:00,safer_risk,$1K-10K,lt5,12.735762146878796,4.4363279438908165e-07,21.41680780168928
12738509,2021-07-01 00:00:00,safer_risk,OVERALL,all,12.613179188085638,1.696135495943274e-07,23.230777555108606
12738509,2021-07-01 00:00:00,safer_risk,OVERALL,gte5,53.38422012903829,53.95362240472865,24.735116994371673
12738509,2021-07-01 00:00:00,safer_risk,OVERALL,lt5,7.4422038650700415,1.018881000403038e-07,17.115856606978845
12936340,2021-08-01 00:00:00,better_return,$0-1,all,21.085788659428015,10.805430957129346,27.518852374026018
12936340,2021-08-01 00:00:00,better_return,$0-1,gte5,67.98826924089194,81.35998565018029,31.107419472860038
12936340,2021-08-01 00:00:00,better_return,$0-1,lt5,18.99493154299779,10.805430957129346,25.406173513170973
12936340,2021-08-01 00:00:00,better_return,$1-100,all,31.476904430892212,26.772793857853117,30.596575313269756
12936340,2021-08-01 00:00:00,better_return,$1-100,gte5,59.65746954031084,63.077861268171084,29.619119706990958
12936340,2021-08-01 00:00:00,better_return,$1-100,lt5,30.27921066490577,22.857986342848044,30.057725677689874
12936340,2021-08-01 00:00:00,better_return,$100-1K,all,24.839198118500715,11.793757195197632,29.20380643930447
12936340,2021-08-01 00:00:00,better_return,$100-1K,gte5,54.85056592354259,54.69873841922258,26.978087842597944
12936340,2021-08-01 00:00:00,better_return,$100-1K,lt5,21.666426829398926,7.242230099672486,27.58255900839954
12936340,2021-08-01 00:00:00,better_return,$10K+,all,41.384413719721074,39.92707276112623,34.35945718854355
12936340,2021-08-01 00:00:00,better_return,$10K+,gte5,62.302000510405804,66.8801826221934,27.898259849461528
12936340,2021-08-01 00:00:00,better_return,$10K+,lt5,27.913313314988354,13.934445779940752,31.247132585498175
12936340,2021-08-01 00:00:00,better_return,$1K-10K,all,34.61299592300069,28.43251329258969,31.97534506240966
12936340,2021-08-01 00:00:00,better_return,$1K-10K,gte5,58.11472020740436,59.31262185220568,26.252230885384424
12936340,2021-08-01 00:00:00,better_return,$1K-10K,lt5,26.86377872652159,14.728470724641715,29.835119353892853
12936340,2021-08-01 00:00:00,better_return,OVERALL,all,29.772107737541216,18.294693578750366,30.927072883229627
12936340,2021-08-01 00:00:00,better_return,OVERALL,gte5,59.10896728751713,61.336767895640676,27.663067181565857
12936340,2021-08-01 00:00:00,better_return,OVERALL,lt5,25.855454137439327,10.805430957129346,29.185154208053635
12936340,2021-08-01 00:00:00,max_sharpe,$0-1,all,30.55146546648223,10.805430957129346,33.34253972000941
12936340,2021-08-01 00:00:00,max_sharpe,$0-1,gte5,79.93495229472049,87.56965820040618,22.62457318992092
12936340,2021-08-01 00:00:00,max_sharpe,$0-1,lt5,28.35000802566269,10.805430957129346,32.01414118007173
12936340,2021-08-01 00:00:00,max_sharpe,$1-100,all,51.655183032838316,69.95082220069187,34.23502689832119
12936340,2021-08-01 00:00:00,max_sharpe,$1-100,gte5,74.94764184280301,86.0754606864736,25.42564780967757
12936340,2021-08-01 00:00:00,max_sharpe,$1-100,lt5,50.66523721014553,68.85909884463376,34.21018679473769
12936340,2021-08-01 00:00:00,max_sharpe,$100-1K,all,46.45329472807631,49.1018607816242,31.619588449902636
12936340,2021-08-01 00:00:00,max_sharpe,$100-1K,gte5,73.18873352542573,79.46099851385324,22.452639255665716
12936340,2021-08-01 00:00:00,max_sharpe,$100-1K,lt5,43.62685132273714,44.16366767695436,31.12309202629439
12936340,2021-08-01 00:00:00,max_sharpe,$10K+,all,57.71582512570253,73.7992110625184,35.05486401945418
12936340,2021-08-01 00:00:00,max_sharpe,$10K+,gte5,77.12478724677437,86.56941809503832,23.84524270800425
12936340,2021-08-01 00:00:00,max_sharpe,$10K+,lt5,45.21629159437519,47.926249239807795,35.42899374653106
12936340,2021-08-01 00:00:00,max_sharpe,$1K-10K,all,53.300920812435926,63.1996292672838,33.02552189870386
12936340,2021-08-01 00:00:00,max_sharpe,$1K-10K,gte5,74.23282932956207,80.6929016252648,21.93689400261743
12936340,2021-08-01 00:00:00,max_sharpe,$1K-10K,lt5,46.399048274356524,51.07996331769618,33.15928010826394
12936340,2021-08-01 00:00:00,max_sharpe,OVERALL,all,48.37584357180804,56.040312743178234,34.16348843229691
12936340,2021-08-01 00:00:00,max_sharpe,OVERALL,gte5,75.06658485088656,83.1663797407829,23.067741538876074
12936340,2021-08-01 00:00:00,max_sharpe,OVERALL,lt5,44.81246325354286,47.83752494182939,33.82479601070654
12936340,2021-08-01 00:00:00,safer_risk,$0-1,all,7.608793030129797,6.691437265393674e-08,19.860933671128063
12936340,2021-08-01 00:00:00,safer_risk,$0-1,gte5,52.75310753943242,51.84904442929772,24.612922909411285
12936340,2021-08-01 00:00:00,safer_risk,$0-1,lt5,5.596312877951228,6.691437265393674e-08,17.033354759632132
12936340,2021-08-01 00:00:00,safer_risk,$1-100,all,7.168667679781036,2.573287610774244e-07,17.606054634696328
12936340,2021-08-01 00:00:00,safer_risk,$1-100,gte5,50.496346229184795,51.802080408098085,23.055519474652108
12936340,2021-08-01 00:00:00,safer_risk,$1-100,lt5,5.327210977554063,2.0640974277008617e-07,14.74378699864586
12936340,2021-08-01 00:00:00,safer_risk,$100-1K,all,12.02096752794972,1.968759509585194e-07,21.108220430155807
12936340,2021-08-01 00:00:00,safer_risk,$100-1K,gte5,47.941362725336305,46.84929857178808,22.380214967338766
12936340,2021-08-01 00:00:00,safer_risk,$100-1K,lt5,8.223499871166975,1.4180852742073924e-07,16.99653814372355
12936340,2021-08-01 00:00:00,safer_risk,$10K+,all,30.021372388456804,20.398352684222612,31.21107515309109
12936340,2021-08-01 00:00:00,safer_risk,$10K+,gte5,57.277855880587786,59.45384321848465,24.32778695482563
12936340,2021-08-01 00:00:00,safer_risk,$10K+,lt5,12.467969623757737,4.7373944107864663e-07,20.826994951073004
12936340,2021-08-01 00:00:00,safer_risk,$1K-10K,all,22.11625689552505,7.73742747091252,27.205022230454407
12936340,2021-08-01 00:00:00,safer_risk,$1K-10K,gte5,52.49599680680532,52.54129943433219,22.367671112255845
12936340,2021-08-01 00:00:00,safer_risk,$1K-10K,lt5,12.099153465319123,3.2219159354363036e-07,20.359857965611436
12936340,2021-08-01 00:00:00,safer_risk,OVERALL,all,12.809891110697219,3.002597816215147e-07,23.096472376789517
12936340,2021-08-01 00:00:00,safer_risk,OVERALL,gte5,52.47119118490131,52.70490271051912,23.263188070781023
12936340,2021-08-01 00:00:00,safer_risk,OVERALL,lt5,7.514860350648408,1.5168948319654874e-07,17.157219594471186
13136427,2021-09-01 00:00:00,better_return,$0-1,all,21.27770265535573,15.31764963919515,24.88794323381574
13136427,2021-09-01 00:00:00,better_return,$0-1,gte5,40.47984344626208,31.02650239447388,28.252415424115206
13136427,2021-09-01 00:00:00,better_return,$0-1,lt5,20.424286848526847,11.818228911135595,24.379310659686773
13136427,2021-09-01 00:00:00,better_return,$1-100,all,38.392528998946744,31.932639261198574,35.138732458435584
13136427,2021-09-01 00:00:00,better_return,$1-100,gte5,57.53224594723843,58.76857699639441,28.410670517279417
13136427,2021-09-01 00:00:00,better_return,$1-100,lt5,37.604941132233925,31.93263926119857,35.16576612113263
13136427,2021-09-01 00:00:00,better_return,$100-1K,all,24.015838480917242,12.142458969054447,28.174354410443627
13136427,2021-09-01 00:00:00,better_return,$100-1K,gte5,50.4228330961557,48.23880053057429,25.63608376165338
13136427,2021-09-01 00:00:00,better_return,$100-1K,lt5,21.58731678512856,8.324288961084655,27.135379463985885
13136427,2021-09-01 00:00:00,better_return,$10K+,all,38.34498019883828,36.913561208431275,31.619644952104284
13136427,2021-09-01 00:00:00,better_return,$10K+,gte5,56.78534034520288,57.7423788673556,25.260842013593425
13136427,2021-09-01 00:00:00,better_return,$10K+,lt5,27.00859963502765,15.141577199220293,29.74221073096423
13136427,2021-09-01 00:00:00,better_return,$1K-10K,all,30.874217616864666,24.415744834612077,29.66565451084609
13136427,2021-09-01 00:00:00,better_return,$1K-10K,gte5,50.91140918833181,49.233300690815526,24.574367790039727
13136427,2021-09-01 00:00:00,better_return,$1K-10K,lt5,25.23300731312481,13.665054024404425,28.51214048629945
13136427,2021-09-01 00:00:00,better_return,OVERALL,all,31.21356030756221,23.282349902406875,31.70829820588816
13136427,2021-09-01 00:00:00,better_return,OVERALL,gte5,52.785872764012765,51.78428793769426,25.91686855928099
13136427,2021-09-01 00:00:00,better_return,OVERALL,lt5,28.366089006961047,16.243814773476874,31.303887214776744
13136427,2021-09-01 00:00:00,max_sharpe,$0-1,all,29.2490882782476,15.058542990308013,29.398591980557324
13136427,2021-09-01 00:00:00,max_sharpe,$0-1,gte5,49.38192084063769,35.870947079284264,28.49945099800338
13136427,2021-09-01 00:00:00,max_sharpe,$0-1,lt5,28.354309006911343,11.79380863592034,29.11664077644345
13136427,2021-09-01 00:00:00,max_sharpe,$1-100,all,50.31125297883575,59.87389988332029,32.58911850552409
13136427,2021-09-01 00:00:00,max_sharpe,$1-100,gte5,65.73829498418047,66.90102192362123,22.85344109075154
13136427,2021-09-01 00:00:00,max_sharpe,$1-100,lt5,49.67643945805574,58.977055549567815,32.77295104753823
13136427,2021-09-01 00:00:00,max_sharpe,$100-1K,all,41.2109212474711,39.51878049811235,28.925961308805945
13136427,2021-09-01 00:00:00,max_sharpe,$100-1K,gte5,61.49949574481918,61.95425579918492,22.09120466456935
13136427,2021-09-01 00:00:00,max_sharpe,$100-1K,lt5,39.34508062223756,36.671805913191164,28.76530639666552
13136427,2021-09-01 00:00:00,max_sharpe,$10K+,all,50.993989001954546,55.237058194765225,30.385351818670188
13136427,2021-09-01 00:00:00,max_sharpe,$10K+,gte5,65.4605594172753,67.24311478730255,21.27715675978881
13136427,2021-09-01 00:00:00,max_sharpe,$10K+,lt5,42.10053212911937,40.656628789408266,31.69856222803817
13136427,2021-09-01 00:00:00,max_sharpe,$1K-10K,all,44.196646503329816,44.947542250546334,29.468061294487132
13136427,2021-09-01 00:00:00,max_sharpe,$1K-10K,gte5,60.966830004046294,61.30997561881162,20.994173466644142
13136427,2021-09-01 00:00:00,max_sharpe,$1K-10K,lt5,39.47521976932748,37.438208218694434,29.7873338412209
13136427,2021-09-01 00:00:00,max_sharpe,OVERALL,all,44.29901987168173,44.09987795060468,31.26575147700153
13136427,2021-09-01 00:00:00,max_sharpe,OVERALL,gte5,62.36726530382087,63.3335706329879,22.163111715157914
13136427,2021-09-01 00:00:00,max_sharpe,OVERALL,lt5,41.91407340736103,39.65614266293972,31.511321761495783
13136427,2021-09-01 00:00:00,safer_risk,$0-1,all,5.030472370953347,1.5514525220083897e-07,13.922535873202904
13136427,2021-09-01 00:00:00,safer_risk,$0-1,gte5,39.04637675323126,31.60902691085797,23.19917910948771
13136427,2021-09-01 00:00:00,safer_risk,$0-1,lt5,3.5186768477601875,1.2307040803127833e-07,11.172432571864322
13136427,2021-09-01 00:00:00,safer_risk,$1-100,all,5.982372413632586,2.885339502045614e-08,15.368494745666771
13136427,2021-09-01 00:00:00,safer_risk,$1-100,gte5,44.25221104941139,44.116159799140206,21.831591888172603
13136427,2021-09-01 00:00:00,safer_risk,$1-100,lt5,4.407591519431099,2.6515177553587677e-08,12.788712368464205
13136427,2021-09-01 00:00:00,safer_risk,$100-1K,all,10.529156763991567,1.1652083395374824e-07,18.88618835920955
13136427,2021-09-01 00:00:00,safer_risk,$100-1K,gte5,43.1203362004177,41.400231834012665,20.566953243365475
13136427,2021-09-01 00:00:00,safer_risk,$100-1K,lt5,7.531905940642293,8.977366836027123e-08,15.61803179965687
13136427,2021-09-01 00:00:00,safer_risk,$10K+,all,26.355761948421346,18.759510530614214,27.244647076430574
13136427,2021-09-01 00:00:00,safer_risk,$10K+,gte5,49.99318763191,50.58458773349993,21.05349145939925
13136427,2021-09-01 00:00:00,safer_risk,$10K+,lt5,11.82443767004779,4.0571425802271577e-07,19.273167451142076
13136427,2021-09-01 00:00:00,safer_risk,$1K-10K,all,18.222515300477564,4.518442436326103,23.348401907973727
13136427,2021-09-01 00:00:00,safer_risk,$1K-10K,gte5,44.74818426410499,43.53889273728039,19.981622733394143
13136427,2021-09-01 00:00:00,safer_risk,$1K-10K,lt5,10.754558699000032,2.0807159589047997e-07,18.23065622224333
13136427,2021-09-01 00:00:00,safer_risk,OVERALL,all,11.207941884554254,1.1147656409082884e-07,20.259267982249973
13136427,2021-09-01 00:00:00,safer_risk,OVERALL,gte5,45.62747565119537,44.903576073289635,20.979572272169346
13136427,2021-09-01 00:00:00,safer_risk,OVERALL,lt5,6.664681407568681,7.147787084438306e-08,15.149226064888989
13330090,2021-10-01 00:00:00,better_return,$0-1,all,23.629825123774477,3.9494798668294693,29.657371938458024
13330090,2021-10-01 00:00:00,better_return,$0-1,gte5,46.99288942193535,44.22593328954654,28.87671129297941
13330090,2021-10-01 00:00:00,better_return,$0-1,lt5,22.33922842521729,2.7064710391330857,29.159382577628318
13330090,2021-10-01 00:00:00,better_return,$1-100,all,37.84510328984738,37.74324119458431,33.16196127408642
13330090,2021-10-01 00:00:00,better_return,$1-100,gte5,56.89155043229525,57.70636888573083,28.78975429987333
13330090,2021-10-01 00:00:00,better_return,$1-100,lt5,37.083353615485365,34.75945346058636,33.09774684218195
13330090,2021-10-01 00:00:00,better_return,$100-1K,all,22.609644733546364,8.059120152079412,28.417613338588573
13330090,2021-10-01 00:00:00,better_return,$100-1K,gte5,52.74813023022955,51.558291991472196,25.90612238556778
13330090,2021-10-01 00:00:00,better_return,$100-1K,lt5,19.627690703491005,2.7021533301166842,26.875586672368502
13330090,2021-10-01 00:00:00,better_return,$10K+,all,36.938252737549114,33.75415326787061,32.79928761796734
13330090,2021-10-01 00:00:00,better_return,$10K+,gte5,58.527219001822644,60.56317258889996,26.234883036852494
13330090,2021-10-01 00:00:00,better_return,$10K+,lt5,24.096889556010748,9.183895132588605,29.396747314925427
13330090,2021-10-01 00:00:00,better_return,$1K-10K,all,30.270335116087427,21.711338377614886,30.583145021771486
13330090,2021-10-01 00:00:00,better_return,$1K-10K,gte5,53.72378360614354,53.366874130576285,25.15885102455194
13330090,2021-10-01 00:00:00,better_return,$1K-10K,lt5,23.523527370633563,9.62996109768541,28.610390420222817
13330090,2021-10-01 00:00:00,better_return,OVERALL,all,31.00429105353606,20.13390315496455,31.82747079169351
13330090,2021-10-01 00:00:00,better_return,OVERALL,gte5,54.8364589706408,54.63603547132377,26.378226154622862
13330090,2021-10-01 00:00:00,better_return,OVERALL,lt5,27.88660597957086,12.381985778929161,31.152201160401646
13330090,2021-10-01 00:00:00,max_sharpe,$0-1,all,37.08590091577999,35.406986389060094,32.22329376740238
13330090,2021-10-01 00:00:00,max_sharpe,$0-1,gte5,60.54882113118706,48.82090328866538,26.26591464677458
13330090,2021-10-01 00:00:00,max_sharpe,$0-1,lt5,35.78978808648392,29.61166259383845,32.0234513276461
13330090,2021-10-01 00:00:00,max_sharpe,$1-100,all,49.28229162006788,62.46242497437902,34.1315144168997
13330090,2021-10-01 00:00:00,max_sharpe,$1-100,gte5,69.93798622376956,78.80341713448358,26.72808129978221
13330090,2021-10-01 00:00:00,max_sharpe,$1-100,lt5,48.45618119010618,62.46242497437902,34.13553881335676
13330090,2021-10-01 00:00:00,max_sharpe,$100-1K,all,44.175438556303746,45.39385077258393,30.76601247071076
13330090,2021-10-01 00:00:00,max_sharpe,$100-1K,gte5,68.9044271419835,73.04265788653078,22.723800031459866
13330090,2021-10-01 00:00:00,max_sharpe,$100-1K,lt5,41.72870953336147,41.22782870655953,30.374647393634607
13330090,2021-10-01 00:00:00,max_sharpe,$10K+,all,53.325077946429786,61.99865568185318,33.51457227132474
13330090,2021-10-01 00:00:00,max_sharpe,$10K+,gte5,71.57362352262948,78.22155632844014,23.710673678556585
13330090,2021-10-01 00:00:00,max_sharpe,$10K+,lt5,42.47063506063825,41.30726549834975,33.77931463863201
13330090,2021-10-01 00:00:00,max_sharpe,$1K-10K,all,47.697962572784384,51.91811118749785,32.0529684211516
13330090,2021-10-01 00:00:00,max_sharpe,$1K-10K,gte5,68.47905416832799,72.85988631805827,22.457137553653496
13330090,2021-10-01 00:00:00,max_sharpe,$1K-10K,lt5,41.7199065186717,41.23700404702173,31.904496698405005
13330090,2021-10-01 00:00:00,max_sharpe,OVERALL,all,46.77859101209635,51.19693164818062,32.917351604132165
13330090,2021-10-01 00:00:00,max_sharpe,OVERALL,gte5,69.1697032793607,74.39556454309985,23.679902056320632
13330090,2021-10-01 00:00:00,max_sharpe,OVERALL,lt5,43.849422471998025,45.46223693557342,32.8295390556476
13330090,2021-10-01 00:00:00,safer_risk,$0-1,all,8.104767158224904,8.662592587693752e-08,17.1082995852643
13330090,2021-10-01 00:00:00,safer_risk,$0-1,gte5,47.84645562241706,46.88268548475485,20.95945372592022
13330090,2021-10-01 00:00:00,safer_risk,$0-1,lt5,5.90940051999621,8.02104764552336e-08,13.875504562095152
13330090,2021-10-01 00:00:00,safer_risk,$1-100,all,6.074572439202283,3.2105659797387887e-08,15.848081091607071
13330090,2021-10-01 00:00:00,safer_risk,$1-100,gte5,45.313370944188506,45.15325726546466,22.64048973335899
13330090,2021-10-01 00:00:00,safer_risk,$1-100,lt5,4.505243432066008,2.89299986744318e-08,13.291542106577493
13330090,2021-10-01 00:00:00,safer_risk,$100-1K,all,11.445341256340855,1.2341381180891453e-07,20.33334279762496
13330090,2021-10-01 00:00:00,safer_risk,$100-1K,gte5,45.249693822934226,44.32196514521713,21.445043192370072
13330090,2021-10-01 00:00:00,safer_risk,$100-1K,lt5,8.100679979965195,8.592433986542858e-08,16.87006844933367
13330090,2021-10-01 00:00:00,safer_risk,$10K+,all,27.901824957004134,18.491648502279066,29.39439180512767
13330090,2021-10-01 00:00:00,safer_risk,$10K+,gte5,53.3308343849576,54.27170360439274,23.024887518380766
13330090,2021-10-01 00:00:00,safer_risk,$10K+,lt5,12.776360337075,9.311445670068252e-07,21.19491651532245
13330090,2021-10-01 00:00:00,safer_risk,$1K-10K,all,19.792959733335035,4.498036904784791,25.355764749184512
13330090,2021-10-01 00:00:00,safer_risk,$1K-10K,gte5,48.02688905724707,46.991050607678275,21.43747046751749
13330090,2021-10-01 00:00:00,safer_risk,$1K-10K,lt5,11.670960398016371,2.1657368398653176e-07,20.009408080795183
13330090,2021-10-01 00:00:00,safer_risk,OVERALL,all,12.059208657263119,9.49504169733828e-08,21.641174275273727
13330090,2021-10-01 00:00:00,safer_risk,OVERALL,gte5,48.48112655349414,47.853259175724425,22.19232903316908
13330090,2021-10-01 00:00:00,safer_risk,OVERALL,lt5,7.294553163678777,6.809226654747036e-08,16.399398868845864
13527859,2021-11-01 00:00:00,better_return,$0-1,all,27.24098653965267,17.99719578514951,28.822146342952678
13527859,2021-11-01 00:00:00,better_return,$0-1,gte5,50.34599765509028,44.50272615453811,26.993715001743126
13527859,2021-11-01 00:00:00,better_return,$0-1,lt5,25.861917099479257,16.158136533157013,28.33805709528727
13527859,2021-11-01 00:00:00,better_return,$1-100,all,34.881115373496975,17.34851721226905,36.516275249335585
13527859,2021-11-01 00:00:00,better_return,$1-100,gte5,59.13551740360712,61.57142704755869,29.181431625653193
13527859,2021-11-01 00:00:00,better_return,$1-100,lt5,33.910199430536615,13.970963296803642,36.44499630234625
13527859,2021-11-01 00:00:00,better_return,$100-1K,all,21.487733305558674,5.590425288379258,27.834845229227195
13527859,2021-11-01 00:00:00,better_return,$100-1K,gte5,52.28880066216805,50.76913769727128,26.654990297311766
13527859,2021-11-01 00:00:00,better_return,$100-1K,lt5,18.844897023241433,1.4092094177090024,26.304168033539256
13527859,2021-11-01 00:00:00,better_return,$10K+,all,35.63339136283817,31.0631783032003,32.26025734742621
13527859,2021-11-01 00:00:00,better_return,$10K+,gte5,55.10492047294167,56.09262849548638,26.594740246333572
13527859,2021-11-01 00:00:00,better_return,$10K+,lt5,25.114449178572468,9.484335932214734,30.089752740839312
13527859,2021-11-01 00:00:00,better_return,$1K-10K,all,27.43704559046919,16.186080621005473,29.73025287653671
13527859,2021-11-01 00:00:00,better_return,$1K-10K,gte5,50.401246227321835,48.8246286623867,25.524944909492195
13527859,2021-11-01 00:00:00,better_return,$1K-10K,lt5,22.122343739197813,7.000935517546609,28.0601575562332
13527859,2021-11-01 00:00:00,better_return,OVERALL,all,29.255910387601794,15.073874215403265,32.361165611300706
13527859,2021-11-01 00:00:00,better_return,OVERALL,gte5,53.138682739751424,52.53425546241877,26.69049308023302
13527859,2021-11-01 00:00:00,better_return,OVERALL,lt5,26.103539102335507,7.857564244884068,31.720974597947283
13527859,2021-11-01 00:00:00,max_sharpe,$0-1,all,34.57979395644344,18.62087836436569,34.83273971239666
13527859,2021-11-01 00:00:00,max_sharpe,$0-1,gte5,69.16987651268602,70.25379024354183,23.934479347792912
13527859,2021-11-01 00:00:00,max_sharpe,$0-1,lt5,32.5152147381925,15.625251339603302,34.29100382068006
13527859,2021-11-01 00:00:00,max_sharpe,$1-100,all,48.310389736207355,65.20566328502517,35.64893582915189
13527859,2021-11-01 00:00:00,max_sharpe,$1-100,gte5,73.10933093692995,81.72783047761973,24.532565288628078
13527859,2021-11-01 00:00:00,max_sharpe,$1-100,lt5,47.317675615676706,63.293708333882364,35.665446108942724
13527859,2021-11-01 00:00:00,max_sharpe,$100-1K,all,40.76655406718192,39.419599743256704,30.336355984208915
13527859,2021-11-01 00:00:00,max_sharpe,$100-1K,gte5,67.82372565483303,72.05750142945953,24.093409261755262
13527859,2021-11-01 00:00:00,max_sharpe,$100-1K,lt5,38.44495676859408,36.17795425410036,29.68578700391625
13527859,2021-11-01 00:00:00,max_sharpe,$10K+,all,49.384849421792524,53.8592000425632,32.995494934972946
13527859,2021-11-01 00:00:00,max_sharpe,$10K+,gte5,67.37240917225765,72.49537129513632,24.550023385300253
13527859,2021-11-01 00:00:00,max_sharpe,$10K+,lt5,39.6675796592966,36.95616240091042,32.89434779648244
13527859,2021-11-01 00:00:00,max_sharpe,$1K-10K,all,41.63335235390601,40.397353697085094,31.527595566921203
13527859,2021-11-01 00:00:00,max_sharpe,$1K-10K,gte5,64.52056191013774,67.8884392831985,23.70998757894487
13527859,2021-11-01 00:00:00,max_sharpe,$1K-10K,lt5,36.33646887328812,31.402158332944236,30.735025538945546
13527859,2021-11-01 00:00:00,max_sharpe,OVERALL,all,43.778178086294965,44.7757000592349,33.43939253734762
13527859,2021-11-01 00:00:00,max_sharpe,OVERALL,gte5,67.10830734729886,71.34484214764275,24.27722036815241
13527859,2021-11-01 00:00:00,max_sharpe,OVERALL,lt5,40.698752110134606,38.98323053441033,33.26659584374307
13527859,2021-11-01 00:00:00,safer_risk,$0-1,all,8.245182185456807,6.398178896416251e-08,19.703407889881568
13527859,2021-11-01 00:00:00,safer_risk,$0-1,gte5,56.215919286172486,67.20090555723921,24.16665329556967
13527859,2021-11-01 00:00:00,safer_risk,$0-1,lt5,5.381951467771157,5.241536579769779e-08,15.198354335883279
13527859,2021-11-01 00:00:00,safer_risk,$1-100,all,6.658442039279044,2.8159258258497744e-08,16.989237189496812
13527859,2021-11-01 00:00:00,safer_risk,$1-100,gte5,48.87255045415377,49.860337298692855,22.31849460444874
13527859,2021-11-01 00:00:00,safer_risk,$1-100,lt5,4.968589993989374,2.3506527280225953e-08,14.354716121337093
13527859,2021-11-01 00:00:00,safer_risk,$100-1K,all,10.092708875856005,1.1216917117362613e-07,18.97371403272389
13527859,2021-11-01 00:00:00,safer_risk,$100-1K,gte5,45.262399511476715,44.17609518000131,21.68938550020447
13527859,2021-11-01 00:00:00,safer_risk,$100-1K,lt5,7.075029865789291,8.749520552520096e-08,15.339170154818813
13527859,2021-11-01 00:00:00,safer_risk,$10K+,all,25.18476754209632,14.284959281517956,27.81477767274711
13527859,2021-11-01 00:00:00,safer_risk,$10K+,gte5,50.47773885058493,51.31748507066091,22.689840368552805
13527859,2021-11-01 00:00:00,safer_risk,$10K+,lt5,11.520956068541777,2.8669426693772593e-07,19.524129739634358
13527859,2021-11-01 00:00:00,safer_risk,$1K-10K,all,16.449756719743633,0.000632668245040503,23.198088194961375
13527859,2021-11-01 00:00:00,safer_risk,$1K-10K,gte5,45.48875186030696,44.291492491184094,21.347884702920982
13527859,2021-11-01 00:00:00,safer_risk,$1K-10K,lt5,9.729139543766713,1.4343514535830604e-07,17.801678060427832
13527859,2021-11-01 00:00:00,safer_risk,OVERALL,all,11.805915542138312,9.937737507903499e-08,21.372141083350506
13527859,2021-11-01 00:00:00,safer_risk,OVERALL,gte5,47.85860519328068,47.71875598554433,22.26123368817465
13527859,2021-11-01 00:00:00,safer_risk,OVERALL,lt5,7.047193985985405,6.637315558277734e-08,16.04486941615085
13717847,2021-12-01 00:00:00,better_return,$0-1,all,23.533820553429514,12.208288425290853,27.08507897373182
13717847,2021-12-01 00:00:00,better_return,$0-1,gte5,46.715750240021954,37.86504587284515,27.168337394030274
13717847,2021-12-01 00:00:00,better_return,$0-1,lt5,22.18365607537764,9.726736965682075,26.46165664909257
13717847,2021-12-01 00:00:00,better_return,$1-100,all,22.59289887885359,6.5105807571512635,27.427382353458622
13717847,2021-12-01 00:00:00,better_return,$1-100,gte5,52.22621481254251,51.35398633271515,28.599683710343946
13717847,2021-12-01 00:00:00,better_return,$1-100,lt5,21.190526560514563,3.0235124696391877,26.5637149622271
13717847,2021-12-01 00:00:00,better_return,$100-1K,all,15.520040350607278,5.379214934597698e-07,25.173543187571983
13717847,2021-12-01 00:00:00,better_return,$100-1K,gte5,47.279378931012204,45.8897219447014,25.749571294007318
13717847,2021-12-01 00:00:00,better_return,$100-1K,lt5,13.71243114066981,1.3321548725242494e-07,23.903189961286653
13717847,2021-12-01 00:00:00,better_return,$10K+,all,35.14028579866368,30.988814885562444,31.49844638765511
13717847,2021-12-01 00:00:00,better_return,$10K+,gte5,54.623638011836945,54.68050503326815,25.369491986046683
13717847,2021-12-01 00:00:00,better_return,$10K+,lt5,24.835258864173376,10.700777074912892,29.487855718490103
13717847,2021-12-01 00:00:00,better_return,$1K-10K,all,26.511473356445922,16.14032425239797,28.956634868500842
13717847,2021-12-01 00:00:00,better_return,$1K-10K,gte5,49.13062666466067,47.095592960669244,24.527904973061926
13717847,2021-12-01 00:00:00,better_return,$1K-10K,lt5,21.627373172957775,7.712326078482969,27.48282333202185
13717847,2021-12-01 00:00:00,better_return,OVERALL,all,22.163088735194755,5.839480719519874,28.055085300874552
13717847,2021-12-01 00:00:00,better_return,OVERALL,gte5,50.63131657237816,49.31011692323489,25.673763993735946
13717847,2021-12-01 00:00:00,better_return,OVERALL,lt5,18.667658709290418,0.0033798770729214587,26.288228321506434
13717847,2021-12-01 00:00:00,max_sharpe,$0-1,all,38.05383682326214,30.703482441348296,33.35495060359307
13717847,2021-12-01 00:00:00,max_sharpe,$0-1,gte5,60.914301462317496,55.12490456739807,24.645907276262534
13717847,2021-12-01 00:00:00,max_sharpe,$0-1,lt5,36.72239514758205,24.901764438718004,33.31314046271492
13717847,2021-12-01 00:00:00,max_sharpe,$1-100,all,40.407087922751906,38.318715281906634,33.23753484698734
13717847,2021-12-01 00:00:00,max_sharpe,$1-100,gte5,64.23383045852505,65.98494725837882,24.9528349303121
13717847,2021-12-01 00:00:00,max_sharpe,$1-100,lt5,39.27950691753703,35.8973519719699,33.1573735346018
13717847,2021-12-01 00:00:00,max_sharpe,$100-1K,all,30.53413952142225,24.06917534703913,29.392369984393103
13717847,2021-12-01 00:00:00,max_sharpe,$100-1K,gte5,60.1163648888879,61.09702026823126,22.541635994798284
13717847,2021-12-01 00:00:00,max_sharpe,$100-1K,lt5,28.850442523473124,21.53503464372211,28.83607904719546
13717847,2021-12-01 00:00:00,max_sharpe,$10K+,all,51.74602911106341,56.028491880287405,30.648564971679637
13717847,2021-12-01 00:00:00,max_sharpe,$10K+,gte5,65.30067842439368,67.1997384604243,22.471284201813155
13717847,2021-12-01 00:00:00,max_sharpe,$10K+,lt5,44.57677893618862,44.075794275270155,31.9454379091401
13717847,2021-12-01 00:00:00,max_sharpe,$1K-10K,all,43.095246966103176,42.455225527469274,29.80485611309124
13717847,2021-12-01 00:00:00,max_sharpe,$1K-10K,gte5,61.008738691542504,61.70689815703045,22.17744831378892
13717847,2021-12-01 00:00:00,max_sharpe,$1K-10K,lt5,39.22722913931049,36.14992270881564,29.82771154329618
13717847,2021-12-01 00:00:00,max_sharpe,OVERALL,all,38.22964500801231,35.6084207324541,31.54803677821527
13717847,2021-12-01 00:00:00,max_sharpe,OVERALL,gte5,62.433132976648444,63.56215955501789,22.801086690120776
13717847,2021-12-01 00:00:00,max_sharpe,OVERALL,lt5,35.257854875481506,29.845149627834065,31.19117783396313
13717847,2021-12-01 00:00:00,safer_risk,$0-1,all,7.337898156641029,1.339322000526444e-07,17.60247438559592
13717847,2021-12-01 00:00:00,safer_risk,$0-1,gte5,42.80638632554423,35.23905934824577,24.271332718686445
13717847,2021-12-01 00:00:00,safer_risk,$0-1,lt5,5.2721385989475245,1.1763993945645979e-07,14.698588208385871
13717847,2021-12-01 00:00:00,safer_risk,$1-100,all,6.55817661922911,7.315891364934046e-08,16.50008006456186
13717847,2021-12-01 00:00:00,safer_risk,$1-100,gte5,43.45542124296,42.86048048316818,23.082575961557566
13717847,2021-12-01 00:00:00,safer_risk,$1-100,lt5,4.812044846494245,7.315891364934046e-08,13.872514800256855
13717847,2021-12-01 00:00:00,safer_risk,$100-1K,all,7.445349560021336,5.7159355026925596e-08,16.712531240586554
13717847,2021-12-01 00:00:00,safer_risk,$100-1K,gte5,42.82236406413103,42.26761568700761,21.30812237357983
13717847,2021-12-01 00:00:00,safer_risk,$100-1K,lt5,5.431837311464141,4.903707891135145e-08,13.931190423280295
13717847,2021-12-01 00:00:00,safer_risk,$10K+,all,23.958960131393685,15.007578749764969,26.00527736580973
13717847,2021-12-01 00:00:00,safer_risk,$10K+,gte5,47.32123046382586,47.54776732218278,20.661893697227395
13717847,2021-12-01 00:00:00,safer_risk,$10K+,lt5,11.602317270737533,5.931651031465535e-07,19.152016702562676
13717847,2021-12-01 00:00:00,safer_risk,$1K-10K,all,15.602669806100145,3.1192138823243898e-06,21.911110168218105
13717847,2021-12-01 00:00:00,safer_risk,$1K-10K,gte5,42.78636410121598,41.37241951113936,19.664468985634674
13717847,2021-12-01 00:00:00,safer_risk,$1K-10K,lt5,9.732959101834156,1.7139476331251569e-07,17.500058943568064
13717847,2021-12-01 00:00:00,safer_risk,OVERALL,all,10.75651687679211,1.0605680778041915e-07,19.927295725412847
13717847,2021-12-01 00:00:00,safer_risk,OVERALL,gte5,44.24403449320127,43.42473633707603,20.91115903308132
13717847,2021-12-01 00:00:00,safer_risk,OVERALL,lt5,6.644800642158727,7.377746052972256e-08,15.41319172928513
13916166,2022-01-01 00:00:00,better_return,$0-1,all,24.91272974140541,11.183759532614806,27.970872265588053
13916166,2022-01-01 00:00:00,better_return,$0-1,gte5,48.80713776205771,46.039883033705756,30.524425666030734
13916166,2022-01-01 00:00:00,better_return,$0-1,lt5,23.81936718424328,8.680442495924053,27.35355918409043
13916166,2022-01-01 00:00:00,better_return,$1-100,all,17.98501414841825,8.629408160265584e-08,29.089662611037856
13916166,2022-01-01 00:00:00,better_return,$1-100,gte5,51.66637466906377,50.88960961293356,31.4572121564396
13916166,2022-01-01 00:00:00,better_return,$1-100,lt5,16.66733706413912,5.790539159278296e-08,28.186596122430448
13916166,2022-01-01 00:00:00,better_return,$100-1K,all,22.01913729877159,4.441263562107364,28.828554030191466
13916166,2022-01-01 00:00:00,better_return,$100-1K,gte5,54.60258459077364,55.35015068017947,27.20140229577704
13916166,2022-01-01 00:00:00,better_return,$100-1K,lt5,19.3842755410979,0.5061846849941752,27.306839819190028
13916166,2022-01-01 00:00:00,better_return,$10K+,all,35.791191712305825,27.697522481973948,34.181768391137716
13916166,2022-01-01 00:00:00,better_return,$10K+,gte5,59.56784594294276,62.69472648048164,28.816209760416992
13916166,2022-01-01 00:00:00,better_return,$10K+,lt5,23.900579934886082,7.303597312386216,30.221417602877793
13916166,2022-01-01 00:00:00,better_return,$1K-10K,all,29.143703502363895,17.509558674651533,31.4547247883541
13916166,2022-01-01 00:00:00,better_return,$1K-10K,gte5,56.16510944853609,56.954735272667946,27.10502713065356
13916166,2022-01-01 00:00:00,better_return,$1K-10K,lt5,22.94570647914951,7.55390753027967,29.016076045826715
13916166,2022-01-01 00:00:00,better_return,OVERALL,all,23.646858179179237,4.735474233701634,30.302148501502746
13916166,2022-01-01 00:00:00,better_return,OVERALL,gte5,55.820902725743075,56.692216280068195,28.40223908839337
13916166,2022-01-01 00:00:00,better_return,OVERALL,lt5,19.950422337861777,0.0008809449782987144,28.256706389000893
13916166,2022-01-01 00:00:00,max_sharpe,$0-1,all,30.782463800086568,4.946539864682839,36.09621187961031
13916166,2022-01-01 00:00:00,max_sharpe,$0-1,gte5,58.66291056781768,50.569616097293626,30.450436170855816
13916166,2022-01-01 00:00:00,max_sharpe,$0-1,lt5,29.50670770910314,2.625382832994932,35.81808373419043
13916166,2022-01-01 00:00:00,max_sharpe,$1-100,all,32.48280811535432,12.134300152294852,35.48721620809731
13916166,2022-01-01 00:00:00,max_sharpe,$1-100,gte5,67.2288408224619,80.54579098143117,30.680986460214235
13916166,2022-01-01 00:00:00,max_sharpe,$1-100,lt5,31.123479087071534,9.92245067689807,34.967214757656365
13916166,2022-01-01 00:00:00,max_sharpe,$100-1K,all,46.332249806091134,49.242039530426716,30.555926592773435
13916166,2022-01-01 00:00:00,max_sharpe,$100-1K,gte5,71.88142685726575,78.9156360116822,23.507070486814996
13916166,2022-01-01 00:00:00,max_sharpe,$100-1K,lt5,44.26621459045272,46.12095839075803,30.12353968301725
13916166,2022-01-01 00:00:00,max_sharpe,$10K+,all,55.3642279660447,69.24767490900632,35.145602827777346
13916166,2022-01-01 00:00:00,max_sharpe,$10K+,gte5,74.48166290062503,85.08293456876453,25.8866707913021
13916166,2022-01-01 00:00:00,max_sharpe,$10K+,lt5,45.80367353386269,49.109984475448144,35.2653097382408
13916166,2022-01-01 00:00:00,max_sharpe,$1K-10K,all,52.68784919453221,62.33557571176852,32.76951448359657
13916166,2022-01-01 00:00:00,max_sharpe,$1K-10K,gte5,73.03870706778139,80.71302646078131,23.355610876650026
13916166,2022-01-01 00:00:00,max_sharpe,$1K-10K,lt5,48.019899763273,54.01245165938951,32.836668799516055
13916166,2022-01-01 00:00:00,max_sharpe,OVERALL,all,42.24641203714791,42.858510357778286,34.877270879154395
13916166,2022-01-01 00:00:00,max_sharpe,OVERALL,gte5,71.79621982077911,81.00865438931292,25.59625011731528
13916166,2022-01-01 00:00:00,max_sharpe,OVERALL,lt5,38.85147148382805,36.5687133540772,34.19153144346266
13916166,2022-01-01 00:00:00,safer_risk,$0-1,all,6.642339422187259,4.629864339134038e-08,17.527834749623576
13916166,2022-01-01 00:00:00,safer_risk,$0-1,gte5,47.37037444569095,44.93953310156618,24.050069091962346
13916166,2022-01-01 00:00:00,safer_risk,$0-1,lt5,4.778702186102601,4.5351877114852e-08,14.67796103631533
13916166,2022-01-01 00:00:00,safer_risk,$1-100,all,6.668760365092168,1.7927317894073092e-07,17.57754925201015
13916166,2022-01-01 00:00:00,safer_risk,$1-100,gte5,46.37373437512108,46.01462799958241,24.803351651947384
13916166,2022-01-01 00:00:00,safer_risk,$1-100,lt5,5.11542838633061,1.4148926891222047e-07,15.261145289983645
13916166,2022-01-01 00:00:00,safer_risk,$100-1K,all,10.851041830954939,1.16229828539538e-07,20.0184246985793
13916166,2022-01-01 00:00:00,safer_risk,$100-1K,gte5,46.91837376647082,46.42040876114442,21.08095090721343
13916166,2022-01-01 00:00:00,safer_risk,$100-1K,lt5,7.9344556033969855,8.873628498662356e-08,16.837652219766163
13916166,2022-01-01 00:00:00,safer_risk,$10K+,all,25.50644712331898,13.531810593432775,28.602057364677272
13916166,2022-01-01 00:00:00,safer_risk,$10K+,gte5,52.635038869371655,54.021141730940236,22.870292727748257
13916166,2022-01-01 00:00:00,safer_risk,$10K+,lt5,11.939544505675775,2.2998725649620022e-07,20.334915760262902
13916166,2022-01-01 00:00:00,safer_risk,$1K-10K,all,17.60099345369031,0.006766347629314179,24.279993380509133
13916166,2022-01-01 00:00:00,safer_risk,$1K-10K,gte5,47.84627681221271,47.223552162526175,21.248234865000995
13916166,2022-01-01 00:00:00,safer_risk,$1K-10K,lt5,10.66352407863907,1.8505735659146705e-07,19.058461320514592
13916166,2022-01-01 00:00:00,safer_risk,OVERALL,all,11.608186098715464,1.708230938646249e-07,21.592827547253453
13916166,2022-01-01 00:00:00,safer_risk,OVERALL,gte5,48.661727844341875,48.22524151641125,22.32363814980479
13916166,2022-01-01 00:00:00,safer_risk,OVERALL,lt5,7.3511509112974025,1.0649372356175135e-07,16.932290061776502
14116761,2022-02-01 00:00:00,better_return,$0-1,all,25.268646628809577,14.731490870961675,27.826112746760685
14116761,2022-02-01 00:00:00,better_return,$0-1,gte5,53.68775192573215,57.555608661901715,29.807846364801527
14116761,2022-02-01 00:00:00,better_return,$0-1,lt5,23.902891386438423,13.65880704830505,26.98383980883472
14116761,2022-02-01 00:00:00,better_return,$1-100,all,21.186180066415638,1.3327682291119913e-06,30.262243981338287
14116761,2022-02-01 00:00:00,better_return,$1-100,gte5,58.5610937842217,62.77667515475049,31.40007828235381
14116761,2022-02-01 00:00:00,better_return,$1-100,lt5,19.63587773559615,4.4461454587474414e-07,29.198429512037677
14116761,2022-02-01 00:00:00,better_return,$100-1K,all,21.7184653679874,4.313762837224291,28.48853503751356
14116761,2022-02-01 00:00:00,better_return,$100-1K,gte5,57.10714593032865,57.97352025991001,27.24668136550647
14116761,2022-02-01 00:00:00,better_return,$100-1K,lt5,18.26478948391079,0.027051002792071663,26.15728281351498
14116761,2022-02-01 00:00:00,better_return,$10K+,all,35.148853971976834,25.971280791919664,34.57755113176546
14116761,2022-02-01 00:00:00,better_return,$10K+,gte5,60.281429331015204,64.49988968310228,29.94031343687831
14116761,2022-02-01 00:00:00,better_return,$10K+,lt5,21.879642580775126,4.221819270463367,29.05185748707833
14116761,2022-02-01 00:00:00,better_return,$1K-10K,all,30.092251494224417,18.919172709459232,31.97503198980515
14116761,2022-02-01 00:00:00,better_return,$1K-10K,gte5,58.50849171764802,60.19179837801822,27.29789781818829
14116761,2022-02-01 00:00:00,better_return,$1K-10K,lt5,22.255363876645774,6.655942677171753,28.54380126657466
14116761,2022-02-01 00:00:00,better_return,OVERALL,all,24.385947794628045,6.076496668379064,30.447507998007843
14116761,2022-02-01 00:00:00,better_return,OVERALL,gte5,58.313933124601384,60.314601143713006,28.56043971381576
14116761,2022-02-01 00:00:00,better_return,OVERALL,lt5,20.294482199468757,0.03859946925342945,28.01649473605213
14116761,2022-02-01 00:00:00,max_sharpe,$0-1,all,34.13824815209796,10.128914905206576,37.15763170660866
14116761,2022-02-01 00:00:00,max_sharpe,$0-1,gte5,68.1786325945101,72.1704669839476,27.374949054918442
14116761,2022-02-01 00:00:00,max_sharpe,$0-1,lt5,32.502347478279546,6.455285509307952,36.77863522333172
14116761,2022-02-01 00:00:00,max_sharpe,$1-100,all,38.20362826086453,32.3211742177427,36.05799365088468
14116761,2022-02-01 00:00:00,max_sharpe,$1-100,gte5,74.30137793074336,87.67430325574452,28.31033943140537
14116761,2022-02-01 00:00:00,max_sharpe,$1-100,lt5,36.706302384125735,28.52087154616039,35.56084601001431
14116761,2022-02-01 00:00:00,max_sharpe,$100-1K,all,46.270533367797846,48.17910137498824,31.349520922413273
14116761,2022-02-01 00:00:00,max_sharpe,$100-1K,gte5,73.87790693657111,81.91880604299695,23.354824329903053
14116761,2022-02-01 00:00:00,max_sharpe,$100-1K,lt5,43.57625602255457,43.97614653833807,30.721877267244057
14116761,2022-02-01 00:00:00,max_sharpe,$10K+,all,55.03606883156484,70.70640656882416,36.03847172538362
14116761,2022-02-01 00:00:00,max_sharpe,$10K+,gte5,75.6895972845814,87.4080236869872,26.549186483943636
14116761,2022-02-01 00:00:00,max_sharpe,$10K+,lt5,44.13165370091572,44.83932498898964,35.6121230078995
14116761,2022-02-01 00:00:00,max_sharpe,$1K-10K,all,51.91288078262553,61.073273073293535,33.53590619123219
14116761,2022-02-01 00:00:00,max_sharpe,$1K-10K,gte5,73.8917726729928,82.41773797507074,23.798886635299187
14116761,2022-02-01 00:00:00,max_sharpe,$1K-10K,lt5,45.85134328331435,49.67782986333154,33.29647107615279
14116761,2022-02-01 00:00:00,max_sharpe,OVERALL,all,43.73226556200891,45.79868508642237,35.05112842210956
14116761,2022-02-01 00:00:00,max_sharpe,OVERALL,gte5,74.03443281859745,83.93191359925618,25.1238286198335
14116761,2022-02-01 00:00:00,max_sharpe,OVERALL,lt5,40.07804696979665,38.929090195757375,34.300682153824305
14116761,2022-02-01 00:00:00,safer_risk,$0-1,all,7.842793444835772,9.785188943844947e-08,19.375888930509205
14116761,2022-02-01 00:00:00,safer_risk,$0-1,gte5,56.37411104309559,61.163660241562546,23.340990343003156
14116761,2022-02-01 00:00:00,safer_risk,$0-1,lt5,5.5104926656068365,7.95526616803599e-08,15.76887304590558
14116761,2022-02-01 00:00:00,safer_risk,$1-100,all,7.3745645207784305,3.827210104390133e-07,17.914669759161214
14116761,2022-02-01 00:00:00,safer_risk,$1-100,gte5,48.7464404790229,49.081390211893435,23.916795568943993
14116761,2022-02-01 00:00:00,safer_risk,$1-100,lt5,5.65846916835269,2.8884464819967093e-07,15.381099332378882
14116761,2022-02-01 00:00:00,safer_risk,$100-1K,all,11.439088666021737,2.368783974526778e-07,20.3946261289892
14116761,2022-02-01 00:00:00,safer_risk,$100-1K,gte5,47.69079153344533,47.448166164463636,20.875444352109483
14116761,2022-02-01 00:00:00,safer_risk,$100-1K,lt5,7.901188129453975,1.569588486960427e-07,16.5297595345699
14116761,2022-02-01 00:00:00,safer_risk,$10K+,all,26.704765644547702,13.426448765233594,30.034985008232677
14116761,2022-02-01 00:00:00,safer_risk,$10K+,gte5,55.04127669531386,57.235112046683824,24.011554413765566
14116761,2022-02-01 00:00:00,safer_risk,$10K+,lt5,11.743976714235481,3.270780007946783e-07,20.64503033150224
14116761,2022-02-01 00:00:00,safer_risk,$1K-10K,all,19.868301923908145,2.8373505213232155,25.99826835882165
14116761,2022-02-01 00:00:00,safer_risk,$1K-10K,gte5,50.871788461560115,51.18748585652958,21.63698028885986
14116761,2022-02-01 00:00:00,safer_risk,$1K-10K,lt5,11.317880128543095,3.6471785175296034e-07,19.874689359141836
14116761,2022-02-01 00:00:00,safer_risk,OVERALL,all,12.200788397694875,3.778860051262267e-07,22.22481933900311
14116761,2022-02-01 00:00:00,safer_risk,OVERALL,gte5,50.974449300622446,51.772772950962114,22.536626762676875
14116761,2022-02-01 00:00:00,safer_risk,OVERALL,lt5,7.52496995342827,1.954215116117819e-07,17.00287432007901
14297759,2022-03-01 00:00:00,better_return,$0-1,all,32.134249661006905,38.05460622616475,29.829743646003298
14297759,2022-03-01 00:00:00,better_return,$0-1,gte5,48.767730643206804,43.48634111730112,31.090028133333664
14297759,2022-03-01 00:00:00,better_return,$0-1,lt5,31.326795485064668,37.31945351883647,29.529762759056723
14297759,2022-03-01 00:00:00,better_return,$1-100,all,20.067256646201816,5.79059314788267e-07,29.700744615418863
14297759,2022-03-01 00:00:00,better_return,$1-100,gte5,60.40829941391496,65.68197882155454,31.203589680510614
14297759,2022-03-01 00:00:00,better_return,$1-100,lt5,18.310348151406497,1.688203525426399e-07,28.35818515252238
14297759,2022-03-01 00:00:00,better_return,$100-1K,all,23.92409529391306,8.10809917488796,29.826047533530446
14297759,2022-03-01 00:00:00,better_return,$100-1K,gte5,59.58302802812898,62.276072079079334,27.854539299452508
14297759,2022-03-01 00:00:00,better_return,$100-1K,lt5,20.06475346872285,2.1479064090501265,27.374933618215394
14297759,2022-03-01 00:00:00,better_return,$10K+,all,38.099254615953875,28.882410380551555,36.23619087712449
14297759,2022-03-01 00:00:00,better_return,$10K+,gte5,64.06372922916538,72.02887439465525,30.905193523671525
14297759,2022-03-01 00:00:00,better_return,$10K+,lt5,23.53549812474927,5.904070965695011,30.390623508698994
14297759,2022-03-01 00:00:00,better_return,$1K-10K,all,33.44050821569475,23.27690456810147,33.60259510926583
14297759,2022-03-01 00:00:00,better_return,$1K-10K,gte5,63.13555678305,67.69377647597582,27.712763546215204
14297759,2022-03-01 00:00:00,better_return,$1K-10K,lt5,24.47639016294518,9.234914922353173,29.859800298293663
14297759,2022-03-01 00:00:00,better_return,OVERALL,all,26.23397606728743,8.758892690860524,31.578001710151998
14297759,2022-03-01 00:00:00,better_return,OVERALL,gte5,61.461671101770285,65.80226671347711,29.20270324221138
14297759,2022-03-01 00:00:00,better_return,OVERALL,lt5,21.64618713233937,0.6845998236840956,28.867063932785506
14297759,2022-03-01 00:00:00,max_sharpe,$0-1,all,35.414896540884264,11.509636352311489,38.19937664910328
14297759,2022-03-01 00:00:00,max_sharpe,$0-1,gte5,81.29122976834842,93.56543731285161,26.997714246014986
14297759,2022-03-01 00:00:00,max_sharpe,$0-1,lt5,33.18788002635711,7.308771049039253,37.24942849606191
14297759,2022-03-01 00:00:00,max_sharpe,$1-100,all,40.70100555014519,39.99999999999998,36.173533849891406
14297759,2022-03-01 00:00:00,max_sharpe,$1-100,gte5,78.80550204489522,89.2347816528764,24.561073754154314
14297759,2022-03-01 00:00:00,max_sharpe,$1-100,lt5,39.041501754792,35.77673063635326,35.682663563576334
14297759,2022-03-01 00:00:00,max_sharpe,$100-1K,all,47.388842308815605,50.10811902828279,31.975456782148623
14297759,2022-03-01 00:00:00,max_sharpe,$100-1K,gte5,75.73977434195142,84.5655672518477,23.45770685679532
14297759,2022-03-01 00:00:00,max_sharpe,$100-1K,lt5,44.32044038568072,45.04649061687967,31.259007057792985
14297759,2022-03-01 00:00:00,max_sharpe,$10K+,all,57.190673611031535,76.16173830207319,36.31296312984099
14297759,2022-03-01 00:00:00,max_sharpe,$10K+,gte5,78.83069976632812,89.38327857095672,25.215816277229965
14297759,2022-03-01 00:00:00,max_sharpe,$10K+,lt5,45.052547341044445,47.12119241714433,35.93910566039011
14297759,2022-03-01 00:00:00,max_sharpe,$1K-10K,all,55.371306830397096,68.1245400730995,33.57231605207619
14297759,2022-03-01 00:00:00,max_sharpe,$1K-10K,gte5,77.94929717003112,86.07983197651103,21.897121407847315
14297759,2022-03-01 00:00:00,max_sharpe,$1K-10K,lt5,48.555632818642295,56.06618551460391,33.50017134428556
14297759,2022-03-01 00:00:00,max_sharpe,OVERALL,all,45.92378641439967,50.6949091459031,35.422130462652085
14297759,2022-03-01 00:00:00,max_sharpe,OVERALL,gte5,77.83165757586684,87.41169089581271,23.60483757700018
14297759,2022-03-01 00:00:00,max_sharpe,OVERALL,lt5,41.76834626683854,41.60357105402247,34.57905136739198
14297759,2022-03-01 00:00:00,safer_risk,$0-1,all,8.602583322953075,7.230720744377805e-08,19.33092852731407
14297759,2022-03-01 00:00:00,safer_risk,$0-1,gte5,51.856586748547315,57.23413205998126,26.884461017804128
14297759,2022-03-01 00:00:00,safer_risk,$0-1,lt5,6.50286494592843,7.230720744377805e-08,16.17128801827682
14297759,2022-03-01 00:00:00,safer_risk,$1-100,all,7.42224578771326,3.068452075760675e-07,18.089205942663327
14297759,2022-03-01 00:00:00,safer_risk,$1-100,gte5,50.0735624429126,50.28829760236238,23.823764344263967
14297759,2022-03-01 00:00:00,safer_risk,$1-100,lt5,5.564721653366899,2.4868655051912825e-07,15.299540485278627
14297759,2022-03-01 00:00:00,safer_risk,$100-1K,all,11.983024017179162,2.910032055603029e-07,20.783838701369373
14297759,2022-03-01 00:00:00,safer_risk,$100-1K,gte5,47.334044627935995,46.904906727220165,21.340351162567043
14297759,2022-03-01 00:00:00,safer_risk,$100-1K,lt5,8.15700730986068,1.843488327268883e-07,16.71942462216153
14297759,2022-03-01 00:00:00,safer_risk,$10K+,all,28.131390221968225,15.490595405875734,30.77504115125298
14297759,2022-03-01 00:00:00,safer_risk,$10K+,gte5,56.853609615470354,59.14958174070701,24.061765708218196
14297759,2022-03-01 00:00:00,safer_risk,$10K+,lt5,12.020784659355666,3.502782026237883e-07,20.768014190533254
14297759,2022-03-01 00:00:00,safer_risk,$1K-10K,all,20.83693630321626,4.875218698355643,26.440901261332826
14297759,2022-03-01 00:00:00,safer_risk,$1K-10K,gte5,51.834965395050794,52.3138983600804,21.77246197658662
14297759,2022-03-01 00:00:00,safer_risk,$1K-10K,lt5,11.479484283850255,4.4429895595943236e-07,19.734309605742197
14297759,2022-03-01 00:00:00,safer_risk,OVERALL,all,12.772726705995206,3.706787855828342e-07,22.653092281482188
14297759,2022-03-01 00:00:00,safer_risk,OVERALL,gte5,51.5138949830484,52.137782360087485,22.885451911467836
14297759,2022-03-01 00:00:00,safer_risk,OVERALL,lt5,7.727369552356458,1.9355599484294217e-07,17.05479449956309
14497034,2022-04-01 00:00:00,better_return,$0-1,all,26.11205375808702,7.035849336261539,31.013406644512333
14497034,2022-04-01 00:00:00,better_return,$0-1,gte5,49.11230020809132,41.878624349505,28.27615888815341
14497034,2022-04-01 00:00:00,better_return,$0-1,lt5,25.00646552832021,5.2692312881989665,30.708041346393518
14497034,2022-04-01 00:00:00,better_return,$1-100,all,17.263556734127434,6.198640808974254e-07,27.2092048998446
14497034,2022-04-01 00:00:00,better_return,$1-100,gte5,56.76371845680139,59.3189302109123,30.352188352117473
14497034,2022-04-01 00:00:00,better_return,$1-100,lt5,15.509026730479702,1.9389507499578684e-07,25.688970259817765
14497034,2022-04-01 00:00:00,better_return,$100-1K,all,22.054160066344433,5.755412882979327,28.358301145287026
14497034,2022-04-01 00:00:00,better_return,$100-1K,gte5,55.98528048879295,56.36113495740442,26.644074594541134
14497034,2022-04-01 00:00:00,better_return,$100-1K,lt5,18.421164012964635,0.2791699469816026,26.034956235562873
14497034,2022-04-01 00:00:00,better_return,$10K+,all,36.93221735956658,30.969179298998306,34.27010678178125
14497034,2022-04-01 00:00:00,better_return,$10K+,gte5,61.73832824682766,65.79501779227395,28.010517777602807
14497034,2022-04-01 00:00:00,better_return,$10K+,lt5,22.63880998124214,6.386549865377557,28.98642154769141
14497034,2022-04-01 00:00:00,better_return,$1K-10K,all,31.842864255923285,22.852439626592993,32.14502573756244
14497034,2022-04-01 00:00:00,better_return,$1K-10K,gte5,59.35465747809184,61.57564448747173,26.66719977078953
14497034,2022-04-01 00:00:00,better_return,$1K-10K,lt5,23.460218033577934,8.961097739725302,28.81968577024451
14497034,2022-04-01 00:00:00,better_return,OVERALL,all,23.715518102143157,5.531721920728673,30.133301782975206
14497034,2022-04-01 00:00:00,better_return,OVERALL,gte5,58.27324543828112,60.32896663847338,27.655569301758156
14497034,2022-04-01 00:00:00,better_return,OVERALL,lt5,19.1629203087664,0.00010503221902491422,27.364678229906172
14497034,2022-04-01 00:00:00,max_sharpe,$0-1,all,40.36008324243773,48.31456480150868,33.3929625196301
14497034,2022-04-01 00:00:00,max_sharpe,$0-1,gte5,63.23821793121366,72.84780347047824,29.13698161609224
14497034,2022-04-01 00:00:00,max_sharpe,$0-1,lt5,39.26036474655498,46.58176465964197,33.18909482960839
14497034,2022-04-01 00:00:00,max_sharpe,$1-100,all,45.98300128475144,52.52489279368772,34.59903196164868
14497034,2022-04-01 00:00:00,max_sharpe,$1-100,gte5,71.78171000925757,80.16544977723244,25.424597312984854
14497034,2022-04-01 00:00:00,max_sharpe,$1-100,lt5,44.83706652047601,49.55190357273362,34.50619173536997
14497034,2022-04-01 00:00:00,max_sharpe,$100-1K,all,46.39496341856569,48.75214433455941,30.79223557977573
14497034,2022-04-01 00:00:00,max_sharpe,$100-1K,gte5,71.18182851547832,76.96052116286751,22.77168153251341
14497034,2022-04-01 00:00:00,max_sharpe,$100-1K,lt5,43.74104035467643,44.931141916564684,30.353502958351285
14497034,2022-04-01 00:00:00,max_sharpe,$10K+,all,57.789226691906045,72.24143274971972,34.09492646689268
14497034,2022-04-01 00:00:00,max_sharpe,$10K+,gte5,76.59588663904135,84.92033329087879,22.95070975290083
14497034,2022-04-01 00:00:00,max_sharpe,$10K+,lt5,46.95273348780329,51.76927664806165,34.74983386481356
14497034,2022-04-01 00:00:00,max_sharpe,$1K-10K,all,51.076463166271175,58.592348476821044,33.256481411259145
14497034,2022-04-01 00:00:00,max_sharpe,$1K-10K,gte5,73.32378079949729,79.74396438825326,22.24779493342968
14497034,2022-04-01 00:00:00,max_sharpe,$1K-10K,lt5,44.29786492625514,45.96818796162674,33.097067615545186
14497034,2022-04-01 00:00:00,max_sharpe,OVERALL,all,47.23061350466751,53.44093224875446,33.354438972269115
14497034,2022-04-01 00:00:00,max_sharpe,OVERALL,gte5,72.86514206959272,80.13694303087362,23.449169247620212
14497034,2022-04-01 00:00:00,max_sharpe,OVERALL,lt5,43.85354831042679,46.69552307966845,32.99497430822154
14497034,2022-04-01 00:00:00,safer_risk,$0-1,all,7.120804210122102,1.6503690219993317e-07,17.742726130071194
14497034,2022-04-01 00:00:00,safer_risk,$0-1,gte5,50.26873177054389,52.394714549790265,25.15129941302138
14497034,2022-04-01 00:00:00,safer_risk,$0-1,lt5,5.046746397162279,1.392876598782511e-07,14.34355585826243
14497034,2022-04-01 00:00:00,safer_risk,$1-100,all,7.946552101356679,4.9791079592687026e-08,19.313334032660407
14497034,2022-04-01 00:00:00,safer_risk,$1-100,gte5,51.187401965154656,51.91211848479516,24.731033472758178
14497034,2022-04-01 00:00:00,safer_risk,$1-100,lt5,6.025867092472003,4.4186616865449224e-08,16.603170314359396
14497034,2022-04-01 00:00:00,safer_risk,$100-1K,all,12.442454353712652,1.2864480765373276e-07,21.714893164844593
14497034,2022-04-01 00:00:00,safer_risk,$100-1K,gte5,49.078707460142844,48.55653831467009,22.229636038219237
14497034,2022-04-01 00:00:00,safer_risk,$100-1K,lt5,8.519820462194414,8.996781132586396e-08,17.607311528556217
14497034,2022-04-01 00:00:00,safer_risk,$10K+,all,28.043657648208207,15.610305290393908,30.746504495439467
14497034,2022-04-01 00:00:00,safer_risk,$10K+,gte5,56.256261313845876,58.52599351359977,24.173747757312523
14497034,2022-04-01 00:00:00,safer_risk,$10K+,lt5,11.787411788916465,2.1272452688236854e-07,20.7472549093722
14497034,2022-04-01 00:00:00,safer_risk,$1K-10K,all,21.6720016869812,5.469976193686674,27.451860287099716
14497034,2022-04-01 00:00:00,safer_risk,$1K-10K,gte5,52.94074249866779,53.3405479514647,22.62550849863493
14497034,2022-04-01 00:00:00,safer_risk,$1K-10K,lt5,12.14464045952873,1.794047247566377e-07,20.942001120095778
14497034,2022-04-01 00:00:00,safer_risk,OVERALL,all,13.100135572829739,1.1681332290347513e-07,23.399318533823784
14497034,2022-04-01 00:00:00,safer_risk,OVERALL,gte5,52.37648849295238,52.86875986425183,23.390284894801585
14497034,2022-04-01 00:00:00,safer_risk,OVERALL,lt5,7.92591112523263,7.818772886081238e-08,17.82096094475207
14688630,2022-05-01 00:00:00,better_return,$0-1,all,32.31843186213854,18.080947371763358,32.6236203898644
14688630,2022-05-01 00:00:00,better_return,$0-1,gte5,51.44395606446623,60.603336553624345,31.136881417279646
14688630,2022-05-01 00:00:00,better_return,$0-1,lt5,31.386945399704295,18.080947371763358,32.407369309024894
14688630,2022-05-01 00:00:00,better_return,$1-100,all,18.283093623599115,3.2208265686450854e-06,28.21571773198483
14688630,2022-05-01 00:00:00,better_return,$1-100,gte5,57.10127953441411,60.0758294119359,29.919002725266957
14688630,2022-05-01 00:00:00,better_return,$1-100,lt5,16.40694178011706,1.0350837624517606e-06,26.73935157783053
14688630,2022-05-01 00:00:00,better_return,$100-1K,all,22.798425719965053,6.094602385405363,29.199529986207114
14688630,2022-05-01 00:00:00,better_return,$100-1K,gte5,57.613361017811805,59.135163527372825,26.933636872486357
14688630,2022-05-01 00:00:00,better_return,$100-1K,lt5,18.48592904037988,0.29563230445082117,26.45054812730178
14688630,2022-05-01 00:00:00,better_return,$10K+,all,36.532878965967555,28.809283047548476,34.95528578787554
14688630,2022-05-01 00:00:00,better_return,$10K+,gte5,62.48806481519664,68.00903828729932,29.210519349760272
14688630,2022-05-01 00:00:00,better_return,$10K+,lt5,22.14774686989433,5.18862496347073,29.083919722928275
14688630,2022-05-01 00:00:00,better_return,$1K-10K,all,32.58049645587319,23.004841016617107,32.919312362324796
14688630,2022-05-01 00:00:00,better_return,$1K-10K,gte5,60.22411767630452,63.13364179124253,27.4931370555447
14688630,2022-05-01 00:00:00,better_return,$1K-10K,lt5,23.06377108692722,7.388821760139303,29.032579096602426
14688630,2022-05-01 00:00:00,better_return,OVERALL,all,24.588169989071904,5.939227095538699,30.912150889372253
14688630,2022-05-01 00:00:00,better_return,OVERALL,gte5,59.031598092169084,62.10839747254619,28.290978534525163
14688630,2022-05-01 00:00:00,better_return,OVERALL,lt5,20.027537505964236,0.07524696866107076,28.252887064394415
14688630,2022-05-01 00:00:00,max_sharpe,$0-1,all,44.59440521842655,55.40818980726459,36.50524639221377
14688630,2022-05-01 00:00:00,max_sharpe,$0-1,gte5,68.47593444326854,72.52244424452967,26.350830982247864
14688630,2022-05-01 00:00:00,max_sharpe,$0-1,lt5,43.43128305038369,49.0339086162282,36.53205706703887
14688630,2022-05-01 00:00:00,max_sharpe,$1-100,all,34.37866969290695,23.450497493864845,34.50496009250731
14688630,2022-05-01 00:00:00,max_sharpe,$1-100,gte5,72.43286756920831,82.58071192987842,26.28621730107989
14688630,2022-05-01 00:00:00,max_sharpe,$1-100,lt5,32.53944274752921,19.572544743763466,33.78413347137622
14688630,2022-05-01 00:00:00,max_sharpe,$100-1K,all,50.07448017630118,56.54483776301392,31.41679683724793
14688630,2022-05-01 00:00:00,max_sharpe,$100-1K,gte5,75.44181104605731,82.51011794697868,21.561982749795185
14688630,2022-05-01 00:00:00,max_sharpe,$100-1K,lt5,46.93225029105633,51.758741730044356,31.017796259162036
14688630,2022-05-01 00:00:00,max_sharpe,$10K+,all,59.24002526170894,78.95387006315664,35.343829854579425
14688630,2022-05-01 00:00:00,max_sharpe,$10K+,gte5,79.1121629313641,89.12349754073873,24.38791059709731
14688630,2022-05-01 00:00:00,max_sharpe,$10K+,lt5,48.22629848395077,57.17608549725381,35.66118813235888
14688630,2022-05-01 00:00:00,max_sharpe,$1K-10K,all,54.769932593168505,67.98640925369028,34.06310968613547
14688630,2022-05-01 00:00:00,max_sharpe,$1K-10K,gte5,76.7114679514562,84.95960302612242,22.469280815955248
14688630,2022-05-01 00:00:00,max_sharpe,$1K-10K,lt5,47.21623459851107,53.75406049734748,34.10482551231582
14688630,2022-05-01 00:00:00,max_sharpe,OVERALL,all,44.90335842529627,48.607476841265786,34.95537052626286
14688630,2022-05-01 00:00:00,max_sharpe,OVERALL,gte5,75.7687047293933,84.54751918879515,23.479250499127602
14688630,2022-05-01 00:00:00,max_sharpe,OVERALL,lt5,40.81649748522128,40.09603921190443,34.173489538529175
14688630,2022-05-01 00:00:00,safer_risk,$0-1,all,8.083118460865068,1.7160449519715293e-07,18.70502651303196
14688630,2022-05-01 00:00:00,safer_risk,$0-1,gte5,57.01807545808898,63.3524003363749,24.437981538413577
14688630,2022-05-01 00:00:00,safer_risk,$0-1,lt5,5.699798165928139,1.2390574798820664e-07,14.680779343656301
14688630,2022-05-01 00:00:00,safer_risk,$1-100,all,7.8759347904921295,5.8811216313570114e-08,18.460134207668727
14688630,2022-05-01 00:00:00,safer_risk,$1-100,gte5,50.05824948859788,50.67551672678502,23.005931080149352
14688630,2022-05-01 00:00:00,safer_risk,$1-100,lt5,5.837188629993642,5.2963156776941744e-08,15.540626743452062
14688630,2022-05-01 00:00:00,safer_risk,$100-1K,all,12.897235940288084,1.5710893419562666e-07,21.51615625446487
14688630,2022-05-01 00:00:00,safer_risk,$100-1K,gte5,47.75511656916636,47.25047675688824,20.9139298311011
14688630,2022-05-01 00:00:00,safer_risk,$100-1K,lt5,8.579419658759296,9.425983674149485e-08,17.23244129410048
14688630,2022-05-01 00:00:00,safer_risk,$10K+,all,26.978634146305,14.499297994394961,29.876519889451167
14688630,2022-05-01 00:00:00,safer_risk,$10K+,gte5,54.787407836715104,56.84942321536634,23.625325031003086
14688630,2022-05-01 00:00:00,safer_risk,$10K+,lt5,11.566188814951763,1.4162405831408265e-07,20.293467508251315
14688630,2022-05-01 00:00:00,safer_risk,$1K-10K,all,22.62610298063807,8.105282911909585,27.375572159530922
14688630,2022-05-01 00:00:00,safer_risk,$1K-10K,gte5,52.01592217841812,52.42767540376707,21.81043778399837
14688630,2022-05-01 00:00:00,safer_risk,$1K-10K,lt5,12.508223137112862,2.6169926226060625e-07,21.069474225128147
14688630,2022-05-01 00:00:00,safer_risk,OVERALL,all,12.872457444968216,1.3453985425737613e-07,22.68410241244209
14688630,2022-05-01 00:00:00,safer_risk,OVERALL,gte5,51.249207158383314,51.81541128785779,22.359281820689684
14688630,2022-05-01 00:00:00,safer_risk,OVERALL,lt5,7.791016340580655,8.153312122671785e-08,17.195221865033698
14881677,2022-06-01 00:00:00,better_return,$0-1,all,25.009164014269928,4.855376121620258,30.813948605266617
14881677,2022-06-01 00:00:00,better_return,$0-1,gte5,69.42101306381625,86.38045816960339,32.46703875422523
14881677,2022-06-01 00:00:00,better_return,$0-1,lt5,22.794119575415298,1.7736569325975677,29.00007036866308
14881677,2022-06-01 00:00:00,better_return,$1-100,all,26.221868682343,17.108390933724152,28.600439653675267
14881677,2022-06-01 00:00:00,better_return,$1-100,gte5,62.306018055637594,66.96298238807955,29.76681775250999
14881677,2022-06-01 00:00:00,better_return,$1-100,lt5,24.26626925859719,13.164956842293549,27.20120905640986
14881677,2022-06-01 00:00:00,better_return,$100-1K,all,25.057933795935416,10.038607862946387,30.311414972312704
14881677,2022-06-01 00:00:00,better_return,$100-1K,gte5,59.60040989123857,61.94459339433895,28.02046583734431
14881677,2022-06-01 00:00:00,better_return,$100-1K,lt5,19.981510589911093,2.9595011526381803,27.153262312452746
14881677,2022-06-01 00:00:00,better_return,$10K+,all,37.15670660180833,26.010243280137008,36.60761806070565
14881677,2022-06-01 00:00:00,better_return,$10K+,gte5,63.87521715359079,73.47263563320298,32.36327440546158
14881677,2022-06-01 00:00:00,better_return,$10K+,lt5,22.802327377919948,4.330405925934293,30.130042247391124
14881677,2022-06-01 00:00:00,better_return,$1K-10K,all,34.961603739389645,26.084080604990366,34.195799674590546
14881677,2022-06-01 00:00:00,better_return,$1K-10K,gte5,62.382831595072844,67.34856603471266,29.206158933594793
14881677,2022-06-01 00:00:00,better_return,$1K-10K,lt5,24.259272562610597,8.922458890666094,29.745826402455386
14881677,2022-06-01 00:00:00,better_return,OVERALL,all,27.45640088980713,15.006771900972188,30.828897217570013
14881677,2022-06-01 00:00:00,better_return,OVERALL,gte5,62.05173079136318,66.72325686194463,29.651247732281714
14881677,2022-06-01 00:00:00,better_return,OVERALL,lt5,22.812842093402264,7.469195572128211,27.88858503232262
14881677,2022-06-01 00:00:00,max_sharpe,$0-1,all,43.99818266524235,49.407396318194046,38.44988938086448
14881677,2022-06-01 00:00:00,max_sharpe,$0-1,gte5,79.7443419924981,91.08156120015968,28.52615365648532
14881677,2022-06-01 00:00:00,max_sharpe,$0-1,lt5,42.21534017787113,41.93958629037267,38.008387321909716
14881677,2022-06-01 00:00:00,max_sharpe,$1-100,all,42.36614815023366,43.76102538054316,35.34051855691207
14881677,2022-06-01 00:00:00,max_sharpe,$1-100,gte5,79.96223434530035,89.16223488344113,22.182753339903417
14881677,2022-06-01 00:00:00,max_sharpe,$1-100,lt5,40.32860851648566,39.99999999999999,34.773796617600496
14881677,2022-06-01 00:00:00,max_sharpe,$100-1K,all,46.40184289198867,49.56065645244323,33.48138057319123
14881677,2022-06-01 00:00:00,max_sharpe,$100-1K,gte5,76.5656555856634,85.42919441975918,22.40941179292748
14881677,2022-06-01 00:00:00,max_sharpe,$100-1K,lt5,41.96891578167175,41.4169900630255,32.53585151213075
14881677,2022-06-01 00:00:00,max_sharpe,$10K+,all,55.958255291365006,74.97860946737032,36.94594037505664
14881677,2022-06-01 00:00:00,max_sharpe,$10K+,gte5,77.47143367034128,89.74753250636303,27.81509084743258
14881677,2022-06-01 00:00:00,max_sharpe,$10K+,lt5,44.40041339129025,45.706718234570396,36.06197175837914
14881677,2022-06-01 00:00:00,max_sharpe,$1K-10K,all,54.53638670238295,68.63834922949161,35.18722837887851
14881677,2022-06-01 00:00:00,max_sharpe,$1K-10K,gte5,77.3913473746823,87.32723603717837,23.922622070274127
14881677,2022-06-01 00:00:00,max_sharpe,$1K-10K,lt5,45.616240623055994,50.56706552855681,34.850838694916824
14881677,2022-06-01 00:00:00,max_sharpe,OVERALL,all,46.025461882001686,51.08343882863877,35.55852932568471
14881677,2022-06-01 00:00:00,max_sharpe,OVERALL,gte5,77.71766651919366,87.96902557068162,24.023033378231535
14881677,2022-06-01 00:00:00,max_sharpe,OVERALL,lt5,41.77157512794353,41.67123237736611,34.69512699431203
14881677,2022-06-01 00:00:00,safer_risk,$0-1,all,7.556972499642017,8.271548099236803e-08,17.254354468166813
14881677,2022-06-01 00:00:00,safer_risk,$0-1,gte5,49.162043309255075,50.21937892912728,23.655265359950146
14881677,2022-06-01 00:00:00,safer_risk,$0-1,lt5,5.481916344646633,6.79035855322141e-08,13.928930197392633
14881677,2022-06-01 00:00:00,safer_risk,$1-100,all,7.890050154491825,8.425962150226951e-08,17.863156701228288
14881677,2022-06-01 00:00:00,safer_risk,$1-100,gte5,49.712028589238514,50.096362439711896,22.393742043362472
14881677,2022-06-01 00:00:00,safer_risk,$1-100,lt5,5.623486071719522,7.190111284138823e-08,14.46646506275217
14881677,2022-06-01 00:00:00,safer_risk,$100-1K,all,13.883062268673097,6.090109819223422e-07,22.425663241228396
14881677,2022-06-01 00:00:00,safer_risk,$100-1K,gte5,48.159690627369706,47.89723576895806,21.459444704612746
14881677,2022-06-01 00:00:00,safer_risk,$100-1K,lt5,8.845708514869122,2.3372882101968528e-07,17.638136185147673
14881677,2022-06-01 00:00:00,safer_risk,$10K+,all,26.671822326291707,12.176960173375614,30.466412535721055
14881677,2022-06-01 00:00:00,safer_risk,$10K+,gte5,55.00815123001618,57.33558878317478,25.398904804745534
14881677,2022-06-01 00:00:00,safer_risk,$10K+,lt5,11.448278704405388,1.9724809285914802e-07,20.424519260532954
14881677,2022-06-01 00:00:00,safer_risk,$1K-10K,all,24.57484962389931,10.233227793343012,28.871176784220403
14881677,2022-06-01 00:00:00,safer_risk,$1K-10K,gte5,54.48181251001597,55.81563190179225,23.016758498850596
14881677,2022-06-01 00:00:00,safer_risk,$1K-10K,lt5,12.902351842859158,7.807216539923445e-07,21.6048642249651
14881677,2022-06-01 00:00:00,safer_risk,OVERALL,all,12.736536544951877,2.2308206809595887e-07,22.58032261478823
14881677,2022-06-01 00:00:00,safer_risk,OVERALL,gte5,51.491523592974254,51.95575224572039,23.009148512522707
14881677,2022-06-01 00:00:00,safer_risk,OVERALL,lt5,7.534647691066027,1.1031737537359199e-07,16.69096176250087
15053226,2022-07-01 00:00:00,better_return,$0-1,all,24.84199397969826,4.921497107501685,30.74268474911335
15053226,2022-07-01 00:00:00,better_return,$0-1,gte5,58.823759205310026,63.31584514745967,30.196410685806516
15053226,2022-07-01 00:00:00,better_return,$0-1,lt5,23.134613294625638,1.729563834013087,29.763275535105347
15053226,2022-07-01 00:00:00,better_return,$1-100,all,31.61743062023392,16.918012380620187,33.81284527791116
15053226,2022-07-01 00:00:00,better_return,$1-100,gte5,60.75192859665422,63.77049982841467,29.08985542135039
15053226,2022-07-01 00:00:00,better_return,$1-100,lt5,29.900406988311097,13.045798969246212,33.284307017708564
15053226,2022-07-01 00:00:00,better_return,$100-1K,all,25.94657650737146,12.148368336813611,30.27538638793225
15053226,2022-07-01 00:00:00,better_return,$100-1K,gte5,57.90230020953955,59.279621831656605,27.554183781530654
15053226,2022-07-01 00:00:00,better_return,$100-1K,lt5,20.645954937191178,5.030588824194168,27.298735232295364
15053226,2022-07-01 00:00:00,better_return,$10K+,all,32.641800013915564,17.939149278100196,34.79290350848144
15053226,2022-07-01 00:00:00,better_return,$10K+,gte5,57.305755049655694,61.56967901546824,33.15445475040149
15053226,2022-07-01 00:00:00,better_return,$10K+,lt5,20.429344646254474,3.0766537042408113,28.553942882222124
15053226,2022-07-01 00:00:00,better_return,$1K-10K,all,34.451047295949515,25.504012122049375,33.54749000019396
15053226,2022-07-01 00:00:00,better_return,$1K-10K,gte5,60.06206157488295,63.67254638556433,29.08615171360573
15053226,2022-07-01 00:00:00,better_return,$1K-10K,lt5,23.89429668686476,9.199954930463033,29.305323953843057
15053226,2022-07-01 00:00:00,better_return,OVERALL,all,29.567200406901023,15.041526975920668,32.6726935067878
15053226,2022-07-01 00:00:00,better_return,OVERALL,gte5,59.107567805457826,61.89272118663834,29.169410275517233
15053226,2022-07-01 00:00:00,better_return,OVERALL,lt5,25.616460117442514,8.262657054243274,31.051013114042394
15053226,2022-07-01 00:00:00,max_sharpe,$0-1,all,41.80463529130118,40.27405513030973,37.482993139485636
15053226,2022-07-01 00:00:00,max_sharpe,$0-1,gte5,65.49687205352411,82.83091080427579,31.40050816056531
15053226,2022-07-01 00:00:00,max_sharpe,$0-1,lt5,40.61424193870695,40.003655485461806,37.36855151771388
15053226,2022-07-01 00:00:00,max_sharpe,$1-100,all,53.57395944288982,68.22645822302509,32.6259254115116
15053226,2022-07-01 00:00:00,max_sharpe,$1-100,gte5,79.6144288117776,88.73429904829067,22.054754697717016
15053226,2022-07-01 00:00:00,max_sharpe,$1-100,lt5,52.039280474715085,65.48083042526689,32.49921140849187
15053226,2022-07-01 00:00:00,max_sharpe,$100-1K,all,46.8212138295385,50.88066233334415,33.80483051216268
15053226,2022-07-01 00:00:00,max_sharpe,$100-1K,gte5,75.7643018236787,84.39531494272153,22.74879061238409
15053226,2022-07-01 00:00:00,max_sharpe,$100-1K,lt5,42.02030999274141,41.50898894589972,32.93143960214956
15053226,2022-07-01 00:00:00,max_sharpe,$10K+,all,50.11114321342054,58.656785068706476,37.81039219007091
15053226,2022-07-01 00:00:00,max_sharpe,$10K+,gte5,73.43667516780253,88.93928328519172,30.59983628327797
15053226,2022-07-01 00:00:00,max_sharpe,$10K+,lt5,38.561413354318404,32.36069166861915,35.65224607764321
15053226,2022-07-01 00:00:00,max_sharpe,$1K-10K,all,53.644337006625825,67.09357921600349,35.345511892746586
15053226,2022-07-01 00:00:00,max_sharpe,$1K-10K,gte5,75.7801140852328,86.21020721722836,24.89284448861077
15053226,2022-07-01 00:00:00,max_sharpe,$1K-10K,lt5,44.520064316287055,47.191282732361806,34.9803074884267
15053226,2022-07-01 00:00:00,max_sharpe,OVERALL,all,50.07806275991152,60.38146115687241,34.42003373474419
15053226,2022-07-01 00:00:00,max_sharpe,OVERALL,gte5,75.76837197868052,86.46777159467615,24.940211290343605
15053226,2022-07-01 00:00:00,max_sharpe,OVERALL,lt5,46.642230757219615,53.14242558954645,34.05767781420437
15053226,2022-07-01 00:00:00,safer_risk,$0-1,all,8.605701439757759,3.744668117255934e-08,18.90123846828566
15053226,2022-07-01 00:00:00,safer_risk,$0-1,gte5,48.810274743046094,50.99594525001697,23.62351205159705
15053226,2022-07-01 00:00:00,safer_risk,$0-1,lt5,6.585661825750766,3.0311133464300255e-08,16.18248981147471
15053226,2022-07-01 00:00:00,safer_risk,$1-100,all,8.063693202431644,2.613133806561585e-07,18.00788747430143
15053226,2022-07-01 00:00:00,safer_risk,$1-100,gte5,47.81311933417762,47.29475253926937,22.654404322900817
15053226,2022-07-01 00:00:00,safer_risk,$1-100,lt5,5.721085340136768,2.0299918898625258e-07,14.647329149520873
15053226,2022-07-01 00:00:00,safer_risk,$100-1K,all,14.709843794059765,4.410702192370053e-07,23.23104398450362
15053226,2022-07-01 00:00:00,safer_risk,$100-1K,gte5,48.6833575923857,48.184219829566175,21.94227223364082
15053226,2022-07-01 00:00:00,safer_risk,$100-1K,lt5,9.07452344479769,1.8344908092604584e-07,18.059074270097994
15053226,2022-07-01 00:00:00,safer_risk,$10K+,all,24.001214001134624,7.453845808128305,29.54927720391058
15053226,2022-07-01 00:00:00,safer_risk,$10K+,gte5,52.108361078450805,53.5660719652428,26.457624027570468
15053226,2022-07-01 00:00:00,safer_risk,$10K+,lt5,10.083848408446777,1.88387066710205e-07,19.339842890826297
15053226,2022-07-01 00:00:00,safer_risk,$1K-10K,all,24.619936932100313,9.979736935861675,29.19644195383508
15053226,2022-07-01 00:00:00,safer_risk,$1K-10K,gte5,54.19948389065874,55.21518246113425,23.847218917612807
15053226,2022-07-01 00:00:00,safer_risk,$1K-10K,lt5,12.427374116340651,4.0658571648366504e-07,21.449503834292766
15053226,2022-07-01 00:00:00,safer_risk,OVERALL,all,12.592344176436683,3.0801685924064515e-07,22.540234062498275
15053226,2022-07-01 00:00:00,safer_risk,OVERALL,gte5,50.5297641715663,50.637478736058696,23.442864137801223
15053226,2022-07-01 00:00:00,safer_risk,OVERALL,lt5,7.5185787885292665,1.616386004210657e-07,16.86068250874561
15253306,2022-08-01 00:00:00,better_return,$0-1,all,36.83452177510548,34.293225266121006,35.504254656350916
15253306,2022-08-01 00:00:00,better_return,$0-1,gte5,55.79580946537428,55.0829884202008,29.2548744782745
15253306,2022-08-01 00:00:00,better_return,$0-1,lt5,35.88593997292875,30.55547050637154,35.523436805847346
15253306,2022-08-01 00:00:00,better_return,$1-100,all,22.26224988977374,6.698584416320319e-06,31.16921779522273
15253306,2022-08-01 00:00:00,better_return,$1-100,gte5,60.047899834967396,62.68570437755184,28.80556061777061
15253306,2022-08-01 00:00:00,better_return,$1-100,lt5,20.12134271892648,1.8231881934727134e-06,29.90106521635706
15253306,2022-08-01 00:00:00,better_return,$100-1K,all,25.00827940181273,10.769538998675138,29.703478557936148
15253306,2022-08-01 00:00:00,better_return,$100-1K,gte5,56.982644173493604,58.02805589448552,26.569504888603092
15253306,2022-08-01 00:00:00,better_return,$100-1K,lt5,20.032441535817483,3.5863320843690794,26.942232812248694
15253306,2022-08-01 00:00:00,better_return,$10K+,all,33.45868222788228,25.05824097309153,33.199808964159224
15253306,2022-08-01 00:00:00,better_return,$10K+,gte5,57.55597418978032,60.42097977939825,29.273381268786498
15253306,2022-08-01 00:00:00,better_return,$10K+,lt5,20.961910324343688,3.742007049822898,27.78731364017609
15253306,2022-08-01 00:00:00,better_return,$1K-10K,all,32.81155493695412,25.085838544387517,32.01840981354849
15253306,2022-08-01 00:00:00,better_return,$1K-10K,gte5,56.729405481149946,58.07905912120237,27.316843008579184
15253306,2022-08-01 00:00:00,better_return,$1K-10K,lt5,23.27453155414237,8.575767442356877,28.58944869496068
15253306,2022-08-01 00:00:00,better_return,OVERALL,all,26.79200663925083,9.320446382812833,32.00308399462331
15253306,2022-08-01 00:00:00,better_return,OVERALL,gte5,57.48220612591273,58.98453465692839,27.763934991959815
15253306,2022-08-01 00:00:00,better_return,OVERALL,lt5,22.559378179112937,1.6185883111412842,30.188151719180784
15253306,2022-08-01 00:00:00,max_sharpe,$0-1,all,56.26991514168871,80.0,33.56832125459421
15253306,2022-08-01 00:00:00,max_sharpe,$0-1,gte5,70.43048320474537,75.59010741046778,24.7366768560584
15253306,2022-08-01 00:00:00,max_sharpe,$0-1,lt5,55.56150032342748,80.0,33.79439298622568
15253306,2022-08-01 00:00:00,max_sharpe,$1-100,all,53.66143934968112,68.93815590970385,32.65883998578404
15253306,2022-08-01 00:00:00,max_sharpe,$1-100,gte5,77.78390951290358,87.13584451532519,22.858974287273778
15253306,2022-08-01 00:00:00,max_sharpe,$1-100,lt5,52.29467790913684,66.55350441876816,32.597377092709216
15253306,2022-08-01 00:00:00,max_sharpe,$100-1K,all,48.03400377842703,53.03301606034038,33.023772921783404
15253306,2022-08-01 00:00:00,max_sharpe,$100-1K,gte5,74.99425186177719,82.59299817778587,22.40031748988138
15253306,2022-08-01 00:00:00,max_sharpe,$100-1K,lt5,43.83846074738696,45.23926994941734,32.42657580919261
15253306,2022-08-01 00:00:00,max_sharpe,$10K+,all,55.79065699479918,72.71373878795393,36.26987107446426
15253306,2022-08-01 00:00:00,max_sharpe,$10K+,gte5,77.64383583006952,88.40677917011655,24.83009993030551
15253306,2022-08-01 00:00:00,max_sharpe,$10K+,lt5,44.457674363247925,44.86572599388836,36.08177691534448
15253306,2022-08-01 00:00:00,max_sharpe,$1K-10K,all,51.02206657881543,59.36209572063304,34.59720235633115
15253306,2022-08-01 00:00:00,max_sharpe,$1K-10K,gte5,72.05360809048885,80.73742027058601,24.95156307883219
15253306,2022-08-01 00:00:00,max_sharpe,$1K-10K,lt5,42.635932431736784,41.705974511691224,34.34092157634835
15253306,2022-08-01 00:00:00,max_sharpe,OVERALL,all,52.14615544510208,63.9351989253487,33.45264518510694
15253306,2022-08-01 00:00:00,max_sharpe,OVERALL,gte5,74.69483453434522,83.58376847471979,23.906419726663977
15253306,2022-08-01 00:00:00,max_sharpe,OVERALL,lt5,49.03636201110625,58.0097789965075,33.38868117142866
15253306,2022-08-01 00:00:00,safer_risk,$0-1,all,7.186677956795028,7.628553760907764e-08,17.273447322656843
15253306,2022-08-01 00:00:00,safer_risk,$0-1,gte5,51.3533282369312,53.805890562853556,23.662976549036387
15253306,2022-08-01 00:00:00,safer_risk,$0-1,lt5,4.9771402184723215,7.628553760907764e-08,13.52101682642421
15253306,2022-08-01 00:00:00,safer_risk,$1-100,all,7.5971271727391185,8.018701119771876e-08,17.662943172630914
15253306,2022-08-01 00:00:00,safer_risk,$1-100,gte5,47.27552547589152,46.98551882703654,23.40798264663765
15253306,2022-08-01 00:00:00,safer_risk,$1-100,lt5,5.348978270227971,8.018701050382937e-08,14.295237359400003
15253306,2022-08-01 00:00:00,safer_risk,$100-1K,all,14.467747081577262,2.1377044856496497e-07,22.888628471058638
15253306,2022-08-01 00:00:00,safer_risk,$100-1K,gte5,48.57134565988521,47.99327323389898,21.530399265360927
15253306,2022-08-01 00:00:00,safer_risk,$100-1K,lt5,9.160558701624172,1.229519201728646e-07,18.003274931222276
15253306,2022-08-01 00:00:00,safer_risk,$10K+,all,24.650756839742606,9.61285624604975,29.34447157745922
15253306,2022-08-01 00:00:00,safer_risk,$10K+,gte5,52.71895765983947,54.08017040250135,25.150976462744968
15253306,2022-08-01 00:00:00,safer_risk,$10K+,lt5,10.094685396275908,1.430581660077923e-07,18.951790380601178
15253306,2022-08-01 00:00:00,safer_risk,$1K-10K,all,23.650820848026168,10.374750054299156,27.879572889764756
15253306,2022-08-01 00:00:00,safer_risk,$1K-10K,gte5,52.051856606165686,52.6130985892692,22.784012125634675
15253306,2022-08-01 00:00:00,safer_risk,$1K-10K,lt5,12.326168508513229,2.0112213387768474e-07,20.744401993436618
15253306,2022-08-01 00:00:00,safer_risk,OVERALL,all,12.493877694233102,1.2492990253409886e-07,22.328215870194512
15253306,2022-08-01 00:00:00,safer_risk,OVERALL,gte5,50.154883019684796,50.30372106892514,22.99747493761473
15253306,2022-08-01 00:00:00,safer_risk,OVERALL,lt5,7.29987290950761,8.018701397327632e-08,16.48564875846882
15449618,2022-09-01 00:00:00,better_return,$0-1,all,28.077834362745207,25.413708435725262,28.55917421877906
15449618,2022-09-01 00:00:00,better_return,$0-1,gte5,48.64328968393497,40.55167346205672,32.857606120673516
15449618,2022-09-01 00:00:00,better_return,$0-1,lt5,27.031304597903738,23.429522550739915,27.92091378763852
15449618,2022-09-01 00:00:00,better_return,$1-100,all,19.991270138830227,1.1882584863287526e-05,28.669209198849103
15449618,2022-09-01 00:00:00,better_return,$1-100,gte5,55.39284629299881,56.174220436722244,28.184269385712142
15449618,2022-09-01 00:00:00,better_return,$1-100,lt5,17.875858032770314,3.0450250182445515e-06,27.280170357226584
15449618,2022-09-01 00:00:00,better_return,$100-1K,all,25.274065886152197,12.269429135735866,29.335970100427417
15449618,2022-09-01 00:00:00,better_return,$100-1K,gte5,53.93291469048955,53.727562544888514,25.881723777119173
15449618,2022-09-01 00:00:00,better_return,$100-1K,lt5,20.516550992702832,5.372519366009908,27.07921881876042
15449618,2022-09-01 00:00:00,better_return,$10K+,all,32.85208047806554,24.742697656907804,32.35981266119852
15449618,2022-09-01 00:00:00,better_return,$10K+,gte5,57.54949286685639,59.86915553974562,27.8392864594974
15449618,2022-09-01 00:00:00,better_return,$10K+,lt5,20.66726817838568,5.776265091225831,27.055852205154213
15449618,2022-09-01 00:00:00,better_return,$1K-10K,all,32.95349152581461,25.188182184967033,31.974233388120155
15449618,2022-09-01 00:00:00,better_return,$1K-10K,gte5,56.564191380067896,58.03192482964862,26.70121062987926
15449618,2022-09-01 00:00:00,better_return,$1K-10K,lt5,23.284274831818234,8.983040580575317,28.762284655716417
15449618,2022-09-01 00:00:00,better_return,OVERALL,all,24.720026143574902,9.323079046084299,29.846666500598197
15449618,2022-09-01 00:00:00,better_return,OVERALL,gte5,55.21949188790712,56.08242468033356,27.300465113588665
15449618,2022-09-01 00:00:00,better_return,OVERALL,lt5,20.493519096754007,1.7371857510527722,27.644495795005497
15449618,2022-09-01 00:00:00,max_sharpe,$0-1,all,42.53254094469982,43.508347430360686,32.44272767842545
15449618,2022-09-01 00:00:00,max_sharpe,$0-1,gte5,79.5350755483542,88.62754883992761,22.422061531292556
15449618,2022-09-01 00:00:00,max_sharpe,$0-1,lt5,40.64956518595743,43.508347430360686,31.737808067688654
15449618,2022-09-01 00:00:00,max_sharpe,$1-100,all,47.38620277773514,53.55455056069373,33.20500345913557
15449618,2022-09-01 00:00:00,max_sharpe,$1-100,gte5,71.05741056764171,78.089094083908,24.23341377346535
15449618,2022-09-01 00:00:00,max_sharpe,$1-100,lt5,45.97173582559261,50.50218200787799,33.134307044183494
15449618,2022-09-01 00:00:00,max_sharpe,$100-1K,all,48.765529146787344,54.21411883104197,31.716312851728723
15449618,2022-09-01 00:00:00,max_sharpe,$100-1K,gte5,70.30171870734009,75.9424343131319,22.76881317108888
15449618,2022-09-01 00:00:00,max_sharpe,$100-1K,lt5,45.19041197156529,48.0093094922917,31.57653787550047
15449618,2022-09-01 00:00:00,max_sharpe,$10K+,all,56.605802849089336,72.04478542979835,35.165528658921104
15449618,2022-09-01 00:00:00,max_sharpe,$10K+,gte5,76.78593859818513,87.06457945031687,24.48394202801612
15449618,2022-09-01 00:00:00,max_sharpe,$10K+,lt5,46.6496518801566,51.024628139533675,35.36844091403823
15449618,2022-09-01 00:00:00,max_sharpe,$1K-10K,all,51.50450428361116,59.1754790567109,33.576926969200564
15449618,2022-09-01 00:00:00,max_sharpe,$1K-10K,gte5,71.59651075373034,78.40346649877853,23.56009623981892
15449618,2022-09-01 00:00:00,max_sharpe,$1K-10K,lt5,43.27628717967125,42.94662588821161,33.59720644327823
15449618,2022-09-01 00:00:00,max_sharpe,OVERALL,all,48.105359314893455,52.491221447945094,32.99003262281731
15449618,2022-09-01 00:00:00,max_sharpe,OVERALL,gte5,72.119168704385,79.25999636091613,23.652492534083176
15449618,2022-09-01 00:00:00,max_sharpe,OVERALL,lt5,44.7776113649293,45.086679465418435,32.72078795865355
15449618,2022-09-01 00:00:00,safer_risk,$0-1,all,8.476688488507301,1.128575254083497e-07,19.047517817815073
15449618,2022-09-01 00:00:00,safer_risk,$0-1,gte5,52.056068996885195,58.884290183918864,23.71003877817894
15449618,2022-09-01 00:00:00,safer_risk,$0-1,lt5,6.259031834517397,9.495553371374754e-08,15.84620241857549
15449618,2022-09-01 00:00:00,safer_risk,$1-100,all,8.61614409309957,1.2272287214232236e-07,19.168048491879095
15449618,2022-09-01 00:00:00,safer_risk,$1-100,gte5,47.98497042950648,47.207495440464626,23.250821594054955
15449618,2022-09-01 00:00:00,safer_risk,$1-100,lt5,6.263669969610637,9.402017914217353e-08,16.090911073067208
15449618,2022-09-01 00:00:00,safer_risk,$100-1K,all,14.017243971371464,1.9349244290145506e-07,22.03414945938223
15449618,2022-09-01 00:00:00,safer_risk,$100-1K,gte5,45.94261140329584,45.093371350128805,21.125312998903834
15449618,2022-09-01 00:00:00,safer_risk,$100-1K,lt5,8.717470345668927,1.0329044147772137e-07,17.16772547049594
15449618,2022-09-01 00:00:00,safer_risk,$10K+,all,23.035419162086423,8.166885830969402,27.9779126596171
15449618,2022-09-01 00:00:00,safer_risk,$10K+,gte5,50.224630614641875,51.49056983223941,24.26077779974285
15449618,2022-09-01 00:00:00,safer_risk,$10K+,lt5,9.621243097388316,1.1864980387077395e-07,18.27305646204886
15449618,2022-09-01 00:00:00,safer_risk,$1K-10K,all,22.935370565036653,9.93772545517916,27.15717713921791
15449618,2022-09-01 00:00:00,safer_risk,$1K-10K,gte5,50.24535244107888,50.712282721908366,22.480880571675154
15449618,2022-09-01 00:00:00,safer_risk,$1K-10K,lt5,11.751198376214534,2.0286562568694322e-07,20.051132639905482
15449618,2022-09-01 00:00:00,safer_risk,OVERALL,all,12.586999524972486,1.5890828652942446e-07,22.23298139802566
15449618,2022-09-01 00:00:00,safer_risk,OVERALL,gte5,48.516913524454225,48.61010342593987,22.599741534170583
15449618,2022-09-01 00:00:00,safer_risk,OVERALL,lt5,7.6079603515172485,1.0525894045265716e-07,16.980568259203597
15649595,2022-10-01 00:00:00,better_return,$0-1,all,35.54961293639152,21.501319253980856,35.58583864510119
15649595,2022-10-01 00:00:00,better_return,$0-1,gte5,46.028678199072814,36.37516883930151,34.76210058147559
15649595,2022-10-01 00:00:00,better_return,$0-1,lt5,35.01349049824209,19.80388469919933,35.5445383280545
15649595,2022-10-01 00:00:00,better_return,$1-100,all,21.68867831084585,0.005219389231390925,29.7082900775975
15649595,2022-10-01 00:00:00,better_return,$1-100,gte5,58.99903529042984,61.35440486970883,29.145638065203745
15649595,2022-10-01 00:00:00,better_return,$1-100,lt5,19.37356393781206,7.790117949324493e-06,28.15848592079153
15649595,2022-10-01 00:00:00,better_return,$100-1K,all,25.540964634896206,12.266275885265642,29.770871335362923
15649595,2022-10-01 00:00:00,better_return,$100-1K,gte5,55.254955985472016,55.55932348722211,27.526193919774215
15649595,2022-10-01 00:00:00,better_return,$100-1K,lt5,20.508243298181966,5.368463043519981,27.07800990507072
15649595,2022-10-01 00:00:00,better_return,$10K+,all,31.471989809758227,20.461287947211225,32.735935203555485
15649595,2022-10-01 00:00:00,better_return,$10K+,gte5,55.14167739442693,56.714660142650665,30.156352351145706
15649595,2022-10-01 00:00:00,better_return,$10K+,lt5,20.09208214992953,3.5345369762015437,27.400476761741878
15649595,2022-10-01 00:00:00,better_return,$1K-10K,all,32.957947176423225,24.715520976436757,32.298879144324545
15649595,2022-10-01 00:00:00,better_return,$1K-10K,gte5,55.76359140603261,56.64674557194854,28.370482644012156
15649595,2022-10-01 00:00:00,better_return,$1K-10K,lt5,23.540367643170587,8.739326034680108,28.951244989892103
15649595,2022-10-01 00:00:00,better_return,OVERALL,all,26.343824127718502,9.889698225463238,31.44593821864939
15649595,2022-10-01 00:00:00,better_return,OVERALL,gte5,55.70125526796058,56.785630131940046,28.98374202601878
15649595,2022-10-01 00:00:00,better_return,OVERALL,lt5,22.298972590685704,3.073166289263697,29.567552930176383
15649595,2022-10-01 00:00:00,max_sharpe,$0-1,all,46.33059692403653,62.962334610910716,37.183421327911745
15649595,2022-10-01 00:00:00,max_sharpe,$0-1,gte5,79.61099331767586,88.91473945611959,25.020526946147907
15649595,2022-10-01 00:00:00,max_sharpe,$0-1,lt5,44.62792909919926,55.884099990750684,36.90191640359993
15649595,2022-10-01 00:00:00,max_sharpe,$1-100,all,50.31266742674484,61.61350525518128,33.749037296626206
15649595,2022-10-01 00:00:00,max_sharpe,$1-100,gte5,77.92354693194568,88.01811787992565,23.452650171191255
15649595,2022-10-01 00:00:00,max_sharpe,$1-100,lt5,48.599407378614735,58.02839596592639,33.54554800793698
15649595,2022-10-01 00:00:00,max_sharpe,$100-1K,all,48.144648819999816,53.20892689544773,33.23564610252159
15649595,2022-10-01 00:00:00,max_sharpe,$100-1K,gte5,73.39115868221641,82.24520510020247,24.153861319760235
15649595,2022-10-01 00:00:00,max_sharpe,$100-1K,lt5,43.868594238100535,45.204770304683294,32.659538082456365
15649595,2022-10-01 00:00:00,max_sharpe,$10K+,all,53.904818142230326,69.27649242136911,36.56354854669397
15649595,2022-10-01 00:00:00,max_sharpe,$10K+,gte5,74.51983054086143,87.93069356799504,27.9856536926502
15649595,2022-10-01 00:00:00,max_sharpe,$10K+,lt5,43.99353660699795,43.485416110979045,36.06316840377307
15649595,2022-10-01 00:00:00,max_sharpe,$1K-10K,all,50.251275755704896,57.78357234769985,35.21790383462681
15649595,2022-10-01 00:00:00,max_sharpe,$1K-10K,gte5,70.78084768734408,81.3071511444417,26.964004163347123
15649595,2022-10-01 00:00:00,max_sharpe,$1K-10K,lt5,41.773599154978875,39.84786056469857,34.73230042804872
15649595,2022-10-01 00:00:00,max_sharpe,OVERALL,all,49.37467142692135,58.70485048698152,34.43591192495993
15649595,2022-10-01 00:00:00,max_sharpe,OVERALL,gte5,74.02125973667088,84.76188574973929,25.569289619336434
15649595,2022-10-01 00:00:00,max_sharpe,OVERALL,lt5,45.97887735587106,51.422328549547004,34.11613650362166
15649595,2022-10-01 00:00:00,safer_risk,$0-1,all,7.760023902783387,6.768951510416343e-08,18.64751672604612
15649595,2022-10-01 00:00:00,safer_risk,$0-1,gte5,54.843021515966534,61.93961244149509,25.0744918995765
15649595,2022-10-01 00:00:00,safer_risk,$0-1,lt5,5.351197271494256,5.3264850863321556e-08,14.633440606110259
15649595,2022-10-01 00:00:00,safer_risk,$1-100,all,8.833212518303965,7.421915304561821e-08,19.387355939058292
15649595,2022-10-01 00:00:00,safer_risk,$1-100,gte5,48.912867329928226,48.222963514739604,23.031794584892257
15649595,2022-10-01 00:00:00,safer_risk,$1-100,lt5,6.346262715829632,6.239845307121072e-08,16.137419056136583
15649595,2022-10-01 00:00:00,safer_risk,$100-1K,all,14.300057533476256,3.707876214398276e-07,22.52215907844766
15649595,2022-10-01 00:00:00,safer_risk,$100-1K,gte5,46.596641615731166,45.86484203974156,21.703195813400537
15649595,2022-10-01 00:00:00,safer_risk,$100-1K,lt5,8.829917023032857,1.499640842062e-07,17.51551345485259
15649595,2022-10-01 00:00:00,safer_risk,$10K+,all,22.761745124180674,6.933755959373911,28.310310692718584
15649595,2022-10-01 00:00:00,safer_risk,$10K+,gte5,50.27052744754141,50.965151232732026,25.43545761058183
15649595,2022-10-01 00:00:00,safer_risk,$10K+,lt5,9.536078264220107,1.7089028941930096e-07,18.35813681573345
15649595,2022-10-01 00:00:00,safer_risk,$1K-10K,all,23.044406553916378,9.75561097183229,27.514759869035792
15649595,2022-10-01 00:00:00,safer_risk,$1K-10K,gte5,50.1832834824519,50.51930814603891,23.28473660737167
15649595,2022-10-01 00:00:00,safer_risk,$1K-10K,lt5,11.837420715480516,2.726167649264033e-07,20.397476279288085
15649595,2022-10-01 00:00:00,safer_risk,OVERALL,all,12.535915863686173,1.4412762164295323e-07,22.398668529161487
15649595,2022-10-01 00:00:00,safer_risk,OVERALL,gte5,49.02901816888795,49.027895694491704,23.203827964902906
15649595,2022-10-01 00:00:00,safer_risk,OVERALL,lt5,7.507915278582213,8.705705600853264e-08,16.96683383759323
15871480,2022-11-01 00:00:00,better_return,$0-1,all,29.92100891095751,6.5596917700590645,34.99605331745167
15871480,2022-11-01 00:00:00,better_return,$0-1,gte5,59.79072676477274,61.97839984462746,27.133994713945263
15871480,2022-11-01 00:00:00,better_return,$0-1,lt5,28.395767610693284,2.2511552663784373,34.66674882761164
15871480,2022-11-01 00:00:00,better_return,$1-100,all,20.16036826624225,0.0024248914794522793,28.535252540905642
15871480,2022-11-01 00:00:00,better_return,$1-100,gte5,56.091109221987644,56.555486165784494,28.16542701588355
15871480,2022-11-01 00:00:00,better_return,$1-100,lt5,17.90080052861493,1.4472076772381604e-05,27.005301020777257
15871480,2022-11-01 00:00:00,better_return,$100-1K,all,25.25832885909309,12.404536343699597,29.440270768634093
15871480,2022-11-01 00:00:00,better_return,$100-1K,gte5,53.61164482142611,53.172632547459884,26.504948757739037
15871480,2022-11-01 00:00:00,better_return,$100-1K,lt5,20.49435230208014,5.273718638930907,27.139498765737805
15871480,2022-11-01 00:00:00,better_return,$10K+,all,33.54597690572497,26.427760424884497,32.3714974351493
15871480,2022-11-01 00:00:00,better_return,$10K+,gte5,57.120893966092154,59.33528184578451,27.698987807735364
15871480,2022-11-01 00:00:00,better_return,$10K+,lt5,22.309187899849675,7.857109830431798,28.11637683697119
15871480,2022-11-01 00:00:00,better_return,$1K-10K,all,31.962508706197298,24.20292841914529,31.18113979593964
15871480,2022-11-01 00:00:00,better_return,$1K-10K,gte5,53.43672444112627,53.554698511144785,26.732564927494295
15871480,2022-11-01 00:00:00,better_return,$1K-10K,lt5,23.19410474132827,9.08945775387518,28.50058542415491
15871480,2022-11-01 00:00:00,better_return,OVERALL,all,24.922056799074113,8.412416604479453,30.579664151464275
15871480,2022-11-01 00:00:00,better_return,OVERALL,gte5,54.82937374392464,55.49462321231674,27.16924438060233
15871480,2022-11-01 00:00:00,better_return,OVERALL,lt5,20.744287427086412,1.36158454366242,28.639626825976546
15871480,2022-11-01 00:00:00,max_sharpe,$0-1,all,43.91724961719609,46.85468718665784,37.32455773330921
15871480,2022-11-01 00:00:00,max_sharpe,$0-1,gte5,73.57456972052229,80.80579840555808,24.521103715475018
15871480,2022-11-01 00:00:00,max_sharpe,$0-1,lt5,42.40285401097943,41.44070403304971,37.233741889451764
15871480,2022-11-01 00:00:00,max_sharpe,$1-100,all,48.16803442426598,54.13456193574211,33.232400289197294
15871480,2022-11-01 00:00:00,max_sharpe,$1-100,gte5,74.97423577938287,83.3110250702648,23.464503258555958
15871480,2022-11-01 00:00:00,max_sharpe,$1-100,lt5,46.4822793816698,50.45068282221021,33.03316005855522
15871480,2022-11-01 00:00:00,max_sharpe,$100-1K,all,48.18670784885767,53.230177133535,32.55744886916336
15871480,2022-11-01 00:00:00,max_sharpe,$100-1K,gte5,71.63322836049647,78.75133794245258,23.64735648847957
15871480,2022-11-01 00:00:00,max_sharpe,$100-1K,lt5,44.247180133321294,46.007100361738395,32.19074037946339
15871480,2022-11-01 00:00:00,max_sharpe,$10K+,all,57.55225555189429,76.24290314937225,35.28954756847547
15871480,2022-11-01 00:00:00,max_sharpe,$10K+,gte5,76.26746660286878,88.005503255154,25.801333244330916
15871480,2022-11-01 00:00:00,max_sharpe,$10K+,lt5,48.63180517483789,58.127259468248646,35.70880046950866
15871480,2022-11-01 00:00:00,max_sharpe,$1K-10K,all,49.512737584389086,55.26874748855273,34.23714191512666
15871480,2022-11-01 00:00:00,max_sharpe,$1K-10K,gte5,68.41286303078455,76.13677381254323,26.134243659143255
15871480,2022-11-01 00:00:00,max_sharpe,$1K-10K,lt5,41.79539242280841,39.596089307296864,34.15424491088897
15871480,2022-11-01 00:00:00,max_sharpe,OVERALL,all,48.25076849431997,54.51715717420913,33.93703118943987
15871480,2022-11-01 00:00:00,max_sharpe,OVERALL,gte5,72.03445492861171,80.38240287285713,24.873082690738975
15871480,2022-11-01 00:00:00,max_sharpe,OVERALL,lt5,44.92841239927589,47.240734276370475,33.7065078882326
15871480,2022-11-01 00:00:00,safer_risk,$0-1,all,7.918606368882066,1.181991497734014e-07,18.000813647211082
15871480,2022-11-01 00:00:00,safer_risk,$0-1,gte5,53.11734352701812,56.36909442006347,23.182032675815353
15871480,2022-11-01 00:00:00,safer_risk,$0-1,lt5,5.610617355702613,9.577900764168312e-08,14.264979093510727
15871480,2022-11-01 00:00:00,safer_risk,$1-100,all,8.570973061285526,1.490137097048816e-07,18.893828844950416
15871480,2022-11-01 00:00:00,safer_risk,$1-100,gte5,47.44617382876811,46.82247602928816,22.347988808689834
15871480,2022-11-01 00:00:00,safer_risk,$1-100,lt5,6.126237798069571,1.1447035958012108e-07,15.716302852856684
15871480,2022-11-01 00:00:00,safer_risk,$100-1K,all,13.53975873353921,2.246063987576541e-07,21.380910695266216
15871480,2022-11-01 00:00:00,safer_risk,$100-1K,gte5,44.66166737850995,43.77613494440842,20.62153383664919
15871480,2022-11-01 00:00:00,safer_risk,$100-1K,lt5,8.31059811644931,9.82050756687114e-08,16.505067669525243
15871480,2022-11-01 00:00:00,safer_risk,$10K+,all,22.729913952017604,7.831362877419654,27.628378715885
15871480,2022-11-01 00:00:00,safer_risk,$10K+,gte5,50.074431123729156,51.09680276221857,23.62781838672152
15871480,2022-11-01 00:00:00,safer_risk,$10K+,lt5,9.696376267059554,1.5900055716500106e-07,18.297450602514658
15871480,2022-11-01 00:00:00,safer_risk,$1K-10K,all,21.496432898294785,9.254901403330406,25.72059043891132
15871480,2022-11-01 00:00:00,safer_risk,$1K-10K,gte5,47.1136867357152,47.36420724423738,21.576524247873206
15871480,2022-11-01 00:00:00,safer_risk,$1K-10K,lt5,11.036333545202572,1.8863081444053797e-07,19.08425554236992
15871480,2022-11-01 00:00:00,safer_risk,OVERALL,all,12.145601707327856,1.746260178125958e-07,21.512528880569537
15871480,2022-11-01 00:00:00,safer_risk,OVERALL,gte5,47.09388262279994,47.05639552204295,21.912355927996988
15871480,2022-11-01 00:00:00,safer_risk,OVERALL,lt5,7.263657336272578,1.1248178222178495e-07,16.306890720695876
16086234,2022-12-01 00:00:00,better_return,$0-1,all,28.53387355954613,6.975760567056846,33.709682391509794
16086234,2022-12-01 00:00:00,better_return,$0-1,gte5,55.580998549217746,60.44441405045331,30.411299210412096
16086234,2022-12-01 00:00:00,better_return,$0-1,lt5,27.133979860365674,3.5796251135013373,33.27864974122497
16086234,2022-12-01 00:00:00,better_return,$1-100,all,22.354040475500657,2.960344724985817,29.550531164001633
16086234,2022-12-01 00:00:00,better_return,$1-100,gte5,57.11403510044921,58.162277305311186,27.86295243224675
16086234,2022-12-01 00:00:00,better_return,$1-100,lt5,20.055074499307743,0.0019052758415044825,28.185904818586852
16086234,2022-12-01 00:00:00,better_return,$100-1K,all,27.26178850491694,15.435690786012424,29.960445385659245
16086234,2022-12-01 00:00:00,better_return,$100-1K,gte5,55.060189905907706,55.613521320358196,26.467920416695424
16086234,2022-12-01 00:00:00,better_return,$100-1K,lt5,22.114352185963998,8.09559185357935,27.650232454780376
16086234,2022-12-01 00:00:00,better_return,$10K+,all,34.9888319586106,28.22430463763374,32.63655352417102
16086234,2022-12-01 00:00:00,better_return,$10K+,gte5,57.72098635848693,60.27774007958718,28.359067814964412
16086234,2022-12-01 00:00:00,better_return,$10K+,lt5,24.232467332777652,9.759641120836973,28.781785977011918
16086234,2022-12-01 00:00:00,better_return,$1K-10K,all,34.3994183207897,27.139712821593555,32.16501345680232
16086234,2022-12-01 00:00:00,better_return,$1K-10K,gte5,57.19587991327478,59.08174219218863,27.32089546997242
16086234,2022-12-01 00:00:00,better_return,$1K-10K,lt5,24.44442257278578,10.653388477073317,28.885717288229227
16086234,2022-12-01 00:00:00,better_return,OVERALL,all,26.512302455370303,10.771118185504045,31.0253070680143
16086234,2022-12-01 00:00:00,better_return,OVERALL,gte5,56.48340598967237,58.19322089638595,27.487097066479716
16086234,2022-12-01 00:00:00,better_return,OVERALL,lt5,22.166217130537596,4.559936054265733,29.042134878063752
16086234,2022-12-01 00:00:00,max_sharpe,$0-1,all,43.904138916319624,50.92936090246203,37.49238470096291
16086234,2022-12-01 00:00:00,max_sharpe,$0-1,gte5,74.0021670284345,82.9591306379394,24.772886872463253
16086234,2022-12-01 00:00:00,max_sharpe,$0-1,lt5,42.346337858795124,43.208889998587104,37.38125195490188
16086234,2022-12-01 00:00:00,max_sharpe,$1-100,all,38.92034059898884,34.910847344273144,34.63674122577393
16086234,2022-12-01 00:00:00,max_sharpe,$1-100,gte5,75.82747148232883,85.12874491385844,23.873102796396992
16086234,2022-12-01 00:00:00,max_sharpe,$1-100,lt5,36.479366741104464,29.834777267738396,33.84241426578291
16086234,2022-12-01 00:00:00,max_sharpe,$100-1K,all,48.47727410031356,54.60982498448617,33.29314915663858
16086234,2022-12-01 00:00:00,max_sharpe,$100-1K,gte5,73.60827544599404,81.5958966417316,23.18586523435606
16086234,2022-12-01 00:00:00,max_sharpe,$100-1K,lt5,43.82376085714548,45.54519351484896,32.79536808488784
16086234,2022-12-01 00:00:00,max_sharpe,$10K+,all,56.534109240394486,76.92263119015499,36.382666572251516
16086234,2022-12-01 00:00:00,max_sharpe,$10K+,gte5,78.77764553376699,89.51208805411598,25.247292778838954
16086234,2022-12-01 00:00:00,max_sharpe,$10K+,lt5,46.008948152241494,50.108699547684864,36.104539638205395
16086234,2022-12-01 00:00:00,max_sharpe,$1K-10K,all,54.44214928757035,67.1718035671362,34.442689024207525
16086234,2022-12-01 00:00:00,max_sharpe,$1K-10K,gte5,74.46917857750074,84.16352323007925,24.462951509309825
16086234,2022-12-01 00:00:00,max_sharpe,$1K-10K,lt5,45.696538017261226,49.423535573216924,34.51638233013997
16086234,2022-12-01 00:00:00,max_sharpe,OVERALL,all,44.77713420413895,47.66631485668792,35.27708327757986
16086234,2022-12-01 00:00:00,max_sharpe,OVERALL,gte5,74.98222596644356,84.32697962959037,24.105746505877196
16086234,2022-12-01 00:00:00,max_sharpe,OVERALL,lt5,40.397118436847144,38.8548364914272,34.48458312391498
16086234,2022-12-01 00:00:00,safer_risk,$0-1,all,8.585998169411944,1.9820570601458698e-07,19.32667014199538
16086234,2022-12-01 00:00:00,safer_risk,$0-1,gte5,57.534346699064976,66.17858003524631,25.470687680279823
16086234,2022-12-01 00:00:00,safer_risk,$0-1,lt5,6.0525501701100595,1.6223221446787228e-07,15.127769013060963
16086234,2022-12-01 00:00:00,safer_risk,$1-100,all,9.075663654281927,6.858109635743403e-08,19.259306376778913
16086234,2022-12-01 00:00:00,safer_risk,$1-100,gte5,48.747668317416995,48.69921366350678,22.295308705366875
16086234,2022-12-01 00:00:00,safer_risk,$1-100,lt5,6.451825822544825,5.685106274633256e-08,15.861895410064069
16086234,2022-12-01 00:00:00,safer_risk,$100-1K,all,15.33371064150024,4.360114908008583e-07,23.017901953153782
16086234,2022-12-01 00:00:00,safer_risk,$100-1K,gte5,47.73667291785293,47.359918297143345,21.16832839953057
16086234,2022-12-01 00:00:00,safer_risk,$100-1K,lt5,9.333646736494009,1.2297454790588525e-07,17.7351821400207
16086234,2022-12-01 00:00:00,safer_risk,$10K+,all,23.20545106099684,9.236105746462945,28.000326446721065
16086234,2022-12-01 00:00:00,safer_risk,$10K+,gte5,51.5062129235445,52.0918764824401,24.051284790101626
16086234,2022-12-01 00:00:00,safer_risk,$10K+,lt5,9.814141622060118,3.082651162111816e-07,17.97141225616064
16086234,2022-12-01 00:00:00,safer_risk,$1K-10K,all,24.412477641839793,12.589302208744341,27.852261305041814
16086234,2022-12-01 00:00:00,safer_risk,$1K-10K,gte5,52.07265066466261,52.80174709901442,22.35203927208783
16086234,2022-12-01 00:00:00,safer_risk,$1K-10K,lt5,12.333545842966856,3.6160824855302476e-07,20.40412765151667
16086234,2022-12-01 00:00:00,safer_risk,OVERALL,all,13.178967899333607,1.5093267989596537e-07,22.656478301292285
16086234,2022-12-01 00:00:00,safer_risk,OVERALL,gte5,50.195711361613114,50.36597626843202,22.49942705178593
16086234,2022-12-01 00:00:00,safer_risk,OVERALL,lt5,7.811200064212406,8.52570278264686e-08,16.93618208275763
16308190,2023-01-01 00:00:00,better_return,$0-1,all,29.010700574410162,20.741399845190134,30.623170246580603
16308190,2023-01-01 00:00:00,better_return,$0-1,gte5,54.24261411201914,56.780798662248266,30.35602143113066
16308190,2023-01-01 00:00:00,better_return,$0-1,lt5,27.701494246899518,16.888375840864768,30.064564670610935
16308190,2023-01-01 00:00:00,better_return,$1-100,all,21.95157763605069,2.115085565438636,29.682880319867152
16308190,2023-01-01 00:00:00,better_return,$1-100,gte5,59.55281773058315,61.69197335216779,28.88953305825775
16308190,2023-01-01 00:00:00,better_return,$1-100,lt5,19.326383686958184,0.0002640983048664511,27.90548255683021
16308190,2023-01-01 00:00:00,better_return,$100-1K,all,29.199350618267555,18.638790813652957,30.74082989741308
16308190,2023-01-01 00:00:00,better_return,$100-1K,gte5,57.1046996856296,58.257354438321904,27.26833232246178
16308190,2023-01-01 00:00:00,better_return,$100-1K,lt5,23.204340532844324,9.619987111319523,28.018599144011734
16308190,2023-01-01 00:00:00,better_return,$10K+,all,32.41738619845463,20.359073233975575,33.23633643665222
16308190,2023-01-01 00:00:00,better_return,$10K+,gte5,55.052625726704626,57.59162325635528,32.11763198379716
16308190,2023-01-01 00:00:00,better_return,$10K+,lt5,22.366113144660112,7.075581630597467,28.43563839894462
16308190,2023-01-01 00:00:00,better_return,$1K-10K,all,35.60141413116957,28.452744562740467,33.15883873232856
16308190,2023-01-01 00:00:00,better_return,$1K-10K,gte5,59.446863456319065,62.42002322688795,28.733857768697845
16308190,2023-01-01 00:00:00,better_return,$1K-10K,lt5,24.660037899546836,10.944729503169572,29.061328752365633
16308190,2023-01-01 00:00:00,better_return,OVERALL,all,26.707032505704674,11.678790381702562,31.02950697001053
16308190,2023-01-01 00:00:00,better_return,OVERALL,gte5,57.96019390569817,59.62342786912045,28.82956081192266
16308190,2023-01-01 00:00:00,better_return,OVERALL,lt5,22.05210049637658,4.9865396259024255,28.55336384677961
16308190,2023-01-01 00:00:00,max_sharpe,$0-1,all,33.904008279323314,10.473628340011784,36.695005582724384
16308190,2023-01-01 00:00:00,max_sharpe,$0-1,gte5,74.88081394521932,86.24449883349928,26.090707501153886
16308190,2023-01-01 00:00:00,max_sharpe,$0-1,lt5,31.77784796338051,7.714679765460649,35.90859612628731
16308190,2023-01-01 00:00:00,max_sharpe,$1-100,all,51.34139669319467,63.40385656102974,33.32327182681184
16308190,2023-01-01 00:00:00,max_sharpe,$1-100,gte5,76.92988686342923,87.21792195061727,23.822303597924336
16308190,2023-01-01 00:00:00,max_sharpe,$1-100,lt5,49.55489312596039,59.926207303678325,33.15782647189866
16308190,2023-01-01 00:00:00,max_sharpe,$100-1K,all,48.48788312353087,54.487765898614036,33.900415883248215
16308190,2023-01-01 00:00:00,max_sharpe,$100-1K,gte5,74.43213073275201,83.20799012066915,23.53455824518405
16308190,2023-01-01 00:00:00,max_sharpe,$100-1K,lt5,42.91418376931233,43.507170562327296,33.18842266845666
16308190,2023-01-01 00:00:00,max_sharpe,$10K+,all,46.144481691900296,46.15062075394134,37.7124515851416
16308190,2023-01-01 00:00:00,max_sharpe,$10K+,gte5,71.35083869137382,87.82529528826588,31.26382134466297
16308190,2023-01-01 00:00:00,max_sharpe,$10K+,lt5,34.95149314071079,23.283504671785952,34.81860422139132
16308190,2023-01-01 00:00:00,max_sharpe,$1K-10K,all,53.10524381781504,66.0790960740359,35.77723030230722
16308190,2023-01-01 00:00:00,max_sharpe,$1K-10K,gte5,75.42273631126373,86.04030355238729,25.391023737899566
16308190,2023-01-01 00:00:00,max_sharpe,$1K-10K,lt5,42.86496364579489,42.21685841232741,35.18691648142654
16308190,2023-01-01 00:00:00,max_sharpe,OVERALL,all,48.239267301426544,56.50355177224873,34.94696149102916
16308190,2023-01-01 00:00:00,max_sharpe,OVERALL,gte5,74.9819482724227,85.60227388745082,25.243527689345132
16308190,2023-01-01 00:00:00,max_sharpe,OVERALL,lt5,44.256138680487574,47.48166060488499,34.436842884669495
16308190,2023-01-01 00:00:00,safer_risk,$0-1,all,7.925983543255249,1.408783881218234e-07,19.54842299981383
16308190,2023-01-01 00:00:00,safer_risk,$0-1,gte5,56.0758015222434,61.52204932800207,25.577203048310917
16308190,2023-01-01 00:00:00,safer_risk,$0-1,lt5,5.427637697522394,1.308371251618201e-07,15.53992989626307
16308190,2023-01-01 00:00:00,safer_risk,$1-100,all,8.714114550024497,9.591795968599826e-08,18.452101229376954
16308190,2023-01-01 00:00:00,safer_risk,$1-100,gte5,46.67457056022241,46.06647939939691,22.10960507291445
16308190,2023-01-01 00:00:00,safer_risk,$1-100,lt5,6.063841336369101,8.705391407737295e-08,14.916203969157422
16308190,2023-01-01 00:00:00,safer_risk,$100-1K,all,17.17111231839005,2.377407479214888e-06,24.255066266169656
16308190,2023-01-01 00:00:00,safer_risk,$100-1K,gte5,48.55581193477783,48.32689702766986,21.384135312432022
16308190,2023-01-01 00:00:00,safer_risk,$100-1K,lt5,10.428620394206131,2.635716159216095e-07,18.95746080526144
16308190,2023-01-01 00:00:00,safer_risk,$10K+,all,22.59660617497254,6.112340335449194,28.561827496080177
16308190,2023-01-01 00:00:00,safer_risk,$10K+,gte5,51.23089898581825,52.090208760432304,25.846041585377826
16308190,2023-01-01 00:00:00,safer_risk,$10K+,lt5,9.881428348605223,1.1676664704585171e-07,18.858090658337076
16308190,2023-01-01 00:00:00,safer_risk,$1K-10K,all,25.294110948934875,13.105524544544746,28.628543628456065
16308190,2023-01-01 00:00:00,safer_risk,$1K-10K,gte5,52.99381922619402,53.99923083867951,23.009938640415722
16308190,2023-01-01 00:00:00,safer_risk,$1K-10K,lt5,12.58422548462364,5.566309749932552e-07,20.95520118629841
16308190,2023-01-01 00:00:00,safer_risk,OVERALL,all,13.179975528573166,1.9189728139856754e-07,22.810778389855813
16308190,2023-01-01 00:00:00,safer_risk,OVERALL,gte5,50.0406186348114,50.22080621135157,22.927455885584394
16308190,2023-01-01 00:00:00,safer_risk,OVERALL,lt5,7.689849736701136,1.1868897392686151e-07,16.941836108433982
16530248,2023-02-01 00:00:00,better_return,$0-1,all,23.03602564464913,13.35775905549314,27.36825144420295
16530248,2023-02-01 00:00:00,better_return,$0-1,gte5,52.13755178794648,43.48276415360532,31.458840811730806
16530248,2023-02-01 00:00:00,better_return,$0-1,lt5,21.53805221561641,13.357759055492673,26.283067265677623
16530248,2023-02-01 00:00:00,better_return,$1-100,all,29.76883146667907,13.8485689744881,33.19164633137975
16530248,2023-02-01 00:00:00,better_return,$1-100,gte5,55.84356304880201,55.866483377942316,27.28737366798045
16530248,2023-02-01 00:00:00,better_return,$1-100,lt5,28.075561741449093,10.113005894165097,32.83071648731592
16530248,2023-02-01 00:00:00,better_return,$100-1K,all,26.977875275009072,17.06107689543741,29.016734130988944
16530248,2023-02-01 00:00:00,better_return,$100-1K,gte5,51.82072413244218,50.62355290981464,24.77785543677167
16530248,2023-02-01 00:00:00,better_return,$100-1K,lt5,22.283095452219055,9.45769977301001,27.32016859473627
16530248,2023-02-01 00:00:00,better_return,$10K+,all,33.48282686507101,27.6853812740812,31.767124051738428
16530248,2023-02-01 00:00:00,better_return,$10K+,gte5,57.72528700072401,59.326749712822846,25.7968829053075
16530248,2023-02-01 00:00:00,better_return,$10K+,lt5,21.709113437473466,6.848464261287523,27.422954804978374
16530248,2023-02-01 00:00:00,better_return,$1K-10K,all,33.83332082949289,29.46215873787908,30.73129543915102
16530248,2023-02-01 00:00:00,better_return,$1K-10K,gte5,55.35055942792768,55.66611842552869,24.6027435199253
16530248,2023-02-01 00:00:00,better_return,$1K-10K,lt5,24.60437898017834,12.456255274112069,28.392074352253555
16530248,2023-02-01 00:00:00,better_return,OVERALL,all,28.97179337849944,17.24134009856239,31.249698038948267
16530248,2023-02-01 00:00:00,better_return,OVERALL,gte5,54.55254664394453,54.35451096382713,25.83255417370107
16530248,2023-02-01 00:00:00,better_return,OVERALL,lt5,25.146809011834662,10.354892275822438,30.17124705848998
16530248,2023-02-01 00:00:00,max_sharpe,$0-1,all,45.46253186752155,54.738647275057374,35.36102333403599
16530248,2023-02-01 00:00:00,max_sharpe,$0-1,gte5,70.84056731356738,72.53621956077443,24.351679168098563
16530248,2023-02-01 00:00:00,max_sharpe,$0-1,lt5,44.15622158702154,50.61198467299566,35.34663060414852
16530248,2023-02-01 00:00:00,max_sharpe,$1-100,all,47.05180338214449,50.637316884194846,32.109183799499505
16530248,2023-02-01 00:00:00,max_sharpe,$1-100,gte5,67.82335686677888,70.92221165710514,22.975933382720758
16530248,2023-02-01 00:00:00,max_sharpe,$1-100,lt5,45.702917294832346,47.88888172033617,32.15327942019998
16530248,2023-02-01 00:00:00,max_sharpe,$100-1K,all,43.56076022839868,43.679852114399615,30.05059123728883
16530248,2023-02-01 00:00:00,max_sharpe,$100-1K,gte5,62.7586233160603,63.729670810076634,22.146099632385283
16530248,2023-02-01 00:00:00,max_sharpe,$100-1K,lt5,39.93276487320127,38.237476291023356,29.96993825256667
16530248,2023-02-01 00:00:00,max_sharpe,$10K+,all,54.61417606370108,64.13818091430153,33.33418028076126
16530248,2023-02-01 00:00:00,max_sharpe,$10K+,gte5,72.92776448079553,78.38616405645118,22.1769459221878
16530248,2023-02-01 00:00:00,max_sharpe,$10K+,lt5,45.719907881045295,47.33546962428604,34.204899096285345
16530248,2023-02-01 00:00:00,max_sharpe,$1K-10K,all,49.86922418290888,53.744292802299896,30.67104605191479
16530248,2023-02-01 00:00:00,max_sharpe,$1K-10K,gte5,65.57576340358322,67.45934421630918,21.521072671462697
16530248,2023-02-01 00:00:00,max_sharpe,$1K-10K,lt5,43.132544824242196,42.44719758462937,31.533320135071797
16530248,2023-02-01 00:00:00,max_sharpe,OVERALL,all,46.773986034772555,49.927139563150675,32.04600147445604
16530248,2023-02-01 00:00:00,max_sharpe,OVERALL,gte5,66.4163166756013,68.75658925245936,22.490437874518726
16530248,2023-02-01 00:00:00,max_sharpe,OVERALL,lt5,43.836949472697654,44.12746875786949,32.22657039770533
16530248,2023-02-01 00:00:00,safer_risk,$0-1,all,6.833201903122262,5.4305121337250295e-08,17.84611807740657
16530248,2023-02-01 00:00:00,safer_risk,$0-1,gte5,51.28648982451035,57.1201858186148,24.440538559231122
16530248,2023-02-01 00:00:00,safer_risk,$0-1,lt5,4.54501111163287,4.4103327934141845e-08,14.042001891616675
16530248,2023-02-01 00:00:00,safer_risk,$1-100,all,8.153512387245941,6.850869871399823e-08,17.636683885706994
16530248,2023-02-01 00:00:00,safer_risk,$1-100,gte5,45.71209836978026,45.04621647500589,21.497561776631496
16530248,2023-02-01 00:00:00,safer_risk,$1-100,lt5,5.714491438310419,5.767547273105578e-08,14.271862464359875
16530248,2023-02-01 00:00:00,safer_risk,$100-1K,all,14.506758398301391,4.638334293038948e-07,21.26235391983873
16530248,2023-02-01 00:00:00,safer_risk,$100-1K,gte5,43.45293702615096,42.647222643439534,19.450175001683434
16530248,2023-02-01 00:00:00,safer_risk,$100-1K,lt5,9.03653490868569,1.341140469512947e-07,16.66628784732518
16530248,2023-02-01 00:00:00,safer_risk,$10K+,all,22.542669814559282,9.89929243062021,26.559065082594827
16530248,2023-02-01 00:00:00,safer_risk,$10K+,gte5,49.258664768663266,50.54029863111008,21.841917942259567
16530248,2023-02-01 00:00:00,safer_risk,$10K+,lt5,9.567647198757802,1.2417015818333432e-07,17.35733504538625
16530248,2023-02-01 00:00:00,safer_risk,$1K-10K,all,22.129730018617582,12.176997071859283,25.118826799519866
16530248,2023-02-01 00:00:00,safer_risk,$1K-10K,gte5,47.025429072961046,47.21667132839692,20.09616998466537
16530248,2023-02-01 00:00:00,safer_risk,$1K-10K,lt5,11.45173535775597,2.8930397736038113e-07,18.668292735765426
16530248,2023-02-01 00:00:00,safer_risk,OVERALL,all,12.205731714067829,1.1862959503616821e-07,21.02872926833562
16530248,2023-02-01 00:00:00,safer_risk,OVERALL,gte5,46.18597029979778,46.10421065714192,20.788210606405446
16530248,2023-02-01 00:00:00,safer_risk,OVERALL,lt5,7.124807004101639,7.623011284707548e-08,15.660287332051192
16730072,2023-03-01 00:00:00,better_return,$0-1,all,21.860995416495197,12.100856019736625,27.037646783874887
16730072,2023-03-01 00:00:00,better_return,$0-1,gte5,55.89636687653509,54.51421099518284,27.497685476826565
16730072,2023-03-01 00:00:00,better_return,$0-1,lt5,20.127069375640083,9.845646464301236,25.8405995755739
16730072,2023-03-01 00:00:00,better_return,$1-100,all,27.340562888091906,11.944350620736282,31.6751471128007
16730072,2023-03-01 00:00:00,better_return,$1-100,gte5,50.31014743341755,49.10000140823866,26.310147746876908
16730072,2023-03-01 00:00:00,better_return,$1-100,lt5,25.91084586260687,8.731689568444855,31.429204054913804
16730072,2023-03-01 00:00:00,better_return,$100-1K,all,25.374715425077028,15.348243422591098,27.92220982074292
16730072,2023-03-01 00:00:00,better_return,$100-1K,gte5,48.6526734158769,46.94919375498508,24.101303346457982
16730072,2023-03-01 00:00:00,better_return,$100-1K,lt5,21.13982328315719,8.217544447179431,26.444271271991084
16730072,2023-03-01 00:00:00,better_return,$10K+,all,33.71329171061517,28.541661502955606,31.085900571955825
16730072,2023-03-01 00:00:00,better_return,$10K+,gte5,56.45759904742163,57.86535433554096,24.889278841984666
16730072,2023-03-01 00:00:00,better_return,$10K+,lt5,22.725290237824694,9.115713804389964,27.627088084988763
16730072,2023-03-01 00:00:00,better_return,$1K-10K,all,32.227156017830886,27.418083234681045,29.56080472664203
16730072,2023-03-01 00:00:00,better_return,$1K-10K,gte5,52.41628570818399,52.098416727653856,23.84698733926479
16730072,2023-03-01 00:00:00,better_return,$1K-10K,lt5,23.825744063923015,11.897824410864256,27.579529855748156
16730072,2023-03-01 00:00:00,better_return,OVERALL,all,27.197214275685074,15.662566813402856,30.059901946721038
16730072,2023-03-01 00:00:00,better_return,OVERALL,gte5,51.617036788183064,50.84414635268318,24.893820814500312
16730072,2023-03-01 00:00:00,better_return,OVERALL,lt5,23.594049770307855,9.172055806901643,29.060548104660267
16730072,2023-03-01 00:00:00,max_sharpe,$0-1,all,37.07778776935594,26.234460235593005,30.872431008090906
16730072,2023-03-01 00:00:00,max_sharpe,$0-1,gte5,66.71857498262445,64.54746231058557,22.546522898217063
16730072,2023-03-01 00:00:00,max_sharpe,$0-1,lt5,35.56774305364376,26.234460235593005,30.475027619856824
16730072,2023-03-01 00:00:00,max_sharpe,$1-100,all,36.97308214638935,38.019992016273896,26.778406155144605
16730072,2023-03-01 00:00:00,max_sharpe,$1-100,gte5,60.85170345063547,61.35323644439775,21.657840485087508
16730072,2023-03-01 00:00:00,max_sharpe,$1-100,lt5,35.48678310791856,38.01999201627389,26.359463246153087
16730072,2023-03-01 00:00:00,max_sharpe,$100-1K,all,41.232277681287336,39.865483987088865,27.35425105691361
16730072,2023-03-01 00:00:00,max_sharpe,$100-1K,gte5,58.00192283018613,57.72996257370508,20.66511160668994
16730072,2023-03-01 00:00:00,max_sharpe,$100-1K,lt5,38.18142423048537,35.53556861895883,27.31707717698346
16730072,2023-03-01 00:00:00,max_sharpe,$10K+,all,55.17260911086091,61.132551543903965,30.47650452191772
16730072,2023-03-01 00:00:00,max_sharpe,$10K+,gte5,70.66985293635923,73.47969086631372,20.75315638532
16730072,2023-03-01 00:00:00,max_sharpe,$10K+,lt5,47.68573622187201,48.7653020555654,31.581494303975628
16730072,2023-03-01 00:00:00,max_sharpe,$1K-10K,all,47.569986021303095,48.913799076298005,27.95112763303391
16730072,2023-03-01 00:00:00,max_sharpe,$1K-10K,gte5,61.573309098466616,62.000782477485906,20.072144054546154
16730072,2023-03-01 00:00:00,max_sharpe,$1K-10K,lt5,41.742707297588154,40.0,28.690825340411468
16730072,2023-03-01 00:00:00,max_sharpe,OVERALL,all,40.52191416278302,38.019992016273896,28.304274035405303
16730072,2023-03-01 00:00:00,max_sharpe,OVERALL,gte5,61.875263153863024,62.10158083344106,21.17161846986973
16730072,2023-03-01 00:00:00,max_sharpe,OVERALL,lt5,37.37121029848559,36.706253813720586,27.856721374114304
16730072,2023-03-01 00:00:00,safer_risk,$0-1,all,5.69530159752907,8.743571630609459e-08,15.718718359489745
16730072,2023-03-01 00:00:00,safer_risk,$0-1,gte5,42.18234265281868,38.70349643888328,24.60297930180101
16730072,2023-03-01 00:00:00,safer_risk,$0-1,lt5,3.83647567832923,8.248153271495084e-08,12.551939285963579
16730072,2023-03-01 00:00:00,safer_risk,$1-100,all,7.839048392249643,1.9296176878569327e-07,17.323276340410988
16730072,2023-03-01 00:00:00,safer_risk,$1-100,gte5,44.71038776412483,44.01231585904823,21.287651785728567
16730072,2023-03-01 00:00:00,safer_risk,$1-100,lt5,5.544031625691077,1.4555963934181904e-07,14.166197444863412
16730072,2023-03-01 00:00:00,safer_risk,$100-1K,all,13.836849021321749,7.641012572667805e-07,20.759772709226755
16730072,2023-03-01 00:00:00,safer_risk,$100-1K,gte5,42.64203624726853,41.74091423649812,19.364130904333862
16730072,2023-03-01 00:00:00,safer_risk,$100-1K,lt5,8.596403915359124,2.176663176089999e-07,16.209313763701992
16730072,2023-03-01 00:00:00,safer_risk,$10K+,all,22.30343187780833,9.701982306670804,26.247777316373394
16730072,2023-03-01 00:00:00,safer_risk,$10K+,gte5,48.6558103957972,49.97924301560756,21.65703825651686
16730072,2023-03-01 00:00:00,safer_risk,$10K+,lt5,9.572335270675953,1.895204659874139e-07,17.25154387362836
16730072,2023-03-01 00:00:00,safer_risk,$1K-10K,all,21.24039534274531,10.768785833580582,24.52200781574885
16730072,2023-03-01 00:00:00,safer_risk,$1K-10K,gte5,45.909337654327366,45.96556868070221,19.80524313264914
16730072,2023-03-01 00:00:00,safer_risk,$1K-10K,lt5,10.974774684227256,4.731272634089789e-07,18.157927969729233
16730072,2023-03-01 00:00:00,safer_risk,OVERALL,all,11.724396827817527,4.1170730019635116e-07,20.50451426005106
16730072,2023-03-01 00:00:00,safer_risk,OVERALL,gte5,44.910171275422385,44.56173455591973,20.59150157507169
16730072,2023-03-01 00:00:00,safer_risk,OVERALL,lt5,6.827809045008469,1.6182469045333825e-07,15.278549870498589
16950603,2023-04-01 00:00:00,better_return,$0-1,all,23.362958894010102,14.748680827020328,27.613968309721738
16950603,2023-04-01 00:00:00,better_return,$0-1,gte5,56.28521433978591,52.563323187699275,29.95170546241487
16950603,2023-04-01 00:00:00,better_return,$0-1,lt5,21.682591049333695,14.748680827020328,26.410591859776883
16950603,2023-04-01 00:00:00,better_return,$1-100,all,20.130487050798923,1.7359655683779618e-05,29.05881446077618
16950603,2023-04-01 00:00:00,better_return,$1-100,gte5,57.446258088561706,59.605680685234795,28.479926398292285
16950603,2023-04-01 00:00:00,better_return,$1-100,lt5,17.677807889444942,3.579936760228497e-06,27.369056423143547
16950603,2023-04-01 00:00:00,better_return,$100-1K,all,27.34705467694362,15.102947503109371,30.56320919609112
16950603,2023-04-01 00:00:00,better_return,$100-1K,gte5,56.94322690505159,58.40584380502354,26.540812354758227
16950603,2023-04-01 00:00:00,better_return,$100-1K,lt5,21.695533010070143,6.4046319006755885,27.906428127172905
16950603,2023-04-01 00:00:00,better_return,$10K+,all,34.275410508709044,24.32089781068896,33.98669367698778
16950603,2023-04-01 00:00:00,better_return,$10K+,gte5,58.826250289679564,62.623242575632204,29.416562830002906
16950603,2023-04-01 00:00:00,better_return,$10K+,lt5,21.98140294812322,4.132219417633904,29.107200543011697
16950603,2023-04-01 00:00:00,better_return,$1K-10K,all,34.26090205514672,26.60692290760167,32.79866511984363
16950603,2023-04-01 00:00:00,better_return,$1K-10K,gte5,59.68188852501188,62.49237769818288,26.9116559466193
16950603,2023-04-01 00:00:00,better_return,$1K-10K,lt5,23.229246200339592,8.995530535303859,28.74306688377967
16950603,2023-04-01 00:00:00,better_return,OVERALL,all,25.021769601298594,9.843064392946346,30.5384277942736
16950603,2023-04-01 00:00:00,better_return,OVERALL,gte5,58.142671453491054,60.343395266543254,27.651505639637968
16950603,2023-04-01 00:00:00,better_return,OVERALL,lt5,19.99142019038113,1.4101005178609924,27.680239714374295
16950603,2023-04-01 00:00:00,max_sharpe,$0-1,all,36.48233159059987,31.186763971917497,35.53847049738473
16950603,2023-04-01 00:00:00,max_sharpe,$0-1,gte5,66.42133284502975,80.04647540901152,29.71327131518592
16950603,2023-04-01 00:00:00,max_sharpe,$0-1,lt5,34.95423048305177,26.153518572957196,35.13261560619931
16950603,2023-04-01 00:00:00,max_sharpe,$1-100,all,49.35904385586863,58.437296505510695,33.55027080175021
16950603,2023-04-01 00:00:00,max_sharpe,$1-100,gte5,74.61012387403417,83.7885170788565,24.28863002379494
16950603,2023-04-01 00:00:00,max_sharpe,$1-100,lt5,47.699348878654725,55.07754995548211,33.40907986470858
16950603,2023-04-01 00:00:00,max_sharpe,$100-1K,all,48.7636037851823,54.75573164650718,33.142739596205416
16950603,2023-04-01 00:00:00,max_sharpe,$100-1K,gte5,73.5521846811519,81.05644576832609,22.90716211056679
16950603,2023-04-01 00:00:00,max_sharpe,$100-1K,lt5,44.03011321941354,45.958330086508255,32.684103577844496
16950603,2023-04-01 00:00:00,max_sharpe,$10K+,all,56.368334167954416,72.88982203487912,35.53391586763742
16950603,2023-04-01 00:00:00,max_sharpe,$10K+,gte5,76.93400656046845,87.83519764351936,25.331124684264562
16950603,2023-04-01 00:00:00,max_sharpe,$10K+,lt5,46.06992750904772,49.90019802544458,35.43699240066511
16950603,2023-04-01 00:00:00,max_sharpe,$1K-10K,all,54.679387823115086,66.89350826669025,34.19026226849069
16950603,2023-04-01 00:00:00,max_sharpe,$1K-10K,gte5,75.78928754241059,83.9168375579317,22.794902334680053
16950603,2023-04-01 00:00:00,max_sharpe,$1K-10K,lt5,45.518565165472815,49.1081169798929,34.25593441038723
16950603,2023-04-01 00:00:00,max_sharpe,OVERALL,all,48.64162768618673,55.82433081350704,34.322737789989375
16950603,2023-04-01 00:00:00,max_sharpe,OVERALL,gte5,74.59048420649079,83.48163493644158,23.954897779282724
16950603,2023-04-01 00:00:00,max_sharpe,OVERALL,lt5,44.70055700841931,47.237848852697304,33.94140728600619
16950603,2023-04-01 00:00:00,safer_risk,$0-1,all,7.097616026051019,5.38688510465235e-08,17.08058681473124
16950603,2023-04-01 00:00:00,safer_risk,$0-1,gte5,48.209907293567966,53.149545733332204,24.96836434815783
16950603,2023-04-01 00:00:00,safer_risk,$0-1,lt5,4.999224790958146,4.400030721718462e-08,13.570040346913919
16950603,2023-04-01 00:00:00,safer_risk,$1-100,all,8.688311783264107,7.261483914167144e-08,18.896108507131377
16950603,2023-04-01 00:00:00,safer_risk,$1-100,gte5,48.06127301906115,47.82957881466257,22.73440789364818
16950603,2023-04-01 00:00:00,safer_risk,$1-100,lt5,6.100418277161507,5.980904313473978e-08,15.426286828746713
16950603,2023-04-01 00:00:00,safer_risk,$100-1K,all,16.320444749353577,6.345267977818007e-07,23.813118825824095
16950603,2023-04-01 00:00:00,safer_risk,$100-1K,gte5,48.78799258242438,48.92391866741554,21.3150124102798
16950603,2023-04-01 00:00:00,safer_risk,$100-1K,lt5,10.120621048010754,1.4422990440854377e-07,18.67782932134822
16950603,2023-04-01 00:00:00,safer_risk,$10K+,all,25.01189583221355,10.626402283755644,29.25519030602753
16950603,2023-04-01 00:00:00,safer_risk,$10K+,gte5,52.909747646482565,54.74202065208672,24.562213463038393
16950603,2023-04-01 00:00:00,safer_risk,$10K+,lt5,11.041848200907287,1.5675279962934496e-07,19.935996313287987
16950603,2023-04-01 00:00:00,safer_risk,$1K-10K,all,24.479475076639897,12.559691251350083,27.86982877170348
16950603,2023-04-01 00:00:00,safer_risk,$1K-10K,gte5,52.13557787047198,53.067924561504526,22.23276098122857
16950603,2023-04-01 00:00:00,safer_risk,$1K-10K,lt5,12.477871257354938,3.13372454374683e-07,20.575115006637024
16950603,2023-04-01 00:00:00,safer_risk,OVERALL,all,13.3958938973682,1.2893477049913393e-07,22.922722379949477
16950603,2023-04-01 00:00:00,safer_risk,OVERALL,gte5,50.23412460887417,50.90597996988673,22.620002279650556
16950603,2023-04-01 00:00:00,safer_risk,OVERALL,lt5,7.800962545986913,7.915290367588312e-08,17.03333692261054
17162287,2023-05-01 00:00:00,better_return,$0-1,all,22.264014347520387,4.256900825671654e-05,29.82430699867187
17162287,2023-05-01 00:00:00,better_return,$0-1,gte5,47.148273412337005,47.17543114786643,32.11943487021243
17162287,2023-05-01 00:00:00,better_return,$0-1,lt5,20.995297869993596,8.69518738885744e-06,29.13867560510805
17162287,2023-05-01 00:00:00,better_return,$1-100,all,20.147703515534733,7.875306815230626e-06,29.398487531138848
17162287,2023-05-01 00:00:00,better_return,$1-100,gte5,58.73056602453346,61.64849197983795,28.972411908286013
17162287,2023-05-01 00:00:00,better_return,$1-100,lt5,17.586376547321215,1.955679737597471e-06,27.57786956601476
17162287,2023-05-01 00:00:00,better_return,$100-1K,all,26.177933829506372,12.013894216696375,30.515992050154935
17162287,2023-05-01 00:00:00,better_return,$100-1K,gte5,55.8236829658797,57.29853279238565,27.595230508030546
17162287,2023-05-01 00:00:00,better_return,$100-1K,lt5,20.436739592362226,3.9552727948881095,27.585014051383276
17162287,2023-05-01 00:00:00,better_return,$10K+,all,33.56797967841775,22.49139450196965,33.796641276371844
17162287,2023-05-01 00:00:00,better_return,$10K+,gte5,57.15081703830739,60.148338295941286,29.998654858089346
17162287,2023-05-01 00:00:00,better_return,$10K+,lt5,21.744653942317612,4.494369973460449,29.070159265612965
17162287,2023-05-01 00:00:00,better_return,$1K-10K,all,33.37485861548344,24.569614774240833,32.796167155658644
17162287,2023-05-01 00:00:00,better_return,$1K-10K,gte5,58.33933749052475,60.78810255843319,27.483920456800348
17162287,2023-05-01 00:00:00,better_return,$1K-10K,lt5,22.234477912963094,7.073738707862515,28.57039364266181
17162287,2023-05-01 00:00:00,better_return,OVERALL,all,24.36097847893852,5.807908317450728,30.835287535589746
17162287,2023-05-01 00:00:00,better_return,OVERALL,gte5,56.96205220337794,59.01267575455705,28.512893446602316
17162287,2023-05-01 00:00:00,better_return,OVERALL,lt5,19.41348691303776,3.624817319983209e-05,28.034992827563464
17162287,2023-05-01 00:00:00,max_sharpe,$0-1,all,36.300168770443115,19.745270962346748,37.29645702143174
17162287,2023-05-01 00:00:00,max_sharpe,$0-1,gte5,77.45523705597604,90.00000000050147,29.203463355137742
17162287,2023-05-01 00:00:00,max_sharpe,$0-1,lt5,34.20188996971235,12.641185001733435,36.43774219770765
17162287,2023-05-01 00:00:00,max_sharpe,$1-100,all,50.368341151961616,60.8965808243477,33.4043784269916
17162287,2023-05-01 00:00:00,max_sharpe,$1-100,gte5,75.94284766186283,85.8915357088093,24.09997786663613
17162287,2023-05-01 00:00:00,max_sharpe,$1-100,lt5,48.67057512417436,57.45068048104509,33.242591340223406
17162287,2023-05-01 00:00:00,max_sharpe,$100-1K,all,47.57566637668112,52.161060771437505,33.407795054103644
17162287,2023-05-01 00:00:00,max_sharpe,$100-1K,gte5,72.45286294380395,80.4636017886733,24.051205434340677
17162287,2023-05-01 00:00:00,max_sharpe,$100-1K,lt5,42.757949782289884,43.11233624517817,32.81974054716559
17162287,2023-05-01 00:00:00,max_sharpe,$10K+,all,54.81775769216481,69.09333668664937,35.69580722162277
17162287,2023-05-01 00:00:00,max_sharpe,$10K+,gte5,74.89445537939896,86.50115327925364,26.395898425412522
17162287,2023-05-01 00:00:00,max_sharpe,$10K+,lt5,44.75224552164415,46.18811137040013,35.5007686538958
17162287,2023-05-01 00:00:00,max_sharpe,$1K-10K,all,53.56776814496183,64.43803822274235,34.22798560926207
17162287,2023-05-01 00:00:00,max_sharpe,$1K-10K,gte5,73.96645686440209,82.34236484539029,23.828067176162758
17162287,2023-05-01 00:00:00,max_sharpe,$1K-10K,lt5,44.46486800816118,46.40807330150827,34.24094547177489
17162287,2023-05-01 00:00:00,max_sharpe,OVERALL,all,48.47599595696779,56.17786650629718,34.56497267399375
17162287,2023-05-01 00:00:00,max_sharpe,OVERALL,gte5,74.20733140627102,83.52368077040268,24.623771219125327
17162287,2023-05-01 00:00:00,max_sharpe,OVERALL,lt5,44.57104588719897,47.45825231813996,34.1804789199032
17162287,2023-05-01 00:00:00,safer_risk,$0-1,all,7.047838209345891,4.455212795906327e-08,17.07893888462077
17162287,2023-05-01 00:00:00,safer_risk,$0-1,gte5,47.30197005441443,50.70458525561455,24.888118283151954
17162287,2023-05-01 00:00:00,safer_risk,$0-1,lt5,4.995493382547988,3.621126488939641e-08,13.71695046412972
17162287,2023-05-01 00:00:00,safer_risk,$1-100,all,8.524644452319796,7.794509204739342e-08,18.591263743381756
17162287,2023-05-01 00:00:00,safer_risk,$1-100,gte5,47.51045050225598,47.06666554194109,22.70828726507621
17162287,2023-05-01 00:00:00,safer_risk,$1-100,lt5,5.936568039120693,6.766396470903047e-08,15.058268275294225
17162287,2023-05-01 00:00:00,safer_risk,$100-1K,all,16.32444093068379,5.030904678959836e-07,23.926087997732882
17162287,2023-05-01 00:00:00,safer_risk,$100-1K,gte5,48.15120566919529,48.2183569536007,21.832206884091327
17162287,2023-05-01 00:00:00,safer_risk,$100-1K,lt5,10.160871325370824,1.4043057272594694e-07,18.89065943172689
17162287,2023-05-01 00:00:00,safer_risk,$10K+,all,24.99827546493262,10.033107411135227,29.572041407852776
17162287,2023-05-01 00:00:00,safer_risk,$10K+,gte5,53.12558779416131,54.89426150581033,25.073862445198777
17162287,2023-05-01 00:00:00,safer_risk,$10K+,lt5,10.89656367027292,3.111076091188991e-07,20.055960207858178
17162287,2023-05-01 00:00:00,safer_risk,$1K-10K,all,25.061125297941974,13.099534550003064,28.321398736599942
17162287,2023-05-01 00:00:00,safer_risk,$1K-10K,gte5,52.64626336437358,53.70227997323439,22.517772039222308
17162287,2023-05-01 00:00:00,safer_risk,$1K-10K,lt5,12.751277320347224,3.4616127603248614e-07,21.039663095084915
17162287,2023-05-01 00:00:00,safer_risk,OVERALL,all,13.294934597371437,1.339504396291602e-07,22.913737504072742
17162287,2023-05-01 00:00:00,safer_risk,OVERALL,gte5,50.0281124619831,50.525203204235694,22.954313577262575
17162287,2023-05-01 00:00:00,safer_risk,OVERALL,lt5,7.720360912773499,8.357858224949943e-08,16.997333319067657
17382266,2023-06-01 00:00:00,better_return,$0-1,all,32.41220347488421,19.352005184248668,33.82162832177763
17382266,2023-06-01 00:00:00,better_return,$0-1,gte5,48.64693070273167,43.310064278317384,31.92915447277337
17382266,2023-06-01 00:00:00,better_return,$0-1,lt5,31.58401996257093,16.136276346687087,33.70639697117051
17382266,2023-06-01 00:00:00,better_return,$1-100,all,20.00627201920189,2.2169005148287013e-05,29.14513330721531
17382266,2023-06-01 00:00:00,better_return,$1-100,gte5,57.3769396024455,59.239833509638274,28.82961079285314
17382266,2023-06-01 00:00:00,better_return,$1-100,lt5,17.44790227401089,4.72171734350324e-06,27.35942857343441
17382266,2023-06-01 00:00:00,better_return,$100-1K,all,26.055668590722608,13.291712500506886,29.926865074930046
17382266,2023-06-01 00:00:00,better_return,$100-1K,gte5,54.241766981381225,54.353404905903226,27.486773440188554
17382266,2023-06-01 00:00:00,better_return,$100-1K,lt5,20.344515199058762,5.453788468740006,27.0261370734677
17382266,2023-06-01 00:00:00,better_return,$10K+,all,31.65992898887817,19.14565939203198,32.946222652347764
17382266,2023-06-01 00:00:00,better_return,$10K+,gte5,57.42894777209585,60.06953053998036,29.115218720156452
17382266,2023-06-01 00:00:00,better_return,$10K+,lt5,19.244940260779416,3.2815180835290647,26.943475781453675
17382266,2023-06-01 00:00:00,better_return,$1K-10K,all,33.39919566661194,25.98082220550875,32.095538785783106
17382266,2023-06-01 00:00:00,better_return,$1K-10K,gte5,57.31615899282809,58.57439439025025,27.123607308681613
17382266,2023-06-01 00:00:00,better_return,$1K-10K,lt5,22.28853978538234,8.861805194207149,27.8877199035023
17382266,2023-06-01 00:00:00,better_return,OVERALL,all,25.34895767594837,8.592310040695407,31.045228901484364
17382266,2023-06-01 00:00:00,better_return,OVERALL,gte5,55.94288864463326,57.00317190116725,28.203563654533372
17382266,2023-06-01 00:00:00,better_return,OVERALL,lt5,20.769273411035474,0.8144075408848132,28.7736933582164
17382266,2023-06-01 00:00:00,max_sharpe,$0-1,all,45.38640454234138,55.003411648067924,37.8557784396147
17382266,2023-06-01 00:00:00,max_sharpe,$0-1,gte5,79.27129378592595,89.99999999999979,27.440528935328544
17382266,2023-06-01 00:00:00,max_sharpe,$0-1,lt5,43.65783182324059,49.18314670422714,37.49925263903842
17382266,2023-06-01 00:00:00,max_sharpe,$1-100,all,50.33899807679068,61.32672453053086,33.61306319956991
17382266,2023-06-01 00:00:00,max_sharpe,$1-100,gte5,76.06425844124878,86.26011732997894,24.182693290247617
17382266,2023-06-01 00:00:00,max_sharpe,$1-100,lt5,48.57786475860775,57.740441927312226,33.44762986709838
17382266,2023-06-01 00:00:00,max_sharpe,$100-1K,all,49.34096737460609,55.910853165799104,33.484370350178494
17382266,2023-06-01 00:00:00,max_sharpe,$100-1K,gte5,73.72882335281113,82.06444293632306,23.734036137297334
17382266,2023-06-01 00:00:00,max_sharpe,$100-1K,lt5,44.39942546785193,46.64099129716632,33.004764703905934
17382266,2023-06-01 00:00:00,max_sharpe,$10K+,all,57.183376559507685,75.55038296759068,35.58457719396482
17382266,2023-06-01 00:00:00,max_sharpe,$10K+,gte5,77.65369905485043,88.52503307839402,25.30082974635777
17382266,2023-06-01 00:00:00,max_sharpe,$10K+,lt5,47.32119184932624,54.25503465293872,35.61993936158752
17382266,2023-06-01 00:00:00,max_sharpe,$1K-10K,all,55.82658290907038,69.36686510281072,34.19711441190555
17382266,2023-06-01 00:00:00,max_sharpe,$1K-10K,gte5,76.1308703209223,84.51890916777015,22.983960379675793
17382266,2023-06-01 00:00:00,max_sharpe,$1K-10K,lt5,46.39420024118435,51.77593710802297,34.45022404706973
17382266,2023-06-01 00:00:00,max_sharpe,OVERALL,all,50.40945732115959,61.14930855593923,34.4968179555804
17382266,2023-06-01 00:00:00,max_sharpe,OVERALL,gte5,75.70492106001562,85.17606326319057,24.05215054889508
17382266,2023-06-01 00:00:00,max_sharpe,OVERALL,lt5,46.62291425230432,53.19485625970604,34.226466955532224
17382266,2023-06-01 00:00:00,safer_risk,$0-1,all,8.466160965930728,1.3301482970629053e-07,18.91601422661536
17382266,2023-06-01 00:00:00,safer_risk,$0-1,gte5,50.78411359127671,53.322429291492355,24.03033329407502
17382266,2023-06-01 00:00:00,safer_risk,$0-1,lt5,6.3073916717321135,1.1394839655176625e-07,15.830258041595124
17382266,2023-06-01 00:00:00,safer_risk,$1-100,all,8.514629959520057,8.328484325803576e-08,18.21840645051042
17382266,2023-06-01 00:00:00,safer_risk,$1-100,gte5,46.23362176766549,45.7505891975384,21.827651761098657
17382266,2023-06-01 00:00:00,safer_risk,$1-100,lt5,5.9324141817014056,6.895698317910259e-08,14.763107039533601
17382266,2023-06-01 00:00:00,safer_risk,$100-1K,all,15.799553319924833,1.0266064482018777e-06,22.799549918349555
17382266,2023-06-01 00:00:00,safer_risk,$100-1K,gte5,45.54218086497192,44.834814744099226,20.67013956754789
17382266,2023-06-01 00:00:00,safer_risk,$100-1K,lt5,9.773011234299148,1.66228630166243e-07,17.972511433987563
17382266,2023-06-01 00:00:00,safer_risk,$10K+,all,23.813203349211125,9.520972255911168,28.108893000703965
17382266,2023-06-01 00:00:00,safer_risk,$10K+,gte5,51.227236529315576,52.657512345256116,23.325505025745514
17382266,2023-06-01 00:00:00,safer_risk,$10K+,lt5,10.605680168531249,1.1439633823551176e-07,19.290761129184933
17382266,2023-06-01 00:00:00,safer_risk,$1K-10K,all,23.929597100044745,13.757727674541458,26.604059351725883
17382266,2023-06-01 00:00:00,safer_risk,$1K-10K,gte5,49.245898637186855,49.52133636785173,20.960092957782503
17382266,2023-06-01 00:00:00,safer_risk,$1K-10K,lt5,12.16887686444907,3.3366441276605485e-07,19.910623932800885
17382266,2023-06-01 00:00:00,safer_risk,OVERALL,all,12.86012051246398,1.7292455523065797e-07,21.95149366656742
17382266,2023-06-01 00:00:00,safer_risk,OVERALL,gte5,47.728867736829464,47.7174953633776,21.622074657098604
17382266,2023-06-01 00:00:00,safer_risk,OVERALL,lt5,7.6405280003378975,1.0049882523399667e-07,16.57624939976423
17595510,2023-07-01 00:00:00,better_return,$0-1,all,31.686093019457978,19.69472098951831,33.12463874401217
17595510,2023-07-01 00:00:00,better_return,$0-1,gte5,53.556208168063534,50.684785423759344,31.51695451689831
17595510,2023-07-01 00:00:00,better_return,$0-1,lt5,30.570074084555113,16.21171427939993,32.81606200527886
17595510,2023-07-01 00:00:00,better_return,$1-100,all,19.737503842369552,0.03555005699523834,28.60758733232952
17595510,2023-07-01 00:00:00,better_return,$1-100,gte5,58.241288102106765,60.55101673010983,29.125841509444168
17595510,2023-07-01 00:00:00,better_return,$1-100,lt5,16.922398903803284,1.2431432818912902e-05,26.455433488329827
17595510,2023-07-01 00:00:00,better_return,$100-1K,all,28.271142464149513,16.875652196134872,30.813976537707322
17595510,2023-07-01 00:00:00,better_return,$100-1K,gte5,57.0124167846323,57.77603250274678,27.560019307256926
17595510,2023-07-01 00:00:00,better_return,$100-1K,lt5,21.877232156886638,7.647691228951964,27.696698334748643
17595510,2023-07-01 00:00:00,better_return,$10K+,all,33.77975705330447,23.96699286280722,34.01509364753585
17595510,2023-07-01 00:00:00,better_return,$10K+,gte5,59.68908149255183,64.13307564028601,30.298539647754502
17595510,2023-07-01 00:00:00,better_return,$10K+,lt5,20.611428624070765,3.9731599789940097,27.639243373112166
17595510,2023-07-01 00:00:00,better_return,$1K-10K,all,35.34162018768215,29.1319439819987,32.78434727611196
17595510,2023-07-01 00:00:00,better_return,$1K-10K,gte5,59.207872604467894,61.60729834188105,27.613287464049712
17595510,2023-07-01 00:00:00,better_return,$1K-10K,lt5,23.552230707720877,10.002610846449226,28.438279953386232
17595510,2023-07-01 00:00:00,better_return,OVERALL,all,26.007627919439443,10.044112317902165,31.191453728071934
17595510,2023-07-01 00:00:00,better_return,OVERALL,gte5,58.07709024354644,60.03775944538785,28.493537649476295
17595510,2023-07-01 00:00:00,better_return,OVERALL,lt5,20.90527501197426,2.759678342217289,28.44051474884488
17595510,2023-07-01 00:00:00,max_sharpe,$0-1,all,33.86786304980717,11.816287707259173,36.388048703900175
17595510,2023-07-01 00:00:00,max_sharpe,$0-1,gte5,64.75023064238907,81.77475457009321,32.83868032729432
17595510,2023-07-01 00:00:00,max_sharpe,$0-1,lt5,32.29195424668648,9.270086691531064,35.853584088159785
17595510,2023-07-01 00:00:00,max_sharpe,$1-100,all,41.72647640227192,41.1994769915609,34.95546634357248
17595510,2023-07-01 00:00:00,max_sharpe,$1-100,gte5,77.19396998506566,86.76119893330478,23.383689093043873
17595510,2023-07-01 00:00:00,max_sharpe,$1-100,lt5,39.133362030189396,36.721872661818914,34.24246991124864
17595510,2023-07-01 00:00:00,max_sharpe,$100-1K,all,51.534294118552864,60.6505424253482,33.69173419479035
17595510,2023-07-01 00:00:00,max_sharpe,$100-1K,gte5,76.29676448864696,84.90024748865737,22.678311113584186
17595510,2023-07-01 00:00:00,max_sharpe,$100-1K,lt5,46.02552603933799,50.25785692764087,33.26391987755971
17595510,2023-07-01 00:00:00,max_sharpe,$10K+,all,57.376859764355615,76.84959062783243,36.11793634239136
17595510,2023-07-01 00:00:00,max_sharpe,$10K+,gte5,79.3438291244629,89.39080664071258,24.809409082319235
17595510,2023-07-01 00:00:00,max_sharpe,$10K+,lt5,46.21222026141963,51.0981868947906,35.84396148669052
17595510,2023-07-01 00:00:00,max_sharpe,$1K-10K,all,57.63601464758946,73.08682262397902,34.18016817268513
17595510,2023-07-01 00:00:00,max_sharpe,$1K-10K,gte5,77.76718498619707,86.2960990076225,22.626695294214542
17595510,2023-07-01 00:00:00,max_sharpe,$1K-10K,lt5,47.69167132696131,55.084440482266785,34.54576710205236
17595510,2023-07-01 00:00:00,max_sharpe,OVERALL,all,45.64175593091726,50.144090075654695,35.65844860228371
17595510,2023-07-01 00:00:00,max_sharpe,OVERALL,gte5,76.71165956443768,86.33859714972539,23.84324690192318
17595510,2023-07-01 00:00:00,max_sharpe,OVERALL,lt5,40.69843597322702,39.99999999999988,34.71820358868174
17595510,2023-07-01 00:00:00,safer_risk,$0-1,all,7.780008463371639,8.422917363581917e-08,18.30862514613216
17595510,2023-07-01 00:00:00,safer_risk,$0-1,gte5,47.53740934045215,50.886608935619584,26.1006417893527
17595510,2023-07-01 00:00:00,safer_risk,$0-1,lt5,5.751212003917542,8.422917363581917e-08,15.256906185500792
17595510,2023-07-01 00:00:00,safer_risk,$1-100,all,9.162931242064273,8.844042997946389e-08,19.420300169953382
17595510,2023-07-01 00:00:00,safer_risk,$1-100,gte5,47.59954520743209,47.0903740808124,22.560889532345072
17595510,2023-07-01 00:00:00,safer_risk,$1-100,lt5,6.352737286432255,7.625644525555142e-08,15.861816597704406
17595510,2023-07-01 00:00:00,safer_risk,$100-1K,all,16.833294688615418,3.2345946421319383e-06,23.710720898421627
17595510,2023-07-01 00:00:00,safer_risk,$100-1K,gte5,46.910399489064844,46.541512019039125,21.085875794076973
17595510,2023-07-01 00:00:00,safer_risk,$100-1K,lt5,10.142209656969277,2.258002958221983e-07,18.50237306511776
17595510,2023-07-01 00:00:00,safer_risk,$10K+,all,25.545665834238463,11.206462573376013,29.53029239580407
17595510,2023-07-01 00:00:00,safer_risk,$10K+,gte5,53.6437320453205,55.63263174635928,23.996983788570585
17595510,2023-07-01 00:00:00,safer_risk,$10K+,lt5,11.264916640585188,2.836130531813641e-07,20.429685496279095
17595510,2023-07-01 00:00:00,safer_risk,$1K-10K,all,25.359612200343012,15.32994494190543,27.70416844789962
17595510,2023-07-01 00:00:00,safer_risk,$1K-10K,gte5,51.19240797138484,51.84572748840891,21.572335227250345
17595510,2023-07-01 00:00:00,safer_risk,$1K-10K,lt5,12.598794733797238,5.015762374882549e-07,20.598378577318456
17595510,2023-07-01 00:00:00,safer_risk,OVERALL,all,13.547177974184962,1.8244126348543332e-07,22.937230230172844
17595510,2023-07-01 00:00:00,safer_risk,OVERALL,gte5,49.137078741277186,49.45289587552991,22.306437656090708
17595510,2023-07-01 00:00:00,safer_risk,OVERALL,lt5,7.884712173538713,9.95458519434389e-08,17.23563770299291
17816434,2023-08-01 00:00:00,better_return,$0-1,all,29.444347488691562,8.526208060379577,34.54047942670789
17816434,2023-08-01 00:00:00,better_return,$0-1,gte5,62.90481090209629,67.34523809279847,29.170114089874463
17816434,2023-08-01 00:00:00,better_return,$0-1,lt5,27.699452449141457,6.982577987104667,33.903674121249466
17816434,2023-08-01 00:00:00,better_return,$1-100,all,22.908729117313026,2.748560185342747,30.0909592620358
17816434,2023-08-01 00:00:00,better_return,$1-100,gte5,56.159703021686404,56.698423303727274,27.719162161204387
17816434,2023-08-01 00:00:00,better_return,$1-100,lt5,20.401247807166545,0.035525062108782146,28.74269437799198
17816434,2023-08-01 00:00:00,better_return,$100-1K,all,29.645130536519424,19.94865359011221,30.58043934248555
17816434,2023-08-01 00:00:00,better_return,$100-1K,gte5,55.176953782892085,55.587410882633705,26.647022415004542
17816434,2023-08-01 00:00:00,better_return,$100-1K,lt5,23.886743870720256,10.346267947352162,28.38575992694763
17816434,2023-08-01 00:00:00,better_return,$10K+,all,36.40887296554871,30.857247752431462,33.028770083189464
17816434,2023-08-01 00:00:00,better_return,$10K+,gte5,59.709270012758566,62.938999692947895,27.823311993996782
17816434,2023-08-01 00:00:00,better_return,$10K+,lt5,24.666800890529274,9.49060664349122,28.966592921898844
17816434,2023-08-01 00:00:00,better_return,$1K-10K,all,36.00582293550788,31.676160671937136,31.8289809088312
17816434,2023-08-01 00:00:00,better_return,$1K-10K,gte5,56.81433931027341,58.41777830986915,26.62560532922504
17816434,2023-08-01 00:00:00,better_return,$1K-10K,lt5,25.652342114244412,13.273031048471115,29.01360077046656
17816434,2023-08-01 00:00:00,better_return,OVERALL,all,27.66326125748834,12.438658207735653,31.596579720728588
17816434,2023-08-01 00:00:00,better_return,OVERALL,gte5,56.78300265930129,58.20527217542083,27.221964124724508
17816434,2023-08-01 00:00:00,better_return,OVERALL,lt5,22.95999741969582,5.012755596046049,29.67868961883638
17816434,2023-08-01 00:00:00,max_sharpe,$0-1,all,37.54346889681156,24.971994169860103,37.12937813324401
17816434,2023-08-01 00:00:00,max_sharpe,$0-1,gte5,79.66282192198712,88.7801487787271,23.44740122877637
17816434,2023-08-01 00:00:00,max_sharpe,$0-1,lt5,35.34703039401284,17.454610798843827,36.393345490032125
17816434,2023-08-01 00:00:00,max_sharpe,$1-100,all,49.51288782241628,58.66045273586976,33.358063299553464
17816434,2023-08-01 00:00:00,max_sharpe,$1-100,gte5,73.03989065437538,81.77465706097584,24.37581580349745
17816434,2023-08-01 00:00:00,max_sharpe,$1-100,lt5,47.738698589506555,55.220991942292265,33.271281592682236
17816434,2023-08-01 00:00:00,max_sharpe,$100-1K,all,47.87941392981865,52.89086668100631,33.43782159422449
17816434,2023-08-01 00:00:00,max_sharpe,$100-1K,gte5,71.64302060262295,79.19460712575315,24.043410853089316
17816434,2023-08-01 00:00:00,max_sharpe,$100-1K,lt5,42.51982662281299,42.690638131859075,32.92098450789798
17816434,2023-08-01 00:00:00,max_sharpe,$10K+,all,58.32474709677155,76.81134178266254,34.77994345532191
17816434,2023-08-01 00:00:00,max_sharpe,$10K+,gte5,77.26325965174091,87.07303881134119,24.3481530701219
17816434,2023-08-01 00:00:00,max_sharpe,$10K+,lt5,48.78081619449787,58.28073906019322,35.336292543405065
17816434,2023-08-01 00:00:00,max_sharpe,$1K-10K,all,53.546790815315504,64.46154512482238,33.91122982582036
17816434,2023-08-01 00:00:00,max_sharpe,$1K-10K,gte5,72.19527205258773,80.34937473342967,24.34655639918742
17816434,2023-08-01 00:00:00,max_sharpe,$1K-10K,lt5,44.26805660099484,46.758608127642155,34.17737469608902
17816434,2023-08-01 00:00:00,max_sharpe,OVERALL,all,48.3772220346354,56.22987070081329,34.42471188124447
17816434,2023-08-01 00:00:00,max_sharpe,OVERALL,gte5,73.16084079686789,81.824506840312,24.318221850307
17816434,2023-08-01 00:00:00,max_sharpe,OVERALL,lt5,44.37430537800648,47.44839194110327,34.14263686561393
17816434,2023-08-01 00:00:00,safer_risk,$0-1,all,8.004363903492166,6.550039399755292e-08,18.017896190789973
17816434,2023-08-01 00:00:00,safer_risk,$0-1,gte5,50.999729428773016,55.01044900725192,22.333318775583887
17816434,2023-08-01 00:00:00,safer_risk,$0-1,lt5,5.762243132425615,5.855262039111686e-08,14.633414586496396
17816434,2023-08-01 00:00:00,safer_risk,$1-100,all,9.071513814115933,7.983972163949637e-08,18.64956503009826
17816434,2023-08-01 00:00:00,safer_risk,$1-100,gte5,45.907404470142836,45.47394034761626,21.187502269262453
17816434,2023-08-01 00:00:00,safer_risk,$1-100,lt5,6.293691196702666,6.450370515498349e-08,15.170441453151868
17816434,2023-08-01 00:00:00,safer_risk,$100-1K,all,16.72061209388784,9.647791986144849e-06,23.33126043778157
17816434,2023-08-01 00:00:00,safer_risk,$100-1K,gte5,46.378357729392675,46.201082188866096,20.426828692791453
17816434,2023-08-01 00:00:00,safer_risk,$100-1K,lt5,10.031674709464385,1.3198285034321522e-07,18.162913555561488
17816434,2023-08-01 00:00:00,safer_risk,$10K+,all,24.550957085768985,11.125787926172995,28.45058472788702
17816434,2023-08-01 00:00:00,safer_risk,$10K+,gte5,52.35604426455161,54.23682967944783,23.141623368686226
17816434,2023-08-01 00:00:00,safer_risk,$10K+,lt5,10.538777935175442,3.052178731977051e-06,19.013574709433055
17816434,2023-08-01 00:00:00,safer_risk,$1K-10K,all,24.692325665138608,14.953038135405277,26.973560545219385
17816434,2023-08-01 00:00:00,safer_risk,$1K-10K,gte5,49.71089772006057,50.559190663933514,21.26666032462295
17816434,2023-08-01 00:00:00,safer_risk,$1K-10K,lt5,12.244090467546247,1.0881108444826815e-06,19.95387211673187
17816434,2023-08-01 00:00:00,safer_risk,OVERALL,all,13.38996758610601,1.440123541252003e-07,22.28187559025613
17816434,2023-08-01 00:00:00,safer_risk,OVERALL,gte5,48.162687130033156,48.51243128526976,21.390792745299613
17816434,2023-08-01 00:00:00,safer_risk,OVERALL,lt5,7.7736651569068105,8.375775420454978e-08,16.61115860482783
18037988,2023-09-01 00:00:00,better_return,$0-1,all,30.44972996429334,9.015377468544145,35.24502674407093
18037988,2023-09-01 00:00:00,better_return,$0-1,gte5,59.120381219242724,59.56421106129329,30.372301945417444
18037988,2023-09-01 00:00:00,better_return,$0-1,lt5,28.951854680101356,5.871489795203755,34.838617805600016
18037988,2023-09-01 00:00:00,better_return,$1-100,all,22.447619005954408,1.7855768910078125,30.326163414052424
18037988,2023-09-01 00:00:00,better_return,$1-100,gte5,57.82016383741605,59.78539511425904,28.45111003187616
18037988,2023-09-01 00:00:00,better_return,$1-100,lt5,19.623875708318867,0.00011596484292553111,28.646432321345806
18037988,2023-09-01 00:00:00,better_return,$100-1K,all,31.680026780362677,22.025780397038766,31.82196669615771
18037988,2023-09-01 00:00:00,better_return,$100-1K,gte5,57.185252638976536,58.049338193750785,27.083146321276576
18037988,2023-09-01 00:00:00,better_return,$100-1K,lt5,25.584058039409154,11.763375722763499,29.77777019373493
18037988,2023-09-01 00:00:00,better_return,$10K+,all,36.00457544073258,28.606565661619964,33.91026139913535
18037988,2023-09-01 00:00:00,better_return,$10K+,gte5,61.398194012999326,65.09541549171581,28.920769484310338
18037988,2023-09-01 00:00:00,better_return,$10K+,lt5,23.541224691512614,8.71991771523541,28.843566375289242
18037988,2023-09-01 00:00:00,better_return,$1K-10K,all,38.03704716752653,33.748688274750506,33.04765964892974
18037988,2023-09-01 00:00:00,better_return,$1K-10K,gte5,59.74529032457543,61.965251927717944,27.09651784666586
18037988,2023-09-01 00:00:00,better_return,$1K-10K,lt5,26.926205589509983,13.904313160146469,30.177776329440864
18037988,2023-09-01 00:00:00,better_return,OVERALL,all,28.14937765205203,11.907318681840458,32.41680118356204
18037988,2023-09-01 00:00:00,better_return,OVERALL,gte5,58.591072301393,60.435052936555586,27.829810157396885
18037988,2023-09-01 00:00:00,better_return,OVERALL,lt5,23.201731296811758,4.200099951528994,30.342546835662024
18037988,2023-09-01 00:00:00,max_sharpe,$0-1,all,46.089348101741756,54.23625011965386,37.15689251671423
18037988,2023-09-01 00:00:00,max_sharpe,$0-1,gte5,72.38744219825591,89.30346894685509,28.977070115562025
18037988,2023-09-01 00:00:00,max_sharpe,$0-1,lt5,44.715425172044704,51.029029750199506,37.02538742085453
18037988,2023-09-01 00:00:00,max_sharpe,$1-100,all,42.02131334787889,42.367888402309795,34.81905973916133
18037988,2023-09-01 00:00:00,max_sharpe,$1-100,gte5,75.50040031148693,86.09281476637679,24.5663347407952
18037988,2023-09-01 00:00:00,max_sharpe,$1-100,lt5,39.34872227831122,37.8680711455863,34.122621174054885
18037988,2023-09-01 00:00:00,max_sharpe,$100-1K,all,51.4279662840715,60.44359644062156,33.680039194070154
18037988,2023-09-01 00:00:00,max_sharpe,$100-1K,gte5,74.74202834565905,83.68633941343077,23.692040275619338
18037988,2023-09-01 00:00:00,max_sharpe,$100-1K,lt5,45.85570457033767,49.99682180447009,33.32181439731911
18037988,2023-09-01 00:00:00,max_sharpe,$10K+,all,56.00606262878494,74.36135502933638,36.61647878489997
18037988,2023-09-01 00:00:00,max_sharpe,$10K+,gte5,78.81520301432808,89.6340261995935,25.529209087070452
18037988,2023-09-01 00:00:00,max_sharpe,$10K+,lt5,44.811190338165716,46.51120162796673,36.03165320639074
18037988,2023-09-01 00:00:00,max_sharpe,$1K-10K,all,57.74796899303339,72.9691398520709,34.157294464428034
18037988,2023-09-01 00:00:00,max_sharpe,$1K-10K,gte5,76.71097935808814,86.0690618091972,23.843593676574283
18037988,2023-09-01 00:00:00,max_sharpe,$1K-10K,lt5,48.04220872104219,55.729257255525155,34.56366401598585
18037988,2023-09-01 00:00:00,max_sharpe,OVERALL,all,47.22662861947692,53.75297949111302,35.38376998483153
18037988,2023-09-01 00:00:00,max_sharpe,OVERALL,gte5,75.77600980116456,85.92347666075392,24.482093463977595
18037988,2023-09-01 00:00:00,max_sharpe,OVERALL,lt5,42.58653734417085,43.66358195357497,34.69987844372536
18037988,2023-09-01 00:00:00,safer_risk,$0-1,all,7.85893044892062,1.440837997523925e-07,17.54265407092133
18037988,2023-09-01 00:00:00,safer_risk,$0-1,gte5,47.16164715396984,53.24613155181984,23.83823557387727
18037988,2023-09-01 00:00:00,safer_risk,$0-1,lt5,5.8055913939199115,1.1879336611619884e-07,14.464340375474325
18037988,2023-09-01 00:00:00,safer_risk,$1-100,all,9.336087986400441,9.322023430957671e-08,18.722276538298516
18037988,2023-09-01 00:00:00,safer_risk,$1-100,gte5,45.24730703037399,45.10107636048274,20.434128885786023
18037988,2023-09-01 00:00:00,safer_risk,$1-100,lt5,6.46934304145803,7.612993707661886e-08,15.297267158981624
18037988,2023-09-01 00:00:00,safer_risk,$100-1K,all,16.290880612204546,0.19519271304723618,22.135470359615546
18037988,2023-09-01 00:00:00,safer_risk,$100-1K,gte5,44.05171265072554,43.76443493429143,19.15877921872321
18037988,2023-09-01 00:00:00,safer_risk,$100-1K,lt5,9.655802559267714,2.3299771279017278e-07,17.06278810201117
18037988,2023-09-01 00:00:00,safer_risk,$10K+,all,22.90982414872765,9.773507499683438,26.786322506201873
18037988,2023-09-01 00:00:00,safer_risk,$10K+,gte5,49.878515005268966,51.62883920394869,21.824963095864984
18037988,2023-09-01 00:00:00,safer_risk,$10K+,lt5,9.673417827359762,3.8088360000687604e-07,17.42723141635937
18037988,2023-09-01 00:00:00,safer_risk,$1K-10K,all,23.486202804242545,15.119160425656078,25.236170818287516
18037988,2023-09-01 00:00:00,safer_risk,$1K-10K,gte5,46.98874591122666,47.65119668660982,19.734315654443
18037988,2023-09-01 00:00:00,safer_risk,$1K-10K,lt5,11.456991999248801,5.585194362556223e-07,18.332545018596154
18037988,2023-09-01 00:00:00,safer_risk,OVERALL,all,12.966825032052173,2.3002312415920656e-07,21.34075599018022
18037988,2023-09-01 00:00:00,safer_risk,OVERALL,gte5,45.926015149638296,46.25025952793332,20.259745139969667
18037988,2023-09-01 00:00:00,safer_risk,OVERALL,lt5,7.610013634547685,1.1224822044075822e-07,16.046349984324408
18251965,2023-10-01 00:00:00,better_return,$0-1,all,37.629475923048574,27.785376704843966,36.424481833448674
18251965,2023-10-01 00:00:00,better_return,$0-1,gte5,57.64822021225002,56.290420432334024,32.024920512346846
18251965,2023-10-01 00:00:00,better_return,$0-1,lt5,36.57826270452657,23.578558428292368,36.33743955149942
18251965,2023-10-01 00:00:00,better_return,$1-100,all,21.695688379004764,0.7408820115583914,29.85373662693721
18251965,2023-10-01 00:00:00,better_return,$1-100,gte5,57.28592244883426,58.7681991461114,28.270447800297987
18251965,2023-10-01 00:00:00,better_return,$1-100,lt5,18.846436697571413,1.7829984468031856e-05,28.09074058011133
18251965,2023-10-01 00:00:00,better_return,$100-1K,all,30.21217519618621,20.2310183501313,31.216245173721212
18251965,2023-10-01 00:00:00,better_return,$100-1K,gte5,56.24821425387656,56.56007847689495,26.96737726701432
18251965,2023-10-01 00:00:00,better_return,$100-1K,lt5,23.997479451545107,10.426269701319196,28.862352673761087
18251965,2023-10-01 00:00:00,better_return,$10K+,all,34.376582508580135,26.776406417403606,33.0552939531869
18251965,2023-10-01 00:00:00,better_return,$10K+,gte5,58.65785868698261,60.841267223751046,28.620472645465668
18251965,2023-10-01 00:00:00,better_return,$10K+,lt5,22.094804143074306,6.632844159016979,27.963337005795736
18251965,2023-10-01 00:00:00,better_return,$1K-10K,all,35.83787262108286,30.139258128721778,32.207126780127204
18251965,2023-10-01 00:00:00,better_return,$1K-10K,gte5,56.78120224526085,57.415306923729595,27.04604968855831
18251965,2023-10-01 00:00:00,better_return,$1K-10K,lt5,25.07884231428967,12.170251515530142,29.211562826700153
18251965,2023-10-01 00:00:00,better_return,OVERALL,all,28.216478236853995,12.504109517520435,32.28473158088077
18251965,2023-10-01 00:00:00,better_return,OVERALL,gte5,56.9780628043888,57.797225088374326,27.7772873501349
18251965,2023-10-01 00:00:00,better_return,OVERALL,lt5,23.505366755656876,5.122370841841201,30.47876488269929
18251965,2023-10-01 00:00:00,max_sharpe,$0-1,all,41.2292538285067,39.997414079636165,37.313592328120706
18251965,2023-10-01 00:00:00,max_sharpe,$0-1,gte5,70.47664424533609,88.61351324409674,31.02522408191707
18251965,2023-10-01 00:00:00,max_sharpe,$0-1,lt5,39.69343105314772,37.144557790025054,36.981004270960646
18251965,2023-10-01 00:00:00,max_sharpe,$1-100,all,51.38937855081522,63.21051566696747,33.05914209189248
18251965,2023-10-01 00:00:00,max_sharpe,$1-100,gte5,75.4273950202017,85.05170172284423,24.10727954872893
18251965,2023-10-01 00:00:00,max_sharpe,$1-100,lt5,49.46496415361456,59.746365668121726,32.922844160629126
18251965,2023-10-01 00:00:00,max_sharpe,$100-1K,all,50.38540253694428,57.78002657524727,33.63593299854792
18251965,2023-10-01 00:00:00,max_sharpe,$100-1K,gte5,74.00939235304696,82.35369990428849,23.376874088243653
18251965,2023-10-01 00:00:00,max_sharpe,$100-1K,lt5,44.7464530540269,46.87437773722408,33.256235529653445
18251965,2023-10-01 00:00:00,max_sharpe,$10K+,all,54.923305772844195,70.47976411056244,36.234728747488646
18251965,2023-10-01 00:00:00,max_sharpe,$10K+,gte5,76.81092071559581,88.03759388600349,25.5404191046855
18251965,2023-10-01 00:00:00,max_sharpe,$10K+,lt5,43.8522717093415,43.62082461322056,35.80832839623075
18251965,2023-10-01 00:00:00,max_sharpe,$1K-10K,all,55.26797403299984,67.47317688621246,34.08916103147736
18251965,2023-10-01 00:00:00,max_sharpe,$1K-10K,gte5,74.16359138893901,82.86034975885204,23.998029254044408
18251965,2023-10-01 00:00:00,max_sharpe,$1K-10K,lt5,45.56089672264627,48.52653150699714,34.431816257615
18251965,2023-10-01 00:00:00,max_sharpe,OVERALL,all,50.28688483809618,60.615822285033,34.34930366958824
18251965,2023-10-01 00:00:00,max_sharpe,OVERALL,gte5,74.50861509767597,84.02589769980023,24.448164189464624
18251965,2023-10-01 00:00:00,max_sharpe,OVERALL,lt5,46.319395798943184,52.46469511838547,34.10853001833281
18251965,2023-10-01 00:00:00,safer_risk,$0-1,all,8.006437008904374,1.3954429903262344e-07,17.780262074946076
18251965,2023-10-01 00:00:00,safer_risk,$0-1,gte5,44.75410752249941,42.71093219264945,23.121425846324957
18251965,2023-10-01 00:00:00,safer_risk,$0-1,lt5,6.0767636769652364,1.1029936686224318e-07,15.166811140970344
18251965,2023-10-01 00:00:00,safer_risk,$1-100,all,9.479810607704168,1.5786492668645735e-07,18.970544349364374
18251965,2023-10-01 00:00:00,safer_risk,$1-100,gte5,46.06097907075366,46.079379596206245,20.34231614456714
18251965,2023-10-01 00:00:00,safer_risk,$1-100,lt5,6.551227571480207,1.5786491419644832e-07,15.487311177212222
18251965,2023-10-01 00:00:00,safer_risk,$100-1K,all,17.045236702316135,0.2132266893703975,22.99134655645548
18251965,2023-10-01 00:00:00,safer_risk,$100-1K,gte5,45.48688657293117,45.40077333505168,19.40558595193351
18251965,2023-10-01 00:00:00,safer_risk,$100-1K,lt5,10.256331522468034,2.3717061231609549e-07,18.04752544202886
18251965,2023-10-01 00:00:00,safer_risk,$10K+,all,24.287414033110714,11.760251147188317,27.662057253018336
18251965,2023-10-01 00:00:00,safer_risk,$10K+,gte5,51.088655618949474,52.45452246507056,21.98122566242041
18251965,2023-10-01 00:00:00,safer_risk,$10K+,lt5,10.731005108836985,6.47906297362999e-07,18.992950369637636
18251965,2023-10-01 00:00:00,safer_risk,$1K-10K,all,24.23124002385306,15.996789167323305,25.86676815262481
18251965,2023-10-01 00:00:00,safer_risk,$1K-10K,gte5,47.78438626090423,48.35831763260746,19.958569632007087
18251965,2023-10-01 00:00:00,safer_risk,$1K-10K,lt5,12.131491859061855,8.097173570531524e-07,19.41099001329437
18251965,2023-10-01 00:00:00,safer_risk,OVERALL,all,13.400350637126694,2.349295563641718e-07,21.913256007184366
18251965,2023-10-01 00:00:00,safer_risk,OVERALL,gte5,46.83237092223536,47.018420952640035,20.35474939802804
18251965,2023-10-01 00:00:00,safer_risk,OVERALL,lt5,7.924227642756996,1.5786492599256796e-07,16.670792239912444
18473543,2023-11-01 00:00:00,better_return,$0-1,all,24.64503212931102,3.574799230562306,30.99569253788199
18473543,2023-11-01 00:00:00,better_return,$0-1,gte5,53.256780821997005,59.26346502995872,32.43011666670116
18473543,2023-11-01 00:00:00,better_return,$0-1,lt5,23.140275784764647,0.389937801430168,30.17668090029689
18473543,2023-11-01 00:00:00,better_return,$1-100,all,21.2932604133741,1.550392292674698,29.181597376023404
18473543,2023-11-01 00:00:00,better_return,$1-100,gte5,55.30799264488042,55.428805314511266,27.448769879293806
18473543,2023-11-01 00:00:00,better_return,$1-100,lt5,18.601090029869393,3.886736770625232e-05,27.577374375351518
18473543,2023-11-01 00:00:00,better_return,$100-1K,all,27.641786555580044,17.633066078409612,29.524088093667547
18473543,2023-11-01 00:00:00,better_return,$100-1K,gte5,51.398260065400116,49.54366982197739,25.73462937621869
18473543,2023-11-01 00:00:00,better_return,$100-1K,lt5,22.251529551960576,9.08935824879197,27.605731749034554
18473543,2023-11-01 00:00:00,better_return,$10K+,all,34.11741239491346,29.673012678815326,31.47906296536714
18473543,2023-11-01 00:00:00,better_return,$10K+,gte5,55.82675338167415,56.11922781250851,26.371188389639272
18473543,2023-11-01 00:00:00,better_return,$10K+,lt5,22.488728416103015,8.817470791677195,27.59600045369207
18473543,2023-11-01 00:00:00,better_return,$1K-10K,all,33.45266844676266,28.403277541738735,30.338251245925445
18473543,2023-11-01 00:00:00,better_return,$1K-10K,gte5,52.36240665536481,51.03035096755892,25.416072341075353
18473543,2023-11-01 00:00:00,better_return,$1K-10K,lt5,23.99570758985148,11.693940530112044,28.09617528093818
18473543,2023-11-01 00:00:00,better_return,OVERALL,all,25.41142215172236,11.003100245030947,30.13623155478189
18473543,2023-11-01 00:00:00,better_return,OVERALL,gte5,53.20701670143493,52.384332129623004,26.5558926423389
18473543,2023-11-01 00:00:00,better_return,OVERALL,lt5,20.806053712105843,2.9255310356906894,28.153239845936717
18473543,2023-11-01 00:00:00,max_sharpe,$0-1,all,35.72934944014945,24.5676837303482,35.281973874915
18473543,2023-11-01 00:00:00,max_sharpe,$0-1,gte5,62.64620001710132,68.69580990635362,31.12219076678468
18473543,2023-11-01 00:00:00,max_sharpe,$0-1,lt5,34.31373160721256,21.14638020645292,34.917602294792005
18473543,2023-11-01 00:00:00,max_sharpe,$1-100,all,49.689261746280465,56.41306527562037,31.7770309607424
18473543,2023-11-01 00:00:00,max_sharpe,$1-100,gte5,68.01285200956711,72.23840652076812,23.7706743668705
18473543,2023-11-01 00:00:00,max_sharpe,$1-100,lt5,48.23900111537051,53.770060211318324,31.87949697488818
18473543,2023-11-01 00:00:00,max_sharpe,$100-1K,all,45.660668793147494,47.11211662490906,31.121771251373723
18473543,2023-11-01 00:00:00,max_sharpe,$100-1K,gte5,63.05042716872626,64.39804698036052,23.215965203445165
18473543,2023-11-01 00:00:00,max_sharpe,$100-1K,lt5,41.71499618157626,40.19994463958872,31.334545602200066
18473543,2023-11-01 00:00:00,max_sharpe,$10K+,all,54.56709482359667,62.355057564446696,32.55105535682194
18473543,2023-11-01 00:00:00,max_sharpe,$10K+,gte5,68.176808266938,72.24061532899495,24.30669207045833
18473543,2023-11-01 00:00:00,max_sharpe,$10K+,lt5,47.27700449928417,49.86343575381515,34.03390014623035
18473543,2023-11-01 00:00:00,max_sharpe,$1K-10K,all,49.59359795984944,52.708711607101186,31.170507941929632
18473543,2023-11-01 00:00:00,max_sharpe,$1K-10K,gte5,63.2154781417948,64.66540071155629,23.22772645723808
18473543,2023-11-01 00:00:00,max_sharpe,$1K-10K,lt5,42.78115104720062,40.90061614944547,32.380227871534515
18473543,2023-11-01 00:00:00,max_sharpe,OVERALL,all,46.960653971079616,50.39441995325147,32.517533025324234
18473543,2023-11-01 00:00:00,max_sharpe,OVERALL,gte5,64.83047429885656,67.22237709318418,24.05706237583725
18473543,2023-11-01 00:00:00,max_sharpe,OVERALL,lt5,43.999857201218205,44.76330446015161,32.7875069614271
18473543,2023-11-01 00:00:00,safer_risk,$0-1,all,6.576872622742977,9.590033767103989e-08,16.472836931999357
18473543,2023-11-01 00:00:00,safer_risk,$0-1,gte5,42.18875352433718,44.87263188278284,26.685119751147813
18473543,2023-11-01 00:00:00,safer_risk,$0-1,lt5,4.7039635494991385,8.176654631153468e-08,13.340553652941628
18473543,2023-11-01 00:00:00,safer_risk,$1-100,all,8.672340123090322,7.376785293722321e-08,17.85385948432303
18473543,2023-11-01 00:00:00,safer_risk,$1-100,gte5,44.12214240957796,43.637773731912155,20.65702730449347
18473543,2023-11-01 00:00:00,safer_risk,$1-100,lt5,5.866587981129327,6.860307669165344e-08,14.243621659031549
18473543,2023-11-01 00:00:00,safer_risk,$100-1K,all,15.876339179218633,0.00018710510422674287,21.973350942326253
18473543,2023-11-01 00:00:00,safer_risk,$100-1K,gte5,43.34222660637385,42.56090950620243,19.39124730199726
18473543,2023-11-01 00:00:00,safer_risk,$100-1K,lt5,9.644429716576772,1.3689440102326866e-07,17.23545974153912
18473543,2023-11-01 00:00:00,safer_risk,$10K+,all,23.13390661181834,12.394870391585751,26.10925658551515
18473543,2023-11-01 00:00:00,safer_risk,$10K+,gte5,47.85480079394645,48.71792177074329,21.329514891324354
18473543,2023-11-01 00:00:00,safer_risk,$10K+,lt5,9.892073693311428,5.609966000521773e-07,17.333626417126883
18473543,2023-11-01 00:00:00,safer_risk,$1K-10K,all,22.576131424480533,14.531045988784335,24.499316768266493
18473543,2023-11-01 00:00:00,safer_risk,$1K-10K,gte5,44.85136665895164,44.61096835191157,19.596254450155982
18473543,2023-11-01 00:00:00,safer_risk,$1K-10K,lt5,11.43604977094111,6.758032147780035e-07,18.332842655188635
18473543,2023-11-01 00:00:00,safer_risk,OVERALL,all,12.501409242892663,1.303443922240355e-07,20.87544684527352
18473543,2023-11-01 00:00:00,safer_risk,OVERALL,gte5,44.44623560996752,44.21766745619839,20.458978209047277
18473543,2023-11-01 00:00:00,safer_risk,OVERALL,lt5,7.208567066164282,8.142954435741423e-08,15.541668670487246
18687851,2023-12-01 00:00:00,better_return,$0-1,all,24.75804489635195,6.670397508245981,30.323829871782877
18687851,2023-12-01 00:00:00,better_return,$0-1,gte5,59.48084397964853,61.60493378592648,27.7462480563096
18687851,2023-12-01 00:00:00,better_return,$0-1,lt5,22.93798677079966,2.700193497963703,29.34061524197227
18687851,2023-12-01 00:00:00,better_return,$1-100,all,21.536229304669718,2.5694185065356647,28.973706877570795
18687851,2023-12-01 00:00:00,better_return,$1-100,gte5,55.04421544548898,54.86482165677562,27.049650941861742
18687851,2023-12-01 00:00:00,better_return,$1-100,lt5,19.030328637162498,0.0006365911080385978,27.518905110921335
18687851,2023-12-01 00:00:00,better_return,$100-1K,all,27.567347340626302,18.350789994336342,29.040642419421566
18687851,2023-12-01 00:00:00,better_return,$100-1K,gte5,50.67454022526039,48.962076408404506,24.965479789737085
18687851,2023-12-01 00:00:00,better_return,$100-1K,lt5,22.825299080642296,10.122796828472579,27.503866670965106
18687851,2023-12-01 00:00:00,better_return,$10K+,all,35.07788735612798,32.22181947008345,31.27853276384579
18687851,2023-12-01 00:00:00,better_return,$10K+,gte5,56.68454557317921,57.05912075005134,25.43731653413063
18687851,2023-12-01 00:00:00,better_return,$10K+,lt5,23.02334148788739,10.162086738047226,27.52106086282654
18687851,2023-12-01 00:00:00,better_return,$1K-10K,all,33.58009908107934,29.744634913511018,29.762039865893676
18687851,2023-12-01 00:00:00,better_return,$1K-10K,gte5,52.16241383548047,51.06607780219038,24.419133776894665
18687851,2023-12-01 00:00:00,better_return,$1K-10K,lt5,24.805594470914833,13.547369424940321,27.971979812877187
18687851,2023-12-01 00:00:00,better_return,OVERALL,all,25.75905487676395,12.206404979795966,29.77961402481026
18687851,2023-12-01 00:00:00,better_return,OVERALL,gte5,53.334765685790146,52.29432162657841,25.59929619457252
18687851,2023-12-01 00:00:00,better_return,OVERALL,lt5,21.275439684439572,4.600495715091355,27.941445799149374
18687851,2023-12-01 00:00:00,max_sharpe,$0-1,all,42.395086984935475,45.087098105792485,32.387722168586336
18687851,2023-12-01 00:00:00,max_sharpe,$0-1,gte5,64.17954243550207,67.22271206220508,25.42239168438237
18687851,2023-12-01 00:00:00,max_sharpe,$0-1,lt5,41.253215471109,43.04559723464908,32.30933897343902
18687851,2023-12-01 00:00:00,max_sharpe,$1-100,all,44.46101023099534,47.9663508379932,29.460477474188203
18687851,2023-12-01 00:00:00,max_sharpe,$1-100,gte5,63.920359587468845,65.39856989950204,22.73783475485302
18687851,2023-12-01 00:00:00,max_sharpe,$1-100,lt5,43.005739349101354,45.424052595107945,29.38922489371397
18687851,2023-12-01 00:00:00,max_sharpe,$100-1K,all,43.707050075363895,43.384109264313935,28.801863223685405
18687851,2023-12-01 00:00:00,max_sharpe,$100-1K,gte5,59.48770649480216,59.48275659066526,21.768770779688424
18687851,2023-12-01 00:00:00,max_sharpe,$100-1K,lt5,40.468550501278244,38.29988251800841,28.999042690045403
18687851,2023-12-01 00:00:00,max_sharpe,$10K+,all,52.5488801409256,56.7460143930054,30.640581530561395
18687851,2023-12-01 00:00:00,max_sharpe,$10K+,gte5,65.95214530502537,67.26583999850602,21.930887240030266
18687851,2023-12-01 00:00:00,max_sharpe,$10K+,lt5,45.07107986835389,44.05543562809986,32.22051284224609
18687851,2023-12-01 00:00:00,max_sharpe,$1K-10K,all,47.619252300792844,48.72354144979013,28.725072809847976
18687851,2023-12-01 00:00:00,max_sharpe,$1K-10K,gte5,60.38602878459894,60.301898046687654,21.31004018805492
18687851,2023-12-01 00:00:00,max_sharpe,$1K-10K,lt5,41.590824702042596,39.56386189683552,29.782819253234596
18687851,2023-12-01 00:00:00,max_sharpe,OVERALL,all,44.848624153622055,47.03332511994331,29.79275486612618
18687851,2023-12-01 00:00:00,max_sharpe,OVERALL,gte5,61.83160939768525,62.21580062596799,22.188655213954153
18687851,2023-12-01 00:00:00,max_sharpe,OVERALL,lt5,42.08731108435441,42.24087309634598,29.955911018292195
18687851,2023-12-01 00:00:00,safer_risk,$0-1,all,6.230499163308237,1.1109758252247914e-07,15.965355182862119
18687851,2023-12-01 00:00:00,safer_risk,$0-1,gte5,43.850931751798434,39.96478909500213,23.453485604819303
18687851,2023-12-01 00:00:00,safer_risk,$0-1,lt5,4.258556352614401,9.199926376268763e-08,12.702264323819245
18687851,2023-12-01 00:00:00,safer_risk,$1-100,all,8.698795571432314,1.5120859564454747e-07,17.96430368911603
18687851,2023-12-01 00:00:00,safer_risk,$1-100,gte5,44.87752021191905,44.58434945644255,20.48819153951207
18687851,2023-12-01 00:00:00,safer_risk,$1-100,lt5,5.993163253060423,1.1513627828918516e-07,14.500060290848504
18687851,2023-12-01 00:00:00,safer_risk,$100-1K,all,15.076261779090057,1.0009312399750225e-06,21.422993687436925
18687851,2023-12-01 00:00:00,safer_risk,$100-1K,gte5,43.04253791457359,42.355257737368376,19.182801562517856
18687851,2023-12-01 00:00:00,safer_risk,$100-1K,lt5,9.337034528570598,1.751359085533366e-07,16.857316819795162
18687851,2023-12-01 00:00:00,safer_risk,$10K+,all,24.142549421194463,14.38799690226813,26.476823416936078
18687851,2023-12-01 00:00:00,safer_risk,$10K+,gte5,48.89608865990165,49.86899961964021,20.808248570464443
18687851,2023-12-01 00:00:00,safer_risk,$10K+,lt5,10.332330776702513,2.215563760232797e-07,17.832272864679013
18687851,2023-12-01 00:00:00,safer_risk,$1K-10K,all,22.410947519541068,14.280109902738506,24.41390938401813
18687851,2023-12-01 00:00:00,safer_risk,$1K-10K,gte5,45.24766261886875,45.2126579234377,19.27078225373059
18687851,2023-12-01 00:00:00,safer_risk,$1K-10K,lt5,11.62752981467168,4.947210686251369e-07,18.427982904905058
18687851,2023-12-01 00:00:00,safer_risk,OVERALL,all,12.530322320649873,2.198049658952428e-07,20.88528467848264
18687851,2023-12-01 00:00:00,safer_risk,OVERALL,gte5,44.95658265988201,44.68105270881032,20.03271246294477
18687851,2023-12-01 00:00:00,safer_risk,OVERALL,lt5,7.2580421428472555,1.3511417193412534e-07,15.591986878128964
18908895,2024-01-01 00:00:00,better_return,$0-1,all,30.48008120710317,28.420703881426682,29.810594544223065
18908895,2024-01-01 00:00:00,better_return,$0-1,gte5,65.16764514795338,72.16255655929072,26.81721516059748
18908895,2024-01-01 00:00:00,better_return,$0-1,lt5,28.643760295146972,23.342622751329888,28.81973050915915
18908895,2024-01-01 00:00:00,better_return,$1-100,all,31.901318947148855,21.11531630057373,32.63105116960608
18908895,2024-01-01 00:00:00,better_return,$1-100,gte5,56.410946939472254,56.83350634895452,26.867352662484926
18908895,2024-01-01 00:00:00,better_return,$1-100,lt5,30.08783019905056,16.39648902931823,32.286576684698986
18908895,2024-01-01 00:00:00,better_return,$100-1K,all,30.569353584204485,22.948100923827493,30.430230828695063
18908895,2024-01-01 00:00:00,better_return,$100-1K,gte5,54.552991805504824,53.973721040386316,25.420034190350126
18908895,2024-01-01 00:00:00,better_return,$100-1K,lt5,25.930524417963507,14.149618391545246,29.109223207258765
18908895,2024-01-01 00:00:00,better_return,$10K+,all,38.86744814953555,36.124653043528895,33.00530590272437
18908895,2024-01-01 00:00:00,better_return,$10K+,gte5,61.41680308934503,63.01594039957587,25.55892999176392
18908895,2024-01-01 00:00:00,better_return,$10K+,lt5,25.350386883359235,12.581720433123309,29.381174571317334
18908895,2024-01-01 00:00:00,better_return,$1K-10K,all,37.09645950700228,34.30433605958548,31.134617720793532
18908895,2024-01-01 00:00:00,better_return,$1K-10K,gte5,56.526712499322414,56.58154649024017,24.937759590660857
18908895,2024-01-01 00:00:00,better_return,$1K-10K,lt5,28.101771994831136,18.347506016461374,29.572706201835505
18908895,2024-01-01 00:00:00,better_return,OVERALL,all,32.533347115120854,25.85643491044169,31.653913875968897
18908895,2024-01-01 00:00:00,better_return,OVERALL,gte5,57.1134377563739,57.48716231244355,25.8147500772667
18908895,2024-01-01 00:00:00,better_return,OVERALL,lt5,28.475666449106917,16.88341898665945,30.678383680418094
18908895,2024-01-01 00:00:00,max_sharpe,$0-1,all,46.94097660425836,49.003920987827684,32.37471737150397
18908895,2024-01-01 00:00:00,max_sharpe,$0-1,gte5,71.95184680355591,71.81493739152128,20.067883226556663
18908895,2024-01-01 00:00:00,max_sharpe,$0-1,lt5,45.61692905651156,47.00363903464761,32.36388905774707
18908895,2024-01-01 00:00:00,max_sharpe,$1-100,all,41.00911199796172,45.13707526768526,27.89930948395788
18908895,2024-01-01 00:00:00,max_sharpe,$1-100,gte5,63.148607333672885,64.3242606020303,21.558424925734872
18908895,2024-01-01 00:00:00,max_sharpe,$1-100,lt5,39.370991431935074,42.47549860456478,27.615668131025544
18908895,2024-01-01 00:00:00,max_sharpe,$100-1K,all,44.514703780041216,44.44947418786852,28.44742293952645
18908895,2024-01-01 00:00:00,max_sharpe,$100-1K,gte5,61.33471603808649,61.84194884606755,20.848296347820167
18908895,2024-01-01 00:00:00,max_sharpe,$100-1K,lt5,41.26143741906619,39.871113695983176,28.572842985430064
18908895,2024-01-01 00:00:00,max_sharpe,$10K+,all,55.20783040400267,60.62606117435257,29.23475614347498
18908895,2024-01-01 00:00:00,max_sharpe,$10K+,gte5,68.00237628716529,70.04549479724078,20.43979750600444
18908895,2024-01-01 00:00:00,max_sharpe,$10K+,lt5,47.53822473070279,48.594152032115076,30.9775887461117
18908895,2024-01-01 00:00:00,max_sharpe,$1K-10K,all,48.557082092778906,50.14417713188794,28.1088186745646
18908895,2024-01-01 00:00:00,max_sharpe,$1K-10K,gte5,62.413953024909105,63.11366523106348,20.231044835137983
18908895,2024-01-01 00:00:00,max_sharpe,$1K-10K,lt5,42.142434585087656,40.70473847384491,28.919849701340453
18908895,2024-01-01 00:00:00,max_sharpe,OVERALL,all,44.55414902339269,45.945379108134034,29.04453434978045
18908895,2024-01-01 00:00:00,max_sharpe,OVERALL,gte5,63.56755282356197,64.71650697040306,20.898502350148995
18908895,2024-01-01 00:00:00,max_sharpe,OVERALL,lt5,41.415416863244474,42.16133232324753,29.00372767917021
18908895,2024-01-01 00:00:00,safer_risk,$0-1,all,7.877722913195036,6.208743554003693e-08,17.741855809049447
18908895,2024-01-01 00:00:00,safer_risk,$0-1,gte5,50.51598044074214,57.463116372452205,22.270215956787645
18908895,2024-01-01 00:00:00,safer_risk,$0-1,lt5,5.620501158426566,5.522521398515501e-08,14.277366907980218
18908895,2024-01-01 00:00:00,safer_risk,$1-100,all,8.76909905780903,7.983479155537765e-08,17.952733583677553
18908895,2024-01-01 00:00:00,safer_risk,$1-100,gte5,45.42595001710617,45.60609698423186,20.057235456518182
18908895,2024-01-01 00:00:00,safer_risk,$1-100,lt5,6.0568266897329694,6.44497927249077e-08,14.477650534588156
18908895,2024-01-01 00:00:00,safer_risk,$100-1K,all,14.945977456992622,8.830474969301338e-07,21.463364801623733
18908895,2024-01-01 00:00:00,safer_risk,$100-1K,gte5,43.71572337077814,43.19803481513723,18.99101434384703
18908895,2024-01-01 00:00:00,safer_risk,$100-1K,lt5,9.381436530433641,1.9689891175844743e-07,16.99902154446066
18908895,2024-01-01 00:00:00,safer_risk,$10K+,all,26.295385948927578,18.486140018081258,27.36609412751814
18908895,2024-01-01 00:00:00,safer_risk,$10K+,gte5,50.744410736108044,52.12737030224436,20.47059210638427
18908895,2024-01-01 00:00:00,safer_risk,$10K+,lt5,11.639580191790733,2.7103344221734993e-07,19.32671197301848
18908895,2024-01-01 00:00:00,safer_risk,$1K-10K,all,22.998787965463677,15.070271232083531,24.778549905794673
18908895,2024-01-01 00:00:00,safer_risk,$1K-10K,gte5,46.2950462033141,46.434580376152525,19.147049894560237
18908895,2024-01-01 00:00:00,safer_risk,$1K-10K,lt5,12.214442381536989,6.643073376111364e-07,18.998721072154883
18908895,2024-01-01 00:00:00,safer_risk,OVERALL,all,13.171018329834157,1.794132606369736e-07,21.379806580442242
18908895,2024-01-01 00:00:00,safer_risk,OVERALL,gte5,46.280545251056786,46.52001305952784,19.80454846115364
18908895,2024-01-01 00:00:00,safer_risk,OVERALL,lt5,7.705298564601342,9.271976519897862e-08,16.030109953615362
19129889,2024-02-01 00:00:00,better_return,$0-1,all,26.438596749624566,22.340285515401312,28.757992067420986
19129889,2024-02-01 00:00:00,better_return,$0-1,gte5,60.31260745147319,60.55836214966283,30.106978469373665
19129889,2024-02-01 00:00:00,better_return,$0-1,lt5,24.597450372939065,20.180173887792307,27.512739861007955
19129889,2024-02-01 00:00:00,better_return,$1-100,all,30.993382313039405,18.485390840528993,32.7358078827296
19129889,2024-02-01 00:00:00,better_return,$1-100,gte5,57.65951356179521,58.997433233129264,27.27674893881586
19129889,2024-02-01 00:00:00,better_return,$1-100,lt5,29.044173952052894,13.90759736983454,32.24598709226219
19129889,2024-02-01 00:00:00,better_return,$100-1K,all,30.995691180034004,22.42259067752937,31.126896088736906
19129889,2024-02-01 00:00:00,better_return,$100-1K,gte5,56.47453857898126,57.02479287605562,25.884128472839915
19129889,2024-02-01 00:00:00,better_return,$100-1K,lt5,25.850850679246044,12.940808349933974,29.524314859712963
19129889,2024-02-01 00:00:00,better_return,$10K+,all,39.91268497273831,38.245236336200676,33.67236855025352
19129889,2024-02-01 00:00:00,better_return,$10K+,gte5,61.37558415063909,63.91512217392705,26.54579896404183
19129889,2024-02-01 00:00:00,better_return,$10K+,lt5,26.966873532822024,12.752004308266024,30.77716852443019
19129889,2024-02-01 00:00:00,better_return,$1K-10K,all,37.961081522630735,35.347543102143284,32.01432138782944
19129889,2024-02-01 00:00:00,better_return,$1K-10K,gte5,58.23205212304726,59.29347571517138,25.606247430506098
19129889,2024-02-01 00:00:00,better_return,$1K-10K,lt5,28.25170420690532,17.310595490690712,30.17755035259188
19129889,2024-02-01 00:00:00,better_return,OVERALL,all,31.823982567600492,23.692881771409414,32.00399996736209
19129889,2024-02-01 00:00:00,better_return,OVERALL,gte5,58.16538325637186,59.27307467390525,26.458379215533064
19129889,2024-02-01 00:00:00,better_return,OVERALL,lt5,27.484496964734017,14.69146816035244,30.73316376917714
19129889,2024-02-01 00:00:00,max_sharpe,$0-1,all,47.41170573182233,52.469026025287526,34.60417903497678
19129889,2024-02-01 00:00:00,max_sharpe,$0-1,gte5,71.07160519761784,82.0298260677926,26.203902977821517
19129889,2024-02-01 00:00:00,max_sharpe,$0-1,lt5,46.12572461321159,49.46709154181217,34.54177546192133
19129889,2024-02-01 00:00:00,max_sharpe,$1-100,all,44.931327331324994,44.10609229882745,30.674582743589298
19129889,2024-02-01 00:00:00,max_sharpe,$1-100,gte5,71.30267650239824,77.09561788217287,23.358895093378568
19129889,2024-02-01 00:00:00,max_sharpe,$1-100,lt5,43.0036665913686,44.10609229882745,30.253496174351717
19129889,2024-02-01 00:00:00,max_sharpe,$100-1K,all,49.86338885870051,55.498165442895754,31.74276661484847
19129889,2024-02-01 00:00:00,max_sharpe,$100-1K,gte5,70.64662403097056,75.83000681299146,22.35504503733349
19129889,2024-02-01 00:00:00,max_sharpe,$100-1K,lt5,45.666714324038765,48.265071985660555,31.70678882189398
19129889,2024-02-01 00:00:00,max_sharpe,$10K+,all,59.62135336991852,73.16195958728713,32.332566931792364
19129889,2024-02-01 00:00:00,max_sharpe,$10K+,gte5,74.74746184780057,81.41971399704964,22.302936592921775
19129889,2024-02-01 00:00:00,max_sharpe,$10K+,lt5,50.49771417507926,59.257495273234426,33.98052110577791
19129889,2024-02-01 00:00:00,max_sharpe,$1K-10K,all,54.768903514218685,63.50501883794713,31.89566743935684
19129889,2024-02-01 00:00:00,max_sharpe,$1K-10K,gte5,71.52456773926252,76.68191558310241,22.048952494509134
19129889,2024-02-01 00:00:00,max_sharpe,$1K-10K,lt5,46.74328553353799,50.14513868739098,32.75473872009818
19129889,2024-02-01 00:00:00,max_sharpe,OVERALL,all,48.5800466157297,51.196080626797105,32.02645001656213
19129889,2024-02-01 00:00:00,max_sharpe,OVERALL,gte5,71.66407036054594,77.3350811388452,22.706986900957695
19129889,2024-02-01 00:00:00,max_sharpe,OVERALL,lt5,44.77718169292567,44.10609229882745,31.7407956817726
19129889,2024-02-01 00:00:00,safer_risk,$0-1,all,7.2475676593139635,9.893716401698782e-08,17.087016875301515
19129889,2024-02-01 00:00:00,safer_risk,$0-1,gte5,48.67792635236555,50.687917343418974,22.363353257832603
19129889,2024-02-01 00:00:00,safer_risk,$0-1,lt5,4.995712823939208,8.177754029503603e-08,13.501377175119277
19129889,2024-02-01 00:00:00,safer_risk,$1-100,all,8.851500982849764,6.973923660780201e-08,18.388055013942882
19129889,2024-02-01 00:00:00,safer_risk,$1-100,gte5,46.695643348985904,46.95774578641886,20.85343773671165
19129889,2024-02-01 00:00:00,safer_risk,$1-100,lt5,6.085215989113513,5.7668064767923966e-08,14.788812484012777
19129889,2024-02-01 00:00:00,safer_risk,$100-1K,all,15.872182233152687,5.4917025822665e-07,22.657827227860835
19129889,2024-02-01 00:00:00,safer_risk,$100-1K,gte5,45.70555441680768,45.41499621126789,19.87503240761419
19129889,2024-02-01 00:00:00,safer_risk,$100-1K,lt5,9.848050172457906,1.2853109340738023e-07,17.923924017821708
19129889,2024-02-01 00:00:00,safer_risk,$10K+,all,27.019658734623167,18.108408314931367,28.561146304498315
19129889,2024-02-01 00:00:00,safer_risk,$10K+,gte5,52.228060772874514,53.51480618038418,21.751897354858095
19129889,2024-02-01 00:00:00,safer_risk,$10K+,lt5,11.814666306348505,2.206712951258183e-07,20.19646534234112
19129889,2024-02-01 00:00:00,safer_risk,$1K-10K,all,24.35214782440468,15.846134806589617,26.263715062753473
19129889,2024-02-01 00:00:00,safer_risk,$1K-10K,gte5,48.59097659504393,48.76255772775929,20.34637821966382
19129889,2024-02-01 00:00:00,safer_risk,$1K-10K,lt5,12.74224818691213,3.3266042871737955e-07,20.14172539445788
19129889,2024-02-01 00:00:00,safer_risk,OVERALL,all,13.41529899171357,1.4496696620902583e-07,22.1299699650552
19129889,2024-02-01 00:00:00,safer_risk,OVERALL,gte5,47.90192843284975,48.11487590921703,20.739237171104637
19129889,2024-02-01 00:00:00,safer_risk,OVERALL,lt5,7.733967398173867,8.18140159786207e-08,16.47270069915549
19336607,2024-03-01 00:00:00,better_return,$0-1,all,34.75709708855018,27.517602967146143,33.830708067290956
19336607,2024-03-01 00:00:00,better_return,$0-1,gte5,64.17637847871698,72.9595719179008,29.910592125323983
19336607,2024-03-01 00:00:00,better_return,$0-1,lt5,33.1622792458703,27.517602967146143,33.29568063193449
19336607,2024-03-01 00:00:00,better_return,$1-100,all,31.149214826783247,15.903883436617296,33.618601776127335
19336607,2024-03-01 00:00:00,better_return,$1-100,gte5,55.81143234417185,56.767390856588584,28.62941017861669
19336607,2024-03-01 00:00:00,better_return,$1-100,lt5,29.483136495573433,11.883023410155136,33.27651642480944
19336607,2024-03-01 00:00:00,better_return,$100-1K,all,27.762891869997812,17.093929396422233,29.76978997610258
19336607,2024-03-01 00:00:00,better_return,$100-1K,gte5,51.39502261424061,50.17680739833309,26.097173836224613
19336607,2024-03-01 00:00:00,better_return,$100-1K,lt5,23.664673275455296,10.307665698320886,28.42846237549552
19336607,2024-03-01 00:00:00,better_return,$10K+,all,37.16842615674611,34.33394955353795,31.745488737846777
19336607,2024-03-01 00:00:00,better_return,$10K+,gte5,54.894522038128,55.06560284922381,25.999386087346426
19336607,2024-03-01 00:00:00,better_return,$10K+,lt5,26.064716323182747,12.551706713332333,29.92503687826066
19336607,2024-03-01 00:00:00,better_return,$1K-10K,all,33.387665986377215,27.931073585231523,30.484040782504763
19336607,2024-03-01 00:00:00,better_return,$1K-10K,gte5,51.84241185324602,50.72622332309035,25.57396098183427
19336607,2024-03-01 00:00:00,better_return,$1K-10K,lt5,25.529743442228334,13.396255346088541,28.977829772378612
19336607,2024-03-01 00:00:00,better_return,OVERALL,all,31.534428592204165,21.314345876727927,32.26748162880083
19336607,2024-03-01 00:00:00,better_return,OVERALL,gte5,53.584840206101646,53.13665229901965,26.748022330936234
19336607,2024-03-01 00:00:00,better_return,OVERALL,lt5,27.945924110353864,13.013886648921908,31.657469896042972
19336607,2024-03-01 00:00:00,max_sharpe,$0-1,all,36.87107119004565,26.86624483753163,36.191263054673776
19336607,2024-03-01 00:00:00,max_sharpe,$0-1,gte5,73.47747931977635,77.41235130610269,22.91459935264912
19336607,2024-03-01 00:00:00,max_sharpe,$0-1,lt5,34.88663954919554,20.80216026104599,35.71789114325529
19336607,2024-03-01 00:00:00,max_sharpe,$1-100,all,45.47933033352258,48.064846124463145,32.29296524731354
19336607,2024-03-01 00:00:00,max_sharpe,$1-100,gte5,68.7043546630582,74.23742270522354,24.447954208149472
19336607,2024-03-01 00:00:00,max_sharpe,$1-100,lt5,43.91034288338836,44.829345409629916,32.15596150168527
19336607,2024-03-01 00:00:00,max_sharpe,$100-1K,all,43.12938158272953,42.69863408720754,30.81184342703124
19336607,2024-03-01 00:00:00,max_sharpe,$100-1K,gte5,62.79757973679565,64.95084971204773,23.544617796442285
19336607,2024-03-01 00:00:00,max_sharpe,$100-1K,lt5,39.71857718813314,37.01869914423886,30.645648574315594
19336607,2024-03-01 00:00:00,max_sharpe,$10K+,all,51.15562522571331,56.027261546443405,31.194379302901034
19336607,2024-03-01 00:00:00,max_sharpe,$10K+,gte5,64.77953741803114,67.07153834973965,22.701607642308048
19336607,2024-03-01 00:00:00,max_sharpe,$10K+,lt5,42.621542549316814,40.83454385453089,32.721810087233415
19336607,2024-03-01 00:00:00,max_sharpe,$1K-10K,all,46.49625105806312,48.24340915777579,30.428946678708172
19336607,2024-03-01 00:00:00,max_sharpe,$1K-10K,gte5,62.17083145916765,63.602576194438086,22.522837675534554
19336607,2024-03-01 00:00:00,max_sharpe,$1K-10K,lt5,39.82210666222855,37.217256803678325,30.903380658563297
19336607,2024-03-01 00:00:00,max_sharpe,OVERALL,all,44.34763376705831,45.76083534657866,32.29667562111501
19336607,2024-03-01 00:00:00,max_sharpe,OVERALL,gte5,64.53494524588828,67.03845746455167,23.407108489200862
19336607,2024-03-01 00:00:00,max_sharpe,OVERALL,lt5,41.062331932936054,39.54117494110812,32.35038268587363
19336607,2024-03-01 00:00:00,safer_risk,$0-1,all,6.9059674917274645,8.46753368810571e-08,17.12536298771648
19336607,2024-03-01 00:00:00,safer_risk,$0-1,gte5,48.672286075111565,51.42568478835313,22.10213500219957
19336607,2024-03-01 00:00:00,safer_risk,$0-1,lt5,4.641817350993575,7.614038601000406e-08,13.527898270630793
19336607,2024-03-01 00:00:00,safer_risk,$1-100,all,8.882270424719058,6.226227484973368e-08,18.79881448009165
19336607,2024-03-01 00:00:00,safer_risk,$1-100,gte5,47.51043132743757,47.67849780393578,21.831346029333005
19336607,2024-03-01 00:00:00,safer_risk,$1-100,lt5,6.272710201307297,4.973209483116747e-08,15.409725071786152
19336607,2024-03-01 00:00:00,safer_risk,$100-1K,all,14.115412318217023,2.5001085160458736e-07,21.45893460406636
19336607,2024-03-01 00:00:00,safer_risk,$100-1K,gte5,43.84478543742496,43.24616639046094,20.34679417083666
19336607,2024-03-01 00:00:00,safer_risk,$100-1K,lt5,8.959826855365337,1.0922910700927879e-07,16.99107453293179
19336607,2024-03-01 00:00:00,safer_risk,$10K+,all,25.812070700822765,17.810539418819985,27.07754502379077
19336607,2024-03-01 00:00:00,safer_risk,$10K+,gte5,48.887286322377065,49.7472134989529,21.231031723274192
19336607,2024-03-01 00:00:00,safer_risk,$10K+,lt5,11.3576471028007,1.9993237343474135e-07,19.174054614165588
19336607,2024-03-01 00:00:00,safer_risk,$1K-10K,all,21.859968332778248,12.211740827286292,24.874164701644727
19336607,2024-03-01 00:00:00,safer_risk,$1K-10K,gte5,45.76029975119273,45.54676496647751,20.381369138698954
19336607,2024-03-01 00:00:00,safer_risk,$1K-10K,lt5,11.683347401760564,2.8131111294571465e-07,18.93436818307407
19336607,2024-03-01 00:00:00,safer_risk,OVERALL,all,13.02756245443903,1.2756930789503684e-07,21.7438312309251
19336607,2024-03-01 00:00:00,safer_risk,OVERALL,gte5,46.29155575259825,46.33010017271689,20.963454466537033
19336607,2024-03-01 00:00:00,safer_risk,OVERALL,lt5,7.614149266294915,7.623433759262888e-08,16.396379927303062
19557289,2024-04-01 00:00:00,better_return,$0-1,all,25.62419742407772,9.450047994270673,30.734882680186992
19557289,2024-04-01 00:00:00,better_return,$0-1,gte5,63.50488225135239,66.5753758273867,28.4550381339998
19557289,2024-04-01 00:00:00,better_return,$0-1,lt5,23.611930448146072,5.867855046964567,29.521646421710326
19557289,2024-04-01 00:00:00,better_return,$1-100,all,21.07715182070951,0.0005335875583142857,29.41519716185691
19557289,2024-04-01 00:00:00,better_return,$1-100,gte5,55.58567628361243,56.107503290599155,28.309190261170624
19557289,2024-04-01 00:00:00,better_return,$1-100,lt5,18.734936088155337,3.003543913582263e-06,27.987054392786153
19557289,2024-04-01 00:00:00,better_return,$100-1K,all,26.214512755219214,14.761507772793331,29.22292249380215
19557289,2024-04-01 00:00:00,better_return,$100-1K,gte5,50.88071169085023,49.5284480272406,26.2396517992909
19557289,2024-04-01 00:00:00,better_return,$100-1K,lt5,22.38945805655559,8.613843009909182,27.76071993850146
19557289,2024-04-01 00:00:00,better_return,$10K+,all,35.35088733294103,32.72177642144186,30.317879993515284
19557289,2024-04-01 00:00:00,better_return,$10K+,gte5,52.97420773646726,52.47219131476418,25.30698590988914
19557289,2024-04-01 00:00:00,better_return,$10K+,lt5,23.8956360617804,11.658311985928183,27.69928255118139
19557289,2024-04-01 00:00:00,better_return,$1K-10K,all,32.12925645015268,26.530511330382932,29.806794127604
19557289,2024-04-01 00:00:00,better_return,$1K-10K,gte5,50.168583081960854,48.541160743735745,25.434339300097935
19557289,2024-04-01 00:00:00,better_return,$1K-10K,lt5,25.027580371355636,13.399854379561999,28.37237037738112
19557289,2024-04-01 00:00:00,better_return,OVERALL,all,25.900022979267455,12.177415033698104,30.040808592279767
19557289,2024-04-01 00:00:00,better_return,OVERALL,gte5,52.420382989090044,51.61613513346304,26.42386702173373
19557289,2024-04-01 00:00:00,better_return,OVERALL,lt5,21.509739331967165,3.8961817033386192,28.294041568503186
19557289,2024-04-01 00:00:00,max_sharpe,$0-1,all,46.58030937406573,50.02212063682331,31.20771404921564
19557289,2024-04-01 00:00:00,max_sharpe,$0-1,gte5,73.62151316512345,74.55613094573094,20.932055315040678
19557289,2024-04-01 00:00:00,max_sharpe,$0-1,lt5,45.143848506837614,47.99439933216081,31.00767629525797
19557289,2024-04-01 00:00:00,max_sharpe,$1-100,all,41.818511197073114,45.73372630443299,29.404679076304895
19557289,2024-04-01 00:00:00,max_sharpe,$1-100,gte5,64.57176900356619,66.64819472378662,22.655519321130033
19557289,2024-04-01 00:00:00,max_sharpe,$1-100,lt5,40.27416703195183,43.120159128680974,29.17121613974299
19557289,2024-04-01 00:00:00,max_sharpe,$100-1K,all,39.11490127899937,37.02897802817762,28.380254325000454
19557289,2024-04-01 00:00:00,max_sharpe,$100-1K,gte5,58.4873425227297,58.60420300928109,22.130038521031427
19557289,2024-04-01 00:00:00,max_sharpe,$100-1K,lt5,36.11076401418249,32.45850135932985,28.056613010409382
19557289,2024-04-01 00:00:00,max_sharpe,$10K+,all,48.1326221868255,49.893328508442316,28.690309420706047
19557289,2024-04-01 00:00:00,max_sharpe,$10K+,gte5,61.11174538328768,61.89849214884693,21.157112127680353
19557289,2024-04-01 00:00:00,max_sharpe,$10K+,lt5,39.69612361048044,37.73549242591679,29.7749470293366
19557289,2024-04-01 00:00:00,max_sharpe,$1K-10K,all,43.27533522895422,42.95136745480599,27.810387929706508
19557289,2024-04-01 00:00:00,max_sharpe,$1K-10K,gte5,57.53519676083734,57.52202988781583,21.336216983970072
19557289,2024-04-01 00:00:00,max_sharpe,$1K-10K,lt5,37.66154932691453,35.00327085035264,28.055549420798776
19557289,2024-04-01 00:00:00,max_sharpe,OVERALL,all,42.451741153835435,43.31786693072973,29.19053656403731
19557289,2024-04-01 00:00:00,max_sharpe,OVERALL,gte5,60.398114775584666,60.96763776418447,22.03059467634764
19557289,2024-04-01 00:00:00,max_sharpe,OVERALL,lt5,39.48082859417475,38.76175627470211,29.166003356607444
19557289,2024-04-01 00:00:00,safer_risk,$0-1,all,7.001400446224017,7.613031871578357e-08,16.34910408375985
19557289,2024-04-01 00:00:00,safer_risk,$0-1,gte5,46.22692557940622,46.57582058886032,23.16979387594957
19557289,2024-04-01 00:00:00,safer_risk,$0-1,lt5,4.91769395572664,6.823890411067346e-08,12.918945793214066
19557289,2024-04-01 00:00:00,safer_risk,$1-100,all,8.735714136435112,7.325459544516022e-08,18.66401036395224
19557289,2024-04-01 00:00:00,safer_risk,$1-100,gte5,46.97839836947957,47.064270220877006,21.489026791476096
19557289,2024-04-01 00:00:00,safer_risk,$1-100,lt5,6.140047759507631,6.258074197740271e-08,15.318083585849996
19557289,2024-04-01 00:00:00,safer_risk,$100-1K,all,13.073114356464533,3.422651918827402e-07,20.77701755582676
19557289,2024-04-01 00:00:00,safer_risk,$100-1K,gte5,43.52330415334386,43.045992432323615,20.354673537856762
19557289,2024-04-01 00:00:00,safer_risk,$100-1K,lt5,8.351120430213376,1.4241152562766146e-07,16.379736745925598
19557289,2024-04-01 00:00:00,safer_risk,$10K+,all,25.17817435419686,18.29129311591618,26.037166477604796
19557289,2024-04-01 00:00:00,safer_risk,$10K+,gte5,46.77749080252508,46.96484222133859,20.744721096909196
19557289,2024-04-01 00:00:00,safer_risk,$10K+,lt5,11.138504670190947,4.2568969495226927e-07,18.39864428835271
19557289,2024-04-01 00:00:00,safer_risk,$1K-10K,all,20.27230874436578,10.24336286035175,23.786617910104706
19557289,2024-04-01 00:00:00,safer_risk,$1K-10K,gte5,43.571901048177715,42.98223932499877,20.128675177820295
19557289,2024-04-01 00:00:00,safer_risk,$1K-10K,lt5,11.099784698044406,4.7504963990308013e-07,18.198693632314942
19557289,2024-04-01 00:00:00,safer_risk,OVERALL,all,12.82326491734743,1.7916670091988607e-07,21.277162671603122
19557289,2024-04-01 00:00:00,safer_risk,OVERALL,gte5,44.91497063200955,44.68842414782149,20.748385190716135
19557289,2024-04-01 00:00:00,safer_risk,OVERALL,lt5,7.510679011241187,9.582270532604298e-08,16.052505960289444
19771560,2024-05-01 00:00:00,better_return,$0-1,all,24.31157265856425,4.437574585005105,30.890963216132633
19771560,2024-05-01 00:00:00,better_return,$0-1,gte5,60.15141340659055,60.08339715061844,30.678219550264238
19771560,2024-05-01 00:00:00,better_return,$0-1,lt5,22.337396548255004,0.3711646615036882,29.67024089025022
19771560,2024-05-01 00:00:00,better_return,$1-100,all,21.97398763025741,0.00021635238510453458,30.658539097892643
19771560,2024-05-01 00:00:00,better_return,$1-100,gte5,60.31577935851048,63.79301724326489,29.21222508617366
19771560,2024-05-01 00:00:00,better_return,$1-100,lt5,19.15762616708938,4.305908533897007e-06,28.816501715636146
19771560,2024-05-01 00:00:00,better_return,$100-1K,all,26.246743892738273,12.435396035544318,30.457214804484202
19771560,2024-05-01 00:00:00,better_return,$100-1K,gte5,56.44268663839272,57.107826634199874,27.562776298750233
19771560,2024-05-01 00:00:00,better_return,$100-1K,lt5,20.886685957518658,5.0690330092092974,27.692425520751154
19771560,2024-05-01 00:00:00,better_return,$10K+,all,36.82121429556512,31.544813898574773,33.92683220452778
19771560,2024-05-01 00:00:00,better_return,$10K+,gte5,60.82459439276234,64.02532564462456,28.09696579148472
19771560,2024-05-01 00:00:00,better_return,$10K+,lt5,21.987554752244513,6.517540183303716,28.25586361704877
19771560,2024-05-01 00:00:00,better_return,$1K-10K,all,34.0998413223698,27.016950015771823,32.40785240497136
19771560,2024-05-01 00:00:00,better_return,$1K-10K,gte5,58.120241995997745,59.44366284317668,27.155625777125852
19771560,2024-05-01 00:00:00,better_return,$1K-10K,lt5,23.529005741095947,9.774276721425863,28.675528755267983
19771560,2024-05-01 00:00:00,better_return,OVERALL,all,26.057157595136285,9.233442238287562,31.488351545247117
19771560,2024-05-01 00:00:00,better_return,OVERALL,gte5,58.626580586672766,60.398905146442075,28.055810965776683
19771560,2024-05-01 00:00:00,better_return,OVERALL,lt5,20.707140722595092,0.9334137217728772,28.67438867600599
19771560,2024-05-01 00:00:00,max_sharpe,$0-1,all,46.75449283750619,55.37384358038544,36.697320240624435
19771560,2024-05-01 00:00:00,max_sharpe,$0-1,gte5,75.64368924415032,89.94017456417527,26.07653088938196
19771560,2024-05-01 00:00:00,max_sharpe,$0-1,lt5,45.16318104030821,52.33267997847319,36.53648885417062
19771560,2024-05-01 00:00:00,max_sharpe,$1-100,all,51.44857234372233,63.31168713613231,33.485331119579484
19771560,2024-05-01 00:00:00,max_sharpe,$1-100,gte5,77.03058019066164,87.2209987318462,24.204650227272086
19771560,2024-05-01 00:00:00,max_sharpe,$1-100,lt5,49.56946920839613,59.75558805555872,33.30154625037934
19771560,2024-05-01 00:00:00,max_sharpe,$100-1K,all,46.91074265658117,50.3425314962332,33.236163865351834
19771560,2024-05-01 00:00:00,max_sharpe,$100-1K,gte5,72.82039500137492,80.88405112209702,24.184762340377652
19771560,2024-05-01 00:00:00,max_sharpe,$100-1K,lt5,42.311540743288425,41.982296716182056,32.505159749399425
19771560,2024-05-01 00:00:00,max_sharpe,$10K+,all,56.653867453004345,70.75013209700779,34.88693961155605
19771560,2024-05-01 00:00:00,max_sharpe,$10K+,gte5,76.41470627111873,85.47759177777222,24.17394034410114
19771560,2024-05-01 00:00:00,max_sharpe,$10K+,lt5,44.44202253235622,45.79039861233696,34.895072360179576
19771560,2024-05-01 00:00:00,max_sharpe,$1K-10K,all,54.2059879255127,64.10819957675501,33.45021368856601
19771560,2024-05-01 00:00:00,max_sharpe,$1K-10K,gte5,74.45678661089619,81.90642032169482,23.033975560445302
19771560,2024-05-01 00:00:00,max_sharpe,$1K-10K,lt5,45.294069002874146,48.47729118445086,33.43565373740707
19771560,2024-05-01 00:00:00,max_sharpe,OVERALL,all,50.41472545471443,59.72848315616808,34.08604949820279
19771560,2024-05-01 00:00:00,max_sharpe,OVERALL,gte5,74.89156856517526,83.5797275916789,23.961554545029166
19771560,2024-05-01 00:00:00,max_sharpe,OVERALL,lt5,46.39403636662303,51.70350654736541,33.82038135992599
19771560,2024-05-01 00:00:00,safer_risk,$0-1,all,7.6468952691549585,1.1698379071001241e-07,17.83474522679868
19771560,2024-05-01 00:00:00,safer_risk,$0-1,gte5,50.41937300282111,54.3077594792079,23.674141617138382
19771560,2024-05-01 00:00:00,safer_risk,$0-1,lt5,5.290846750016724,1.0241669040622625e-07,14.085542033834775
19771560,2024-05-01 00:00:00,safer_risk,$1-100,all,9.128641089840581,1.4054106697858337e-07,19.362206925001516
19771560,2024-05-01 00:00:00,safer_risk,$1-100,gte5,48.13656138495776,48.35838826657027,22.460306789353545
19771560,2024-05-01 00:00:00,safer_risk,$1-100,lt5,6.26334975822686,1.0938577647834347e-07,15.66521198864172
19771560,2024-05-01 00:00:00,safer_risk,$100-1K,all,15.837610939006748,2.841371068984522e-07,23.61850061251005
19771560,2024-05-01 00:00:00,safer_risk,$100-1K,gte5,48.64190430824564,48.686743351828135,21.340245905923574
19771560,2024-05-01 00:00:00,safer_risk,$100-1K,lt5,10.014546745776236,1.1616351353049836e-07,18.737291227692285
19771560,2024-05-01 00:00:00,safer_risk,$10K+,all,29.00170069966781,20.036384330992767,30.17674752808262
19771560,2024-05-01 00:00:00,safer_risk,$10K+,gte5,55.18524935240075,56.956761301716675,23.088801742990675
19771560,2024-05-01 00:00:00,safer_risk,$10K+,lt5,12.820735986453817,2.0682335288846332e-07,21.41151442230829
19771560,2024-05-01 00:00:00,safer_risk,$1K-10K,all,24.990345574777002,14.700938582068055,27.648965652780337
19771560,2024-05-01 00:00:00,safer_risk,$1K-10K,gte5,51.35400153680346,51.9195287615481,21.7983146403533
19771560,2024-05-01 00:00:00,safer_risk,$1K-10K,lt5,13.38829628832104,4.2607223235680003e-07,21.243811570319142
19771560,2024-05-01 00:00:00,safer_risk,OVERALL,all,14.172933040537526,1.6067600201730148e-07,23.464173760132432
19771560,2024-05-01 00:00:00,safer_risk,OVERALL,gte5,50.544083484282524,51.094106686978044,22.23818712098729
19771560,2024-05-01 00:00:00,safer_risk,OVERALL,lt5,8.198425337459048,1.195539181542138e-07,17.515047987467636
19993250,2024-06-01 00:00:00,better_return,$0-1,all,23.528487146479655,0.3225400706257885,31.736939992055714
19993250,2024-06-01 00:00:00,better_return,$0-1,gte5,66.59803996081006,79.9095607593637,32.23459850681333
19993250,2024-06-01 00:00:00,better_return,$0-1,lt5,21.162187152385815,1.2358559952838077e-05,29.96616569932689
19993250,2024-06-01 00:00:00,better_return,$1-100,all,20.513677342603195,1.2130374968388757e-05,29.65180432138388
19993250,2024-06-01 00:00:00,better_return,$1-100,gte5,59.295396792390804,62.72133687096036,29.909404725432427
19993250,2024-06-01 00:00:00,better_return,$1-100,lt5,17.661278708581804,2.0276168008481754e-06,27.556204254169504
19993250,2024-06-01 00:00:00,better_return,$100-1K,all,26.978147418887854,13.279664943448353,30.83072371466056
19993250,2024-06-01 00:00:00,better_return,$100-1K,gte5,58.12710261388439,60.14089016324549,28.207070056442205
19993250,2024-06-01 00:00:00,better_return,$100-1K,lt5,21.50332892840954,5.786023819236572,27.879209862618083
19993250,2024-06-01 00:00:00,better_return,$10K+,all,38.54608627401795,34.93263462014325,33.770517596724346
19993250,2024-06-01 00:00:00,better_return,$10K+,gte5,60.18343279482556,63.65832658466667,28.697574958977007
19993250,2024-06-01 00:00:00,better_return,$10K+,lt5,23.18233129006237,9.035275387784758,28.231006471781008
19993250,2024-06-01 00:00:00,better_return,$1K-10K,all,34.85353999046102,28.924579951788537,32.31593801222358
19993250,2024-06-01 00:00:00,better_return,$1K-10K,gte5,58.37625921563033,60.33686549462145,28.084194111335815
19993250,2024-06-01 00:00:00,better_return,$1K-10K,lt5,24.240370613953612,11.917520962184284,28.237450654816094
19993250,2024-06-01 00:00:00,better_return,OVERALL,all,26.14494044060528,9.509015847093002,31.548054264567195
19993250,2024-06-01 00:00:00,better_return,OVERALL,gte5,59.17383149803026,61.83981575936555,28.803138088734894
19993250,2024-06-01 00:00:00,better_return,OVERALL,lt5,20.275406734966843,0.6429163588743833,28.22061972541675
19993250,2024-06-01 00:00:00,max_sharpe,$0-1,all,40.61705686190571,36.658666069402116,37.28822562200031
19993250,2024-06-01 00:00:00,max_sharpe,$0-1,gte5,83.23704604917646,90.26562788619738,24.42931412965928
19993250,2024-06-01 00:00:00,max_sharpe,$0-1,lt5,38.2754565068502,27.4583238212018,36.45179363536968
19993250,2024-06-01 00:00:00,max_sharpe,$1-100,all,40.6169338394894,38.85628303486973,35.322235009376165
19993250,2024-06-01 00:00:00,max_sharpe,$1-100,gte5,75.1990648013438,87.32141671222846,26.48808354458049
19993250,2024-06-01 00:00:00,max_sharpe,$1-100,lt5,38.073415281864364,33.60421337459466,34.545510790985325
19993250,2024-06-01 00:00:00,max_sharpe,$100-1K,all,49.62793501094153,55.84033955691748,33.05205965869128
19993250,2024-06-01 00:00:00,max_sharpe,$100-1K,gte5,74.42227047639105,83.06882860898587,23.939106665676007
19993250,2024-06-01 00:00:00,max_sharpe,$100-1K,lt5,45.27002042229513,48.31354063522814,32.50661198374161
19993250,2024-06-01 00:00:00,max_sharpe,$10K+,all,56.321556139832985,69.68082284644458,34.848382399953685
19993250,2024-06-01 00:00:00,max_sharpe,$10K+,gte5,73.98025354346542,83.96242802213499,25.73269312100634
19993250,2024-06-01 00:00:00,max_sharpe,$10K+,lt5,43.78286984646863,43.30499769876265,35.041386737633935
19993250,2024-06-01 00:00:00,max_sharpe,$1K-10K,all,53.25134274157406,62.64834704953487,34.1497784304294
19993250,2024-06-01 00:00:00,max_sharpe,$1K-10K,gte5,73.11458309326281,81.98704032296389,24.983921518369975
19993250,2024-06-01 00:00:00,max_sharpe,$1K-10K,lt5,44.28928643333985,45.32904537884474,33.94736343716913
19993250,2024-06-01 00:00:00,max_sharpe,OVERALL,all,46.0550930570363,50.254507862892204,35.290055555129285
19993250,2024-06-01 00:00:00,max_sharpe,OVERALL,gte5,74.41011933807243,84.33738849664635,25.20277396370732
19993250,2024-06-01 00:00:00,max_sharpe,OVERALL,lt5,41.01614754138342,39.99999999999999,34.43192272001422
19993250,2024-06-01 00:00:00,safer_risk,$0-1,all,8.262283123267437,1.0776981806959185e-07,18.92892418998896
19993250,2024-06-01 00:00:00,safer_risk,$0-1,gte5,51.47488344375972,56.77381253950019,24.9215990300403
19993250,2024-06-01 00:00:00,safer_risk,$0-1,lt5,5.888123904016448,1.077698146001449e-07,15.350480698448212
19993250,2024-06-01 00:00:00,safer_risk,$1-100,all,9.502700268987759,8.00074430318265e-08,20.140921315532022
19993250,2024-06-01 00:00:00,safer_risk,$1-100,gte5,50.479281054994324,50.96537813217517,23.202375340795008
19993250,2024-06-01 00:00:00,safer_risk,$1-100,lt5,6.4888694043659525,6.851979747479753e-08,16.227066107500168
19993250,2024-06-01 00:00:00,safer_risk,$100-1K,all,16.09015757212348,4.234960132576404e-07,24.255573983788448
19993250,2024-06-01 00:00:00,safer_risk,$100-1K,gte5,50.21617508989983,50.380740495522545,22.3056694384106
19993250,2024-06-01 00:00:00,safer_risk,$100-1K,lt5,10.09208314095543,1.4489124691707822e-07,19.068910224189924
19993250,2024-06-01 00:00:00,safer_risk,$10K+,all,31.184070440572732,23.05868904583309,31.375194703612134
19993250,2024-06-01 00:00:00,safer_risk,$10K+,gte5,56.72247319865724,58.99163970181222,24.152214573262885
19993250,2024-06-01 00:00:00,safer_risk,$10K+,lt5,13.050342153720788,2.839641834173623e-07,21.846047007207368
19993250,2024-06-01 00:00:00,safer_risk,$1K-10K,all,25.41192698878329,14.129346496769516,28.488855539090316
19993250,2024-06-01 00:00:00,safer_risk,$1K-10K,gte5,52.60865199324567,53.4052773178669,22.96927690836155
19993250,2024-06-01 00:00:00,safer_risk,$1K-10K,lt5,13.14109017796912,5.033526359610185e-07,21.341623225058388
19993250,2024-06-01 00:00:00,safer_risk,OVERALL,all,15.13396192289851,1.9230087314192623e-07,24.6260570952944
19993250,2024-06-01 00:00:00,safer_risk,OVERALL,gte5,52.35874733772036,53.21117122281165,23.278468253084064
19993250,2024-06-01 00:00:00,safer_risk,OVERALL,lt5,8.518779708709845,1.0417957815866963e-07,18.108161114560826
20207949,2024-07-01 00:00:00,better_return,$0-1,all,25.40107635557642,1.2903878365722585,33.234624201520056
20207949,2024-07-01 00:00:00,better_return,$0-1,gte5,65.4580193372152,74.2771278741208,31.830498883943466
20207949,2024-07-01 00:00:00,better_return,$0-1,lt5,23.15607859069433,0.34144577951822047,31.854266619789325
20207949,2024-07-01 00:00:00,better_return,$1-100,all,20.982217146029164,0.00031646050430295114,29.483753939217827
20207949,2024-07-01 00:00:00,better_return,$1-100,gte5,57.94739801949815,60.32235324404542,29.449388471913366
20207949,2024-07-01 00:00:00,better_return,$1-100,lt5,18.07878123487267,4.240982509617908e-06,27.45351124466062
20207949,2024-07-01 00:00:00,better_return,$100-1K,all,28.319331880667043,16.237206872650695,31.15319381469031
20207949,2024-07-01 00:00:00,better_return,$100-1K,gte5,57.39453277606739,58.66535197353352,27.791109717855637
20207949,2024-07-01 00:00:00,better_return,$100-1K,lt5,22.589644576035415,7.527186570297885,28.46321117892386
20207949,2024-07-01 00:00:00,better_return,$10K+,all,38.454492822926895,34.98257418513069,33.538403516811606
20207949,2024-07-01 00:00:00,better_return,$10K+,gte5,59.222314391214695,61.47133787168882,28.286539878028478
20207949,2024-07-01 00:00:00,better_return,$10K+,lt5,24.094806104925976,9.63315620113185,29.06743054696447
20207949,2024-07-01 00:00:00,better_return,$1K-10K,all,36.403515093467234,31.733354685766145,32.30601639538386
20207949,2024-07-01 00:00:00,better_return,$1K-10K,gte5,57.41570211838608,58.407569719742725,27.47399859582675
20207949,2024-07-01 00:00:00,better_return,$1K-10K,lt5,26.022351266704423,13.87205961955143,29.334144281640203
20207949,2024-07-01 00:00:00,better_return,OVERALL,all,26.728779825190337,10.279979122434924,31.684238259544816
20207949,2024-07-01 00:00:00,better_return,OVERALL,gte5,58.18155235854864,59.908239152441354,28.35827298548581
20207949,2024-07-01 00:00:00,better_return,OVERALL,lt5,21.131873834807422,1.3194554615694374,28.845507644597934
20207949,2024-07-01 00:00:00,max_sharpe,$0-1,all,39.037255925494144,31.867239136984985,37.66757527500564
20207949,2024-07-01 00:00:00,max_sharpe,$0-1,gte5,81.9747945759093,90.00000000000003,24.989515470354938
20207949,2024-07-01 00:00:00,max_sharpe,$0-1,lt5,36.63081471644061,23.47913090598275,36.80013806432087
20207949,2024-07-01 00:00:00,max_sharpe,$1-100,all,41.41331746729586,40.032548892904906,35.052912630047395
20207949,2024-07-01 00:00:00,max_sharpe,$1-100,gte5,75.15641765175795,86.62074176680802,25.73280713189712
20207949,2024-07-01 00:00:00,max_sharpe,$1-100,lt5,38.762960387624794,35.76146741319868,34.30378276142241
20207949,2024-07-01 00:00:00,max_sharpe,$100-1K,all,50.36209624194778,57.77087925891101,33.306178272538105
20207949,2024-07-01 00:00:00,max_sharpe,$100-1K,gte5,74.15843490515368,83.20192245038444,24.24032974884508
20207949,2024-07-01 00:00:00,max_sharpe,$100-1K,lt5,45.672684807584986,49.263105945219834,32.84099218475388
20207949,2024-07-01 00:00:00,max_sharpe,$10K+,all,56.279955788038244,69.8321837931581,34.98220673569266
20207949,2024-07-01 00:00:00,max_sharpe,$10K+,gte5,73.71509203424846,83.81807368947378,25.94203853687187
20207949,2024-07-01 00:00:00,max_sharpe,$10K+,lt5,44.22461846929207,44.309639677146976,35.342078345338436
20207949,2024-07-01 00:00:00,max_sharpe,$1K-10K,all,53.89729568640466,63.68252928660427,34.008880825438695
20207949,2024-07-01 00:00:00,max_sharpe,$1K-10K,gte5,72.26197414152625,80.92990506374889,25.32630259111071
20207949,2024-07-01 00:00:00,max_sharpe,$1K-10K,lt5,44.82414516464573,46.70082198744838,34.09084827438273
20207949,2024-07-01 00:00:00,max_sharpe,OVERALL,all,46.02884551635166,50.37622963615266,35.35081113762849
20207949,2024-07-01 00:00:00,max_sharpe,OVERALL,gte5,74.03051358435111,83.97498171058066,25.290103753462763
20207949,2024-07-01 00:00:00,max_sharpe,OVERALL,lt5,41.04605096034614,40.00000000000005,34.552692709483466
20207949,2024-07-01 00:00:00,safer_risk,$0-1,all,7.065893239388087,1.332480931148794e-07,17.77695105595062
20207949,2024-07-01 00:00:00,safer_risk,$0-1,gte5,48.43862689027401,48.65508252999636,24.18658484148524
20207949,2024-07-01 00:00:00,safer_risk,$0-1,lt5,4.74715177636935,1.0868915975570381e-07,14.12929675039315
20207949,2024-07-01 00:00:00,safer_risk,$1-100,all,9.597616134454574,8.572460796774095e-08,19.698129374871858
20207949,2024-07-01 00:00:00,safer_risk,$1-100,gte5,47.96212115364319,48.39043304986761,22.12154617736575
20207949,2024-07-01 00:00:00,safer_risk,$1-100,lt5,6.584270089490373,6.768482128938214e-08,15.980314299693188
20207949,2024-07-01 00:00:00,safer_risk,$100-1K,all,16.205085847004845,8.034666931777679e-07,23.496167413167758
20207949,2024-07-01 00:00:00,safer_risk,$100-1K,gte5,47.99416420483987,47.98269089455592,20.97723004232387
20207949,2024-07-01 00:00:00,safer_risk,$100-1K,lt5,9.940589881935086,1.7744179042766817e-07,18.323753387099416
20207949,2024-07-01 00:00:00,safer_risk,$10K+,all,29.464939029447297,21.41134242949728,29.948737355615002
20207949,2024-07-01 00:00:00,safer_risk,$10K+,gte5,54.377085227846074,56.546768238511525,22.98879007431318
20207949,2024-07-01 00:00:00,safer_risk,$10K+,lt5,12.239703647596196,2.940262908146529e-07,20.636289758600604
20207949,2024-07-01 00:00:00,safer_risk,$1K-10K,all,25.177308351653558,15.723522477946123,27.2950222261563
20207949,2024-07-01 00:00:00,safer_risk,$1K-10K,gte5,50.46052382027331,51.179235480105966,21.559965456340386
20207949,2024-07-01 00:00:00,safer_risk,$1K-10K,lt5,12.68602405384031,5.867936789250017e-07,20.28777213980817
20207949,2024-07-01 00:00:00,safer_risk,OVERALL,all,14.376719538061753,2.0290807055400872e-07,23.453216274634872
20207949,2024-07-01 00:00:00,safer_risk,OVERALL,gte5,49.820707946053496,50.39775447765378,21.993802349894118
20207949,2024-07-01 00:00:00,safer_risk,OVERALL,lt5,8.069591260789768,1.0760566222789425e-07,17.277911800708804
20429973,2024-08-01 00:00:00,better_return,$0-1,all,23.625153006294237,1.1008344277807502e-05,32.58663238183593
20429973,2024-08-01 00:00:00,better_return,$0-1,gte5,63.49864664274769,75.4786697224302,33.69580806956552
20429973,2024-08-01 00:00:00,better_return,$0-1,lt5,21.321770195650046,2.3553756195449083e-06,30.991834446356012
20429973,2024-08-01 00:00:00,better_return,$1-100,all,21.339515737702705,0.0001553734050030453,30.312319540894954
20429973,2024-08-01 00:00:00,better_return,$1-100,gte5,60.16751380716566,64.07872176009337,29.857289791384712
20429973,2024-08-01 00:00:00,better_return,$1-100,lt5,18.204675762091224,3.0413329160650093e-06,28.09805753442945
20429973,2024-08-01 00:00:00,better_return,$100-1K,all,29.3898520104237,16.372511350762387,32.2715576439488
20429973,2024-08-01 00:00:00,better_return,$100-1K,gte5,60.73899210970197,64.03664378793835,28.169786789237605
20429973,2024-08-01 00:00:00,better_return,$100-1K,lt5,22.872851889358024,6.881561712407059,29.089833796668753
20429973,2024-08-01 00:00:00,better_return,$10K+,all,41.15244188501301,37.199513034239075,36.06385934652884
20429973,2024-08-01 00:00:00,better_return,$10K+,gte5,64.806062612348,71.2593107838538,29.263754305930462
20429973,2024-08-01 00:00:00,better_return,$10K+,lt5,24.347335166870838,7.551248111184739,30.599116484536673
20429973,2024-08-01 00:00:00,better_return,$1K-10K,all,39.326104427998864,35.28084635625562,34.452989908887176
20429973,2024-08-01 00:00:00,better_return,$1K-10K,gte5,63.07988361701796,67.58749636234337,27.867863959551688
20429973,2024-08-01 00:00:00,better_return,$1K-10K,lt5,26.93452983157864,12.726716568218883,30.873926572862402
20429973,2024-08-01 00:00:00,better_return,OVERALL,all,27.3059209318389,9.093468172298659,32.82415312325162
20429973,2024-08-01 00:00:00,better_return,OVERALL,gte5,62.116843714510026,66.66648673942319,28.927634892411096
20429973,2024-08-01 00:00:00,better_return,OVERALL,lt5,21.016964798731113,0.38509500226935056,29.366985080789487
20429973,2024-08-01 00:00:00,max_sharpe,$0-1,all,39.80643188143779,33.821138274343596,37.3137560518305
20429973,2024-08-01 00:00:00,max_sharpe,$0-1,gte5,79.41153579553351,89.99999999999886,27.935095161692292
20429973,2024-08-01 00:00:00,max_sharpe,$0-1,lt5,37.51855321193224,25.96443921376662,36.494136368222414
20429973,2024-08-01 00:00:00,max_sharpe,$1-100,all,44.463552268844396,47.51072805083306,35.140173981141196
20429973,2024-08-01 00:00:00,max_sharpe,$1-100,gte5,77.76958061383999,88.37035903782495,24.198729347242516
20429973,2024-08-01 00:00:00,max_sharpe,$1-100,lt5,41.77453727255347,42.01395670083697,34.503034800663755
20429973,2024-08-01 00:00:00,max_sharpe,$100-1K,all,51.574404094686685,60.463209854451904,33.79796291944161
20429973,2024-08-01 00:00:00,max_sharpe,$100-1K,gte5,77.02089309442098,86.33417871274499,23.306769142093945
20429973,2024-08-01 00:00:00,max_sharpe,$100-1K,lt5,46.284473609614615,50.6137939369372,33.23029109271218
20429973,2024-08-01 00:00:00,max_sharpe,$10K+,all,58.54949500284082,75.71611590090595,35.56270094148104
20429973,2024-08-01 00:00:00,max_sharpe,$10K+,gte5,78.04213467748903,88.19470705441938,24.72456058466839
20429973,2024-08-01 00:00:00,max_sharpe,$10K+,lt5,44.70062620905836,46.21438461357542,35.59758197273644
20429973,2024-08-01 00:00:00,max_sharpe,$1K-10K,all,57.424590200976326,71.33687967110012,34.16505108442926
20429973,2024-08-01 00:00:00,max_sharpe,$1K-10K,gte5,77.09005524770903,85.93554271693907,23.33876254874296
20429973,2024-08-01 00:00:00,max_sharpe,$1K-10K,lt5,47.16575622088562,53.00116283519348,34.424252311377174
20429973,2024-08-01 00:00:00,max_sharpe,OVERALL,all,48.19214137164562,55.67576898006139,35.532982757620026
20429973,2024-08-01 00:00:00,max_sharpe,OVERALL,gte5,77.46318516122933,87.33199520905147,23.965742556296743
20429973,2024-08-01 00:00:00,max_sharpe,OVERALL,lt5,42.90402213642078,44.17972682557424,34.70125409685253
20429973,2024-08-01 00:00:00,safer_risk,$0-1,all,7.862107160361229,1.36450665350063e-07,18.467071170258848
20429973,2024-08-01 00:00:00,safer_risk,$0-1,gte5,49.87103773054035,52.802225477479865,24.25756703485424
20429973,2024-08-01 00:00:00,safer_risk,$0-1,lt5,5.435365991124107,1.1987816017633435e-07,14.795545158690413
20429973,2024-08-01 00:00:00,safer_risk,$1-100,all,9.892423502598387,2.640444696222488e-07,20.172582830007034
20429973,2024-08-01 00:00:00,safer_risk,$1-100,gte5,48.8810672241112,49.01610011298504,22.424062543517117
20429973,2024-08-01 00:00:00,safer_risk,$1-100,lt5,6.744613545607677,1.704967333981955e-07,16.326440760965994
20429973,2024-08-01 00:00:00,safer_risk,$100-1K,all,17.359961863463447,1.978040527601123e-06,24.682571893772245
20429973,2024-08-01 00:00:00,safer_risk,$100-1K,gte5,49.972368822415156,50.08837381010046,21.641135551992875
20429973,2024-08-01 00:00:00,safer_risk,$100-1K,lt5,10.5803481507216,2.5061367807388546e-07,19.273190916253313
20429973,2024-08-01 00:00:00,safer_risk,$10K+,all,32.461270569103476,25.202745494870687,32.16947221780333
20429973,2024-08-01 00:00:00,safer_risk,$10K+,gte5,59.40169051980232,62.49389798506747,23.4431443194948
20429973,2024-08-01 00:00:00,safer_risk,$10K+,lt5,13.321002889920502,3.372878726749101e-07,22.308371557026643
20429973,2024-08-01 00:00:00,safer_risk,$1K-10K,all,28.14385060702149,19.374582855355836,29.407429341809895
20429973,2024-08-01 00:00:00,safer_risk,$1K-10K,gte5,54.92873709439098,56.311681818593286,22.156512267494687
20429973,2024-08-01 00:00:00,safer_risk,$1K-10K,lt5,14.171045845145063,1.3438336290971797e-06,22.14366726197299
20429973,2024-08-01 00:00:00,safer_risk,OVERALL,all,15.301246232499699,5.675301936736155e-07,24.663681735157912
20429973,2024-08-01 00:00:00,safer_risk,OVERALL,gte5,52.7366197741888,53.662846819856604,22.672971187958716
20429973,2024-08-01 00:00:00,safer_risk,OVERALL,lt5,8.53815570772385,1.9725602817821652e-07,18.066635524211915
20651994,2024-09-01 00:00:00,better_return,$0-1,all,24.915532585096674,1.3781645093885464e-05,33.543129018138956
20651994,2024-09-01 00:00:00,better_return,$0-1,gte5,64.8841598154877,79.51865082808172,32.66049014767902
20651994,2024-09-01 00:00:00,better_return,$0-1,lt5,22.55585216386932,2.1409354969414984e-06,32.073532892522955
20651994,2024-09-01 00:00:00,better_return,$1-100,all,21.77520614490577,0.002511131179508408,30.17569404048603
20651994,2024-09-01 00:00:00,better_return,$1-100,gte5,58.92566165141744,61.816164260029694,29.441171817065975
20651994,2024-09-01 00:00:00,better_return,$1-100,lt5,18.548397562302338,3.2940207866927196e-06,28.001548111088436
20651994,2024-09-01 00:00:00,better_return,$100-1K,all,29.101448959880884,16.14513291322029,31.992642568040278
20651994,2024-09-01 00:00:00,better_return,$100-1K,gte5,60.1528236721466,63.27013229956783,27.86333475058524
20651994,2024-09-01 00:00:00,better_return,$100-1K,lt5,22.002526219942983,5.6962797113670876,28.446616809261155
20651994,2024-09-01 00:00:00,better_return,$10K+,all,40.721521882313425,36.969321237915956,36.068669568277805
20651994,2024-09-01 00:00:00,better_return,$10K+,gte5,65.65994049512558,72.41186650936119,28.91708166303057
20651994,2024-09-01 00:00:00,better_return,$10K+,lt5,23.633099659974512,6.491641201089649,30.020643587695744
20651994,2024-09-01 00:00:00,better_return,$1K-10K,all,38.23893727002344,33.5627261279151,34.316510790586534
20651994,2024-09-01 00:00:00,better_return,$1K-10K,gte5,63.24928516912381,67.86152501470167,27.682757399709576
20651994,2024-09-01 00:00:00,better_return,$1K-10K,lt5,24.286348821111112,9.75557836860106,29.384288446020623
20651994,2024-09-01 00:00:00,better_return,OVERALL,all,27.102404613382433,9.000025756643321,32.601455728851484
20651994,2024-09-01 00:00:00,better_return,OVERALL,gte5,61.77007446129663,66.1104841967582,28.66204986093467
20651994,2024-09-01 00:00:00,better_return,OVERALL,lt5,20.764531533371155,0.05879452760550405,29.104789288798116
20651994,2024-09-01 00:00:00,max_sharpe,$0-1,all,46.660171274399445,59.91059196511337,37.54039536678506
20651994,2024-09-01 00:00:00,max_sharpe,$0-1,gte5,79.25313150306852,89.9999999999364,28.496411418985307
20651994,2024-09-01 00:00:00,max_sharpe,$0-1,lt5,44.73593780803333,53.981174172248615,37.123080522402674
20651994,2024-09-01 00:00:00,max_sharpe,$1-100,all,45.176943680002665,49.2764461248166,34.867896129717536
20651994,2024-09-01 00:00:00,max_sharpe,$1-100,gte5,77.17289525288197,87.42200857388566,23.975649570473113
20651994,2024-09-01 00:00:00,max_sharpe,$1-100,lt5,42.3978442117382,43.593543145322535,34.27532153789255
20651994,2024-09-01 00:00:00,max_sharpe,$100-1K,all,51.67333906338541,61.03829924635482,33.990899925575405
20651994,2024-09-01 00:00:00,max_sharpe,$100-1K,gte5,77.18954564223343,86.06744274168123,22.720236270229226
20651994,2024-09-01 00:00:00,max_sharpe,$100-1K,lt5,45.83985887778881,49.617345791282304,33.445936615318516
20651994,2024-09-01 00:00:00,max_sharpe,$10K+,all,60.100396712350175,79.02938877242227,35.2211578996378
20651994,2024-09-01 00:00:00,max_sharpe,$10K+,gte5,80.24890091529547,89.1656879947645,22.939016771663333
20651994,2024-09-01 00:00:00,max_sharpe,$10K+,lt5,46.294142502164995,50.08738780934576,35.51371320565113
20651994,2024-09-01 00:00:00,max_sharpe,$1K-10K,all,58.243151147763804,73.12284197385699,34.20212517364469
20651994,2024-09-01 00:00:00,max_sharpe,$1K-10K,gte5,78.54595173672074,86.68071358842104,21.95103043502141
20651994,2024-09-01 00:00:00,max_sharpe,$1K-10K,lt5,46.916774476760246,52.324366005623205,34.57346045829146
20651994,2024-09-01 00:00:00,max_sharpe,OVERALL,all,49.41291530400565,58.728953281548726,35.366354918977024
20651994,2024-09-01 00:00:00,max_sharpe,OVERALL,gte5,78.09035419814425,87.38287138398452,23.16188699234597
20651994,2024-09-01 00:00:00,max_sharpe,OVERALL,lt5,44.17016409608848,47.28771803701295,34.69195939901653
20651994,2024-09-01 00:00:00,safer_risk,$0-1,all,7.742667952613387,1.3111395649745283e-07,18.080630829509214
20651994,2024-09-01 00:00:00,safer_risk,$0-1,gte5,47.23104632421125,47.14588798824625,26.028046596665806
20651994,2024-09-01 00:00:00,safer_risk,$0-1,lt5,5.411340614990273,1.0020628909979123e-07,14.447101491795486
20651994,2024-09-01 00:00:00,safer_risk,$1-100,all,10.487128586356558,2.6768539190813456e-07,20.784316392242648
20651994,2024-09-01 00:00:00,safer_risk,$1-100,gte5,49.66912190227153,49.951619863347815,22.79714769805846
20651994,2024-09-01 00:00:00,safer_risk,$1-100,lt5,7.083865003406827,1.7146606773321693e-07,16.716452727926242
20651994,2024-09-01 00:00:00,safer_risk,$100-1K,all,18.8522893676194,1.3018879916323401e-05,26.04695179144824
20651994,2024-09-01 00:00:00,safer_risk,$100-1K,gte5,52.164035531080835,52.63868555948173,22.32699494072816
20651994,2024-09-01 00:00:00,safer_risk,$100-1K,lt5,11.236603603683662,3.331571942782533e-07,20.19636538271995
20651994,2024-09-01 00:00:00,safer_risk,$10K+,all,32.749050238238304,24.188043564758846,33.175875950055456
20651994,2024-09-01 00:00:00,safer_risk,$10K+,gte5,61.446046635216334,65.00611920211239,24.22458858188562
20651994,2024-09-01 00:00:00,safer_risk,$10K+,lt5,13.08515740853983,7.308313301757074e-07,22.399761480808767
20651994,2024-09-01 00:00:00,safer_risk,$1K-10K,all,30.723823262090466,22.868386467744934,31.158400700270022
20651994,2024-09-01 00:00:00,safer_risk,$1K-10K,gte5,58.382040847916194,60.35396653058431,22.81224514897038
20651994,2024-09-01 00:00:00,safer_risk,$1K-10K,lt5,15.2940607988751,1.816040208491021e-06,23.60722702258441
20651994,2024-09-01 00:00:00,safer_risk,OVERALL,all,15.856486492465418,6.241070556189943e-07,25.43238724098317
20651994,2024-09-01 00:00:00,safer_risk,OVERALL,gte5,54.42165075227298,55.58693496997134,23.459334828128217
20651994,2024-09-01 00:00:00,safer_risk,OVERALL,lt5,8.806081389938695,1.7966695631255192e-07,18.515772854232466
20866919,2024-10-01 00:00:00,better_return,$0-1,all,24.527361044510574,0.03345324979821149,32.54225762600502
20866919,2024-10-01 00:00:00,better_return,$0-1,gte5,61.689252503534554,62.77333151210649,30.047676257808085
20866919,2024-10-01 00:00:00,better_return,$0-1,lt5,22.3497552609364,1.0044287140908992e-05,31.34458622121801
20866919,2024-10-01 00:00:00,better_return,$1-100,all,27.0557415527226,8.87080857257484,31.995448153089594
20866919,2024-10-01 00:00:00,better_return,$1-100,gte5,58.05913833596233,60.09179259064121,28.82214299978893
20866919,2024-10-01 00:00:00,better_return,$1-100,lt5,24.57134405114892,4.069317217398787,30.91888138065358
20866919,2024-10-01 00:00:00,better_return,$100-1K,all,27.26181788868715,14.120003404405855,30.70052164189092
20866919,2024-10-01 00:00:00,better_return,$100-1K,gte5,56.22310375297858,57.410915380298874,27.502810339875168
20866919,2024-10-01 00:00:00,better_return,$100-1K,lt5,20.917296396536507,4.849417161898748,27.555339648104546
20866919,2024-10-01 00:00:00,better_return,$10K+,all,39.48483043123599,37.018362646029225,34.20506253361192
20866919,2024-10-01 00:00:00,better_return,$10K+,gte5,62.261157092613125,66.13582136833924,27.319662775987595
20866919,2024-10-01 00:00:00,better_return,$10K+,lt5,22.68650564264447,7.542939493608501,28.59435527922981
20866919,2024-10-01 00:00:00,better_return,$1K-10K,all,36.062551672578415,31.58427662937354,32.62165400974467
20866919,2024-10-01 00:00:00,better_return,$1K-10K,gte5,59.05557301307142,61.328858957362684,26.80730174136543
20866919,2024-10-01 00:00:00,better_return,$1K-10K,lt5,23.777853213398465,9.939169063750903,28.555429690900205
20866919,2024-10-01 00:00:00,better_return,OVERALL,all,28.725167872966622,13.553133456609512,32.26459020720979
20866919,2024-10-01 00:00:00,better_return,OVERALL,gte5,58.66485519820818,61.04842516490424,27.727250068260314
20866919,2024-10-01 00:00:00,better_return,OVERALL,lt5,23.193176861415164,4.15969478477674,29.917724936854487
20866919,2024-10-01 00:00:00,max_sharpe,$0-1,all,46.58336012613061,56.28538988248584,36.67767366464575
20866919,2024-10-01 00:00:00,max_sharpe,$0-1,gte5,75.19961312697558,89.02260654231046,27.077683850234422
20866919,2024-10-01 00:00:00,max_sharpe,$0-1,lt5,44.90651011682544,51.80392234422211,36.47356154379954
20866919,2024-10-01 00:00:00,max_sharpe,$1-100,all,49.904196804215054,59.23312725249317,33.40603268419839
20866919,2024-10-01 00:00:00,max_sharpe,$1-100,gte5,75.13539040267473,84.41003218135663,24.09546679691529
20866919,2024-10-01 00:00:00,max_sharpe,$1-100,lt5,47.88234368999044,55.3182083694597,33.22292330558133
20866919,2024-10-01 00:00:00,max_sharpe,$100-1K,all,48.03243232225394,53.228168331692586,33.44797559122142
20866919,2024-10-01 00:00:00,max_sharpe,$100-1K,gte5,71.96903194922022,79.54273914351633,24.105841117733263
20866919,2024-10-01 00:00:00,max_sharpe,$100-1K,lt5,42.78866408993446,43.26155654402777,32.91717807269377
20866919,2024-10-01 00:00:00,max_sharpe,$10K+,all,57.61810736033495,70.7504278502611,34.018417911956675
20866919,2024-10-01 00:00:00,max_sharpe,$10K+,gte5,74.64981191298617,82.31819003262318,23.54443705758573
20866919,2024-10-01 00:00:00,max_sharpe,$10K+,lt5,45.05663908529791,46.414942362240346,35.074090236757065
20866919,2024-10-01 00:00:00,max_sharpe,$1K-10K,all,54.467736641783695,64.78635067805557,33.50226202057096
20866919,2024-10-01 00:00:00,max_sharpe,$1K-10K,gte5,73.20558091111441,80.12232487563384,23.103537999041173
20866919,2024-10-01 00:00:00,max_sharpe,$1K-10K,lt5,44.45649178557087,46.80833300268093,33.8980897248266
20866919,2024-10-01 00:00:00,max_sharpe,OVERALL,all,50.05264306064284,59.085297233914936,34.07764279479612
20866919,2024-10-01 00:00:00,max_sharpe,OVERALL,gte5,73.54988071194859,81.36090944973917,23.8939279860151
20866919,2024-10-01 00:00:00,max_sharpe,OVERALL,lt5,45.711031003334504,50.19247760376047,33.90432118439029
20866919,2024-10-01 00:00:00,safer_risk,$0-1,all,7.10066211278544,9.277449364297752e-08,17.591959114317568
20866919,2024-10-01 00:00:00,safer_risk,$0-1,gte5,49.620602679648954,52.24304035066885,24.363105192077242
20866919,2024-10-01 00:00:00,safer_risk,$0-1,lt5,4.6090863382389,8.122438624469375e-08,13.441779476294752
20866919,2024-10-01 00:00:00,safer_risk,$1-100,all,9.942874696387184,7.084744110819052e-08,20.318400151487058
20866919,2024-10-01 00:00:00,safer_risk,$1-100,gte5,49.68930257152308,50.13098332112037,22.910011660571502
20866919,2024-10-01 00:00:00,safer_risk,$1-100,lt5,6.757871233707032,5.9470826874186145e-08,16.343910890457835
20866919,2024-10-01 00:00:00,safer_risk,$100-1K,all,17.96192768686192,7.736624507703738e-07,25.446953466257956
20866919,2024-10-01 00:00:00,safer_risk,$100-1K,gte5,50.73155467812975,50.852267638357745,22.602019752652307
20866919,2024-10-01 00:00:00,safer_risk,$100-1K,lt5,10.783116507341596,1.1920396579545578e-07,19.766418593891522
20866919,2024-10-01 00:00:00,safer_risk,$10K+,all,32.06677775683698,25.08693358630836,31.78677503445642
20866919,2024-10-01 00:00:00,safer_risk,$10K+,gte5,58.114268824191996,60.66652291385364,23.766576650261854
20866919,2024-10-01 00:00:00,safer_risk,$10K+,lt5,12.855856637614291,1.9188553801452457e-07,21.66912760336653
20866919,2024-10-01 00:00:00,safer_risk,$1K-10K,all,28.50310730810688,19.625997085903034,29.838413524935206
20866919,2024-10-01 00:00:00,safer_risk,$1K-10K,gte5,55.303155226786416,56.59367478773768,22.80562975919267
20866919,2024-10-01 00:00:00,safer_risk,$1K-10K,lt5,14.18439283830625,3.134789931108495e-07,22.346630347958044
20866919,2024-10-01 00:00:00,safer_risk,OVERALL,all,15.38319334816298,1.5400561659273393e-07,24.912397343486642
20866919,2024-10-01 00:00:00,safer_risk,OVERALL,gte5,53.03607905796433,54.001527714826246,23.2030227603769
20866919,2024-10-01 00:00:00,safer_risk,OVERALL,lt5,8.426025658239276,8.060341422089223e-08,18.040645888414712
21089069,2024-11-01 00:00:00,better_return,$0-1,all,24.202480183064374,1.7511241961892645,31.542773258616435
21089069,2024-11-01 00:00:00,better_return,$0-1,gte5,65.01763753566941,73.83417367163244,30.279376633995756
21089069,2024-11-01 00:00:00,better_return,$0-1,lt5,21.85710068160406,0.0008547299632517824,29.970120832795786
21089069,2024-11-01 00:00:00,better_return,$1-100,all,26.04085492775641,8.7248047117194,31.287660757343378
21089069,2024-11-01 00:00:00,better_return,$1-100,gte5,55.999355128431525,56.970894039404236,27.951999394313482
21089069,2024-11-01 00:00:00,better_return,$1-100,lt5,23.66461323635497,3.970224945523383,30.294494561069126
21089069,2024-11-01 00:00:00,better_return,$100-1K,all,26.473629257308747,14.454259098232107,29.708494621659714
21089069,2024-11-01 00:00:00,better_return,$100-1K,gte5,52.99700794835717,52.70650675652025,26.1461082352412
21089069,2024-11-01 00:00:00,better_return,$100-1K,lt5,21.028601041300877,6.1053162546235065,27.374703988762718
21089069,2024-11-01 00:00:00,better_return,$10K+,all,36.50966314526134,31.838754610057762,32.54406176125467
21089069,2024-11-01 00:00:00,better_return,$10K+,gte5,57.16895041069282,59.24845118692377,26.728488196845138
21089069,2024-11-01 00:00:00,better_return,$10K+,lt5,22.746305697549904,7.932602181856707,28.548067614101143
21089069,2024-11-01 00:00:00,better_return,$1K-10K,all,34.443696387301294,29.755977322659433,30.971820820502277
21089069,2024-11-01 00:00:00,better_return,$1K-10K,gte5,54.68079434046218,55.329639660194516,25.622664952749254
21089069,2024-11-01 00:00:00,better_return,$1K-10K,lt5,24.28021967452027,11.718903655172305,28.325214031406407
21089069,2024-11-01 00:00:00,better_return,OVERALL,all,27.536969857036894,13.281555772546493,31.203493632876473
21089069,2024-11-01 00:00:00,better_return,OVERALL,gte5,55.43339858334786,56.11443764973414,26.854744946434145
21089069,2024-11-01 00:00:00,better_return,OVERALL,lt5,22.800085620456276,4.772144336762015,29.358981574038996
21089069,2024-11-01 00:00:00,max_sharpe,$0-1,all,41.538968497607414,39.593188030786486,35.338520212511
21089069,2024-11-01 00:00:00,max_sharpe,$0-1,gte5,75.5077451600321,81.79394813044397,23.313534323255123
21089069,2024-11-01 00:00:00,max_sharpe,$0-1,lt5,39.58700560829493,33.44299884597521,34.91739127587739
21089069,2024-11-01 00:00:00,max_sharpe,$1-100,all,47.21966416277776,51.50612103782588,32.88332459239028
21089069,2024-11-01 00:00:00,max_sharpe,$1-100,gte5,70.35045794060089,76.23483781976677,24.27404524680181
21089069,2024-11-01 00:00:00,max_sharpe,$1-100,lt5,45.38498097897701,47.92984425051586,32.78018600135834
21089069,2024-11-01 00:00:00,max_sharpe,$100-1K,all,44.550358880289764,45.449485426507614,31.53205259780414
21089069,2024-11-01 00:00:00,max_sharpe,$100-1K,gte5,65.56905421196673,68.84601042583759,23.69772710463283
21089069,2024-11-01 00:00:00,max_sharpe,$100-1K,lt5,40.2353962023532,38.53563562990789,31.205518565432747
21089069,2024-11-01 00:00:00,max_sharpe,$10K+,all,52.90530034501985,59.61307760887764,32.26408733487802
21089069,2024-11-01 00:00:00,max_sharpe,$10K+,gte5,67.53622554768464,72.08031499527402,23.91712231738447
21089069,2024-11-01 00:00:00,max_sharpe,$10K+,lt5,43.15807863461963,42.1252706891639,33.403134885915186
21089069,2024-11-01 00:00:00,max_sharpe,$1K-10K,all,48.78555797085996,52.625838422249394,31.56068282517818
21089069,2024-11-01 00:00:00,max_sharpe,$1K-10K,gte5,65.65607955962867,68.89986792907217,23.013963987839862
21089069,2024-11-01 00:00:00,max_sharpe,$1K-10K,lt5,40.31284346916724,38.95887406504881,31.868551182927742
21089069,2024-11-01 00:00:00,max_sharpe,OVERALL,all,46.23577605171591,49.199120753034734,32.86662401699067
21089069,2024-11-01 00:00:00,max_sharpe,OVERALL,gte5,67.46714795661322,71.49042688781347,23.777728775669065
21089069,2024-11-01 00:00:00,max_sharpe,OVERALL,lt5,42.6306353405526,41.923964249543076,32.83437538028735
21089069,2024-11-01 00:00:00,safer_risk,$0-1,all,8.318596124524445,1.0165282782192975e-07,18.64271580321672
21089069,2024-11-01 00:00:00,safer_risk,$0-1,gte5,50.19654230999941,53.715549507612714,23.243493868197657
21089069,2024-11-01 00:00:00,safer_risk,$0-1,lt5,5.912145116675926,8.314543567533583e-08,15.162767171151845
21089069,2024-11-01 00:00:00,safer_risk,$1-100,all,9.680558319181033,1.300443780438698e-07,19.62968988648835
21089069,2024-11-01 00:00:00,safer_risk,$1-100,gte5,47.800823198012075,48.02220910184093,21.922205835704148
21089069,2024-11-01 00:00:00,safer_risk,$1-100,lt5,6.656943582609521,9.558461522285455e-08,15.917474205366338
21089069,2024-11-01 00:00:00,safer_risk,$100-1K,all,16.44412069379013,1.0632712307834247e-06,23.640268886195816
21089069,2024-11-01 00:00:00,safer_risk,$100-1K,gte5,47.34564679081369,47.084195019766724,21.20831204405613
21089069,2024-11-01 00:00:00,safer_risk,$100-1K,lt5,10.100295366107284,1.4212506796451585e-07,18.573521145801582
21089069,2024-11-01 00:00:00,safer_risk,$10K+,all,28.0691725394333,18.559756114568867,29.428294952370177
21089069,2024-11-01 00:00:00,safer_risk,$10K+,gte5,53.08730763064813,55.099960209993135,23.07634320484998
21089069,2024-11-01 00:00:00,safer_risk,$10K+,lt5,11.401921074679882,2.2133036445270982e-07,19.83503782156154
21089069,2024-11-01 00:00:00,safer_risk,$1K-10K,all,25.372241621971977,16.04287994060205,27.389397394611255
21089069,2024-11-01 00:00:00,safer_risk,$1K-10K,gte5,50.48891702367959,51.11028604215696,21.660845230972633
21089069,2024-11-01 00:00:00,safer_risk,$1K-10K,lt5,12.758143190538291,5.343183173689425e-07,20.38030789825483
21089069,2024-11-01 00:00:00,safer_risk,OVERALL,all,14.116744984235954,1.7042240951781196e-07,23.14799424203451
21089069,2024-11-01 00:00:00,safer_risk,OVERALL,gte5,49.38563660536481,49.96902455831042,21.978094224414363
21089069,2024-11-01 00:00:00,safer_risk,OVERALL,lt5,8.127997879692572,1.1418161000031901e-07,17.254347862948304
21303934,2024-12-01 00:00:00,better_return,$0-1,all,25.10104040850302,4.945561723113009,31.872411319757948
21303934,2024-12-01 00:00:00,better_return,$0-1,gte5,66.44009236529287,77.75893031576967,30.54796858961156
21303934,2024-12-01 00:00:00,better_return,$0-1,lt5,22.706425616309268,0.7977255628334876,30.26409587387033
21303934,2024-12-01 00:00:00,better_return,$1-100,all,22.79530457738068,3.010451859911535,30.174930992217092
21303934,2024-12-01 00:00:00,better_return,$1-100,gte5,58.53816470901717,60.530296550342065,28.26459806175225
21303934,2024-12-01 00:00:00,better_return,$1-100,lt5,20.028117512748253,0.002494845118779136,28.50623338989403
21303934,2024-12-01 00:00:00,better_return,$100-1K,all,27.428639138274022,15.541115610775478,30.206460531000356
21303934,2024-12-01 00:00:00,better_return,$100-1K,gte5,55.832298476006244,56.47256907126306,26.760661654396944
21303934,2024-12-01 00:00:00,better_return,$100-1K,lt5,22.34489927646589,8.015731126443669,27.880517442728316
21303934,2024-12-01 00:00:00,better_return,$10K+,all,39.823792622913786,38.47351748514869,32.630569935057345
21303934,2024-12-01 00:00:00,better_return,$10K+,gte5,60.33086139702587,62.800987130451844,26.305320839211525
21303934,2024-12-01 00:00:00,better_return,$10K+,lt5,25.14410542087631,12.939826542903047,28.549570529717432
21303934,2024-12-01 00:00:00,better_return,$1K-10K,all,35.12042551511783,30.7384087700298,31.440332380040438
21303934,2024-12-01 00:00:00,better_return,$1K-10K,gte5,57.108933966106406,58.26611245915934,26.07694517098383
21303934,2024-12-01 00:00:00,better_return,$1K-10K,lt5,25.424860417458717,13.747686462992261,28.588882865088408
21303934,2024-12-01 00:00:00,better_return,OVERALL,all,27.262331225057707,12.607431058739671,31.24753940310695
21303934,2024-12-01 00:00:00,better_return,OVERALL,gte5,58.146810219342576,59.73182115838829,27.078038271440487
21303934,2024-12-01 00:00:00,better_return,OVERALL,lt5,21.901884023548078,4.275574881993751,28.711125512500498
21303934,2024-12-01 00:00:00,max_sharpe,$0-1,all,37.99595347759692,33.42481465913997,34.71863364077504
21303934,2024-12-01 00:00:00,max_sharpe,$0-1,gte5,73.797762272197,77.66754537546957,22.657278235531297
21303934,2024-12-01 00:00:00,max_sharpe,$0-1,lt5,35.922090220731356,29.636850727776114,34.16024070998581
21303934,2024-12-01 00:00:00,max_sharpe,$1-100,all,46.722608138270054,50.0297457922475,32.14931576805763
21303934,2024-12-01 00:00:00,max_sharpe,$1-100,gte5,69.41337561992549,73.33353816461823,22.967584519467678
21303934,2024-12-01 00:00:00,max_sharpe,$1-100,lt5,44.96590489654364,46.812903823014466,32.09067320563841
21303934,2024-12-01 00:00:00,max_sharpe,$100-1K,all,43.698500153564595,43.35242435837543,30.40967258826543
21303934,2024-12-01 00:00:00,max_sharpe,$100-1K,gte5,65.44518428208707,67.42398246995259,22.470776255730826
21303934,2024-12-01 00:00:00,max_sharpe,$100-1K,lt5,39.80623811606518,37.5408725289435,30.00156613699904
21303934,2024-12-01 00:00:00,max_sharpe,$10K+,all,52.13418167379854,56.94366820333941,30.47634236808475
21303934,2024-12-01 00:00:00,max_sharpe,$10K+,gte5,66.6946023822147,69.19883093608038,21.62192477948238
21303934,2024-12-01 00:00:00,max_sharpe,$10K+,lt5,41.71131608125494,40.0,31.601069321395137
21303934,2024-12-01 00:00:00,max_sharpe,$1K-10K,all,47.61382421427938,49.53454532560394,29.864153853868252
21303934,2024-12-01 00:00:00,max_sharpe,$1K-10K,gte5,64.60864579868179,66.39189215752845,21.614802980564082
21303934,2024-12-01 00:00:00,max_sharpe,$1K-10K,lt5,40.12016454373153,38.10780330306728,29.926783811997968
21303934,2024-12-01 00:00:00,max_sharpe,OVERALL,all,45.3007268812953,47.041431854340374,31.854499984318583
21303934,2024-12-01 00:00:00,max_sharpe,OVERALL,gte5,66.6065170655385,68.99591857237877,22.280544178860215
21303934,2024-12-01 00:00:00,max_sharpe,OVERALL,lt5,41.60279940807463,40.024196273786686,31.81514512103658
21303934,2024-12-01 00:00:00,safer_risk,$0-1,all,7.668516422063135,8.78693243167028e-08,18.84640283022894
21303934,2024-12-01 00:00:00,safer_risk,$0-1,gte5,52.302980114607266,57.49287602074947,23.6522242443437
21303934,2024-12-01 00:00:00,safer_risk,$0-1,lt5,5.083010902693219,7.945443608603497e-08,14.875119209575692
21303934,2024-12-01 00:00:00,safer_risk,$1-100,all,9.919173241533489,7.992569106551883e-08,20.341755787809355
21303934,2024-12-01 00:00:00,safer_risk,$1-100,gte5,49.53702408359228,49.87570606201767,22.354083806058107
21303934,2024-12-01 00:00:00,safer_risk,$1-100,lt5,6.851987124503996,6.449895062488054e-08,16.619643698611462
21303934,2024-12-01 00:00:00,safer_risk,$100-1K,all,15.639586888740432,4.993154646693032e-07,23.351409714727843
21303934,2024-12-01 00:00:00,safer_risk,$100-1K,gte5,48.28951420184576,48.06132456846622,21.38824745429151
21303934,2024-12-01 00:00:00,safer_risk,$100-1K,lt5,9.795842074272983,1.7172930993902824e-07,18.33198235865539
21303934,2024-12-01 00:00:00,safer_risk,$10K+,all,29.599309425129977,23.348201988713754,29.34055616962954
21303934,2024-12-01 00:00:00,safer_risk,$10K+,gte5,53.6197597584413,55.08090923597047,22.385483362023173
21303934,2024-12-01 00:00:00,safer_risk,$10K+,lt5,12.404619085464228,5.120991380946904e-07,20.24141097690716
21303934,2024-12-01 00:00:00,safer_risk,$1K-10K,all,24.234317976301245,14.300463622532941,26.906919628028067
21303934,2024-12-01 00:00:00,safer_risk,$1K-10K,gte5,50.32667990041061,50.718184763576666,21.476979894832574
21303934,2024-12-01 00:00:00,safer_risk,$1K-10K,lt5,12.729208652912341,5.780255461773631e-07,20.180770347420264
21303934,2024-12-01 00:00:00,safer_risk,OVERALL,all,14.507629431432989,1.7280363563687562e-07,23.663645088647826
21303934,2024-12-01 00:00:00,safer_risk,OVERALL,gte5,50.38482863715339,50.905975912753746,21.990335210028384
21303934,2024-12-01 00:00:00,safer_risk,OVERALL,lt5,8.280623558486509,9.435776812671826e-08,17.636444492011623
21525891,2025-01-01 00:00:00,better_return,$0-1,all,24.237989854302405,0.536926230298998,31.86462281542676
21525891,2025-01-01 00:00:00,better_return,$0-1,gte5,54.38571858619785,56.13932418025617,33.17342144645609
21525891,2025-01-01 00:00:00,better_return,$0-1,lt5,22.380758143761142,7.673439366556734e-05,30.832956112808912
21525891,2025-01-01 00:00:00,better_return,$1-100,all,22.885705913518336,4.003965720534991,29.636944796182664
21525891,2025-01-01 00:00:00,better_return,$1-100,gte5,57.391876400008634,58.57115268683352,28.037781166309916
21525891,2025-01-01 00:00:00,better_return,$1-100,lt5,19.94922017427483,0.021153949287830036,27.861226371148206
21525891,2025-01-01 00:00:00,better_return,$100-1K,all,29.901952727757315,21.236565331845167,30.571050683933866
21525891,2025-01-01 00:00:00,better_return,$100-1K,gte5,56.01495207083394,56.2711010562006,26.622057314918987
21525891,2025-01-01 00:00:00,better_return,$100-1K,lt5,24.691020606688912,12.337580550222764,28.573291020107337
21525891,2025-01-01 00:00:00,better_return,$10K+,all,41.91928149734113,40.58576483062944,32.2642750744526
21525891,2025-01-01 00:00:00,better_return,$10K+,gte5,60.128834411631104,61.740913932740135,26.136013808406982
21525891,2025-01-01 00:00:00,better_return,$10K+,lt5,28.473446535118292,19.357328758025357,29.6583691250058
21525891,2025-01-01 00:00:00,better_return,$1K-10K,all,37.783925121297386,35.10011682439544,31.642013054297237
21525891,2025-01-01 00:00:00,better_return,$1K-10K,gte5,57.13755556671749,57.710446287313985,25.83359045366943
21525891,2025-01-01 00:00:00,better_return,$1K-10K,lt5,28.367703545260067,18.17111642036,29.878770465195824
21525891,2025-01-01 00:00:00,better_return,OVERALL,all,28.13219885596098,15.459320998729526,31.292340133446498
21525891,2025-01-01 00:00:00,better_return,OVERALL,gte5,57.26004983825313,58.17323695214292,27.02968447591545
21525891,2025-01-01 00:00:00,better_return,OVERALL,lt5,22.800352637800476,5.699461826751678,28.999728950457392
21525891,2025-01-01 00:00:00,max_sharpe,$0-1,all,38.154073082507,32.08544344120407,35.274595384281305
21525891,2025-01-01 00:00:00,max_sharpe,$0-1,gte5,66.0238155114419,76.1191961184891,30.785846418729854
21525891,2025-01-01 00:00:00,max_sharpe,$0-1,lt5,36.43717527358936,28.581651858924584,34.810467169791735
21525891,2025-01-01 00:00:00,max_sharpe,$1-100,all,43.757895537721126,46.47997100149397,30.782551240841006
21525891,2025-01-01 00:00:00,max_sharpe,$1-100,gte5,69.4432197410902,73.73192320521287,23.176520256241513
21525891,2025-01-01 00:00:00,max_sharpe,$1-100,lt5,41.5720665347439,42.50991232355979,30.357380267829008
21525891,2025-01-01 00:00:00,max_sharpe,$100-1K,all,45.58910047873817,46.43422201432364,30.84281406276491
21525891,2025-01-01 00:00:00,max_sharpe,$100-1K,gte5,66.91884052745583,69.63907955108512,22.4716633820833
21525891,2025-01-01 00:00:00,max_sharpe,$100-1K,lt5,41.33268297213064,40.0,30.519429414763206
21525891,2025-01-01 00:00:00,max_sharpe,$10K+,all,53.20558172267407,57.76760840184948,30.940010681620734
21525891,2025-01-01 00:00:00,max_sharpe,$10K+,gte5,68.45635734152083,71.52094673470037,22.233471747916532
21525891,2025-01-01 00:00:00,max_sharpe,$10K+,lt5,41.94449184407608,40.0,31.631940107995792
21525891,2025-01-01 00:00:00,max_sharpe,$1K-10K,all,50.41023228353845,53.690770496837054,30.422534380728404
21525891,2025-01-01 00:00:00,max_sharpe,$1K-10K,gte5,66.27803175625489,68.51955905314419,22.02591985677955
21525891,2025-01-01 00:00:00,max_sharpe,$1K-10K,lt5,42.68999001785118,40.55296234954672,30.94658541726866
21525891,2025-01-01 00:00:00,max_sharpe,OVERALL,all,44.96529231989881,47.07061083207748,31.68430210095218
21525891,2025-01-01 00:00:00,max_sharpe,OVERALL,gte5,67.45211787188896,70.58392489953765,22.997172548969086
21525891,2025-01-01 00:00:00,max_sharpe,OVERALL,lt5,40.849084232639136,40.0,31.326422022383326
21525891,2025-01-01 00:00:00,safer_risk,$0-1,all,8.470059861264513,1.0829656824085099e-07,19.03021199089053
21525891,2025-01-01 00:00:00,safer_risk,$0-1,gte5,46.36779440875752,46.9812421720361,25.980536352596257
21525891,2025-01-01 00:00:00,safer_risk,$0-1,lt5,6.135393957069455,8.413765378856297e-08,15.778095481862588
21525891,2025-01-01 00:00:00,safer_risk,$1-100,all,10.180082280871785,7.248722594388468e-08,20.297248958480914
21525891,2025-01-01 00:00:00,safer_risk,$1-100,gte5,49.44689154581842,49.555503774585944,22.379063959393626
21525891,2025-01-01 00:00:00,safer_risk,$1-100,lt5,6.838464714898828,5.6326432407161064e-08,16.187549519938266
21525891,2025-01-01 00:00:00,safer_risk,$100-1K,all,16.45492669619402,7.274506233501121e-07,23.8438635438548
21525891,2025-01-01 00:00:00,safer_risk,$100-1K,gte5,48.53452233351202,48.14158478305907,21.5942295040088
21525891,2025-01-01 00:00:00,safer_risk,$100-1K,lt5,10.053341296479854,1.3797652569091934e-07,18.509123133853464
21525891,2025-01-01 00:00:00,safer_risk,$10K+,all,29.58907438598763,23.819268367741966,29.113896834355085
21525891,2025-01-01 00:00:00,safer_risk,$10K+,gte5,53.0822037203971,54.219523090108225,22.222603788875432
21525891,2025-01-01 00:00:00,safer_risk,$10K+,lt5,12.241875294200296,3.952431257281397e-07,20.009482204001905
21525891,2025-01-01 00:00:00,safer_risk,$1K-10K,all,24.756797501848542,15.80192933636961,26.865620183409973
21525891,2025-01-01 00:00:00,safer_risk,$1K-10K,gte5,49.792790084236316,49.90980076033592,21.48149726988662
21525891,2025-01-01 00:00:00,safer_risk,$1K-10K,lt5,12.575906986416763,5.832465156674349e-07,19.876504963836922
21525891,2025-01-01 00:00:00,safer_risk,OVERALL,all,14.78937512125565,1.7123353499015614e-07,23.626806178627767
21525891,2025-01-01 00:00:00,safer_risk,OVERALL,gte5,49.770229011972134,49.98493281983056,22.14952448938049
21525891,2025-01-01 00:00:00,safer_risk,OVERALL,lt5,8.386138108040138,8.463137413095012e-08,17.481777285872983
21747950,2025-02-01 00:00:00,better_return,$0-1,all,25.059290846849485,1.4640080282855608,32.7337765636508
21747950,2025-02-01 00:00:00,better_return,$0-1,gte5,58.754465595608906,63.42297090705481,32.580066926032664
21747950,2025-02-01 00:00:00,better_return,$0-1,lt5,22.944247931680348,0.043234144677056774,31.56566938050339
21747950,2025-02-01 00:00:00,better_return,$1-100,all,22.87209781648557,1.015924266926545,30.79999035411839
21747950,2025-02-01 00:00:00,better_return,$1-100,gte5,59.44678757308243,62.60868646294586,29.615268536071586
21747950,2025-02-01 00:00:00,better_return,$1-100,lt5,19.67583424660597,7.762223201701612e-06,28.771101740919633
21747950,2025-02-01 00:00:00,better_return,$100-1K,all,28.918414971460933,16.00051652824092,31.915973767087532
21747950,2025-02-01 00:00:00,better_return,$100-1K,gte5,59.54882147269003,61.780996898716445,28.593051390152155
21747950,2025-02-01 00:00:00,better_return,$100-1K,lt5,22.43721572219204,6.73814568612372,28.646932374470694
21747950,2025-02-01 00:00:00,better_return,$10K+,all,39.74083941880328,36.09412536040107,34.467069704478455
21747950,2025-02-01 00:00:00,better_return,$10K+,gte5,60.721441519173744,63.707236840684516,29.14024922694056
21747950,2025-02-01 00:00:00,better_return,$10K+,lt5,24.520524740166653,9.494283898598574,29.711815969890715
21747950,2025-02-01 00:00:00,better_return,$1K-10K,all,36.6678189311151,30.93980804157586,33.41024779320896
21747950,2025-02-01 00:00:00,better_return,$1K-10K,gte5,59.91215432553738,61.98482773627504,28.30356709519884
21747950,2025-02-01 00:00:00,better_return,$1K-10K,lt5,24.934025802907666,11.3363648435269,29.409342879033506
21747950,2025-02-01 00:00:00,better_return,OVERALL,all,27.559001712290886,10.654434284903497,32.43630552929299
21747950,2025-02-01 00:00:00,better_return,OVERALL,gte5,59.77857843198945,62.40315291371168,29.057216741363032
21747950,2025-02-01 00:00:00,better_return,OVERALL,lt5,21.63083526918608,1.6330451053126143,29.397280719705375
21747950,2025-02-01 00:00:00,max_sharpe,$0-1,all,39.40595536470993,33.51353720553668,37.49290885103046
21747950,2025-02-01 00:00:00,max_sharpe,$0-1,gte5,76.67676529058804,89.75306221134446,28.864302163784398
21747950,2025-02-01 00:00:00,max_sharpe,$0-1,lt5,37.066470169452295,25.713308200897366,36.72862297420607
21747950,2025-02-01 00:00:00,max_sharpe,$1-100,all,50.72409166838727,61.15554281601923,33.75340325049729
21747950,2025-02-01 00:00:00,max_sharpe,$1-100,gte5,76.15831498555792,87.42776389663882,25.065441791391514
21747950,2025-02-01 00:00:00,max_sharpe,$1-100,lt5,48.501393896844455,56.7277437023001,33.50339164028914
21747950,2025-02-01 00:00:00,max_sharpe,$100-1K,all,50.09765667859071,56.81501952682362,34.07581331862783
21747950,2025-02-01 00:00:00,max_sharpe,$100-1K,gte5,75.43339090269235,85.19660697539379,24.276848414182528
21747950,2025-02-01 00:00:00,max_sharpe,$100-1K,lt5,44.7367764164781,46.47905836667333,33.43036114535175
21747950,2025-02-01 00:00:00,max_sharpe,$10K+,all,55.294509330545864,66.97567519349657,35.19132487889868
21747950,2025-02-01 00:00:00,max_sharpe,$10K+,gte5,73.07407634651824,83.18784666370502,26.526416201410267
21747950,2025-02-01 00:00:00,max_sharpe,$10K+,lt5,42.39637592434441,40.14430399878421,35.08135823255803
21747950,2025-02-01 00:00:00,max_sharpe,$1K-10K,all,53.93789181087119,63.86670114684836,34.49572159252017
21747950,2025-02-01 00:00:00,max_sharpe,$1K-10K,gte5,73.80112105218085,82.88788813015434,25.02724790295148
21747950,2025-02-01 00:00:00,max_sharpe,$1K-10K,lt5,43.91088872298708,43.883180800642776,34.2746104948487
21747950,2025-02-01 00:00:00,max_sharpe,OVERALL,all,49.61950268284209,58.230332299062795,34.89485336456667
21747950,2025-02-01 00:00:00,max_sharpe,OVERALL,gte5,74.78517760342302,85.31059328289122,25.3460964216859
21747950,2025-02-01 00:00:00,max_sharpe,OVERALL,lt5,44.98920257430396,48.32497596296334,34.431439593927145
21747950,2025-02-01 00:00:00,safer_risk,$0-1,all,7.828029996337124,1.49325923284524e-07,18.868119873218124
21747950,2025-02-01 00:00:00,safer_risk,$0-1,gte5,50.240054051831876,53.85459644816342,25.7562726596262
21747950,2025-02-01 00:00:00,safer_risk,$0-1,lt5,5.1658312790012175,1.1094185570215132e-07,14.721274641066495
21747950,2025-02-01 00:00:00,safer_risk,$1-100,all,10.32729886617835,2.241779671618982e-07,20.47181127038639
21747950,2025-02-01 00:00:00,safer_risk,$1-100,gte5,49.44903213484855,49.483388872038304,22.879383904276377
21747950,2025-02-01 00:00:00,safer_risk,$1-100,lt5,6.908449064051234,1.5433928232666538e-07,16.264512766016423
21747950,2025-02-01 00:00:00,safer_risk,$100-1K,all,17.38152740619623,1.752783009012493e-06,24.828211754382185
21747950,2025-02-01 00:00:00,safer_risk,$100-1K,gte5,50.168715511880386,50.15387095185319,22.184554078088656
21747950,2025-02-01 00:00:00,safer_risk,$100-1K,lt5,10.443966883528313,2.174249766340175e-07,19.161042380183645
21747950,2025-02-01 00:00:00,safer_risk,$10K+,all,31.121586115928174,23.378742812304832,31.23365774377113
21747950,2025-02-01 00:00:00,safer_risk,$10K+,gte5,56.68978767807877,58.728108395693695,24.052777357189463
21747950,2025-02-01 00:00:00,safer_risk,$10K+,lt5,12.573211208428752,4.3142729527767543e-07,21.10111681480348
21747950,2025-02-01 00:00:00,safer_risk,$1K-10K,all,26.737158590961506,17.128404483305758,28.753840940514667
21747950,2025-02-01 00:00:00,safer_risk,$1K-10K,gte5,53.20157382163533,53.88688951853815,22.71660470911884
21747950,2025-02-01 00:00:00,safer_risk,$1K-10K,lt5,13.377861871717695,7.088630168960997e-07,21.251558447988003
21747950,2025-02-01 00:00:00,safer_risk,OVERALL,all,15.153777488869078,5.562714826962134e-07,24.478296007742706
21747950,2025-02-01 00:00:00,safer_risk,OVERALL,gte5,51.97962772822932,52.5725286184686,23.14999563687382
21747950,2025-02-01 00:00:00,safer_risk,OVERALL,lt5,8.378090411195295,1.7750280065231827e-07,17.759417130644124
21948292,2025-03-01 00:00:00,better_return,$0-1,all,23.78039188218689,0.09103567540539212,32.37977406401415
21948292,2025-03-01 00:00:00,better_return,$0-1,gte5,60.95428489912412,65.24820207094223,33.839461049686676
21948292,2025-03-01 00:00:00,better_return,$0-1,lt5,21.349850477521727,8.48385376256422e-06,30.755014663348923
21948292,2025-03-01 00:00:00,better_return,$1-100,all,27.998520527576538,10.791419419925518,32.349453119395356
21948292,2025-03-01 00:00:00,better_return,$1-100,gte5,61.429800132764335,66.0277659137096,29.518591418519865
21948292,2025-03-01 00:00:00,better_return,$1-100,lt5,24.755519349869857,5.291491722802664,30.733404968541006
21948292,2025-03-01 00:00:00,better_return,$100-1K,all,29.096927108476326,15.037247678489193,32.44021313459794
21948292,2025-03-01 00:00:00,better_return,$100-1K,gte5,60.94587080497034,64.38442737458456,28.871962776739103
21948292,2025-03-01 00:00:00,better_return,$100-1K,lt5,21.156943511448134,4.493977092753304,28.124473831566704
21948292,2025-03-01 00:00:00,better_return,$10K+,all,37.89088190032317,29.39242751644113,36.367785741089406
21948292,2025-03-01 00:00:00,better_return,$10K+,gte5,62.873253182026275,68.89052793215393,31.012156976209607
21948292,2025-03-01 00:00:00,better_return,$10K+,lt5,20.633525289021115,1.1594048443658276,29.033597638350635
21948292,2025-03-01 00:00:00,better_return,$1K-10K,all,37.4395530865438,31.095911953953507,34.490909501416695
21948292,2025-03-01 00:00:00,better_return,$1K-10K,gte5,62.2467302834528,66.39070751700496,28.9634695883814
21948292,2025-03-01 00:00:00,better_return,$1K-10K,lt5,23.220280251262096,8.357921028754088,28.909128318561194
21948292,2025-03-01 00:00:00,better_return,OVERALL,all,29.197298919115465,13.00581905905249,33.110318401683564
21948292,2025-03-01 00:00:00,better_return,OVERALL,gte5,61.66966913165027,65.92322970476934,29.661446920244828
21948292,2025-03-01 00:00:00,better_return,OVERALL,lt5,23.082608107715178,3.5138447119038614,30.018523305248884
21948292,2025-03-01 00:00:00,max_sharpe,$0-1,all,41.22562549916662,39.93222061757399,37.38800891190043
21948292,2025-03-01 00:00:00,max_sharpe,$0-1,gte5,78.99136291771552,90.00000000006396,28.87239975158287
21948292,2025-03-01 00:00:00,max_sharpe,$0-1,lt5,38.75638751993014,31.903872626835273,36.54321595565849
21948292,2025-03-01 00:00:00,max_sharpe,$1-100,all,51.86719039609034,63.52832354175316,33.578459032415545
21948292,2025-03-01 00:00:00,max_sharpe,$1-100,gte5,78.43501995580688,88.79546129096174,23.966560763333813
21948292,2025-03-01 00:00:00,max_sharpe,$1-100,lt5,49.289978169433645,58.267024322369274,33.25740984975753
21948292,2025-03-01 00:00:00,max_sharpe,$100-1K,all,50.00350085073945,56.893444002805694,34.89260752264425
21948292,2025-03-01 00:00:00,max_sharpe,$100-1K,gte5,77.12849385985292,87.00089914709108,23.772807332128483
21948292,2025-03-01 00:00:00,max_sharpe,$100-1K,lt5,43.2412043798026,43.25761116271829,33.92594600218655
21948292,2025-03-01 00:00:00,max_sharpe,$10K+,all,56.53078154503603,72.84248291995617,36.448991449057615
21948292,2025-03-01 00:00:00,max_sharpe,$10K+,gte5,77.07461779526389,88.95688037280587,26.401973262201256
21948292,2025-03-01 00:00:00,max_sharpe,$10K+,lt5,42.33948223494869,40.156128408961635,35.66231539713087
21948292,2025-03-01 00:00:00,max_sharpe,$1K-10K,all,55.37158550493094,68.00007302210463,35.32388949270759
21948292,2025-03-01 00:00:00,max_sharpe,$1K-10K,gte5,76.82641858469016,86.66251605726679,24.20556301018382
21948292,2025-03-01 00:00:00,max_sharpe,$1K-10K,lt5,43.07384913714559,42.15518176455033,34.814875435829485
21948292,2025-03-01 00:00:00,max_sharpe,OVERALL,all,50.35924408176584,60.14842586992497,35.157485199545796
21948292,2025-03-01 00:00:00,max_sharpe,OVERALL,gte5,77.47307044230526,88.09659449768711,24.63012601972688
21948292,2025-03-01 00:00:00,max_sharpe,OVERALL,lt5,45.25359075792268,48.80502794239885,34.49735152581269
21948292,2025-03-01 00:00:00,safer_risk,$0-1,all,8.034994920765241,1.108474777244961e-07,18.588218285723286
21948292,2025-03-01 00:00:00,safer_risk,$0-1,gte5,47.250621818197324,48.331312315121494,27.654994172476
21948292,2025-03-01 00:00:00,safer_risk,$0-1,lt5,5.470958788184723,8.793162864506598e-08,14.525304361955287
21948292,2025-03-01 00:00:00,safer_risk,$1-100,all,10.808579429341936,2.8241796817818354e-07,20.6984905245656
21948292,2025-03-01 00:00:00,safer_risk,$1-100,gte5,49.093109239342596,48.83839750708758,22.43096446102356
21948292,2025-03-01 00:00:00,safer_risk,$1-100,lt5,7.094788730091799,1.7978489391667907e-07,16.285159447788885
21948292,2025-03-01 00:00:00,safer_risk,$100-1K,all,19.584996955871954,0.4507057448992713,26.37538761348361
21948292,2025-03-01 00:00:00,safer_risk,$100-1K,gte5,52.38090449525204,52.94108680504164,22.18148141144243
21948292,2025-03-01 00:00:00,safer_risk,$100-1K,lt5,11.408934026004738,3.0237780057618124e-07,20.283992034786298
21948292,2025-03-01 00:00:00,safer_risk,$10K+,all,32.10108216010446,22.7875211062072,32.74555959439514
21948292,2025-03-01 00:00:00,safer_risk,$10K+,gte5,59.88283670981486,63.332154695435776,24.77871656464137
21948292,2025-03-01 00:00:00,safer_risk,$10K+,lt5,12.909963745210193,2.8486156558593656e-07,22.076819082650392
21948292,2025-03-01 00:00:00,safer_risk,$1K-10K,all,29.73596045314276,21.437485600368976,30.39683023901485
21948292,2025-03-01 00:00:00,safer_risk,$1K-10K,gte5,56.5712472834704,58.25868126007463,22.925581575293076
21948292,2025-03-01 00:00:00,safer_risk,$1K-10K,lt5,14.35419161968545,8.794036512882464e-07,22.426448467813284
21948292,2025-03-01 00:00:00,safer_risk,OVERALL,all,15.691971009256557,5.502512532423731e-07,25.053751496256044
21948292,2025-03-01 00:00:00,safer_risk,OVERALL,gte5,53.35134363073544,54.24263309462022,23.48088108155185
21948292,2025-03-01 00:00:00,safer_risk,OVERALL,lt5,8.600544722093575,1.9929847702715442e-07,18.019945594430375
22170335,2025-04-01 00:00:00,better_return,$0-1,all,25.643682908970895,1.8823224660391724,33.14923582541709
22170335,2025-04-01 00:00:00,better_return,$0-1,gte5,59.96606046702748,63.21674231900126,33.84308093264368
22170335,2025-04-01 00:00:00,better_return,$0-1,lt5,23.358166427934457,0.015274453496692125,31.813673726691626
22170335,2025-04-01 00:00:00,better_return,$1-100,all,23.757264443902727,3.3025624572816685,31.10376552868306
22170335,2025-04-01 00:00:00,better_return,$1-100,gte5,61.073783179893475,65.10589286184747,29.374952163933482
22170335,2025-04-01 00:00:00,better_return,$1-100,lt5,19.91315102874185,0.00024963788283899335,28.63545276911923
22170335,2025-04-01 00:00:00,better_return,$100-1K,all,31.035717445318173,18.37322105588491,33.124689819770786
22170335,2025-04-01 00:00:00,better_return,$100-1K,gte5,62.359563575782126,66.80291068868503,28.60983897747567
22170335,2025-04-01 00:00:00,better_return,$100-1K,lt5,22.505037777685427,6.466267280972971,28.864617780672113
22170335,2025-04-01 00:00:00,better_return,$10K+,all,39.06235414224538,31.271502467112146,37.26892265242995
22170335,2025-04-01 00:00:00,better_return,$10K+,gte5,66.01408509135305,75.1381337265675,30.993638639076867
22170335,2025-04-01 00:00:00,better_return,$10K+,lt5,20.91751260573506,0.5992287562232821,29.31035876285183
22170335,2025-04-01 00:00:00,better_return,$1K-10K,all,39.57855380330626,34.57704466951302,35.355681413616125
22170335,2025-04-01 00:00:00,better_return,$1K-10K,gte5,65.08989567089493,71.32616814148535,28.65819745373146
22170335,2025-04-01 00:00:00,better_return,$1K-10K,lt5,24.296463618991886,9.10813432675955,29.72272273230476
22170335,2025-04-01 00:00:00,better_return,OVERALL,all,28.152103024672435,10.837951766811576,33.17342397916719
22170335,2025-04-01 00:00:00,better_return,OVERALL,gte5,62.979566251891654,68.23049744134144,29.520332960512
22170335,2025-04-01 00:00:00,better_return,OVERALL,lt5,21.51937296454702,1.044341481206519,29.48048293203784
22170335,2025-04-01 00:00:00,max_sharpe,$0-1,all,42.26865083308366,40.005291259947754,37.40591305738771
22170335,2025-04-01 00:00:00,max_sharpe,$0-1,gte5,79.45430186994923,90.00000000025533,28.339124002595142
22170335,2025-04-01 00:00:00,max_sharpe,$0-1,lt5,39.79246985875968,38.614652873715514,36.6153952024245
22170335,2025-04-01 00:00:00,max_sharpe,$1-100,all,46.34664709439605,50.96021001575928,34.97524250680601
22170335,2025-04-01 00:00:00,max_sharpe,$1-100,gte5,77.52903129901365,88.01461314549636,24.23949464539544
22170335,2025-04-01 00:00:00,max_sharpe,$1-100,lt5,43.13443369673886,44.159670896400506,34.32597204366807
22170335,2025-04-01 00:00:00,max_sharpe,$100-1K,all,51.643021259077315,61.4342727733246,34.975428020747216
22170335,2025-04-01 00:00:00,max_sharpe,$100-1K,gte5,77.68399452011401,87.23601471973123,23.401976853302013
22170335,2025-04-01 00:00:00,max_sharpe,$100-1K,lt5,44.55106964502431,46.53632734667103,34.23891507159544
22170335,2025-04-01 00:00:00,max_sharpe,$10K+,all,59.83004446880341,79.99999999999999,36.249358038352256
22170335,2025-04-01 00:00:00,max_sharpe,$10K+,gte5,79.8120985723353,89.97271265412701,25.573183897536147
22170335,2025-04-01 00:00:00,max_sharpe,$10K+,lt5,46.37743150056036,50.846298787337446,36.17445282379355
22170335,2025-04-01 00:00:00,max_sharpe,$1K-10K,all,58.22108332240229,74.29196225700791,35.145368022821955
22170335,2025-04-01 00:00:00,max_sharpe,$1K-10K,gte5,78.82707999926413,88.17966812645639,23.394688763085494
22170335,2025-04-01 00:00:00,max_sharpe,$1K-10K,lt5,45.87744804096865,50.32295766303626,35.22136970835339
22170335,2025-04-01 00:00:00,max_sharpe,OVERALL,all,48.742736600025694,56.71329060546507,35.85897291060028
22170335,2025-04-01 00:00:00,max_sharpe,OVERALL,gte5,78.29269153507624,88.5314441449951,24.22589960997206
22170335,2025-04-01 00:00:00,max_sharpe,OVERALL,lt5,43.115083701669306,43.84884005570672,34.94301979069109
22170335,2025-04-01 00:00:00,safer_risk,$0-1,all,7.820404201142542,9.901617338547997e-08,18.64685365023718
22170335,2025-04-01 00:00:00,safer_risk,$0-1,gte5,47.772746003495456,48.61575146025717,27.72245175538399
22170335,2025-04-01 00:00:00,safer_risk,$0-1,lt5,5.159990146468668,7.846763447338923e-08,14.363683192495492
22170335,2025-04-01 00:00:00,safer_risk,$1-100,all,11.355138579693701,1.4348033872124688e-07,21.124936384088773
22170335,2025-04-01 00:00:00,safer_risk,$1-100,gte5,49.587844187257,49.84763537065827,22.378169607038892
22170335,2025-04-01 00:00:00,safer_risk,$1-100,lt5,7.416645346610275,1.0040545617151508e-07,16.569726669616593
22170335,2025-04-01 00:00:00,safer_risk,$100-1K,all,20.800616832704513,1.7127153226960699,27.274404285337535
22170335,2025-04-01 00:00:00,safer_risk,$100-1K,gte5,54.164134435572684,55.28538417292994,22.425368815139105
22170335,2025-04-01 00:00:00,safer_risk,$100-1K,lt5,11.71445672100951,2.822985512018761e-07,20.586917128174317
22170335,2025-04-01 00:00:00,safer_risk,$10K+,all,32.53949359804706,21.74315969109167,33.710041586738484
22170335,2025-04-01 00:00:00,safer_risk,$10K+,gte5,62.30639574332416,66.83837557318363,25.18934663541795
22170335,2025-04-01 00:00:00,safer_risk,$10K+,lt5,12.499381017569407,1.8292142384135346e-07,21.819730095300738
22170335,2025-04-01 00:00:00,safer_risk,$1K-10K,all,31.490652868026135,23.674310319879,31.671510196714145
22170335,2025-04-01 00:00:00,safer_risk,$1K-10K,gte5,59.60323599472793,62.236415361267596,23.148108627121516
22170335,2025-04-01 00:00:00,safer_risk,$1K-10K,lt5,14.650337964712154,9.777469084371049e-07,22.93383653707214
22170335,2025-04-01 00:00:00,safer_risk,OVERALL,all,16.03482045378834,3.2465790254744206e-07,25.55866134099129
22170335,2025-04-01 00:00:00,safer_risk,OVERALL,gte5,54.850095943882025,56.260534307419825,23.77870767870443
22170335,2025-04-01 00:00:00,safer_risk,OVERALL,lt5,8.642629904176694,1.276640654301886e-07,18.121683296340233
22385294,2025-05-01 00:00:00,better_return,$0-1,all,25.75567544337895,1.8440093775602393,32.98550889608354
22385294,2025-05-01 00:00:00,better_return,$0-1,gte5,59.200355666442135,62.51304043877097,33.24477673615187
22385294,2025-05-01 00:00:00,better_return,$0-1,lt5,23.518953874966453,0.0026512707216791442,31.734636653755746
22385294,2025-05-01 00:00:00,better_return,$1-100,all,25.691064203937092,12.417384908760907,30.63902514889274
22385294,2025-05-01 00:00:00,better_return,$1-100,gte5,60.23778713146463,63.1372431786839,28.739868159263814
22385294,2025-05-01 00:00:00,better_return,$1-100,lt5,22.194142546984516,6.578509181060804,28.585475813419958
22385294,2025-05-01 00:00:00,better_return,$100-1K,all,29.333925213724285,16.548085207322163,32.04772490652358
22385294,2025-05-01 00:00:00,better_return,$100-1K,gte5,58.93951604339847,61.04573159594724,28.158238843699
22385294,2025-05-01 00:00:00,better_return,$100-1K,lt5,21.65899074164678,5.535831988902201,28.313209135445774
22385294,2025-05-01 00:00:00,better_return,$10K+,all,36.48101429111748,28.192676790892296,35.289717060500614
22385294,2025-05-01 00:00:00,better_return,$10K+,gte5,61.41305343207669,66.55297188441017,29.9063922038791
22385294,2025-05-01 00:00:00,better_return,$10K+,lt5,19.521842494452184,1.0741185855314375,27.814806727462
22385294,2025-05-01 00:00:00,better_return,$1K-10K,all,36.38111011008096,30.317994979456493,33.5739845263524
22385294,2025-05-01 00:00:00,better_return,$1K-10K,gte5,60.208733748602675,63.47217156209521,28.030034919675884
22385294,2025-05-01 00:00:00,better_return,$1K-10K,lt5,22.55839437984565,8.008218384501792,28.370924676118932
22385294,2025-05-01 00:00:00,better_return,OVERALL,all,28.2444776616556,14.47455048997755,32.17145261650926
22385294,2025-05-01 00:00:00,better_return,OVERALL,gte5,59.91687877869006,62.93591939885545,28.85916041497106
22385294,2025-05-01 00:00:00,better_return,OVERALL,lt5,22.291249960537762,4.704976085679461,29.137697917688115
22385294,2025-05-01 00:00:00,max_sharpe,$0-1,all,42.52030331392444,40.9956484995416,37.03217504739178
22385294,2025-05-01 00:00:00,max_sharpe,$0-1,gte5,77.47613085784741,89.99186723750287,27.751440300446777
22385294,2025-05-01 00:00:00,max_sharpe,$0-1,lt5,40.18251886247427,39.99210776441433,36.39241953546895
22385294,2025-05-01 00:00:00,max_sharpe,$1-100,all,51.30298617725372,61.88692534476725,33.56702727006353
22385294,2025-05-01 00:00:00,max_sharpe,$1-100,gte5,76.4154435198087,87.04017139437626,24.49785280756729
22385294,2025-05-01 00:00:00,max_sharpe,$1-100,lt5,48.761028836619694,56.82555864056705,33.312959969818586
22385294,2025-05-01 00:00:00,max_sharpe,$100-1K,all,49.13372925134182,55.56269832350649,34.62734381173631
22385294,2025-05-01 00:00:00,max_sharpe,$100-1K,gte5,74.10231837621345,82.9951248766553,24.53069964224413
22385294,2025-05-01 00:00:00,max_sharpe,$100-1K,lt5,42.66088814183291,42.35946278176719,33.91726996048883
22385294,2025-05-01 00:00:00,max_sharpe,$10K+,all,57.63857716456124,74.34473719722587,35.56295962008673
22385294,2025-05-01 00:00:00,max_sharpe,$10K+,gte5,75.42384892529985,86.7321823939483,26.55198475385937
22385294,2025-05-01 00:00:00,max_sharpe,$10K+,lt5,45.54075084817186,47.64715857111535,35.832059668110695
22385294,2025-05-01 00:00:00,max_sharpe,$1K-10K,all,55.09280154989117,67.26563374266576,34.6447894312366
22385294,2025-05-01 00:00:00,max_sharpe,$1K-10K,gte5,74.39034493587579,83.16523908576707,24.432981333635826
22385294,2025-05-01 00:00:00,max_sharpe,$1K-10K,lt5,43.898044550074225,44.924282101846984,34.76903627890525
22385294,2025-05-01 00:00:00,max_sharpe,OVERALL,all,50.020071768401934,59.30585899233155,34.87612748673593
22385294,2025-05-01 00:00:00,max_sharpe,OVERALL,gte5,75.15716008569542,85.19064505629808,24.98722516009017
22385294,2025-05-01 00:00:00,max_sharpe,OVERALL,lt5,45.29523862603959,49.272707491253485,34.445935163248755
22385294,2025-05-01 00:00:00,safer_risk,$0-1,all,8.440233248864965,1.148456500038586e-07,19.654160059925978
22385294,2025-05-01 00:00:00,safer_risk,$0-1,gte5,52.86420283699678,55.990781076317774,25.75409469951664
22385294,2025-05-01 00:00:00,safer_risk,$0-1,lt5,5.46923605978873,8.72839148180482e-08,15.064920001131128
22385294,2025-05-01 00:00:00,safer_risk,$1-100,all,10.947617103313346,8.764879932954273e-08,20.86051795711518
22385294,2025-05-01 00:00:00,safer_risk,$1-100,gte5,49.13648849589554,49.41092007153166,22.521997728513583
22385294,2025-05-01 00:00:00,safer_risk,$1-100,lt5,7.082026387011576,6.65806410005132e-08,16.28803098971642
22385294,2025-05-01 00:00:00,safer_risk,$100-1K,all,20.336030805819743,0.7504551464124836,27.120739775608396
22385294,2025-05-01 00:00:00,safer_risk,$100-1K,gte5,53.864651368978635,54.849827452645386,22.65956809946139
22385294,2025-05-01 00:00:00,safer_risk,$100-1K,lt5,11.644092609353654,1.3891879938054963e-07,20.642861621001956
22385294,2025-05-01 00:00:00,safer_risk,$10K+,all,31.5937620848542,19.977557498745384,33.18278173200699
22385294,2025-05-01 00:00:00,safer_risk,$10K+,gte5,60.13352832115229,64.1373213847564,25.55202124302546
22385294,2025-05-01 00:00:00,safer_risk,$10K+,lt5,12.180556614512309,1.2932527548858985e-07,21.795484146371525
22385294,2025-05-01 00:00:00,safer_risk,$1K-10K,all,30.715721877926125,22.00954960237855,31.422042169506106
22385294,2025-05-01 00:00:00,safer_risk,$1K-10K,gte5,58.48819440757988,60.83676414616843,23.426686469508443
22385294,2025-05-01 00:00:00,safer_risk,$1K-10K,lt5,14.604547774834183,3.296867296526118e-07,23.124182754636955
22385294,2025-05-01 00:00:00,safer_risk,OVERALL,all,15.824346314377628,1.9196945422184086e-07,25.476335872344507
22385294,2025-05-01 00:00:00,safer_risk,OVERALL,gte5,54.55117003360016,55.89354160623675,23.728774858707023
22385294,2025-05-01 00:00:00,safer_risk,OVERALL,lt5,8.545150812600978,8.647591358268425e-08,18.174697766537882
22606143,2025-06-01 00:00:00,better_return,$0-1,all,25.377222541871358,5.499577216546901,31.842266685478048
22606143,2025-06-01 00:00:00,better_return,$0-1,gte5,64.99684361014899,71.82654646027852,30.97691647415714
22606143,2025-06-01 00:00:00,better_return,$0-1,lt5,22.739723478856423,1.6909142222437008,30.10143773030929
22606143,2025-06-01 00:00:00,better_return,$1-100,all,26.08161896799238,14.459164226766557,30.521961333233357
22606143,2025-06-01 00:00:00,better_return,$1-100,gte5,57.97757889582385,59.86359152608755,28.161643938070085
22606143,2025-06-01 00:00:00,better_return,$1-100,lt5,22.810099767821836,9.522093427970951,28.82266989528881
22606143,2025-06-01 00:00:00,better_return,$100-1K,all,29.8298720874058,17.76289127837407,31.804922229325207
22606143,2025-06-01 00:00:00,better_return,$100-1K,gte5,58.17417638176491,59.91154465234163,27.186421277110522
22606143,2025-06-01 00:00:00,better_return,$100-1K,lt5,22.565754046749408,7.394557955269695,28.682993712155447
22606143,2025-06-01 00:00:00,better_return,$10K+,all,37.580444727341295,31.62231139202809,34.51183067664377
22606143,2025-06-01 00:00:00,better_return,$10K+,gte5,61.846677884699965,65.83429496369683,28.292338863685426
22606143,2025-06-01 00:00:00,better_return,$10K+,lt5,21.35901279949987,5.9437709152318225,28.20310711803729
22606143,2025-06-01 00:00:00,better_return,$1K-10K,all,37.11746182666899,32.16984374152159,33.187728082329734
22606143,2025-06-01 00:00:00,better_return,$1K-10K,gte5,60.11707587930783,62.635756151680155,26.956167273011367
22606143,2025-06-01 00:00:00,better_return,$1K-10K,lt5,24.13167497125523,10.582411296969429,29.08156811309015
22606143,2025-06-01 00:00:00,better_return,OVERALL,all,28.600612365273037,16.15172978381753,31.820943884766884
22606143,2025-06-01 00:00:00,better_return,OVERALL,gte5,59.549421368483564,62.08051765374262,27.85974796512623
22606143,2025-06-01 00:00:00,better_return,OVERALL,lt5,22.819506784543858,7.699388661094305,29.0584391604764
22606143,2025-06-01 00:00:00,max_sharpe,$0-1,all,43.62216856672376,43.77625161085625,35.27369616023814
22606143,2025-06-01 00:00:00,max_sharpe,$0-1,gte5,78.28175065241511,89.00535888869071,23.895816712357533
22606143,2025-06-01 00:00:00,max_sharpe,$0-1,lt5,41.31486191384181,39.990501593722364,34.69520293196595
22606143,2025-06-01 00:00:00,max_sharpe,$1-100,all,42.42847906617792,42.29546570988932,33.67806088349823
22606143,2025-06-01 00:00:00,max_sharpe,$1-100,gte5,71.01193242947265,77.67604864554278,24.1878256814335
22606143,2025-06-01 00:00:00,max_sharpe,$1-100,lt5,39.496718532969886,37.530983542960854,33.1382489957931
22606143,2025-06-01 00:00:00,max_sharpe,$100-1K,all,49.16022891643991,54.95665434949042,33.12226162651755
22606143,2025-06-01 00:00:00,max_sharpe,$100-1K,gte5,70.98559854715866,76.80653008897659,23.19065880180332
22606143,2025-06-01 00:00:00,max_sharpe,$100-1K,lt5,43.56679259032591,44.32074205321561,32.970469295287145
22606143,2025-06-01 00:00:00,max_sharpe,$10K+,all,57.052197122194855,69.5304993935793,33.8664586295369
22606143,2025-06-01 00:00:00,max_sharpe,$10K+,gte5,72.80175998553392,80.19098175696345,24.482948877943127
22606143,2025-06-01 00:00:00,max_sharpe,$10K+,lt5,46.52396803018012,49.62042926354827,35.160905436015874
22606143,2025-06-01 00:00:00,max_sharpe,$1K-10K,all,54.5567069785694,63.63265626854623,32.93331116084664
22606143,2025-06-01 00:00:00,max_sharpe,$1K-10K,gte5,71.37949166829358,77.00290074592661,23.107538526077292
22606143,2025-06-01 00:00:00,max_sharpe,$1K-10K,lt5,45.05841297262237,47.224752052116045,33.84520481121246
22606143,2025-06-01 00:00:00,max_sharpe,OVERALL,all,46.20134055396391,49.85154300990895,34.10564468454393
22606143,2025-06-01 00:00:00,max_sharpe,OVERALL,gte5,71.81803753808923,78.34535069549521,23.703951560351946
22606143,2025-06-01 00:00:00,max_sharpe,OVERALL,lt5,41.41625076652115,40.00000000000002,33.61611830332067
22606143,2025-06-01 00:00:00,safer_risk,$0-1,all,8.288289993413922,6.47221408411891e-08,19.20064950506735
22606143,2025-06-01 00:00:00,safer_risk,$0-1,gte5,52.11998207569611,55.34886667605164,24.106958299362006
22606143,2025-06-01 00:00:00,safer_risk,$0-1,lt5,5.370391142282761,5.846885198224072e-08,14.768543720796721
22606143,2025-06-01 00:00:00,safer_risk,$1-100,all,11.024140966136098,1.21416351972492e-07,20.76333863622924
22606143,2025-06-01 00:00:00,safer_risk,$1-100,gte5,48.54401613658116,48.74303499429825,22.165572430815477
22606143,2025-06-01 00:00:00,safer_risk,$1-100,lt5,7.175785491466523,8.66866058102378e-08,16.301609417631308
22606143,2025-06-01 00:00:00,safer_risk,$100-1K,all,18.834273083266872,0.22462698424415284,25.623442350788302
22606143,2025-06-01 00:00:00,safer_risk,$100-1K,gte5,50.79342806609961,51.09954375776496,22.219878469945368
22606143,2025-06-01 00:00:00,safer_risk,$100-1K,lt5,10.64373604048155,1.2456359381463056e-07,19.22097209454296
22606143,2025-06-01 00:00:00,safer_risk,$10K+,all,29.08998112553737,18.14973224743996,30.955364238400023
22606143,2025-06-01 00:00:00,safer_risk,$10K+,gte5,56.17881505956697,58.872871564386195,24.246837630977875
22606143,2025-06-01 00:00:00,safer_risk,$10K+,lt5,10.981703964596539,1.3774332854876725e-07,19.681135976060066
22606143,2025-06-01 00:00:00,safer_risk,$1K-10K,all,27.81821537638801,18.962115005028267,29.223489926743156
22606143,2025-06-01 00:00:00,safer_risk,$1K-10K,gte5,54.21029173462967,55.57470637803389,22.679713328215076
22606143,2025-06-01 00:00:00,safer_risk,$1K-10K,lt5,12.917014100768801,2.744022804118673e-07,20.74749564333344
22606143,2025-06-01 00:00:00,safer_risk,OVERALL,all,15.04643757816232,1.436706115187647e-07,24.28189081228216
22606143,2025-06-01 00:00:00,safer_risk,OVERALL,gte5,51.84450452896893,52.75529050702954,22.855838795691035
22606143,2025-06-01 00:00:00,safer_risk,OVERALL,lt5,8.172715549398957,8.704840459561325e-08,17.377545905203
22820674,2025-07-01 00:00:00,better_return,$0-1,all,24.47257214336342,4.14104900445494,31.073158796211217
22820674,2025-07-01 00:00:00,better_return,$0-1,gte5,62.95699902492789,69.10518281865431,31.63746379190951
22820674,2025-07-01 00:00:00,better_return,$0-1,lt5,21.90350720955623,0.3718049449723725,29.286697739436256
22820674,2025-07-01 00:00:00,better_return,$1-100,all,27.907249223915137,13.357617466257691,31.34577552370596
22820674,2025-07-01 00:00:00,better_return,$1-100,gte5,59.18968838376753,61.772130546829224,28.625885829875553
22820674,2025-07-01 00:00:00,better_return,$1-100,lt5,24.651549359910387,7.727128225245679,29.7840287466716
22820674,2025-07-01 00:00:00,better_return,$100-1K,all,30.367540464711475,18.347923841322665,32.48392421296353
22820674,2025-07-01 00:00:00,better_return,$100-1K,gte5,60.39522616397115,63.31485496594619,28.139489975741665
22820674,2025-07-01 00:00:00,better_return,$100-1K,lt5,22.617393393323805,6.648922196000001,28.816646531413337
22820674,2025-07-01 00:00:00,better_return,$10K+,all,37.81124765183804,32.97649566402703,34.74483198390938
22820674,2025-07-01 00:00:00,better_return,$10K+,gte5,62.717804856379686,67.47431910529909,29.50080296276518
22820674,2025-07-01 00:00:00,better_return,$10K+,lt5,22.07071528841563,6.552197342804049,27.93418194545902
22820674,2025-07-01 00:00:00,better_return,$1K-10K,all,38.341265562489895,33.63407864199517,34.051343014652396
22820674,2025-07-01 00:00:00,better_return,$1K-10K,gte5,62.32055688489022,66.07517592117141,28.1193157972852
22820674,2025-07-01 00:00:00,better_return,$1K-10K,lt5,24.979805969827108,11.34237839702079,29.42899160293763
22820674,2025-07-01 00:00:00,better_return,OVERALL,all,29.40127302623164,15.971281085413628,32.28385554648159
22820674,2025-07-01 00:00:00,better_return,OVERALL,gte5,61.01252855670027,64.45325150908235,28.725359280847456
22820674,2025-07-01 00:00:00,better_return,OVERALL,lt5,23.631728822030745,6.552197342804048,29.431303016776884
22820674,2025-07-01 00:00:00,max_sharpe,$0-1,all,45.379305777348904,50.66647656625285,36.37458210266647
22820674,2025-07-01 00:00:00,max_sharpe,$0-1,gte5,77.65738704821113,89.74638637929003,26.4355390130331
22820674,2025-07-01 00:00:00,max_sharpe,$0-1,lt5,43.224551414532165,44.17363573811761,35.92478961269025
22820674,2025-07-01 00:00:00,max_sharpe,$1-100,all,49.36303802297311,57.394039149180415,33.91625172861152
22820674,2025-07-01 00:00:00,max_sharpe,$1-100,gte5,74.85351163136448,84.76026810116187,24.509718572671698
22820674,2025-07-01 00:00:00,max_sharpe,$1-100,lt5,46.71013327228587,52.05122122108475,33.65781449201866
22820674,2025-07-01 00:00:00,max_sharpe,$100-1K,all,50.6901489553324,58.69618035926686,34.65131487837005
22820674,2025-07-01 00:00:00,max_sharpe,$100-1K,gte5,75.63906492561024,84.95554702284794,23.820000829774326
22820674,2025-07-01 00:00:00,max_sharpe,$100-1K,lt5,44.25083258650173,45.754975527961996,34.08893724131946
22820674,2025-07-01 00:00:00,max_sharpe,$10K+,all,57.47110082986843,73.75838491675754,35.47944207038895
22820674,2025-07-01 00:00:00,max_sharpe,$10K+,gte5,75.97575233010028,87.16883956081288,25.72513072967025
22820674,2025-07-01 00:00:00,max_sharpe,$10K+,lt5,45.77646702635987,48.167973005369234,35.81794710311801
22820674,2025-07-01 00:00:00,max_sharpe,$1K-10K,all,57.470064761878675,71.39010973512119,34.370844662706666
22820674,2025-07-01 00:00:00,max_sharpe,$1K-10K,gte5,76.24293126067954,85.48610418422851,23.824838574274764
22820674,2025-07-01 00:00:00,max_sharpe,$1K-10K,lt5,47.00966817259889,52.20685565385343,34.89328675781583
22820674,2025-07-01 00:00:00,max_sharpe,OVERALL,all,50.1744270853905,59.403037262595326,34.842010307915814
22820674,2025-07-01 00:00:00,max_sharpe,OVERALL,gte5,75.77064623345903,85.75417356404502,24.434010801134008
22820674,2025-07-01 00:00:00,max_sharpe,OVERALL,lt5,45.50272027220003,49.50856491342231,34.42622423091493
22820674,2025-07-01 00:00:00,safer_risk,$0-1,all,8.151922978610171,6.261847845800972e-08,18.96395642371234
22820674,2025-07-01 00:00:00,safer_risk,$0-1,gte5,50.349112281449536,52.460182858668475,24.252563256832318
22820674,2025-07-01 00:00:00,safer_risk,$0-1,lt5,5.335009018145743,5.417923817918613e-08,14.750383715466318
22820674,2025-07-01 00:00:00,safer_risk,$1-100,all,11.218779165360683,9.059070299466399e-08,21.02049459876093
22820674,2025-07-01 00:00:00,safer_risk,$1-100,gte5,48.98665563757228,49.18732829188979,22.06926990897478
22820674,2025-07-01 00:00:00,safer_risk,$1-100,lt5,7.28811155769755,8.756006961152529e-08,16.530424694001745
22820674,2025-07-01 00:00:00,safer_risk,$100-1K,all,19.19596360766284,0.26868105922853813,26.00026884374084
22820674,2025-07-01 00:00:00,safer_risk,$100-1K,gte5,51.508938366028616,52.03328892089032,22.191568603063864
22820674,2025-07-01 00:00:00,safer_risk,$100-1K,lt5,10.855983324149118,1.4531289505015366e-07,19.604671913314757
22820674,2025-07-01 00:00:00,safer_risk,$10K+,all,28.86066616527306,16.925606364782666,31.22242073049016
22820674,2025-07-01 00:00:00,safer_risk,$10K+,gte5,57.02618940883913,59.64576422538545,24.513673914932703
22820674,2025-07-01 00:00:00,safer_risk,$10K+,lt5,11.060521146946842,1.2390287823516033e-07,19.823091821201796
22820674,2025-07-01 00:00:00,safer_risk,$1K-10K,all,28.454580860030056,19.063574398673307,29.895302677821512
22820674,2025-07-01 00:00:00,safer_risk,$1K-10K,gte5,55.41661927597051,57.04170527575966,22.985561615700025
22820674,2025-07-01 00:00:00,safer_risk,$1K-10K,lt5,13.4311098997403,4.1544383350133884e-07,21.600030867926844
22820674,2025-07-01 00:00:00,safer_risk,OVERALL,all,15.05373728929126,1.5802143760179632e-07,24.451581278051844
22820674,2025-07-01 00:00:00,safer_risk,OVERALL,gte5,52.350770798259845,53.24112566471801,22.968601286390204
22820674,2025-07-01 00:00:00,safer_risk,OVERALL,lt5,8.246450457291072,8.756006961152529e-08,17.620561534559705
23042514,2025-08-01 00:00:00,better_return,$0-1,all,25.81366782284321,3.294700922017218,32.685746182485104
23042514,2025-08-01 00:00:00,better_return,$0-1,gte5,62.45058197833137,69.3415431842883,32.45059057801221
23042514,2025-08-01 00:00:00,better_return,$0-1,lt5,23.419885364509774,0.008058901615245334,31.239858835502737
23042514,2025-08-01 00:00:00,better_return,$1-100,all,28.573078793638945,11.6775422830375,33.026086433634156
23042514,2025-08-01 00:00:00,better_return,$1-100,gte5,58.902694596351886,61.052303310805264,28.154757365868438
23042514,2025-08-01 00:00:00,better_return,$1-100,lt5,25.493929913696704,6.102492699207222,31.907823479746984
23042514,2025-08-01 00:00:00,better_return,$100-1K,all,28.9935816948774,16.549847263423686,31.77080648584068
23042514,2025-08-01 00:00:00,better_return,$100-1K,gte5,59.09162109838307,61.192905319171615,27.807050901883915
23042514,2025-08-01 00:00:00,better_return,$100-1K,lt5,21.61959353851599,5.764328043948167,28.123360829471792
23042514,2025-08-01 00:00:00,better_return,$10K+,all,36.596556359671425,31.636368921803488,34.048822292662
23042514,2025-08-01 00:00:00,better_return,$10K+,gte5,61.70950871847914,65.52308286320017,28.694188866381676
23042514,2025-08-01 00:00:00,better_return,$10K+,lt5,20.449153582569394,6.052544300081021,26.628931578873203
23042514,2025-08-01 00:00:00,better_return,$1K-10K,all,36.087376212063866,30.413428975362578,33.244391110475654
23042514,2025-08-01 00:00:00,better_return,$1K-10K,gte5,59.88564357724798,62.309306332248504,27.87573243547659
23042514,2025-08-01 00:00:00,better_return,$1K-10K,lt5,23.259744937452133,9.640163161167727,28.499752153334033
23042514,2025-08-01 00:00:00,better_return,OVERALL,all,29.43417366940283,14.470278126165786,32.93230555110603
23042514,2025-08-01 00:00:00,better_return,OVERALL,gte5,59.81400798498663,62.418461155382616,28.406302917380703
23042514,2025-08-01 00:00:00,better_return,OVERALL,lt5,23.90947283982321,5.3094322340284865,30.604921170267648
23042514,2025-08-01 00:00:00,max_sharpe,$0-1,all,48.38458443635505,56.59774462487421,34.675733823052006
23042514,2025-08-01 00:00:00,max_sharpe,$0-1,gte5,77.51254265027546,89.63685042603396,25.023653397366207
23042514,2025-08-01 00:00:00,max_sharpe,$0-1,lt5,46.4814220923968,54.31043756717292,34.365668135005116
23042514,2025-08-01 00:00:00,max_sharpe,$1-100,all,49.30628557440378,56.35157901692844,33.05201584306103
23042514,2025-08-01 00:00:00,max_sharpe,$1-100,gte5,72.03520513329667,78.60300898689016,23.827355802454473
23042514,2025-08-01 00:00:00,max_sharpe,$1-100,lt5,46.998781000085934,51.77083100647761,32.983824027478434
23042514,2025-08-01 00:00:00,max_sharpe,$100-1K,all,48.60339435568008,54.010835137882744,33.67280693137424
23042514,2025-08-01 00:00:00,max_sharpe,$100-1K,gte5,71.87716654204125,78.32584409585735,23.497936584560943
23042514,2025-08-01 00:00:00,max_sharpe,$100-1K,lt5,42.901344525946186,42.92752509679886,33.33397622337278
23042514,2025-08-01 00:00:00,max_sharpe,$10K+,all,54.206577061608186,64.26021524978361,34.862417658057865
23042514,2025-08-01 00:00:00,max_sharpe,$10K+,gte5,72.98777886732714,80.74487402937051,24.64256314653811
23042514,2025-08-01 00:00:00,max_sharpe,$10K+,lt5,42.13043301203694,40.2329888472924,35.12517299529089
23042514,2025-08-01 00:00:00,max_sharpe,$1K-10K,all,53.24242613999568,61.61898829255197,33.66706226789043
23042514,2025-08-01 00:00:00,max_sharpe,$1K-10K,gte5,71.30761954513201,77.52654616611893,23.979428592795248
23042514,2025-08-01 00:00:00,max_sharpe,$1K-10K,lt5,43.50500969913941,43.31936706633654,34.11399025760165
23042514,2025-08-01 00:00:00,max_sharpe,OVERALL,all,49.68666415181918,56.883546751735025,33.69106367890116
23042514,2025-08-01 00:00:00,max_sharpe,OVERALL,gte5,72.3054167295149,79.26090355145818,24.015441990796422
23042514,2025-08-01 00:00:00,max_sharpe,OVERALL,lt5,45.57334872580495,49.35081739606727,33.56587687803207
23042514,2025-08-01 00:00:00,safer_risk,$0-1,all,8.894241301410196,7.242371771742917e-08,19.63968970713766
23042514,2025-08-01 00:00:00,safer_risk,$0-1,gte5,50.238714861651786,52.27984429315969,24.449107987925277
23042514,2025-08-01 00:00:00,safer_risk,$0-1,lt5,6.192876357367469,6.11433306763054e-08,15.902189719231119
23042514,2025-08-01 00:00:00,safer_risk,$1-100,all,10.524152991499166,7.650930305969084e-08,20.304038735795917
23042514,2025-08-01 00:00:00,safer_risk,$1-100,gte5,47.692616390575715,47.82157177854373,22.213206028180775
23042514,2025-08-01 00:00:00,safer_risk,$1-100,lt5,6.750704847978501,5.787316806338261e-08,15.796236493330355
23042514,2025-08-01 00:00:00,safer_risk,$100-1K,all,18.51820963012607,3.903917857715552e-05,25.53704888042157
23042514,2025-08-01 00:00:00,safer_risk,$100-1K,gte5,50.66737168979344,51.33941250744899,22.00158810874339
23042514,2025-08-01 00:00:00,safer_risk,$100-1K,lt5,10.641698569498038,1.1706304536840406e-07,19.443652833587915
23042514,2025-08-01 00:00:00,safer_risk,$10K+,all,29.138710288183105,17.718606230766827,31.279635255407147
23042514,2025-08-01 00:00:00,safer_risk,$10K+,gte5,56.66670488368537,59.49620137621564,24.50653551985304
23042514,2025-08-01 00:00:00,safer_risk,$10K+,lt5,11.438457047206974,1.2065839369301834e-07,20.51378889342353
23042514,2025-08-01 00:00:00,safer_risk,$1K-10K,all,27.341529026520437,17.21973629666483,29.303116499045355
23042514,2025-08-01 00:00:00,safer_risk,$1K-10K,gte5,53.88485106714071,55.40442193031482,22.96667984313709
23042514,2025-08-01 00:00:00,safer_risk,$1K-10K,lt5,13.034271161249498,2.1885091169848714e-07,21.277624494426725
23042514,2025-08-01 00:00:00,safer_risk,OVERALL,all,14.825818615045849,1.2065839369301834e-07,24.17702616638106
23042514,2025-08-01 00:00:00,safer_risk,OVERALL,gte5,51.44749259315273,52.33951241841597,23.006407295092185
23042514,2025-08-01 00:00:00,safer_risk,OVERALL,lt5,8.166012952325413,7.534333573699925e-08,17.502197148976535
23264566,2025-09-01 00:00:00,better_return,$0-1,all,30.202042070353222,11.62923906072623,34.15061926210967
23264566,2025-09-01 00:00:00,better_return,$0-1,gte5,61.54118560007626,67.057395494012,31.8272300508403
23264566,2025-09-01 00:00:00,better_return,$0-1,lt5,28.159716262545242,8.017753786688708,33.28783097833809
23264566,2025-09-01 00:00:00,better_return,$1-100,all,26.580144087838498,10.526665096431806,31.601483929423242
23264566,2025-09-01 00:00:00,better_return,$1-100,gte5,59.1567282726288,61.531681857286955,28.086104563740715
23264566,2025-09-01 00:00:00,better_return,$1-100,lt5,23.31268818851498,4.720354463380151,30.042982609481438
23264566,2025-09-01 00:00:00,better_return,$100-1K,all,29.423322582945914,16.87162323829438,32.05086126790121
23264566,2025-09-01 00:00:00,better_return,$100-1K,gte5,59.707071063897494,61.96123290043197,27.61348166657211
23264566,2025-09-01 00:00:00,better_return,$100-1K,lt5,21.964828746605544,6.302871113937544,28.477416613993338
23264566,2025-09-01 00:00:00,better_return,$10K+,all,36.46289684041411,28.515110666191546,34.61330807318225
23264566,2025-09-01 00:00:00,better_return,$10K+,gte5,62.535140107555726,66.23194474071587,28.62490206401909
23264566,2025-09-01 00:00:00,better_return,$10K+,lt5,20.644762055907087,4.257128918485153,27.662465044442342
23264566,2025-09-01 00:00:00,better_return,$1K-10K,all,36.25652697857199,29.694424332681344,33.75482014772176
23264566,2025-09-01 00:00:00,better_return,$1K-10K,gte5,61.06942581101939,63.88610789002407,27.76930692523317
23264566,2025-09-01 00:00:00,better_return,$1K-10K,lt5,23.257870613614458,8.740666983005028,28.996642435145827
23264566,2025-09-01 00:00:00,better_return,OVERALL,all,29.45504900889725,14.684384452499478,32.756652205951205
23264566,2025-09-01 00:00:00,better_return,OVERALL,gte5,60.39868412319555,63.16971319389458,28.255336728274678
23264566,2025-09-01 00:00:00,better_return,OVERALL,lt5,23.924063863574347,6.115027533799078,30.337221139071637
23264566,2025-09-01 00:00:00,max_sharpe,$0-1,all,48.78493537260784,52.95761239557099,33.633557155017066
23264566,2025-09-01 00:00:00,max_sharpe,$0-1,gte5,76.85887957441352,87.96973848018825,24.10019304474539
23264566,2025-09-01 00:00:00,max_sharpe,$0-1,lt5,46.95539779395886,50.772432760035045,33.35229688392844
23264566,2025-09-01 00:00:00,max_sharpe,$1-100,all,44.618826526299074,46.02360037988903,33.486664991816546
23264566,2025-09-01 00:00:00,max_sharpe,$1-100,gte5,70.58220422672547,75.84750438472201,23.486621544599494
23264566,2025-09-01 00:00:00,max_sharpe,$1-100,lt5,42.014680212112054,40.708783047713176,33.228117909570315
23264566,2025-09-01 00:00:00,max_sharpe,$100-1K,all,50.65182191050255,56.8138594517414,32.79616319160376
23264566,2025-09-01 00:00:00,max_sharpe,$100-1K,gte5,71.44410885384117,76.9493210830602,22.90329782875481
23264566,2025-09-01 00:00:00,max_sharpe,$100-1K,lt5,45.53095174781924,47.476583396979706,32.842073168102154
23264566,2025-09-01 00:00:00,max_sharpe,$10K+,all,60.18923508916132,76.6193302736657,33.639671609640985
23264566,2025-09-01 00:00:00,max_sharpe,$10K+,gte5,75.49193447849014,84.17949845341222,23.673104843909194
23264566,2025-09-01 00:00:00,max_sharpe,$10K+,lt5,50.905025862245324,62.3002715004219,35.354173081995455
23264566,2025-09-01 00:00:00,max_sharpe,$1K-10K,all,57.2823807788158,68.39427276899866,32.68529367509244
23264566,2025-09-01 00:00:00,max_sharpe,$1K-10K,gte5,72.8154571858339,79.06476097507691,23.111754157558984
23264566,2025-09-01 00:00:00,max_sharpe,$1K-10K,lt5,49.145116210541154,55.109573066551775,33.99344984404249
23264566,2025-09-01 00:00:00,max_sharpe,OVERALL,all,48.8919865173078,54.08801306621185,33.62846032322018
23264566,2025-09-01 00:00:00,max_sharpe,OVERALL,gte5,72.46602836190728,78.81871401121654,23.377529667727284
23264566,2025-09-01 00:00:00,max_sharpe,OVERALL,lt5,44.678271005989394,45.91054172744323,33.440025508134156
23264566,2025-09-01 00:00:00,safer_risk,$0-1,all,8.765598131256084,7.130670012789331e-08,19.52791741954236
23264566,2025-09-01 00:00:00,safer_risk,$0-1,gte5,49.88383877796332,52.03886604748184,24.658920302046273
23264566,2025-09-01 00:00:00,safer_risk,$0-1,lt5,6.085982973146217,5.8916529857913624e-08,15.786178144299452
23264566,2025-09-01 00:00:00,safer_risk,$1-100,all,11.317410264824517,8.688010658119971e-08,21.166615086463104
23264566,2025-09-01 00:00:00,safer_risk,$1-100,gte5,48.67752707519656,48.81111167748279,22.522430413337325
23264566,2025-09-01 00:00:00,safer_risk,$1-100,lt5,7.570162444764229,6.983969444429583e-08,16.971888814319794
23264566,2025-09-01 00:00:00,safer_risk,$100-1K,all,18.59133315565205,8.203236651635248e-05,25.97567831837574
23264566,2025-09-01 00:00:00,safer_risk,$100-1K,gte5,50.7892871798969,51.05256758761553,22.567975418093184
23264566,2025-09-01 00:00:00,safer_risk,$100-1K,lt5,10.661395361337869,1.3063695680770593e-07,19.931527182277406
23264566,2025-09-01 00:00:00,safer_risk,$10K+,all,29.486131859657373,16.614019248674506,32.13865669207878
23264566,2025-09-01 00:00:00,safer_risk,$10K+,gte5,57.33436838798965,59.79473020045356,25.099323934562364
23264566,2025-09-01 00:00:00,safer_risk,$10K+,lt5,12.590494825188875,1.4425712707710758e-07,22.833508867794848
23264566,2025-09-01 00:00:00,safer_risk,$1K-10K,all,27.91294032118006,16.434663904452442,30.469770265601415
23264566,2025-09-01 00:00:00,safer_risk,$1K-10K,gte5,54.84665919159558,56.263254460850064,23.728284334943343
23264566,2025-09-01 00:00:00,safer_risk,$1K-10K,lt5,13.803256539731619,2.422040769334277e-07,23.25308422963442
23264566,2025-09-01 00:00:00,safer_risk,OVERALL,all,15.212159881346647,1.4954767840746896e-07,24.774540361535554
23264566,2025-09-01 00:00:00,safer_risk,OVERALL,gte5,52.02907234629757,52.73618832659517,23.538439156909607
23264566,2025-09-01 00:00:00,safer_risk,OVERALL,lt5,8.631362402701457,8.034119307331888e-08,18.408174800698237
23479244,2025-10-01 00:00:00,better_return,$0-1,all,25.006163129276896,0.013981133804522039,33.44209199393194
23479244,2025-10-01 00:00:00,better_return,$0-1,gte5,62.316685680005854,70.92186574846322,33.22076732816153
23479244,2025-10-01 00:00:00,better_return,$0-1,lt5,22.55906874340536,3.4213201918764646e-05,31.96953945417573
23479244,2025-10-01 00:00:00,better_return,$1-100,all,22.599934756195907,2.043670146925976,30.52026906900848
23479244,2025-10-01 00:00:00,better_return,$1-100,gte5,60.01070126359507,63.41068893363151,28.713872100784407
23479244,2025-10-01 00:00:00,better_return,$1-100,lt5,18.78987274361252,3.528498582344719e-05,28.023749205328162
23479244,2025-10-01 00:00:00,better_return,$100-1K,all,28.99792854656189,15.56269964440689,32.36382572933015
23479244,2025-10-01 00:00:00,better_return,$100-1K,gte5,60.296763471977506,63.459406608223674,28.223764326688073
23479244,2025-10-01 00:00:00,better_return,$100-1K,lt5,21.245129522416217,4.610584896470958,28.40406758727163
23479244,2025-10-01 00:00:00,better_return,$10K+,all,36.16359318568605,26.38278396734077,35.743865509874844
23479244,2025-10-01 00:00:00,better_return,$10K+,gte5,64.0620681582965,69.92996461664535,29.703739167540945
23479244,2025-10-01 00:00:00,better_return,$10K+,lt5,20.00899106536912,1.4242123845543602,28.19346178414768
23479244,2025-10-01 00:00:00,better_return,$1K-10K,all,36.63716057121785,29.074519653815397,34.77694297373739
23479244,2025-10-01 00:00:00,better_return,$1K-10K,gte5,63.009570252521364,67.28480913611199,28.21114289951885
23479244,2025-10-01 00:00:00,better_return,$1K-10K,lt5,22.917913347051627,6.8573595016237,29.57282617209178
23479244,2025-10-01 00:00:00,better_return,OVERALL,all,26.581922812900302,9.17899732642998,32.59216169262438
23479244,2025-10-01 00:00:00,better_return,OVERALL,gte5,61.50033553312071,65.53045646846164,28.983503226290544
23479244,2025-10-01 00:00:00,better_return,OVERALL,lt5,20.45203969512727,0.002962257585468574,29.14851223642903
23479244,2025-10-01 00:00:00,max_sharpe,$0-1,all,49.82451895472815,62.42422394138515,35.3006437993998
23479244,2025-10-01 00:00:00,max_sharpe,$0-1,gte5,77.5315856388086,89.9999998695977,28.173983384028638
23479244,2025-10-01 00:00:00,max_sharpe,$0-1,lt5,48.00728878221073,56.80644207816624,34.95930316283224
23479244,2025-10-01 00:00:00,max_sharpe,$1-100,all,48.53514316923794,56.322215990413916,34.93314337616903
23479244,2025-10-01 00:00:00,max_sharpe,$1-100,gte5,75.91674530689487,86.18940015864649,24.523897267041086
23479244,2025-10-01 00:00:00,max_sharpe,$1-100,lt5,45.746491348171205,50.07747800676526,34.62978414065624
23479244,2025-10-01 00:00:00,max_sharpe,$100-1K,all,51.16193060197959,61.164103464170395,35.11846745588318
23479244,2025-10-01 00:00:00,max_sharpe,$100-1K,gte5,75.50162043592559,85.28221609309944,24.381372705478825
23479244,2025-10-01 00:00:00,max_sharpe,$100-1K,lt5,45.132929073894104,48.25944744806121,34.76291817231735
23479244,2025-10-01 00:00:00,max_sharpe,$10K+,all,60.696600471254,80.0,35.478843205353854
23479244,2025-10-01 00:00:00,max_sharpe,$10K+,gte5,77.67076193986787,89.51022800030655,25.71564573866252
23479244,2025-10-01 00:00:00,max_sharpe,$10K+,lt5,50.86771824307926,68.97974615539903,36.62326850602528
23479244,2025-10-01 00:00:00,max_sharpe,$1K-10K,all,58.124236176865885,75.61140783353139,35.04851686003356
23479244,2025-10-01 00:00:00,max_sharpe,$1K-10K,gte5,76.6040896891876,86.707379100593,24.432410873619375
23479244,2025-10-01 00:00:00,max_sharpe,$1K-10K,lt5,48.51079235183484,57.730085388850995,35.87223951461509
23479244,2025-10-01 00:00:00,max_sharpe,OVERALL,all,50.961381670593624,62.16001875269185,35.264389091399856
23479244,2025-10-01 00:00:00,max_sharpe,OVERALL,gte5,76.30380545447306,86.99463068232174,24.91255091179139
23479244,2025-10-01 00:00:00,max_sharpe,OVERALL,lt5,46.5125512795633,52.74503941710724,34.934190708074595
23479244,2025-10-01 00:00:00,safer_risk,$0-1,all,8.489501763897954,5.925410023754907e-08,19.343880678415083
23479244,2025-10-01 00:00:00,safer_risk,$0-1,gte5,47.064601234320364,48.751168086325805,27.596342936980687
23479244,2025-10-01 00:00:00,safer_risk,$0-1,lt5,5.959467261696612,5.2857082599722105e-08,15.645516404547088
23479244,2025-10-01 00:00:00,safer_risk,$1-100,all,12.573741123153647,1.0635111541423825e-07,23.22414640763732
23479244,2025-10-01 00:00:00,safer_risk,$1-100,gte5,49.35591125850771,49.76379251856927,22.456296848822255
23479244,2025-10-01 00:00:00,safer_risk,$1-100,lt5,8.8276978779458,7.44428109433759e-08,19.776575147678475
23479244,2025-10-01 00:00:00,safer_risk,$100-1K,all,18.61989726660581,5.90971290983372e-06,26.06341096504214
23479244,2025-10-01 00:00:00,safer_risk,$100-1K,gte5,51.507799393829906,52.354456422216394,22.326769027366332
23479244,2025-10-01 00:00:00,safer_risk,$100-1K,lt5,10.473482356091205,1.0592815166687863e-07,19.74355034245539
23479244,2025-10-01 00:00:00,safer_risk,$10K+,all,28.938257672886362,14.870298862935924,32.10875431689157
23479244,2025-10-01 00:00:00,safer_risk,$10K+,gte5,58.677033768924076,62.041276750659094,25.012731281907083
23479244,2025-10-01 00:00:00,safer_risk,$10K+,lt5,11.718029834327734,1.907474643514373e-07,21.378422335961297
23479244,2025-10-01 00:00:00,safer_risk,$1K-10K,all,28.121745209743686,16.855076327542385,30.543899679567858
23479244,2025-10-01 00:00:00,safer_risk,$1K-10K,gte5,56.5119996353348,58.56793853602721,23.25274973767165
23479244,2025-10-01 00:00:00,safer_risk,$1K-10K,lt5,13.352790687632284,4.566704431274715e-07,22.350869143007973
23479244,2025-10-01 00:00:00,safer_risk,OVERALL,all,15.560677557548637,1.5677720649476257e-07,25.407334563745323
23479244,2025-10-01 00:00:00,safer_risk,OVERALL,gte5,52.67121746829614,53.95241232819673,23.654389487720888
23479244,2025-10-01 00:00:00,safer_risk,OVERALL,lt5,9.045969288503901,7.739555871189019e-08,19.401664087279013
23700767,2025-11-01 00:00:00,better_return,$0-1,all,26.911245374391232,4.8071590296684885,33.795536897524414
23700767,2025-11-01 00:00:00,better_return,$0-1,gte5,64.07856536498852,73.17008364480785,33.09355180785665
23700767,2025-11-01 00:00:00,better_return,$0-1,lt5,24.402357016034003,0.6325297646670873,32.33829857361664
23700767,2025-11-01 00:00:00,better_return,$1-100,all,28.277373581485488,11.92143281879248,32.739600015364914
23700767,2025-11-01 00:00:00,better_return,$1-100,gte5,61.25900493753381,65.0365160544121,28.892226898860496
23700767,2025-11-01 00:00:00,better_return,$1-100,lt5,24.769198818799214,6.235364461068525,31.130226501453432
23700767,2025-11-01 00:00:00,better_return,$100-1K,all,33.26068119526676,22.81390515977545,33.27509233852903
23700767,2025-11-01 00:00:00,better_return,$100-1K,gte5,62.41951849694703,66.5871774709085,28.57007096046817
23700767,2025-11-01 00:00:00,better_return,$100-1K,lt5,25.577698426920115,12.146485636589617,30.014122702963533
23700767,2025-11-01 00:00:00,better_return,$10K+,all,37.02194321958465,27.15950957856616,36.50676097836563
23700767,2025-11-01 00:00:00,better_return,$10K+,gte5,65.82798999561484,74.74699372123318,31.097087145352944
23700767,2025-11-01 00:00:00,better_return,$10K+,lt5,21.700697869971915,3.770552290261147,29.174924098132212
23700767,2025-11-01 00:00:00,better_return,$1K-10K,all,40.45206308902152,35.93136574624816,35.80162070529016
23700767,2025-11-01 00:00:00,better_return,$1K-10K,gte5,66.34006104560434,73.24795458404371,28.680617267860654
23700767,2025-11-01 00:00:00,better_return,$1K-10K,lt5,26.759628237635567,11.900827297458896,31.34755095830049
23700767,2025-11-01 00:00:00,better_return,OVERALL,all,30.623912822598346,15.544241558761579,33.81755313821728
23700767,2025-11-01 00:00:00,better_return,OVERALL,gte5,63.488595009028224,68.82193809856842,29.424067832655865
23700767,2025-11-01 00:00:00,better_return,OVERALL,lt5,24.899894931083924,6.910732438215583,31.16308306688861
23700767,2025-11-01 00:00:00,max_sharpe,$0-1,all,44.819612653855074,47.70382958755183,37.21573422103273
23700767,2025-11-01 00:00:00,max_sharpe,$0-1,gte5,78.30342671606547,89.99999999989274,29.132234748983812
23700767,2025-11-01 00:00:00,max_sharpe,$0-1,lt5,42.5593702872995,40.42054324190492,36.61180851896776
23700767,2025-11-01 00:00:00,max_sharpe,$1-100,all,49.82335913203265,59.887979789705945,35.01994479815913
23700767,2025-11-01 00:00:00,max_sharpe,$1-100,gte5,77.83161533833362,88.34804956009053,24.20502804312413
23700767,2025-11-01 00:00:00,max_sharpe,$1-100,lt5,46.84419001486341,53.16905589509249,34.67289671067569
23700767,2025-11-01 00:00:00,max_sharpe,$100-1K,all,51.96368017333309,64.68966350362189,36.05208993451527
23700767,2025-11-01 00:00:00,max_sharpe,$100-1K,gte5,78.52598701059448,88.39742435503967,23.771344017005582
23700767,2025-11-01 00:00:00,max_sharpe,$100-1K,lt5,44.964850158034174,48.8194583990885,35.47453858842645
23700767,2025-11-01 00:00:00,max_sharpe,$10K+,all,55.09011505076627,78.37555730209773,39.03426605636298
23700767,2025-11-01 00:00:00,max_sharpe,$10K+,gte5,79.57721848481351,89.99995014874634,27.097606866541952
23700767,2025-11-01 00:00:00,max_sharpe,$10K+,lt5,42.06601207227061,39.681988807832,38.14429741894817
23700767,2025-11-01 00:00:00,max_sharpe,$1K-10K,all,60.068730235037606,80.0,36.29425699694801
23700767,2025-11-01 00:00:00,max_sharpe,$1K-10K,gte5,81.29844593610699,89.88867041868676,23.01005694648501
23700767,2025-11-01 00:00:00,max_sharpe,$1K-10K,lt5,48.840109943972514,61.65627836016504,37.006665536397136
23700767,2025-11-01 00:00:00,max_sharpe,OVERALL,all,50.53394983708802,62.717738816574396,36.21640478018466
23700767,2025-11-01 00:00:00,max_sharpe,OVERALL,gte5,79.06929199996623,89.43696976891269,24.59474295287085
23700767,2025-11-01 00:00:00,max_sharpe,OVERALL,lt5,45.563969961602105,50.42282807414704,35.61175872279802
23700767,2025-11-01 00:00:00,safer_risk,$0-1,all,8.646242587404242,1.1799651672417255e-07,19.145678903834337
23700767,2025-11-01 00:00:00,safer_risk,$0-1,gte5,48.69373570352309,49.84325557326144,25.899303802080993
23700767,2025-11-01 00:00:00,safer_risk,$0-1,lt5,5.942935238748496,9.507680961973186e-08,15.180694866750326
23700767,2025-11-01 00:00:00,safer_risk,$1-100,all,12.496208568331518,2.0553443946802474e-07,22.267757868220176
23700767,2025-11-01 00:00:00,safer_risk,$1-100,gte5,49.04701048960326,49.38509379621745,21.641339854934806
23700767,2025-11-01 00:00:00,safer_risk,$1-100,lt5,8.608389937654774,1.4351965206549355e-07,18.481364182058105
23700767,2025-11-01 00:00:00,safer_risk,$100-1K,all,19.163231936911014,0.03563954064820908,25.820997761910768
23700767,2025-11-01 00:00:00,safer_risk,$100-1K,gte5,51.17894481176569,51.90659497746927,21.54610313966522
23700767,2025-11-01 00:00:00,safer_risk,$100-1K,lt5,10.727498790594295,2.0261530578324916e-07,19.463809084225524
23700767,2025-11-01 00:00:00,safer_risk,$10K+,all,28.329056101568632,13.721766066779834,31.86854715186206
23700767,2025-11-01 00:00:00,safer_risk,$10K+,gte5,59.6196602927497,63.259932332609864,24.469978615009676
23700767,2025-11-01 00:00:00,safer_risk,$10K+,lt5,11.686334256458462,2.672085115673628e-07,20.965742017143516
23700767,2025-11-01 00:00:00,safer_risk,$1K-10K,all,28.4900221676048,18.925652784861093,30.022361835767505
23700767,2025-11-01 00:00:00,safer_risk,$1K-10K,gte5,56.32279810542835,58.36518552538362,22.258799870702635
23700767,2025-11-01 00:00:00,safer_risk,$1K-10K,lt5,13.76897375354746,8.075715637878567e-07,22.12654407133247
23700767,2025-11-01 00:00:00,safer_risk,OVERALL,all,15.37572258700164,2.264023427067663e-07,24.66095298637422
23700767,2025-11-01 00:00:00,safer_risk,OVERALL,gte5,52.3927711055661,53.493472650562374,22.740672289089268
23700767,2025-11-01 00:00:00,safer_risk,OVERALL,lt5,8.928490059105567,1.6163839225424859e-07,18.541628289150772
23914921,2025-12-01 00:00:00,better_return,$0-1,all,25.64511770960811,2.987020325189488,33.45311558887443
23914921,2025-12-01 00:00:00,better_return,$0-1,gte5,65.46364102162428,77.19754902306728,33.25752990012183
23914921,2025-12-01 00:00:00,better_return,$0-1,lt5,22.804338990616042,0.0019680806425850794,31.60469780193152
23914921,2025-12-01 00:00:00,better_return,$1-100,all,28.45644700671953,11.430861847896779,32.84960957712489
23914921,2025-12-01 00:00:00,better_return,$1-100,gte5,62.17691928956321,66.93166209674058,29.356040213948503
23914921,2025-12-01 00:00:00,better_return,$1-100,lt5,24.655117633731816,5.656255447293001,30.999402871270267
23914921,2025-12-01 00:00:00,better_return,$100-1K,all,30.139962925407108,16.82959514605203,32.164058889949594
23914921,2025-12-01 00:00:00,better_return,$100-1K,gte5,63.76967020196522,69.16654038300723,29.093573913582873
23914921,2025-12-01 00:00:00,better_return,$100-1K,lt5,22.55020625821767,11.659927918760129,27.642917347068984
23914921,2025-12-01 00:00:00,better_return,$10K+,all,38.745371782343426,22.261071830933314,36.5219901806595
23914921,2025-12-01 00:00:00,better_return,$10K+,gte5,68.62255928916387,79.40065736828014,30.655314563358395
23914921,2025-12-01 00:00:00,better_return,$10K+,lt5,25.580020708716177,11.659927918760129,30.673300428022785
23914921,2025-12-01 00:00:00,better_return,$1K-10K,all,36.689869295700205,17.059557265338192,34.67842865503691
23914921,2025-12-01 00:00:00,better_return,$1K-10K,gte5,66.86472279518776,74.22943080650184,29.14338705595272
23914921,2025-12-01 00:00:00,better_return,$1K-10K,lt5,24.66300874245806,11.659927918760133,28.91086907638521
23914921,2025-12-01 00:00:00,better_return,OVERALL,all,29.611789405028592,13.783392376436876,33.38062497826422
23914921,2025-12-01 00:00:00,better_return,OVERALL,gte5,64.5577742578194,70.9570189001044,29.813206377423807
23914921,2025-12-01 00:00:00,better_return,OVERALL,lt5,23.858557086698887,9.544498612528496,30.285783235567234
23914921,2025-12-01 00:00:00,max_sharpe,$0-1,all,45.95037854831179,52.126074703124935,36.9604477472314
23914921,2025-12-01 00:00:00,max_sharpe,$0-1,gte5,78.90441580097276,89.99999999999105,28.284819607163204
23914921,2025-12-01 00:00:00,max_sharpe,$0-1,lt5,43.59933385992224,44.56409673517167,36.37931817857211
23914921,2025-12-01 00:00:00,max_sharpe,$1-100,all,43.54479312840143,43.602635969069524,35.92817067375971
23914921,2025-12-01 00:00:00,max_sharpe,$1-100,gte5,77.931466257572,88.51235542432701,24.471504968446844
23914921,2025-12-01 00:00:00,max_sharpe,$1-100,lt5,39.66836252835463,36.994397631654074,34.93589234623757
23914921,2025-12-01 00:00:00,max_sharpe,$100-1K,all,57.1046350716241,79.99999999999996,34.67766874992596
23914921,2025-12-01 00:00:00,max_sharpe,$100-1K,gte5,78.34756589541877,88.63172598160327,24.37612421148023
23914921,2025-12-01 00:00:00,max_sharpe,$100-1K,lt5,52.310401374474814,74.41243444329324,34.856964858107354
23914921,2025-12-01 00:00:00,max_sharpe,$10K+,all,63.170697594338215,80.0,36.51371117824899
23914921,2025-12-01 00:00:00,max_sharpe,$10K+,gte5,80.57313505546409,89.99999982899575,27.044845906505063
23914921,2025-12-01 00:00:00,max_sharpe,$10K+,lt5,55.50233193373967,80.0,37.499301189661686
23914921,2025-12-01 00:00:00,max_sharpe,$1K-10K,all,64.10133986697807,80.0,33.732892949059085
23914921,2025-12-01 00:00:00,max_sharpe,$1K-10K,gte5,79.64647984522544,89.83928688136949,24.8113752591461
23914921,2025-12-01 00:00:00,max_sharpe,$1K-10K,lt5,57.9054777792903,80.0,34.80489656910986
23914921,2025-12-01 00:00:00,max_sharpe,OVERALL,all,50.05608819259211,63.50977486466076,36.50616277159855
23914921,2025-12-01 00:00:00,max_sharpe,OVERALL,gte5,78.75949827172188,89.52833809713403,25.14785070042846
23914921,2025-12-01 00:00:00,max_sharpe,OVERALL,lt5,45.33058432686451,51.003173405403025,35.91686317629685
23914921,2025-12-01 00:00:00,safer_risk,$0-1,all,8.96549249403673,1.1599049429267261e-07,19.51526342789282
23914921,2025-12-01 00:00:00,safer_risk,$0-1,gte5,49.02746134562198,50.26523326487593,26.050098928150266
23914921,2025-12-01 00:00:00,safer_risk,$0-1,lt5,6.107345604391467,8.669712980993745e-08,15.39255124994103
23914921,2025-12-01 00:00:00,safer_risk,$1-100,all,12.352882783332918,2.517049679795491e-07,21.614074957929578
23914921,2025-12-01 00:00:00,safer_risk,$1-100,gte5,48.94267590291033,49.328031063372364,21.649983810957117
23914921,2025-12-01 00:00:00,safer_risk,$1-100,lt5,8.228093125278232,1.4221056277019528e-07,17.29318132907338
23914921,2025-12-01 00:00:00,safer_risk,$100-1K,all,17.327253152225715,3.2150045403689376e-07,25.496397784820353
23914921,2025-12-01 00:00:00,safer_risk,$100-1K,gte5,52.199887701168926,53.356065593063185,21.76644489481762
23914921,2025-12-01 00:00:00,safer_risk,$100-1K,lt5,9.456985106366218,6.980054659266877e-08,18.800375717296852
23914921,2025-12-01 00:00:00,safer_risk,$10K+,all,27.204857686518512,14.284051498349903,30.480125349167885
23914921,2025-12-01 00:00:00,safer_risk,$10K+,gte5,58.88464137808387,61.239194071149626,23.567828705206363
23914921,2025-12-01 00:00:00,safer_risk,$10K+,lt5,13.245194510698454,9.80715876564009e-08,21.367068162142296
23914921,2025-12-01 00:00:00,safer_risk,$1K-10K,all,24.998011613009293,6.4161111275639335,29.831244791918873
23914921,2025-12-01 00:00:00,safer_risk,$1K-10K,gte5,57.57992661433727,59.651545333892855,22.273756455165792
23914921,2025-12-01 00:00:00,safer_risk,$1K-10K,lt5,12.011763037346215,5.390026758256283e-08,21.33294971934866
23914921,2025-12-01 00:00:00,safer_risk,OVERALL,all,14.788577282167925,2.680686755907047e-07,24.179117198997883
23914921,2025-12-01 00:00:00,safer_risk,OVERALL,gte5,52.69696645372968,53.99076302464662,22.75690478157984
23914921,2025-12-01 00:00:00,safer_risk,OVERALL,lt5,8.547637997257771,1.0418447771165518e-07,17.890951899423158
