block_number,date,vol_bin,sharpe_bin,n_wallets
9193266,2020-01-01,0.0,-0.7,4
9193266,2020-01-01,0.0,-0.5,5
9193266,2020-01-01,0.0,-0.4,5
9193266,2020-01-01,0.0,-0.3,1
9193266,2020-01-01,0.0,-0.2,573
9193266,2020-01-01,0.0,-0.1,702
9193266,2020-01-01,0.0,0.0,1099
9193266,2020-01-01,0.0,0.1,1357
9193266,2020-01-01,0.0,0.2,12
9193266,2020-01-01,0.02,-2.7,1
9193266,2020-01-01,0.02,-1.5,3
9193266,2020-01-01,0.02,-1.4,2
9193266,2020-01-01,0.02,-1.3,21
9193266,2020-01-01,0.02,-1.2,3
9193266,2020-01-01,0.02,-1.1,2
9193266,2020-01-01,0.02,-1.0,14
9193266,2020-01-01,0.02,-0.9,25
9193266,2020-01-01,0.02,-0.8,19
9193266,2020-01-01,0.02,-0.7,12
9193266,2020-01-01,0.02,-0.6,220
9193266,2020-01-01,0.02,-0.5,509
9193266,2020-01-01,0.02,-0.4,124
9193266,2020-01-01,0.02,-0.3,56
9193266,2020-01-01,0.02,-0.2,28
9193266,2020-01-01,0.02,-0.1,101
9193266,2020-01-01,0.02,0.0,501
9193266,2020-01-01,0.02,0.1,140
9193266,2020-01-01,0.02,0.2,14
9193266,2020-01-01,0.02,0.5,1
9193266,2020-01-01,0.02,1.1,1
9193266,2020-01-01,0.04,-3.0,1
9193266,2020-01-01,0.04,-1.4,14
9193266,2020-01-01,0.04,-1.3,1
9193266,2020-01-01,0.04,-1.2,3
9193266,2020-01-01,0.04,-1.1,24
9193266,2020-01-01,0.04,-1.0,43
9193266,2020-01-01,0.04,-0.9,79
9193266,2020-01-01,0.04,-0.8,96
9193266,2020-01-01,0.04,-0.7,278
9193266,2020-01-01,0.04,-0.6,238
9193266,2020-01-01,0.04,-0.5,527
9193266,2020-01-01,0.04,-0.4,528
9193266,2020-01-01,0.04,-0.3,92
9193266,2020-01-01,0.04,-0.2,124
9193266,2020-01-01,0.04,-0.1,78
9193266,2020-01-01,0.04,0.0,197
9193266,2020-01-01,0.04,0.1,27
9193266,2020-01-01,0.04,0.4,3
9193266,2020-01-01,0.04,0.5,1
9193266,2020-01-01,0.04,0.6,1
9193266,2020-01-01,0.06,-3.0,1
9193266,2020-01-01,0.06,-2.5,1
9193266,2020-01-01,0.06,-2.2,1
9193266,2020-01-01,0.06,-1.5,6
9193266,2020-01-01,0.06,-1.4,84
9193266,2020-01-01,0.06,-1.3,2
9193266,2020-01-01,0.06,-1.2,6
9193266,2020-01-01,0.06,-1.1,27
9193266,2020-01-01,0.06,-1.0,125
9193266,2020-01-01,0.06,-0.9,127
9193266,2020-01-01,0.06,-0.8,122
9193266,2020-01-01,0.06,-0.7,116
9193266,2020-01-01,0.06,-0.6,717
9193266,2020-01-01,0.06,-0.5,201
9193266,2020-01-01,0.06,-0.4,150
9193266,2020-01-01,0.06,-0.3,552
9193266,2020-01-01,0.06,-0.2,173
9193266,2020-01-01,0.06,-0.1,600
9193266,2020-01-01,0.06,0.0,76
9193266,2020-01-01,0.06,0.1,34
9193266,2020-01-01,0.06,0.7,1
9193266,2020-01-01,0.08,-3.0,2
9193266,2020-01-01,0.08,-2.2,1
9193266,2020-01-01,0.08,-2.1,1
9193266,2020-01-01,0.08,-2.0,1
9193266,2020-01-01,0.08,-1.8,1
9193266,2020-01-01,0.08,-1.6,1
9193266,2020-01-01,0.08,-1.5,17
9193266,2020-01-01,0.08,-1.4,22
9193266,2020-01-01,0.08,-1.3,28
9193266,2020-01-01,0.08,-1.2,16
9193266,2020-01-01,0.08,-1.1,148
9193266,2020-01-01,0.08,-1.0,149
9193266,2020-01-01,0.08,-0.9,132
9193266,2020-01-01,0.08,-0.8,56
9193266,2020-01-01,0.08,-0.7,52
9193266,2020-01-01,0.08,-0.6,53
9193266,2020-01-01,0.08,-0.5,48
9193266,2020-01-01,0.08,-0.4,172
9193266,2020-01-01,0.08,-0.3,269
9193266,2020-01-01,0.08,-0.2,413
9193266,2020-01-01,0.08,-0.1,141
9193266,2020-01-01,0.08,0.0,201
9193266,2020-01-01,0.08,0.1,109
9193266,2020-01-01,0.08,0.4,1
9193266,2020-01-01,0.08,0.5,1
9193266,2020-01-01,0.08,0.6,3
9193266,2020-01-01,0.1,-3.0,4
9193266,2020-01-01,0.1,-2.9,1
9193266,2020-01-01,0.1,-2.6,1
9193266,2020-01-01,0.1,-2.5,1
9193266,2020-01-01,0.1,-2.0,1
9193266,2020-01-01,0.1,-1.8,1
9193266,2020-01-01,0.1,-1.7,1
9193266,2020-01-01,0.1,-1.6,1
9193266,2020-01-01,0.1,-1.5,4
9193266,2020-01-01,0.1,-1.4,24
9193266,2020-01-01,0.1,-1.3,29
9193266,2020-01-01,0.1,-1.2,53
9193266,2020-01-01,0.1,-1.1,204
9193266,2020-01-01,0.1,-1.0,98
9193266,2020-01-01,0.1,-0.9,146
9193266,2020-01-01,0.1,-0.8,72
9193266,2020-01-01,0.1,-0.7,48
9193266,2020-01-01,0.1,-0.6,906
9193266,2020-01-01,0.1,-0.5,117
9193266,2020-01-01,0.1,-0.4,50
9193266,2020-01-01,0.1,-0.3,264
9193266,2020-01-01,0.1,-0.2,118
9193266,2020-01-01,0.1,-0.1,65
9193266,2020-01-01,0.1,0.0,59
9193266,2020-01-01,0.1,0.1,8
9193266,2020-01-01,0.1,0.2,2
9193266,2020-01-01,0.1,0.4,1
9193266,2020-01-01,0.1,0.5,2
9193266,2020-01-01,0.1,0.7,1
9193266,2020-01-01,0.1,1.2,1
9193266,2020-01-01,0.12,-2.8,1
9193266,2020-01-01,0.12,-2.7,3
9193266,2020-01-01,0.12,-2.6,2
9193266,2020-01-01,0.12,-2.5,3
9193266,2020-01-01,0.12,-2.4,2
9193266,2020-01-01,0.12,-2.3,1
9193266,2020-01-01,0.12,-2.1,3
9193266,2020-01-01,0.12,-2.0,3
9193266,2020-01-01,0.12,-1.9,3
9193266,2020-01-01,0.12,-1.8,1
9193266,2020-01-01,0.12,-1.7,5
9193266,2020-01-01,0.12,-1.6,2
9193266,2020-01-01,0.12,-1.5,14
9193266,2020-01-01,0.12,-1.4,30
9193266,2020-01-01,0.12,-1.3,34
9193266,2020-01-01,0.12,-1.2,74
9193266,2020-01-01,0.12,-1.1,387
9193266,2020-01-01,0.12,-1.0,260
9193266,2020-01-01,0.12,-0.9,228
9193266,2020-01-01,0.12,-0.8,51
9193266,2020-01-01,0.12,-0.7,48
9193266,2020-01-01,0.12,-0.6,37
9193266,2020-01-01,0.12,-0.5,30
9193266,2020-01-01,0.12,-0.4,54
9193266,2020-01-01,0.12,-0.3,159
9193266,2020-01-01,0.12,-0.2,156
9193266,2020-01-01,0.12,-0.1,42
9193266,2020-01-01,0.12,0.0,42
9193266,2020-01-01,0.12,0.1,11
9193266,2020-01-01,0.12,0.2,2
9193266,2020-01-01,0.12,0.4,2
9193266,2020-01-01,0.12,0.7,1
9193266,2020-01-01,0.12,0.9,1
9193266,2020-01-01,0.12,1.0,2
9193266,2020-01-01,0.14,-3.0,6
9193266,2020-01-01,0.14,-2.9,1
9193266,2020-01-01,0.14,-2.3,1
9193266,2020-01-01,0.14,-2.2,1
9193266,2020-01-01,0.14,-2.0,1
9193266,2020-01-01,0.14,-1.9,1
9193266,2020-01-01,0.14,-1.8,2
9193266,2020-01-01,0.14,-1.7,5
9193266,2020-01-01,0.14,-1.6,16
9193266,2020-01-01,0.14,-1.5,47
9193266,2020-01-01,0.14,-1.4,54
9193266,2020-01-01,0.14,-1.3,106
9193266,2020-01-01,0.14,-1.2,258
9193266,2020-01-01,0.14,-1.1,651
9193266,2020-01-01,0.14,-1.0,359
9193266,2020-01-01,0.14,-0.9,418
9193266,2020-01-01,0.14,-0.8,213
9193266,2020-01-01,0.14,-0.7,123
9193266,2020-01-01,0.14,-0.6,79
9193266,2020-01-01,0.14,-0.5,62
9193266,2020-01-01,0.14,-0.4,84
9193266,2020-01-01,0.14,-0.3,139
9193266,2020-01-01,0.14,-0.2,329
9193266,2020-01-01,0.14,-0.1,55
9193266,2020-01-01,0.14,0.0,34
9193266,2020-01-01,0.14,0.1,5
9193266,2020-01-01,0.14,0.2,6
9193266,2020-01-01,0.14,0.3,3
9193266,2020-01-01,0.14,0.4,4
9193266,2020-01-01,0.14,0.5,4
9193266,2020-01-01,0.14,0.6,1
9193266,2020-01-01,0.14,0.7,1
9193266,2020-01-01,0.14,0.8,2
9193266,2020-01-01,0.14,1.2,3
9193266,2020-01-01,0.16,-3.0,4
9193266,2020-01-01,0.16,-2.8,1
9193266,2020-01-01,0.16,-2.7,1
9193266,2020-01-01,0.16,-2.5,2
9193266,2020-01-01,0.16,-2.3,1
9193266,2020-01-01,0.16,-2.1,1
9193266,2020-01-01,0.16,-1.9,6
9193266,2020-01-01,0.16,-1.8,2
9193266,2020-01-01,0.16,-1.7,17
9193266,2020-01-01,0.16,-1.6,35
9193266,2020-01-01,0.16,-1.5,145
9193266,2020-01-01,0.16,-1.4,671
9193266,2020-01-01,0.16,-1.3,2800
9193266,2020-01-01,0.16,-1.2,1491
9193266,2020-01-01,0.16,-1.1,4941
9193266,2020-01-01,0.16,-1.0,2887
9193266,2020-01-01,0.16,-0.9,1766
9193266,2020-01-01,0.16,-0.8,1048
9193266,2020-01-01,0.16,-0.7,968
9193266,2020-01-01,0.16,-0.6,624
9193266,2020-01-01,0.16,-0.5,442
9193266,2020-01-01,0.16,-0.4,284
9193266,2020-01-01,0.16,-0.3,112
9193266,2020-01-01,0.16,-0.2,105
9193266,2020-01-01,0.16,-0.1,68
9193266,2020-01-01,0.16,0.0,49
9193266,2020-01-01,0.16,0.1,12
9193266,2020-01-01,0.16,0.2,2
9193266,2020-01-01,0.16,0.4,2
9193266,2020-01-01,0.16,0.6,1
9193266,2020-01-01,0.16,0.8,1
9193266,2020-01-01,0.16,0.9,2
9193266,2020-01-01,0.16,1.0,2
9193266,2020-01-01,0.16,1.2,1
9193266,2020-01-01,0.18,-3.0,5
9193266,2020-01-01,0.18,-2.9,1
9193266,2020-01-01,0.18,-2.8,1
9193266,2020-01-01,0.18,-2.6,1
9193266,2020-01-01,0.18,-2.2,1
9193266,2020-01-01,0.18,-2.1,4
9193266,2020-01-01,0.18,-2.0,3
9193266,2020-01-01,0.18,-1.9,1
9193266,2020-01-01,0.18,-1.8,11
9193266,2020-01-01,0.18,-1.7,33
9193266,2020-01-01,0.18,-1.6,96
9193266,2020-01-01,0.18,-1.5,1298
9193266,2020-01-01,0.18,-1.4,1234
9193266,2020-01-01,0.18,-1.3,4093
9193266,2020-01-01,0.18,-1.2,1484
9193266,2020-01-01,0.18,-1.1,6952
9193266,2020-01-01,0.18,-1.0,8584
9193266,2020-01-01,0.18,-0.9,4015
9193266,2020-01-01,0.18,-0.8,2464
9193266,2020-01-01,0.18,-0.7,1768
9193266,2020-01-01,0.18,-0.6,1842
9193266,2020-01-01,0.18,-0.5,1654
9193266,2020-01-01,0.18,-0.4,828
9193266,2020-01-01,0.18,-0.3,408
9193266,2020-01-01,0.18,-0.2,194
9193266,2020-01-01,0.18,-0.1,108
9193266,2020-01-01,0.18,0.0,55
9193266,2020-01-01,0.18,0.1,13
9193266,2020-01-01,0.18,0.2,5
9193266,2020-01-01,0.18,0.3,1
9193266,2020-01-01,0.18,0.6,1
9193266,2020-01-01,0.18,0.8,1
9193266,2020-01-01,0.18,0.9,2
9193266,2020-01-01,0.18,1.0,1
9193266,2020-01-01,0.18,1.1,2
9193266,2020-01-01,0.18,1.2,2
9193266,2020-01-01,0.2,-3.0,1
9193266,2020-01-01,0.2,-2.7,2
9193266,2020-01-01,0.2,-2.6,2
9193266,2020-01-01,0.2,-2.5,2
9193266,2020-01-01,0.2,-2.3,1
9193266,2020-01-01,0.2,-2.2,2
9193266,2020-01-01,0.2,-2.1,1
9193266,2020-01-01,0.2,-2.0,1
9193266,2020-01-01,0.2,-1.9,2
9193266,2020-01-01,0.2,-1.8,57
9193266,2020-01-01,0.2,-1.7,73
9193266,2020-01-01,0.2,-1.6,156
9193266,2020-01-01,0.2,-1.5,61992
9193266,2020-01-01,0.2,-1.4,3707
9193266,2020-01-01,0.2,-1.3,2752
9193266,2020-01-01,0.2,-1.2,4856
9193266,2020-01-01,0.2,-1.1,3482
9193266,2020-01-01,0.2,-1.0,9307
9193266,2020-01-01,0.2,-0.9,9517
9193266,2020-01-01,0.2,-0.8,3577
9193266,2020-01-01,0.2,-0.7,1980
9193266,2020-01-01,0.2,-0.6,1885
9193266,2020-01-01,0.2,-0.5,1263
9193266,2020-01-01,0.2,-0.4,1180
9193266,2020-01-01,0.2,-0.3,968
9193266,2020-01-01,0.2,-0.2,651
9193266,2020-01-01,0.2,-0.1,310
9193266,2020-01-01,0.2,0.0,350
9193266,2020-01-01,0.2,0.1,56
9193266,2020-01-01,0.2,0.2,9
9193266,2020-01-01,0.2,0.3,2
9193266,2020-01-01,0.2,0.4,3
9193266,2020-01-01,0.2,0.5,2
9193266,2020-01-01,0.2,0.6,1
9193266,2020-01-01,0.2,0.7,2
9193266,2020-01-01,0.22,-3.0,4
9193266,2020-01-01,0.22,-2.9,2
9193266,2020-01-01,0.22,-2.8,5
9193266,2020-01-01,0.22,-2.6,1
9193266,2020-01-01,0.22,-2.5,1
9193266,2020-01-01,0.22,-2.4,2
9193266,2020-01-01,0.22,-2.3,1
9193266,2020-01-01,0.22,-2.2,1
9193266,2020-01-01,0.22,-2.1,2
9193266,2020-01-01,0.22,-2.0,3
9193266,2020-01-01,0.22,-1.9,2
9193266,2020-01-01,0.22,-1.8,4
9193266,2020-01-01,0.22,-1.7,166
9193266,2020-01-01,0.22,-1.6,2428
9193266,2020-01-01,0.22,-1.5,198
9193266,2020-01-01,0.22,-1.4,9929
9193266,2020-01-01,0.22,-1.3,3935
9193266,2020-01-01,0.22,-1.2,941
9193266,2020-01-01,0.22,-1.1,8202
9193266,2020-01-01,0.22,-1.0,5680
9193266,2020-01-01,0.22,-0.9,5934
9193266,2020-01-01,0.22,-0.8,4415
9193266,2020-01-01,0.22,-0.7,2066
9193266,2020-01-01,0.22,-0.6,2322
9193266,2020-01-01,0.22,-0.5,1344
9193266,2020-01-01,0.22,-0.4,765
9193266,2020-01-01,0.22,-0.3,1202
9193266,2020-01-01,0.22,-0.2,4852
9193266,2020-01-01,0.22,-0.1,1235
9193266,2020-01-01,0.22,0.0,361
9193266,2020-01-01,0.22,0.1,91
9193266,2020-01-01,0.22,0.2,25
9193266,2020-01-01,0.22,0.3,13
9193266,2020-01-01,0.22,0.4,3
9193266,2020-01-01,0.22,0.5,2
9193266,2020-01-01,0.22,0.6,4
9193266,2020-01-01,0.22,0.7,3
9193266,2020-01-01,0.22,0.9,2
9193266,2020-01-01,0.22,1.1,1
9193266,2020-01-01,0.22,1.2,1
9193266,2020-01-01,0.24,-3.0,9
9193266,2020-01-01,0.24,-2.9,4
9193266,2020-01-01,0.24,-2.8,3
9193266,2020-01-01,0.24,-2.7,3
9193266,2020-01-01,0.24,-2.6,1
9193266,2020-01-01,0.24,-2.5,3
9193266,2020-01-01,0.24,-2.4,3
9193266,2020-01-01,0.24,-2.2,4
9193266,2020-01-01,0.24,-2.1,1
9193266,2020-01-01,0.24,-1.9,4
9193266,2020-01-01,0.24,-1.8,8
9193266,2020-01-01,0.24,-1.7,5
9193266,2020-01-01,0.24,-1.6,396
9193266,2020-01-01,0.24,-1.5,1061
9193266,2020-01-01,0.24,-1.4,6890
9193266,2020-01-01,0.24,-1.3,3302
9193266,2020-01-01,0.24,-1.2,669
9193266,2020-01-01,0.24,-1.1,1098
9193266,2020-01-01,0.24,-1.0,6049
9193266,2020-01-01,0.24,-0.9,4875
9193266,2020-01-01,0.24,-0.8,4393
9193266,2020-01-01,0.24,-0.7,2418
9193266,2020-01-01,0.24,-0.6,1904
9193266,2020-01-01,0.24,-0.5,1362
9193266,2020-01-01,0.24,-0.4,1010
9193266,2020-01-01,0.24,-0.3,1071
9193266,2020-01-01,0.24,-0.2,897
9193266,2020-01-01,0.24,-0.1,2059
9193266,2020-01-01,0.24,0.0,699
9193266,2020-01-01,0.24,0.1,230
9193266,2020-01-01,0.24,0.2,112
9193266,2020-01-01,0.24,0.3,12
9193266,2020-01-01,0.24,0.4,13
9193266,2020-01-01,0.24,0.5,3
9193266,2020-01-01,0.24,0.6,6
9193266,2020-01-01,0.24,0.7,8
9193266,2020-01-01,0.24,0.8,2
9193266,2020-01-01,0.24,0.9,1
9193266,2020-01-01,0.24,1.1,1
9193266,2020-01-01,0.26,-3.0,15
9193266,2020-01-01,0.26,-2.9,16
9193266,2020-01-01,0.26,-2.8,5
9193266,2020-01-01,0.26,-2.7,7
9193266,2020-01-01,0.26,-2.6,12
9193266,2020-01-01,0.26,-2.5,4
9193266,2020-01-01,0.26,-2.4,1
9193266,2020-01-01,0.26,-2.3,3
9193266,2020-01-01,0.26,-2.0,1
9193266,2020-01-01,0.26,-1.9,1
9193266,2020-01-01,0.26,-1.8,4
9193266,2020-01-01,0.26,-1.7,7
9193266,2020-01-01,0.26,-1.6,31
9193266,2020-01-01,0.26,-1.5,98
9193266,2020-01-01,0.26,-1.4,834
9193266,2020-01-01,0.26,-1.3,1230
9193266,2020-01-01,0.26,-1.2,709
9193266,2020-01-01,0.26,-1.1,1709
9193266,2020-01-01,0.26,-1.0,5152
9193266,2020-01-01,0.26,-0.9,3811
9193266,2020-01-01,0.26,-0.8,2842
9193266,2020-01-01,0.26,-0.7,6245
9193266,2020-01-01,0.26,-0.6,2166
9193266,2020-01-01,0.26,-0.5,1826
9193266,2020-01-01,0.26,-0.4,1119
9193266,2020-01-01,0.26,-0.3,630
9193266,2020-01-01,0.26,-0.2,763
9193266,2020-01-01,0.26,-0.1,3964
9193266,2020-01-01,0.26,0.0,1101
9193266,2020-01-01,0.26,0.1,660
9193266,2020-01-01,0.26,0.2,157
9193266,2020-01-01,0.26,0.3,19
9193266,2020-01-01,0.26,0.4,11
9193266,2020-01-01,0.26,0.5,9
9193266,2020-01-01,0.26,0.6,8
9193266,2020-01-01,0.26,0.7,3
9193266,2020-01-01,0.26,0.8,9
9193266,2020-01-01,0.26,0.9,3
9193266,2020-01-01,0.26,1.4,1
9193266,2020-01-01,0.28,-3.0,8
9193266,2020-01-01,0.28,-2.9,15
9193266,2020-01-01,0.28,-2.8,48
9193266,2020-01-01,0.28,-2.7,7
9193266,2020-01-01,0.28,-2.6,7
9193266,2020-01-01,0.28,-2.5,4
9193266,2020-01-01,0.28,-2.2,8
9193266,2020-01-01,0.28,-2.1,4
9193266,2020-01-01,0.28,-2.0,4
9193266,2020-01-01,0.28,-1.9,6
9193266,2020-01-01,0.28,-1.8,2
9193266,2020-01-01,0.28,-1.7,6
9193266,2020-01-01,0.28,-1.6,31
9193266,2020-01-01,0.28,-1.5,31
9193266,2020-01-01,0.28,-1.4,150
9193266,2020-01-01,0.28,-1.3,413
9193266,2020-01-01,0.28,-1.2,1149
9193266,2020-01-01,0.28,-1.1,3357
9193266,2020-01-01,0.28,-1.0,2200
9193266,2020-01-01,0.28,-0.9,1752
9193266,2020-01-01,0.28,-0.8,2233
9193266,2020-01-01,0.28,-0.7,3167
9193266,2020-01-01,0.28,-0.6,4339
9193266,2020-01-01,0.28,-0.5,2327
9193266,2020-01-01,0.28,-0.4,1207
9193266,2020-01-01,0.28,-0.3,1012
9193266,2020-01-01,0.28,-0.2,516
9193266,2020-01-01,0.28,-0.1,1654
9193266,2020-01-01,0.28,0.0,665
9193266,2020-01-01,0.28,0.1,368
9193266,2020-01-01,0.28,0.2,48
9193266,2020-01-01,0.28,0.3,23
9193266,2020-01-01,0.28,0.4,22
9193266,2020-01-01,0.28,0.5,3
9193266,2020-01-01,0.28,0.6,8
9193266,2020-01-01,0.28,0.7,11
9193266,2020-01-01,0.28,0.8,7
9193266,2020-01-01,0.28,0.9,2
9193266,2020-01-01,0.28,1.0,4
9193266,2020-01-01,0.28,1.1,3
9193266,2020-01-01,0.28,1.2,28
9193266,2020-01-01,0.3,-3.0,24
9193266,2020-01-01,0.3,-2.9,7
9193266,2020-01-01,0.3,-2.7,2
9193266,2020-01-01,0.3,-2.6,1
9193266,2020-01-01,0.3,-2.5,1
9193266,2020-01-01,0.3,-2.3,2
9193266,2020-01-01,0.3,-2.0,2
9193266,2020-01-01,0.3,-1.9,2
9193266,2020-01-01,0.3,-1.8,3
9193266,2020-01-01,0.3,-1.7,2
9193266,2020-01-01,0.3,-1.6,16
9193266,2020-01-01,0.3,-1.5,29
9193266,2020-01-01,0.3,-1.4,119
9193266,2020-01-01,0.3,-1.3,152
9193266,2020-01-01,0.3,-1.2,212
9193266,2020-01-01,0.3,-1.1,725
9193266,2020-01-01,0.3,-1.0,448
9193266,2020-01-01,0.3,-0.9,2680
9193266,2020-01-01,0.3,-0.8,1566
9193266,2020-01-01,0.3,-0.7,3027
9193266,2020-01-01,0.3,-0.6,2564
9193266,2020-01-01,0.3,-0.5,2430
9193266,2020-01-01,0.3,-0.4,1287
9193266,2020-01-01,0.3,-0.3,675
9193266,2020-01-01,0.3,-0.2,498
9193266,2020-01-01,0.3,-0.1,848
9193266,2020-01-01,0.3,0.0,566
9193266,2020-01-01,0.3,0.1,241
9193266,2020-01-01,0.3,0.2,168
9193266,2020-01-01,0.3,0.3,23
9193266,2020-01-01,0.3,0.4,34
9193266,2020-01-01,0.3,0.5,21
9193266,2020-01-01,0.3,0.6,9
9193266,2020-01-01,0.3,0.7,17
9193266,2020-01-01,0.3,0.8,11
9193266,2020-01-01,0.3,0.9,7
9193266,2020-01-01,0.3,1.0,5
9193266,2020-01-01,0.3,1.1,7
9193266,2020-01-01,0.3,1.2,8
9193266,2020-01-01,0.32,-3.0,9
9193266,2020-01-01,0.32,-2.7,1
9193266,2020-01-01,0.32,-2.6,2
9193266,2020-01-01,0.32,-2.3,3
9193266,2020-01-01,0.32,-2.2,2
9193266,2020-01-01,0.32,-2.1,12
9193266,2020-01-01,0.32,-2.0,1
9193266,2020-01-01,0.32,-1.9,1
9193266,2020-01-01,0.32,-1.8,29
9193266,2020-01-01,0.32,-1.7,12
9193266,2020-01-01,0.32,-1.6,31
9193266,2020-01-01,0.32,-1.5,13
9193266,2020-01-01,0.32,-1.4,65
9193266,2020-01-01,0.32,-1.3,2176
9193266,2020-01-01,0.32,-1.2,104
9193266,2020-01-01,0.32,-1.1,328
9193266,2020-01-01,0.32,-1.0,417
9193266,2020-01-01,0.32,-0.9,1236
9193266,2020-01-01,0.32,-0.8,2043
9193266,2020-01-01,0.32,-0.7,3282
9193266,2020-01-01,0.32,-0.6,4341
9193266,2020-01-01,0.32,-0.5,2681
9193266,2020-01-01,0.32,-0.4,1266
9193266,2020-01-01,0.32,-0.3,776
9193266,2020-01-01,0.32,-0.2,515
9193266,2020-01-01,0.32,-0.1,596
9193266,2020-01-01,0.32,0.0,866
9193266,2020-01-01,0.32,0.1,388
9193266,2020-01-01,0.32,0.2,95
9193266,2020-01-01,0.32,0.3,37
9193266,2020-01-01,0.32,0.4,20
9193266,2020-01-01,0.32,0.5,13
9193266,2020-01-01,0.32,0.6,12
9193266,2020-01-01,0.32,0.7,14
9193266,2020-01-01,0.32,0.8,22
9193266,2020-01-01,0.32,0.9,19
9193266,2020-01-01,0.32,1.0,8
9193266,2020-01-01,0.32,1.1,8
9193266,2020-01-01,0.32,1.2,2
9193266,2020-01-01,0.34,-3.0,13
9193266,2020-01-01,0.34,-2.7,1
9193266,2020-01-01,0.34,-2.5,52
9193266,2020-01-01,0.34,-2.4,1
9193266,2020-01-01,0.34,-2.0,2
9193266,2020-01-01,0.34,-1.8,5
9193266,2020-01-01,0.34,-1.7,15
9193266,2020-01-01,0.34,-1.6,20
9193266,2020-01-01,0.34,-1.5,20
9193266,2020-01-01,0.34,-1.4,110
9193266,2020-01-01,0.34,-1.3,207
9193266,2020-01-01,0.34,-1.2,76
9193266,2020-01-01,0.34,-1.1,271
9193266,2020-01-01,0.34,-1.0,483
9193266,2020-01-01,0.34,-0.9,560
9193266,2020-01-01,0.34,-0.8,1687
9193266,2020-01-01,0.34,-0.7,1602
9193266,2020-01-01,0.34,-0.6,3837
9193266,2020-01-01,0.34,-0.5,1945
9193266,2020-01-01,0.34,-0.4,1668
9193266,2020-01-01,0.34,-0.3,1251
9193266,2020-01-01,0.34,-0.2,867
9193266,2020-01-01,0.34,-0.1,652
9193266,2020-01-01,0.34,0.0,761
9193266,2020-01-01,0.34,0.1,483
9193266,2020-01-01,0.34,0.2,68
9193266,2020-01-01,0.34,0.3,49
9193266,2020-01-01,0.34,0.4,30
9193266,2020-01-01,0.34,0.5,29
9193266,2020-01-01,0.34,0.6,8
9193266,2020-01-01,0.34,0.7,11
9193266,2020-01-01,0.34,0.8,18
9193266,2020-01-01,0.34,0.9,16
9193266,2020-01-01,0.34,1.0,19
9193266,2020-01-01,0.34,1.1,9
9193266,2020-01-01,0.34,1.2,1
9193266,2020-01-01,0.36,-3.0,50
9193266,2020-01-01,0.36,-2.9,1
9193266,2020-01-01,0.36,-2.8,5
9193266,2020-01-01,0.36,-2.6,94
9193266,2020-01-01,0.36,-2.2,1
9193266,2020-01-01,0.36,-2.1,2
9193266,2020-01-01,0.36,-1.8,1
9193266,2020-01-01,0.36,-1.7,23
9193266,2020-01-01,0.36,-1.6,331
9193266,2020-01-01,0.36,-1.5,6
9193266,2020-01-01,0.36,-1.4,48
9193266,2020-01-01,0.36,-1.3,699
9193266,2020-01-01,0.36,-1.2,75
9193266,2020-01-01,0.36,-1.1,204
9193266,2020-01-01,0.36,-1.0,307
9193266,2020-01-01,0.36,-0.9,1012
9193266,2020-01-01,0.36,-0.8,717
9193266,2020-01-01,0.36,-0.7,2776
9193266,2020-01-01,0.36,-0.6,6847
9193266,2020-01-01,0.36,-0.5,3105
9193266,2020-01-01,0.36,-0.4,1177
9193266,2020-01-01,0.36,-0.3,505
9193266,2020-01-01,0.36,-0.2,640
9193266,2020-01-01,0.36,-0.1,824
9193266,2020-01-01,0.36,0.0,2577
9193266,2020-01-01,0.36,0.1,418
9193266,2020-01-01,0.36,0.2,142
9193266,2020-01-01,0.36,0.3,64
9193266,2020-01-01,0.36,0.4,35
9193266,2020-01-01,0.36,0.5,43
9193266,2020-01-01,0.36,0.6,35
9193266,2020-01-01,0.36,0.7,11
9193266,2020-01-01,0.36,0.8,9
9193266,2020-01-01,0.36,0.9,6
9193266,2020-01-01,0.36,1.0,21
9193266,2020-01-01,0.36,1.1,35
9193266,2020-01-01,0.36,1.2,20
9193266,2020-01-01,0.36,1.3,1
9193266,2020-01-01,0.38,-3.0,8
9193266,2020-01-01,0.38,-2.8,1
9193266,2020-01-01,0.38,-2.7,38
9193266,2020-01-01,0.38,-2.0,1
9193266,2020-01-01,0.38,-1.7,2
9193266,2020-01-01,0.38,-1.6,15
9193266,2020-01-01,0.38,-1.5,8
9193266,2020-01-01,0.38,-1.4,45
9193266,2020-01-01,0.38,-1.3,113
9193266,2020-01-01,0.38,-1.2,92
9193266,2020-01-01,0.38,-1.1,184
9193266,2020-01-01,0.38,-1.0,208
9193266,2020-01-01,0.38,-0.9,672
9193266,2020-01-01,0.38,-0.8,879
9193266,2020-01-01,0.38,-0.7,844
9193266,2020-01-01,0.38,-0.6,6300
9193266,2020-01-01,0.38,-0.5,4038
9193266,2020-01-01,0.38,-0.4,1893
9193266,2020-01-01,0.38,-0.3,1666
9193266,2020-01-01,0.38,-0.2,573
9193266,2020-01-01,0.38,-0.1,2900
9193266,2020-01-01,0.38,0.0,384
9193266,2020-01-01,0.38,0.1,288
9193266,2020-01-01,0.38,0.2,70
9193266,2020-01-01,0.38,0.3,86
9193266,2020-01-01,0.38,0.4,46
9193266,2020-01-01,0.38,0.5,119
9193266,2020-01-01,0.38,0.6,46
9193266,2020-01-01,0.38,0.7,5
9193266,2020-01-01,0.38,0.8,6
9193266,2020-01-01,0.38,0.9,4
9193266,2020-01-01,0.38,1.0,14
9193266,2020-01-01,0.38,1.1,278
9193266,2020-01-01,0.38,1.2,44
9193266,2020-01-01,0.38,1.3,1
9193266,2020-01-01,0.4,-2.8,3
9193266,2020-01-01,0.4,-2.7,47
9193266,2020-01-01,0.4,-2.6,1
9193266,2020-01-01,0.4,-2.0,2
9193266,2020-01-01,0.4,-1.8,1
9193266,2020-01-01,0.4,-1.6,1
9193266,2020-01-01,0.4,-1.5,5
9193266,2020-01-01,0.4,-1.4,63
9193266,2020-01-01,0.4,-1.3,64
9193266,2020-01-01,0.4,-1.2,168
9193266,2020-01-01,0.4,-1.1,232
9193266,2020-01-01,0.4,-1.0,188
9193266,2020-01-01,0.4,-0.9,252
9193266,2020-01-01,0.4,-0.8,596
9193266,2020-01-01,0.4,-0.7,789
9193266,2020-01-01,0.4,-0.6,7242
9193266,2020-01-01,0.4,-0.5,4398
9193266,2020-01-01,0.4,-0.4,3091
9193266,2020-01-01,0.4,-0.3,761
9193266,2020-01-01,0.4,-0.2,965
9193266,2020-01-01,0.4,-0.1,584
9193266,2020-01-01,0.4,0.0,453
9193266,2020-01-01,0.4,0.1,277
9193266,2020-01-01,0.4,0.2,103
9193266,2020-01-01,0.4,0.3,98
9193266,2020-01-01,0.4,0.4,71
9193266,2020-01-01,0.4,0.5,37
9193266,2020-01-01,0.4,0.6,5
9193266,2020-01-01,0.4,0.7,3
9193266,2020-01-01,0.4,0.8,8
9193266,2020-01-01,0.4,0.9,7
9193266,2020-01-01,0.4,1.0,30
9193266,2020-01-01,0.4,1.1,54
9193266,2020-01-01,0.4,1.2,19
9193266,2020-01-01,0.42,-2.8,1
9193266,2020-01-01,0.42,-2.7,3
9193266,2020-01-01,0.42,-2.5,13
9193266,2020-01-01,0.42,-2.1,9
9193266,2020-01-01,0.42,-1.9,3
9193266,2020-01-01,0.42,-1.8,2
9193266,2020-01-01,0.42,-1.5,1
9193266,2020-01-01,0.42,-1.4,43
9193266,2020-01-01,0.42,-1.3,301
9193266,2020-01-01,0.42,-1.2,22
9193266,2020-01-01,0.42,-1.1,42
9193266,2020-01-01,0.42,-1.0,92
9193266,2020-01-01,0.42,-0.9,177
9193266,2020-01-01,0.42,-0.8,789
9193266,2020-01-01,0.42,-0.7,701
9193266,2020-01-01,0.42,-0.6,3390
9193266,2020-01-01,0.42,-0.5,4610
9193266,2020-01-01,0.42,-0.4,3933
9193266,2020-01-01,0.42,-0.3,1649
9193266,2020-01-01,0.42,-0.2,658
9193266,2020-01-01,0.42,-0.1,651
9193266,2020-01-01,0.42,0.0,344
9193266,2020-01-01,0.42,0.1,410
9193266,2020-01-01,0.42,0.2,68
9193266,2020-01-01,0.42,0.3,119
9193266,2020-01-01,0.42,0.4,107
9193266,2020-01-01,0.42,0.5,35
9193266,2020-01-01,0.42,0.6,8
9193266,2020-01-01,0.42,0.7,1
9193266,2020-01-01,0.42,0.8,5
9193266,2020-01-01,0.42,0.9,12
9193266,2020-01-01,0.42,1.0,64
9193266,2020-01-01,0.42,1.1,13
9193266,2020-01-01,0.42,1.2,1
9193266,2020-01-01,0.44,-2.5,1
9193266,2020-01-01,0.44,-2.2,3
9193266,2020-01-01,0.44,-2.0,1
9193266,2020-01-01,0.44,-1.5,1
9193266,2020-01-01,0.44,-1.4,4
9193266,2020-01-01,0.44,-1.3,8
9193266,2020-01-01,0.44,-1.2,18
9193266,2020-01-01,0.44,-1.1,38
9193266,2020-01-01,0.44,-1.0,47
9193266,2020-01-01,0.44,-0.9,245
9193266,2020-01-01,0.44,-0.8,640
9193266,2020-01-01,0.44,-0.7,377
9193266,2020-01-01,0.44,-0.6,2730
9193266,2020-01-01,0.44,-0.5,9958
9193266,2020-01-01,0.44,-0.4,6757
9193266,2020-01-01,0.44,-0.3,996
9193266,2020-01-01,0.44,-0.2,256
9193266,2020-01-01,0.44,-0.1,984
9193266,2020-01-01,0.44,0.0,475
9193266,2020-01-01,0.44,0.1,197
9193266,2020-01-01,0.44,0.2,71
9193266,2020-01-01,0.44,0.3,271
9193266,2020-01-01,0.44,0.4,250
9193266,2020-01-01,0.44,0.5,25
9193266,2020-01-01,0.44,0.6,42
9193266,2020-01-01,0.44,0.7,2
9193266,2020-01-01,0.44,0.8,2
9193266,2020-01-01,0.44,0.9,70
9193266,2020-01-01,0.44,1.0,55
9193266,2020-01-01,0.46,-2.5,144
9193266,2020-01-01,0.46,-2.3,1
9193266,2020-01-01,0.46,-2.1,1
9193266,2020-01-01,0.46,-1.8,2
9193266,2020-01-01,0.46,-1.7,1
9193266,2020-01-01,0.46,-1.6,2
9193266,2020-01-01,0.46,-1.5,1
9193266,2020-01-01,0.46,-1.4,1
9193266,2020-01-01,0.46,-1.3,4
9193266,2020-01-01,0.46,-1.2,26
9193266,2020-01-01,0.46,-1.1,14
9193266,2020-01-01,0.46,-1.0,61
9193266,2020-01-01,0.46,-0.9,95
9193266,2020-01-01,0.46,-0.8,678
9193266,2020-01-01,0.46,-0.7,716
9193266,2020-01-01,0.46,-0.6,2245
9193266,2020-01-01,0.46,-0.5,7509
9193266,2020-01-01,0.46,-0.4,1952
9193266,2020-01-01,0.46,-0.3,1229
9193266,2020-01-01,0.46,-0.2,1445
9193266,2020-01-01,0.46,-0.1,980
9193266,2020-01-01,0.46,0.0,451
9193266,2020-01-01,0.46,0.1,206
9193266,2020-01-01,0.46,0.2,72
9193266,2020-01-01,0.46,0.3,177
9193266,2020-01-01,0.46,0.4,80
9193266,2020-01-01,0.46,0.5,10
9193266,2020-01-01,0.46,0.6,22
9193266,2020-01-01,0.46,0.7,1
9193266,2020-01-01,0.46,0.8,3
9193266,2020-01-01,0.46,0.9,47
9193266,2020-01-01,0.46,1.0,4
9193266,2020-01-01,0.48,-2.3,1
9193266,2020-01-01,0.48,-2.2,4
9193266,2020-01-01,0.48,-1.7,4
9193266,2020-01-01,0.48,-1.5,3
9193266,2020-01-01,0.48,-1.4,2
9193266,2020-01-01,0.48,-1.3,8
9193266,2020-01-01,0.48,-1.2,11
9193266,2020-01-01,0.48,-1.1,4
9193266,2020-01-01,0.48,-1.0,28
9193266,2020-01-01,0.48,-0.9,103
9193266,2020-01-01,0.48,-0.8,497
9193266,2020-01-01,0.48,-0.7,1311
9193266,2020-01-01,0.48,-0.6,17573
9193266,2020-01-01,0.48,-0.5,24287
9193266,2020-01-01,0.48,-0.4,3230
9193266,2020-01-01,0.48,-0.3,2450
9193266,2020-01-01,0.48,-0.2,736
9193266,2020-01-01,0.48,-0.1,1880
9193266,2020-01-01,0.48,0.0,1483
9193266,2020-01-01,0.48,0.1,374
9193266,2020-01-01,0.48,0.2,52
9193266,2020-01-01,0.48,0.3,106
9193266,2020-01-01,0.48,0.4,73
9193266,2020-01-01,0.48,0.5,35
9193266,2020-01-01,0.48,0.6,95
9193266,2020-01-01,0.48,0.7,4
9193266,2020-01-01,0.48,0.8,3
9193266,2020-01-01,0.48,0.9,63
9193266,2020-01-01,0.48,1.1,1
9193266,2020-01-01,0.5,-2.2,1
9193266,2020-01-01,0.5,-1.5,2
9193266,2020-01-01,0.5,-1.3,2
9193266,2020-01-01,0.5,-1.2,8
9193266,2020-01-01,0.5,-1.1,84
9193266,2020-01-01,0.5,-1.0,14
9193266,2020-01-01,0.5,-0.9,60
9193266,2020-01-01,0.5,-0.8,147
9193266,2020-01-01,0.5,-0.7,882
9193266,2020-01-01,0.5,-0.6,417
9193266,2020-01-01,0.5,-0.5,21383
9193266,2020-01-01,0.5,-0.4,5657
9193266,2020-01-01,0.5,-0.3,3500
9193266,2020-01-01,0.5,-0.2,259
9193266,2020-01-01,0.5,-0.1,1639
9193266,2020-01-01,0.5,0.0,2112
9193266,2020-01-01,0.5,0.1,736
9193266,2020-01-01,0.5,0.2,67
9193266,2020-01-01,0.5,0.3,106
9193266,2020-01-01,0.5,0.4,41
9193266,2020-01-01,0.5,0.5,22
9193266,2020-01-01,0.5,0.6,46
9193266,2020-01-01,0.5,0.7,1
9193266,2020-01-01,0.5,0.8,13
9193266,2020-01-01,0.5,0.9,4
9193266,2020-01-01,0.5,1.0,1
9193266,2020-01-01,0.52,-1.9,15
9193266,2020-01-01,0.52,-1.5,1
9193266,2020-01-01,0.52,-1.4,2
9193266,2020-01-01,0.52,-1.2,11
9193266,2020-01-01,0.52,-1.1,34
9193266,2020-01-01,0.52,-1.0,3
9193266,2020-01-01,0.52,-0.9,40
9193266,2020-01-01,0.52,-0.8,398
9193266,2020-01-01,0.52,-0.7,189
9193266,2020-01-01,0.52,-0.6,1069
9193266,2020-01-01,0.52,-0.5,3939
9193266,2020-01-01,0.52,-0.4,1709
9193266,2020-01-01,0.52,-0.3,1157
9193266,2020-01-01,0.52,-0.2,186
9193266,2020-01-01,0.52,-0.1,513
9193266,2020-01-01,0.52,0.0,753
9193266,2020-01-01,0.52,0.1,324
9193266,2020-01-01,0.52,0.2,61
9193266,2020-01-01,0.52,0.3,160
9193266,2020-01-01,0.52,0.4,83
9193266,2020-01-01,0.52,0.5,18
9193266,2020-01-01,0.52,0.6,5
9193266,2020-01-01,0.52,0.7,2
9193266,2020-01-01,0.52,0.8,316
9193266,2020-01-01,0.52,0.9,3
9193266,2020-01-01,0.54,-1.4,1
9193266,2020-01-01,0.54,-1.2,6
9193266,2020-01-01,0.54,-1.1,5
9193266,2020-01-01,0.54,-1.0,31
9193266,2020-01-01,0.54,-0.9,82
9193266,2020-01-01,0.54,-0.8,157
9193266,2020-01-01,0.54,-0.7,279
9193266,2020-01-01,0.54,-0.6,98
9193266,2020-01-01,0.54,-0.5,836
9193266,2020-01-01,0.54,-0.4,2283
9193266,2020-01-01,0.54,-0.3,538
9193266,2020-01-01,0.54,-0.2,192
9193266,2020-01-01,0.54,-0.1,169
9193266,2020-01-01,0.54,0.0,297
9193266,2020-01-01,0.54,0.1,84
9193266,2020-01-01,0.54,0.2,110
9193266,2020-01-01,0.54,0.3,130
9193266,2020-01-01,0.54,0.4,50
9193266,2020-01-01,0.54,0.5,7
9193266,2020-01-01,0.54,0.6,3
9193266,2020-01-01,0.54,0.8,15
9193266,2020-01-01,0.54,1.0,1
9193266,2020-01-01,0.56,-2.1,2
9193266,2020-01-01,0.56,-1.6,3
9193266,2020-01-01,0.56,-1.1,2
9193266,2020-01-01,0.56,-1.0,33
9193266,2020-01-01,0.56,-0.9,9
9193266,2020-01-01,0.56,-0.8,22
9193266,2020-01-01,0.56,-0.7,53
9193266,2020-01-01,0.56,-0.6,84
9193266,2020-01-01,0.56,-0.5,189
9193266,2020-01-01,0.56,-0.4,2397
9193266,2020-01-01,0.56,-0.3,619
9193266,2020-01-01,0.56,-0.2,235
9193266,2020-01-01,0.56,-0.1,144
9193266,2020-01-01,0.56,0.0,390
9193266,2020-01-01,0.56,0.1,41
9193266,2020-01-01,0.56,0.2,89
9193266,2020-01-01,0.56,0.3,259
9193266,2020-01-01,0.56,0.4,10
9193266,2020-01-01,0.56,0.5,10
9193266,2020-01-01,0.56,0.7,5
9193266,2020-01-01,0.56,0.8,3
9193266,2020-01-01,0.58,-2.1,2
9193266,2020-01-01,0.58,-1.9,2
9193266,2020-01-01,0.58,-1.5,1
9193266,2020-01-01,0.58,-1.2,1
9193266,2020-01-01,0.58,-1.1,2
9193266,2020-01-01,0.58,-1.0,3
9193266,2020-01-01,0.58,-0.9,11
9193266,2020-01-01,0.58,-0.8,258
9193266,2020-01-01,0.58,-0.7,49
9193266,2020-01-01,0.58,-0.6,185
9193266,2020-01-01,0.58,-0.5,268
9193266,2020-01-01,0.58,-0.4,2385
9193266,2020-01-01,0.58,-0.3,290
9193266,2020-01-01,0.58,-0.2,313
9193266,2020-01-01,0.58,-0.1,206
9193266,2020-01-01,0.58,0.0,343
9193266,2020-01-01,0.58,0.1,50
9193266,2020-01-01,0.58,0.2,98
9193266,2020-01-01,0.58,0.3,28
9193266,2020-01-01,0.58,0.4,6
9193266,2020-01-01,0.58,0.5,55
9193266,2020-01-01,0.58,0.6,3
9193266,2020-01-01,0.58,0.7,5
9193266,2020-01-01,0.58,0.8,7
9193266,2020-01-01,0.58,1.0,1
9193266,2020-01-01,0.6,-1.4,6
9193266,2020-01-01,0.6,-1.3,1
9193266,2020-01-01,0.6,-1.2,1
9193266,2020-01-01,0.6,-1.1,8
9193266,2020-01-01,0.6,-1.0,9
9193266,2020-01-01,0.6,-0.9,13
9193266,2020-01-01,0.6,-0.8,22
9193266,2020-01-01,0.6,-0.7,42
9193266,2020-01-01,0.6,-0.6,77
9193266,2020-01-01,0.6,-0.5,174
9193266,2020-01-01,0.6,-0.4,171390
9193266,2020-01-01,0.6,-0.3,387
9193266,2020-01-01,0.6,-0.2,160
9193266,2020-01-01,0.6,-0.1,126
9193266,2020-01-01,0.6,0.0,890
9193266,2020-01-01,0.6,0.1,74
9193266,2020-01-01,0.6,0.2,73
9193266,2020-01-01,0.6,0.3,9
9193266,2020-01-01,0.6,0.4,3
9193266,2020-01-01,0.6,0.5,4
9193266,2020-01-01,0.6,0.7,3
9193266,2020-01-01,0.6,0.8,1
9193266,2020-01-01,0.62,-1.5,1
9193266,2020-01-01,0.62,-1.3,2
9193266,2020-01-01,0.62,-1.2,1
9193266,2020-01-01,0.62,-1.1,3
9193266,2020-01-01,0.62,-0.9,12
9193266,2020-01-01,0.62,-0.8,8
9193266,2020-01-01,0.62,-0.7,30
9193266,2020-01-01,0.62,-0.6,48
9193266,2020-01-01,0.62,-0.5,169
9193266,2020-01-01,0.62,-0.4,490
9193266,2020-01-01,0.62,-0.3,440
9193266,2020-01-01,0.62,-0.2,163
9193266,2020-01-01,0.62,-0.1,79
9193266,2020-01-01,0.62,0.0,84
9193266,2020-01-01,0.62,0.1,49
9193266,2020-01-01,0.62,0.2,27
9193266,2020-01-01,0.62,0.3,20
9193266,2020-01-01,0.62,0.4,3
9193266,2020-01-01,0.62,0.6,1
9193266,2020-01-01,0.62,0.7,2
9193266,2020-01-01,0.64,-1.5,2
9193266,2020-01-01,0.64,-1.2,1
9193266,2020-01-01,0.64,-1.1,1
9193266,2020-01-01,0.64,-1.0,5
9193266,2020-01-01,0.64,-0.9,11
9193266,2020-01-01,0.64,-0.8,15
9193266,2020-01-01,0.64,-0.7,15
9193266,2020-01-01,0.64,-0.6,70
9193266,2020-01-01,0.64,-0.5,146
9193266,2020-01-01,0.64,-0.4,627
9193266,2020-01-01,0.64,-0.3,437
9193266,2020-01-01,0.64,-0.2,202
9193266,2020-01-01,0.64,-0.1,213
9193266,2020-01-01,0.64,0.0,95
9193266,2020-01-01,0.64,0.1,96
9193266,2020-01-01,0.64,0.2,22
9193266,2020-01-01,0.64,0.3,7
9193266,2020-01-01,0.64,0.4,3
9193266,2020-01-01,0.64,0.6,1
9193266,2020-01-01,0.66,-1.7,1
9193266,2020-01-01,0.66,-1.1,1
9193266,2020-01-01,0.66,-1.0,2
9193266,2020-01-01,0.66,-0.9,22
9193266,2020-01-01,0.66,-0.8,32
9193266,2020-01-01,0.66,-0.7,20
9193266,2020-01-01,0.66,-0.6,35
9193266,2020-01-01,0.66,-0.5,84
9193266,2020-01-01,0.66,-0.4,467
9193266,2020-01-01,0.66,-0.3,475
9193266,2020-01-01,0.66,-0.2,181
9193266,2020-01-01,0.66,-0.1,84
9193266,2020-01-01,0.66,0.0,74
9193266,2020-01-01,0.66,0.1,100
9193266,2020-01-01,0.66,0.2,31
9193266,2020-01-01,0.66,0.3,5
9193266,2020-01-01,0.66,0.4,4
9193266,2020-01-01,0.66,0.5,1
9193266,2020-01-01,0.66,0.6,2
9193266,2020-01-01,0.68,-1.4,1
9193266,2020-01-01,0.68,-1.3,2
9193266,2020-01-01,0.68,-1.1,2
9193266,2020-01-01,0.68,-1.0,8
9193266,2020-01-01,0.68,-0.9,8
9193266,2020-01-01,0.68,-0.8,5
9193266,2020-01-01,0.68,-0.7,58
9193266,2020-01-01,0.68,-0.6,58
9193266,2020-01-01,0.68,-0.5,77
9193266,2020-01-01,0.68,-0.4,348
9193266,2020-01-01,0.68,-0.3,348
9193266,2020-01-01,0.68,-0.2,192
9193266,2020-01-01,0.68,-0.1,111
9193266,2020-01-01,0.68,0.0,101
9193266,2020-01-01,0.68,0.1,59
9193266,2020-01-01,0.68,0.2,19
9193266,2020-01-01,0.68,0.3,4
9193266,2020-01-01,0.68,0.4,11
9193266,2020-01-01,0.68,0.6,1
9193266,2020-01-01,0.7,-1.2,1
9193266,2020-01-01,0.7,-1.1,1
9193266,2020-01-01,0.7,-1.0,7
9193266,2020-01-01,0.7,-0.9,7
9193266,2020-01-01,0.7,-0.8,1
9193266,2020-01-01,0.7,-0.7,32
9193266,2020-01-01,0.7,-0.6,41
9193266,2020-01-01,0.7,-0.5,78
9193266,2020-01-01,0.7,-0.4,404
9193266,2020-01-01,0.7,-0.3,330
9193266,2020-01-01,0.7,-0.2,189
9193266,2020-01-01,0.7,-0.1,107
9193266,2020-01-01,0.7,0.0,130
9193266,2020-01-01,0.7,0.1,103
9193266,2020-01-01,0.7,0.2,21
9193266,2020-01-01,0.7,0.3,4
9193266,2020-01-01,0.7,0.4,1
9193266,2020-01-01,0.7,0.6,1
9193266,2020-01-01,0.72,-1.5,1
9193266,2020-01-01,0.72,-1.3,1
9193266,2020-01-01,0.72,-1.0,25
9193266,2020-01-01,0.72,-0.9,14
9193266,2020-01-01,0.72,-0.8,10
9193266,2020-01-01,0.72,-0.7,11
9193266,2020-01-01,0.72,-0.6,21
9193266,2020-01-01,0.72,-0.5,138
9193266,2020-01-01,0.72,-0.4,287
9193266,2020-01-01,0.72,-0.3,395
9193266,2020-01-01,0.72,-0.2,492
9193266,2020-01-01,0.72,-0.1,108
9193266,2020-01-01,0.72,0.0,135
9193266,2020-01-01,0.72,0.1,79
9193266,2020-01-01,0.72,0.2,26
9193266,2020-01-01,0.72,0.3,2
9193266,2020-01-01,0.72,0.4,3
9193266,2020-01-01,0.72,0.5,1
9193266,2020-01-01,0.74,-1.4,2
9193266,2020-01-01,0.74,-1.2,1
9193266,2020-01-01,0.74,-1.0,2
9193266,2020-01-01,0.74,-0.9,29
9193266,2020-01-01,0.74,-0.8,5
9193266,2020-01-01,0.74,-0.7,11
9193266,2020-01-01,0.74,-0.6,42
9193266,2020-01-01,0.74,-0.5,108
9193266,2020-01-01,0.74,-0.4,1122
9193266,2020-01-01,0.74,-0.3,597
9193266,2020-01-01,0.74,-0.2,218
9193266,2020-01-01,0.74,-0.1,132
9193266,2020-01-01,0.74,0.0,82
9193266,2020-01-01,0.74,0.1,45
9193266,2020-01-01,0.74,0.2,21
9193266,2020-01-01,0.74,0.3,6
9193266,2020-01-01,0.74,0.4,2
9193266,2020-01-01,0.76,-1.5,1
9193266,2020-01-01,0.76,-1.1,1
9193266,2020-01-01,0.76,-1.0,3
9193266,2020-01-01,0.76,-0.9,3
9193266,2020-01-01,0.76,-0.8,4
9193266,2020-01-01,0.76,-0.7,18
9193266,2020-01-01,0.76,-0.6,28
9193266,2020-01-01,0.76,-0.5,93
9193266,2020-01-01,0.76,-0.4,420
9193266,2020-01-01,0.76,-0.3,442
9193266,2020-01-01,0.76,-0.2,226
9193266,2020-01-01,0.76,-0.1,107
9193266,2020-01-01,0.76,0.0,76
9193266,2020-01-01,0.76,0.1,38
9193266,2020-01-01,0.76,0.2,13
9193266,2020-01-01,0.76,0.3,2
9193266,2020-01-01,0.78,-1.5,1
9193266,2020-01-01,0.78,-1.3,3
9193266,2020-01-01,0.78,-1.0,3
9193266,2020-01-01,0.78,-0.8,5
9193266,2020-01-01,0.78,-0.7,4
9193266,2020-01-01,0.78,-0.6,49
9193266,2020-01-01,0.78,-0.5,66
9193266,2020-01-01,0.78,-0.4,153
9193266,2020-01-01,0.78,-0.3,471
9193266,2020-01-01,0.78,-0.2,403
9193266,2020-01-01,0.78,-0.1,95
9193266,2020-01-01,0.78,0.0,80
9193266,2020-01-01,0.78,0.1,49
9193266,2020-01-01,0.78,0.2,11
9193266,2020-01-01,0.78,0.3,1
9193266,2020-01-01,0.78,0.4,1
9193266,2020-01-01,0.78,0.5,2
9193266,2020-01-01,0.78,0.6,1
9193266,2020-01-01,0.8,-1.3,1
9193266,2020-01-01,0.8,-1.1,1
9193266,2020-01-01,0.8,-1.0,2
9193266,2020-01-01,0.8,-0.9,2
9193266,2020-01-01,0.8,-0.8,11
9193266,2020-01-01,0.8,-0.7,9
9193266,2020-01-01,0.8,-0.6,17
9193266,2020-01-01,0.8,-0.5,53
9193266,2020-01-01,0.8,-0.4,253
9193266,2020-01-01,0.8,-0.3,1041
9193266,2020-01-01,0.8,-0.2,471
9193266,2020-01-01,0.8,-0.1,153
9193266,2020-01-01,0.8,0.0,73
9193266,2020-01-01,0.8,0.1,49
9193266,2020-01-01,0.8,0.2,23
9193266,2020-01-01,0.8,0.3,6
9193266,2020-01-01,0.8,0.5,1
9193266,2020-01-01,0.82,-1.4,1
9193266,2020-01-01,0.82,-1.0,1
9193266,2020-01-01,0.82,-0.9,4
9193266,2020-01-01,0.82,-0.8,3
9193266,2020-01-01,0.82,-0.7,11
9193266,2020-01-01,0.82,-0.6,128
9193266,2020-01-01,0.82,-0.5,47
9193266,2020-01-01,0.82,-0.4,152
9193266,2020-01-01,0.82,-0.3,753
9193266,2020-01-01,0.82,-0.2,225
9193266,2020-01-01,0.82,-0.1,126
9193266,2020-01-01,0.82,0.0,97
9193266,2020-01-01,0.82,0.1,43
9193266,2020-01-01,0.82,0.2,11
9193266,2020-01-01,0.82,0.3,3
9193266,2020-01-01,0.84,-1.4,2
9193266,2020-01-01,0.84,-1.3,1
9193266,2020-01-01,0.84,-1.0,2
9193266,2020-01-01,0.84,-0.9,2
9193266,2020-01-01,0.84,-0.8,12
9193266,2020-01-01,0.84,-0.7,6
9193266,2020-01-01,0.84,-0.6,208
9193266,2020-01-01,0.84,-0.5,40
9193266,2020-01-01,0.84,-0.4,82
9193266,2020-01-01,0.84,-0.3,180
9193266,2020-01-01,0.84,-0.2,153
9193266,2020-01-01,0.84,-0.1,126
9193266,2020-01-01,0.84,0.0,82
9193266,2020-01-01,0.84,0.1,47
9193266,2020-01-01,0.84,0.2,20
9193266,2020-01-01,0.84,0.3,2
9193266,2020-01-01,0.84,0.5,1
9193266,2020-01-01,0.84,0.6,2
9193266,2020-01-01,0.86,-1.2,1
9193266,2020-01-01,0.86,-1.1,1
9193266,2020-01-01,0.86,-1.0,2
9193266,2020-01-01,0.86,-0.9,5
9193266,2020-01-01,0.86,-0.8,6
9193266,2020-01-01,0.86,-0.7,11
9193266,2020-01-01,0.86,-0.6,20
9193266,2020-01-01,0.86,-0.5,58
9193266,2020-01-01,0.86,-0.4,111
9193266,2020-01-01,0.86,-0.3,295
9193266,2020-01-01,0.86,-0.2,175
9193266,2020-01-01,0.86,-0.1,116
9193266,2020-01-01,0.86,0.0,60
9193266,2020-01-01,0.86,0.1,57
9193266,2020-01-01,0.86,0.2,18
9193266,2020-01-01,0.86,0.3,1
9193266,2020-01-01,0.86,0.5,1
9193266,2020-01-01,0.88,-1.1,2
9193266,2020-01-01,0.88,-0.9,7
9193266,2020-01-01,0.88,-0.8,8
9193266,2020-01-01,0.88,-0.7,13
9193266,2020-01-01,0.88,-0.6,11
9193266,2020-01-01,0.88,-0.5,44
9193266,2020-01-01,0.88,-0.4,88
9193266,2020-01-01,0.88,-0.3,199
9193266,2020-01-01,0.88,-0.2,119
9193266,2020-01-01,0.88,-0.1,91
9193266,2020-01-01,0.88,0.0,68
9193266,2020-01-01,0.88,0.1,49
9193266,2020-01-01,0.88,0.2,14
9193266,2020-01-01,0.88,0.3,5
9193266,2020-01-01,0.9,-1.0,1
9193266,2020-01-01,0.9,-0.9,3
9193266,2020-01-01,0.9,-0.8,4
9193266,2020-01-01,0.9,-0.7,3
9193266,2020-01-01,0.9,-0.6,12
9193266,2020-01-01,0.9,-0.5,67
9193266,2020-01-01,0.9,-0.4,116
9193266,2020-01-01,0.9,-0.3,130
9193266,2020-01-01,0.9,-0.2,133
9193266,2020-01-01,0.9,-0.1,102
9193266,2020-01-01,0.9,0.0,115
9193266,2020-01-01,0.9,0.1,42
9193266,2020-01-01,0.9,0.2,36
9193266,2020-01-01,0.9,0.3,4
9193266,2020-01-01,0.9,0.4,2
9193266,2020-01-01,0.92,-1.1,1
9193266,2020-01-01,0.92,-1.0,4
9193266,2020-01-01,0.92,-0.8,5
9193266,2020-01-01,0.92,-0.7,4
9193266,2020-01-01,0.92,-0.6,10
9193266,2020-01-01,0.92,-0.5,52
9193266,2020-01-01,0.92,-0.4,96
9193266,2020-01-01,0.92,-0.3,226
9193266,2020-01-01,0.92,-0.2,96
9193266,2020-01-01,0.92,-0.1,92
9193266,2020-01-01,0.92,0.0,84
9193266,2020-01-01,0.92,0.1,35
9193266,2020-01-01,0.92,0.2,17
9193266,2020-01-01,0.92,0.3,1
9193266,2020-01-01,0.92,0.6,1
9193266,2020-01-01,0.94,-1.3,20
9193266,2020-01-01,0.94,-0.9,2
9193266,2020-01-01,0.94,-0.8,29
9193266,2020-01-01,0.94,-0.7,2
9193266,2020-01-01,0.94,-0.6,11
9193266,2020-01-01,0.94,-0.5,44
9193266,2020-01-01,0.94,-0.4,78
9193266,2020-01-01,0.94,-0.3,207
9193266,2020-01-01,0.94,-0.2,102
9193266,2020-01-01,0.94,-0.1,69
9193266,2020-01-01,0.94,0.0,57
9193266,2020-01-01,0.94,0.1,45
9193266,2020-01-01,0.94,0.2,12
9193266,2020-01-01,0.94,0.3,1
9193266,2020-01-01,0.94,0.4,1
9193266,2020-01-01,0.96,-1.0,1
9193266,2020-01-01,0.96,-0.9,2
9193266,2020-01-01,0.96,-0.8,13
9193266,2020-01-01,0.96,-0.7,3
9193266,2020-01-01,0.96,-0.6,14
9193266,2020-01-01,0.96,-0.5,29
9193266,2020-01-01,0.96,-0.4,87
9193266,2020-01-01,0.96,-0.3,126
9193266,2020-01-01,0.96,-0.2,122
9193266,2020-01-01,0.96,-0.1,86
9193266,2020-01-01,0.96,0.0,46
9193266,2020-01-01,0.96,0.1,70
9193266,2020-01-01,0.96,0.2,8
9193266,2020-01-01,0.96,0.3,2
9193266,2020-01-01,0.96,0.4,1
9193266,2020-01-01,0.98,-0.9,4
9193266,2020-01-01,0.98,-0.8,8
9193266,2020-01-01,0.98,-0.7,2
9193266,2020-01-01,0.98,-0.6,16
9193266,2020-01-01,0.98,-0.5,15
9193266,2020-01-01,0.98,-0.4,101
9193266,2020-01-01,0.98,-0.3,192
9193266,2020-01-01,0.98,-0.2,182
9193266,2020-01-01,0.98,-0.1,206
9193266,2020-01-01,0.98,0.0,89
9193266,2020-01-01,0.98,0.1,85
9193266,2020-01-01,0.98,0.2,9
9193266,2020-01-01,0.98,0.3,3
9193266,2020-01-01,0.98,0.4,1
9193266,2020-01-01,1.0,-1.2,2
9193266,2020-01-01,1.0,-0.9,2
9193266,2020-01-01,1.0,-0.8,6
9193266,2020-01-01,1.0,-0.7,3
9193266,2020-01-01,1.0,-0.6,9
9193266,2020-01-01,1.0,-0.5,24
9193266,2020-01-01,1.0,-0.4,68
9193266,2020-01-01,1.0,-0.3,183
9193266,2020-01-01,1.0,-0.2,140
9193266,2020-01-01,1.0,-0.1,249
9193266,2020-01-01,1.0,0.0,62
9193266,2020-01-01,1.0,0.1,45
9193266,2020-01-01,1.0,0.2,6
9193266,2020-01-01,1.0,0.3,2
9193266,2020-01-01,1.0,0.4,1
9193266,2020-01-01,1.0,0.5,1
9193266,2020-01-01,1.02,-1.1,1
9193266,2020-01-01,1.02,-1.0,5
9193266,2020-01-01,1.02,-0.8,5
9193266,2020-01-01,1.02,-0.7,1
9193266,2020-01-01,1.02,-0.6,7
9193266,2020-01-01,1.02,-0.5,51
9193266,2020-01-01,1.02,-0.4,85
9193266,2020-01-01,1.02,-0.3,284
9193266,2020-01-01,1.02,-0.2,143
9193266,2020-01-01,1.02,-0.1,917
9193266,2020-01-01,1.02,0.0,330
9193266,2020-01-01,1.02,0.1,54
9193266,2020-01-01,1.02,0.2,9
9193266,2020-01-01,1.04,-1.1,1
9193266,2020-01-01,1.04,-0.8,5
9193266,2020-01-01,1.04,-0.7,3
9193266,2020-01-01,1.04,-0.6,3
9193266,2020-01-01,1.04,-0.5,9
9193266,2020-01-01,1.04,-0.4,65
9193266,2020-01-01,1.04,-0.3,291
9193266,2020-01-01,1.04,-0.2,166
9193266,2020-01-01,1.04,-0.1,201
9193266,2020-01-01,1.04,0.0,615
9193266,2020-01-01,1.04,0.1,63
9193266,2020-01-01,1.04,0.2,2
9193266,2020-01-01,1.04,0.3,2
9193266,2020-01-01,1.04,0.4,1
9193266,2020-01-01,1.06,-1.0,1
9193266,2020-01-01,1.06,-0.8,8
9193266,2020-01-01,1.06,-0.7,4
9193266,2020-01-01,1.06,-0.6,4
9193266,2020-01-01,1.06,-0.5,47
9193266,2020-01-01,1.06,-0.4,56
9193266,2020-01-01,1.06,-0.3,111
9193266,2020-01-01,1.06,-0.2,141
9193266,2020-01-01,1.06,-0.1,187
9193266,2020-01-01,1.06,0.0,499
9193266,2020-01-01,1.06,0.1,34
9193266,2020-01-01,1.06,0.2,11
9193266,2020-01-01,1.06,0.3,1
9193266,2020-01-01,1.08,-1.0,2
9193266,2020-01-01,1.08,-0.9,1
9193266,2020-01-01,1.08,-0.8,3
9193266,2020-01-01,1.08,-0.7,3
9193266,2020-01-01,1.08,-0.6,4
9193266,2020-01-01,1.08,-0.5,26
9193266,2020-01-01,1.08,-0.4,84
9193266,2020-01-01,1.08,-0.3,112
9193266,2020-01-01,1.08,-0.2,191
9193266,2020-01-01,1.08,-0.1,250
9193266,2020-01-01,1.08,0.0,317
9193266,2020-01-01,1.08,0.1,33
9193266,2020-01-01,1.08,0.2,10
9193266,2020-01-01,1.08,0.3,1
9193266,2020-01-01,1.08,0.4,1
9193266,2020-01-01,1.1,-1.1,1
9193266,2020-01-01,1.1,-0.8,7
9193266,2020-01-01,1.1,-0.7,7
9193266,2020-01-01,1.1,-0.6,4
9193266,2020-01-01,1.1,-0.5,9
9193266,2020-01-01,1.1,-0.4,369
9193266,2020-01-01,1.1,-0.3,496
9193266,2020-01-01,1.1,-0.2,257
9193266,2020-01-01,1.1,-0.1,146
9193266,2020-01-01,1.1,0.0,363
9193266,2020-01-01,1.1,0.1,22
9193266,2020-01-01,1.1,0.2,14
9193266,2020-01-01,1.12,-0.9,1
9193266,2020-01-01,1.12,-0.8,5
9193266,2020-01-01,1.12,-0.7,4
9193266,2020-01-01,1.12,-0.6,5
9193266,2020-01-01,1.12,-0.5,8
9193266,2020-01-01,1.12,-0.4,72
9193266,2020-01-01,1.12,-0.3,111
9193266,2020-01-01,1.12,-0.2,164
9193266,2020-01-01,1.12,-0.1,376
9193266,2020-01-01,1.12,0.0,587
9193266,2020-01-01,1.12,0.1,27
9193266,2020-01-01,1.12,0.2,12
9193266,2020-01-01,1.12,0.3,2
9193266,2020-01-01,1.12,0.4,1
9193266,2020-01-01,1.14,-1.0,3
9193266,2020-01-01,1.14,-0.8,2
9193266,2020-01-01,1.14,-0.7,5
9193266,2020-01-01,1.14,-0.6,7
9193266,2020-01-01,1.14,-0.5,41
9193266,2020-01-01,1.14,-0.4,75
9193266,2020-01-01,1.14,-0.3,256
9193266,2020-01-01,1.14,-0.2,188
9193266,2020-01-01,1.14,-0.1,142
9193266,2020-01-01,1.14,0.0,234
9193266,2020-01-01,1.14,0.1,30
9193266,2020-01-01,1.14,0.2,21
9193266,2020-01-01,1.16,-0.9,1
9193266,2020-01-01,1.16,-0.8,6
9193266,2020-01-01,1.16,-0.7,4
9193266,2020-01-01,1.16,-0.6,11
9193266,2020-01-01,1.16,-0.5,4
9193266,2020-01-01,1.16,-0.4,34
9193266,2020-01-01,1.16,-0.3,244
9193266,2020-01-01,1.16,-0.2,123
9193266,2020-01-01,1.16,-0.1,109
9193266,2020-01-01,1.16,0.0,246
9193266,2020-01-01,1.16,0.1,29
9193266,2020-01-01,1.16,0.2,29
9193266,2020-01-01,1.16,0.3,1
9193266,2020-01-01,1.18,-0.9,2
9193266,2020-01-01,1.18,-0.8,14
9193266,2020-01-01,1.18,-0.7,7
9193266,2020-01-01,1.18,-0.6,6
9193266,2020-01-01,1.18,-0.5,10
9193266,2020-01-01,1.18,-0.4,19
9193266,2020-01-01,1.18,-0.3,1411
9193266,2020-01-01,1.18,-0.2,160
9193266,2020-01-01,1.18,-0.1,125
9193266,2020-01-01,1.18,0.0,221
9193266,2020-01-01,1.18,0.1,10
9193266,2020-01-01,1.18,0.2,314
9193266,2020-01-01,1.18,0.3,1
9193266,2020-01-01,1.2,-1.0,1
9193266,2020-01-01,1.2,-0.9,2
9193266,2020-01-01,1.2,-0.8,19
9193266,2020-01-01,1.2,-0.7,47
9193266,2020-01-01,1.2,-0.6,2
9193266,2020-01-01,1.2,-0.5,4
9193266,2020-01-01,1.2,-0.4,38
9193266,2020-01-01,1.2,-0.3,68
9193266,2020-01-01,1.2,-0.2,79
9193266,2020-01-01,1.2,-0.1,124
9193266,2020-01-01,1.2,0.0,204
9193266,2020-01-01,1.2,0.1,69
9193266,2020-01-01,1.2,0.2,213
9193266,2020-01-01,1.2,0.3,1
9193266,2020-01-01,1.22,-0.8,22
9193266,2020-01-01,1.22,-0.7,5
9193266,2020-01-01,1.22,-0.6,3
9193266,2020-01-01,1.22,-0.5,4
9193266,2020-01-01,1.22,-0.4,29
9193266,2020-01-01,1.22,-0.3,186
9193266,2020-01-01,1.22,-0.2,151
9193266,2020-01-01,1.22,-0.1,168
9193266,2020-01-01,1.22,0.0,185
9193266,2020-01-01,1.22,0.1,6
9193266,2020-01-01,1.22,0.2,5
9193266,2020-01-01,1.22,0.3,1
9193266,2020-01-01,1.24,-0.9,1
9193266,2020-01-01,1.24,-0.7,6
9193266,2020-01-01,1.24,-0.6,5
9193266,2020-01-01,1.24,-0.5,3
9193266,2020-01-01,1.24,-0.4,20
9193266,2020-01-01,1.24,-0.3,136
9193266,2020-01-01,1.24,-0.2,295
9193266,2020-01-01,1.24,-0.1,169
9193266,2020-01-01,1.24,0.0,177
9193266,2020-01-01,1.24,0.1,15
9193266,2020-01-01,1.24,0.3,1
9193266,2020-01-01,1.26,-1.0,1
9193266,2020-01-01,1.26,-0.9,2
9193266,2020-01-01,1.26,-0.7,3
9193266,2020-01-01,1.26,-0.6,5
9193266,2020-01-01,1.26,-0.5,1
9193266,2020-01-01,1.26,-0.4,22
9193266,2020-01-01,1.26,-0.3,95
9193266,2020-01-01,1.26,-0.2,129
9193266,2020-01-01,1.26,-0.1,6593
9193266,2020-01-01,1.26,0.0,834
9193266,2020-01-01,1.26,0.1,13
9193266,2020-01-01,1.28,-0.8,1
9193266,2020-01-01,1.28,-0.7,3
9193266,2020-01-01,1.28,-0.6,2
9193266,2020-01-01,1.28,-0.5,22
9193266,2020-01-01,1.28,-0.4,154
9193266,2020-01-01,1.28,-0.3,84
9193266,2020-01-01,1.28,-0.2,258
9193266,2020-01-01,1.28,-0.1,223
9193266,2020-01-01,1.28,0.0,67
9193266,2020-01-01,1.28,0.1,29
9193266,2020-01-01,1.28,0.3,3
9193266,2020-01-01,1.3,-0.9,1
9193266,2020-01-01,1.3,-0.8,1
9193266,2020-01-01,1.3,-0.7,4
9193266,2020-01-01,1.3,-0.6,2
9193266,2020-01-01,1.3,-0.5,2
9193266,2020-01-01,1.3,-0.4,9
9193266,2020-01-01,1.3,-0.3,45
9193266,2020-01-01,1.3,-0.2,71
9193266,2020-01-01,1.3,-0.1,140
9193266,2020-01-01,1.3,0.0,609
9193266,2020-01-01,1.3,0.1,139
9193266,2020-01-01,1.3,0.2,13
9193266,2020-01-01,1.32,-0.7,1
9193266,2020-01-01,1.32,-0.6,2
9193266,2020-01-01,1.32,-0.5,1
9193266,2020-01-01,1.32,-0.4,15
9193266,2020-01-01,1.32,-0.3,190
9193266,2020-01-01,1.32,-0.2,383
9193266,2020-01-01,1.32,-0.1,27
9193266,2020-01-01,1.32,0.0,17
9193266,2020-01-01,1.32,0.1,11
9193266,2020-01-01,1.34,-0.8,2
9193266,2020-01-01,1.34,-0.6,6
9193266,2020-01-01,1.34,-0.5,1
9193266,2020-01-01,1.34,-0.4,29
9193266,2020-01-01,1.34,-0.3,50
9193266,2020-01-01,1.34,-0.2,32
9193266,2020-01-01,1.34,-0.1,19
9193266,2020-01-01,1.34,0.0,28
9193266,2020-01-01,1.34,0.1,8
9193266,2020-01-01,1.36,-0.9,2
9193266,2020-01-01,1.36,-0.7,3
9193266,2020-01-01,1.36,-0.6,2
9193266,2020-01-01,1.36,-0.5,39
9193266,2020-01-01,1.36,-0.4,12
9193266,2020-01-01,1.36,-0.3,34
9193266,2020-01-01,1.36,-0.2,42
9193266,2020-01-01,1.36,-0.1,69
9193266,2020-01-01,1.36,0.0,16
9193266,2020-01-01,1.36,0.1,38
9193266,2020-01-01,1.38,-0.9,4
9193266,2020-01-01,1.38,-0.8,1
9193266,2020-01-01,1.38,-0.7,1
9193266,2020-01-01,1.38,-0.5,2
9193266,2020-01-01,1.38,-0.4,25
9193266,2020-01-01,1.38,-0.3,96
9193266,2020-01-01,1.38,-0.2,154
9193266,2020-01-01,1.38,-0.1,44
9193266,2020-01-01,1.38,0.0,13
9193266,2020-01-01,1.38,0.1,3
9193266,2020-01-01,1.4,-0.8,1
9193266,2020-01-01,1.4,-0.7,1
9193266,2020-01-01,1.4,-0.5,2
9193266,2020-01-01,1.4,-0.4,21
9193266,2020-01-01,1.4,-0.3,192
9193266,2020-01-01,1.4,-0.2,101
9193266,2020-01-01,1.4,-0.1,12
9193266,2020-01-01,1.4,0.0,11
9193266,2020-01-01,1.4,0.1,1
9193266,2020-01-01,1.42,-0.7,2
9193266,2020-01-01,1.42,-0.6,2
9193266,2020-01-01,1.42,-0.4,12
9193266,2020-01-01,1.42,-0.3,132
9193266,2020-01-01,1.42,-0.2,15
9193266,2020-01-01,1.42,-0.1,21
9193266,2020-01-01,1.42,0.0,15
9193266,2020-01-01,1.42,0.1,2
9193266,2020-01-01,1.44,-0.7,1
9193266,2020-01-01,1.44,-0.6,2
9193266,2020-01-01,1.44,-0.4,10
9193266,2020-01-01,1.44,-0.3,52
9193266,2020-01-01,1.44,-0.2,45
9193266,2020-01-01,1.44,-0.1,21
9193266,2020-01-01,1.44,0.0,10
9193266,2020-01-01,1.44,0.1,2
9193266,2020-01-01,1.46,-0.7,3
9193266,2020-01-01,1.46,-0.6,4
9193266,2020-01-01,1.46,-0.5,2
9193266,2020-01-01,1.46,-0.4,11
9193266,2020-01-01,1.46,-0.3,78
9193266,2020-01-01,1.46,-0.2,66
9193266,2020-01-01,1.46,-0.1,31
9193266,2020-01-01,1.46,0.0,3
9193266,2020-01-01,1.46,0.1,1
9193266,2020-01-01,1.48,-0.8,9
9193266,2020-01-01,1.48,-0.7,2
9193266,2020-01-01,1.48,-0.6,3
9193266,2020-01-01,1.48,-0.5,10
9193266,2020-01-01,1.48,-0.4,14
9193266,2020-01-01,1.48,-0.3,61
9193266,2020-01-01,1.48,-0.2,50
9193266,2020-01-01,1.48,-0.1,35
9193266,2020-01-01,1.48,0.0,41
9193266,2020-01-01,1.48,0.1,4
9193266,2020-01-01,1.5,-0.8,267
9193266,2020-01-01,1.5,-0.7,4
9193266,2020-01-01,1.5,-0.6,2
9193266,2020-01-01,1.5,-0.5,1
9193266,2020-01-01,1.5,-0.4,20
9193266,2020-01-01,1.5,-0.3,53
9193266,2020-01-01,1.5,-0.2,47
9193266,2020-01-01,1.5,-0.1,10
9193266,2020-01-01,1.5,0.0,454
9193266,2020-01-01,1.5,0.1,2
9193266,2020-01-01,1.52,-0.7,5
9193266,2020-01-01,1.52,-0.6,2
9193266,2020-01-01,1.52,-0.5,1
9193266,2020-01-01,1.52,-0.4,8
9193266,2020-01-01,1.52,-0.3,79
9193266,2020-01-01,1.52,-0.2,48
9193266,2020-01-01,1.52,-0.1,7
9193266,2020-01-01,1.52,0.0,14
9193266,2020-01-01,1.52,0.1,7
9193266,2020-01-01,1.54,-0.7,11
9193266,2020-01-01,1.54,-0.6,11
9193266,2020-01-01,1.54,-0.5,2
9193266,2020-01-01,1.54,-0.4,14
9193266,2020-01-01,1.54,-0.3,60
9193266,2020-01-01,1.54,-0.2,54
9193266,2020-01-01,1.54,-0.1,15
9193266,2020-01-01,1.54,0.0,357
9193266,2020-01-01,1.54,0.1,8
9193266,2020-01-01,1.54,0.2,1
9193266,2020-01-01,1.56,-0.7,27
9193266,2020-01-01,1.56,-0.6,7
9193266,2020-01-01,1.56,-0.5,2
9193266,2020-01-01,1.56,-0.4,9
9193266,2020-01-01,1.56,-0.3,39
9193266,2020-01-01,1.56,-0.2,50
9193266,2020-01-01,1.56,-0.1,15
9193266,2020-01-01,1.56,0.0,188
9193266,2020-01-01,1.58,-0.7,14
9193266,2020-01-01,1.58,-0.6,27
9193266,2020-01-01,1.58,-0.5,2
9193266,2020-01-01,1.58,-0.4,8
9193266,2020-01-01,1.58,-0.3,77
9193266,2020-01-01,1.58,-0.2,35
9193266,2020-01-01,1.58,-0.1,11
9193266,2020-01-01,1.6,-0.7,1
9193266,2020-01-01,1.6,-0.6,1
9193266,2020-01-01,1.6,-0.5,7
9193266,2020-01-01,1.6,-0.4,6
9193266,2020-01-01,1.6,-0.3,216
9193266,2020-01-01,1.6,-0.2,31
9193266,2020-01-01,1.6,-0.1,24
9193266,2020-01-01,1.6,0.0,1
9193266,2020-01-01,1.62,-0.7,2
9193266,2020-01-01,1.62,-0.6,1
9193266,2020-01-01,1.62,-0.5,2
9193266,2020-01-01,1.62,-0.4,5
9193266,2020-01-01,1.62,-0.3,18
9193266,2020-01-01,1.62,-0.2,13
9193266,2020-01-01,1.62,-0.1,3
9193266,2020-01-01,1.62,0.0,2
9193266,2020-01-01,1.64,-0.5,10
9193266,2020-01-01,1.64,-0.4,2
9193266,2020-01-01,1.64,-0.3,390
9193266,2020-01-01,1.64,-0.2,12
9193266,2020-01-01,1.64,-0.1,1
9193266,2020-01-01,1.64,0.0,1
9193266,2020-01-01,1.66,-0.7,2
9193266,2020-01-01,1.66,-0.6,18
9193266,2020-01-01,1.66,-0.5,1
9193266,2020-01-01,1.66,-0.4,12
9193266,2020-01-01,1.66,-0.3,26
9193266,2020-01-01,1.66,-0.2,27
9193266,2020-01-01,1.68,-0.4,3
9193266,2020-01-01,1.68,-0.3,36
9193266,2020-01-01,1.68,-0.2,7
9193266,2020-01-01,1.68,-0.1,13
9193266,2020-01-01,1.68,0.0,2
9193266,2020-01-01,1.7,-0.4,6
9193266,2020-01-01,1.7,-0.3,33
9193266,2020-01-01,1.7,-0.2,5
9193266,2020-01-01,1.7,-0.1,5
9193266,2020-01-01,1.72,-0.4,6
9193266,2020-01-01,1.72,-0.3,24
9193266,2020-01-01,1.72,-0.2,4
9193266,2020-01-01,1.72,-0.1,1
9193266,2020-01-01,1.72,0.0,5
9193266,2020-01-01,1.72,0.4,1
9193266,2020-01-01,1.74,-0.6,3
9193266,2020-01-01,1.74,-0.4,2
9193266,2020-01-01,1.74,-0.3,23
9193266,2020-01-01,1.74,-0.2,4
9193266,2020-01-01,1.74,-0.1,3
9193266,2020-01-01,1.76,-0.6,3
9193266,2020-01-01,1.76,-0.4,28
9193266,2020-01-01,1.76,-0.3,35
9193266,2020-01-01,1.76,-0.2,8
9193266,2020-01-01,1.78,-0.6,11
9193266,2020-01-01,1.78,-0.5,1
9193266,2020-01-01,1.78,-0.4,7
9193266,2020-01-01,1.78,-0.3,76
9193266,2020-01-01,1.78,-0.2,3
9193266,2020-01-01,1.78,0.0,1
9193266,2020-01-01,1.8,-0.6,1
9193266,2020-01-01,1.8,-0.4,115
9193266,2020-01-01,1.8,-0.3,112
9193266,2020-01-01,1.8,-0.2,8
9193266,2020-01-01,1.8,-0.1,13
9193266,2020-01-01,1.82,-0.6,1
9193266,2020-01-01,1.82,-0.3,7
9193266,2020-01-01,1.82,-0.2,15
9193266,2020-01-01,1.82,-0.1,1
9193266,2020-01-01,1.84,-0.6,3
9193266,2020-01-01,1.84,-0.4,10
9193266,2020-01-01,1.84,-0.3,1
9193266,2020-01-01,1.84,-0.2,63
9193266,2020-01-01,1.84,-0.1,2
9193266,2020-01-01,1.86,-0.4,1
9193266,2020-01-01,1.86,-0.3,5
9193266,2020-01-01,1.86,-0.2,9
9193266,2020-01-01,1.86,-0.1,3
9193266,2020-01-01,1.86,0.1,1
9193266,2020-01-01,1.86,0.2,2
9193266,2020-01-01,1.88,-0.5,2
9193266,2020-01-01,1.88,-0.4,3
9193266,2020-01-01,1.88,-0.3,8
9193266,2020-01-01,1.88,-0.2,4
9193266,2020-01-01,1.88,-0.1,1
9193266,2020-01-01,1.9,-0.3,6
9193266,2020-01-01,1.9,-0.2,4
9193266,2020-01-01,1.92,-0.4,1
9193266,2020-01-01,1.92,-0.3,3
9193266,2020-01-01,1.92,-0.2,6
9193266,2020-01-01,1.94,-0.4,2
9193266,2020-01-01,1.94,-0.3,6
9193266,2020-01-01,1.94,-0.2,4
9193266,2020-01-01,1.96,-0.3,4
9193266,2020-01-01,1.96,-0.2,2
9193266,2020-01-01,1.98,-0.5,6
9193266,2020-01-01,1.98,-0.4,256
9193266,2020-01-01,1.98,-0.3,4960
9193266,2020-01-01,1.98,-0.2,224
9193266,2020-01-01,1.98,-0.1,180
9193266,2020-01-01,1.98,0.0,1
9193266,2020-01-01,1.98,0.1,5
13330090,2021-10-01,0.0,-0.7,2
13330090,2021-10-01,0.0,-0.5,31
13330090,2021-10-01,0.0,-0.4,115
13330090,2021-10-01,0.0,-0.3,97
13330090,2021-10-01,0.0,-0.2,83
13330090,2021-10-01,0.0,-0.1,122
13330090,2021-10-01,0.0,0.0,18250
13330090,2021-10-01,0.0,0.1,70435
13330090,2021-10-01,0.0,0.2,7211
13330090,2021-10-01,0.0,0.3,10
13330090,2021-10-01,0.0,1.9,1
13330090,2021-10-01,0.02,-1.0,2
13330090,2021-10-01,0.02,-0.9,3
13330090,2021-10-01,0.02,-0.8,2
13330090,2021-10-01,0.02,-0.7,7
13330090,2021-10-01,0.02,-0.6,861
13330090,2021-10-01,0.02,-0.5,350
13330090,2021-10-01,0.02,-0.4,95
13330090,2021-10-01,0.02,-0.3,256
13330090,2021-10-01,0.02,-0.2,314
13330090,2021-10-01,0.02,-0.1,665
13330090,2021-10-01,0.02,0.0,18203
13330090,2021-10-01,0.02,0.1,602
13330090,2021-10-01,0.02,0.2,187
13330090,2021-10-01,0.02,0.3,18
13330090,2021-10-01,0.02,0.4,3
13330090,2021-10-01,0.02,0.6,1
13330090,2021-10-01,0.02,0.7,1
13330090,2021-10-01,0.04,-1.4,1
13330090,2021-10-01,0.04,-1.3,1
13330090,2021-10-01,0.04,-1.2,3
13330090,2021-10-01,0.04,-1.1,5
13330090,2021-10-01,0.04,-1.0,5
13330090,2021-10-01,0.04,-0.9,6
13330090,2021-10-01,0.04,-0.8,12
13330090,2021-10-01,0.04,-0.7,68
13330090,2021-10-01,0.04,-0.6,198
13330090,2021-10-01,0.04,-0.5,261
13330090,2021-10-01,0.04,-0.4,210
13330090,2021-10-01,0.04,-0.3,794
13330090,2021-10-01,0.04,-0.2,5575
13330090,2021-10-01,0.04,-0.1,1348
13330090,2021-10-01,0.04,0.0,6313
13330090,2021-10-01,0.04,0.1,2557
13330090,2021-10-01,0.04,0.2,218
13330090,2021-10-01,0.04,0.3,60
13330090,2021-10-01,0.04,0.4,21
13330090,2021-10-01,0.04,0.5,9
13330090,2021-10-01,0.04,0.6,9
13330090,2021-10-01,0.04,0.7,9
13330090,2021-10-01,0.04,0.8,8
13330090,2021-10-01,0.04,0.9,15
13330090,2021-10-01,0.04,1.0,7
13330090,2021-10-01,0.04,1.1,2
13330090,2021-10-01,0.04,1.2,2
13330090,2021-10-01,0.06,-2.3,1
13330090,2021-10-01,0.06,-2.2,1
13330090,2021-10-01,0.06,-1.6,1
13330090,2021-10-01,0.06,-1.5,25
13330090,2021-10-01,0.06,-1.4,2
13330090,2021-10-01,0.06,-1.3,3
13330090,2021-10-01,0.06,-1.2,9
13330090,2021-10-01,0.06,-1.1,10
13330090,2021-10-01,0.06,-1.0,21
13330090,2021-10-01,0.06,-0.9,32
13330090,2021-10-01,0.06,-0.8,172
13330090,2021-10-01,0.06,-0.7,1392
13330090,2021-10-01,0.06,-0.6,202
13330090,2021-10-01,0.06,-0.5,186
13330090,2021-10-01,0.06,-0.4,1287
13330090,2021-10-01,0.06,-0.3,957
13330090,2021-10-01,0.06,-0.2,3266
13330090,2021-10-01,0.06,-0.1,11237
13330090,2021-10-01,0.06,0.0,8936
13330090,2021-10-01,0.06,0.1,5575
13330090,2021-10-01,0.06,0.2,861
13330090,2021-10-01,0.06,0.3,77
13330090,2021-10-01,0.06,0.4,45
13330090,2021-10-01,0.06,0.5,23
13330090,2021-10-01,0.06,0.6,105
13330090,2021-10-01,0.06,0.7,1127
13330090,2021-10-01,0.06,0.8,547
13330090,2021-10-01,0.06,0.9,46
13330090,2021-10-01,0.06,1.0,21
13330090,2021-10-01,0.06,1.1,5
13330090,2021-10-01,0.06,1.2,7
13330090,2021-10-01,0.06,1.3,12
13330090,2021-10-01,0.06,1.4,4
13330090,2021-10-01,0.08,-2.3,7
13330090,2021-10-01,0.08,-1.7,5
13330090,2021-10-01,0.08,-1.6,7
13330090,2021-10-01,0.08,-1.5,3
13330090,2021-10-01,0.08,-1.4,30
13330090,2021-10-01,0.08,-1.3,46
13330090,2021-10-01,0.08,-1.2,61
13330090,2021-10-01,0.08,-1.1,47
13330090,2021-10-01,0.08,-1.0,42
13330090,2021-10-01,0.08,-0.9,97
13330090,2021-10-01,0.08,-0.8,144
13330090,2021-10-01,0.08,-0.7,267
13330090,2021-10-01,0.08,-0.6,172
13330090,2021-10-01,0.08,-0.5,717
13330090,2021-10-01,0.08,-0.4,1098
13330090,2021-10-01,0.08,-0.3,1903
13330090,2021-10-01,0.08,-0.2,7938
13330090,2021-10-01,0.08,-0.1,6107
13330090,2021-10-01,0.08,0.0,20971
13330090,2021-10-01,0.08,0.1,2064
13330090,2021-10-01,0.08,0.2,1493
13330090,2021-10-01,0.08,0.3,561
13330090,2021-10-01,0.08,0.4,214
13330090,2021-10-01,0.08,0.5,102
13330090,2021-10-01,0.08,0.6,52
13330090,2021-10-01,0.08,0.7,34
13330090,2021-10-01,0.08,0.8,45
13330090,2021-10-01,0.08,0.9,117
13330090,2021-10-01,0.08,1.0,95
13330090,2021-10-01,0.08,1.1,103
13330090,2021-10-01,0.08,1.2,106
13330090,2021-10-01,0.08,1.3,29
13330090,2021-10-01,0.08,1.4,10
13330090,2021-10-01,0.08,1.5,4
13330090,2021-10-01,0.1,-2.3,1
13330090,2021-10-01,0.1,-2.2,2
13330090,2021-10-01,0.1,-2.0,1
13330090,2021-10-01,0.1,-1.8,2
13330090,2021-10-01,0.1,-1.7,9
13330090,2021-10-01,0.1,-1.6,26
13330090,2021-10-01,0.1,-1.5,39
13330090,2021-10-01,0.1,-1.4,55
13330090,2021-10-01,0.1,-1.3,29
13330090,2021-10-01,0.1,-1.2,4
13330090,2021-10-01,0.1,-1.1,19
13330090,2021-10-01,0.1,-1.0,179
13330090,2021-10-01,0.1,-0.9,167
13330090,2021-10-01,0.1,-0.8,232
13330090,2021-10-01,0.1,-0.7,437
13330090,2021-10-01,0.1,-0.6,723
13330090,2021-10-01,0.1,-0.5,1026
13330090,2021-10-01,0.1,-0.4,1065
13330090,2021-10-01,0.1,-0.3,1063
13330090,2021-10-01,0.1,-0.2,3682
13330090,2021-10-01,0.1,-0.1,6616
13330090,2021-10-01,0.1,0.0,17062
13330090,2021-10-01,0.1,0.1,3808
13330090,2021-10-01,0.1,0.2,2009
13330090,2021-10-01,0.1,0.3,514
13330090,2021-10-01,0.1,0.4,184
13330090,2021-10-01,0.1,0.5,162
13330090,2021-10-01,0.1,0.6,244
13330090,2021-10-01,0.1,0.7,180
13330090,2021-10-01,0.1,0.8,18
13330090,2021-10-01,0.1,0.9,18
13330090,2021-10-01,0.1,1.0,34
13330090,2021-10-01,0.1,1.1,11
13330090,2021-10-01,0.1,1.2,44
13330090,2021-10-01,0.1,1.3,179
13330090,2021-10-01,0.1,1.4,92
13330090,2021-10-01,0.1,1.5,9
13330090,2021-10-01,0.12,-2.2,2
13330090,2021-10-01,0.12,-1.9,1
13330090,2021-10-01,0.12,-1.8,45
13330090,2021-10-01,0.12,-1.7,43
13330090,2021-10-01,0.12,-1.6,31
13330090,2021-10-01,0.12,-1.5,51
13330090,2021-10-01,0.12,-1.4,9
13330090,2021-10-01,0.12,-1.3,99
13330090,2021-10-01,0.12,-1.2,181
13330090,2021-10-01,0.12,-1.1,145
13330090,2021-10-01,0.12,-1.0,84
13330090,2021-10-01,0.12,-0.9,62
13330090,2021-10-01,0.12,-0.8,160
13330090,2021-10-01,0.12,-0.7,296
13330090,2021-10-01,0.12,-0.6,142
13330090,2021-10-01,0.12,-0.5,1339
13330090,2021-10-01,0.12,-0.4,886
13330090,2021-10-01,0.12,-0.3,1364
13330090,2021-10-01,0.12,-0.2,4916
13330090,2021-10-01,0.12,-0.1,4772
13330090,2021-10-01,0.12,0.0,10284
13330090,2021-10-01,0.12,0.1,4066
13330090,2021-10-01,0.12,0.2,2385
13330090,2021-10-01,0.12,0.3,433
13330090,2021-10-01,0.12,0.4,317
13330090,2021-10-01,0.12,0.5,183
13330090,2021-10-01,0.12,0.6,172
13330090,2021-10-01,0.12,0.7,60
13330090,2021-10-01,0.12,0.8,44
13330090,2021-10-01,0.12,0.9,40
13330090,2021-10-01,0.12,1.0,42
13330090,2021-10-01,0.12,1.1,43
13330090,2021-10-01,0.12,1.2,10
13330090,2021-10-01,0.12,1.3,20
13330090,2021-10-01,0.12,1.4,409
13330090,2021-10-01,0.12,1.5,39
13330090,2021-10-01,0.14,-2.7,1
13330090,2021-10-01,0.14,-2.5,1
13330090,2021-10-01,0.14,-1.8,1
13330090,2021-10-01,0.14,-1.7,78
13330090,2021-10-01,0.14,-1.6,33
13330090,2021-10-01,0.14,-1.5,36
13330090,2021-10-01,0.14,-1.4,191
13330090,2021-10-01,0.14,-1.3,134
13330090,2021-10-01,0.14,-1.2,12
13330090,2021-10-01,0.14,-1.1,16
13330090,2021-10-01,0.14,-1.0,80
13330090,2021-10-01,0.14,-0.9,79
13330090,2021-10-01,0.14,-0.8,454
13330090,2021-10-01,0.14,-0.7,612
13330090,2021-10-01,0.14,-0.6,185
13330090,2021-10-01,0.14,-0.5,1553
13330090,2021-10-01,0.14,-0.4,934
13330090,2021-10-01,0.14,-0.3,986
13330090,2021-10-01,0.14,-0.2,2297
13330090,2021-10-01,0.14,-0.1,3940
13330090,2021-10-01,0.14,0.0,7433
13330090,2021-10-01,0.14,0.1,3922
13330090,2021-10-01,0.14,0.2,2987
13330090,2021-10-01,0.14,0.3,502
13330090,2021-10-01,0.14,0.4,412
13330090,2021-10-01,0.14,0.5,162
13330090,2021-10-01,0.14,0.6,167
13330090,2021-10-01,0.14,0.7,58
13330090,2021-10-01,0.14,0.8,38
13330090,2021-10-01,0.14,0.9,29
13330090,2021-10-01,0.14,1.0,33
13330090,2021-10-01,0.14,1.1,67
13330090,2021-10-01,0.14,1.2,28
13330090,2021-10-01,0.14,1.3,19
13330090,2021-10-01,0.14,1.4,70
13330090,2021-10-01,0.14,1.5,208
13330090,2021-10-01,0.16,-2.6,5
13330090,2021-10-01,0.16,-2.0,1
13330090,2021-10-01,0.16,-1.8,6
13330090,2021-10-01,0.16,-1.7,63
13330090,2021-10-01,0.16,-1.6,63
13330090,2021-10-01,0.16,-1.5,102
13330090,2021-10-01,0.16,-1.4,167
13330090,2021-10-01,0.16,-1.3,31
13330090,2021-10-01,0.16,-1.2,29
13330090,2021-10-01,0.16,-1.1,26
13330090,2021-10-01,0.16,-1.0,87
13330090,2021-10-01,0.16,-0.9,81
13330090,2021-10-01,0.16,-0.8,217
13330090,2021-10-01,0.16,-0.7,405
13330090,2021-10-01,0.16,-0.6,361
13330090,2021-10-01,0.16,-0.5,1805
13330090,2021-10-01,0.16,-0.4,1045
13330090,2021-10-01,0.16,-0.3,1103
13330090,2021-10-01,0.16,-0.2,2287
13330090,2021-10-01,0.16,-0.1,5253
13330090,2021-10-01,0.16,0.0,7687
13330090,2021-10-01,0.16,0.1,3469
13330090,2021-10-01,0.16,0.2,3283
13330090,2021-10-01,0.16,0.3,776
13330090,2021-10-01,0.16,0.4,464
13330090,2021-10-01,0.16,0.5,222
13330090,2021-10-01,0.16,0.6,253
13330090,2021-10-01,0.16,0.7,83
13330090,2021-10-01,0.16,0.8,47
13330090,2021-10-01,0.16,0.9,47
13330090,2021-10-01,0.16,1.0,33
13330090,2021-10-01,0.16,1.1,127
13330090,2021-10-01,0.16,1.2,53
13330090,2021-10-01,0.16,1.3,23
13330090,2021-10-01,0.16,1.4,48
13330090,2021-10-01,0.16,1.5,305
13330090,2021-10-01,0.16,1.6,3
13330090,2021-10-01,0.18,-2.7,1
13330090,2021-10-01,0.18,-2.0,1
13330090,2021-10-01,0.18,-1.8,72
13330090,2021-10-01,0.18,-1.7,10
13330090,2021-10-01,0.18,-1.6,48
13330090,2021-10-01,0.18,-1.5,221
13330090,2021-10-01,0.18,-1.4,49
13330090,2021-10-01,0.18,-1.3,35
13330090,2021-10-01,0.18,-1.2,46
13330090,2021-10-01,0.18,-1.1,41
13330090,2021-10-01,0.18,-1.0,133
13330090,2021-10-01,0.18,-0.9,99
13330090,2021-10-01,0.18,-0.8,184
13330090,2021-10-01,0.18,-0.7,415
13330090,2021-10-01,0.18,-0.6,1131
13330090,2021-10-01,0.18,-0.5,2025
13330090,2021-10-01,0.18,-0.4,1044
13330090,2021-10-01,0.18,-0.3,1191
13330090,2021-10-01,0.18,-0.2,2112
13330090,2021-10-01,0.18,-0.1,3413
13330090,2021-10-01,0.18,0.0,7190
13330090,2021-10-01,0.18,0.1,3711
13330090,2021-10-01,0.18,0.2,4345
13330090,2021-10-01,0.18,0.3,859
13330090,2021-10-01,0.18,0.4,524
13330090,2021-10-01,0.18,0.5,384
13330090,2021-10-01,0.18,0.6,248
13330090,2021-10-01,0.18,0.7,144
13330090,2021-10-01,0.18,0.8,59
13330090,2021-10-01,0.18,0.9,103
13330090,2021-10-01,0.18,1.0,39
13330090,2021-10-01,0.18,1.1,35
13330090,2021-10-01,0.18,1.2,24
13330090,2021-10-01,0.18,1.3,64
13330090,2021-10-01,0.18,1.4,40
13330090,2021-10-01,0.18,1.5,282
13330090,2021-10-01,0.18,1.6,5
13330090,2021-10-01,0.18,1.7,1
13330090,2021-10-01,0.18,1.8,2
13330090,2021-10-01,0.2,-2.7,3
13330090,2021-10-01,0.2,-1.8,78
13330090,2021-10-01,0.2,-1.7,7
13330090,2021-10-01,0.2,-1.6,58
13330090,2021-10-01,0.2,-1.5,210
13330090,2021-10-01,0.2,-1.4,24
13330090,2021-10-01,0.2,-1.3,53
13330090,2021-10-01,0.2,-1.2,336
13330090,2021-10-01,0.2,-1.1,107
13330090,2021-10-01,0.2,-1.0,181
13330090,2021-10-01,0.2,-0.9,115
13330090,2021-10-01,0.2,-0.8,183
13330090,2021-10-01,0.2,-0.7,380
13330090,2021-10-01,0.2,-0.6,704
13330090,2021-10-01,0.2,-0.5,8398
13330090,2021-10-01,0.2,-0.4,1087
13330090,2021-10-01,0.2,-0.3,1396
13330090,2021-10-01,0.2,-0.2,2768
13330090,2021-10-01,0.2,-0.1,4504
13330090,2021-10-01,0.2,0.0,13586
13330090,2021-10-01,0.2,0.1,3921
13330090,2021-10-01,0.2,0.2,7717
13330090,2021-10-01,0.2,0.3,1086
13330090,2021-10-01,0.2,0.4,782
13330090,2021-10-01,0.2,0.5,370
13330090,2021-10-01,0.2,0.6,306
13330090,2021-10-01,0.2,0.7,197
13330090,2021-10-01,0.2,0.8,109
13330090,2021-10-01,0.2,0.9,69
13330090,2021-10-01,0.2,1.0,69
13330090,2021-10-01,0.2,1.1,87
13330090,2021-10-01,0.2,1.2,48
13330090,2021-10-01,0.2,1.3,56
13330090,2021-10-01,0.2,1.4,66
13330090,2021-10-01,0.2,1.5,262
13330090,2021-10-01,0.2,1.6,9
13330090,2021-10-01,0.2,1.7,2
13330090,2021-10-01,0.2,1.8,1
13330090,2021-10-01,0.2,1.9,1
13330090,2021-10-01,0.22,-2.7,1
13330090,2021-10-01,0.22,-2.3,1
13330090,2021-10-01,0.22,-1.8,66
13330090,2021-10-01,0.22,-1.7,20
13330090,2021-10-01,0.22,-1.6,142
13330090,2021-10-01,0.22,-1.5,127
13330090,2021-10-01,0.22,-1.4,25
13330090,2021-10-01,0.22,-1.3,138
13330090,2021-10-01,0.22,-1.2,138
13330090,2021-10-01,0.22,-1.1,100
13330090,2021-10-01,0.22,-1.0,469
13330090,2021-10-01,0.22,-0.9,168
13330090,2021-10-01,0.22,-0.8,285
13330090,2021-10-01,0.22,-0.7,365
13330090,2021-10-01,0.22,-0.6,670
13330090,2021-10-01,0.22,-0.5,3711
13330090,2021-10-01,0.22,-0.4,2035
13330090,2021-10-01,0.22,-0.3,2533
13330090,2021-10-01,0.22,-0.2,3680
13330090,2021-10-01,0.22,-0.1,3524
13330090,2021-10-01,0.22,0.0,7277
13330090,2021-10-01,0.22,0.1,6327
13330090,2021-10-01,0.22,0.2,27842
13330090,2021-10-01,0.22,0.3,1249
13330090,2021-10-01,0.22,0.4,871
13330090,2021-10-01,0.22,0.5,469
13330090,2021-10-01,0.22,0.6,401
13330090,2021-10-01,0.22,0.7,456
13330090,2021-10-01,0.22,0.8,394
13330090,2021-10-01,0.22,0.9,598
13330090,2021-10-01,0.22,1.0,1480
13330090,2021-10-01,0.22,1.1,757
13330090,2021-10-01,0.22,1.2,94
13330090,2021-10-01,0.22,1.3,117
13330090,2021-10-01,0.22,1.4,91
13330090,2021-10-01,0.22,1.5,248
13330090,2021-10-01,0.22,1.6,21
13330090,2021-10-01,0.22,1.7,3
13330090,2021-10-01,0.22,1.8,1
13330090,2021-10-01,0.22,1.9,1
13330090,2021-10-01,0.22,2.2,1
13330090,2021-10-01,0.24,-2.4,1
13330090,2021-10-01,0.24,-2.2,1
13330090,2021-10-01,0.24,-2.0,1
13330090,2021-10-01,0.24,-1.9,4
13330090,2021-10-01,0.24,-1.8,100
13330090,2021-10-01,0.24,-1.7,24
13330090,2021-10-01,0.24,-1.6,270
13330090,2021-10-01,0.24,-1.5,40
13330090,2021-10-01,0.24,-1.4,27
13330090,2021-10-01,0.24,-1.3,32
13330090,2021-10-01,0.24,-1.2,130
13330090,2021-10-01,0.24,-1.1,139
13330090,2021-10-01,0.24,-1.0,303
13330090,2021-10-01,0.24,-0.9,629
13330090,2021-10-01,0.24,-0.8,608
13330090,2021-10-01,0.24,-0.7,633
13330090,2021-10-01,0.24,-0.6,1560
13330090,2021-10-01,0.24,-0.5,4254
13330090,2021-10-01,0.24,-0.4,6982
13330090,2021-10-01,0.24,-0.3,3305
13330090,2021-10-01,0.24,-0.2,7044
13330090,2021-10-01,0.24,-0.1,8032
13330090,2021-10-01,0.24,0.0,10762
13330090,2021-10-01,0.24,0.1,8424
13330090,2021-10-01,0.24,0.2,4320
13330090,2021-10-01,0.24,0.3,1645
13330090,2021-10-01,0.24,0.4,1240
13330090,2021-10-01,0.24,0.5,800
13330090,2021-10-01,0.24,0.6,582
13330090,2021-10-01,0.24,0.7,476
13330090,2021-10-01,0.24,0.8,292
13330090,2021-10-01,0.24,0.9,271
13330090,2021-10-01,0.24,1.0,763
13330090,2021-10-01,0.24,1.1,4164
13330090,2021-10-01,0.24,1.2,237
13330090,2021-10-01,0.24,1.3,219
13330090,2021-10-01,0.24,1.4,196
13330090,2021-10-01,0.24,1.5,380
13330090,2021-10-01,0.24,1.6,56
13330090,2021-10-01,0.24,1.7,6
13330090,2021-10-01,0.24,1.8,1
13330090,2021-10-01,0.24,1.9,3
13330090,2021-10-01,0.24,2.0,1
13330090,2021-10-01,0.24,2.1,5
13330090,2021-10-01,0.26,-2.7,2
13330090,2021-10-01,0.26,-2.3,1
13330090,2021-10-01,0.26,-2.1,1
13330090,2021-10-01,0.26,-2.0,7
13330090,2021-10-01,0.26,-1.9,2
13330090,2021-10-01,0.26,-1.8,752
13330090,2021-10-01,0.26,-1.7,58
13330090,2021-10-01,0.26,-1.6,311
13330090,2021-10-01,0.26,-1.5,84
13330090,2021-10-01,0.26,-1.4,145
13330090,2021-10-01,0.26,-1.3,270
13330090,2021-10-01,0.26,-1.2,223
13330090,2021-10-01,0.26,-1.1,131
13330090,2021-10-01,0.26,-1.0,510
13330090,2021-10-01,0.26,-0.9,940
13330090,2021-10-01,0.26,-0.8,935
13330090,2021-10-01,0.26,-0.7,915
13330090,2021-10-01,0.26,-0.6,1719
13330090,2021-10-01,0.26,-0.5,6195
13330090,2021-10-01,0.26,-0.4,4752
13330090,2021-10-01,0.26,-0.3,10514
13330090,2021-10-01,0.26,-0.2,16901
13330090,2021-10-01,0.26,-0.1,40057
13330090,2021-10-01,0.26,0.0,19722
13330090,2021-10-01,0.26,0.1,18761
13330090,2021-10-01,0.26,0.2,6738
13330090,2021-10-01,0.26,0.3,2890
13330090,2021-10-01,0.26,0.4,2134
13330090,2021-10-01,0.26,0.5,1147
13330090,2021-10-01,0.26,0.6,835
13330090,2021-10-01,0.26,0.7,600
13330090,2021-10-01,0.26,0.8,384
13330090,2021-10-01,0.26,0.9,336
13330090,2021-10-01,0.26,1.0,647
13330090,2021-10-01,0.26,1.1,279
13330090,2021-10-01,0.26,1.2,255
13330090,2021-10-01,0.26,1.3,317
13330090,2021-10-01,0.26,1.4,638
13330090,2021-10-01,0.26,1.5,511
13330090,2021-10-01,0.26,1.6,204
13330090,2021-10-01,0.26,1.7,12
13330090,2021-10-01,0.26,1.8,5
13330090,2021-10-01,0.26,2.0,3
13330090,2021-10-01,0.28,-2.9,2
13330090,2021-10-01,0.28,-2.8,12
13330090,2021-10-01,0.28,-2.5,2
13330090,2021-10-01,0.28,-2.3,3
13330090,2021-10-01,0.28,-2.2,3
13330090,2021-10-01,0.28,-2.1,1
13330090,2021-10-01,0.28,-2.0,2
13330090,2021-10-01,0.28,-1.9,8
13330090,2021-10-01,0.28,-1.8,9
13330090,2021-10-01,0.28,-1.7,162
13330090,2021-10-01,0.28,-1.6,1680
13330090,2021-10-01,0.28,-1.5,108
13330090,2021-10-01,0.28,-1.4,163
13330090,2021-10-01,0.28,-1.3,87
13330090,2021-10-01,0.28,-1.2,143
13330090,2021-10-01,0.28,-1.1,160
13330090,2021-10-01,0.28,-1.0,281
13330090,2021-10-01,0.28,-0.9,577
13330090,2021-10-01,0.28,-0.8,618
13330090,2021-10-01,0.28,-0.7,793
13330090,2021-10-01,0.28,-0.6,1679
13330090,2021-10-01,0.28,-0.5,13382
13330090,2021-10-01,0.28,-0.4,6627
13330090,2021-10-01,0.28,-0.3,19545
13330090,2021-10-01,0.28,-0.2,31059
13330090,2021-10-01,0.28,-0.1,27962
13330090,2021-10-01,0.28,0.0,23793
13330090,2021-10-01,0.28,0.1,17839
13330090,2021-10-01,0.28,0.2,8333
13330090,2021-10-01,0.28,0.3,5135
13330090,2021-10-01,0.28,0.4,4400
13330090,2021-10-01,0.28,0.5,1886
13330090,2021-10-01,0.28,0.6,1287
13330090,2021-10-01,0.28,0.7,871
13330090,2021-10-01,0.28,0.8,441
13330090,2021-10-01,0.28,0.9,383
13330090,2021-10-01,0.28,1.0,305
13330090,2021-10-01,0.28,1.1,209
13330090,2021-10-01,0.28,1.2,215
13330090,2021-10-01,0.28,1.3,321
13330090,2021-10-01,0.28,1.4,361
13330090,2021-10-01,0.28,1.5,665
13330090,2021-10-01,0.28,1.6,439
13330090,2021-10-01,0.28,1.7,22
13330090,2021-10-01,0.28,1.8,5
13330090,2021-10-01,0.28,1.9,5
13330090,2021-10-01,0.28,2.0,4
13330090,2021-10-01,0.3,-2.8,1
13330090,2021-10-01,0.3,-2.7,2
13330090,2021-10-01,0.3,-2.6,1
13330090,2021-10-01,0.3,-2.3,1
13330090,2021-10-01,0.3,-2.2,2
13330090,2021-10-01,0.3,-2.1,6
13330090,2021-10-01,0.3,-2.0,1
13330090,2021-10-01,0.3,-1.9,4
13330090,2021-10-01,0.3,-1.8,3
13330090,2021-10-01,0.3,-1.7,69
13330090,2021-10-01,0.3,-1.6,412
13330090,2021-10-01,0.3,-1.5,402
13330090,2021-10-01,0.3,-1.4,111
13330090,2021-10-01,0.3,-1.3,147
13330090,2021-10-01,0.3,-1.2,129
13330090,2021-10-01,0.3,-1.1,176
13330090,2021-10-01,0.3,-1.0,1065
13330090,2021-10-01,0.3,-0.9,592
13330090,2021-10-01,0.3,-0.8,607
13330090,2021-10-01,0.3,-0.7,775
13330090,2021-10-01,0.3,-0.6,1637
13330090,2021-10-01,0.3,-0.5,4030
13330090,2021-10-01,0.3,-0.4,7394
13330090,2021-10-01,0.3,-0.3,20330
13330090,2021-10-01,0.3,-0.2,202998
13330090,2021-10-01,0.3,-0.1,29960
13330090,2021-10-01,0.3,0.0,52107
13330090,2021-10-01,0.3,0.1,25790
13330090,2021-10-01,0.3,0.2,35429
13330090,2021-10-01,0.3,0.3,5877
13330090,2021-10-01,0.3,0.4,5084
13330090,2021-10-01,0.3,0.5,3247
13330090,2021-10-01,0.3,0.6,1832
13330090,2021-10-01,0.3,0.7,1212
13330090,2021-10-01,0.3,0.8,667
13330090,2021-10-01,0.3,0.9,455
13330090,2021-10-01,0.3,1.0,354
13330090,2021-10-01,0.3,1.1,247
13330090,2021-10-01,0.3,1.2,271
13330090,2021-10-01,0.3,1.3,272
13330090,2021-10-01,0.3,1.4,336
13330090,2021-10-01,0.3,1.5,685
13330090,2021-10-01,0.3,1.6,1544
13330090,2021-10-01,0.3,1.7,55
13330090,2021-10-01,0.3,1.8,23
13330090,2021-10-01,0.3,1.9,3
13330090,2021-10-01,0.3,2.0,1
13330090,2021-10-01,0.3,2.1,1
13330090,2021-10-01,0.32,-2.6,2
13330090,2021-10-01,0.32,-2.5,1
13330090,2021-10-01,0.32,-2.4,1
13330090,2021-10-01,0.32,-2.3,4
13330090,2021-10-01,0.32,-2.0,5
13330090,2021-10-01,0.32,-1.9,2
13330090,2021-10-01,0.32,-1.8,3
13330090,2021-10-01,0.32,-1.7,15
13330090,2021-10-01,0.32,-1.6,712
13330090,2021-10-01,0.32,-1.5,206
13330090,2021-10-01,0.32,-1.4,227
13330090,2021-10-01,0.32,-1.3,186
13330090,2021-10-01,0.32,-1.2,137
13330090,2021-10-01,0.32,-1.1,165
13330090,2021-10-01,0.32,-1.0,1245
13330090,2021-10-01,0.32,-0.9,642
13330090,2021-10-01,0.32,-0.8,796
13330090,2021-10-01,0.32,-0.7,789
13330090,2021-10-01,0.32,-0.6,1173
13330090,2021-10-01,0.32,-0.5,4179
13330090,2021-10-01,0.32,-0.4,5393
13330090,2021-10-01,0.32,-0.3,10095
13330090,2021-10-01,0.32,-0.2,41474
13330090,2021-10-01,0.32,-0.1,36063
13330090,2021-10-01,0.32,0.0,53650
13330090,2021-10-01,0.32,0.1,23295
13330090,2021-10-01,0.32,0.2,12269
13330090,2021-10-01,0.32,0.3,7532
13330090,2021-10-01,0.32,0.4,5115
13330090,2021-10-01,0.32,0.5,3348
13330090,2021-10-01,0.32,0.6,2973
13330090,2021-10-01,0.32,0.7,1485
13330090,2021-10-01,0.32,0.8,796
13330090,2021-10-01,0.32,0.9,629
13330090,2021-10-01,0.32,1.0,471
13330090,2021-10-01,0.32,1.1,321
13330090,2021-10-01,0.32,1.2,255
13330090,2021-10-01,0.32,1.3,232
13330090,2021-10-01,0.32,1.4,386
13330090,2021-10-01,0.32,1.5,1544
13330090,2021-10-01,0.32,1.6,15345
13330090,2021-10-01,0.32,1.7,41
13330090,2021-10-01,0.32,1.8,12
13330090,2021-10-01,0.32,1.9,4
13330090,2021-10-01,0.32,2.1,1
13330090,2021-10-01,0.34,-2.4,1
13330090,2021-10-01,0.34,-2.3,1
13330090,2021-10-01,0.34,-2.0,3
13330090,2021-10-01,0.34,-1.8,4
13330090,2021-10-01,0.34,-1.7,8
13330090,2021-10-01,0.34,-1.6,256
13330090,2021-10-01,0.34,-1.5,121
13330090,2021-10-01,0.34,-1.4,156
13330090,2021-10-01,0.34,-1.3,151
13330090,2021-10-01,0.34,-1.2,189
13330090,2021-10-01,0.34,-1.1,297
13330090,2021-10-01,0.34,-1.0,596
13330090,2021-10-01,0.34,-0.9,902
13330090,2021-10-01,0.34,-0.8,786
13330090,2021-10-01,0.34,-0.7,833
13330090,2021-10-01,0.34,-0.6,1230
13330090,2021-10-01,0.34,-0.5,2170
13330090,2021-10-01,0.34,-0.4,4321
13330090,2021-10-01,0.34,-0.3,6053
13330090,2021-10-01,0.34,-0.2,20577
13330090,2021-10-01,0.34,-0.1,15660
13330090,2021-10-01,0.34,0.0,29836
13330090,2021-10-01,0.34,0.1,17045
13330090,2021-10-01,0.34,0.2,10952
13330090,2021-10-01,0.34,0.3,7010
13330090,2021-10-01,0.34,0.4,5142
13330090,2021-10-01,0.34,0.5,3692
13330090,2021-10-01,0.34,0.6,3077
13330090,2021-10-01,0.34,0.7,1825
13330090,2021-10-01,0.34,0.8,936
13330090,2021-10-01,0.34,0.9,699
13330090,2021-10-01,0.34,1.0,641
13330090,2021-10-01,0.34,1.1,390
13330090,2021-10-01,0.34,1.2,290
13330090,2021-10-01,0.34,1.3,220
13330090,2021-10-01,0.34,1.4,762
13330090,2021-10-01,0.34,1.5,1405
13330090,2021-10-01,0.34,1.6,205
13330090,2021-10-01,0.34,1.7,44
13330090,2021-10-01,0.34,1.8,46
13330090,2021-10-01,0.34,1.9,12
13330090,2021-10-01,0.34,2.0,2
13330090,2021-10-01,0.36,-2.6,1
13330090,2021-10-01,0.36,-2.5,1
13330090,2021-10-01,0.36,-2.4,2
13330090,2021-10-01,0.36,-2.3,1
13330090,2021-10-01,0.36,-2.2,1
13330090,2021-10-01,0.36,-2.0,1
13330090,2021-10-01,0.36,-1.8,3
13330090,2021-10-01,0.36,-1.7,6
13330090,2021-10-01,0.36,-1.6,874
13330090,2021-10-01,0.36,-1.5,172
13330090,2021-10-01,0.36,-1.4,79
13330090,2021-10-01,0.36,-1.3,157
13330090,2021-10-01,0.36,-1.2,394
13330090,2021-10-01,0.36,-1.1,235
13330090,2021-10-01,0.36,-1.0,407
13330090,2021-10-01,0.36,-0.9,491
13330090,2021-10-01,0.36,-0.8,797
13330090,2021-10-01,0.36,-0.7,651
13330090,2021-10-01,0.36,-0.6,1170
13330090,2021-10-01,0.36,-0.5,1825
13330090,2021-10-01,0.36,-0.4,3574
13330090,2021-10-01,0.36,-0.3,5683
13330090,2021-10-01,0.36,-0.2,7493
13330090,2021-10-01,0.36,-0.1,8788
13330090,2021-10-01,0.36,0.0,14873
13330090,2021-10-01,0.36,0.1,15734
13330090,2021-10-01,0.36,0.2,8791
13330090,2021-10-01,0.36,0.3,6566
13330090,2021-10-01,0.36,0.4,4660
13330090,2021-10-01,0.36,0.5,4335
13330090,2021-10-01,0.36,0.6,4547
13330090,2021-10-01,0.36,0.7,1989
13330090,2021-10-01,0.36,0.8,1269
13330090,2021-10-01,0.36,0.9,697
13330090,2021-10-01,0.36,1.0,623
13330090,2021-10-01,0.36,1.1,439
13330090,2021-10-01,0.36,1.2,402
13330090,2021-10-01,0.36,1.3,420
13330090,2021-10-01,0.36,1.4,1218
13330090,2021-10-01,0.36,1.5,384
13330090,2021-10-01,0.36,1.6,156
13330090,2021-10-01,0.36,1.7,15
13330090,2021-10-01,0.36,1.8,17
13330090,2021-10-01,0.36,1.9,5
13330090,2021-10-01,0.36,2.0,1
13330090,2021-10-01,0.38,-2.5,2
13330090,2021-10-01,0.38,-2.4,3
13330090,2021-10-01,0.38,-2.3,1
13330090,2021-10-01,0.38,-1.8,1
13330090,2021-10-01,0.38,-1.7,5
13330090,2021-10-01,0.38,-1.6,84
13330090,2021-10-01,0.38,-1.5,284
13330090,2021-10-01,0.38,-1.4,148
13330090,2021-10-01,0.38,-1.3,102
13330090,2021-10-01,0.38,-1.2,188
13330090,2021-10-01,0.38,-1.1,266
13330090,2021-10-01,0.38,-1.0,314
13330090,2021-10-01,0.38,-0.9,507
13330090,2021-10-01,0.38,-0.8,670
13330090,2021-10-01,0.38,-0.7,655
13330090,2021-10-01,0.38,-0.6,1319
13330090,2021-10-01,0.38,-0.5,2375
13330090,2021-10-01,0.38,-0.4,2477
13330090,2021-10-01,0.38,-0.3,3995
13330090,2021-10-01,0.38,-0.2,5404
13330090,2021-10-01,0.38,-0.1,6030
13330090,2021-10-01,0.38,0.0,12725
13330090,2021-10-01,0.38,0.1,10735
13330090,2021-10-01,0.38,0.2,7655
13330090,2021-10-01,0.38,0.3,5803
13330090,2021-10-01,0.38,0.4,5046
13330090,2021-10-01,0.38,0.5,3808
13330090,2021-10-01,0.38,0.6,5422
13330090,2021-10-01,0.38,0.7,2648
13330090,2021-10-01,0.38,0.8,1857
13330090,2021-10-01,0.38,0.9,659
13330090,2021-10-01,0.38,1.0,511
13330090,2021-10-01,0.38,1.1,419
13330090,2021-10-01,0.38,1.2,462
13330090,2021-10-01,0.38,1.3,691
13330090,2021-10-01,0.38,1.4,730
13330090,2021-10-01,0.38,1.5,134
13330090,2021-10-01,0.38,1.6,49
13330090,2021-10-01,0.38,1.7,18
13330090,2021-10-01,0.38,1.8,6
13330090,2021-10-01,0.38,1.9,5
13330090,2021-10-01,0.38,2.0,1
13330090,2021-10-01,0.4,-2.4,34
13330090,2021-10-01,0.4,-2.3,2
13330090,2021-10-01,0.4,-1.8,2
13330090,2021-10-01,0.4,-1.6,4
13330090,2021-10-01,0.4,-1.5,86
13330090,2021-10-01,0.4,-1.4,387
13330090,2021-10-01,0.4,-1.3,45
13330090,2021-10-01,0.4,-1.2,154
13330090,2021-10-01,0.4,-1.1,228
13330090,2021-10-01,0.4,-1.0,237
13330090,2021-10-01,0.4,-0.9,223
13330090,2021-10-01,0.4,-0.8,369
13330090,2021-10-01,0.4,-0.7,870
13330090,2021-10-01,0.4,-0.6,1325
13330090,2021-10-01,0.4,-0.5,1378
13330090,2021-10-01,0.4,-0.4,2162
13330090,2021-10-01,0.4,-0.3,2587
13330090,2021-10-01,0.4,-0.2,4131
13330090,2021-10-01,0.4,-0.1,6962
13330090,2021-10-01,0.4,0.0,13659
13330090,2021-10-01,0.4,0.1,11847
13330090,2021-10-01,0.4,0.2,5539
13330090,2021-10-01,0.4,0.3,8026
13330090,2021-10-01,0.4,0.4,3087
13330090,2021-10-01,0.4,0.5,3427
13330090,2021-10-01,0.4,0.6,3053
13330090,2021-10-01,0.4,0.7,3434
13330090,2021-10-01,0.4,0.8,1175
13330090,2021-10-01,0.4,0.9,705
13330090,2021-10-01,0.4,1.0,651
13330090,2021-10-01,0.4,1.1,422
13330090,2021-10-01,0.4,1.2,603
13330090,2021-10-01,0.4,1.3,504
13330090,2021-10-01,0.4,1.4,350
13330090,2021-10-01,0.4,1.5,74
13330090,2021-10-01,0.4,1.6,29
13330090,2021-10-01,0.4,1.7,15
13330090,2021-10-01,0.4,1.8,6
13330090,2021-10-01,0.4,1.9,3
13330090,2021-10-01,0.4,2.0,1
13330090,2021-10-01,0.42,-2.3,4
13330090,2021-10-01,0.42,-2.2,3
13330090,2021-10-01,0.42,-2.1,2
13330090,2021-10-01,0.42,-2.0,2
13330090,2021-10-01,0.42,-1.9,1
13330090,2021-10-01,0.42,-1.8,1
13330090,2021-10-01,0.42,-1.7,1
13330090,2021-10-01,0.42,-1.6,1
13330090,2021-10-01,0.42,-1.5,26
13330090,2021-10-01,0.42,-1.4,182
13330090,2021-10-01,0.42,-1.3,45
13330090,2021-10-01,0.42,-1.2,134
13330090,2021-10-01,0.42,-1.1,181
13330090,2021-10-01,0.42,-1.0,197
13330090,2021-10-01,0.42,-0.9,220
13330090,2021-10-01,0.42,-0.8,283
13330090,2021-10-01,0.42,-0.7,485
13330090,2021-10-01,0.42,-0.6,1324
13330090,2021-10-01,0.42,-0.5,1498
13330090,2021-10-01,0.42,-0.4,3023
13330090,2021-10-01,0.42,-0.3,2501
13330090,2021-10-01,0.42,-0.2,3286
13330090,2021-10-01,0.42,-0.1,7252
13330090,2021-10-01,0.42,0.0,7253
13330090,2021-10-01,0.42,0.1,5413
13330090,2021-10-01,0.42,0.2,4968
13330090,2021-10-01,0.42,0.3,4495
13330090,2021-10-01,0.42,0.4,2769
13330090,2021-10-01,0.42,0.5,2366
13330090,2021-10-01,0.42,0.6,62362
13330090,2021-10-01,0.42,0.7,3456
13330090,2021-10-01,0.42,0.8,966
13330090,2021-10-01,0.42,0.9,723
13330090,2021-10-01,0.42,1.0,669
13330090,2021-10-01,0.42,1.1,405
13330090,2021-10-01,0.42,1.2,495
13330090,2021-10-01,0.42,1.3,658
13330090,2021-10-01,0.42,1.4,263
13330090,2021-10-01,0.42,1.5,72
13330090,2021-10-01,0.42,1.6,22
13330090,2021-10-01,0.42,1.7,30
13330090,2021-10-01,0.42,1.8,4
13330090,2021-10-01,0.42,1.9,2
13330090,2021-10-01,0.42,2.0,2
13330090,2021-10-01,0.44,-2.2,3
13330090,2021-10-01,0.44,-2.1,2
13330090,2021-10-01,0.44,-2.0,6
13330090,2021-10-01,0.44,-1.9,1
13330090,2021-10-01,0.44,-1.6,2
13330090,2021-10-01,0.44,-1.5,4
13330090,2021-10-01,0.44,-1.4,13
13330090,2021-10-01,0.44,-1.3,30
13330090,2021-10-01,0.44,-1.2,441
13330090,2021-10-01,0.44,-1.1,111
13330090,2021-10-01,0.44,-1.0,168
13330090,2021-10-01,0.44,-0.9,335
13330090,2021-10-01,0.44,-0.8,269
13330090,2021-10-01,0.44,-0.7,450
13330090,2021-10-01,0.44,-0.6,1112
13330090,2021-10-01,0.44,-0.5,1217
13330090,2021-10-01,0.44,-0.4,1334
13330090,2021-10-01,0.44,-0.3,2084
13330090,2021-10-01,0.44,-0.2,2927
13330090,2021-10-01,0.44,-0.1,4416
13330090,2021-10-01,0.44,0.0,6880
13330090,2021-10-01,0.44,0.1,3698
13330090,2021-10-01,0.44,0.2,3849
13330090,2021-10-01,0.44,0.3,4167
13330090,2021-10-01,0.44,0.4,2513
13330090,2021-10-01,0.44,0.5,2154
13330090,2021-10-01,0.44,0.6,2949
13330090,2021-10-01,0.44,0.7,2929
13330090,2021-10-01,0.44,0.8,1024
13330090,2021-10-01,0.44,0.9,487
13330090,2021-10-01,0.44,1.0,749
13330090,2021-10-01,0.44,1.1,891
13330090,2021-10-01,0.44,1.2,479
13330090,2021-10-01,0.44,1.3,498
13330090,2021-10-01,0.44,1.4,384
13330090,2021-10-01,0.44,1.5,138
13330090,2021-10-01,0.44,1.6,30
13330090,2021-10-01,0.44,1.7,14
13330090,2021-10-01,0.44,1.8,7
13330090,2021-10-01,0.44,2.0,2
13330090,2021-10-01,0.46,-2.1,2
13330090,2021-10-01,0.46,-2.0,12
13330090,2021-10-01,0.46,-1.9,8
13330090,2021-10-01,0.46,-1.5,3
13330090,2021-10-01,0.46,-1.4,13
13330090,2021-10-01,0.46,-1.3,30
13330090,2021-10-01,0.46,-1.2,423
13330090,2021-10-01,0.46,-1.1,133
13330090,2021-10-01,0.46,-1.0,100
13330090,2021-10-01,0.46,-0.9,250
13330090,2021-10-01,0.46,-0.8,163
13330090,2021-10-01,0.46,-0.7,350
13330090,2021-10-01,0.46,-0.6,607
13330090,2021-10-01,0.46,-0.5,1081
13330090,2021-10-01,0.46,-0.4,1062
13330090,2021-10-01,0.46,-0.3,1368
13330090,2021-10-01,0.46,-0.2,1784
13330090,2021-10-01,0.46,-0.1,4354
13330090,2021-10-01,0.46,0.0,3728
13330090,2021-10-01,0.46,0.1,3174
13330090,2021-10-01,0.46,0.2,4462
13330090,2021-10-01,0.46,0.3,3641
13330090,2021-10-01,0.46,0.4,3101
13330090,2021-10-01,0.46,0.5,1835
13330090,2021-10-01,0.46,0.6,2049
13330090,2021-10-01,0.46,0.7,1500
13330090,2021-10-01,0.46,0.8,1498
13330090,2021-10-01,0.46,0.9,415
13330090,2021-10-01,0.46,1.0,2455
13330090,2021-10-01,0.46,1.1,718
13330090,2021-10-01,0.46,1.2,1159
13330090,2021-10-01,0.46,1.3,414
13330090,2021-10-01,0.46,1.4,1281
13330090,2021-10-01,0.46,1.5,145
13330090,2021-10-01,0.46,1.6,19
13330090,2021-10-01,0.46,1.7,8
13330090,2021-10-01,0.46,1.8,1
13330090,2021-10-01,0.48,-1.9,1
13330090,2021-10-01,0.48,-1.8,2
13330090,2021-10-01,0.48,-1.7,1
13330090,2021-10-01,0.48,-1.5,2
13330090,2021-10-01,0.48,-1.4,6
13330090,2021-10-01,0.48,-1.3,15
13330090,2021-10-01,0.48,-1.2,17
13330090,2021-10-01,0.48,-1.1,127
13330090,2021-10-01,0.48,-1.0,154
13330090,2021-10-01,0.48,-0.9,183
13330090,2021-10-01,0.48,-0.8,295
13330090,2021-10-01,0.48,-0.7,375
13330090,2021-10-01,0.48,-0.6,507
13330090,2021-10-01,0.48,-0.5,818
13330090,2021-10-01,0.48,-0.4,785
13330090,2021-10-01,0.48,-0.3,1260
13330090,2021-10-01,0.48,-0.2,1574
13330090,2021-10-01,0.48,-0.1,2281
13330090,2021-10-01,0.48,0.0,3852
13330090,2021-10-01,0.48,0.1,2991
13330090,2021-10-01,0.48,0.2,3617
13330090,2021-10-01,0.48,0.3,2956
13330090,2021-10-01,0.48,0.4,3070
13330090,2021-10-01,0.48,0.5,1550
13330090,2021-10-01,0.48,0.6,1713
13330090,2021-10-01,0.48,0.7,1343
13330090,2021-10-01,0.48,0.8,488
13330090,2021-10-01,0.48,0.9,376
13330090,2021-10-01,0.48,1.0,726
13330090,2021-10-01,0.48,1.1,576
13330090,2021-10-01,0.48,1.2,383
13330090,2021-10-01,0.48,1.3,390
13330090,2021-10-01,0.48,1.4,796
13330090,2021-10-01,0.48,1.5,83
13330090,2021-10-01,0.48,1.6,20
13330090,2021-10-01,0.48,1.7,2
13330090,2021-10-01,0.48,1.8,4
13330090,2021-10-01,0.48,1.9,1
13330090,2021-10-01,0.48,2.0,1
13330090,2021-10-01,0.5,-1.9,1
13330090,2021-10-01,0.5,-1.8,3
13330090,2021-10-01,0.5,-1.5,2
13330090,2021-10-01,0.5,-1.4,5
13330090,2021-10-01,0.5,-1.3,10
13330090,2021-10-01,0.5,-1.2,26
13330090,2021-10-01,0.5,-1.1,101
13330090,2021-10-01,0.5,-1.0,191
13330090,2021-10-01,0.5,-0.9,68
13330090,2021-10-01,0.5,-0.8,877
13330090,2021-10-01,0.5,-0.7,389
13330090,2021-10-01,0.5,-0.6,177
13330090,2021-10-01,0.5,-0.5,517
13330090,2021-10-01,0.5,-0.4,858
13330090,2021-10-01,0.5,-0.3,2008
13330090,2021-10-01,0.5,-0.2,1169
13330090,2021-10-01,0.5,-0.1,2374
13330090,2021-10-01,0.5,0.0,8308
13330090,2021-10-01,0.5,0.1,1465
13330090,2021-10-01,0.5,0.2,2545
13330090,2021-10-01,0.5,0.3,1826
13330090,2021-10-01,0.5,0.4,1267
13330090,2021-10-01,0.5,0.5,1229
13330090,2021-10-01,0.5,0.6,1680
13330090,2021-10-01,0.5,0.7,1113
13330090,2021-10-01,0.5,0.8,432
13330090,2021-10-01,0.5,0.9,383
13330090,2021-10-01,0.5,1.0,407
13330090,2021-10-01,0.5,1.1,560
13330090,2021-10-01,0.5,1.2,419
13330090,2021-10-01,0.5,1.3,465
13330090,2021-10-01,0.5,1.4,158
13330090,2021-10-01,0.5,1.5,72
13330090,2021-10-01,0.5,1.6,19
13330090,2021-10-01,0.5,1.7,12
13330090,2021-10-01,0.5,1.8,1
13330090,2021-10-01,0.5,1.9,1
13330090,2021-10-01,0.5,2.0,1
13330090,2021-10-01,0.52,-1.7,1
13330090,2021-10-01,0.52,-1.4,11
13330090,2021-10-01,0.52,-1.3,9
13330090,2021-10-01,0.52,-1.2,29
13330090,2021-10-01,0.52,-1.1,99
13330090,2021-10-01,0.52,-1.0,111
13330090,2021-10-01,0.52,-0.9,99
13330090,2021-10-01,0.52,-0.8,111
13330090,2021-10-01,0.52,-0.7,226
13330090,2021-10-01,0.52,-0.6,102
13330090,2021-10-01,0.52,-0.5,338
13330090,2021-10-01,0.52,-0.4,1594
13330090,2021-10-01,0.52,-0.3,829
13330090,2021-10-01,0.52,-0.2,1349
13330090,2021-10-01,0.52,-0.1,1878
13330090,2021-10-01,0.52,0.0,2040
13330090,2021-10-01,0.52,0.1,1691
13330090,2021-10-01,0.52,0.2,2877
13330090,2021-10-01,0.52,0.3,2060
13330090,2021-10-01,0.52,0.4,1264
13330090,2021-10-01,0.52,0.5,1150
13330090,2021-10-01,0.52,0.6,1463
13330090,2021-10-01,0.52,0.7,1178
13330090,2021-10-01,0.52,0.8,419
13330090,2021-10-01,0.52,0.9,479
13330090,2021-10-01,0.52,1.0,258
13330090,2021-10-01,0.52,1.1,520
13330090,2021-10-01,0.52,1.2,536
13330090,2021-10-01,0.52,1.3,211
13330090,2021-10-01,0.52,1.4,130
13330090,2021-10-01,0.52,1.5,93
13330090,2021-10-01,0.52,1.6,29
13330090,2021-10-01,0.52,1.7,8
13330090,2021-10-01,0.52,1.8,3
13330090,2021-10-01,0.52,1.9,2
13330090,2021-10-01,0.52,2.0,1
13330090,2021-10-01,0.54,-1.6,1
13330090,2021-10-01,0.54,-1.5,2
13330090,2021-10-01,0.54,-1.4,11
13330090,2021-10-01,0.54,-1.3,10
13330090,2021-10-01,0.54,-1.2,7
13330090,2021-10-01,0.54,-1.1,575
13330090,2021-10-01,0.54,-1.0,51
13330090,2021-10-01,0.54,-0.9,125
13330090,2021-10-01,0.54,-0.8,129
13330090,2021-10-01,0.54,-0.7,108
13330090,2021-10-01,0.54,-0.6,67
13330090,2021-10-01,0.54,-0.5,160
13330090,2021-10-01,0.54,-0.4,1529
13330090,2021-10-01,0.54,-0.3,985
13330090,2021-10-01,0.54,-0.2,1160
13330090,2021-10-01,0.54,-0.1,817
13330090,2021-10-01,0.54,0.0,1012
13330090,2021-10-01,0.54,0.1,1339
13330090,2021-10-01,0.54,0.2,1966
13330090,2021-10-01,0.54,0.3,991
13330090,2021-10-01,0.54,0.4,872
13330090,2021-10-01,0.54,0.5,781
13330090,2021-10-01,0.54,0.6,1099
13330090,2021-10-01,0.54,0.7,977
13330090,2021-10-01,0.54,0.8,422
13330090,2021-10-01,0.54,0.9,240
13330090,2021-10-01,0.54,1.0,256
13330090,2021-10-01,0.54,1.1,541
13330090,2021-10-01,0.54,1.2,1097
13330090,2021-10-01,0.54,1.3,115
13330090,2021-10-01,0.54,1.4,184
13330090,2021-10-01,0.54,1.5,476
13330090,2021-10-01,0.54,1.6,25
13330090,2021-10-01,0.54,1.7,5
13330090,2021-10-01,0.54,1.8,4
13330090,2021-10-01,0.56,-1.6,1
13330090,2021-10-01,0.56,-1.5,1
13330090,2021-10-01,0.56,-1.4,5
13330090,2021-10-01,0.56,-1.3,14
13330090,2021-10-01,0.56,-1.2,8
13330090,2021-10-01,0.56,-1.1,20
13330090,2021-10-01,0.56,-1.0,61
13330090,2021-10-01,0.56,-0.9,26
13330090,2021-10-01,0.56,-0.8,172
13330090,2021-10-01,0.56,-0.7,88
13330090,2021-10-01,0.56,-0.6,54
13330090,2021-10-01,0.56,-0.5,102
13330090,2021-10-01,0.56,-0.4,243
13330090,2021-10-01,0.56,-0.3,399
13330090,2021-10-01,0.56,-0.2,581
13330090,2021-10-01,0.56,-0.1,814
13330090,2021-10-01,0.56,0.0,880
13330090,2021-10-01,0.56,0.1,833
13330090,2021-10-01,0.56,0.2,1474
13330090,2021-10-01,0.56,0.3,748
13330090,2021-10-01,0.56,0.4,657
13330090,2021-10-01,0.56,0.5,587
13330090,2021-10-01,0.56,0.6,933
13330090,2021-10-01,0.56,0.7,1075
13330090,2021-10-01,0.56,0.8,567
13330090,2021-10-01,0.56,0.9,239
13330090,2021-10-01,0.56,1.0,195
13330090,2021-10-01,0.56,1.1,915
13330090,2021-10-01,0.56,1.2,319
13330090,2021-10-01,0.56,1.3,87
13330090,2021-10-01,0.56,1.4,658
13330090,2021-10-01,0.56,1.5,240
13330090,2021-10-01,0.56,1.6,15
13330090,2021-10-01,0.56,1.7,4
13330090,2021-10-01,0.56,1.8,3
13330090,2021-10-01,0.56,1.9,1
13330090,2021-10-01,0.56,2.0,1
13330090,2021-10-01,0.58,-1.6,1
13330090,2021-10-01,0.58,-1.4,3
13330090,2021-10-01,0.58,-1.3,90
13330090,2021-10-01,0.58,-1.2,14
13330090,2021-10-01,0.58,-1.1,2
13330090,2021-10-01,0.58,-1.0,71
13330090,2021-10-01,0.58,-0.9,11
13330090,2021-10-01,0.58,-0.8,359
13330090,2021-10-01,0.58,-0.7,119
13330090,2021-10-01,0.58,-0.6,42
13330090,2021-10-01,0.58,-0.5,74
13330090,2021-10-01,0.58,-0.4,280
13330090,2021-10-01,0.58,-0.3,416
13330090,2021-10-01,0.58,-0.2,283
13330090,2021-10-01,0.58,-0.1,1232
13330090,2021-10-01,0.58,0.0,696
13330090,2021-10-01,0.58,0.1,537
13330090,2021-10-01,0.58,0.2,2103
13330090,2021-10-01,0.58,0.3,758
13330090,2021-10-01,0.58,0.4,666
13330090,2021-10-01,0.58,0.5,472
13330090,2021-10-01,0.58,0.6,822
13330090,2021-10-01,0.58,0.7,852
13330090,2021-10-01,0.58,0.8,368
13330090,2021-10-01,0.58,0.9,166
13330090,2021-10-01,0.58,1.0,430
13330090,2021-10-01,0.58,1.1,2371
13330090,2021-10-01,0.58,1.2,302
13330090,2021-10-01,0.58,1.3,98
13330090,2021-10-01,0.58,1.4,69
13330090,2021-10-01,0.58,1.5,20
13330090,2021-10-01,0.58,1.6,13
13330090,2021-10-01,0.58,1.7,2
13330090,2021-10-01,0.58,1.8,18
13330090,2021-10-01,0.58,1.9,8
13330090,2021-10-01,0.58,2.0,1
13330090,2021-10-01,0.6,-1.9,2
13330090,2021-10-01,0.6,-1.5,2
13330090,2021-10-01,0.6,-1.4,2
13330090,2021-10-01,0.6,-1.3,12
13330090,2021-10-01,0.6,-1.2,8
13330090,2021-10-01,0.6,-1.1,6
13330090,2021-10-01,0.6,-1.0,12
13330090,2021-10-01,0.6,-0.9,21
13330090,2021-10-01,0.6,-0.8,197
13330090,2021-10-01,0.6,-0.7,366
13330090,2021-10-01,0.6,-0.6,137
13330090,2021-10-01,0.6,-0.5,49
13330090,2021-10-01,0.6,-0.4,136
13330090,2021-10-01,0.6,-0.3,512
13330090,2021-10-01,0.6,-0.2,365
13330090,2021-10-01,0.6,-0.1,797
13330090,2021-10-01,0.6,0.0,783
13330090,2021-10-01,0.6,0.1,470
13330090,2021-10-01,0.6,0.2,466
13330090,2021-10-01,0.6,0.3,842
13330090,2021-10-01,0.6,0.4,653
13330090,2021-10-01,0.6,0.5,414
13330090,2021-10-01,0.6,0.6,655
13330090,2021-10-01,0.6,0.7,1086
13330090,2021-10-01,0.6,0.8,335
13330090,2021-10-01,0.6,0.9,163
13330090,2021-10-01,0.6,1.0,344
13330090,2021-10-01,0.6,1.1,287
13330090,2021-10-01,0.6,1.2,526
13330090,2021-10-01,0.6,1.3,100
13330090,2021-10-01,0.6,1.4,53
13330090,2021-10-01,0.6,1.5,6
13330090,2021-10-01,0.6,1.6,12
13330090,2021-10-01,0.6,1.7,13
13330090,2021-10-01,0.6,1.8,7
13330090,2021-10-01,0.6,1.9,1
13330090,2021-10-01,0.62,-1.6,2
13330090,2021-10-01,0.62,-1.4,1
13330090,2021-10-01,0.62,-1.3,3
13330090,2021-10-01,0.62,-1.2,4
13330090,2021-10-01,0.62,-1.1,7
13330090,2021-10-01,0.62,-1.0,9
13330090,2021-10-01,0.62,-0.9,16
13330090,2021-10-01,0.62,-0.8,14
13330090,2021-10-01,0.62,-0.7,69
13330090,2021-10-01,0.62,-0.6,27
13330090,2021-10-01,0.62,-0.5,26
13330090,2021-10-01,0.62,-0.4,64
13330090,2021-10-01,0.62,-0.3,194
13330090,2021-10-01,0.62,-0.2,231
13330090,2021-10-01,0.62,-0.1,388
13330090,2021-10-01,0.62,0.0,732
13330090,2021-10-01,0.62,0.1,706
13330090,2021-10-01,0.62,0.2,320
13330090,2021-10-01,0.62,0.3,461
13330090,2021-10-01,0.62,0.4,682
13330090,2021-10-01,0.62,0.5,489
13330090,2021-10-01,0.62,0.6,733
13330090,2021-10-01,0.62,0.7,1601
13330090,2021-10-01,0.62,0.8,296
13330090,2021-10-01,0.62,0.9,166
13330090,2021-10-01,0.62,1.0,127
13330090,2021-10-01,0.62,1.1,130
13330090,2021-10-01,0.62,1.2,126
13330090,2021-10-01,0.62,1.3,94
13330090,2021-10-01,0.62,1.4,37
13330090,2021-10-01,0.62,1.5,9
13330090,2021-10-01,0.62,1.6,8
13330090,2021-10-01,0.62,1.7,8
13330090,2021-10-01,0.62,1.8,2
13330090,2021-10-01,0.64,-1.3,5
13330090,2021-10-01,0.64,-1.2,13
13330090,2021-10-01,0.64,-1.1,13
13330090,2021-10-01,0.64,-1.0,11
13330090,2021-10-01,0.64,-0.9,3
13330090,2021-10-01,0.64,-0.8,9
13330090,2021-10-01,0.64,-0.7,11
13330090,2021-10-01,0.64,-0.6,11
13330090,2021-10-01,0.64,-0.5,90
13330090,2021-10-01,0.64,-0.4,73
13330090,2021-10-01,0.64,-0.3,92
13330090,2021-10-01,0.64,-0.2,263
13330090,2021-10-01,0.64,-0.1,323
13330090,2021-10-01,0.64,0.0,1379
13330090,2021-10-01,0.64,0.1,332
13330090,2021-10-01,0.64,0.2,241
13330090,2021-10-01,0.64,0.3,365
13330090,2021-10-01,0.64,0.4,679
13330090,2021-10-01,0.64,0.5,620
13330090,2021-10-01,0.64,0.6,358
13330090,2021-10-01,0.64,0.7,787
13330090,2021-10-01,0.64,0.8,301
13330090,2021-10-01,0.64,0.9,273
13330090,2021-10-01,0.64,1.0,87
13330090,2021-10-01,0.64,1.1,87
13330090,2021-10-01,0.64,1.2,152
13330090,2021-10-01,0.64,1.3,129
13330090,2021-10-01,0.64,1.4,31
13330090,2021-10-01,0.64,1.5,11
13330090,2021-10-01,0.64,1.6,40
13330090,2021-10-01,0.64,1.7,4
13330090,2021-10-01,0.64,1.8,1
13330090,2021-10-01,0.66,-1.3,4
13330090,2021-10-01,0.66,-1.2,5
13330090,2021-10-01,0.66,-1.1,2
13330090,2021-10-01,0.66,-1.0,1
13330090,2021-10-01,0.66,-0.9,4
13330090,2021-10-01,0.66,-0.8,10
13330090,2021-10-01,0.66,-0.7,14
13330090,2021-10-01,0.66,-0.6,8
13330090,2021-10-01,0.66,-0.5,30
13330090,2021-10-01,0.66,-0.4,42
13330090,2021-10-01,0.66,-0.3,108
13330090,2021-10-01,0.66,-0.2,214
13330090,2021-10-01,0.66,-0.1,392
13330090,2021-10-01,0.66,0.0,455
13330090,2021-10-01,0.66,0.1,472
13330090,2021-10-01,0.66,0.2,407
13330090,2021-10-01,0.66,0.3,239
13330090,2021-10-01,0.66,0.4,553
13330090,2021-10-01,0.66,0.5,231
13330090,2021-10-01,0.66,0.6,613
13330090,2021-10-01,0.66,0.7,1657
13330090,2021-10-01,0.66,0.8,207
13330090,2021-10-01,0.66,0.9,119
13330090,2021-10-01,0.66,1.0,62
13330090,2021-10-01,0.66,1.1,65
13330090,2021-10-01,0.66,1.2,350
13330090,2021-10-01,0.66,1.3,147
13330090,2021-10-01,0.66,1.4,33
13330090,2021-10-01,0.66,1.5,14
13330090,2021-10-01,0.66,1.6,29
13330090,2021-10-01,0.66,1.7,3
13330090,2021-10-01,0.68,-1.3,11
13330090,2021-10-01,0.68,-1.2,6
13330090,2021-10-01,0.68,-1.1,1
13330090,2021-10-01,0.68,-0.9,3
13330090,2021-10-01,0.68,-0.8,6
13330090,2021-10-01,0.68,-0.7,4
13330090,2021-10-01,0.68,-0.6,15
13330090,2021-10-01,0.68,-0.5,31
13330090,2021-10-01,0.68,-0.4,54
13330090,2021-10-01,0.68,-0.3,90
13330090,2021-10-01,0.68,-0.2,340
13330090,2021-10-01,0.68,-0.1,869
13330090,2021-10-01,0.68,0.0,2440
13330090,2021-10-01,0.68,0.1,303
13330090,2021-10-01,0.68,0.2,207
13330090,2021-10-01,0.68,0.3,199
13330090,2021-10-01,0.68,0.4,155
13330090,2021-10-01,0.68,0.5,178
13330090,2021-10-01,0.68,0.6,410
13330090,2021-10-01,0.68,0.7,1973
13330090,2021-10-01,0.68,0.8,138
13330090,2021-10-01,0.68,0.9,136
13330090,2021-10-01,0.68,1.0,43
13330090,2021-10-01,0.68,1.1,52
13330090,2021-10-01,0.68,1.2,104
13330090,2021-10-01,0.68,1.3,102
13330090,2021-10-01,0.68,1.4,62
13330090,2021-10-01,0.68,1.5,15
13330090,2021-10-01,0.68,1.6,1
13330090,2021-10-01,0.68,1.7,5
13330090,2021-10-01,0.7,-1.4,1
13330090,2021-10-01,0.7,-1.3,13
13330090,2021-10-01,0.7,-1.2,19
13330090,2021-10-01,0.7,-1.0,3
13330090,2021-10-01,0.7,-0.8,8
13330090,2021-10-01,0.7,-0.7,2
13330090,2021-10-01,0.7,-0.6,10
13330090,2021-10-01,0.7,-0.5,68
13330090,2021-10-01,0.7,-0.4,81
13330090,2021-10-01,0.7,-0.3,80
13330090,2021-10-01,0.7,-0.2,208
13330090,2021-10-01,0.7,-0.1,270
13330090,2021-10-01,0.7,0.0,536
13330090,2021-10-01,0.7,0.1,232
13330090,2021-10-01,0.7,0.2,111
13330090,2021-10-01,0.7,0.3,228
13330090,2021-10-01,0.7,0.4,100
13330090,2021-10-01,0.7,0.5,147
13330090,2021-10-01,0.7,0.6,299
13330090,2021-10-01,0.7,0.7,379
13330090,2021-10-01,0.7,0.8,108
13330090,2021-10-01,0.7,0.9,146
13330090,2021-10-01,0.7,1.0,37
13330090,2021-10-01,0.7,1.1,32
13330090,2021-10-01,0.7,1.2,50
13330090,2021-10-01,0.7,1.3,147
13330090,2021-10-01,0.7,1.4,113
13330090,2021-10-01,0.7,1.5,2
13330090,2021-10-01,0.7,1.6,6
13330090,2021-10-01,0.72,-1.3,18
13330090,2021-10-01,0.72,-1.2,74
13330090,2021-10-01,0.72,-1.1,1
13330090,2021-10-01,0.72,-0.9,3
13330090,2021-10-01,0.72,-0.8,26
13330090,2021-10-01,0.72,-0.7,3
13330090,2021-10-01,0.72,-0.6,19
13330090,2021-10-01,0.72,-0.5,35
13330090,2021-10-01,0.72,-0.4,177
13330090,2021-10-01,0.72,-0.3,81
13330090,2021-10-01,0.72,-0.2,435
13330090,2021-10-01,0.72,-0.1,564
13330090,2021-10-01,0.72,0.0,720
13330090,2021-10-01,0.72,0.1,105
13330090,2021-10-01,0.72,0.2,127
13330090,2021-10-01,0.72,0.3,177
13330090,2021-10-01,0.72,0.4,82
13330090,2021-10-01,0.72,0.5,77
13330090,2021-10-01,0.72,0.6,173
13330090,2021-10-01,0.72,0.7,349
13330090,2021-10-01,0.72,0.8,88
13330090,2021-10-01,0.72,0.9,154
13330090,2021-10-01,0.72,1.0,44
13330090,2021-10-01,0.72,1.1,26
13330090,2021-10-01,0.72,1.2,54
13330090,2021-10-01,0.72,1.3,461
13330090,2021-10-01,0.72,1.4,50
13330090,2021-10-01,0.72,1.5,6
13330090,2021-10-01,0.74,-1.2,2
13330090,2021-10-01,0.74,-1.1,1
13330090,2021-10-01,0.74,-0.8,1
13330090,2021-10-01,0.74,-0.7,2
13330090,2021-10-01,0.74,-0.6,4
13330090,2021-10-01,0.74,-0.5,8
13330090,2021-10-01,0.74,-0.4,100
13330090,2021-10-01,0.74,-0.3,100
13330090,2021-10-01,0.74,-0.2,103
13330090,2021-10-01,0.74,-0.1,248
13330090,2021-10-01,0.74,0.0,130
13330090,2021-10-01,0.74,0.1,107
13330090,2021-10-01,0.74,0.2,106
13330090,2021-10-01,0.74,0.3,195
13330090,2021-10-01,0.74,0.4,139
13330090,2021-10-01,0.74,0.5,60
13330090,2021-10-01,0.74,0.6,75
13330090,2021-10-01,0.74,0.7,47
13330090,2021-10-01,0.74,0.8,111
13330090,2021-10-01,0.74,0.9,147
13330090,2021-10-01,0.74,1.0,49
13330090,2021-10-01,0.74,1.1,26
13330090,2021-10-01,0.74,1.2,70
13330090,2021-10-01,0.74,1.3,328
13330090,2021-10-01,0.74,1.4,18
13330090,2021-10-01,0.76,-1.1,1
13330090,2021-10-01,0.76,-0.9,1
13330090,2021-10-01,0.76,-0.7,1
13330090,2021-10-01,0.76,-0.6,1
13330090,2021-10-01,0.76,-0.5,6
13330090,2021-10-01,0.76,-0.4,19
13330090,2021-10-01,0.76,-0.3,104
13330090,2021-10-01,0.76,-0.2,87
13330090,2021-10-01,0.76,-0.1,261
13330090,2021-10-01,0.76,0.0,118
13330090,2021-10-01,0.76,0.1,94
13330090,2021-10-01,0.76,0.2,155
13330090,2021-10-01,0.76,0.3,172
13330090,2021-10-01,0.76,0.4,99
13330090,2021-10-01,0.76,0.5,68
13330090,2021-10-01,0.76,0.6,59
13330090,2021-10-01,0.76,0.7,45
13330090,2021-10-01,0.76,0.8,180
13330090,2021-10-01,0.76,0.9,236
13330090,2021-10-01,0.76,1.0,59
13330090,2021-10-01,0.76,1.1,20
13330090,2021-10-01,0.76,1.2,228
13330090,2021-10-01,0.76,1.3,557
13330090,2021-10-01,0.76,1.4,7
13330090,2021-10-01,0.78,-0.8,1
13330090,2021-10-01,0.78,-0.6,4
13330090,2021-10-01,0.78,-0.5,10
13330090,2021-10-01,0.78,-0.4,20
13330090,2021-10-01,0.78,-0.3,80
13330090,2021-10-01,0.78,-0.2,86
13330090,2021-10-01,0.78,-0.1,149
13330090,2021-10-01,0.78,0.0,182
13330090,2021-10-01,0.78,0.1,106
13330090,2021-10-01,0.78,0.2,78
13330090,2021-10-01,0.78,0.3,141
13330090,2021-10-01,0.78,0.4,83
13330090,2021-10-01,0.78,0.5,43
13330090,2021-10-01,0.78,0.6,46
13330090,2021-10-01,0.78,0.7,33
13330090,2021-10-01,0.78,0.8,95
13330090,2021-10-01,0.78,0.9,276
13330090,2021-10-01,0.78,1.0,43
13330090,2021-10-01,0.78,1.1,16
13330090,2021-10-01,0.78,1.2,9
13330090,2021-10-01,0.78,1.3,9
13330090,2021-10-01,0.8,-0.8,1
13330090,2021-10-01,0.8,-0.7,1
13330090,2021-10-01,0.8,-0.6,3
13330090,2021-10-01,0.8,-0.5,11
13330090,2021-10-01,0.8,-0.4,16
13330090,2021-10-01,0.8,-0.3,44
13330090,2021-10-01,0.8,-0.2,52
13330090,2021-10-01,0.8,-0.1,115
13330090,2021-10-01,0.8,0.0,114
13330090,2021-10-01,0.8,0.1,92
13330090,2021-10-01,0.8,0.2,241
13330090,2021-10-01,0.8,0.3,191
13330090,2021-10-01,0.8,0.4,133
13330090,2021-10-01,0.8,0.5,45
13330090,2021-10-01,0.8,0.6,41
13330090,2021-10-01,0.8,0.7,24
13330090,2021-10-01,0.8,0.8,50
13330090,2021-10-01,0.8,0.9,247
13330090,2021-10-01,0.8,1.0,61
13330090,2021-10-01,0.8,1.1,5
13330090,2021-10-01,0.8,1.2,12
13330090,2021-10-01,0.8,1.5,1
13330090,2021-10-01,0.82,-0.5,47
13330090,2021-10-01,0.82,-0.4,13
13330090,2021-10-01,0.82,-0.3,96
13330090,2021-10-01,0.82,-0.2,71
13330090,2021-10-01,0.82,-0.1,105
13330090,2021-10-01,0.82,0.0,103
13330090,2021-10-01,0.82,0.1,81
13330090,2021-10-01,0.82,0.2,107
13330090,2021-10-01,0.82,0.3,399
13330090,2021-10-01,0.82,0.4,263
13330090,2021-10-01,0.82,0.5,36
13330090,2021-10-01,0.82,0.6,41
13330090,2021-10-01,0.82,0.7,31
13330090,2021-10-01,0.82,0.8,122
13330090,2021-10-01,0.82,0.9,226
13330090,2021-10-01,0.82,1.0,88
13330090,2021-10-01,0.82,1.1,4
13330090,2021-10-01,0.82,1.2,7
13330090,2021-10-01,0.82,1.3,1
13330090,2021-10-01,0.84,-0.8,1
13330090,2021-10-01,0.84,-0.6,2
13330090,2021-10-01,0.84,-0.5,20
13330090,2021-10-01,0.84,-0.4,18
13330090,2021-10-01,0.84,-0.3,174
13330090,2021-10-01,0.84,-0.2,57
13330090,2021-10-01,0.84,-0.1,112
13330090,2021-10-01,0.84,0.0,133
13330090,2021-10-01,0.84,0.1,72
13330090,2021-10-01,0.84,0.2,71
13330090,2021-10-01,0.84,0.3,573
13330090,2021-10-01,0.84,0.4,261
13330090,2021-10-01,0.84,0.5,36
13330090,2021-10-01,0.84,0.6,27
13330090,2021-10-01,0.84,0.7,35
13330090,2021-10-01,0.84,0.8,75
13330090,2021-10-01,0.84,0.9,480
13330090,2021-10-01,0.84,1.0,59
13330090,2021-10-01,0.84,1.1,17
13330090,2021-10-01,0.84,1.2,16
13330090,2021-10-01,0.86,-0.7,1
13330090,2021-10-01,0.86,-0.6,3
13330090,2021-10-01,0.86,-0.5,8
13330090,2021-10-01,0.86,-0.4,14
13330090,2021-10-01,0.86,-0.3,113
13330090,2021-10-01,0.86,-0.2,54
13330090,2021-10-01,0.86,-0.1,134
13330090,2021-10-01,0.86,0.0,97
13330090,2021-10-01,0.86,0.1,50
13330090,2021-10-01,0.86,0.2,50
13330090,2021-10-01,0.86,0.3,296
13330090,2021-10-01,0.86,0.4,98
13330090,2021-10-01,0.86,0.5,43
13330090,2021-10-01,0.86,0.6,34
13330090,2021-10-01,0.86,0.7,51
13330090,2021-10-01,0.86,0.8,27
13330090,2021-10-01,0.86,0.9,465
13330090,2021-10-01,0.86,1.0,57
13330090,2021-10-01,0.86,1.1,5
13330090,2021-10-01,0.86,1.2,2
13330090,2021-10-01,0.88,-1.1,1
13330090,2021-10-01,0.88,-1.0,1
13330090,2021-10-01,0.88,-0.9,2
13330090,2021-10-01,0.88,-0.6,1
13330090,2021-10-01,0.88,-0.5,10
13330090,2021-10-01,0.88,-0.4,6
13330090,2021-10-01,0.88,-0.3,140
13330090,2021-10-01,0.88,-0.2,60
13330090,2021-10-01,0.88,-0.1,170
13330090,2021-10-01,0.88,0.0,91
13330090,2021-10-01,0.88,0.1,54
13330090,2021-10-01,0.88,0.2,65
13330090,2021-10-01,0.88,0.3,300
13330090,2021-10-01,0.88,0.4,89
13330090,2021-10-01,0.88,0.5,42
13330090,2021-10-01,0.88,0.6,29
13330090,2021-10-01,0.88,0.7,10
13330090,2021-10-01,0.88,0.8,55
13330090,2021-10-01,0.88,0.9,675
13330090,2021-10-01,0.88,1.0,77
13330090,2021-10-01,0.88,1.1,3
13330090,2021-10-01,0.88,1.2,1
13330090,2021-10-01,0.9,-0.7,1
13330090,2021-10-01,0.9,-0.6,2
13330090,2021-10-01,0.9,-0.5,1
13330090,2021-10-01,0.9,-0.4,11
13330090,2021-10-01,0.9,-0.3,25
13330090,2021-10-01,0.9,-0.2,62
13330090,2021-10-01,0.9,-0.1,227
13330090,2021-10-01,0.9,0.0,89
13330090,2021-10-01,0.9,0.1,50
13330090,2021-10-01,0.9,0.2,69
13330090,2021-10-01,0.9,0.3,32
13330090,2021-10-01,0.9,0.4,62
13330090,2021-10-01,0.9,0.5,33
13330090,2021-10-01,0.9,0.6,32
13330090,2021-10-01,0.9,0.7,12
13330090,2021-10-01,0.9,0.8,13
13330090,2021-10-01,0.9,0.9,674
13330090,2021-10-01,0.9,1.0,23
13330090,2021-10-01,0.9,1.1,16
13330090,2021-10-01,0.92,-0.9,1
13330090,2021-10-01,0.92,-0.5,7
13330090,2021-10-01,0.92,-0.4,7
13330090,2021-10-01,0.92,-0.3,38
13330090,2021-10-01,0.92,-0.2,74
13330090,2021-10-01,0.92,-0.1,120
13330090,2021-10-01,0.92,0.0,274
13330090,2021-10-01,0.92,0.1,62
13330090,2021-10-01,0.92,0.2,65
13330090,2021-10-01,0.92,0.3,62
13330090,2021-10-01,0.92,0.4,123
13330090,2021-10-01,0.92,0.5,89
13330090,2021-10-01,0.92,0.6,22
13330090,2021-10-01,0.92,0.7,19
13330090,2021-10-01,0.92,0.8,14
13330090,2021-10-01,0.92,0.9,124
13330090,2021-10-01,0.92,1.0,6
13330090,2021-10-01,0.92,1.1,4
13330090,2021-10-01,0.94,-0.7,1
13330090,2021-10-01,0.94,-0.6,1
13330090,2021-10-01,0.94,-0.5,2
13330090,2021-10-01,0.94,-0.4,13
13330090,2021-10-01,0.94,-0.3,16
13330090,2021-10-01,0.94,-0.2,73
13330090,2021-10-01,0.94,-0.1,69
13330090,2021-10-01,0.94,0.0,60
13330090,2021-10-01,0.94,0.1,58
13330090,2021-10-01,0.94,0.2,75
13330090,2021-10-01,0.94,0.3,21
13330090,2021-10-01,0.94,0.4,95
13330090,2021-10-01,0.94,0.5,29
13330090,2021-10-01,0.94,0.6,20
13330090,2021-10-01,0.94,0.7,13
13330090,2021-10-01,0.94,0.8,17
13330090,2021-10-01,0.94,0.9,16
13330090,2021-10-01,0.94,1.0,4
13330090,2021-10-01,0.96,-0.6,1
13330090,2021-10-01,0.96,-0.5,1
13330090,2021-10-01,0.96,-0.4,2
13330090,2021-10-01,0.96,-0.3,24
13330090,2021-10-01,0.96,-0.2,43
13330090,2021-10-01,0.96,-0.1,82
13330090,2021-10-01,0.96,0.0,98
13330090,2021-10-01,0.96,0.1,44
13330090,2021-10-01,0.96,0.2,221
13330090,2021-10-01,0.96,0.3,18
13330090,2021-10-01,0.96,0.4,21
13330090,2021-10-01,0.96,0.5,42
13330090,2021-10-01,0.96,0.6,18
13330090,2021-10-01,0.96,0.7,9
13330090,2021-10-01,0.96,0.8,6
13330090,2021-10-01,0.96,0.9,13
13330090,2021-10-01,0.96,1.0,6
13330090,2021-10-01,0.96,1.1,1
13330090,2021-10-01,0.98,-0.5,2
13330090,2021-10-01,0.98,-0.4,7
13330090,2021-10-01,0.98,-0.3,19
13330090,2021-10-01,0.98,-0.2,32
13330090,2021-10-01,0.98,-0.1,98
13330090,2021-10-01,0.98,0.0,63
13330090,2021-10-01,0.98,0.1,44
13330090,2021-10-01,0.98,0.2,170
13330090,2021-10-01,0.98,0.3,21
13330090,2021-10-01,0.98,0.4,18
13330090,2021-10-01,0.98,0.5,28
13330090,2021-10-01,0.98,0.6,33
13330090,2021-10-01,0.98,0.7,9
13330090,2021-10-01,0.98,0.8,7
13330090,2021-10-01,0.98,0.9,19
13330090,2021-10-01,0.98,1.0,4
13330090,2021-10-01,0.98,1.1,1
13330090,2021-10-01,0.98,1.5,1
13330090,2021-10-01,0.98,1.7,1
13330090,2021-10-01,0.98,2.1,1
13330090,2021-10-01,1.0,-0.5,1
13330090,2021-10-01,1.0,-0.4,3
13330090,2021-10-01,1.0,-0.3,20
13330090,2021-10-01,1.0,-0.2,39
13330090,2021-10-01,1.0,-0.1,70
13330090,2021-10-01,1.0,0.0,68
13330090,2021-10-01,1.0,0.1,77
13330090,2021-10-01,1.0,0.2,369
13330090,2021-10-01,1.0,0.3,21
13330090,2021-10-01,1.0,0.4,14
13330090,2021-10-01,1.0,0.5,19
13330090,2021-10-01,1.0,0.6,32
13330090,2021-10-01,1.0,0.7,8
13330090,2021-10-01,1.0,0.8,9
13330090,2021-10-01,1.0,0.9,20
13330090,2021-10-01,1.0,1.0,9
13330090,2021-10-01,1.0,1.2,1
13330090,2021-10-01,1.0,1.8,1
13330090,2021-10-01,1.02,-0.4,5
13330090,2021-10-01,1.02,-0.3,21
13330090,2021-10-01,1.02,-0.2,58
13330090,2021-10-01,1.02,-0.1,85
13330090,2021-10-01,1.02,0.0,74
13330090,2021-10-01,1.02,0.1,75
13330090,2021-10-01,1.02,0.2,50
13330090,2021-10-01,1.02,0.3,22
13330090,2021-10-01,1.02,0.4,22
13330090,2021-10-01,1.02,0.5,36
13330090,2021-10-01,1.02,0.6,31
13330090,2021-10-01,1.02,0.7,15
13330090,2021-10-01,1.02,0.8,10
13330090,2021-10-01,1.02,0.9,10
13330090,2021-10-01,1.02,1.0,6
13330090,2021-10-01,1.02,1.5,1
13330090,2021-10-01,1.04,-0.5,7
13330090,2021-10-01,1.04,-0.4,3
13330090,2021-10-01,1.04,-0.3,19
13330090,2021-10-01,1.04,-0.2,48
13330090,2021-10-01,1.04,-0.1,113
13330090,2021-10-01,1.04,0.0,68
13330090,2021-10-01,1.04,0.1,46
13330090,2021-10-01,1.04,0.2,47
13330090,2021-10-01,1.04,0.3,21
13330090,2021-10-01,1.04,0.4,20
13330090,2021-10-01,1.04,0.5,56
13330090,2021-10-01,1.04,0.6,28
13330090,2021-10-01,1.04,0.7,10
13330090,2021-10-01,1.04,0.8,8
13330090,2021-10-01,1.04,0.9,28
13330090,2021-10-01,1.04,1.0,3
13330090,2021-10-01,1.04,1.1,1
13330090,2021-10-01,1.06,-0.6,3
13330090,2021-10-01,1.06,-0.5,1
13330090,2021-10-01,1.06,-0.4,2
13330090,2021-10-01,1.06,-0.3,27
13330090,2021-10-01,1.06,-0.2,42
13330090,2021-10-01,1.06,-0.1,235
13330090,2021-10-01,1.06,0.0,96
13330090,2021-10-01,1.06,0.1,84
13330090,2021-10-01,1.06,0.2,86
13330090,2021-10-01,1.06,0.3,11
13330090,2021-10-01,1.06,0.4,20
13330090,2021-10-01,1.06,0.5,168
13330090,2021-10-01,1.06,0.6,51
13330090,2021-10-01,1.06,0.7,37
13330090,2021-10-01,1.06,0.8,7
13330090,2021-10-01,1.06,0.9,24
13330090,2021-10-01,1.06,1.0,5
13330090,2021-10-01,1.08,-0.5,3
13330090,2021-10-01,1.08,-0.4,3
13330090,2021-10-01,1.08,-0.3,53
13330090,2021-10-01,1.08,-0.2,17
13330090,2021-10-01,1.08,-0.1,175
13330090,2021-10-01,1.08,0.0,93
13330090,2021-10-01,1.08,0.1,40
13330090,2021-10-01,1.08,0.2,380
13330090,2021-10-01,1.08,0.3,17
13330090,2021-10-01,1.08,0.4,22
13330090,2021-10-01,1.08,0.5,24
13330090,2021-10-01,1.08,0.6,155
13330090,2021-10-01,1.08,0.7,21
13330090,2021-10-01,1.08,0.8,5
13330090,2021-10-01,1.08,0.9,70
13330090,2021-10-01,1.08,1.0,4
13330090,2021-10-01,1.1,-0.4,24
13330090,2021-10-01,1.1,-0.3,58
13330090,2021-10-01,1.1,-0.2,30
13330090,2021-10-01,1.1,-0.1,111
13330090,2021-10-01,1.1,0.0,66
13330090,2021-10-01,1.1,0.1,35
13330090,2021-10-01,1.1,0.2,27
13330090,2021-10-01,1.1,0.3,18
13330090,2021-10-01,1.1,0.4,26
13330090,2021-10-01,1.1,0.5,12
13330090,2021-10-01,1.1,0.6,17
13330090,2021-10-01,1.1,0.7,4
13330090,2021-10-01,1.1,0.8,3
13330090,2021-10-01,1.1,0.9,128
13330090,2021-10-01,1.1,1.0,3
13330090,2021-10-01,1.12,-0.5,2
13330090,2021-10-01,1.12,-0.4,6
13330090,2021-10-01,1.12,-0.3,219
13330090,2021-10-01,1.12,-0.2,26
13330090,2021-10-01,1.12,-0.1,69
13330090,2021-10-01,1.12,0.0,76
13330090,2021-10-01,1.12,0.1,24
13330090,2021-10-01,1.12,0.2,28
13330090,2021-10-01,1.12,0.3,17
13330090,2021-10-01,1.12,0.4,29
13330090,2021-10-01,1.12,0.5,16
13330090,2021-10-01,1.12,0.6,12
13330090,2021-10-01,1.12,0.7,6
13330090,2021-10-01,1.12,0.8,2
13330090,2021-10-01,1.14,-0.5,1
13330090,2021-10-01,1.14,-0.4,4
13330090,2021-10-01,1.14,-0.3,25
13330090,2021-10-01,1.14,-0.2,21
13330090,2021-10-01,1.14,-0.1,57
13330090,2021-10-01,1.14,0.0,57
13330090,2021-10-01,1.14,0.1,31
13330090,2021-10-01,1.14,0.2,18
13330090,2021-10-01,1.14,0.3,15
13330090,2021-10-01,1.14,0.4,44
13330090,2021-10-01,1.14,0.5,10
13330090,2021-10-01,1.14,0.6,7
13330090,2021-10-01,1.14,0.7,10
13330090,2021-10-01,1.14,0.8,3
13330090,2021-10-01,1.16,-0.5,1
13330090,2021-10-01,1.16,-0.3,5
13330090,2021-10-01,1.16,-0.2,21
13330090,2021-10-01,1.16,-0.1,82
13330090,2021-10-01,1.16,0.0,54
13330090,2021-10-01,1.16,0.1,69
13330090,2021-10-01,1.16,0.2,17
13330090,2021-10-01,1.16,0.3,10
13330090,2021-10-01,1.16,0.4,63
13330090,2021-10-01,1.16,0.5,17
13330090,2021-10-01,1.16,0.6,9
13330090,2021-10-01,1.16,0.7,12
13330090,2021-10-01,1.16,0.9,2
13330090,2021-10-01,1.16,1.0,1
13330090,2021-10-01,1.18,-0.5,1
13330090,2021-10-01,1.18,-0.4,1
13330090,2021-10-01,1.18,-0.3,3
13330090,2021-10-01,1.18,-0.2,17
13330090,2021-10-01,1.18,-0.1,58
13330090,2021-10-01,1.18,0.0,135
13330090,2021-10-01,1.18,0.1,20
13330090,2021-10-01,1.18,0.2,18
13330090,2021-10-01,1.18,0.3,8
13330090,2021-10-01,1.18,0.4,11
13330090,2021-10-01,1.18,0.5,6
13330090,2021-10-01,1.18,0.6,11
13330090,2021-10-01,1.18,0.7,37
13330090,2021-10-01,1.18,0.8,1
13330090,2021-10-01,1.18,0.9,1
13330090,2021-10-01,1.18,1.0,1
13330090,2021-10-01,1.2,-0.5,1
13330090,2021-10-01,1.2,-0.4,3
13330090,2021-10-01,1.2,-0.3,9
13330090,2021-10-01,1.2,-0.2,25
13330090,2021-10-01,1.2,-0.1,71
13330090,2021-10-01,1.2,0.0,41
13330090,2021-10-01,1.2,0.1,24
13330090,2021-10-01,1.2,0.2,18
13330090,2021-10-01,1.2,0.3,10
13330090,2021-10-01,1.2,0.4,7
13330090,2021-10-01,1.2,0.5,6
13330090,2021-10-01,1.2,0.6,4
13330090,2021-10-01,1.2,0.7,3
13330090,2021-10-01,1.2,0.8,1
13330090,2021-10-01,1.2,0.9,1
13330090,2021-10-01,1.2,1.7,1
13330090,2021-10-01,1.22,-0.4,1
13330090,2021-10-01,1.22,-0.3,6
13330090,2021-10-01,1.22,-0.2,78
13330090,2021-10-01,1.22,-0.1,59
13330090,2021-10-01,1.22,0.0,33
13330090,2021-10-01,1.22,0.1,20
13330090,2021-10-01,1.22,0.2,19
13330090,2021-10-01,1.22,0.3,8
13330090,2021-10-01,1.22,0.4,7
13330090,2021-10-01,1.22,0.5,11
13330090,2021-10-01,1.22,0.6,4
13330090,2021-10-01,1.22,0.7,5
13330090,2021-10-01,1.22,0.8,3
13330090,2021-10-01,1.24,-0.3,5
13330090,2021-10-01,1.24,-0.2,51
13330090,2021-10-01,1.24,-0.1,38
13330090,2021-10-01,1.24,0.0,38
13330090,2021-10-01,1.24,0.1,16
13330090,2021-10-01,1.24,0.2,11
13330090,2021-10-01,1.24,0.3,14
13330090,2021-10-01,1.24,0.4,3
13330090,2021-10-01,1.24,0.5,4
13330090,2021-10-01,1.24,0.6,7
13330090,2021-10-01,1.24,0.7,6
13330090,2021-10-01,1.24,0.8,1
13330090,2021-10-01,1.26,-0.5,1
13330090,2021-10-01,1.26,-0.4,30
13330090,2021-10-01,1.26,-0.3,4
13330090,2021-10-01,1.26,-0.2,17
13330090,2021-10-01,1.26,-0.1,64
13330090,2021-10-01,1.26,0.0,35
13330090,2021-10-01,1.26,0.1,17
13330090,2021-10-01,1.26,0.2,13
13330090,2021-10-01,1.26,0.3,13
13330090,2021-10-01,1.26,0.4,4
13330090,2021-10-01,1.26,0.5,5
13330090,2021-10-01,1.26,0.6,1
13330090,2021-10-01,1.26,0.7,4
13330090,2021-10-01,1.26,0.8,1
13330090,2021-10-01,1.28,-0.4,3
13330090,2021-10-01,1.28,-0.3,4
13330090,2021-10-01,1.28,-0.2,36
13330090,2021-10-01,1.28,-0.1,51
13330090,2021-10-01,1.28,0.0,36
13330090,2021-10-01,1.28,0.1,12
13330090,2021-10-01,1.28,0.2,19
13330090,2021-10-01,1.28,0.3,5
13330090,2021-10-01,1.28,0.4,16
13330090,2021-10-01,1.28,0.5,2
13330090,2021-10-01,1.28,0.6,6
13330090,2021-10-01,1.28,0.7,5
13330090,2021-10-01,1.3,-0.3,5
13330090,2021-10-01,1.3,-0.2,83
13330090,2021-10-01,1.3,-0.1,75
13330090,2021-10-01,1.3,0.0,40
13330090,2021-10-01,1.3,0.1,13
13330090,2021-10-01,1.3,0.2,8
13330090,2021-10-01,1.3,0.3,8
13330090,2021-10-01,1.3,0.4,7
13330090,2021-10-01,1.3,0.5,2
13330090,2021-10-01,1.3,0.6,5
13330090,2021-10-01,1.3,0.7,3
13330090,2021-10-01,1.3,0.8,2
13330090,2021-10-01,1.3,1.2,1
13330090,2021-10-01,1.32,-0.5,1
13330090,2021-10-01,1.32,-0.4,1
13330090,2021-10-01,1.32,-0.3,15
13330090,2021-10-01,1.32,-0.2,26
13330090,2021-10-01,1.32,-0.1,62
13330090,2021-10-01,1.32,0.0,43
13330090,2021-10-01,1.32,0.1,18
13330090,2021-10-01,1.32,0.2,18
13330090,2021-10-01,1.32,0.3,10
13330090,2021-10-01,1.32,0.4,9
13330090,2021-10-01,1.32,0.5,2
13330090,2021-10-01,1.32,0.6,5
13330090,2021-10-01,1.32,0.7,1
13330090,2021-10-01,1.32,0.8,3
13330090,2021-10-01,1.34,-0.4,2
13330090,2021-10-01,1.34,-0.3,4
13330090,2021-10-01,1.34,-0.2,31
13330090,2021-10-01,1.34,-0.1,269
13330090,2021-10-01,1.34,0.0,54
13330090,2021-10-01,1.34,0.1,13
13330090,2021-10-01,1.34,0.2,20
13330090,2021-10-01,1.34,0.3,3
13330090,2021-10-01,1.34,0.4,3
13330090,2021-10-01,1.34,0.5,2
13330090,2021-10-01,1.34,0.6,36
13330090,2021-10-01,1.34,0.7,2
13330090,2021-10-01,1.34,0.8,1
13330090,2021-10-01,1.36,-0.4,2
13330090,2021-10-01,1.36,-0.3,14
13330090,2021-10-01,1.36,-0.2,37
13330090,2021-10-01,1.36,-0.1,149
13330090,2021-10-01,1.36,0.0,46
13330090,2021-10-01,1.36,0.1,10
13330090,2021-10-01,1.36,0.2,13
13330090,2021-10-01,1.36,0.3,12
13330090,2021-10-01,1.36,0.4,11
13330090,2021-10-01,1.36,0.5,2
13330090,2021-10-01,1.36,0.6,25
13330090,2021-10-01,1.36,0.7,5
13330090,2021-10-01,1.36,1.2,1
13330090,2021-10-01,1.38,-0.4,1
13330090,2021-10-01,1.38,-0.3,15
13330090,2021-10-01,1.38,-0.2,37
13330090,2021-10-01,1.38,-0.1,124
13330090,2021-10-01,1.38,0.0,49
13330090,2021-10-01,1.38,0.1,16
13330090,2021-10-01,1.38,0.2,11
13330090,2021-10-01,1.38,0.3,14
13330090,2021-10-01,1.38,0.4,2
13330090,2021-10-01,1.38,0.5,12
13330090,2021-10-01,1.38,0.6,15
13330090,2021-10-01,1.38,0.7,3
13330090,2021-10-01,1.38,0.8,1
13330090,2021-10-01,1.4,-0.5,1
13330090,2021-10-01,1.4,-0.4,1
13330090,2021-10-01,1.4,-0.3,13
13330090,2021-10-01,1.4,-0.2,29
13330090,2021-10-01,1.4,-0.1,126
13330090,2021-10-01,1.4,0.0,46
13330090,2021-10-01,1.4,0.1,14
13330090,2021-10-01,1.4,0.2,7
13330090,2021-10-01,1.4,0.3,10
13330090,2021-10-01,1.4,0.4,4
13330090,2021-10-01,1.4,0.5,2
13330090,2021-10-01,1.4,0.6,5
13330090,2021-10-01,1.4,0.7,1
13330090,2021-10-01,1.4,0.8,1
13330090,2021-10-01,1.42,-0.4,2
13330090,2021-10-01,1.42,-0.3,11
13330090,2021-10-01,1.42,-0.2,130
13330090,2021-10-01,1.42,-0.1,72
13330090,2021-10-01,1.42,0.0,40
13330090,2021-10-01,1.42,0.1,21
13330090,2021-10-01,1.42,0.2,10
13330090,2021-10-01,1.42,0.3,7
13330090,2021-10-01,1.42,0.4,4
13330090,2021-10-01,1.42,0.5,3
13330090,2021-10-01,1.42,0.6,5
13330090,2021-10-01,1.42,0.7,4
13330090,2021-10-01,1.42,0.8,1
13330090,2021-10-01,1.42,1.1,1
13330090,2021-10-01,1.44,-0.3,10
13330090,2021-10-01,1.44,-0.2,29
13330090,2021-10-01,1.44,-0.1,219
13330090,2021-10-01,1.44,0.0,37
13330090,2021-10-01,1.44,0.1,11
13330090,2021-10-01,1.44,0.2,7
13330090,2021-10-01,1.44,0.3,2
13330090,2021-10-01,1.44,0.4,1
13330090,2021-10-01,1.44,0.7,1
13330090,2021-10-01,1.46,-0.5,1
13330090,2021-10-01,1.46,-0.4,3
13330090,2021-10-01,1.46,-0.3,4
13330090,2021-10-01,1.46,-0.2,40
13330090,2021-10-01,1.46,-0.1,83
13330090,2021-10-01,1.46,0.0,165
13330090,2021-10-01,1.46,0.1,14
13330090,2021-10-01,1.46,0.2,13
13330090,2021-10-01,1.46,0.3,5
13330090,2021-10-01,1.46,0.4,3
13330090,2021-10-01,1.46,0.5,1
13330090,2021-10-01,1.46,0.6,2
13330090,2021-10-01,1.46,0.7,2
13330090,2021-10-01,1.46,0.8,1
13330090,2021-10-01,1.48,-0.4,5
13330090,2021-10-01,1.48,-0.3,6
13330090,2021-10-01,1.48,-0.2,38
13330090,2021-10-01,1.48,-0.1,660
13330090,2021-10-01,1.48,0.0,76
13330090,2021-10-01,1.48,0.1,9
13330090,2021-10-01,1.48,0.2,13
13330090,2021-10-01,1.48,0.3,78
13330090,2021-10-01,1.48,0.4,1
13330090,2021-10-01,1.48,0.5,22
13330090,2021-10-01,1.48,0.6,4
13330090,2021-10-01,1.48,0.7,3
13330090,2021-10-01,1.48,0.8,2
13330090,2021-10-01,1.48,0.9,1
13330090,2021-10-01,1.5,-0.5,3
13330090,2021-10-01,1.5,-0.4,2
13330090,2021-10-01,1.5,-0.3,4
13330090,2021-10-01,1.5,-0.2,30
13330090,2021-10-01,1.5,-0.1,82
13330090,2021-10-01,1.5,0.0,79
13330090,2021-10-01,1.5,0.1,24
13330090,2021-10-01,1.5,0.2,67
13330090,2021-10-01,1.5,0.3,8
13330090,2021-10-01,1.5,0.4,2
13330090,2021-10-01,1.5,0.6,1
13330090,2021-10-01,1.5,0.7,4
13330090,2021-10-01,1.5,0.8,2
13330090,2021-10-01,1.5,0.9,1
13330090,2021-10-01,1.52,-0.3,5
13330090,2021-10-01,1.52,-0.2,30
13330090,2021-10-01,1.52,-0.1,107
13330090,2021-10-01,1.52,0.0,87
13330090,2021-10-01,1.52,0.1,34
13330090,2021-10-01,1.52,0.2,6
13330090,2021-10-01,1.52,0.3,4
13330090,2021-10-01,1.52,0.4,16
13330090,2021-10-01,1.52,0.5,10
13330090,2021-10-01,1.52,0.8,1
13330090,2021-10-01,1.54,-0.4,4
13330090,2021-10-01,1.54,-0.3,5
13330090,2021-10-01,1.54,-0.2,27
13330090,2021-10-01,1.54,-0.1,72
13330090,2021-10-01,1.54,0.0,55
13330090,2021-10-01,1.54,0.1,20
13330090,2021-10-01,1.54,0.2,20
13330090,2021-10-01,1.54,0.3,7
13330090,2021-10-01,1.54,0.4,23
13330090,2021-10-01,1.54,0.5,7
13330090,2021-10-01,1.54,0.6,2
13330090,2021-10-01,1.54,0.7,4
13330090,2021-10-01,1.54,0.8,2
13330090,2021-10-01,1.54,1.3,1
13330090,2021-10-01,1.56,-0.4,1
13330090,2021-10-01,1.56,-0.3,5
13330090,2021-10-01,1.56,-0.2,32
13330090,2021-10-01,1.56,-0.1,56
13330090,2021-10-01,1.56,0.0,189
13330090,2021-10-01,1.56,0.1,16
13330090,2021-10-01,1.56,0.2,15
13330090,2021-10-01,1.56,0.3,26
13330090,2021-10-01,1.56,0.4,4
13330090,2021-10-01,1.56,0.5,8
13330090,2021-10-01,1.56,0.6,2
13330090,2021-10-01,1.56,0.7,2
13330090,2021-10-01,1.56,0.8,3
13330090,2021-10-01,1.56,1.4,1
13330090,2021-10-01,1.56,1.6,1
13330090,2021-10-01,1.58,-0.3,3
13330090,2021-10-01,1.58,-0.2,87
13330090,2021-10-01,1.58,-0.1,48
13330090,2021-10-01,1.58,0.0,41
13330090,2021-10-01,1.58,0.1,31
13330090,2021-10-01,1.58,0.2,19
13330090,2021-10-01,1.58,0.3,8
13330090,2021-10-01,1.58,0.4,8
13330090,2021-10-01,1.58,0.5,3
13330090,2021-10-01,1.58,0.6,2
13330090,2021-10-01,1.58,0.7,2
13330090,2021-10-01,1.58,0.8,1
13330090,2021-10-01,1.6,-0.3,2
13330090,2021-10-01,1.6,-0.2,12
13330090,2021-10-01,1.6,-0.1,37
13330090,2021-10-01,1.6,0.0,64
13330090,2021-10-01,1.6,0.1,11
13330090,2021-10-01,1.6,0.2,19
13330090,2021-10-01,1.6,0.3,6
13330090,2021-10-01,1.6,0.5,4
13330090,2021-10-01,1.6,0.6,3
13330090,2021-10-01,1.6,0.7,5
13330090,2021-10-01,1.6,0.8,1
13330090,2021-10-01,1.62,-0.7,1
13330090,2021-10-01,1.62,-0.5,1
13330090,2021-10-01,1.62,-0.3,5
13330090,2021-10-01,1.62,-0.2,24
13330090,2021-10-01,1.62,-0.1,47
13330090,2021-10-01,1.62,0.0,25
13330090,2021-10-01,1.62,0.1,10
13330090,2021-10-01,1.62,0.2,18
13330090,2021-10-01,1.62,0.3,21
13330090,2021-10-01,1.62,0.4,4
13330090,2021-10-01,1.62,0.5,4
13330090,2021-10-01,1.62,0.6,6
13330090,2021-10-01,1.62,0.7,5
13330090,2021-10-01,1.62,0.8,2
13330090,2021-10-01,1.64,-0.4,1
13330090,2021-10-01,1.64,-0.3,1
13330090,2021-10-01,1.64,-0.2,42
13330090,2021-10-01,1.64,-0.1,235
13330090,2021-10-01,1.64,0.0,20
13330090,2021-10-01,1.64,0.1,13
13330090,2021-10-01,1.64,0.2,8
13330090,2021-10-01,1.64,0.3,5
13330090,2021-10-01,1.64,0.4,1
13330090,2021-10-01,1.64,0.5,5
13330090,2021-10-01,1.64,0.6,1
13330090,2021-10-01,1.64,0.7,1
13330090,2021-10-01,1.64,0.8,1
13330090,2021-10-01,1.66,-0.3,4
13330090,2021-10-01,1.66,-0.2,28
13330090,2021-10-01,1.66,-0.1,55
13330090,2021-10-01,1.66,0.0,25
13330090,2021-10-01,1.66,0.1,6
13330090,2021-10-01,1.66,0.2,15
13330090,2021-10-01,1.66,0.3,5
13330090,2021-10-01,1.66,0.4,1
13330090,2021-10-01,1.66,0.5,2
13330090,2021-10-01,1.66,0.6,6
13330090,2021-10-01,1.66,0.7,7
13330090,2021-10-01,1.66,0.8,3
13330090,2021-10-01,1.66,1.6,1
13330090,2021-10-01,1.68,-0.4,1
13330090,2021-10-01,1.68,-0.3,14
13330090,2021-10-01,1.68,-0.2,29
13330090,2021-10-01,1.68,-0.1,39
13330090,2021-10-01,1.68,0.0,16
13330090,2021-10-01,1.68,0.1,4
13330090,2021-10-01,1.68,0.2,10
13330090,2021-10-01,1.68,0.3,2
13330090,2021-10-01,1.68,0.4,2
13330090,2021-10-01,1.68,0.5,2
13330090,2021-10-01,1.68,0.6,6
13330090,2021-10-01,1.68,0.7,20
13330090,2021-10-01,1.68,0.8,3
13330090,2021-10-01,1.68,1.4,1
13330090,2021-10-01,1.7,-0.4,2
13330090,2021-10-01,1.7,-0.3,19
13330090,2021-10-01,1.7,-0.2,37
13330090,2021-10-01,1.7,-0.1,66
13330090,2021-10-01,1.7,0.0,28
13330090,2021-10-01,1.7,0.1,6
13330090,2021-10-01,1.7,0.2,18
13330090,2021-10-01,1.7,0.3,1
13330090,2021-10-01,1.7,0.4,3
13330090,2021-10-01,1.7,0.5,3
13330090,2021-10-01,1.7,0.6,5
13330090,2021-10-01,1.7,0.7,10
13330090,2021-10-01,1.7,0.8,8
13330090,2021-10-01,1.7,1.4,1
13330090,2021-10-01,1.72,-0.3,2
13330090,2021-10-01,1.72,-0.2,21
13330090,2021-10-01,1.72,-0.1,59
13330090,2021-10-01,1.72,0.0,24
13330090,2021-10-01,1.72,0.1,6
13330090,2021-10-01,1.72,0.2,4
13330090,2021-10-01,1.72,0.3,5
13330090,2021-10-01,1.72,0.4,1
13330090,2021-10-01,1.72,0.5,2
13330090,2021-10-01,1.72,0.6,7
13330090,2021-10-01,1.72,0.7,28
13330090,2021-10-01,1.72,0.8,14
13330090,2021-10-01,1.72,1.2,1
13330090,2021-10-01,1.74,-0.3,2
13330090,2021-10-01,1.74,-0.2,24
13330090,2021-10-01,1.74,-0.1,31
13330090,2021-10-01,1.74,0.0,19
13330090,2021-10-01,1.74,0.1,7
13330090,2021-10-01,1.74,0.2,4
13330090,2021-10-01,1.74,0.3,2
13330090,2021-10-01,1.74,0.5,1
13330090,2021-10-01,1.74,0.6,2
13330090,2021-10-01,1.74,0.7,8
13330090,2021-10-01,1.76,-0.3,3
13330090,2021-10-01,1.76,-0.2,26
13330090,2021-10-01,1.76,-0.1,51
13330090,2021-10-01,1.76,0.0,24
13330090,2021-10-01,1.76,0.1,6
13330090,2021-10-01,1.76,0.2,11
13330090,2021-10-01,1.76,0.3,3
13330090,2021-10-01,1.76,0.4,1
13330090,2021-10-01,1.76,0.6,5
13330090,2021-10-01,1.76,0.7,1
13330090,2021-10-01,1.78,-0.3,2
13330090,2021-10-01,1.78,-0.2,21
13330090,2021-10-01,1.78,-0.1,49
13330090,2021-10-01,1.78,0.0,33
13330090,2021-10-01,1.78,0.1,10
13330090,2021-10-01,1.78,0.2,9
13330090,2021-10-01,1.78,0.3,4
13330090,2021-10-01,1.78,0.5,2
13330090,2021-10-01,1.78,0.6,5
13330090,2021-10-01,1.78,1.0,1
13330090,2021-10-01,1.78,1.3,1
13330090,2021-10-01,1.8,-0.3,1
13330090,2021-10-01,1.8,-0.2,50
13330090,2021-10-01,1.8,-0.1,53
13330090,2021-10-01,1.8,0.0,36
13330090,2021-10-01,1.8,0.1,9
13330090,2021-10-01,1.8,0.2,7
13330090,2021-10-01,1.8,0.3,2
13330090,2021-10-01,1.8,0.5,4
13330090,2021-10-01,1.8,0.6,2
13330090,2021-10-01,1.8,0.7,1
13330090,2021-10-01,1.82,-0.3,2
13330090,2021-10-01,1.82,-0.2,105
13330090,2021-10-01,1.82,-0.1,78
13330090,2021-10-01,1.82,0.0,18
13330090,2021-10-01,1.82,0.1,11
13330090,2021-10-01,1.82,0.2,7
13330090,2021-10-01,1.82,0.3,2
13330090,2021-10-01,1.82,0.4,267
13330090,2021-10-01,1.82,0.6,9
13330090,2021-10-01,1.84,-0.4,2
13330090,2021-10-01,1.84,-0.3,12
13330090,2021-10-01,1.84,-0.2,142
13330090,2021-10-01,1.84,-0.1,135
13330090,2021-10-01,1.84,0.0,41
13330090,2021-10-01,1.84,0.1,10
13330090,2021-10-01,1.84,0.2,3
13330090,2021-10-01,1.84,0.3,1
13330090,2021-10-01,1.84,0.5,2
13330090,2021-10-01,1.84,0.6,2
13330090,2021-10-01,1.84,0.8,1
13330090,2021-10-01,1.84,0.9,1
13330090,2021-10-01,1.84,1.3,1
13330090,2021-10-01,1.86,-0.4,1
13330090,2021-10-01,1.86,-0.3,4
13330090,2021-10-01,1.86,-0.2,752
13330090,2021-10-01,1.86,-0.1,88
13330090,2021-10-01,1.86,0.0,30
13330090,2021-10-01,1.86,0.1,9
13330090,2021-10-01,1.86,0.2,5
13330090,2021-10-01,1.86,0.3,4
13330090,2021-10-01,1.86,0.6,3
13330090,2021-10-01,1.86,0.7,1
13330090,2021-10-01,1.86,1.3,1
13330090,2021-10-01,1.88,-0.3,3
13330090,2021-10-01,1.88,-0.2,189
13330090,2021-10-01,1.88,-0.1,71
13330090,2021-10-01,1.88,0.0,29
13330090,2021-10-01,1.88,0.1,12
13330090,2021-10-01,1.88,0.2,1
13330090,2021-10-01,1.88,0.3,2
13330090,2021-10-01,1.88,0.5,3
13330090,2021-10-01,1.88,0.6,4
13330090,2021-10-01,1.88,0.7,2
13330090,2021-10-01,1.9,-0.3,2
13330090,2021-10-01,1.9,-0.2,41
13330090,2021-10-01,1.9,-0.1,61
13330090,2021-10-01,1.9,0.0,112
13330090,2021-10-01,1.9,0.1,11
13330090,2021-10-01,1.9,0.2,10
13330090,2021-10-01,1.9,0.4,2
13330090,2021-10-01,1.9,0.6,3
13330090,2021-10-01,1.9,0.7,3
13330090,2021-10-01,1.9,1.3,1
13330090,2021-10-01,1.9,1.5,1
13330090,2021-10-01,1.9,1.7,1
13330090,2021-10-01,1.92,-0.4,1
13330090,2021-10-01,1.92,-0.3,2
13330090,2021-10-01,1.92,-0.2,53
13330090,2021-10-01,1.92,-0.1,217
13330090,2021-10-01,1.92,0.0,14
13330090,2021-10-01,1.92,0.1,11
13330090,2021-10-01,1.92,0.2,4
13330090,2021-10-01,1.92,0.3,1
13330090,2021-10-01,1.92,0.6,3
13330090,2021-10-01,1.92,0.7,3
13330090,2021-10-01,1.94,-0.4,1
13330090,2021-10-01,1.94,-0.3,2
13330090,2021-10-01,1.94,-0.2,11
13330090,2021-10-01,1.94,-0.1,46
13330090,2021-10-01,1.94,0.0,31
13330090,2021-10-01,1.94,0.1,8
13330090,2021-10-01,1.94,0.2,5
13330090,2021-10-01,1.94,0.3,4
13330090,2021-10-01,1.94,0.4,2
13330090,2021-10-01,1.94,0.6,2
13330090,2021-10-01,1.94,0.7,47
13330090,2021-10-01,1.94,0.8,1
13330090,2021-10-01,1.96,-0.3,3
13330090,2021-10-01,1.96,-0.2,13
13330090,2021-10-01,1.96,-0.1,51
13330090,2021-10-01,1.96,0.0,42
13330090,2021-10-01,1.96,0.1,14
13330090,2021-10-01,1.96,0.2,8
13330090,2021-10-01,1.96,0.3,3
13330090,2021-10-01,1.96,0.6,40
13330090,2021-10-01,1.96,0.7,13
13330090,2021-10-01,1.96,0.8,2
13330090,2021-10-01,1.98,-0.5,2
13330090,2021-10-01,1.98,-0.4,4
13330090,2021-10-01,1.98,-0.3,52
13330090,2021-10-01,1.98,-0.2,350
13330090,2021-10-01,1.98,-0.1,27732
13330090,2021-10-01,1.98,0.0,14011
13330090,2021-10-01,1.98,0.1,662
13330090,2021-10-01,1.98,0.2,212
13330090,2021-10-01,1.98,0.3,125
13330090,2021-10-01,1.98,0.4,90
13330090,2021-10-01,1.98,0.5,85
13330090,2021-10-01,1.98,0.6,95
13330090,2021-10-01,1.98,0.7,86
13330090,2021-10-01,1.98,0.8,116
13330090,2021-10-01,1.98,0.9,255
13330090,2021-10-01,1.98,1.0,44
13330090,2021-10-01,1.98,1.1,74
13330090,2021-10-01,1.98,1.2,25
13330090,2021-10-01,1.98,1.3,19
13330090,2021-10-01,1.98,1.4,6
13330090,2021-10-01,1.98,1.5,6
13330090,2021-10-01,1.98,1.7,2
13330090,2021-10-01,1.98,1.8,1
13330090,2021-10-01,1.98,1.9,1
13330090,2021-10-01,1.98,2.0,1
15053226,2022-07-01,0.0,-3.0,7
15053226,2022-07-01,0.0,-2.9,3
15053226,2022-07-01,0.0,-2.7,2
15053226,2022-07-01,0.0,-2.5,1
15053226,2022-07-01,0.0,-2.3,2
15053226,2022-07-01,0.0,-2.2,3
15053226,2022-07-01,0.0,-2.0,3
15053226,2022-07-01,0.0,-1.9,1
15053226,2022-07-01,0.0,-1.8,1
15053226,2022-07-01,0.0,-1.7,1
15053226,2022-07-01,0.0,-1.6,3
15053226,2022-07-01,0.0,-1.4,4
15053226,2022-07-01,0.0,-1.3,7
15053226,2022-07-01,0.0,-1.2,9
15053226,2022-07-01,0.0,-1.1,6
15053226,2022-07-01,0.0,-1.0,18
15053226,2022-07-01,0.0,-0.9,13
15053226,2022-07-01,0.0,-0.8,11
15053226,2022-07-01,0.0,-0.7,34
15053226,2022-07-01,0.0,-0.6,13
15053226,2022-07-01,0.0,-0.5,212
15053226,2022-07-01,0.0,-0.4,253
15053226,2022-07-01,0.0,-0.3,375
15053226,2022-07-01,0.0,-0.2,19276
15053226,2022-07-01,0.0,-0.1,34186
15053226,2022-07-01,0.0,0.0,40931
15053226,2022-07-01,0.0,0.1,31487
15053226,2022-07-01,0.0,0.2,5151
15053226,2022-07-01,0.0,0.3,89
15053226,2022-07-01,0.0,0.4,21
15053226,2022-07-01,0.0,0.5,3
15053226,2022-07-01,0.0,0.7,2
15053226,2022-07-01,0.0,0.8,7
15053226,2022-07-01,0.0,0.9,5
15053226,2022-07-01,0.0,1.0,1
15053226,2022-07-01,0.0,1.1,23
15053226,2022-07-01,0.0,1.6,1
15053226,2022-07-01,0.0,2.9,1
15053226,2022-07-01,0.02,-3.0,120
15053226,2022-07-01,0.02,-2.6,1
15053226,2022-07-01,0.02,-2.5,1
15053226,2022-07-01,0.02,-2.4,2
15053226,2022-07-01,0.02,-2.3,44
15053226,2022-07-01,0.02,-2.2,46
15053226,2022-07-01,0.02,-2.1,25
15053226,2022-07-01,0.02,-2.0,26
15053226,2022-07-01,0.02,-1.9,16
15053226,2022-07-01,0.02,-1.8,11
15053226,2022-07-01,0.02,-1.7,18
15053226,2022-07-01,0.02,-1.6,30
15053226,2022-07-01,0.02,-1.5,38
15053226,2022-07-01,0.02,-1.4,37
15053226,2022-07-01,0.02,-1.3,50
15053226,2022-07-01,0.02,-1.2,209
15053226,2022-07-01,0.02,-1.1,246
15053226,2022-07-01,0.02,-1.0,194
15053226,2022-07-01,0.02,-0.9,238
15053226,2022-07-01,0.02,-0.8,304
15053226,2022-07-01,0.02,-0.7,194
15053226,2022-07-01,0.02,-0.6,820
15053226,2022-07-01,0.02,-0.5,1352
15053226,2022-07-01,0.02,-0.4,339
15053226,2022-07-01,0.02,-0.3,566
15053226,2022-07-01,0.02,-0.2,1074
15053226,2022-07-01,0.02,-0.1,1128
15053226,2022-07-01,0.02,0.0,1184
15053226,2022-07-01,0.02,0.1,67
15053226,2022-07-01,0.02,0.2,40
15053226,2022-07-01,0.02,0.3,4
15053226,2022-07-01,0.02,0.4,13
15053226,2022-07-01,0.04,-3.0,4
15053226,2022-07-01,0.04,-2.9,1
15053226,2022-07-01,0.04,-2.8,10
15053226,2022-07-01,0.04,-2.7,2
15053226,2022-07-01,0.04,-2.6,6
15053226,2022-07-01,0.04,-2.5,3
15053226,2022-07-01,0.04,-2.4,107
15053226,2022-07-01,0.04,-2.3,32
15053226,2022-07-01,0.04,-2.2,20
15053226,2022-07-01,0.04,-2.1,27
15053226,2022-07-01,0.04,-2.0,20
15053226,2022-07-01,0.04,-1.9,35
15053226,2022-07-01,0.04,-1.8,40
15053226,2022-07-01,0.04,-1.7,44
15053226,2022-07-01,0.04,-1.6,216
15053226,2022-07-01,0.04,-1.5,112
15053226,2022-07-01,0.04,-1.4,192
15053226,2022-07-01,0.04,-1.3,393
15053226,2022-07-01,0.04,-1.2,304
15053226,2022-07-01,0.04,-1.1,293
15053226,2022-07-01,0.04,-1.0,918
15053226,2022-07-01,0.04,-0.9,734
15053226,2022-07-01,0.04,-0.8,701
15053226,2022-07-01,0.04,-0.7,946
15053226,2022-07-01,0.04,-0.6,2095
15053226,2022-07-01,0.04,-0.5,1419
15053226,2022-07-01,0.04,-0.4,6425
15053226,2022-07-01,0.04,-0.3,1042
15053226,2022-07-01,0.04,-0.2,1421
15053226,2022-07-01,0.04,-0.1,2432
15053226,2022-07-01,0.04,0.0,1771
15053226,2022-07-01,0.04,0.1,53
15053226,2022-07-01,0.04,0.2,4
15053226,2022-07-01,0.04,0.8,3
15053226,2022-07-01,0.06,-3.0,26
15053226,2022-07-01,0.06,-2.9,5
15053226,2022-07-01,0.06,-2.8,16
15053226,2022-07-01,0.06,-2.7,16
15053226,2022-07-01,0.06,-2.6,14
15053226,2022-07-01,0.06,-2.5,42
15053226,2022-07-01,0.06,-2.4,137
15053226,2022-07-01,0.06,-2.3,24
15053226,2022-07-01,0.06,-2.2,29
15053226,2022-07-01,0.06,-2.1,57
15053226,2022-07-01,0.06,-2.0,95
15053226,2022-07-01,0.06,-1.9,114
15053226,2022-07-01,0.06,-1.8,240
15053226,2022-07-01,0.06,-1.7,95
15053226,2022-07-01,0.06,-1.6,79
15053226,2022-07-01,0.06,-1.5,173
15053226,2022-07-01,0.06,-1.4,560
15053226,2022-07-01,0.06,-1.3,357
15053226,2022-07-01,0.06,-1.2,492
15053226,2022-07-01,0.06,-1.1,918
15053226,2022-07-01,0.06,-1.0,1273
15053226,2022-07-01,0.06,-0.9,2771
15053226,2022-07-01,0.06,-0.8,10974
15053226,2022-07-01,0.06,-0.7,7656
15053226,2022-07-01,0.06,-0.6,3141
15053226,2022-07-01,0.06,-0.5,6533
15053226,2022-07-01,0.06,-0.4,8409
15053226,2022-07-01,0.06,-0.3,1238
15053226,2022-07-01,0.06,-0.2,1912
15053226,2022-07-01,0.06,-0.1,1856
15053226,2022-07-01,0.06,0.0,1052
15053226,2022-07-01,0.06,0.1,81
15053226,2022-07-01,0.06,0.2,2
15053226,2022-07-01,0.08,-3.0,74
15053226,2022-07-01,0.08,-2.9,8
15053226,2022-07-01,0.08,-2.8,11
15053226,2022-07-01,0.08,-2.7,10
15053226,2022-07-01,0.08,-2.6,4
15053226,2022-07-01,0.08,-2.5,412
15053226,2022-07-01,0.08,-2.4,19
15053226,2022-07-01,0.08,-2.3,81
15053226,2022-07-01,0.08,-2.2,109
15053226,2022-07-01,0.08,-2.1,90
15053226,2022-07-01,0.08,-2.0,34
15053226,2022-07-01,0.08,-1.9,165
15053226,2022-07-01,0.08,-1.8,80
15053226,2022-07-01,0.08,-1.7,120
15053226,2022-07-01,0.08,-1.6,277
15053226,2022-07-01,0.08,-1.5,577
15053226,2022-07-01,0.08,-1.4,763
15053226,2022-07-01,0.08,-1.3,1537
15053226,2022-07-01,0.08,-1.2,1321
15053226,2022-07-01,0.08,-1.1,987
15053226,2022-07-01,0.08,-1.0,1678
15053226,2022-07-01,0.08,-0.9,1376
15053226,2022-07-01,0.08,-0.8,5485
15053226,2022-07-01,0.08,-0.7,3661
15053226,2022-07-01,0.08,-0.6,6259
15053226,2022-07-01,0.08,-0.5,20169
15053226,2022-07-01,0.08,-0.4,7418
15053226,2022-07-01,0.08,-0.3,4704
15053226,2022-07-01,0.08,-0.2,4719
15053226,2022-07-01,0.08,-0.1,1286
15053226,2022-07-01,0.08,0.0,795
15053226,2022-07-01,0.08,0.1,288
15053226,2022-07-01,0.08,0.2,2
15053226,2022-07-01,0.08,0.3,1
15053226,2022-07-01,0.08,0.8,2
15053226,2022-07-01,0.1,-3.0,62
15053226,2022-07-01,0.1,-2.9,1
15053226,2022-07-01,0.1,-2.8,18
15053226,2022-07-01,0.1,-2.7,7
15053226,2022-07-01,0.1,-2.6,8
15053226,2022-07-01,0.1,-2.5,18
15053226,2022-07-01,0.1,-2.4,29
15053226,2022-07-01,0.1,-2.3,109
15053226,2022-07-01,0.1,-2.2,65
15053226,2022-07-01,0.1,-2.1,33
15053226,2022-07-01,0.1,-2.0,115
15053226,2022-07-01,0.1,-1.9,130
15053226,2022-07-01,0.1,-1.8,93
15053226,2022-07-01,0.1,-1.7,214
15053226,2022-07-01,0.1,-1.6,346
15053226,2022-07-01,0.1,-1.5,707
15053226,2022-07-01,0.1,-1.4,1990
15053226,2022-07-01,0.1,-1.3,795
15053226,2022-07-01,0.1,-1.2,598
15053226,2022-07-01,0.1,-1.1,8040
15053226,2022-07-01,0.1,-1.0,1455
15053226,2022-07-01,0.1,-0.9,1456
15053226,2022-07-01,0.1,-0.8,3181
15053226,2022-07-01,0.1,-0.7,6179
15053226,2022-07-01,0.1,-0.6,6644
15053226,2022-07-01,0.1,-0.5,6141
15053226,2022-07-01,0.1,-0.4,9552
15053226,2022-07-01,0.1,-0.3,6250
15053226,2022-07-01,0.1,-0.2,2424
15053226,2022-07-01,0.1,-0.1,1596
15053226,2022-07-01,0.1,0.0,623
15053226,2022-07-01,0.1,0.1,21
15053226,2022-07-01,0.1,0.2,7
15053226,2022-07-01,0.1,0.3,2
15053226,2022-07-01,0.1,0.4,1
15053226,2022-07-01,0.1,0.5,1
15053226,2022-07-01,0.12,-3.0,191
15053226,2022-07-01,0.12,-2.9,9
15053226,2022-07-01,0.12,-2.8,20
15053226,2022-07-01,0.12,-2.7,5
15053226,2022-07-01,0.12,-2.6,10
15053226,2022-07-01,0.12,-2.5,27
15053226,2022-07-01,0.12,-2.4,17
15053226,2022-07-01,0.12,-2.3,135
15053226,2022-07-01,0.12,-2.2,51
15053226,2022-07-01,0.12,-2.1,228
15053226,2022-07-01,0.12,-2.0,181
15053226,2022-07-01,0.12,-1.9,144
15053226,2022-07-01,0.12,-1.8,154
15053226,2022-07-01,0.12,-1.7,243
15053226,2022-07-01,0.12,-1.6,417
15053226,2022-07-01,0.12,-1.5,2055
15053226,2022-07-01,0.12,-1.4,1131
15053226,2022-07-01,0.12,-1.3,529
15053226,2022-07-01,0.12,-1.2,1473
15053226,2022-07-01,0.12,-1.1,1188
15053226,2022-07-01,0.12,-1.0,1912
15053226,2022-07-01,0.12,-0.9,3086
15053226,2022-07-01,0.12,-0.8,2999
15053226,2022-07-01,0.12,-0.7,5786
15053226,2022-07-01,0.12,-0.6,4690
15053226,2022-07-01,0.12,-0.5,5903
15053226,2022-07-01,0.12,-0.4,8753
15053226,2022-07-01,0.12,-0.3,16307
15053226,2022-07-01,0.12,-0.2,1790
15053226,2022-07-01,0.12,-0.1,963
15053226,2022-07-01,0.12,0.0,892
15053226,2022-07-01,0.12,0.1,80
15053226,2022-07-01,0.12,0.2,5
15053226,2022-07-01,0.12,0.6,1
15053226,2022-07-01,0.12,0.7,1
15053226,2022-07-01,0.14,-3.0,31
15053226,2022-07-01,0.14,-2.9,21
15053226,2022-07-01,0.14,-2.8,11
15053226,2022-07-01,0.14,-2.7,16
15053226,2022-07-01,0.14,-2.6,43
15053226,2022-07-01,0.14,-2.5,23
15053226,2022-07-01,0.14,-2.4,21
15053226,2022-07-01,0.14,-2.3,102
15053226,2022-07-01,0.14,-2.2,91
15053226,2022-07-01,0.14,-2.1,144
15053226,2022-07-01,0.14,-2.0,200
15053226,2022-07-01,0.14,-1.9,204
15053226,2022-07-01,0.14,-1.8,204
15053226,2022-07-01,0.14,-1.7,541
15053226,2022-07-01,0.14,-1.6,597
15053226,2022-07-01,0.14,-1.5,2622
15053226,2022-07-01,0.14,-1.4,845
15053226,2022-07-01,0.14,-1.3,1860
15053226,2022-07-01,0.14,-1.2,1413
15053226,2022-07-01,0.14,-1.1,927
15053226,2022-07-01,0.14,-1.0,1997
15053226,2022-07-01,0.14,-0.9,2777
15053226,2022-07-01,0.14,-0.8,4399
15053226,2022-07-01,0.14,-0.7,7010
15053226,2022-07-01,0.14,-0.6,4668
15053226,2022-07-01,0.14,-0.5,2907
15053226,2022-07-01,0.14,-0.4,4645
15053226,2022-07-01,0.14,-0.3,7107
15053226,2022-07-01,0.14,-0.2,2361
15053226,2022-07-01,0.14,-0.1,1551
15053226,2022-07-01,0.14,0.0,471
15053226,2022-07-01,0.14,0.1,23
15053226,2022-07-01,0.14,0.2,23
15053226,2022-07-01,0.14,0.3,3
15053226,2022-07-01,0.16,-3.0,28
15053226,2022-07-01,0.16,-2.9,14
15053226,2022-07-01,0.16,-2.8,32
15053226,2022-07-01,0.16,-2.7,22
15053226,2022-07-01,0.16,-2.6,34
15053226,2022-07-01,0.16,-2.5,53
15053226,2022-07-01,0.16,-2.4,39
15053226,2022-07-01,0.16,-2.3,98
15053226,2022-07-01,0.16,-2.2,136
15053226,2022-07-01,0.16,-2.1,139
15053226,2022-07-01,0.16,-2.0,103
15053226,2022-07-01,0.16,-1.9,156
15053226,2022-07-01,0.16,-1.8,255
15053226,2022-07-01,0.16,-1.7,996
15053226,2022-07-01,0.16,-1.6,909
15053226,2022-07-01,0.16,-1.5,2797
15053226,2022-07-01,0.16,-1.4,925
15053226,2022-07-01,0.16,-1.3,981
15053226,2022-07-01,0.16,-1.2,1409
15053226,2022-07-01,0.16,-1.1,1268
15053226,2022-07-01,0.16,-1.0,7081
15053226,2022-07-01,0.16,-0.9,2039
15053226,2022-07-01,0.16,-0.8,4974
15053226,2022-07-01,0.16,-0.7,5643
15053226,2022-07-01,0.16,-0.6,2064
15053226,2022-07-01,0.16,-0.5,2463
15053226,2022-07-01,0.16,-0.4,3571
15053226,2022-07-01,0.16,-0.3,4575
15053226,2022-07-01,0.16,-0.2,3833
15053226,2022-07-01,0.16,-0.1,3386
15053226,2022-07-01,0.16,0.0,345
15053226,2022-07-01,0.16,0.1,94
15053226,2022-07-01,0.16,0.2,13
15053226,2022-07-01,0.16,0.3,1
15053226,2022-07-01,0.16,0.4,1
15053226,2022-07-01,0.16,0.5,3
15053226,2022-07-01,0.16,0.6,1
15053226,2022-07-01,0.16,0.8,1
15053226,2022-07-01,0.18,-3.0,37
15053226,2022-07-01,0.18,-2.9,8
15053226,2022-07-01,0.18,-2.8,11
15053226,2022-07-01,0.18,-2.7,91
15053226,2022-07-01,0.18,-2.6,87
15053226,2022-07-01,0.18,-2.5,84
15053226,2022-07-01,0.18,-2.4,65
15053226,2022-07-01,0.18,-2.3,261
15053226,2022-07-01,0.18,-2.2,146
15053226,2022-07-01,0.18,-2.1,130
15053226,2022-07-01,0.18,-2.0,165
15053226,2022-07-01,0.18,-1.9,195
15053226,2022-07-01,0.18,-1.8,247
15053226,2022-07-01,0.18,-1.7,371
15053226,2022-07-01,0.18,-1.6,2422
15053226,2022-07-01,0.18,-1.5,2663
15053226,2022-07-01,0.18,-1.4,1133
15053226,2022-07-01,0.18,-1.3,1200
15053226,2022-07-01,0.18,-1.2,1348
15053226,2022-07-01,0.18,-1.1,1733
15053226,2022-07-01,0.18,-1.0,3118
15053226,2022-07-01,0.18,-0.9,2541
15053226,2022-07-01,0.18,-0.8,5769
15053226,2022-07-01,0.18,-0.7,3564
15053226,2022-07-01,0.18,-0.6,2290
15053226,2022-07-01,0.18,-0.5,3068
15053226,2022-07-01,0.18,-0.4,3175
15053226,2022-07-01,0.18,-0.3,5155
15053226,2022-07-01,0.18,-0.2,3161
15053226,2022-07-01,0.18,-0.1,2364
15053226,2022-07-01,0.18,0.0,543
15053226,2022-07-01,0.18,0.1,146
15053226,2022-07-01,0.18,0.2,9
15053226,2022-07-01,0.18,0.3,6
15053226,2022-07-01,0.18,0.4,1
15053226,2022-07-01,0.18,0.5,1
15053226,2022-07-01,0.18,0.6,1
15053226,2022-07-01,0.18,0.8,1
15053226,2022-07-01,0.18,1.4,1
15053226,2022-07-01,0.2,-3.0,39
15053226,2022-07-01,0.2,-2.9,11
15053226,2022-07-01,0.2,-2.8,13
15053226,2022-07-01,0.2,-2.7,14
15053226,2022-07-01,0.2,-2.6,54
15053226,2022-07-01,0.2,-2.5,63
15053226,2022-07-01,0.2,-2.4,77
15053226,2022-07-01,0.2,-2.3,188
15053226,2022-07-01,0.2,-2.2,212
15053226,2022-07-01,0.2,-2.1,157
15053226,2022-07-01,0.2,-2.0,202
15053226,2022-07-01,0.2,-1.9,216
15053226,2022-07-01,0.2,-1.8,289
15053226,2022-07-01,0.2,-1.7,416
15053226,2022-07-01,0.2,-1.6,5397
15053226,2022-07-01,0.2,-1.5,2156
15053226,2022-07-01,0.2,-1.4,3183
15053226,2022-07-01,0.2,-1.3,1334
15053226,2022-07-01,0.2,-1.2,1698
15053226,2022-07-01,0.2,-1.1,1977
15053226,2022-07-01,0.2,-1.0,2829
15053226,2022-07-01,0.2,-0.9,3156
15053226,2022-07-01,0.2,-0.8,5862
15053226,2022-07-01,0.2,-0.7,3385
15053226,2022-07-01,0.2,-0.6,2109
15053226,2022-07-01,0.2,-0.5,2276
15053226,2022-07-01,0.2,-0.4,2681
15053226,2022-07-01,0.2,-0.3,5124
15053226,2022-07-01,0.2,-0.2,4100
15053226,2022-07-01,0.2,-0.1,786
15053226,2022-07-01,0.2,0.0,209
15053226,2022-07-01,0.2,0.1,41
15053226,2022-07-01,0.2,0.2,10
15053226,2022-07-01,0.2,0.3,9
15053226,2022-07-01,0.2,0.4,1
15053226,2022-07-01,0.2,0.6,4
15053226,2022-07-01,0.2,0.7,1
15053226,2022-07-01,0.2,0.8,1
15053226,2022-07-01,0.2,1.0,1
15053226,2022-07-01,0.2,1.3,1
15053226,2022-07-01,0.22,-3.0,22
15053226,2022-07-01,0.22,-2.9,24
15053226,2022-07-01,0.22,-2.8,35
15053226,2022-07-01,0.22,-2.7,26
15053226,2022-07-01,0.22,-2.6,80
15053226,2022-07-01,0.22,-2.5,67
15053226,2022-07-01,0.22,-2.4,111
15053226,2022-07-01,0.22,-2.3,108
15053226,2022-07-01,0.22,-2.2,317
15053226,2022-07-01,0.22,-2.1,263
15053226,2022-07-01,0.22,-2.0,302
15053226,2022-07-01,0.22,-1.9,258
15053226,2022-07-01,0.22,-1.8,372
15053226,2022-07-01,0.22,-1.7,622
15053226,2022-07-01,0.22,-1.6,8299
15053226,2022-07-01,0.22,-1.5,1763
15053226,2022-07-01,0.22,-1.4,1853
15053226,2022-07-01,0.22,-1.3,1905
15053226,2022-07-01,0.22,-1.2,1587
15053226,2022-07-01,0.22,-1.1,2383
15053226,2022-07-01,0.22,-1.0,2900
15053226,2022-07-01,0.22,-0.9,4358
15053226,2022-07-01,0.22,-0.8,6786
15053226,2022-07-01,0.22,-0.7,2791
15053226,2022-07-01,0.22,-0.6,1539
15053226,2022-07-01,0.22,-0.5,1605
15053226,2022-07-01,0.22,-0.4,2066
15053226,2022-07-01,0.22,-0.3,2691
15053226,2022-07-01,0.22,-0.2,3571
15053226,2022-07-01,0.22,-0.1,1854
15053226,2022-07-01,0.22,0.0,195
15053226,2022-07-01,0.22,0.1,32
15053226,2022-07-01,0.22,0.2,7
15053226,2022-07-01,0.22,0.3,4
15053226,2022-07-01,0.22,0.6,1
15053226,2022-07-01,0.22,0.7,2
15053226,2022-07-01,0.22,0.8,2
15053226,2022-07-01,0.22,1.2,1
15053226,2022-07-01,0.22,1.3,1
15053226,2022-07-01,0.24,-3.0,21
15053226,2022-07-01,0.24,-2.9,8
15053226,2022-07-01,0.24,-2.8,14
15053226,2022-07-01,0.24,-2.7,40
15053226,2022-07-01,0.24,-2.6,46
15053226,2022-07-01,0.24,-2.5,69
15053226,2022-07-01,0.24,-2.4,94
15053226,2022-07-01,0.24,-2.3,95
15053226,2022-07-01,0.24,-2.2,420
15053226,2022-07-01,0.24,-2.1,359
15053226,2022-07-01,0.24,-2.0,604
15053226,2022-07-01,0.24,-1.9,503
15053226,2022-07-01,0.24,-1.8,556
15053226,2022-07-01,0.24,-1.7,719
15053226,2022-07-01,0.24,-1.6,8168
15053226,2022-07-01,0.24,-1.5,2367
15053226,2022-07-01,0.24,-1.4,2732
15053226,2022-07-01,0.24,-1.3,3091
15053226,2022-07-01,0.24,-1.2,2041
15053226,2022-07-01,0.24,-1.1,2420
15053226,2022-07-01,0.24,-1.0,3602
15053226,2022-07-01,0.24,-0.9,4206
15053226,2022-07-01,0.24,-0.8,6103
15053226,2022-07-01,0.24,-0.7,3611
15053226,2022-07-01,0.24,-0.6,1594
15053226,2022-07-01,0.24,-0.5,1311
15053226,2022-07-01,0.24,-0.4,1962
15053226,2022-07-01,0.24,-0.3,2080
15053226,2022-07-01,0.24,-0.2,4640
15053226,2022-07-01,0.24,-0.1,707
15053226,2022-07-01,0.24,0.0,137
15053226,2022-07-01,0.24,0.1,21
15053226,2022-07-01,0.24,0.2,5
15053226,2022-07-01,0.24,0.3,4
15053226,2022-07-01,0.24,0.7,3
15053226,2022-07-01,0.24,0.8,3
15053226,2022-07-01,0.26,-3.0,25
15053226,2022-07-01,0.26,-2.9,5
15053226,2022-07-01,0.26,-2.8,7
15053226,2022-07-01,0.26,-2.7,25
15053226,2022-07-01,0.26,-2.6,60
15053226,2022-07-01,0.26,-2.5,56
15053226,2022-07-01,0.26,-2.4,88
15053226,2022-07-01,0.26,-2.3,152
15053226,2022-07-01,0.26,-2.2,733
15053226,2022-07-01,0.26,-2.1,414
15053226,2022-07-01,0.26,-2.0,446
15053226,2022-07-01,0.26,-1.9,648
15053226,2022-07-01,0.26,-1.8,1040
15053226,2022-07-01,0.26,-1.7,1014
15053226,2022-07-01,0.26,-1.6,4115
15053226,2022-07-01,0.26,-1.5,7967
15053226,2022-07-01,0.26,-1.4,2829
15053226,2022-07-01,0.26,-1.3,3702
15053226,2022-07-01,0.26,-1.2,3285
15053226,2022-07-01,0.26,-1.1,3271
15053226,2022-07-01,0.26,-1.0,3639
15053226,2022-07-01,0.26,-0.9,5529
15053226,2022-07-01,0.26,-0.8,5721
15053226,2022-07-01,0.26,-0.7,2343
15053226,2022-07-01,0.26,-0.6,1390
15053226,2022-07-01,0.26,-0.5,1468
15053226,2022-07-01,0.26,-0.4,2017
15053226,2022-07-01,0.26,-0.3,1486
15053226,2022-07-01,0.26,-0.2,5148
15053226,2022-07-01,0.26,-0.1,1243
15053226,2022-07-01,0.26,0.0,187
15053226,2022-07-01,0.26,0.1,23
15053226,2022-07-01,0.26,0.2,8
15053226,2022-07-01,0.26,0.3,12
15053226,2022-07-01,0.26,0.5,1
15053226,2022-07-01,0.26,0.7,1
15053226,2022-07-01,0.26,1.0,1
15053226,2022-07-01,0.28,-3.0,47
15053226,2022-07-01,0.28,-2.9,4
15053226,2022-07-01,0.28,-2.8,4
15053226,2022-07-01,0.28,-2.7,10
15053226,2022-07-01,0.28,-2.6,13
15053226,2022-07-01,0.28,-2.5,89
15053226,2022-07-01,0.28,-2.4,92
15053226,2022-07-01,0.28,-2.3,177
15053226,2022-07-01,0.28,-2.2,375
15053226,2022-07-01,0.28,-2.1,439
15053226,2022-07-01,0.28,-2.0,552
15053226,2022-07-01,0.28,-1.9,848
15053226,2022-07-01,0.28,-1.8,1076
15053226,2022-07-01,0.28,-1.7,1552
15053226,2022-07-01,0.28,-1.6,2464
15053226,2022-07-01,0.28,-1.5,3752
15053226,2022-07-01,0.28,-1.4,3209
15053226,2022-07-01,0.28,-1.3,3733
15053226,2022-07-01,0.28,-1.2,3610
15053226,2022-07-01,0.28,-1.1,4183
15053226,2022-07-01,0.28,-1.0,5764
15053226,2022-07-01,0.28,-0.9,5454
15053226,2022-07-01,0.28,-0.8,6183
15053226,2022-07-01,0.28,-0.7,3032
15053226,2022-07-01,0.28,-0.6,1663
15053226,2022-07-01,0.28,-0.5,1618
15053226,2022-07-01,0.28,-0.4,2556
15053226,2022-07-01,0.28,-0.3,2029
15053226,2022-07-01,0.28,-0.2,1598
15053226,2022-07-01,0.28,-0.1,571
15053226,2022-07-01,0.28,0.0,102
15053226,2022-07-01,0.28,0.1,35
15053226,2022-07-01,0.28,0.2,12
15053226,2022-07-01,0.28,0.3,5
15053226,2022-07-01,0.28,0.4,7
15053226,2022-07-01,0.28,0.5,1
15053226,2022-07-01,0.28,0.6,1
15053226,2022-07-01,0.28,0.7,6
15053226,2022-07-01,0.28,0.9,2
15053226,2022-07-01,0.3,-3.0,91
15053226,2022-07-01,0.3,-2.9,5
15053226,2022-07-01,0.3,-2.8,14
15053226,2022-07-01,0.3,-2.7,11
15053226,2022-07-01,0.3,-2.6,19
15053226,2022-07-01,0.3,-2.5,31
15053226,2022-07-01,0.3,-2.4,104
15053226,2022-07-01,0.3,-2.3,150
15053226,2022-07-01,0.3,-2.2,325
15053226,2022-07-01,0.3,-2.1,597
15053226,2022-07-01,0.3,-2.0,920
15053226,2022-07-01,0.3,-1.9,1004
15053226,2022-07-01,0.3,-1.8,1576
15053226,2022-07-01,0.3,-1.7,2240
15053226,2022-07-01,0.3,-1.6,4898
15053226,2022-07-01,0.3,-1.5,7837
15053226,2022-07-01,0.3,-1.4,6508
15053226,2022-07-01,0.3,-1.3,4782
15053226,2022-07-01,0.3,-1.2,5297
15053226,2022-07-01,0.3,-1.1,7865
15053226,2022-07-01,0.3,-1.0,32375
15053226,2022-07-01,0.3,-0.9,7393
15053226,2022-07-01,0.3,-0.8,6228
15053226,2022-07-01,0.3,-0.7,3260
15053226,2022-07-01,0.3,-0.6,1655
15053226,2022-07-01,0.3,-0.5,1957
15053226,2022-07-01,0.3,-0.4,2413
15053226,2022-07-01,0.3,-0.3,1517
15053226,2022-07-01,0.3,-0.2,1370
15053226,2022-07-01,0.3,-0.1,1295
15053226,2022-07-01,0.3,0.0,108
15053226,2022-07-01,0.3,0.1,26
15053226,2022-07-01,0.3,0.2,14
15053226,2022-07-01,0.3,0.3,8
15053226,2022-07-01,0.3,0.7,4
15053226,2022-07-01,0.3,0.8,5
15053226,2022-07-01,0.3,0.9,3
15053226,2022-07-01,0.3,1.0,5
15053226,2022-07-01,0.32,-3.0,81
15053226,2022-07-01,0.32,-2.9,13
15053226,2022-07-01,0.32,-2.8,5
15053226,2022-07-01,0.32,-2.7,5
15053226,2022-07-01,0.32,-2.6,15
15053226,2022-07-01,0.32,-2.5,19
15053226,2022-07-01,0.32,-2.4,77
15053226,2022-07-01,0.32,-2.3,145
15053226,2022-07-01,0.32,-2.2,270
15053226,2022-07-01,0.32,-2.1,514
15053226,2022-07-01,0.32,-2.0,1249
15053226,2022-07-01,0.32,-1.9,1020
15053226,2022-07-01,0.32,-1.8,1453
15053226,2022-07-01,0.32,-1.7,2743
15053226,2022-07-01,0.32,-1.6,3610
15053226,2022-07-01,0.32,-1.5,6267
15053226,2022-07-01,0.32,-1.4,12202
15053226,2022-07-01,0.32,-1.3,7686
15053226,2022-07-01,0.32,-1.2,7375
15053226,2022-07-01,0.32,-1.1,8124
15053226,2022-07-01,0.32,-1.0,11229
15053226,2022-07-01,0.32,-0.9,10239
15053226,2022-07-01,0.32,-0.8,8862
15053226,2022-07-01,0.32,-0.7,3082
15053226,2022-07-01,0.32,-0.6,1980
15053226,2022-07-01,0.32,-0.5,1564
15053226,2022-07-01,0.32,-0.4,1805
15053226,2022-07-01,0.32,-0.3,1346
15053226,2022-07-01,0.32,-0.2,1488
15053226,2022-07-01,0.32,-0.1,574
15053226,2022-07-01,0.32,0.0,149
15053226,2022-07-01,0.32,0.1,57
15053226,2022-07-01,0.32,0.2,7
15053226,2022-07-01,0.32,0.3,10
15053226,2022-07-01,0.32,0.6,2
15053226,2022-07-01,0.32,0.7,8
15053226,2022-07-01,0.32,0.8,10
15053226,2022-07-01,0.32,0.9,39
15053226,2022-07-01,0.32,1.1,1
15053226,2022-07-01,0.34,-3.0,63
15053226,2022-07-01,0.34,-2.9,16
15053226,2022-07-01,0.34,-2.8,14
15053226,2022-07-01,0.34,-2.7,16
15053226,2022-07-01,0.34,-2.6,13
15053226,2022-07-01,0.34,-2.5,28
15053226,2022-07-01,0.34,-2.4,77
15053226,2022-07-01,0.34,-2.3,92
15053226,2022-07-01,0.34,-2.2,166
15053226,2022-07-01,0.34,-2.1,332
15053226,2022-07-01,0.34,-2.0,732
15053226,2022-07-01,0.34,-1.9,784
15053226,2022-07-01,0.34,-1.8,1203
15053226,2022-07-01,0.34,-1.7,2152
15053226,2022-07-01,0.34,-1.6,3587
15053226,2022-07-01,0.34,-1.5,10353
15053226,2022-07-01,0.34,-1.4,10576
15053226,2022-07-01,0.34,-1.3,10809
15053226,2022-07-01,0.34,-1.2,11006
15053226,2022-07-01,0.34,-1.1,11802
15053226,2022-07-01,0.34,-1.0,17579
15053226,2022-07-01,0.34,-0.9,19853
15053226,2022-07-01,0.34,-0.8,11518
15053226,2022-07-01,0.34,-0.7,5219
15053226,2022-07-01,0.34,-0.6,2686
15053226,2022-07-01,0.34,-0.5,2516
15053226,2022-07-01,0.34,-0.4,2009
15053226,2022-07-01,0.34,-0.3,1416
15053226,2022-07-01,0.34,-0.2,1495
15053226,2022-07-01,0.34,-0.1,948
15053226,2022-07-01,0.34,0.0,175
15053226,2022-07-01,0.34,0.1,44
15053226,2022-07-01,0.34,0.2,29
15053226,2022-07-01,0.34,0.3,32
15053226,2022-07-01,0.34,0.4,1
15053226,2022-07-01,0.34,0.5,1
15053226,2022-07-01,0.34,0.7,6
15053226,2022-07-01,0.34,0.8,3
15053226,2022-07-01,0.34,0.9,11
15053226,2022-07-01,0.34,1.0,1
15053226,2022-07-01,0.36,-3.0,58
15053226,2022-07-01,0.36,-2.9,11
15053226,2022-07-01,0.36,-2.8,33
15053226,2022-07-01,0.36,-2.7,10
15053226,2022-07-01,0.36,-2.6,13
15053226,2022-07-01,0.36,-2.5,23
15053226,2022-07-01,0.36,-2.4,84
15053226,2022-07-01,0.36,-2.3,110
15053226,2022-07-01,0.36,-2.2,151
15053226,2022-07-01,0.36,-2.1,300
15053226,2022-07-01,0.36,-2.0,397
15053226,2022-07-01,0.36,-1.9,769
15053226,2022-07-01,0.36,-1.8,1043
15053226,2022-07-01,0.36,-1.7,1508
15053226,2022-07-01,0.36,-1.6,3290
15053226,2022-07-01,0.36,-1.5,4984
15053226,2022-07-01,0.36,-1.4,12378
15053226,2022-07-01,0.36,-1.3,11987
15053226,2022-07-01,0.36,-1.2,13195
15053226,2022-07-01,0.36,-1.1,22273
15053226,2022-07-01,0.36,-1.0,30469
15053226,2022-07-01,0.36,-0.9,85665
15053226,2022-07-01,0.36,-0.8,27598
15053226,2022-07-01,0.36,-0.7,8423
15053226,2022-07-01,0.36,-0.6,4588
15053226,2022-07-01,0.36,-0.5,2659
15053226,2022-07-01,0.36,-0.4,4942
15053226,2022-07-01,0.36,-0.3,1747
15053226,2022-07-01,0.36,-0.2,806
15053226,2022-07-01,0.36,-0.1,702
15053226,2022-07-01,0.36,0.0,105
15053226,2022-07-01,0.36,0.1,103
15053226,2022-07-01,0.36,0.2,23
15053226,2022-07-01,0.36,0.3,7
15053226,2022-07-01,0.36,0.4,4
15053226,2022-07-01,0.36,0.5,1
15053226,2022-07-01,0.36,0.6,2
15053226,2022-07-01,0.36,0.7,4
15053226,2022-07-01,0.36,1.0,2
15053226,2022-07-01,0.36,1.1,357
15053226,2022-07-01,0.38,-3.0,36
15053226,2022-07-01,0.38,-2.9,38
15053226,2022-07-01,0.38,-2.8,11
15053226,2022-07-01,0.38,-2.7,41
15053226,2022-07-01,0.38,-2.6,13
15053226,2022-07-01,0.38,-2.5,26
15053226,2022-07-01,0.38,-2.4,104
15053226,2022-07-01,0.38,-2.3,100
15053226,2022-07-01,0.38,-2.2,135
15053226,2022-07-01,0.38,-2.1,174
15053226,2022-07-01,0.38,-2.0,356
15053226,2022-07-01,0.38,-1.9,637
15053226,2022-07-01,0.38,-1.8,914
15053226,2022-07-01,0.38,-1.7,1328
15053226,2022-07-01,0.38,-1.6,2153
15053226,2022-07-01,0.38,-1.5,3355
15053226,2022-07-01,0.38,-1.4,6094
15053226,2022-07-01,0.38,-1.3,8745
15053226,2022-07-01,0.38,-1.2,13090
15053226,2022-07-01,0.38,-1.1,24577
15053226,2022-07-01,0.38,-1.0,36473
15053226,2022-07-01,0.38,-0.9,49184
15053226,2022-07-01,0.38,-0.8,58913
15053226,2022-07-01,0.38,-0.7,15924
15053226,2022-07-01,0.38,-0.6,14786
15053226,2022-07-01,0.38,-0.5,6842
15053226,2022-07-01,0.38,-0.4,3286
15053226,2022-07-01,0.38,-0.3,4043
15053226,2022-07-01,0.38,-0.2,693
15053226,2022-07-01,0.38,-0.1,405
15053226,2022-07-01,0.38,0.0,115
15053226,2022-07-01,0.38,0.1,115
15053226,2022-07-01,0.38,0.2,55
15053226,2022-07-01,0.38,0.3,3
15053226,2022-07-01,0.38,0.4,2
15053226,2022-07-01,0.38,0.7,6
15053226,2022-07-01,0.4,-3.0,7
15053226,2022-07-01,0.4,-2.9,32
15053226,2022-07-01,0.4,-2.8,25
15053226,2022-07-01,0.4,-2.7,10
15053226,2022-07-01,0.4,-2.6,22
15053226,2022-07-01,0.4,-2.5,30
15053226,2022-07-01,0.4,-2.4,76
15053226,2022-07-01,0.4,-2.3,80
15053226,2022-07-01,0.4,-2.2,174
15053226,2022-07-01,0.4,-2.1,160
15053226,2022-07-01,0.4,-2.0,289
15053226,2022-07-01,0.4,-1.9,455
15053226,2022-07-01,0.4,-1.8,720
15053226,2022-07-01,0.4,-1.7,1441
15053226,2022-07-01,0.4,-1.6,1793
15053226,2022-07-01,0.4,-1.5,2577
15053226,2022-07-01,0.4,-1.4,5148
15053226,2022-07-01,0.4,-1.3,9584
15053226,2022-07-01,0.4,-1.2,13338
15053226,2022-07-01,0.4,-1.1,27563
15053226,2022-07-01,0.4,-1.0,215618
15053226,2022-07-01,0.4,-0.9,49749
15053226,2022-07-01,0.4,-0.8,48719
15053226,2022-07-01,0.4,-0.7,17336
15053226,2022-07-01,0.4,-0.6,8599
15053226,2022-07-01,0.4,-0.5,11041
15053226,2022-07-01,0.4,-0.4,5290
15053226,2022-07-01,0.4,-0.3,1410
15053226,2022-07-01,0.4,-0.2,1201
15053226,2022-07-01,0.4,-0.1,669
15053226,2022-07-01,0.4,0.0,142
15053226,2022-07-01,0.4,0.1,172
15053226,2022-07-01,0.4,0.2,20
15053226,2022-07-01,0.4,0.3,10
15053226,2022-07-01,0.4,0.4,4
15053226,2022-07-01,0.4,0.5,8
15053226,2022-07-01,0.4,0.6,3
15053226,2022-07-01,0.4,0.7,7
15053226,2022-07-01,0.4,0.9,2
15053226,2022-07-01,0.42,-3.0,6
15053226,2022-07-01,0.42,-2.9,3
15053226,2022-07-01,0.42,-2.8,10
15053226,2022-07-01,0.42,-2.7,13
15053226,2022-07-01,0.42,-2.6,8
15053226,2022-07-01,0.42,-2.5,22
15053226,2022-07-01,0.42,-2.4,84
15053226,2022-07-01,0.42,-2.3,76
15053226,2022-07-01,0.42,-2.2,136
15053226,2022-07-01,0.42,-2.1,364
15053226,2022-07-01,0.42,-2.0,794
15053226,2022-07-01,0.42,-1.9,723
15053226,2022-07-01,0.42,-1.8,1102
15053226,2022-07-01,0.42,-1.7,1361
15053226,2022-07-01,0.42,-1.6,4557
15053226,2022-07-01,0.42,-1.5,2242
15053226,2022-07-01,0.42,-1.4,4010
15053226,2022-07-01,0.42,-1.3,7323
15053226,2022-07-01,0.42,-1.2,13511
15053226,2022-07-01,0.42,-1.1,15770
15053226,2022-07-01,0.42,-1.0,23476
15053226,2022-07-01,0.42,-0.9,55001
15053226,2022-07-01,0.42,-0.8,35680
15053226,2022-07-01,0.42,-0.7,15185
15053226,2022-07-01,0.42,-0.6,7940
15053226,2022-07-01,0.42,-0.5,7421
15053226,2022-07-01,0.42,-0.4,2565
15053226,2022-07-01,0.42,-0.3,1441
15053226,2022-07-01,0.42,-0.2,741
15053226,2022-07-01,0.42,-0.1,553
15053226,2022-07-01,0.42,0.0,159
15053226,2022-07-01,0.42,0.1,83
15053226,2022-07-01,0.42,0.2,14
15053226,2022-07-01,0.42,0.3,2
15053226,2022-07-01,0.42,0.4,2
15053226,2022-07-01,0.42,0.6,2
15053226,2022-07-01,0.42,0.7,3
15053226,2022-07-01,0.42,1.0,1
15053226,2022-07-01,0.44,-3.0,5
15053226,2022-07-01,0.44,-2.9,9
15053226,2022-07-01,0.44,-2.8,2
15053226,2022-07-01,0.44,-2.7,8
15053226,2022-07-01,0.44,-2.6,9
15053226,2022-07-01,0.44,-2.5,10
15053226,2022-07-01,0.44,-2.4,24
15053226,2022-07-01,0.44,-2.3,78
15053226,2022-07-01,0.44,-2.2,132
15053226,2022-07-01,0.44,-2.1,704
15053226,2022-07-01,0.44,-2.0,217
15053226,2022-07-01,0.44,-1.9,637
15053226,2022-07-01,0.44,-1.8,1050
15053226,2022-07-01,0.44,-1.7,1120
15053226,2022-07-01,0.44,-1.6,1992
15053226,2022-07-01,0.44,-1.5,2038
15053226,2022-07-01,0.44,-1.4,3198
15053226,2022-07-01,0.44,-1.3,4585
15053226,2022-07-01,0.44,-1.2,14164
15053226,2022-07-01,0.44,-1.1,13394
15053226,2022-07-01,0.44,-1.0,16118
15053226,2022-07-01,0.44,-0.9,40661
15053226,2022-07-01,0.44,-0.8,21307
15053226,2022-07-01,0.44,-0.7,35650
15053226,2022-07-01,0.44,-0.6,7445
15053226,2022-07-01,0.44,-0.5,7104
15053226,2022-07-01,0.44,-0.4,2677
15053226,2022-07-01,0.44,-0.3,2170
15053226,2022-07-01,0.44,-0.2,1170
15053226,2022-07-01,0.44,-0.1,553
15053226,2022-07-01,0.44,0.0,133
15053226,2022-07-01,0.44,0.1,96
15053226,2022-07-01,0.44,0.2,17
15053226,2022-07-01,0.44,0.3,9
15053226,2022-07-01,0.44,0.4,8
15053226,2022-07-01,0.44,0.5,2
15053226,2022-07-01,0.44,0.6,3
15053226,2022-07-01,0.44,0.7,5
15053226,2022-07-01,0.44,0.8,1
15053226,2022-07-01,0.44,0.9,1
15053226,2022-07-01,0.44,1.1,2
15053226,2022-07-01,0.46,-3.0,4
15053226,2022-07-01,0.46,-2.9,6
15053226,2022-07-01,0.46,-2.8,3
15053226,2022-07-01,0.46,-2.7,8
15053226,2022-07-01,0.46,-2.6,3
15053226,2022-07-01,0.46,-2.5,10
15053226,2022-07-01,0.46,-2.4,34
15053226,2022-07-01,0.46,-2.3,74
15053226,2022-07-01,0.46,-2.2,469
15053226,2022-07-01,0.46,-2.1,94
15053226,2022-07-01,0.46,-2.0,182
15053226,2022-07-01,0.46,-1.9,471
15053226,2022-07-01,0.46,-1.8,780
15053226,2022-07-01,0.46,-1.7,728
15053226,2022-07-01,0.46,-1.6,1214
15053226,2022-07-01,0.46,-1.5,2267
15053226,2022-07-01,0.46,-1.4,3076
15053226,2022-07-01,0.46,-1.3,4270
15053226,2022-07-01,0.46,-1.2,6860
15053226,2022-07-01,0.46,-1.1,7989
15053226,2022-07-01,0.46,-1.0,8865
15053226,2022-07-01,0.46,-0.9,12501
15053226,2022-07-01,0.46,-0.8,14914
15053226,2022-07-01,0.46,-0.7,9746
15053226,2022-07-01,0.46,-0.6,6134
15053226,2022-07-01,0.46,-0.5,4580
15053226,2022-07-01,0.46,-0.4,2771
15053226,2022-07-01,0.46,-0.3,1882
15053226,2022-07-01,0.46,-0.2,1067
15053226,2022-07-01,0.46,-0.1,576
15053226,2022-07-01,0.46,0.0,182
15053226,2022-07-01,0.46,0.1,96
15053226,2022-07-01,0.46,0.2,20
15053226,2022-07-01,0.46,0.3,13
15053226,2022-07-01,0.46,0.4,3
15053226,2022-07-01,0.46,0.5,4
15053226,2022-07-01,0.46,0.6,4
15053226,2022-07-01,0.46,0.7,12
15053226,2022-07-01,0.46,0.8,2
15053226,2022-07-01,0.48,-3.0,5
15053226,2022-07-01,0.48,-2.9,4
15053226,2022-07-01,0.48,-2.8,1
15053226,2022-07-01,0.48,-2.7,2
15053226,2022-07-01,0.48,-2.5,3
15053226,2022-07-01,0.48,-2.4,60
15053226,2022-07-01,0.48,-2.3,106
15053226,2022-07-01,0.48,-2.2,323
15053226,2022-07-01,0.48,-2.1,206
15053226,2022-07-01,0.48,-2.0,76
15053226,2022-07-01,0.48,-1.9,1083
15053226,2022-07-01,0.48,-1.8,1403
15053226,2022-07-01,0.48,-1.7,756
15053226,2022-07-01,0.48,-1.6,702
15053226,2022-07-01,0.48,-1.5,1768
15053226,2022-07-01,0.48,-1.4,3043
15053226,2022-07-01,0.48,-1.3,3995
15053226,2022-07-01,0.48,-1.2,3843
15053226,2022-07-01,0.48,-1.1,4626
15053226,2022-07-01,0.48,-1.0,5692
15053226,2022-07-01,0.48,-0.9,9686
15053226,2022-07-01,0.48,-0.8,14738
15053226,2022-07-01,0.48,-0.7,6580
15053226,2022-07-01,0.48,-0.6,8452
15053226,2022-07-01,0.48,-0.5,4419
15053226,2022-07-01,0.48,-0.4,3480
15053226,2022-07-01,0.48,-0.3,1759
15053226,2022-07-01,0.48,-0.2,1066
15053226,2022-07-01,0.48,-0.1,800
15053226,2022-07-01,0.48,0.0,799
15053226,2022-07-01,0.48,0.1,360
15053226,2022-07-01,0.48,0.2,23
15053226,2022-07-01,0.48,0.3,14
15053226,2022-07-01,0.48,0.4,4
15053226,2022-07-01,0.48,0.5,4
15053226,2022-07-01,0.48,0.6,7
15053226,2022-07-01,0.48,0.7,50
15053226,2022-07-01,0.48,0.8,2
15053226,2022-07-01,0.48,0.9,1
15053226,2022-07-01,0.48,1.1,1
15053226,2022-07-01,0.48,1.2,3
15053226,2022-07-01,0.5,-3.0,20
15053226,2022-07-01,0.5,-2.9,35
15053226,2022-07-01,0.5,-2.8,1
15053226,2022-07-01,0.5,-2.6,1
15053226,2022-07-01,0.5,-2.4,5
15053226,2022-07-01,0.5,-2.3,223
15053226,2022-07-01,0.5,-2.2,499
15053226,2022-07-01,0.5,-2.1,408
15053226,2022-07-01,0.5,-2.0,51
15053226,2022-07-01,0.5,-1.9,127
15053226,2022-07-01,0.5,-1.8,636
15053226,2022-07-01,0.5,-1.7,664
15053226,2022-07-01,0.5,-1.6,469
15053226,2022-07-01,0.5,-1.5,1469
15053226,2022-07-01,0.5,-1.4,3399
15053226,2022-07-01,0.5,-1.3,7868
15053226,2022-07-01,0.5,-1.2,2630
15053226,2022-07-01,0.5,-1.1,2682
15053226,2022-07-01,0.5,-1.0,4937
15053226,2022-07-01,0.5,-0.9,7645
15053226,2022-07-01,0.5,-0.8,8044
15053226,2022-07-01,0.5,-0.7,6995
15053226,2022-07-01,0.5,-0.6,6753
15053226,2022-07-01,0.5,-0.5,3836
15053226,2022-07-01,0.5,-0.4,7606
15053226,2022-07-01,0.5,-0.3,5914
15053226,2022-07-01,0.5,-0.2,910
15053226,2022-07-01,0.5,-0.1,1510
15053226,2022-07-01,0.5,0.0,1156
15053226,2022-07-01,0.5,0.1,51
15053226,2022-07-01,0.5,0.2,67
15053226,2022-07-01,0.5,0.3,12
15053226,2022-07-01,0.5,0.4,5
15053226,2022-07-01,0.5,0.5,2
15053226,2022-07-01,0.5,0.6,3
15053226,2022-07-01,0.5,0.7,3
15053226,2022-07-01,0.5,0.8,15
15053226,2022-07-01,0.5,0.9,2
15053226,2022-07-01,0.5,1.0,2
15053226,2022-07-01,0.52,-3.0,1
15053226,2022-07-01,0.52,-2.9,22
15053226,2022-07-01,0.52,-2.8,5
15053226,2022-07-01,0.52,-2.6,1
15053226,2022-07-01,0.52,-2.4,1
15053226,2022-07-01,0.52,-2.3,6
15053226,2022-07-01,0.52,-2.2,107
15053226,2022-07-01,0.52,-2.1,483
15053226,2022-07-01,0.52,-2.0,44
15053226,2022-07-01,0.52,-1.9,42
15053226,2022-07-01,0.52,-1.8,167
15053226,2022-07-01,0.52,-1.7,278
15053226,2022-07-01,0.52,-1.6,497
15053226,2022-07-01,0.52,-1.5,1020
15053226,2022-07-01,0.52,-1.4,14425
15053226,2022-07-01,0.52,-1.3,2640
15053226,2022-07-01,0.52,-1.2,2253
15053226,2022-07-01,0.52,-1.1,2254
15053226,2022-07-01,0.52,-1.0,3556
15053226,2022-07-01,0.52,-0.9,6641
15053226,2022-07-01,0.52,-0.8,5765
15053226,2022-07-01,0.52,-0.7,5692
15053226,2022-07-01,0.52,-0.6,4031
15053226,2022-07-01,0.52,-0.5,4270
15053226,2022-07-01,0.52,-0.4,4650
15053226,2022-07-01,0.52,-0.3,2784
15053226,2022-07-01,0.52,-0.2,1244
15053226,2022-07-01,0.52,-0.1,674
15053226,2022-07-01,0.52,0.0,777
15053226,2022-07-01,0.52,0.1,42
15053226,2022-07-01,0.52,0.2,107
15053226,2022-07-01,0.52,0.3,17
15053226,2022-07-01,0.52,0.4,11
15053226,2022-07-01,0.52,0.5,2
15053226,2022-07-01,0.52,0.6,3
15053226,2022-07-01,0.52,0.7,10
15053226,2022-07-01,0.52,0.8,3
15053226,2022-07-01,0.52,0.9,2
15053226,2022-07-01,0.52,1.0,2
15053226,2022-07-01,0.52,1.1,1
15053226,2022-07-01,0.54,-2.9,2
15053226,2022-07-01,0.54,-2.8,1
15053226,2022-07-01,0.54,-2.6,2
15053226,2022-07-01,0.54,-2.5,2
15053226,2022-07-01,0.54,-2.2,24
15053226,2022-07-01,0.54,-2.1,4014
15053226,2022-07-01,0.54,-2.0,28
15053226,2022-07-01,0.54,-1.9,30
15053226,2022-07-01,0.54,-1.8,207
15053226,2022-07-01,0.54,-1.7,266
15053226,2022-07-01,0.54,-1.6,284
15053226,2022-07-01,0.54,-1.5,548
15053226,2022-07-01,0.54,-1.4,4999
15053226,2022-07-01,0.54,-1.3,3742
15053226,2022-07-01,0.54,-1.2,1191
15053226,2022-07-01,0.54,-1.1,1659
15053226,2022-07-01,0.54,-1.0,3215
15053226,2022-07-01,0.54,-0.9,4249
15053226,2022-07-01,0.54,-0.8,4592
15053226,2022-07-01,0.54,-0.7,6476
15053226,2022-07-01,0.54,-0.6,4243
15053226,2022-07-01,0.54,-0.5,2587
15053226,2022-07-01,0.54,-0.4,3469
15053226,2022-07-01,0.54,-0.3,4053
15053226,2022-07-01,0.54,-0.2,761
15053226,2022-07-01,0.54,-0.1,593
15053226,2022-07-01,0.54,0.0,1155
15053226,2022-07-01,0.54,0.1,89
15053226,2022-07-01,0.54,0.2,490
15053226,2022-07-01,0.54,0.3,66
15053226,2022-07-01,0.54,0.4,7
15053226,2022-07-01,0.54,0.6,4
15053226,2022-07-01,0.54,0.7,3
15053226,2022-07-01,0.54,0.9,31
15053226,2022-07-01,0.54,1.0,1
15053226,2022-07-01,0.54,1.1,1
15053226,2022-07-01,0.54,1.2,1
15053226,2022-07-01,0.56,-2.8,3
15053226,2022-07-01,0.56,-2.7,1
15053226,2022-07-01,0.56,-2.6,1
15053226,2022-07-01,0.56,-2.5,4
15053226,2022-07-01,0.56,-2.3,3
15053226,2022-07-01,0.56,-2.2,8
15053226,2022-07-01,0.56,-2.1,23
15053226,2022-07-01,0.56,-2.0,55
15053226,2022-07-01,0.56,-1.9,29
15053226,2022-07-01,0.56,-1.8,105
15053226,2022-07-01,0.56,-1.7,116
15053226,2022-07-01,0.56,-1.6,185
15053226,2022-07-01,0.56,-1.5,262
15053226,2022-07-01,0.56,-1.4,715
15053226,2022-07-01,0.56,-1.3,2125
15053226,2022-07-01,0.56,-1.2,975
15053226,2022-07-01,0.56,-1.1,1233
15053226,2022-07-01,0.56,-1.0,1668
15053226,2022-07-01,0.56,-0.9,3098
15053226,2022-07-01,0.56,-0.8,3245
15053226,2022-07-01,0.56,-0.7,5496
15053226,2022-07-01,0.56,-0.6,2830
15053226,2022-07-01,0.56,-0.5,2047
15053226,2022-07-01,0.56,-0.4,1859
15053226,2022-07-01,0.56,-0.3,850
15053226,2022-07-01,0.56,-0.2,625
15053226,2022-07-01,0.56,-0.1,535
15053226,2022-07-01,0.56,0.0,646
15053226,2022-07-01,0.56,0.1,48
15053226,2022-07-01,0.56,0.2,380
15053226,2022-07-01,0.56,0.3,115
15053226,2022-07-01,0.56,0.4,2
15053226,2022-07-01,0.56,0.5,2
15053226,2022-07-01,0.56,0.6,2
15053226,2022-07-01,0.56,0.8,3
15053226,2022-07-01,0.56,0.9,2
15053226,2022-07-01,0.56,1.0,3
15053226,2022-07-01,0.58,-2.6,1
15053226,2022-07-01,0.58,-2.5,3
15053226,2022-07-01,0.58,-2.4,1
15053226,2022-07-01,0.58,-2.3,4
15053226,2022-07-01,0.58,-2.2,1
15053226,2022-07-01,0.58,-2.1,8
15053226,2022-07-01,0.58,-2.0,67
15053226,2022-07-01,0.58,-1.9,27
15053226,2022-07-01,0.58,-1.8,119
15053226,2022-07-01,0.58,-1.7,66
15053226,2022-07-01,0.58,-1.6,129
15053226,2022-07-01,0.58,-1.5,253
15053226,2022-07-01,0.58,-1.4,591
15053226,2022-07-01,0.58,-1.3,4492
15053226,2022-07-01,0.58,-1.2,1493
15053226,2022-07-01,0.58,-1.1,2246
15053226,2022-07-01,0.58,-1.0,2025
15053226,2022-07-01,0.58,-0.9,2679
15053226,2022-07-01,0.58,-0.8,2970
15053226,2022-07-01,0.58,-0.7,6097
15053226,2022-07-01,0.58,-0.6,2414
15053226,2022-07-01,0.58,-0.5,3605
15053226,2022-07-01,0.58,-0.4,1428
15053226,2022-07-01,0.58,-0.3,4118
15053226,2022-07-01,0.58,-0.2,587
15053226,2022-07-01,0.58,-0.1,631
15053226,2022-07-01,0.58,0.0,355
15053226,2022-07-01,0.58,0.1,64
15053226,2022-07-01,0.58,0.2,64
15053226,2022-07-01,0.58,0.3,39
15053226,2022-07-01,0.58,0.4,13
15053226,2022-07-01,0.58,0.5,1
15053226,2022-07-01,0.58,0.6,1
15053226,2022-07-01,0.58,0.7,4
15053226,2022-07-01,0.58,0.8,1
15053226,2022-07-01,0.58,0.9,1
15053226,2022-07-01,0.58,1.0,5
15053226,2022-07-01,0.58,1.1,5
15053226,2022-07-01,0.58,1.2,1
15053226,2022-07-01,0.6,-2.6,2
15053226,2022-07-01,0.6,-2.5,2
15053226,2022-07-01,0.6,-2.4,2
15053226,2022-07-01,0.6,-2.2,3
15053226,2022-07-01,0.6,-2.1,3
15053226,2022-07-01,0.6,-2.0,9
15053226,2022-07-01,0.6,-1.9,38
15053226,2022-07-01,0.6,-1.8,85
15053226,2022-07-01,0.6,-1.7,92
15053226,2022-07-01,0.6,-1.6,116
15053226,2022-07-01,0.6,-1.5,157
15053226,2022-07-01,0.6,-1.4,833
15053226,2022-07-01,0.6,-1.3,1370
15053226,2022-07-01,0.6,-1.2,1257
15053226,2022-07-01,0.6,-1.1,1193
15053226,2022-07-01,0.6,-1.0,1153
15053226,2022-07-01,0.6,-0.9,1145
15053226,2022-07-01,0.6,-0.8,2088
15053226,2022-07-01,0.6,-0.7,2171
15053226,2022-07-01,0.6,-0.6,2776
15053226,2022-07-01,0.6,-0.5,5233
15053226,2022-07-01,0.6,-0.4,1230
15053226,2022-07-01,0.6,-0.3,2542
15053226,2022-07-01,0.6,-0.2,472
15053226,2022-07-01,0.6,-0.1,246
15053226,2022-07-01,0.6,0.0,286
15053226,2022-07-01,0.6,0.1,108
15053226,2022-07-01,0.6,0.2,43
15053226,2022-07-01,0.6,0.3,6
15053226,2022-07-01,0.6,0.4,31
15053226,2022-07-01,0.6,0.5,1
15053226,2022-07-01,0.6,0.6,2
15053226,2022-07-01,0.6,0.7,1
15053226,2022-07-01,0.6,1.0,3
15053226,2022-07-01,0.6,1.1,45
15053226,2022-07-01,0.6,1.2,16
15053226,2022-07-01,0.62,-2.5,2
15053226,2022-07-01,0.62,-2.4,1
15053226,2022-07-01,0.62,-2.3,2
15053226,2022-07-01,0.62,-2.2,2
15053226,2022-07-01,0.62,-2.1,17
15053226,2022-07-01,0.62,-2.0,7
15053226,2022-07-01,0.62,-1.9,45
15053226,2022-07-01,0.62,-1.8,26
15053226,2022-07-01,0.62,-1.7,57
15053226,2022-07-01,0.62,-1.6,54
15053226,2022-07-01,0.62,-1.5,138
15053226,2022-07-01,0.62,-1.4,601
15053226,2022-07-01,0.62,-1.3,647
15053226,2022-07-01,0.62,-1.2,2295
15053226,2022-07-01,0.62,-1.1,683
15053226,2022-07-01,0.62,-1.0,623
15053226,2022-07-01,0.62,-0.9,663
15053226,2022-07-01,0.62,-0.8,1587
15053226,2022-07-01,0.62,-0.7,2155
15053226,2022-07-01,0.62,-0.6,3611
15053226,2022-07-01,0.62,-0.5,3218
15053226,2022-07-01,0.62,-0.4,1213
15053226,2022-07-01,0.62,-0.3,5071
15053226,2022-07-01,0.62,-0.2,579
15053226,2022-07-01,0.62,-0.1,230
15053226,2022-07-01,0.62,0.0,214
15053226,2022-07-01,0.62,0.1,444
15053226,2022-07-01,0.62,0.2,46
15053226,2022-07-01,0.62,0.3,15
15053226,2022-07-01,0.62,0.4,3
15053226,2022-07-01,0.62,1.0,3
15053226,2022-07-01,0.62,1.1,12
15053226,2022-07-01,0.62,1.2,7
15053226,2022-07-01,0.64,-2.3,1
15053226,2022-07-01,0.64,-2.2,4
15053226,2022-07-01,0.64,-2.1,5
15053226,2022-07-01,0.64,-2.0,11
15053226,2022-07-01,0.64,-1.9,19
15053226,2022-07-01,0.64,-1.8,17
15053226,2022-07-01,0.64,-1.7,25
15053226,2022-07-01,0.64,-1.6,23
15053226,2022-07-01,0.64,-1.5,106
15053226,2022-07-01,0.64,-1.4,658
15053226,2022-07-01,0.64,-1.3,245
15053226,2022-07-01,0.64,-1.2,821
15053226,2022-07-01,0.64,-1.1,626
15053226,2022-07-01,0.64,-1.0,537
15053226,2022-07-01,0.64,-0.9,540
15053226,2022-07-01,0.64,-0.8,1005
15053226,2022-07-01,0.64,-0.7,1867
15053226,2022-07-01,0.64,-0.6,6054
15053226,2022-07-01,0.64,-0.5,2415
15053226,2022-07-01,0.64,-0.4,1267
15053226,2022-07-01,0.64,-0.3,1020
15053226,2022-07-01,0.64,-0.2,566
15053226,2022-07-01,0.64,-0.1,195
15053226,2022-07-01,0.64,0.0,256
15053226,2022-07-01,0.64,0.1,492
15053226,2022-07-01,0.64,0.2,32
15053226,2022-07-01,0.64,0.3,17
15053226,2022-07-01,0.64,0.4,8
15053226,2022-07-01,0.64,0.6,1
15053226,2022-07-01,0.64,0.8,1
15053226,2022-07-01,0.64,1.0,1
15053226,2022-07-01,0.64,1.1,42
15053226,2022-07-01,0.64,1.2,11
15053226,2022-07-01,0.66,-2.4,2
15053226,2022-07-01,0.66,-2.3,2
15053226,2022-07-01,0.66,-2.1,19
15053226,2022-07-01,0.66,-2.0,10
15053226,2022-07-01,0.66,-1.9,11
15053226,2022-07-01,0.66,-1.8,11
15053226,2022-07-01,0.66,-1.7,12
15053226,2022-07-01,0.66,-1.6,20
15053226,2022-07-01,0.66,-1.5,52
15053226,2022-07-01,0.66,-1.4,249
15053226,2022-07-01,0.66,-1.3,359
15053226,2022-07-01,0.66,-1.2,596
15053226,2022-07-01,0.66,-1.1,411
15053226,2022-07-01,0.66,-1.0,276
15053226,2022-07-01,0.66,-0.9,524
15053226,2022-07-01,0.66,-0.8,788
15053226,2022-07-01,0.66,-0.7,1056
15053226,2022-07-01,0.66,-0.6,6291
15053226,2022-07-01,0.66,-0.5,2461
15053226,2022-07-01,0.66,-0.4,1131
15053226,2022-07-01,0.66,-0.3,834
15053226,2022-07-01,0.66,-0.2,558
15053226,2022-07-01,0.66,-0.1,145
15053226,2022-07-01,0.66,0.0,91
15053226,2022-07-01,0.66,0.1,99
15053226,2022-07-01,0.66,0.2,26
15053226,2022-07-01,0.66,0.3,17
15053226,2022-07-01,0.66,0.4,6
15053226,2022-07-01,0.66,1.0,1
15053226,2022-07-01,0.66,1.1,6
15053226,2022-07-01,0.68,-2.6,1
15053226,2022-07-01,0.68,-2.4,1
15053226,2022-07-01,0.68,-2.3,2
15053226,2022-07-01,0.68,-2.2,1
15053226,2022-07-01,0.68,-2.1,12
15053226,2022-07-01,0.68,-2.0,19
15053226,2022-07-01,0.68,-1.9,9
15053226,2022-07-01,0.68,-1.8,5
15053226,2022-07-01,0.68,-1.7,8
15053226,2022-07-01,0.68,-1.6,9
15053226,2022-07-01,0.68,-1.5,17
15053226,2022-07-01,0.68,-1.4,96
15053226,2022-07-01,0.68,-1.3,301
15053226,2022-07-01,0.68,-1.2,463
15053226,2022-07-01,0.68,-1.1,327
15053226,2022-07-01,0.68,-1.0,274
15053226,2022-07-01,0.68,-0.9,369
15053226,2022-07-01,0.68,-0.8,517
15053226,2022-07-01,0.68,-0.7,765
15053226,2022-07-01,0.68,-0.6,1915
15053226,2022-07-01,0.68,-0.5,1551
15053226,2022-07-01,0.68,-0.4,1592
15053226,2022-07-01,0.68,-0.3,1194
15053226,2022-07-01,0.68,-0.2,421
15053226,2022-07-01,0.68,-0.1,158
15053226,2022-07-01,0.68,0.0,92
15053226,2022-07-01,0.68,0.1,68
15053226,2022-07-01,0.68,0.2,45
15053226,2022-07-01,0.68,0.3,29
15053226,2022-07-01,0.68,0.4,7
15053226,2022-07-01,0.68,0.5,1
15053226,2022-07-01,0.68,0.6,1
15053226,2022-07-01,0.68,0.7,1
15053226,2022-07-01,0.68,0.9,14
15053226,2022-07-01,0.68,1.0,1
15053226,2022-07-01,0.7,-2.5,2
15053226,2022-07-01,0.7,-2.3,2
15053226,2022-07-01,0.7,-2.2,1
15053226,2022-07-01,0.7,-2.1,2
15053226,2022-07-01,0.7,-2.0,26
15053226,2022-07-01,0.7,-1.9,23
15053226,2022-07-01,0.7,-1.8,4
15053226,2022-07-01,0.7,-1.7,8
15053226,2022-07-01,0.7,-1.6,8
15053226,2022-07-01,0.7,-1.5,9
15053226,2022-07-01,0.7,-1.4,35
15053226,2022-07-01,0.7,-1.3,131
15053226,2022-07-01,0.7,-1.2,273
15053226,2022-07-01,0.7,-1.1,269
15053226,2022-07-01,0.7,-1.0,285
15053226,2022-07-01,0.7,-0.9,223
15053226,2022-07-01,0.7,-0.8,1083
15053226,2022-07-01,0.7,-0.7,897
15053226,2022-07-01,0.7,-0.6,1097
15053226,2022-07-01,0.7,-0.5,1957
15053226,2022-07-01,0.7,-0.4,877
15053226,2022-07-01,0.7,-0.3,1164
15053226,2022-07-01,0.7,-0.2,447
15053226,2022-07-01,0.7,-0.1,150
15053226,2022-07-01,0.7,0.0,66
15053226,2022-07-01,0.7,0.1,78
15053226,2022-07-01,0.7,0.2,29
15053226,2022-07-01,0.7,0.3,18
15053226,2022-07-01,0.7,0.4,6
15053226,2022-07-01,0.7,0.9,16
15053226,2022-07-01,0.7,1.1,1
15053226,2022-07-01,0.72,-2.3,2
15053226,2022-07-01,0.72,-2.2,2
15053226,2022-07-01,0.72,-2.0,2
15053226,2022-07-01,0.72,-1.9,12
15053226,2022-07-01,0.72,-1.8,3
15053226,2022-07-01,0.72,-1.7,6
15053226,2022-07-01,0.72,-1.6,10
15053226,2022-07-01,0.72,-1.5,6
15053226,2022-07-01,0.72,-1.4,308
15053226,2022-07-01,0.72,-1.3,40
15053226,2022-07-01,0.72,-1.2,163
15053226,2022-07-01,0.72,-1.1,113
15053226,2022-07-01,0.72,-1.0,283
15053226,2022-07-01,0.72,-0.9,220
15053226,2022-07-01,0.72,-0.8,312
15053226,2022-07-01,0.72,-0.7,595
15053226,2022-07-01,0.72,-0.6,795
15053226,2022-07-01,0.72,-0.5,1477
15053226,2022-07-01,0.72,-0.4,873
15053226,2022-07-01,0.72,-0.3,1020
15053226,2022-07-01,0.72,-0.2,862
15053226,2022-07-01,0.72,-0.1,351
15053226,2022-07-01,0.72,0.0,64
15053226,2022-07-01,0.72,0.1,81
15053226,2022-07-01,0.72,0.2,35
15053226,2022-07-01,0.72,0.3,21
15053226,2022-07-01,0.72,0.4,8
15053226,2022-07-01,0.72,0.5,1
15053226,2022-07-01,0.72,0.8,2
15053226,2022-07-01,0.72,0.9,1
15053226,2022-07-01,0.72,1.0,1
15053226,2022-07-01,0.74,-2.4,1
15053226,2022-07-01,0.74,-2.3,1
15053226,2022-07-01,0.74,-2.0,2
15053226,2022-07-01,0.74,-1.9,13
15053226,2022-07-01,0.74,-1.8,5
15053226,2022-07-01,0.74,-1.7,1
15053226,2022-07-01,0.74,-1.6,3
15053226,2022-07-01,0.74,-1.5,5
15053226,2022-07-01,0.74,-1.4,28
15053226,2022-07-01,0.74,-1.3,26
15053226,2022-07-01,0.74,-1.2,59
15053226,2022-07-01,0.74,-1.1,86
15053226,2022-07-01,0.74,-1.0,258
15053226,2022-07-01,0.74,-0.9,227
15053226,2022-07-01,0.74,-0.8,279
15053226,2022-07-01,0.74,-0.7,461
15053226,2022-07-01,0.74,-0.6,1259
15053226,2022-07-01,0.74,-0.5,1606
15053226,2022-07-01,0.74,-0.4,1033
15053226,2022-07-01,0.74,-0.3,1056
15053226,2022-07-01,0.74,-0.2,898
15053226,2022-07-01,0.74,-0.1,155
15053226,2022-07-01,0.74,0.0,60
15053226,2022-07-01,0.74,0.1,46
15053226,2022-07-01,0.74,0.2,26
15053226,2022-07-01,0.74,0.3,32
15053226,2022-07-01,0.74,0.4,73
15053226,2022-07-01,0.74,0.7,1
15053226,2022-07-01,0.76,-2.4,1
15053226,2022-07-01,0.76,-2.3,1
15053226,2022-07-01,0.76,-2.2,2
15053226,2022-07-01,0.76,-2.0,5
15053226,2022-07-01,0.76,-1.9,19
15053226,2022-07-01,0.76,-1.8,29
15053226,2022-07-01,0.76,-1.7,2
15053226,2022-07-01,0.76,-1.6,5
15053226,2022-07-01,0.76,-1.5,4
15053226,2022-07-01,0.76,-1.4,16
15053226,2022-07-01,0.76,-1.3,22
15053226,2022-07-01,0.76,-1.2,46
15053226,2022-07-01,0.76,-1.1,145
15053226,2022-07-01,0.76,-1.0,299
15053226,2022-07-01,0.76,-0.9,186
15053226,2022-07-01,0.76,-0.8,251
15053226,2022-07-01,0.76,-0.7,317
15053226,2022-07-01,0.76,-0.6,564
15053226,2022-07-01,0.76,-0.5,1126
15053226,2022-07-01,0.76,-0.4,748
15053226,2022-07-01,0.76,-0.3,650
15053226,2022-07-01,0.76,-0.2,787
15053226,2022-07-01,0.76,-0.1,230
15053226,2022-07-01,0.76,0.0,151
15053226,2022-07-01,0.76,0.1,27
15053226,2022-07-01,0.76,0.2,8
15053226,2022-07-01,0.76,0.3,36
15053226,2022-07-01,0.76,0.4,20
15053226,2022-07-01,0.76,0.5,3
15053226,2022-07-01,0.76,0.6,1
15053226,2022-07-01,0.78,-2.4,1
15053226,2022-07-01,0.78,-2.1,1
15053226,2022-07-01,0.78,-2.0,2
15053226,2022-07-01,0.78,-1.9,52
15053226,2022-07-01,0.78,-1.8,20
15053226,2022-07-01,0.78,-1.7,3
15053226,2022-07-01,0.78,-1.6,24
15053226,2022-07-01,0.78,-1.5,4
15053226,2022-07-01,0.78,-1.4,29
15053226,2022-07-01,0.78,-1.3,18
15053226,2022-07-01,0.78,-1.2,61
15053226,2022-07-01,0.78,-1.1,55
15053226,2022-07-01,0.78,-1.0,187
15053226,2022-07-01,0.78,-0.9,261
15053226,2022-07-01,0.78,-0.8,335
15053226,2022-07-01,0.78,-0.7,655
15053226,2022-07-01,0.78,-0.6,552
15053226,2022-07-01,0.78,-0.5,851
15053226,2022-07-01,0.78,-0.4,878
15053226,2022-07-01,0.78,-0.3,832
15053226,2022-07-01,0.78,-0.2,643
15053226,2022-07-01,0.78,-0.1,174
15053226,2022-07-01,0.78,0.0,58
15053226,2022-07-01,0.78,0.1,35
15053226,2022-07-01,0.78,0.2,29
15053226,2022-07-01,0.78,0.3,136
15053226,2022-07-01,0.78,0.4,24
15053226,2022-07-01,0.78,0.6,1
15053226,2022-07-01,0.8,-2.4,1
15053226,2022-07-01,0.8,-2.2,1
15053226,2022-07-01,0.8,-1.9,10
15053226,2022-07-01,0.8,-1.8,20
15053226,2022-07-01,0.8,-1.7,4
15053226,2022-07-01,0.8,-1.6,1
15053226,2022-07-01,0.8,-1.5,6
15053226,2022-07-01,0.8,-1.4,19
15053226,2022-07-01,0.8,-1.3,11
15053226,2022-07-01,0.8,-1.2,75
15053226,2022-07-01,0.8,-1.1,56
15053226,2022-07-01,0.8,-1.0,66
15053226,2022-07-01,0.8,-0.9,311
15053226,2022-07-01,0.8,-0.8,645
15053226,2022-07-01,0.8,-0.7,322
15053226,2022-07-01,0.8,-0.6,470
15053226,2022-07-01,0.8,-0.5,664
15053226,2022-07-01,0.8,-0.4,720
15053226,2022-07-01,0.8,-0.3,824
15053226,2022-07-01,0.8,-0.2,356
15053226,2022-07-01,0.8,-0.1,182
15053226,2022-07-01,0.8,0.0,43
15053226,2022-07-01,0.8,0.1,20
15053226,2022-07-01,0.8,0.2,8
15053226,2022-07-01,0.8,0.3,47
15053226,2022-07-01,0.8,0.4,41
15053226,2022-07-01,0.82,-2.3,2
15053226,2022-07-01,0.82,-2.2,3
15053226,2022-07-01,0.82,-2.1,1
15053226,2022-07-01,0.82,-1.9,1
15053226,2022-07-01,0.82,-1.8,3
15053226,2022-07-01,0.82,-1.7,4
15053226,2022-07-01,0.82,-1.6,2
15053226,2022-07-01,0.82,-1.5,9
15053226,2022-07-01,0.82,-1.4,26
15053226,2022-07-01,0.82,-1.3,26
15053226,2022-07-01,0.82,-1.2,174
15053226,2022-07-01,0.82,-1.1,224
15053226,2022-07-01,0.82,-1.0,45
15053226,2022-07-01,0.82,-0.9,172
15053226,2022-07-01,0.82,-0.8,139
15053226,2022-07-01,0.82,-0.7,251
15053226,2022-07-01,0.82,-0.6,448
15053226,2022-07-01,0.82,-0.5,396
15053226,2022-07-01,0.82,-0.4,478
15053226,2022-07-01,0.82,-0.3,413
15053226,2022-07-01,0.82,-0.2,340
15053226,2022-07-01,0.82,-0.1,162
15053226,2022-07-01,0.82,0.0,89
15053226,2022-07-01,0.82,0.1,16
15053226,2022-07-01,0.82,0.2,46
15053226,2022-07-01,0.82,0.3,8
15053226,2022-07-01,0.82,0.4,2
15053226,2022-07-01,0.82,0.7,1
15053226,2022-07-01,0.82,0.9,2
15053226,2022-07-01,0.84,-2.3,3
15053226,2022-07-01,0.84,-2.2,2
15053226,2022-07-01,0.84,-1.9,3
15053226,2022-07-01,0.84,-1.8,3
15053226,2022-07-01,0.84,-1.7,2
15053226,2022-07-01,0.84,-1.6,2
15053226,2022-07-01,0.84,-1.5,8
15053226,2022-07-01,0.84,-1.4,10
15053226,2022-07-01,0.84,-1.3,10
15053226,2022-07-01,0.84,-1.2,58
15053226,2022-07-01,0.84,-1.1,61
15053226,2022-07-01,0.84,-1.0,81
15053226,2022-07-01,0.84,-0.9,140
15053226,2022-07-01,0.84,-0.8,174
15053226,2022-07-01,0.84,-0.7,260
15053226,2022-07-01,0.84,-0.6,908
15053226,2022-07-01,0.84,-0.5,338
15053226,2022-07-01,0.84,-0.4,390
15053226,2022-07-01,0.84,-0.3,319
15053226,2022-07-01,0.84,-0.2,267
15053226,2022-07-01,0.84,-0.1,156
15053226,2022-07-01,0.84,0.0,92
15053226,2022-07-01,0.84,0.1,22
15053226,2022-07-01,0.84,0.2,10
15053226,2022-07-01,0.84,0.3,1
15053226,2022-07-01,0.84,0.4,1
15053226,2022-07-01,0.84,0.7,1
15053226,2022-07-01,0.86,-2.2,4
15053226,2022-07-01,0.86,-1.9,1
15053226,2022-07-01,0.86,-1.8,10
15053226,2022-07-01,0.86,-1.7,1
15053226,2022-07-01,0.86,-1.6,5
15053226,2022-07-01,0.86,-1.5,4
15053226,2022-07-01,0.86,-1.4,3
15053226,2022-07-01,0.86,-1.3,8
15053226,2022-07-01,0.86,-1.2,17
15053226,2022-07-01,0.86,-1.1,39
15053226,2022-07-01,0.86,-1.0,45
15053226,2022-07-01,0.86,-0.9,64
15053226,2022-07-01,0.86,-0.8,185
15053226,2022-07-01,0.86,-0.7,328
15053226,2022-07-01,0.86,-0.6,807
15053226,2022-07-01,0.86,-0.5,498
15053226,2022-07-01,0.86,-0.4,356
15053226,2022-07-01,0.86,-0.3,274
15053226,2022-07-01,0.86,-0.2,245
15053226,2022-07-01,0.86,-0.1,192
15053226,2022-07-01,0.86,0.0,47
15053226,2022-07-01,0.86,0.1,29
15053226,2022-07-01,0.86,0.2,5
15053226,2022-07-01,0.86,0.3,7
15053226,2022-07-01,0.86,0.7,1
15053226,2022-07-01,0.86,0.9,1
15053226,2022-07-01,0.88,-2.2,5
15053226,2022-07-01,0.88,-2.1,4
15053226,2022-07-01,0.88,-1.9,1
15053226,2022-07-01,0.88,-1.8,15
15053226,2022-07-01,0.88,-1.7,5
15053226,2022-07-01,0.88,-1.6,4
15053226,2022-07-01,0.88,-1.5,4
15053226,2022-07-01,0.88,-1.4,10
15053226,2022-07-01,0.88,-1.3,3
15053226,2022-07-01,0.88,-1.2,16
15053226,2022-07-01,0.88,-1.1,71
15053226,2022-07-01,0.88,-1.0,40
15053226,2022-07-01,0.88,-0.9,86
15053226,2022-07-01,0.88,-0.8,278
15053226,2022-07-01,0.88,-0.7,211
15053226,2022-07-01,0.88,-0.6,752
15053226,2022-07-01,0.88,-0.5,374
15053226,2022-07-01,0.88,-0.4,329
15053226,2022-07-01,0.88,-0.3,357
15053226,2022-07-01,0.88,-0.2,271
15053226,2022-07-01,0.88,-0.1,134
15053226,2022-07-01,0.88,0.0,92
15053226,2022-07-01,0.88,0.1,23
15053226,2022-07-01,0.88,0.2,3
15053226,2022-07-01,0.88,0.8,1
15053226,2022-07-01,0.9,-2.1,6
15053226,2022-07-01,0.9,-1.8,7
15053226,2022-07-01,0.9,-1.7,5
15053226,2022-07-01,0.9,-1.6,3
15053226,2022-07-01,0.9,-1.5,4
15053226,2022-07-01,0.9,-1.4,5
15053226,2022-07-01,0.9,-1.3,4
15053226,2022-07-01,0.9,-1.2,6
15053226,2022-07-01,0.9,-1.1,41
15053226,2022-07-01,0.9,-1.0,45
15053226,2022-07-01,0.9,-0.9,52
15053226,2022-07-01,0.9,-0.8,146
15053226,2022-07-01,0.9,-0.7,276
15053226,2022-07-01,0.9,-0.6,334
15053226,2022-07-01,0.9,-0.5,227
15053226,2022-07-01,0.9,-0.4,441
15053226,2022-07-01,0.9,-0.3,209
15053226,2022-07-01,0.9,-0.2,286
15053226,2022-07-01,0.9,-0.1,158
15053226,2022-07-01,0.9,0.0,53
15053226,2022-07-01,0.9,0.1,109
15053226,2022-07-01,0.9,0.2,3
15053226,2022-07-01,0.9,0.5,1
15053226,2022-07-01,0.9,0.8,1
15053226,2022-07-01,0.92,-1.7,2
15053226,2022-07-01,0.92,-1.6,4
15053226,2022-07-01,0.92,-1.5,13
15053226,2022-07-01,0.92,-1.4,2
15053226,2022-07-01,0.92,-1.3,4
15053226,2022-07-01,0.92,-1.2,10
15053226,2022-07-01,0.92,-1.1,32
15053226,2022-07-01,0.92,-1.0,81
15053226,2022-07-01,0.92,-0.9,49
15053226,2022-07-01,0.92,-0.8,75
15053226,2022-07-01,0.92,-0.7,152
15053226,2022-07-01,0.92,-0.6,217
15053226,2022-07-01,0.92,-0.5,336
15053226,2022-07-01,0.92,-0.4,484
15053226,2022-07-01,0.92,-0.3,189
15053226,2022-07-01,0.92,-0.2,268
15053226,2022-07-01,0.92,-0.1,201
15053226,2022-07-01,0.92,0.0,61
15053226,2022-07-01,0.92,0.1,20
15053226,2022-07-01,0.92,0.2,5
15053226,2022-07-01,0.92,0.3,3
15053226,2022-07-01,0.92,0.6,1
15053226,2022-07-01,0.94,-2.0,1
15053226,2022-07-01,0.94,-1.7,3
15053226,2022-07-01,0.94,-1.6,2
15053226,2022-07-01,0.94,-1.5,5
15053226,2022-07-01,0.94,-1.4,5
15053226,2022-07-01,0.94,-1.3,2
15053226,2022-07-01,0.94,-1.2,6
15053226,2022-07-01,0.94,-1.1,43
15053226,2022-07-01,0.94,-1.0,39
15053226,2022-07-01,0.94,-0.9,62
15053226,2022-07-01,0.94,-0.8,60
15053226,2022-07-01,0.94,-0.7,195
15053226,2022-07-01,0.94,-0.6,233
15053226,2022-07-01,0.94,-0.5,179
15053226,2022-07-01,0.94,-0.4,695
15053226,2022-07-01,0.94,-0.3,476
15053226,2022-07-01,0.94,-0.2,206
15053226,2022-07-01,0.94,-0.1,171
15053226,2022-07-01,0.94,0.0,84
15053226,2022-07-01,0.94,0.1,17
15053226,2022-07-01,0.94,0.2,2
15053226,2022-07-01,0.94,0.3,4
15053226,2022-07-01,0.96,-1.6,4
15053226,2022-07-01,0.96,-1.5,6
15053226,2022-07-01,0.96,-1.4,2
15053226,2022-07-01,0.96,-1.3,2
15053226,2022-07-01,0.96,-1.2,4
15053226,2022-07-01,0.96,-1.1,45
15053226,2022-07-01,0.96,-1.0,28
15053226,2022-07-01,0.96,-0.9,46
15053226,2022-07-01,0.96,-0.8,64
15053226,2022-07-01,0.96,-0.7,156
15053226,2022-07-01,0.96,-0.6,286
15053226,2022-07-01,0.96,-0.5,187
15053226,2022-07-01,0.96,-0.4,212
15053226,2022-07-01,0.96,-0.3,192
15053226,2022-07-01,0.96,-0.2,127
15053226,2022-07-01,0.96,-0.1,131
15053226,2022-07-01,0.96,0.0,61
15053226,2022-07-01,0.96,0.1,10
15053226,2022-07-01,0.96,0.2,2
15053226,2022-07-01,0.96,0.7,1
15053226,2022-07-01,0.96,0.8,1
15053226,2022-07-01,0.98,-1.7,1
15053226,2022-07-01,0.98,-1.5,10
15053226,2022-07-01,0.98,-1.4,3
15053226,2022-07-01,0.98,-1.3,1
15053226,2022-07-01,0.98,-1.2,5
15053226,2022-07-01,0.98,-1.1,49
15053226,2022-07-01,0.98,-1.0,34
15053226,2022-07-01,0.98,-0.9,92
15053226,2022-07-01,0.98,-0.8,52
15053226,2022-07-01,0.98,-0.7,108
15053226,2022-07-01,0.98,-0.6,137
15053226,2022-07-01,0.98,-0.5,183
15053226,2022-07-01,0.98,-0.4,180
15053226,2022-07-01,0.98,-0.3,284
15053226,2022-07-01,0.98,-0.2,182
15053226,2022-07-01,0.98,-0.1,142
15053226,2022-07-01,0.98,0.0,74
15053226,2022-07-01,0.98,0.1,15
15053226,2022-07-01,0.98,0.2,3
15053226,2022-07-01,0.98,0.3,1
15053226,2022-07-01,0.98,0.7,1
15053226,2022-07-01,1.0,-1.6,9
15053226,2022-07-01,1.0,-1.5,43
15053226,2022-07-01,1.0,-1.4,3
15053226,2022-07-01,1.0,-1.3,1
15053226,2022-07-01,1.0,-1.2,4
15053226,2022-07-01,1.0,-1.1,74
15053226,2022-07-01,1.0,-1.0,53
15053226,2022-07-01,1.0,-0.9,30
15053226,2022-07-01,1.0,-0.8,64
15053226,2022-07-01,1.0,-0.7,85
15053226,2022-07-01,1.0,-0.6,133
15053226,2022-07-01,1.0,-0.5,271
15053226,2022-07-01,1.0,-0.4,200
15053226,2022-07-01,1.0,-0.3,214
15053226,2022-07-01,1.0,-0.2,231
15053226,2022-07-01,1.0,-0.1,194
15053226,2022-07-01,1.0,0.0,68
15053226,2022-07-01,1.0,0.1,10
15053226,2022-07-01,1.0,0.2,3
15053226,2022-07-01,1.0,0.5,1
15053226,2022-07-01,1.02,-1.6,13
15053226,2022-07-01,1.02,-1.5,15
15053226,2022-07-01,1.02,-1.4,5
15053226,2022-07-01,1.02,-1.3,5
15053226,2022-07-01,1.02,-1.2,2
15053226,2022-07-01,1.02,-1.1,13
15053226,2022-07-01,1.02,-1.0,39
15053226,2022-07-01,1.02,-0.9,27
15053226,2022-07-01,1.02,-0.8,36
15053226,2022-07-01,1.02,-0.7,133
15053226,2022-07-01,1.02,-0.6,263
15053226,2022-07-01,1.02,-0.5,131
15053226,2022-07-01,1.02,-0.4,158
15053226,2022-07-01,1.02,-0.3,252
15053226,2022-07-01,1.02,-0.2,272
15053226,2022-07-01,1.02,-0.1,115
15053226,2022-07-01,1.02,0.0,75
15053226,2022-07-01,1.02,0.1,14
15053226,2022-07-01,1.02,0.5,1
15053226,2022-07-01,1.04,-1.7,1
15053226,2022-07-01,1.04,-1.6,12
15053226,2022-07-01,1.04,-1.5,61
15053226,2022-07-01,1.04,-1.4,2
15053226,2022-07-01,1.04,-1.3,3
15053226,2022-07-01,1.04,-1.2,4
15053226,2022-07-01,1.04,-1.1,10
15053226,2022-07-01,1.04,-1.0,47
15053226,2022-07-01,1.04,-0.9,35
15053226,2022-07-01,1.04,-0.8,29
15053226,2022-07-01,1.04,-0.7,182
15053226,2022-07-01,1.04,-0.6,160
15053226,2022-07-01,1.04,-0.5,304
15053226,2022-07-01,1.04,-0.4,170
15053226,2022-07-01,1.04,-0.3,146
15053226,2022-07-01,1.04,-0.2,945
15053226,2022-07-01,1.04,-0.1,112
15053226,2022-07-01,1.04,0.0,68
15053226,2022-07-01,1.04,0.1,12
15053226,2022-07-01,1.04,0.2,2
15053226,2022-07-01,1.06,-1.6,4
15053226,2022-07-01,1.06,-1.5,44
15053226,2022-07-01,1.06,-1.4,2
15053226,2022-07-01,1.06,-1.3,2
15053226,2022-07-01,1.06,-1.2,2
15053226,2022-07-01,1.06,-1.1,5
15053226,2022-07-01,1.06,-1.0,35
15053226,2022-07-01,1.06,-0.9,28
15053226,2022-07-01,1.06,-0.8,35
15053226,2022-07-01,1.06,-0.7,118
15053226,2022-07-01,1.06,-0.6,148
15053226,2022-07-01,1.06,-0.5,177
15053226,2022-07-01,1.06,-0.4,127
15053226,2022-07-01,1.06,-0.3,114
15053226,2022-07-01,1.06,-0.2,60
15053226,2022-07-01,1.06,-0.1,98
15053226,2022-07-01,1.06,0.0,84
15053226,2022-07-01,1.06,0.1,15
15053226,2022-07-01,1.08,-1.6,3
15053226,2022-07-01,1.08,-1.5,30
15053226,2022-07-01,1.08,-1.4,3
15053226,2022-07-01,1.08,-1.3,4
15053226,2022-07-01,1.08,-1.2,2
15053226,2022-07-01,1.08,-1.1,7
15053226,2022-07-01,1.08,-1.0,27
15053226,2022-07-01,1.08,-0.9,16
15053226,2022-07-01,1.08,-0.8,51
15053226,2022-07-01,1.08,-0.7,50
15053226,2022-07-01,1.08,-0.6,87
15053226,2022-07-01,1.08,-0.5,144
15053226,2022-07-01,1.08,-0.4,141
15053226,2022-07-01,1.08,-0.3,102
15053226,2022-07-01,1.08,-0.2,47
15053226,2022-07-01,1.08,-0.1,78
15053226,2022-07-01,1.08,0.0,104
15053226,2022-07-01,1.08,0.1,22
15053226,2022-07-01,1.08,0.2,1
15053226,2022-07-01,1.1,-1.7,1
15053226,2022-07-01,1.1,-1.6,1
15053226,2022-07-01,1.1,-1.5,7
15053226,2022-07-01,1.1,-1.4,5
15053226,2022-07-01,1.1,-1.3,1
15053226,2022-07-01,1.1,-1.2,3
15053226,2022-07-01,1.1,-1.1,10
15053226,2022-07-01,1.1,-1.0,21
15053226,2022-07-01,1.1,-0.9,20
15053226,2022-07-01,1.1,-0.8,30
15053226,2022-07-01,1.1,-0.7,50
15053226,2022-07-01,1.1,-0.6,65
15053226,2022-07-01,1.1,-0.5,240
15053226,2022-07-01,1.1,-0.4,187
15053226,2022-07-01,1.1,-0.3,91
15053226,2022-07-01,1.1,-0.2,32
15053226,2022-07-01,1.1,-0.1,79
15053226,2022-07-01,1.1,0.0,125
15053226,2022-07-01,1.1,0.1,18
15053226,2022-07-01,1.1,0.2,2
15053226,2022-07-01,1.1,0.6,2
15053226,2022-07-01,1.1,0.7,1
15053226,2022-07-01,1.12,-1.6,1
15053226,2022-07-01,1.12,-1.5,1
15053226,2022-07-01,1.12,-1.4,8
15053226,2022-07-01,1.12,-1.3,2
15053226,2022-07-01,1.12,-1.2,5
15053226,2022-07-01,1.12,-1.1,7
15053226,2022-07-01,1.12,-1.0,28
15053226,2022-07-01,1.12,-0.9,17
15053226,2022-07-01,1.12,-0.8,28
15053226,2022-07-01,1.12,-0.7,34
15053226,2022-07-01,1.12,-0.6,59
15053226,2022-07-01,1.12,-0.5,88
15053226,2022-07-01,1.12,-0.4,93
15053226,2022-07-01,1.12,-0.3,118
15053226,2022-07-01,1.12,-0.2,41
15053226,2022-07-01,1.12,-0.1,53
15053226,2022-07-01,1.12,0.0,139
15053226,2022-07-01,1.12,0.1,27
15053226,2022-07-01,1.12,0.3,1
15053226,2022-07-01,1.14,-1.8,4
15053226,2022-07-01,1.14,-1.7,2
15053226,2022-07-01,1.14,-1.5,1
15053226,2022-07-01,1.14,-1.4,6
15053226,2022-07-01,1.14,-1.3,3
15053226,2022-07-01,1.14,-1.2,3
15053226,2022-07-01,1.14,-1.1,5
15053226,2022-07-01,1.14,-1.0,31
15053226,2022-07-01,1.14,-0.9,24
15053226,2022-07-01,1.14,-0.8,49
15053226,2022-07-01,1.14,-0.7,46
15053226,2022-07-01,1.14,-0.6,66
15053226,2022-07-01,1.14,-0.5,112
15053226,2022-07-01,1.14,-0.4,96
15053226,2022-07-01,1.14,-0.3,132
15053226,2022-07-01,1.14,-0.2,45
15053226,2022-07-01,1.14,-0.1,89
15053226,2022-07-01,1.14,0.0,711
15053226,2022-07-01,1.14,0.1,61
15053226,2022-07-01,1.14,0.2,3
15053226,2022-07-01,1.14,0.4,3
15053226,2022-07-01,1.14,1.0,1
15053226,2022-07-01,1.16,-1.6,1
15053226,2022-07-01,1.16,-1.4,2
15053226,2022-07-01,1.16,-1.3,4
15053226,2022-07-01,1.16,-1.2,3
15053226,2022-07-01,1.16,-1.1,6
15053226,2022-07-01,1.16,-1.0,20
15053226,2022-07-01,1.16,-0.9,17
15053226,2022-07-01,1.16,-0.8,18
15053226,2022-07-01,1.16,-0.7,85
15053226,2022-07-01,1.16,-0.6,127
15053226,2022-07-01,1.16,-0.5,104
15053226,2022-07-01,1.16,-0.4,84
15053226,2022-07-01,1.16,-0.3,230
15053226,2022-07-01,1.16,-0.2,47
15053226,2022-07-01,1.16,-0.1,57
15053226,2022-07-01,1.16,0.0,178
15053226,2022-07-01,1.16,0.1,72
15053226,2022-07-01,1.16,0.2,5
15053226,2022-07-01,1.16,0.4,1
15053226,2022-07-01,1.16,0.6,1
15053226,2022-07-01,1.18,-1.5,3
15053226,2022-07-01,1.18,-1.4,2
15053226,2022-07-01,1.18,-1.3,4
15053226,2022-07-01,1.18,-1.2,1
15053226,2022-07-01,1.18,-1.1,6
15053226,2022-07-01,1.18,-1.0,21
15053226,2022-07-01,1.18,-0.9,23
15053226,2022-07-01,1.18,-0.8,31
15053226,2022-07-01,1.18,-0.7,39
15053226,2022-07-01,1.18,-0.6,56
15053226,2022-07-01,1.18,-0.5,105
15053226,2022-07-01,1.18,-0.4,108
15053226,2022-07-01,1.18,-0.3,108
15053226,2022-07-01,1.18,-0.2,79
15053226,2022-07-01,1.18,-0.1,49
15053226,2022-07-01,1.18,0.0,827
15053226,2022-07-01,1.18,0.1,70
15053226,2022-07-01,1.18,0.2,3
15053226,2022-07-01,1.18,0.4,1
15053226,2022-07-01,1.2,-1.6,1
15053226,2022-07-01,1.2,-1.5,1
15053226,2022-07-01,1.2,-1.4,3
15053226,2022-07-01,1.2,-1.3,1
15053226,2022-07-01,1.2,-1.2,3
15053226,2022-07-01,1.2,-1.1,5
15053226,2022-07-01,1.2,-1.0,24
15053226,2022-07-01,1.2,-0.9,23
15053226,2022-07-01,1.2,-0.8,15
15053226,2022-07-01,1.2,-0.7,69
15053226,2022-07-01,1.2,-0.6,68
15053226,2022-07-01,1.2,-0.5,108
15053226,2022-07-01,1.2,-0.4,79
15053226,2022-07-01,1.2,-0.3,102
15053226,2022-07-01,1.2,-0.2,53
15053226,2022-07-01,1.2,-0.1,55
15053226,2022-07-01,1.2,0.0,947
15053226,2022-07-01,1.2,0.1,59
15053226,2022-07-01,1.2,0.2,8
15053226,2022-07-01,1.2,0.3,1
15053226,2022-07-01,1.2,0.5,1
15053226,2022-07-01,1.22,-1.4,6
15053226,2022-07-01,1.22,-1.3,3
15053226,2022-07-01,1.22,-1.2,5
15053226,2022-07-01,1.22,-1.1,4
15053226,2022-07-01,1.22,-1.0,21
15053226,2022-07-01,1.22,-0.9,25
15053226,2022-07-01,1.22,-0.8,8
15053226,2022-07-01,1.22,-0.7,59
15053226,2022-07-01,1.22,-0.6,74
15053226,2022-07-01,1.22,-0.5,86
15053226,2022-07-01,1.22,-0.4,90
15053226,2022-07-01,1.22,-0.3,110
15053226,2022-07-01,1.22,-0.2,34
15053226,2022-07-01,1.22,-0.1,39
15053226,2022-07-01,1.22,0.0,33
15053226,2022-07-01,1.22,0.1,56
15053226,2022-07-01,1.22,0.2,6
15053226,2022-07-01,1.22,0.5,2
15053226,2022-07-01,1.24,-1.6,1
15053226,2022-07-01,1.24,-1.4,2
15053226,2022-07-01,1.24,-1.3,6
15053226,2022-07-01,1.24,-1.2,1
15053226,2022-07-01,1.24,-1.1,2
15053226,2022-07-01,1.24,-1.0,27
15053226,2022-07-01,1.24,-0.9,33
15053226,2022-07-01,1.24,-0.8,5
15053226,2022-07-01,1.24,-0.7,23
15053226,2022-07-01,1.24,-0.6,94
15053226,2022-07-01,1.24,-0.5,69
15053226,2022-07-01,1.24,-0.4,119
15053226,2022-07-01,1.24,-0.3,120
15053226,2022-07-01,1.24,-0.2,38
15053226,2022-07-01,1.24,-0.1,28
15053226,2022-07-01,1.24,0.0,153
15053226,2022-07-01,1.24,0.1,108
15053226,2022-07-01,1.24,0.2,20
15053226,2022-07-01,1.24,0.5,1
15053226,2022-07-01,1.26,-1.6,1
15053226,2022-07-01,1.26,-1.5,1
15053226,2022-07-01,1.26,-1.4,1
15053226,2022-07-01,1.26,-1.3,2
15053226,2022-07-01,1.26,-1.2,3
15053226,2022-07-01,1.26,-1.1,2
15053226,2022-07-01,1.26,-1.0,17
15053226,2022-07-01,1.26,-0.9,28
15053226,2022-07-01,1.26,-0.8,8
15053226,2022-07-01,1.26,-0.7,26
15053226,2022-07-01,1.26,-0.6,30
15053226,2022-07-01,1.26,-0.5,86
15053226,2022-07-01,1.26,-0.4,112
15053226,2022-07-01,1.26,-0.3,133
15053226,2022-07-01,1.26,-0.2,36
15053226,2022-07-01,1.26,-0.1,83
15053226,2022-07-01,1.26,0.0,22
15053226,2022-07-01,1.26,0.1,34
15053226,2022-07-01,1.26,0.2,39
15053226,2022-07-01,1.28,-1.5,3
15053226,2022-07-01,1.28,-1.4,2
15053226,2022-07-01,1.28,-1.3,3
15053226,2022-07-01,1.28,-1.2,5
15053226,2022-07-01,1.28,-1.1,2
15053226,2022-07-01,1.28,-1.0,32
15053226,2022-07-01,1.28,-0.9,46
15053226,2022-07-01,1.28,-0.8,7
15053226,2022-07-01,1.28,-0.7,45
15053226,2022-07-01,1.28,-0.6,57
15053226,2022-07-01,1.28,-0.5,64
15053226,2022-07-01,1.28,-0.4,109
15053226,2022-07-01,1.28,-0.3,383
15053226,2022-07-01,1.28,-0.2,118
15053226,2022-07-01,1.28,-0.1,90
15053226,2022-07-01,1.28,0.0,47
15053226,2022-07-01,1.28,0.1,52
15053226,2022-07-01,1.28,0.2,2
15053226,2022-07-01,1.28,2.9,1
15053226,2022-07-01,1.3,-1.5,2
15053226,2022-07-01,1.3,-1.4,5
15053226,2022-07-01,1.3,-1.3,5
15053226,2022-07-01,1.3,-1.2,3
15053226,2022-07-01,1.3,-1.1,3
15053226,2022-07-01,1.3,-1.0,24
15053226,2022-07-01,1.3,-0.9,98
15053226,2022-07-01,1.3,-0.8,5
15053226,2022-07-01,1.3,-0.7,17
15053226,2022-07-01,1.3,-0.6,24
15053226,2022-07-01,1.3,-0.5,45
15053226,2022-07-01,1.3,-0.4,98
15053226,2022-07-01,1.3,-0.3,399
15053226,2022-07-01,1.3,-0.2,102
15053226,2022-07-01,1.3,-0.1,48
15053226,2022-07-01,1.3,0.0,4
15053226,2022-07-01,1.3,0.1,95
15053226,2022-07-01,1.3,0.2,1
15053226,2022-07-01,1.3,0.5,1
15053226,2022-07-01,1.32,-1.6,1
15053226,2022-07-01,1.32,-1.5,2
15053226,2022-07-01,1.32,-1.4,1
15053226,2022-07-01,1.32,-1.3,3
15053226,2022-07-01,1.32,-1.2,4
15053226,2022-07-01,1.32,-1.1,4
15053226,2022-07-01,1.32,-1.0,26
15053226,2022-07-01,1.32,-0.9,118
15053226,2022-07-01,1.32,-0.8,4
15053226,2022-07-01,1.32,-0.7,19
15053226,2022-07-01,1.32,-0.6,22
15053226,2022-07-01,1.32,-0.5,38
15053226,2022-07-01,1.32,-0.4,259
15053226,2022-07-01,1.32,-0.3,103
15053226,2022-07-01,1.32,-0.2,70
15053226,2022-07-01,1.32,-0.1,30
15053226,2022-07-01,1.32,0.0,23
15053226,2022-07-01,1.32,0.1,40
15053226,2022-07-01,1.32,0.2,1
15053226,2022-07-01,1.34,-1.5,1
15053226,2022-07-01,1.34,-1.4,3
15053226,2022-07-01,1.34,-1.3,1
15053226,2022-07-01,1.34,-1.2,1
15053226,2022-07-01,1.34,-1.1,2
15053226,2022-07-01,1.34,-1.0,6
15053226,2022-07-01,1.34,-0.9,494
15053226,2022-07-01,1.34,-0.8,7
15053226,2022-07-01,1.34,-0.7,17
15053226,2022-07-01,1.34,-0.6,29
15053226,2022-07-01,1.34,-0.5,65
15053226,2022-07-01,1.34,-0.4,50
15053226,2022-07-01,1.34,-0.3,119
15053226,2022-07-01,1.34,-0.2,66
15053226,2022-07-01,1.34,-0.1,35
15053226,2022-07-01,1.34,0.0,14
15053226,2022-07-01,1.34,0.1,29
15053226,2022-07-01,1.34,0.2,2
15053226,2022-07-01,1.36,-1.6,1
15053226,2022-07-01,1.36,-1.5,3
15053226,2022-07-01,1.36,-1.4,4
15053226,2022-07-01,1.36,-1.3,2
15053226,2022-07-01,1.36,-1.2,3
15053226,2022-07-01,1.36,-1.1,4
15053226,2022-07-01,1.36,-1.0,3
15053226,2022-07-01,1.36,-0.9,279
15053226,2022-07-01,1.36,-0.8,2
15053226,2022-07-01,1.36,-0.7,15
15053226,2022-07-01,1.36,-0.6,26
15053226,2022-07-01,1.36,-0.5,72
15053226,2022-07-01,1.36,-0.4,61
15053226,2022-07-01,1.36,-0.3,68
15053226,2022-07-01,1.36,-0.2,33
15053226,2022-07-01,1.36,-0.1,45
15053226,2022-07-01,1.36,0.0,8
15053226,2022-07-01,1.36,0.1,27
15053226,2022-07-01,1.36,0.5,1
15053226,2022-07-01,1.36,0.6,1
15053226,2022-07-01,1.38,-1.5,1
15053226,2022-07-01,1.38,-1.4,4
15053226,2022-07-01,1.38,-1.3,5
15053226,2022-07-01,1.38,-1.2,6
15053226,2022-07-01,1.38,-1.1,2
15053226,2022-07-01,1.38,-1.0,16
15053226,2022-07-01,1.38,-0.9,12
15053226,2022-07-01,1.38,-0.8,9
15053226,2022-07-01,1.38,-0.7,11
15053226,2022-07-01,1.38,-0.6,33
15053226,2022-07-01,1.38,-0.5,113
15053226,2022-07-01,1.38,-0.4,41
15053226,2022-07-01,1.38,-0.3,56
15053226,2022-07-01,1.38,-0.2,45
15053226,2022-07-01,1.38,-0.1,29
15053226,2022-07-01,1.38,0.0,19
15053226,2022-07-01,1.38,0.1,23
15053226,2022-07-01,1.38,0.2,3
15053226,2022-07-01,1.38,0.3,1
15053226,2022-07-01,1.38,0.7,1
15053226,2022-07-01,1.4,-1.5,1
15053226,2022-07-01,1.4,-1.3,4
15053226,2022-07-01,1.4,-1.2,2
15053226,2022-07-01,1.4,-1.1,1
15053226,2022-07-01,1.4,-1.0,5
15053226,2022-07-01,1.4,-0.9,13
15053226,2022-07-01,1.4,-0.8,14
15053226,2022-07-01,1.4,-0.7,12
15053226,2022-07-01,1.4,-0.6,194
15053226,2022-07-01,1.4,-0.5,39
15053226,2022-07-01,1.4,-0.4,73
15053226,2022-07-01,1.4,-0.3,44
15053226,2022-07-01,1.4,-0.2,49
15053226,2022-07-01,1.4,-0.1,47
15053226,2022-07-01,1.4,0.0,18
15053226,2022-07-01,1.4,0.1,36
15053226,2022-07-01,1.4,0.2,5
15053226,2022-07-01,1.4,1.1,1
15053226,2022-07-01,1.42,-1.6,1
15053226,2022-07-01,1.42,-1.5,2
15053226,2022-07-01,1.42,-1.4,4
15053226,2022-07-01,1.42,-1.3,6
15053226,2022-07-01,1.42,-1.2,3
15053226,2022-07-01,1.42,-1.1,4
15053226,2022-07-01,1.42,-1.0,1
15053226,2022-07-01,1.42,-0.9,10
15053226,2022-07-01,1.42,-0.8,10
15053226,2022-07-01,1.42,-0.7,10
15053226,2022-07-01,1.42,-0.6,26
15053226,2022-07-01,1.42,-0.5,239
15053226,2022-07-01,1.42,-0.4,96
15053226,2022-07-01,1.42,-0.3,70
15053226,2022-07-01,1.42,-0.2,66
15053226,2022-07-01,1.42,-0.1,34
15053226,2022-07-01,1.42,0.0,8
15053226,2022-07-01,1.42,0.1,40
15053226,2022-07-01,1.42,0.2,1
15053226,2022-07-01,1.42,0.3,2
15053226,2022-07-01,1.44,-1.5,1
15053226,2022-07-01,1.44,-1.4,4
15053226,2022-07-01,1.44,-1.3,3
15053226,2022-07-01,1.44,-1.2,3
15053226,2022-07-01,1.44,-1.1,3
15053226,2022-07-01,1.44,-1.0,7
15053226,2022-07-01,1.44,-0.9,10
15053226,2022-07-01,1.44,-0.8,6
15053226,2022-07-01,1.44,-0.7,12
15053226,2022-07-01,1.44,-0.6,60
15053226,2022-07-01,1.44,-0.5,92
15053226,2022-07-01,1.44,-0.4,131
15053226,2022-07-01,1.44,-0.3,144
15053226,2022-07-01,1.44,-0.2,119
15053226,2022-07-01,1.44,-0.1,52
15053226,2022-07-01,1.44,0.0,14
15053226,2022-07-01,1.44,0.1,177
15053226,2022-07-01,1.44,0.2,2
15053226,2022-07-01,1.44,0.3,1
15053226,2022-07-01,1.44,0.4,1
15053226,2022-07-01,1.44,1.1,1
15053226,2022-07-01,1.44,2.9,1
15053226,2022-07-01,1.46,-1.6,2
15053226,2022-07-01,1.46,-1.5,3
15053226,2022-07-01,1.46,-1.4,4
15053226,2022-07-01,1.46,-1.3,5
15053226,2022-07-01,1.46,-1.2,2
15053226,2022-07-01,1.46,-1.1,4
15053226,2022-07-01,1.46,-1.0,9
15053226,2022-07-01,1.46,-0.9,16
15053226,2022-07-01,1.46,-0.8,6
15053226,2022-07-01,1.46,-0.7,14
15053226,2022-07-01,1.46,-0.6,64
15053226,2022-07-01,1.46,-0.5,57
15053226,2022-07-01,1.46,-0.4,86
15053226,2022-07-01,1.46,-0.3,130
15053226,2022-07-01,1.46,-0.2,1768
15053226,2022-07-01,1.46,-0.1,129
15053226,2022-07-01,1.46,0.0,51
15053226,2022-07-01,1.46,0.1,426
15053226,2022-07-01,1.46,0.2,55
15053226,2022-07-01,1.46,0.4,1
15053226,2022-07-01,1.46,2.3,1
15053226,2022-07-01,1.48,-1.8,1
15053226,2022-07-01,1.48,-1.6,2
15053226,2022-07-01,1.48,-1.5,2
15053226,2022-07-01,1.48,-1.4,5
15053226,2022-07-01,1.48,-1.3,5
15053226,2022-07-01,1.48,-1.1,5
15053226,2022-07-01,1.48,-1.0,10
15053226,2022-07-01,1.48,-0.9,25
15053226,2022-07-01,1.48,-0.8,8
15053226,2022-07-01,1.48,-0.7,12
15053226,2022-07-01,1.48,-0.6,31
15053226,2022-07-01,1.48,-0.5,63
15053226,2022-07-01,1.48,-0.4,83
15053226,2022-07-01,1.48,-0.3,107
15053226,2022-07-01,1.48,-0.2,44
15053226,2022-07-01,1.48,-0.1,63
15053226,2022-07-01,1.48,0.0,2
15053226,2022-07-01,1.48,0.1,42
15053226,2022-07-01,1.48,1.0,1
15053226,2022-07-01,1.5,-1.6,1
15053226,2022-07-01,1.5,-1.4,4
15053226,2022-07-01,1.5,-1.3,4
15053226,2022-07-01,1.5,-1.2,2
15053226,2022-07-01,1.5,-1.1,3
15053226,2022-07-01,1.5,-1.0,7
15053226,2022-07-01,1.5,-0.9,15
15053226,2022-07-01,1.5,-0.8,8
15053226,2022-07-01,1.5,-0.7,7
15053226,2022-07-01,1.5,-0.6,15
15053226,2022-07-01,1.5,-0.5,51
15053226,2022-07-01,1.5,-0.4,91
15053226,2022-07-01,1.5,-0.3,113
15053226,2022-07-01,1.5,-0.2,59
15053226,2022-07-01,1.5,-0.1,55
15053226,2022-07-01,1.5,0.0,4
15053226,2022-07-01,1.5,0.1,2
15053226,2022-07-01,1.5,0.7,3
15053226,2022-07-01,1.5,1.1,1
15053226,2022-07-01,1.5,1.2,1
15053226,2022-07-01,1.52,-1.5,1
15053226,2022-07-01,1.52,-1.4,3
15053226,2022-07-01,1.52,-1.3,2
15053226,2022-07-01,1.52,-1.2,7
15053226,2022-07-01,1.52,-1.1,5
15053226,2022-07-01,1.52,-1.0,10
15053226,2022-07-01,1.52,-0.9,18
15053226,2022-07-01,1.52,-0.8,11
15053226,2022-07-01,1.52,-0.7,13
15053226,2022-07-01,1.52,-0.6,23
15053226,2022-07-01,1.52,-0.5,53
15053226,2022-07-01,1.52,-0.4,127
15053226,2022-07-01,1.52,-0.3,151
15053226,2022-07-01,1.52,-0.2,51
15053226,2022-07-01,1.52,-0.1,21
15053226,2022-07-01,1.52,0.0,7
15053226,2022-07-01,1.52,0.1,2
15053226,2022-07-01,1.52,0.2,3
15053226,2022-07-01,1.54,-1.5,7
15053226,2022-07-01,1.54,-1.3,5
15053226,2022-07-01,1.54,-1.2,2
15053226,2022-07-01,1.54,-1.1,6
15053226,2022-07-01,1.54,-1.0,7
15053226,2022-07-01,1.54,-0.9,21
15053226,2022-07-01,1.54,-0.8,5
15053226,2022-07-01,1.54,-0.7,9
15053226,2022-07-01,1.54,-0.6,21
15053226,2022-07-01,1.54,-0.5,56
15053226,2022-07-01,1.54,-0.4,51
15053226,2022-07-01,1.54,-0.3,79
15053226,2022-07-01,1.54,-0.2,38
15053226,2022-07-01,1.54,-0.1,53
15053226,2022-07-01,1.54,0.0,6
15053226,2022-07-01,1.54,0.1,2
15053226,2022-07-01,1.54,0.2,2
15053226,2022-07-01,1.54,0.7,2
15053226,2022-07-01,1.56,-1.7,1
15053226,2022-07-01,1.56,-1.6,2
15053226,2022-07-01,1.56,-1.4,2
15053226,2022-07-01,1.56,-1.3,1
15053226,2022-07-01,1.56,-1.2,4
15053226,2022-07-01,1.56,-1.1,9
15053226,2022-07-01,1.56,-1.0,5
15053226,2022-07-01,1.56,-0.9,138
15053226,2022-07-01,1.56,-0.8,6
15053226,2022-07-01,1.56,-0.7,14
15053226,2022-07-01,1.56,-0.6,13
15053226,2022-07-01,1.56,-0.5,38
15053226,2022-07-01,1.56,-0.4,149
15053226,2022-07-01,1.56,-0.3,65
15053226,2022-07-01,1.56,-0.2,21
15053226,2022-07-01,1.56,-0.1,45
15053226,2022-07-01,1.56,0.0,21
15053226,2022-07-01,1.56,0.1,8
15053226,2022-07-01,1.56,2.5,1
15053226,2022-07-01,1.58,-1.5,5
15053226,2022-07-01,1.58,-1.4,6
15053226,2022-07-01,1.58,-1.3,6
15053226,2022-07-01,1.58,-1.2,6
15053226,2022-07-01,1.58,-1.1,5
15053226,2022-07-01,1.58,-1.0,4
15053226,2022-07-01,1.58,-0.9,9
15053226,2022-07-01,1.58,-0.8,8
15053226,2022-07-01,1.58,-0.7,16
15053226,2022-07-01,1.58,-0.6,65
15053226,2022-07-01,1.58,-0.5,184
15053226,2022-07-01,1.58,-0.4,80
15053226,2022-07-01,1.58,-0.3,67
15053226,2022-07-01,1.58,-0.2,45
15053226,2022-07-01,1.58,-0.1,27
15053226,2022-07-01,1.58,0.0,4
15053226,2022-07-01,1.58,0.1,9
15053226,2022-07-01,1.58,0.2,1
15053226,2022-07-01,1.58,0.7,1
15053226,2022-07-01,1.58,0.8,1
15053226,2022-07-01,1.58,1.2,1
15053226,2022-07-01,1.6,-1.7,1
15053226,2022-07-01,1.6,-1.6,1
15053226,2022-07-01,1.6,-1.5,4
15053226,2022-07-01,1.6,-1.4,4
15053226,2022-07-01,1.6,-1.3,1
15053226,2022-07-01,1.6,-1.2,1
15053226,2022-07-01,1.6,-1.1,5
15053226,2022-07-01,1.6,-1.0,3
15053226,2022-07-01,1.6,-0.9,8
15053226,2022-07-01,1.6,-0.8,5
15053226,2022-07-01,1.6,-0.7,5
15053226,2022-07-01,1.6,-0.6,11
15053226,2022-07-01,1.6,-0.5,124
15053226,2022-07-01,1.6,-0.4,63
15053226,2022-07-01,1.6,-0.3,77
15053226,2022-07-01,1.6,-0.2,31
15053226,2022-07-01,1.6,-0.1,23
15053226,2022-07-01,1.6,0.0,10
15053226,2022-07-01,1.6,0.1,7
15053226,2022-07-01,1.6,0.2,1
15053226,2022-07-01,1.6,1.1,1
15053226,2022-07-01,1.62,-1.5,3
15053226,2022-07-01,1.62,-1.4,6
15053226,2022-07-01,1.62,-1.3,5
15053226,2022-07-01,1.62,-1.2,6
15053226,2022-07-01,1.62,-1.1,5
15053226,2022-07-01,1.62,-1.0,6
15053226,2022-07-01,1.62,-0.9,5
15053226,2022-07-01,1.62,-0.8,5
15053226,2022-07-01,1.62,-0.7,10
15053226,2022-07-01,1.62,-0.6,19
15053226,2022-07-01,1.62,-0.5,18
15053226,2022-07-01,1.62,-0.4,44
15053226,2022-07-01,1.62,-0.3,68
15053226,2022-07-01,1.62,-0.2,43
15053226,2022-07-01,1.62,-0.1,43
15053226,2022-07-01,1.62,0.0,5
15053226,2022-07-01,1.62,0.1,1
15053226,2022-07-01,1.62,0.2,1
15053226,2022-07-01,1.62,0.3,1
15053226,2022-07-01,1.62,0.6,1
15053226,2022-07-01,1.64,-1.5,2
15053226,2022-07-01,1.64,-1.4,3
15053226,2022-07-01,1.64,-1.3,8
15053226,2022-07-01,1.64,-1.2,6
15053226,2022-07-01,1.64,-1.1,5
15053226,2022-07-01,1.64,-1.0,3
15053226,2022-07-01,1.64,-0.9,9
15053226,2022-07-01,1.64,-0.8,7
15053226,2022-07-01,1.64,-0.7,8
15053226,2022-07-01,1.64,-0.6,11
15053226,2022-07-01,1.64,-0.5,19
15053226,2022-07-01,1.64,-0.4,59
15053226,2022-07-01,1.64,-0.3,35
15053226,2022-07-01,1.64,-0.2,32
15053226,2022-07-01,1.64,-0.1,27
15053226,2022-07-01,1.64,0.0,11
15053226,2022-07-01,1.64,0.1,2
15053226,2022-07-01,1.64,0.2,1
15053226,2022-07-01,1.64,0.8,1
15053226,2022-07-01,1.66,-1.5,3
15053226,2022-07-01,1.66,-1.4,1
15053226,2022-07-01,1.66,-1.3,4
15053226,2022-07-01,1.66,-1.2,6
15053226,2022-07-01,1.66,-1.1,5
15053226,2022-07-01,1.66,-1.0,2
15053226,2022-07-01,1.66,-0.9,9
15053226,2022-07-01,1.66,-0.8,3
15053226,2022-07-01,1.66,-0.7,8
15053226,2022-07-01,1.66,-0.6,15
15053226,2022-07-01,1.66,-0.5,13
15053226,2022-07-01,1.66,-0.4,67
15053226,2022-07-01,1.66,-0.3,59
15053226,2022-07-01,1.66,-0.2,38
15053226,2022-07-01,1.66,-0.1,31
15053226,2022-07-01,1.66,0.0,19
15053226,2022-07-01,1.66,0.1,1
15053226,2022-07-01,1.66,0.2,2
15053226,2022-07-01,1.66,0.8,1
15053226,2022-07-01,1.66,1.0,1
15053226,2022-07-01,1.66,2.9,1
15053226,2022-07-01,1.68,-1.5,3
15053226,2022-07-01,1.68,-1.4,6
15053226,2022-07-01,1.68,-1.3,4
15053226,2022-07-01,1.68,-1.2,7
15053226,2022-07-01,1.68,-1.1,3
15053226,2022-07-01,1.68,-1.0,7
15053226,2022-07-01,1.68,-0.9,9
15053226,2022-07-01,1.68,-0.8,3
15053226,2022-07-01,1.68,-0.7,5
15053226,2022-07-01,1.68,-0.6,13
15053226,2022-07-01,1.68,-0.5,18
15053226,2022-07-01,1.68,-0.4,34
15053226,2022-07-01,1.68,-0.3,50
15053226,2022-07-01,1.68,-0.2,77
15053226,2022-07-01,1.68,-0.1,15
15053226,2022-07-01,1.68,0.0,2
15053226,2022-07-01,1.68,0.2,1
15053226,2022-07-01,1.7,-1.4,6
15053226,2022-07-01,1.7,-1.3,6
15053226,2022-07-01,1.7,-1.2,6
15053226,2022-07-01,1.7,-1.1,5
15053226,2022-07-01,1.7,-1.0,5
15053226,2022-07-01,1.7,-0.9,5
15053226,2022-07-01,1.7,-0.8,5
15053226,2022-07-01,1.7,-0.7,4
15053226,2022-07-01,1.7,-0.6,21
15053226,2022-07-01,1.7,-0.5,20
15053226,2022-07-01,1.7,-0.4,38
15053226,2022-07-01,1.7,-0.3,31
15053226,2022-07-01,1.7,-0.2,103
15053226,2022-07-01,1.7,-0.1,22
15053226,2022-07-01,1.7,0.0,6
15053226,2022-07-01,1.7,0.1,2
15053226,2022-07-01,1.7,0.2,1
15053226,2022-07-01,1.72,-1.5,1
15053226,2022-07-01,1.72,-1.4,2
15053226,2022-07-01,1.72,-1.3,5
15053226,2022-07-01,1.72,-1.2,3
15053226,2022-07-01,1.72,-1.1,5
15053226,2022-07-01,1.72,-1.0,4
15053226,2022-07-01,1.72,-0.9,3
15053226,2022-07-01,1.72,-0.8,4
15053226,2022-07-01,1.72,-0.7,10
15053226,2022-07-01,1.72,-0.6,19
15053226,2022-07-01,1.72,-0.5,5
15053226,2022-07-01,1.72,-0.4,44
15053226,2022-07-01,1.72,-0.3,49
15053226,2022-07-01,1.72,-0.2,60
15053226,2022-07-01,1.72,-0.1,16
15053226,2022-07-01,1.72,0.0,5
15053226,2022-07-01,1.72,2.8,1
15053226,2022-07-01,1.74,-1.5,2
15053226,2022-07-01,1.74,-1.4,4
15053226,2022-07-01,1.74,-1.3,2
15053226,2022-07-01,1.74,-1.2,1
15053226,2022-07-01,1.74,-1.1,3
15053226,2022-07-01,1.74,-1.0,3
15053226,2022-07-01,1.74,-0.9,2
15053226,2022-07-01,1.74,-0.8,3
15053226,2022-07-01,1.74,-0.7,9
15053226,2022-07-01,1.74,-0.6,12
15053226,2022-07-01,1.74,-0.5,48
15053226,2022-07-01,1.74,-0.4,52
15053226,2022-07-01,1.74,-0.3,40
15053226,2022-07-01,1.74,-0.2,22
15053226,2022-07-01,1.74,-0.1,26
15053226,2022-07-01,1.74,0.0,3
15053226,2022-07-01,1.74,0.1,2
15053226,2022-07-01,1.74,1.2,1
15053226,2022-07-01,1.76,-1.5,1
15053226,2022-07-01,1.76,-1.4,3
15053226,2022-07-01,1.76,-1.3,6
15053226,2022-07-01,1.76,-1.2,5
15053226,2022-07-01,1.76,-1.1,3
15053226,2022-07-01,1.76,-1.0,1
15053226,2022-07-01,1.76,-0.9,4
15053226,2022-07-01,1.76,-0.8,4
15053226,2022-07-01,1.76,-0.7,7
15053226,2022-07-01,1.76,-0.6,7
15053226,2022-07-01,1.76,-0.5,11
15053226,2022-07-01,1.76,-0.4,46
15053226,2022-07-01,1.76,-0.3,42
15053226,2022-07-01,1.76,-0.2,34
15053226,2022-07-01,1.76,-0.1,46
15053226,2022-07-01,1.76,0.0,21
15053226,2022-07-01,1.76,0.1,2
15053226,2022-07-01,1.76,0.2,2
15053226,2022-07-01,1.76,0.5,1
15053226,2022-07-01,1.76,0.7,1
15053226,2022-07-01,1.76,1.0,2
15053226,2022-07-01,1.78,-1.5,4
15053226,2022-07-01,1.78,-1.4,5
15053226,2022-07-01,1.78,-1.3,6
15053226,2022-07-01,1.78,-1.2,7
15053226,2022-07-01,1.78,-1.1,5
15053226,2022-07-01,1.78,-1.0,8
15053226,2022-07-01,1.78,-0.9,7
15053226,2022-07-01,1.78,-0.8,4
15053226,2022-07-01,1.78,-0.7,6
15053226,2022-07-01,1.78,-0.6,17
15053226,2022-07-01,1.78,-0.5,20
15053226,2022-07-01,1.78,-0.4,38
15053226,2022-07-01,1.78,-0.3,60
15053226,2022-07-01,1.78,-0.2,39
15053226,2022-07-01,1.78,-0.1,162
15053226,2022-07-01,1.78,0.0,10
15053226,2022-07-01,1.78,0.1,1
15053226,2022-07-01,1.78,0.3,1
15053226,2022-07-01,1.78,0.4,1
15053226,2022-07-01,1.78,0.7,1
15053226,2022-07-01,1.8,-1.5,6
15053226,2022-07-01,1.8,-1.4,10
15053226,2022-07-01,1.8,-1.3,8
15053226,2022-07-01,1.8,-1.2,5
15053226,2022-07-01,1.8,-1.1,4
15053226,2022-07-01,1.8,-1.0,4
15053226,2022-07-01,1.8,-0.9,6
15053226,2022-07-01,1.8,-0.8,7
15053226,2022-07-01,1.8,-0.7,8
15053226,2022-07-01,1.8,-0.6,10
15053226,2022-07-01,1.8,-0.5,16
15053226,2022-07-01,1.8,-0.4,42
15053226,2022-07-01,1.8,-0.3,93
15053226,2022-07-01,1.8,-0.2,54
15053226,2022-07-01,1.8,-0.1,73
15053226,2022-07-01,1.8,0.0,15
15053226,2022-07-01,1.8,0.1,3
15053226,2022-07-01,1.8,0.7,2
15053226,2022-07-01,1.82,-1.5,9
15053226,2022-07-01,1.82,-1.4,4
15053226,2022-07-01,1.82,-1.3,5
15053226,2022-07-01,1.82,-1.2,4
15053226,2022-07-01,1.82,-1.1,3
15053226,2022-07-01,1.82,-1.0,4
15053226,2022-07-01,1.82,-0.9,9
15053226,2022-07-01,1.82,-0.8,8
15053226,2022-07-01,1.82,-0.7,14
15053226,2022-07-01,1.82,-0.6,16
15053226,2022-07-01,1.82,-0.5,26
15053226,2022-07-01,1.82,-0.4,147
15053226,2022-07-01,1.82,-0.3,138
15053226,2022-07-01,1.82,-0.2,103
15053226,2022-07-01,1.82,-0.1,30
15053226,2022-07-01,1.82,0.0,2
15053226,2022-07-01,1.82,0.1,1
15053226,2022-07-01,1.82,0.5,1
15053226,2022-07-01,1.84,-1.6,1
15053226,2022-07-01,1.84,-1.5,8
15053226,2022-07-01,1.84,-1.4,5
15053226,2022-07-01,1.84,-1.3,5
15053226,2022-07-01,1.84,-1.2,2
15053226,2022-07-01,1.84,-1.1,2
15053226,2022-07-01,1.84,-1.0,7
15053226,2022-07-01,1.84,-0.9,7
15053226,2022-07-01,1.84,-0.8,7
15053226,2022-07-01,1.84,-0.7,4
15053226,2022-07-01,1.84,-0.6,28
15053226,2022-07-01,1.84,-0.5,33
15053226,2022-07-01,1.84,-0.4,118
15053226,2022-07-01,1.84,-0.3,116
15053226,2022-07-01,1.84,-0.2,50
15053226,2022-07-01,1.84,-0.1,19
15053226,2022-07-01,1.84,0.0,4
15053226,2022-07-01,1.84,0.1,1
15053226,2022-07-01,1.84,0.3,1
15053226,2022-07-01,1.84,0.7,1
15053226,2022-07-01,1.84,0.8,1
15053226,2022-07-01,1.84,2.6,1
15053226,2022-07-01,1.84,2.7,1
15053226,2022-07-01,1.86,-1.5,2
15053226,2022-07-01,1.86,-1.4,6
15053226,2022-07-01,1.86,-1.3,7
15053226,2022-07-01,1.86,-1.2,4
15053226,2022-07-01,1.86,-1.1,2
15053226,2022-07-01,1.86,-1.0,5
15053226,2022-07-01,1.86,-0.9,8
15053226,2022-07-01,1.86,-0.8,11
15053226,2022-07-01,1.86,-0.7,21
15053226,2022-07-01,1.86,-0.6,36
15053226,2022-07-01,1.86,-0.5,53
15053226,2022-07-01,1.86,-0.4,65
15053226,2022-07-01,1.86,-0.3,68
15053226,2022-07-01,1.86,-0.2,28
15053226,2022-07-01,1.86,-0.1,19
15053226,2022-07-01,1.86,0.0,4
15053226,2022-07-01,1.86,0.1,13
15053226,2022-07-01,1.86,0.2,2
15053226,2022-07-01,1.86,0.3,1
15053226,2022-07-01,1.86,0.4,1
15053226,2022-07-01,1.86,1.3,1
15053226,2022-07-01,1.86,2.3,1
15053226,2022-07-01,1.88,-1.6,1
15053226,2022-07-01,1.88,-1.5,5
15053226,2022-07-01,1.88,-1.4,3
15053226,2022-07-01,1.88,-1.3,17
15053226,2022-07-01,1.88,-1.2,2
15053226,2022-07-01,1.88,-1.1,4
15053226,2022-07-01,1.88,-1.0,5
15053226,2022-07-01,1.88,-0.9,11
15053226,2022-07-01,1.88,-0.8,7
15053226,2022-07-01,1.88,-0.7,22
15053226,2022-07-01,1.88,-0.6,41
15053226,2022-07-01,1.88,-0.5,43
15053226,2022-07-01,1.88,-0.4,84
15053226,2022-07-01,1.88,-0.3,76
15053226,2022-07-01,1.88,-0.2,32
15053226,2022-07-01,1.88,-0.1,15
15053226,2022-07-01,1.88,0.0,3
15053226,2022-07-01,1.88,0.1,1
15053226,2022-07-01,1.88,0.2,20
15053226,2022-07-01,1.88,0.3,1
15053226,2022-07-01,1.88,0.5,1
15053226,2022-07-01,1.9,-1.6,1
15053226,2022-07-01,1.9,-1.5,3
15053226,2022-07-01,1.9,-1.4,6
15053226,2022-07-01,1.9,-1.3,5
15053226,2022-07-01,1.9,-1.2,2
15053226,2022-07-01,1.9,-1.1,5
15053226,2022-07-01,1.9,-1.0,4
15053226,2022-07-01,1.9,-0.9,14
15053226,2022-07-01,1.9,-0.8,9
15053226,2022-07-01,1.9,-0.7,22
15053226,2022-07-01,1.9,-0.6,29
15053226,2022-07-01,1.9,-0.5,15
15053226,2022-07-01,1.9,-0.4,29
15053226,2022-07-01,1.9,-0.3,24
15053226,2022-07-01,1.9,-0.2,38
15053226,2022-07-01,1.9,-0.1,114
15053226,2022-07-01,1.9,0.0,5
15053226,2022-07-01,1.9,0.2,1
15053226,2022-07-01,1.9,0.5,1
15053226,2022-07-01,1.9,2.5,1
15053226,2022-07-01,1.9,2.6,3
15053226,2022-07-01,1.92,-1.5,5
15053226,2022-07-01,1.92,-1.4,2
15053226,2022-07-01,1.92,-1.3,7
15053226,2022-07-01,1.92,-1.2,4
15053226,2022-07-01,1.92,-1.1,6
15053226,2022-07-01,1.92,-1.0,10
15053226,2022-07-01,1.92,-0.9,3
15053226,2022-07-01,1.92,-0.8,5
15053226,2022-07-01,1.92,-0.7,11
15053226,2022-07-01,1.92,-0.6,41
15053226,2022-07-01,1.92,-0.5,15
15053226,2022-07-01,1.92,-0.4,51
15053226,2022-07-01,1.92,-0.3,43
15053226,2022-07-01,1.92,-0.2,26
15053226,2022-07-01,1.92,-0.1,23
15053226,2022-07-01,1.92,0.0,4
15053226,2022-07-01,1.92,0.1,3
15053226,2022-07-01,1.92,2.6,1
15053226,2022-07-01,1.94,-1.5,3
15053226,2022-07-01,1.94,-1.4,6
15053226,2022-07-01,1.94,-1.3,7
15053226,2022-07-01,1.94,-1.2,3
15053226,2022-07-01,1.94,-1.1,5
15053226,2022-07-01,1.94,-1.0,4
15053226,2022-07-01,1.94,-0.8,2
15053226,2022-07-01,1.94,-0.7,15
15053226,2022-07-01,1.94,-0.6,12
15053226,2022-07-01,1.94,-0.5,9
15053226,2022-07-01,1.94,-0.4,25
15053226,2022-07-01,1.94,-0.3,42
15053226,2022-07-01,1.94,-0.2,32
15053226,2022-07-01,1.94,-0.1,10
15053226,2022-07-01,1.94,0.0,2
15053226,2022-07-01,1.94,0.1,2
15053226,2022-07-01,1.94,0.2,1
15053226,2022-07-01,1.94,0.7,1
15053226,2022-07-01,1.94,0.8,1
15053226,2022-07-01,1.96,-1.5,7
15053226,2022-07-01,1.96,-1.4,7
15053226,2022-07-01,1.96,-1.3,3
15053226,2022-07-01,1.96,-1.2,5
15053226,2022-07-01,1.96,-1.1,8
15053226,2022-07-01,1.96,-1.0,4
15053226,2022-07-01,1.96,-0.9,3
15053226,2022-07-01,1.96,-0.8,1
15053226,2022-07-01,1.96,-0.7,5
15053226,2022-07-01,1.96,-0.6,17
15053226,2022-07-01,1.96,-0.5,10
15053226,2022-07-01,1.96,-0.4,195
15053226,2022-07-01,1.96,-0.3,47
15053226,2022-07-01,1.96,-0.2,18
15053226,2022-07-01,1.96,-0.1,13
15053226,2022-07-01,1.96,0.0,3
15053226,2022-07-01,1.96,0.2,1
15053226,2022-07-01,1.96,0.8,1
15053226,2022-07-01,1.98,-1.6,3
15053226,2022-07-01,1.98,-1.5,221
15053226,2022-07-01,1.98,-1.4,5941
15053226,2022-07-01,1.98,-1.3,775
15053226,2022-07-01,1.98,-1.2,543
15053226,2022-07-01,1.98,-1.1,372
15053226,2022-07-01,1.98,-1.0,372
15053226,2022-07-01,1.98,-0.9,2181
15053226,2022-07-01,1.98,-0.8,621
15053226,2022-07-01,1.98,-0.7,386
15053226,2022-07-01,1.98,-0.6,3295
15053226,2022-07-01,1.98,-0.5,3585
15053226,2022-07-01,1.98,-0.4,2809
15053226,2022-07-01,1.98,-0.3,2218
15053226,2022-07-01,1.98,-0.2,927
15053226,2022-07-01,1.98,-0.1,7133
15053226,2022-07-01,1.98,0.0,953
15053226,2022-07-01,1.98,0.1,416
15053226,2022-07-01,1.98,0.2,74
15053226,2022-07-01,1.98,0.3,79
15053226,2022-07-01,1.98,0.4,27
15053226,2022-07-01,1.98,0.5,30
15053226,2022-07-01,1.98,0.6,18
15053226,2022-07-01,1.98,0.7,33
15053226,2022-07-01,1.98,0.8,174
15053226,2022-07-01,1.98,0.9,112
15053226,2022-07-01,1.98,1.0,101
15053226,2022-07-01,1.98,1.1,11
15053226,2022-07-01,1.98,1.2,71
15053226,2022-07-01,1.98,1.3,20
15053226,2022-07-01,1.98,1.4,44
15053226,2022-07-01,1.98,1.5,27
15053226,2022-07-01,1.98,1.6,2
15053226,2022-07-01,1.98,1.7,17
15053226,2022-07-01,1.98,1.8,9
15053226,2022-07-01,1.98,1.9,10
15053226,2022-07-01,1.98,2.0,7
15053226,2022-07-01,1.98,2.1,5
15053226,2022-07-01,1.98,2.2,9
15053226,2022-07-01,1.98,2.3,2
15053226,2022-07-01,1.98,2.4,2
15053226,2022-07-01,1.98,2.5,2
18037988,2023-09-01,0.0,-2.7,1
18037988,2023-09-01,0.0,-2.4,4
18037988,2023-09-01,0.0,-2.3,2
18037988,2023-09-01,0.0,-2.2,3
18037988,2023-09-01,0.0,-2.1,6
18037988,2023-09-01,0.0,-2.0,4
18037988,2023-09-01,0.0,-1.9,7
18037988,2023-09-01,0.0,-1.8,7
18037988,2023-09-01,0.0,-1.7,3
18037988,2023-09-01,0.0,-1.6,5
18037988,2023-09-01,0.0,-1.5,8
18037988,2023-09-01,0.0,-1.4,7
18037988,2023-09-01,0.0,-1.3,27
18037988,2023-09-01,0.0,-1.2,66
18037988,2023-09-01,0.0,-1.1,67
18037988,2023-09-01,0.0,-1.0,972
18037988,2023-09-01,0.0,-0.9,31
18037988,2023-09-01,0.0,-0.8,66
18037988,2023-09-01,0.0,-0.7,79
18037988,2023-09-01,0.0,-0.6,105
18037988,2023-09-01,0.0,-0.5,1043
18037988,2023-09-01,0.0,-0.4,3047
18037988,2023-09-01,0.0,-0.3,481
18037988,2023-09-01,0.0,-0.2,1543
18037988,2023-09-01,0.0,-0.1,129214
18037988,2023-09-01,0.0,0.0,11230
18037988,2023-09-01,0.0,0.1,4054
18037988,2023-09-01,0.0,0.2,3928
18037988,2023-09-01,0.0,0.3,991
18037988,2023-09-01,0.0,0.4,131
18037988,2023-09-01,0.0,0.5,69
18037988,2023-09-01,0.0,0.6,46
18037988,2023-09-01,0.0,0.7,2
18037988,2023-09-01,0.0,0.8,3
18037988,2023-09-01,0.0,0.9,1
18037988,2023-09-01,0.0,1.1,5
18037988,2023-09-01,0.0,1.2,2
18037988,2023-09-01,0.0,1.3,1
18037988,2023-09-01,0.02,-2.9,14
18037988,2023-09-01,0.02,-2.8,5
18037988,2023-09-01,0.02,-2.7,6
18037988,2023-09-01,0.02,-2.5,44
18037988,2023-09-01,0.02,-2.4,15
18037988,2023-09-01,0.02,-2.3,14
18037988,2023-09-01,0.02,-2.2,15
18037988,2023-09-01,0.02,-2.1,7
18037988,2023-09-01,0.02,-2.0,11
18037988,2023-09-01,0.02,-1.9,15
18037988,2023-09-01,0.02,-1.8,40
18037988,2023-09-01,0.02,-1.7,50
18037988,2023-09-01,0.02,-1.6,102
18037988,2023-09-01,0.02,-1.5,141
18037988,2023-09-01,0.02,-1.4,247
18037988,2023-09-01,0.02,-1.3,146
18037988,2023-09-01,0.02,-1.2,290
18037988,2023-09-01,0.02,-1.1,514
18037988,2023-09-01,0.02,-1.0,448
18037988,2023-09-01,0.02,-0.9,520
18037988,2023-09-01,0.02,-0.8,2257
18037988,2023-09-01,0.02,-0.7,2181
18037988,2023-09-01,0.02,-0.6,3821
18037988,2023-09-01,0.02,-0.5,6568
18037988,2023-09-01,0.02,-0.4,8966
18037988,2023-09-01,0.02,-0.3,12961
18037988,2023-09-01,0.02,-0.2,16095
18037988,2023-09-01,0.02,-0.1,9994
18037988,2023-09-01,0.02,0.0,3245
18037988,2023-09-01,0.02,0.1,683
18037988,2023-09-01,0.02,0.2,1438
18037988,2023-09-01,0.02,0.3,469
18037988,2023-09-01,0.02,0.4,122
18037988,2023-09-01,0.02,0.5,1555
18037988,2023-09-01,0.02,0.6,282
18037988,2023-09-01,0.02,0.7,144
18037988,2023-09-01,0.02,0.8,32
18037988,2023-09-01,0.02,0.9,39
18037988,2023-09-01,0.02,1.0,6
18037988,2023-09-01,0.02,1.1,2
18037988,2023-09-01,0.02,1.2,2
18037988,2023-09-01,0.02,1.3,2
18037988,2023-09-01,0.02,1.4,1
18037988,2023-09-01,0.02,1.5,1
18037988,2023-09-01,0.04,-3.0,12
18037988,2023-09-01,0.04,-2.9,65
18037988,2023-09-01,0.04,-2.8,9
18037988,2023-09-01,0.04,-2.7,42
18037988,2023-09-01,0.04,-2.6,14
18037988,2023-09-01,0.04,-2.5,135
18037988,2023-09-01,0.04,-2.4,22
18037988,2023-09-01,0.04,-2.3,12
18037988,2023-09-01,0.04,-2.2,22
18037988,2023-09-01,0.04,-2.1,43
18037988,2023-09-01,0.04,-2.0,71
18037988,2023-09-01,0.04,-1.9,78
18037988,2023-09-01,0.04,-1.8,302
18037988,2023-09-01,0.04,-1.7,209
18037988,2023-09-01,0.04,-1.6,440
18037988,2023-09-01,0.04,-1.5,224
18037988,2023-09-01,0.04,-1.4,216
18037988,2023-09-01,0.04,-1.3,315
18037988,2023-09-01,0.04,-1.2,1067
18037988,2023-09-01,0.04,-1.1,589
18037988,2023-09-01,0.04,-1.0,798
18037988,2023-09-01,0.04,-0.9,2262
18037988,2023-09-01,0.04,-0.8,2356
18037988,2023-09-01,0.04,-0.7,12451
18037988,2023-09-01,0.04,-0.6,9927
18037988,2023-09-01,0.04,-0.5,11458
18037988,2023-09-01,0.04,-0.4,15822
18037988,2023-09-01,0.04,-0.3,16601
18037988,2023-09-01,0.04,-0.2,14813
18037988,2023-09-01,0.04,-0.1,9721
18037988,2023-09-01,0.04,0.0,4210
18037988,2023-09-01,0.04,0.1,7700
18037988,2023-09-01,0.04,0.2,966
18037988,2023-09-01,0.04,0.3,427
18037988,2023-09-01,0.04,0.4,166
18037988,2023-09-01,0.04,0.5,33
18037988,2023-09-01,0.04,0.6,26
18037988,2023-09-01,0.04,0.7,24
18037988,2023-09-01,0.04,0.8,15
18037988,2023-09-01,0.04,0.9,36
18037988,2023-09-01,0.04,1.0,106
18037988,2023-09-01,0.04,1.2,5
18037988,2023-09-01,0.04,1.3,14
18037988,2023-09-01,0.04,1.4,9
18037988,2023-09-01,0.04,1.5,11
18037988,2023-09-01,0.04,1.7,1
18037988,2023-09-01,0.04,1.8,2
18037988,2023-09-01,0.06,-3.0,8
18037988,2023-09-01,0.06,-2.9,4
18037988,2023-09-01,0.06,-2.8,7
18037988,2023-09-01,0.06,-2.7,31
18037988,2023-09-01,0.06,-2.6,24
18037988,2023-09-01,0.06,-2.5,40
18037988,2023-09-01,0.06,-2.4,75
18037988,2023-09-01,0.06,-2.3,85
18037988,2023-09-01,0.06,-2.2,128
18037988,2023-09-01,0.06,-2.1,239
18037988,2023-09-01,0.06,-2.0,150
18037988,2023-09-01,0.06,-1.9,406
18037988,2023-09-01,0.06,-1.8,217
18037988,2023-09-01,0.06,-1.7,276
18037988,2023-09-01,0.06,-1.6,385
18037988,2023-09-01,0.06,-1.5,357
18037988,2023-09-01,0.06,-1.4,435
18037988,2023-09-01,0.06,-1.3,661
18037988,2023-09-01,0.06,-1.2,1255
18037988,2023-09-01,0.06,-1.1,1463
18037988,2023-09-01,0.06,-1.0,2228
18037988,2023-09-01,0.06,-0.9,3458
18037988,2023-09-01,0.06,-0.8,4890
18037988,2023-09-01,0.06,-0.7,46244
18037988,2023-09-01,0.06,-0.6,8557
18037988,2023-09-01,0.06,-0.5,8034
18037988,2023-09-01,0.06,-0.4,7566
18037988,2023-09-01,0.06,-0.3,9337
18037988,2023-09-01,0.06,-0.2,14144
18037988,2023-09-01,0.06,-0.1,13010
18037988,2023-09-01,0.06,0.0,20454
18037988,2023-09-01,0.06,0.1,6534
18037988,2023-09-01,0.06,0.2,1432
18037988,2023-09-01,0.06,0.3,509
18037988,2023-09-01,0.06,0.4,136
18037988,2023-09-01,0.06,0.5,131
18037988,2023-09-01,0.06,0.6,65
18037988,2023-09-01,0.06,0.7,105
18037988,2023-09-01,0.06,0.8,37
18037988,2023-09-01,0.06,0.9,13
18037988,2023-09-01,0.06,1.0,43
18037988,2023-09-01,0.06,1.1,99
18037988,2023-09-01,0.06,1.3,1
18037988,2023-09-01,0.06,1.4,2
18037988,2023-09-01,0.06,1.5,17
18037988,2023-09-01,0.06,1.6,1
18037988,2023-09-01,0.06,1.8,6
18037988,2023-09-01,0.08,-3.0,17
18037988,2023-09-01,0.08,-2.9,9
18037988,2023-09-01,0.08,-2.8,11
18037988,2023-09-01,0.08,-2.7,66
18037988,2023-09-01,0.08,-2.6,24
18037988,2023-09-01,0.08,-2.5,20
18037988,2023-09-01,0.08,-2.4,52
18037988,2023-09-01,0.08,-2.3,58
18037988,2023-09-01,0.08,-2.2,139
18037988,2023-09-01,0.08,-2.1,529
18037988,2023-09-01,0.08,-2.0,297
18037988,2023-09-01,0.08,-1.9,1048
18037988,2023-09-01,0.08,-1.8,608
18037988,2023-09-01,0.08,-1.7,806
18037988,2023-09-01,0.08,-1.6,1715
18037988,2023-09-01,0.08,-1.5,1113
18037988,2023-09-01,0.08,-1.4,1403
18037988,2023-09-01,0.08,-1.3,1927
18037988,2023-09-01,0.08,-1.2,2560
18037988,2023-09-01,0.08,-1.1,3280
18037988,2023-09-01,0.08,-1.0,5193
18037988,2023-09-01,0.08,-0.9,6412
18037988,2023-09-01,0.08,-0.8,15267
18037988,2023-09-01,0.08,-0.7,27108
18037988,2023-09-01,0.08,-0.6,15943
18037988,2023-09-01,0.08,-0.5,7997
18037988,2023-09-01,0.08,-0.4,7015
18037988,2023-09-01,0.08,-0.3,6873
18037988,2023-09-01,0.08,-0.2,12689
18037988,2023-09-01,0.08,-0.1,14848
18037988,2023-09-01,0.08,0.0,6306
18037988,2023-09-01,0.08,0.1,10105
18037988,2023-09-01,0.08,0.2,1624
18037988,2023-09-01,0.08,0.3,493
18037988,2023-09-01,0.08,0.4,272
18037988,2023-09-01,0.08,0.5,190
18037988,2023-09-01,0.08,0.6,75
18037988,2023-09-01,0.08,0.7,63
18037988,2023-09-01,0.08,0.8,77
18037988,2023-09-01,0.08,0.9,46
18037988,2023-09-01,0.08,1.0,37
18037988,2023-09-01,0.08,1.1,264
18037988,2023-09-01,0.08,1.2,5
18037988,2023-09-01,0.08,1.3,1
18037988,2023-09-01,0.08,1.5,4
18037988,2023-09-01,0.08,1.6,15
18037988,2023-09-01,0.08,1.7,1
18037988,2023-09-01,0.08,1.8,1
18037988,2023-09-01,0.08,1.9,1
18037988,2023-09-01,0.08,2.0,4
18037988,2023-09-01,0.1,-3.0,9
18037988,2023-09-01,0.1,-2.9,3
18037988,2023-09-01,0.1,-2.8,8
18037988,2023-09-01,0.1,-2.7,17
18037988,2023-09-01,0.1,-2.6,15
18037988,2023-09-01,0.1,-2.5,27
18037988,2023-09-01,0.1,-2.4,77
18037988,2023-09-01,0.1,-2.3,129
18037988,2023-09-01,0.1,-2.2,153
18037988,2023-09-01,0.1,-2.1,158
18037988,2023-09-01,0.1,-2.0,245
18037988,2023-09-01,0.1,-1.9,866
18037988,2023-09-01,0.1,-1.8,955
18037988,2023-09-01,0.1,-1.7,1439
18037988,2023-09-01,0.1,-1.6,1918
18037988,2023-09-01,0.1,-1.5,2454
18037988,2023-09-01,0.1,-1.4,2967
18037988,2023-09-01,0.1,-1.3,4545
18037988,2023-09-01,0.1,-1.2,5850
18037988,2023-09-01,0.1,-1.1,7119
18037988,2023-09-01,0.1,-1.0,11329
18037988,2023-09-01,0.1,-0.9,12137
18037988,2023-09-01,0.1,-0.8,17016
18037988,2023-09-01,0.1,-0.7,32146
18037988,2023-09-01,0.1,-0.6,31113
18037988,2023-09-01,0.1,-0.5,19883
18037988,2023-09-01,0.1,-0.4,12535
18037988,2023-09-01,0.1,-0.3,11702
18037988,2023-09-01,0.1,-0.2,10609
18037988,2023-09-01,0.1,-0.1,12820
18037988,2023-09-01,0.1,0.0,3494
18037988,2023-09-01,0.1,0.1,5905
18037988,2023-09-01,0.1,0.2,1505
18037988,2023-09-01,0.1,0.3,854
18037988,2023-09-01,0.1,0.4,534
18037988,2023-09-01,0.1,0.5,371
18037988,2023-09-01,0.1,0.6,246
18037988,2023-09-01,0.1,0.7,87
18037988,2023-09-01,0.1,0.8,74
18037988,2023-09-01,0.1,0.9,40
18037988,2023-09-01,0.1,1.0,33
18037988,2023-09-01,0.1,1.1,17
18037988,2023-09-01,0.1,1.2,16
18037988,2023-09-01,0.1,1.3,17
18037988,2023-09-01,0.1,1.4,6
18037988,2023-09-01,0.1,1.5,5
18037988,2023-09-01,0.1,1.6,18
18037988,2023-09-01,0.1,1.7,2
18037988,2023-09-01,0.1,1.8,3
18037988,2023-09-01,0.1,1.9,18
18037988,2023-09-01,0.1,2.0,2
18037988,2023-09-01,0.12,-3.0,11
18037988,2023-09-01,0.12,-2.9,4
18037988,2023-09-01,0.12,-2.8,7
18037988,2023-09-01,0.12,-2.7,14
18037988,2023-09-01,0.12,-2.6,7
18037988,2023-09-01,0.12,-2.5,9
18037988,2023-09-01,0.12,-2.4,30
18037988,2023-09-01,0.12,-2.3,52
18037988,2023-09-01,0.12,-2.2,86
18037988,2023-09-01,0.12,-2.1,148
18037988,2023-09-01,0.12,-2.0,324
18037988,2023-09-01,0.12,-1.9,379
18037988,2023-09-01,0.12,-1.8,833
18037988,2023-09-01,0.12,-1.7,1499
18037988,2023-09-01,0.12,-1.6,2506
18037988,2023-09-01,0.12,-1.5,2317
18037988,2023-09-01,0.12,-1.4,3794
18037988,2023-09-01,0.12,-1.3,7817
18037988,2023-09-01,0.12,-1.2,9537
18037988,2023-09-01,0.12,-1.1,11542
18037988,2023-09-01,0.12,-1.0,16373
18037988,2023-09-01,0.12,-0.9,22990
18037988,2023-09-01,0.12,-0.8,23997
18037988,2023-09-01,0.12,-0.7,27869
18037988,2023-09-01,0.12,-0.6,26762
18037988,2023-09-01,0.12,-0.5,25657
18037988,2023-09-01,0.12,-0.4,21094
18037988,2023-09-01,0.12,-0.3,23997
18037988,2023-09-01,0.12,-0.2,10266
18037988,2023-09-01,0.12,-0.1,9393
18037988,2023-09-01,0.12,0.0,4640
18037988,2023-09-01,0.12,0.1,6279
18037988,2023-09-01,0.12,0.2,1644
18037988,2023-09-01,0.12,0.3,898
18037988,2023-09-01,0.12,0.4,851
18037988,2023-09-01,0.12,0.5,467
18037988,2023-09-01,0.12,0.6,310
18037988,2023-09-01,0.12,0.7,169
18037988,2023-09-01,0.12,0.8,146
18037988,2023-09-01,0.12,0.9,195
18037988,2023-09-01,0.12,1.0,66
18037988,2023-09-01,0.12,1.1,33
18037988,2023-09-01,0.12,1.2,34
18037988,2023-09-01,0.12,1.3,14
18037988,2023-09-01,0.12,1.4,20
18037988,2023-09-01,0.12,1.5,12
18037988,2023-09-01,0.12,1.6,19
18037988,2023-09-01,0.12,1.7,3
18037988,2023-09-01,0.12,1.8,1
18037988,2023-09-01,0.14,-3.0,34
18037988,2023-09-01,0.14,-2.9,13
18037988,2023-09-01,0.14,-2.8,7
18037988,2023-09-01,0.14,-2.7,19
18037988,2023-09-01,0.14,-2.6,9
18037988,2023-09-01,0.14,-2.5,27
18037988,2023-09-01,0.14,-2.4,21
18037988,2023-09-01,0.14,-2.3,31
18037988,2023-09-01,0.14,-2.2,145
18037988,2023-09-01,0.14,-2.1,106
18037988,2023-09-01,0.14,-2.0,241
18037988,2023-09-01,0.14,-1.9,332
18037988,2023-09-01,0.14,-1.8,526
18037988,2023-09-01,0.14,-1.7,963
18037988,2023-09-01,0.14,-1.6,1321
18037988,2023-09-01,0.14,-1.5,2501
18037988,2023-09-01,0.14,-1.4,4071
18037988,2023-09-01,0.14,-1.3,8798
18037988,2023-09-01,0.14,-1.2,11588
18037988,2023-09-01,0.14,-1.1,14904
18037988,2023-09-01,0.14,-1.0,19111
18037988,2023-09-01,0.14,-0.9,23915
18037988,2023-09-01,0.14,-0.8,30769
18037988,2023-09-01,0.14,-0.7,40963
18037988,2023-09-01,0.14,-0.6,48237
18037988,2023-09-01,0.14,-0.5,37979
18037988,2023-09-01,0.14,-0.4,25112
18037988,2023-09-01,0.14,-0.3,24198
18037988,2023-09-01,0.14,-0.2,17555
18037988,2023-09-01,0.14,-0.1,15605
18037988,2023-09-01,0.14,0.0,9928
18037988,2023-09-01,0.14,0.1,6579
18037988,2023-09-01,0.14,0.2,3174
18037988,2023-09-01,0.14,0.3,1262
18037988,2023-09-01,0.14,0.4,1170
18037988,2023-09-01,0.14,0.5,826
18037988,2023-09-01,0.14,0.6,538
18037988,2023-09-01,0.14,0.7,270
18037988,2023-09-01,0.14,0.8,212
18037988,2023-09-01,0.14,0.9,148
18037988,2023-09-01,0.14,1.0,110
18037988,2023-09-01,0.14,1.1,80
18037988,2023-09-01,0.14,1.2,31
18037988,2023-09-01,0.14,1.3,33
18037988,2023-09-01,0.14,1.4,27
18037988,2023-09-01,0.14,1.5,38
18037988,2023-09-01,0.14,1.6,25
18037988,2023-09-01,0.14,1.7,5
18037988,2023-09-01,0.14,1.8,4
18037988,2023-09-01,0.16,-3.0,6
18037988,2023-09-01,0.16,-2.8,1
18037988,2023-09-01,0.16,-2.7,26
18037988,2023-09-01,0.16,-2.6,13
18037988,2023-09-01,0.16,-2.5,23
18037988,2023-09-01,0.16,-2.4,60
18037988,2023-09-01,0.16,-2.3,26
18037988,2023-09-01,0.16,-2.2,99
18037988,2023-09-01,0.16,-2.1,95
18037988,2023-09-01,0.16,-2.0,209
18037988,2023-09-01,0.16,-1.9,473
18037988,2023-09-01,0.16,-1.8,1029
18037988,2023-09-01,0.16,-1.7,1718
18037988,2023-09-01,0.16,-1.6,883
18037988,2023-09-01,0.16,-1.5,1680
18037988,2023-09-01,0.16,-1.4,3681
18037988,2023-09-01,0.16,-1.3,4997
18037988,2023-09-01,0.16,-1.2,7682
18037988,2023-09-01,0.16,-1.1,9748
18037988,2023-09-01,0.16,-1.0,14170
18037988,2023-09-01,0.16,-0.9,16981
18037988,2023-09-01,0.16,-0.8,20128
18037988,2023-09-01,0.16,-0.7,27890
18037988,2023-09-01,0.16,-0.6,36331
18037988,2023-09-01,0.16,-0.5,37241
18037988,2023-09-01,0.16,-0.4,41417
18037988,2023-09-01,0.16,-0.3,26224
18037988,2023-09-01,0.16,-0.2,18992
18037988,2023-09-01,0.16,-0.1,21171
18037988,2023-09-01,0.16,0.0,17522
18037988,2023-09-01,0.16,0.1,14524
18037988,2023-09-01,0.16,0.2,3466
18037988,2023-09-01,0.16,0.3,2508
18037988,2023-09-01,0.16,0.4,1607
18037988,2023-09-01,0.16,0.5,684
18037988,2023-09-01,0.16,0.6,462
18037988,2023-09-01,0.16,0.7,607
18037988,2023-09-01,0.16,0.8,331
18037988,2023-09-01,0.16,0.9,296
18037988,2023-09-01,0.16,1.0,258
18037988,2023-09-01,0.16,1.1,118
18037988,2023-09-01,0.16,1.2,46
18037988,2023-09-01,0.16,1.3,43
18037988,2023-09-01,0.16,1.4,53
18037988,2023-09-01,0.16,1.5,122
18037988,2023-09-01,0.16,1.6,166
18037988,2023-09-01,0.16,1.7,6
18037988,2023-09-01,0.16,1.8,2
18037988,2023-09-01,0.16,1.9,1
18037988,2023-09-01,0.16,2.4,1
18037988,2023-09-01,0.18,-3.0,2
18037988,2023-09-01,0.18,-2.9,3
18037988,2023-09-01,0.18,-2.8,3
18037988,2023-09-01,0.18,-2.7,8
18037988,2023-09-01,0.18,-2.6,6
18037988,2023-09-01,0.18,-2.5,12
18037988,2023-09-01,0.18,-2.4,22
18037988,2023-09-01,0.18,-2.3,39
18037988,2023-09-01,0.18,-2.2,33
18037988,2023-09-01,0.18,-2.1,106
18037988,2023-09-01,0.18,-2.0,133
18037988,2023-09-01,0.18,-1.9,307
18037988,2023-09-01,0.18,-1.8,310
18037988,2023-09-01,0.18,-1.7,477
18037988,2023-09-01,0.18,-1.6,889
18037988,2023-09-01,0.18,-1.5,1243
18037988,2023-09-01,0.18,-1.4,2480
18037988,2023-09-01,0.18,-1.3,5733
18037988,2023-09-01,0.18,-1.2,5613
18037988,2023-09-01,0.18,-1.1,6407
18037988,2023-09-01,0.18,-1.0,8934
18037988,2023-09-01,0.18,-0.9,9016
18037988,2023-09-01,0.18,-0.8,12064
18037988,2023-09-01,0.18,-0.7,14514
18037988,2023-09-01,0.18,-0.6,20118
18037988,2023-09-01,0.18,-0.5,18156
18037988,2023-09-01,0.18,-0.4,31638
18037988,2023-09-01,0.18,-0.3,39289
18037988,2023-09-01,0.18,-0.2,17336
18037988,2023-09-01,0.18,-0.1,12508
18037988,2023-09-01,0.18,0.0,33170
18037988,2023-09-01,0.18,0.1,37356
18037988,2023-09-01,0.18,0.2,6856
18037988,2023-09-01,0.18,0.3,3310
18037988,2023-09-01,0.18,0.4,2759
18037988,2023-09-01,0.18,0.5,824
18037988,2023-09-01,0.18,0.6,743
18037988,2023-09-01,0.18,0.7,1154
18037988,2023-09-01,0.18,0.8,233
18037988,2023-09-01,0.18,0.9,268
18037988,2023-09-01,0.18,1.0,380
18037988,2023-09-01,0.18,1.1,456
18037988,2023-09-01,0.18,1.2,116
18037988,2023-09-01,0.18,1.3,72
18037988,2023-09-01,0.18,1.4,90
18037988,2023-09-01,0.18,1.5,77
18037988,2023-09-01,0.18,1.6,10
18037988,2023-09-01,0.18,1.8,1
18037988,2023-09-01,0.18,1.9,1
18037988,2023-09-01,0.2,-2.7,2
18037988,2023-09-01,0.2,-2.6,8
18037988,2023-09-01,0.2,-2.5,21
18037988,2023-09-01,0.2,-2.4,47
18037988,2023-09-01,0.2,-2.3,49
18037988,2023-09-01,0.2,-2.2,72
18037988,2023-09-01,0.2,-2.1,98
18037988,2023-09-01,0.2,-2.0,83
18037988,2023-09-01,0.2,-1.9,143
18037988,2023-09-01,0.2,-1.8,250
18037988,2023-09-01,0.2,-1.7,433
18037988,2023-09-01,0.2,-1.6,677
18037988,2023-09-01,0.2,-1.5,1025
18037988,2023-09-01,0.2,-1.4,1517
18037988,2023-09-01,0.2,-1.3,2885
18037988,2023-09-01,0.2,-1.2,4126
18037988,2023-09-01,0.2,-1.1,4035
18037988,2023-09-01,0.2,-1.0,4925
18037988,2023-09-01,0.2,-0.9,5196
18037988,2023-09-01,0.2,-0.8,7806
18037988,2023-09-01,0.2,-0.7,10159
18037988,2023-09-01,0.2,-0.6,12747
18037988,2023-09-01,0.2,-0.5,17209
18037988,2023-09-01,0.2,-0.4,15068
18037988,2023-09-01,0.2,-0.3,21724
18037988,2023-09-01,0.2,-0.2,11674
18037988,2023-09-01,0.2,-0.1,9128
18037988,2023-09-01,0.2,0.0,18374
18037988,2023-09-01,0.2,0.1,8489
18037988,2023-09-01,0.2,0.2,11459
18037988,2023-09-01,0.2,0.3,3255
18037988,2023-09-01,0.2,0.4,3350
18037988,2023-09-01,0.2,0.5,1634
18037988,2023-09-01,0.2,0.6,970
18037988,2023-09-01,0.2,0.7,331
18037988,2023-09-01,0.2,0.8,171
18037988,2023-09-01,0.2,0.9,211
18037988,2023-09-01,0.2,1.0,532
18037988,2023-09-01,0.2,1.1,1235
18037988,2023-09-01,0.2,1.2,149
18037988,2023-09-01,0.2,1.3,131
18037988,2023-09-01,0.2,1.4,33
18037988,2023-09-01,0.2,1.5,38
18037988,2023-09-01,0.2,1.6,16
18037988,2023-09-01,0.2,1.7,6
18037988,2023-09-01,0.2,1.9,2
18037988,2023-09-01,0.2,2.0,4
18037988,2023-09-01,0.22,-2.9,2
18037988,2023-09-01,0.22,-2.7,4
18037988,2023-09-01,0.22,-2.6,4
18037988,2023-09-01,0.22,-2.5,55
18037988,2023-09-01,0.22,-2.4,34
18037988,2023-09-01,0.22,-2.3,41
18037988,2023-09-01,0.22,-2.2,73
18037988,2023-09-01,0.22,-2.1,77
18037988,2023-09-01,0.22,-2.0,87
18037988,2023-09-01,0.22,-1.9,117
18037988,2023-09-01,0.22,-1.8,216
18037988,2023-09-01,0.22,-1.7,295
18037988,2023-09-01,0.22,-1.6,530
18037988,2023-09-01,0.22,-1.5,903
18037988,2023-09-01,0.22,-1.4,1213
18037988,2023-09-01,0.22,-1.3,2036
18037988,2023-09-01,0.22,-1.2,6316
18037988,2023-09-01,0.22,-1.1,2855
18037988,2023-09-01,0.22,-1.0,3093
18037988,2023-09-01,0.22,-0.9,3926
18037988,2023-09-01,0.22,-0.8,5471
18037988,2023-09-01,0.22,-0.7,6473
18037988,2023-09-01,0.22,-0.6,7921
18037988,2023-09-01,0.22,-0.5,11926
18037988,2023-09-01,0.22,-0.4,11577
18037988,2023-09-01,0.22,-0.3,11791
18037988,2023-09-01,0.22,-0.2,11654
18037988,2023-09-01,0.22,-0.1,9231
18037988,2023-09-01,0.22,0.0,9195
18037988,2023-09-01,0.22,0.1,5450
18037988,2023-09-01,0.22,0.2,4406
18037988,2023-09-01,0.22,0.3,2870
18037988,2023-09-01,0.22,0.4,4666
18037988,2023-09-01,0.22,0.5,3027
18037988,2023-09-01,0.22,0.6,1417
18037988,2023-09-01,0.22,0.7,277
18037988,2023-09-01,0.22,0.8,207
18037988,2023-09-01,0.22,0.9,322
18037988,2023-09-01,0.22,1.0,279
18037988,2023-09-01,0.22,1.1,134
18037988,2023-09-01,0.22,1.2,110
18037988,2023-09-01,0.22,1.3,88
18037988,2023-09-01,0.22,1.4,66
18037988,2023-09-01,0.22,1.5,36
18037988,2023-09-01,0.22,1.6,22
18037988,2023-09-01,0.22,1.7,2
18037988,2023-09-01,0.22,1.8,3
18037988,2023-09-01,0.22,1.9,3
18037988,2023-09-01,0.22,2.2,1
18037988,2023-09-01,0.24,-3.0,2
18037988,2023-09-01,0.24,-2.7,3
18037988,2023-09-01,0.24,-2.6,5
18037988,2023-09-01,0.24,-2.5,12
18037988,2023-09-01,0.24,-2.4,18
18037988,2023-09-01,0.24,-2.3,31
18037988,2023-09-01,0.24,-2.2,65
18037988,2023-09-01,0.24,-2.1,63
18037988,2023-09-01,0.24,-2.0,101
18037988,2023-09-01,0.24,-1.9,102
18037988,2023-09-01,0.24,-1.8,141
18037988,2023-09-01,0.24,-1.7,267
18037988,2023-09-01,0.24,-1.6,466
18037988,2023-09-01,0.24,-1.5,919
18037988,2023-09-01,0.24,-1.4,1106
18037988,2023-09-01,0.24,-1.3,1699
18037988,2023-09-01,0.24,-1.2,2960
18037988,2023-09-01,0.24,-1.1,2993
18037988,2023-09-01,0.24,-1.0,2242
18037988,2023-09-01,0.24,-0.9,2877
18037988,2023-09-01,0.24,-0.8,3586
18037988,2023-09-01,0.24,-0.7,3812
18037988,2023-09-01,0.24,-0.6,5586
18037988,2023-09-01,0.24,-0.5,6816
18037988,2023-09-01,0.24,-0.4,9917
18037988,2023-09-01,0.24,-0.3,8820
18037988,2023-09-01,0.24,-0.2,9652
18037988,2023-09-01,0.24,-0.1,9577
18037988,2023-09-01,0.24,0.0,9370
18037988,2023-09-01,0.24,0.1,6718
18037988,2023-09-01,0.24,0.2,4025
18037988,2023-09-01,0.24,0.3,3780
18037988,2023-09-01,0.24,0.4,3841
18037988,2023-09-01,0.24,0.5,4881
18037988,2023-09-01,0.24,0.6,831
18037988,2023-09-01,0.24,0.7,283
18037988,2023-09-01,0.24,0.8,234
18037988,2023-09-01,0.24,0.9,312
18037988,2023-09-01,0.24,1.0,187
18037988,2023-09-01,0.24,1.1,118
18037988,2023-09-01,0.24,1.2,81
18037988,2023-09-01,0.24,1.3,112
18037988,2023-09-01,0.24,1.4,90
18037988,2023-09-01,0.24,1.5,48
18037988,2023-09-01,0.24,1.6,29
18037988,2023-09-01,0.24,1.7,3
18037988,2023-09-01,0.24,1.8,3
18037988,2023-09-01,0.24,1.9,3
18037988,2023-09-01,0.24,2.0,3
18037988,2023-09-01,0.24,2.1,1
18037988,2023-09-01,0.26,-3.0,1
18037988,2023-09-01,0.26,-2.8,3
18037988,2023-09-01,0.26,-2.7,2
18037988,2023-09-01,0.26,-2.6,6
18037988,2023-09-01,0.26,-2.5,6
18037988,2023-09-01,0.26,-2.4,14
18037988,2023-09-01,0.26,-2.3,16
18037988,2023-09-01,0.26,-2.2,20
18037988,2023-09-01,0.26,-2.1,99
18037988,2023-09-01,0.26,-2.0,209
18037988,2023-09-01,0.26,-1.9,189
18037988,2023-09-01,0.26,-1.8,146
18037988,2023-09-01,0.26,-1.7,258
18037988,2023-09-01,0.26,-1.6,264
18037988,2023-09-01,0.26,-1.5,921
18037988,2023-09-01,0.26,-1.4,1378
18037988,2023-09-01,0.26,-1.3,1478
18037988,2023-09-01,0.26,-1.2,1923
18037988,2023-09-01,0.26,-1.1,2137
18037988,2023-09-01,0.26,-1.0,1828
18037988,2023-09-01,0.26,-0.9,2124
18037988,2023-09-01,0.26,-0.8,3115
18037988,2023-09-01,0.26,-0.7,3041
18037988,2023-09-01,0.26,-0.6,5645
18037988,2023-09-01,0.26,-0.5,6405
18037988,2023-09-01,0.26,-0.4,9499
18037988,2023-09-01,0.26,-0.3,6301
18037988,2023-09-01,0.26,-0.2,9560
18037988,2023-09-01,0.26,-0.1,9102
18037988,2023-09-01,0.26,0.0,5804
18037988,2023-09-01,0.26,0.1,5113
18037988,2023-09-01,0.26,0.2,2760
18037988,2023-09-01,0.26,0.3,2846
18037988,2023-09-01,0.26,0.4,3709
18037988,2023-09-01,0.26,0.5,1754
18037988,2023-09-01,0.26,0.6,626
18037988,2023-09-01,0.26,0.7,290
18037988,2023-09-01,0.26,0.8,298
18037988,2023-09-01,0.26,0.9,280
18037988,2023-09-01,0.26,1.0,292
18037988,2023-09-01,0.26,1.1,101
18037988,2023-09-01,0.26,1.2,48
18037988,2023-09-01,0.26,1.3,63
18037988,2023-09-01,0.26,1.4,105
18037988,2023-09-01,0.26,1.5,88
18037988,2023-09-01,0.26,1.6,35
18037988,2023-09-01,0.26,1.7,14
18037988,2023-09-01,0.26,1.8,6
18037988,2023-09-01,0.26,1.9,6
18037988,2023-09-01,0.26,2.0,5
18037988,2023-09-01,0.26,2.1,6
18037988,2023-09-01,0.26,2.2,1
18037988,2023-09-01,0.28,-2.9,1
18037988,2023-09-01,0.28,-2.8,1
18037988,2023-09-01,0.28,-2.7,6
18037988,2023-09-01,0.28,-2.6,5
18037988,2023-09-01,0.28,-2.5,11
18037988,2023-09-01,0.28,-2.4,8
18037988,2023-09-01,0.28,-2.3,9
18037988,2023-09-01,0.28,-2.2,15
18037988,2023-09-01,0.28,-2.1,17
18037988,2023-09-01,0.28,-2.0,65
18037988,2023-09-01,0.28,-1.9,100
18037988,2023-09-01,0.28,-1.8,236
18037988,2023-09-01,0.28,-1.7,320
18037988,2023-09-01,0.28,-1.6,198
18037988,2023-09-01,0.28,-1.5,297
18037988,2023-09-01,0.28,-1.4,1710
18037988,2023-09-01,0.28,-1.3,1193
18037988,2023-09-01,0.28,-1.2,842
18037988,2023-09-01,0.28,-1.1,1686
18037988,2023-09-01,0.28,-1.0,1974
18037988,2023-09-01,0.28,-0.9,1594
18037988,2023-09-01,0.28,-0.8,2032
18037988,2023-09-01,0.28,-0.7,2394
18037988,2023-09-01,0.28,-0.6,2960
18037988,2023-09-01,0.28,-0.5,4165
18037988,2023-09-01,0.28,-0.4,9514
18037988,2023-09-01,0.28,-0.3,5239
18037988,2023-09-01,0.28,-0.2,9867
18037988,2023-09-01,0.28,-0.1,7892
18037988,2023-09-01,0.28,0.0,4559
18037988,2023-09-01,0.28,0.1,3605
18037988,2023-09-01,0.28,0.2,2399
18037988,2023-09-01,0.28,0.3,2868
18037988,2023-09-01,0.28,0.4,2960
18037988,2023-09-01,0.28,0.5,2317
18037988,2023-09-01,0.28,0.6,697
18037988,2023-09-01,0.28,0.7,242
18037988,2023-09-01,0.28,0.8,249
18037988,2023-09-01,0.28,0.9,217
18037988,2023-09-01,0.28,1.0,133
18037988,2023-09-01,0.28,1.1,53
18037988,2023-09-01,0.28,1.2,64
18037988,2023-09-01,0.28,1.3,64
18037988,2023-09-01,0.28,1.4,137
18037988,2023-09-01,0.28,1.5,144
18037988,2023-09-01,0.28,1.6,78
18037988,2023-09-01,0.28,1.7,35
18037988,2023-09-01,0.28,1.8,8
18037988,2023-09-01,0.28,1.9,5
18037988,2023-09-01,0.28,2.0,4
18037988,2023-09-01,0.28,2.1,1
18037988,2023-09-01,0.3,-3.0,1
18037988,2023-09-01,0.3,-2.8,1
18037988,2023-09-01,0.3,-2.7,19
18037988,2023-09-01,0.3,-2.6,7
18037988,2023-09-01,0.3,-2.5,26
18037988,2023-09-01,0.3,-2.4,10
18037988,2023-09-01,0.3,-2.3,13
18037988,2023-09-01,0.3,-2.2,10
18037988,2023-09-01,0.3,-2.1,10
18037988,2023-09-01,0.3,-2.0,20
18037988,2023-09-01,0.3,-1.9,73
18037988,2023-09-01,0.3,-1.8,113
18037988,2023-09-01,0.3,-1.7,159
18037988,2023-09-01,0.3,-1.6,266
18037988,2023-09-01,0.3,-1.5,272
18037988,2023-09-01,0.3,-1.4,490
18037988,2023-09-01,0.3,-1.3,748
18037988,2023-09-01,0.3,-1.2,705
18037988,2023-09-01,0.3,-1.1,1102
18037988,2023-09-01,0.3,-1.0,1528
18037988,2023-09-01,0.3,-0.9,1512
18037988,2023-09-01,0.3,-0.8,1789
18037988,2023-09-01,0.3,-0.7,2036
18037988,2023-09-01,0.3,-0.6,2336
18037988,2023-09-01,0.3,-0.5,3254
18037988,2023-09-01,0.3,-0.4,7533
18037988,2023-09-01,0.3,-0.3,4477
18037988,2023-09-01,0.3,-0.2,5337
18037988,2023-09-01,0.3,-0.1,6126
18037988,2023-09-01,0.3,0.0,4308
18037988,2023-09-01,0.3,0.1,2991
18037988,2023-09-01,0.3,0.2,2357
18037988,2023-09-01,0.3,0.3,2583
18037988,2023-09-01,0.3,0.4,2432
18037988,2023-09-01,0.3,0.5,3154
18037988,2023-09-01,0.3,0.6,743
18037988,2023-09-01,0.3,0.7,378
18037988,2023-09-01,0.3,0.8,226
18037988,2023-09-01,0.3,0.9,1102
18037988,2023-09-01,0.3,1.0,135
18037988,2023-09-01,0.3,1.1,39
18037988,2023-09-01,0.3,1.2,52
18037988,2023-09-01,0.3,1.3,43
18037988,2023-09-01,0.3,1.4,90
18037988,2023-09-01,0.3,1.5,196
18037988,2023-09-01,0.3,1.6,100
18037988,2023-09-01,0.3,1.7,64
18037988,2023-09-01,0.3,1.8,21
18037988,2023-09-01,0.3,1.9,7
18037988,2023-09-01,0.3,2.0,1
18037988,2023-09-01,0.32,-2.7,2
18037988,2023-09-01,0.32,-2.6,5
18037988,2023-09-01,0.32,-2.5,17
18037988,2023-09-01,0.32,-2.4,52
18037988,2023-09-01,0.32,-2.3,50
18037988,2023-09-01,0.32,-2.2,22
18037988,2023-09-01,0.32,-2.1,11
18037988,2023-09-01,0.32,-2.0,21
18037988,2023-09-01,0.32,-1.9,29
18037988,2023-09-01,0.32,-1.8,233
18037988,2023-09-01,0.32,-1.7,134
18037988,2023-09-01,0.32,-1.6,531
18037988,2023-09-01,0.32,-1.5,204
18037988,2023-09-01,0.32,-1.4,219
18037988,2023-09-01,0.32,-1.3,406
18037988,2023-09-01,0.32,-1.2,674
18037988,2023-09-01,0.32,-1.1,642
18037988,2023-09-01,0.32,-1.0,921
18037988,2023-09-01,0.32,-0.9,1215
18037988,2023-09-01,0.32,-0.8,1428
18037988,2023-09-01,0.32,-0.7,1641
18037988,2023-09-01,0.32,-0.6,1953
18037988,2023-09-01,0.32,-0.5,2696
18037988,2023-09-01,0.32,-0.4,3081
18037988,2023-09-01,0.32,-0.3,4258
18037988,2023-09-01,0.32,-0.2,4542
18037988,2023-09-01,0.32,-0.1,4023
18037988,2023-09-01,0.32,0.0,5973
18037988,2023-09-01,0.32,0.1,2989
18037988,2023-09-01,0.32,0.2,2545
18037988,2023-09-01,0.32,0.3,1989
18037988,2023-09-01,0.32,0.4,2855
18037988,2023-09-01,0.32,0.5,4260
18037988,2023-09-01,0.32,0.6,1826
18037988,2023-09-01,0.32,0.7,666
18037988,2023-09-01,0.32,0.8,260
18037988,2023-09-01,0.32,0.9,231
18037988,2023-09-01,0.32,1.0,129
18037988,2023-09-01,0.32,1.1,42
18037988,2023-09-01,0.32,1.2,66
18037988,2023-09-01,0.32,1.3,68
18037988,2023-09-01,0.32,1.4,34
18037988,2023-09-01,0.32,1.5,324
18037988,2023-09-01,0.32,1.6,327
18037988,2023-09-01,0.32,1.7,90
18037988,2023-09-01,0.32,1.8,7
18037988,2023-09-01,0.34,-2.9,1
18037988,2023-09-01,0.34,-2.8,2
18037988,2023-09-01,0.34,-2.7,5
18037988,2023-09-01,0.34,-2.6,2
18037988,2023-09-01,0.34,-2.5,4
18037988,2023-09-01,0.34,-2.4,5
18037988,2023-09-01,0.34,-2.3,15
18037988,2023-09-01,0.34,-2.2,11
18037988,2023-09-01,0.34,-2.1,17
18037988,2023-09-01,0.34,-2.0,19
18037988,2023-09-01,0.34,-1.9,24
18037988,2023-09-01,0.34,-1.8,31
18037988,2023-09-01,0.34,-1.7,46
18037988,2023-09-01,0.34,-1.6,86
18037988,2023-09-01,0.34,-1.5,139
18037988,2023-09-01,0.34,-1.4,139
18037988,2023-09-01,0.34,-1.3,321
18037988,2023-09-01,0.34,-1.2,1054
18037988,2023-09-01,0.34,-1.1,716
18037988,2023-09-01,0.34,-1.0,724
18037988,2023-09-01,0.34,-0.9,1075
18037988,2023-09-01,0.34,-0.8,1709
18037988,2023-09-01,0.34,-0.7,1805
18037988,2023-09-01,0.34,-0.6,1634
18037988,2023-09-01,0.34,-0.5,2093
18037988,2023-09-01,0.34,-0.4,2248
18037988,2023-09-01,0.34,-0.3,10881
18037988,2023-09-01,0.34,-0.2,9874
18037988,2023-09-01,0.34,-0.1,3923
18037988,2023-09-01,0.34,0.0,63288
18037988,2023-09-01,0.34,0.1,1710
18037988,2023-09-01,0.34,0.2,1635
18037988,2023-09-01,0.34,0.3,1148
18037988,2023-09-01,0.34,0.4,2251
18037988,2023-09-01,0.34,0.5,23925
18037988,2023-09-01,0.34,0.6,16758
18037988,2023-09-01,0.34,0.7,631
18037988,2023-09-01,0.34,0.8,252
18037988,2023-09-01,0.34,0.9,407
18037988,2023-09-01,0.34,1.0,175
18037988,2023-09-01,0.34,1.1,51
18037988,2023-09-01,0.34,1.2,107
18037988,2023-09-01,0.34,1.3,35
18037988,2023-09-01,0.34,1.4,38
18037988,2023-09-01,0.34,1.5,468
18037988,2023-09-01,0.34,1.6,178
18037988,2023-09-01,0.34,1.7,13
18037988,2023-09-01,0.34,1.8,1
18037988,2023-09-01,0.36,-2.7,2
18037988,2023-09-01,0.36,-2.6,39
18037988,2023-09-01,0.36,-2.5,12
18037988,2023-09-01,0.36,-2.4,3
18037988,2023-09-01,0.36,-2.3,10
18037988,2023-09-01,0.36,-2.2,11
18037988,2023-09-01,0.36,-2.1,19
18037988,2023-09-01,0.36,-2.0,13
18037988,2023-09-01,0.36,-1.9,12
18037988,2023-09-01,0.36,-1.8,22
18037988,2023-09-01,0.36,-1.7,28
18037988,2023-09-01,0.36,-1.6,30
18037988,2023-09-01,0.36,-1.5,83
18037988,2023-09-01,0.36,-1.4,181
18037988,2023-09-01,0.36,-1.3,251
18037988,2023-09-01,0.36,-1.2,297
18037988,2023-09-01,0.36,-1.1,476
18037988,2023-09-01,0.36,-1.0,850
18037988,2023-09-01,0.36,-0.9,1179
18037988,2023-09-01,0.36,-0.8,1272
18037988,2023-09-01,0.36,-0.7,1314
18037988,2023-09-01,0.36,-0.6,2018
18037988,2023-09-01,0.36,-0.5,1994
18037988,2023-09-01,0.36,-0.4,2260
18037988,2023-09-01,0.36,-0.3,3261
18037988,2023-09-01,0.36,-0.2,4267
18037988,2023-09-01,0.36,-0.1,2558
18037988,2023-09-01,0.36,0.0,2866
18037988,2023-09-01,0.36,0.1,1563
18037988,2023-09-01,0.36,0.2,1136
18037988,2023-09-01,0.36,0.3,970
18037988,2023-09-01,0.36,0.4,2492
18037988,2023-09-01,0.36,0.5,199304
18037988,2023-09-01,0.36,0.6,340
18037988,2023-09-01,0.36,0.7,257
18037988,2023-09-01,0.36,0.8,504
18037988,2023-09-01,0.36,0.9,87
18037988,2023-09-01,0.36,1.0,71
18037988,2023-09-01,0.36,1.1,170
18037988,2023-09-01,0.36,1.2,58
18037988,2023-09-01,0.36,1.3,56
18037988,2023-09-01,0.36,1.4,59
18037988,2023-09-01,0.36,1.5,44
18037988,2023-09-01,0.36,1.6,120
18037988,2023-09-01,0.36,1.7,2
18037988,2023-09-01,0.36,2.0,1
18037988,2023-09-01,0.38,-2.9,2
18037988,2023-09-01,0.38,-2.8,4
18037988,2023-09-01,0.38,-2.7,3
18037988,2023-09-01,0.38,-2.6,4
18037988,2023-09-01,0.38,-2.5,1
18037988,2023-09-01,0.38,-2.4,1
18037988,2023-09-01,0.38,-2.3,2
18037988,2023-09-01,0.38,-2.2,11
18037988,2023-09-01,0.38,-2.1,3
18037988,2023-09-01,0.38,-2.0,70
18037988,2023-09-01,0.38,-1.9,37
18037988,2023-09-01,0.38,-1.8,19
18037988,2023-09-01,0.38,-1.7,15
18037988,2023-09-01,0.38,-1.6,31
18037988,2023-09-01,0.38,-1.5,57
18037988,2023-09-01,0.38,-1.4,132
18037988,2023-09-01,0.38,-1.3,170
18037988,2023-09-01,0.38,-1.2,318
18037988,2023-09-01,0.38,-1.1,725
18037988,2023-09-01,0.38,-1.0,853
18037988,2023-09-01,0.38,-0.9,2179
18037988,2023-09-01,0.38,-0.8,1961
18037988,2023-09-01,0.38,-0.7,742
18037988,2023-09-01,0.38,-0.6,1052
18037988,2023-09-01,0.38,-0.5,1670
18037988,2023-09-01,0.38,-0.4,1911
18037988,2023-09-01,0.38,-0.3,2262
18037988,2023-09-01,0.38,-0.2,2386
18037988,2023-09-01,0.38,-0.1,2063
18037988,2023-09-01,0.38,0.0,2070
18037988,2023-09-01,0.38,0.1,1186
18037988,2023-09-01,0.38,0.2,1080
18037988,2023-09-01,0.38,0.3,687
18037988,2023-09-01,0.38,0.4,1741
18037988,2023-09-01,0.38,0.5,3045
18037988,2023-09-01,0.38,0.6,363
18037988,2023-09-01,0.38,0.7,464
18037988,2023-09-01,0.38,0.8,185
18037988,2023-09-01,0.38,0.9,76
18037988,2023-09-01,0.38,1.0,75
18037988,2023-09-01,0.38,1.1,41
18037988,2023-09-01,0.38,1.2,53
18037988,2023-09-01,0.38,1.3,46
18037988,2023-09-01,0.38,1.4,54
18037988,2023-09-01,0.38,1.5,7
18037988,2023-09-01,0.38,1.6,4
18037988,2023-09-01,0.38,1.7,4
18037988,2023-09-01,0.38,1.8,1
18037988,2023-09-01,0.4,-3.0,3
18037988,2023-09-01,0.4,-2.8,2
18037988,2023-09-01,0.4,-2.7,2
18037988,2023-09-01,0.4,-2.6,1
18037988,2023-09-01,0.4,-2.5,1
18037988,2023-09-01,0.4,-2.4,2
18037988,2023-09-01,0.4,-2.3,2
18037988,2023-09-01,0.4,-2.2,8
18037988,2023-09-01,0.4,-2.1,3
18037988,2023-09-01,0.4,-2.0,9
18037988,2023-09-01,0.4,-1.9,23
18037988,2023-09-01,0.4,-1.8,5
18037988,2023-09-01,0.4,-1.7,25
18037988,2023-09-01,0.4,-1.6,19
18037988,2023-09-01,0.4,-1.5,53
18037988,2023-09-01,0.4,-1.4,68
18037988,2023-09-01,0.4,-1.3,96
18037988,2023-09-01,0.4,-1.2,186
18037988,2023-09-01,0.4,-1.1,437
18037988,2023-09-01,0.4,-1.0,1092
18037988,2023-09-01,0.4,-0.9,3126
18037988,2023-09-01,0.4,-0.8,3513
18037988,2023-09-01,0.4,-0.7,974
18037988,2023-09-01,0.4,-0.6,1130
18037988,2023-09-01,0.4,-0.5,2366
18037988,2023-09-01,0.4,-0.4,2527
18037988,2023-09-01,0.4,-0.3,2269
18037988,2023-09-01,0.4,-0.2,2360
18037988,2023-09-01,0.4,-0.1,2988
18037988,2023-09-01,0.4,0.0,3170
18037988,2023-09-01,0.4,0.1,1184
18037988,2023-09-01,0.4,0.2,887
18037988,2023-09-01,0.4,0.3,556
18037988,2023-09-01,0.4,0.4,2353
18037988,2023-09-01,0.4,0.5,2199
18037988,2023-09-01,0.4,0.6,406
18037988,2023-09-01,0.4,0.7,967
18037988,2023-09-01,0.4,0.8,88
18037988,2023-09-01,0.4,0.9,92
18037988,2023-09-01,0.4,1.0,114
18037988,2023-09-01,0.4,1.1,42
18037988,2023-09-01,0.4,1.2,40
18037988,2023-09-01,0.4,1.3,51
18037988,2023-09-01,0.4,1.4,23
18037988,2023-09-01,0.4,1.5,5
18037988,2023-09-01,0.4,1.6,4
18037988,2023-09-01,0.4,1.7,2
18037988,2023-09-01,0.42,-3.0,1
18037988,2023-09-01,0.42,-2.8,1
18037988,2023-09-01,0.42,-2.7,4
18037988,2023-09-01,0.42,-2.6,7
18037988,2023-09-01,0.42,-2.5,5
18037988,2023-09-01,0.42,-2.3,1
18037988,2023-09-01,0.42,-2.2,3
18037988,2023-09-01,0.42,-2.1,9
18037988,2023-09-01,0.42,-2.0,12
18037988,2023-09-01,0.42,-1.9,10
18037988,2023-09-01,0.42,-1.8,15
18037988,2023-09-01,0.42,-1.7,15
18037988,2023-09-01,0.42,-1.6,21
18037988,2023-09-01,0.42,-1.5,43
18037988,2023-09-01,0.42,-1.4,60
18037988,2023-09-01,0.42,-1.3,83
18037988,2023-09-01,0.42,-1.2,215
18037988,2023-09-01,0.42,-1.1,278
18037988,2023-09-01,0.42,-1.0,272
18037988,2023-09-01,0.42,-0.9,1239
18037988,2023-09-01,0.42,-0.8,9432
18037988,2023-09-01,0.42,-0.7,726
18037988,2023-09-01,0.42,-0.6,1648
18037988,2023-09-01,0.42,-0.5,1298
18037988,2023-09-01,0.42,-0.4,1392
18037988,2023-09-01,0.42,-0.3,1833
18037988,2023-09-01,0.42,-0.2,2347
18037988,2023-09-01,0.42,-0.1,2523
18037988,2023-09-01,0.42,0.0,1660
18037988,2023-09-01,0.42,0.1,809
18037988,2023-09-01,0.42,0.2,1831
18037988,2023-09-01,0.42,0.3,691
18037988,2023-09-01,0.42,0.4,4149
18037988,2023-09-01,0.42,0.5,2276
18037988,2023-09-01,0.42,0.6,201
18037988,2023-09-01,0.42,0.7,635
18037988,2023-09-01,0.42,0.8,69
18037988,2023-09-01,0.42,0.9,73
18037988,2023-09-01,0.42,1.0,51
18037988,2023-09-01,0.42,1.1,55
18037988,2023-09-01,0.42,1.2,68
18037988,2023-09-01,0.42,1.3,25
18037988,2023-09-01,0.42,1.4,12
18037988,2023-09-01,0.42,1.5,14
18037988,2023-09-01,0.42,1.6,3
18037988,2023-09-01,0.42,1.7,1
18037988,2023-09-01,0.42,1.9,1
18037988,2023-09-01,0.42,2.1,1
18037988,2023-09-01,0.44,-3.0,1
18037988,2023-09-01,0.44,-2.9,1
18037988,2023-09-01,0.44,-2.7,3
18037988,2023-09-01,0.44,-2.6,3
18037988,2023-09-01,0.44,-2.5,2
18037988,2023-09-01,0.44,-2.2,2
18037988,2023-09-01,0.44,-2.1,3
18037988,2023-09-01,0.44,-2.0,4
18037988,2023-09-01,0.44,-1.9,6
18037988,2023-09-01,0.44,-1.8,20
18037988,2023-09-01,0.44,-1.7,22
18037988,2023-09-01,0.44,-1.6,21
18037988,2023-09-01,0.44,-1.5,36
18037988,2023-09-01,0.44,-1.4,44
18037988,2023-09-01,0.44,-1.3,64
18037988,2023-09-01,0.44,-1.2,96
18037988,2023-09-01,0.44,-1.1,179
18037988,2023-09-01,0.44,-1.0,373
18037988,2023-09-01,0.44,-0.9,279
18037988,2023-09-01,0.44,-0.8,1652
18037988,2023-09-01,0.44,-0.7,848
18037988,2023-09-01,0.44,-0.6,1547
18037988,2023-09-01,0.44,-0.5,1447
18037988,2023-09-01,0.44,-0.4,1252
18037988,2023-09-01,0.44,-0.3,1531
18037988,2023-09-01,0.44,-0.2,2174
18037988,2023-09-01,0.44,-0.1,1831
18037988,2023-09-01,0.44,0.0,1181
18037988,2023-09-01,0.44,0.1,703
18037988,2023-09-01,0.44,0.2,638
18037988,2023-09-01,0.44,0.3,582
18037988,2023-09-01,0.44,0.4,794
18037988,2023-09-01,0.44,0.5,142
18037988,2023-09-01,0.44,0.6,177
18037988,2023-09-01,0.44,0.7,107
18037988,2023-09-01,0.44,0.8,201
18037988,2023-09-01,0.44,0.9,70
18037988,2023-09-01,0.44,1.0,55
18037988,2023-09-01,0.44,1.1,52
18037988,2023-09-01,0.44,1.2,55
18037988,2023-09-01,0.44,1.3,15
18037988,2023-09-01,0.44,1.4,14
18037988,2023-09-01,0.44,1.5,11
18037988,2023-09-01,0.44,1.6,8
18037988,2023-09-01,0.44,1.7,1
18037988,2023-09-01,0.44,1.8,1
18037988,2023-09-01,0.44,1.9,1
18037988,2023-09-01,0.44,2.7,1
18037988,2023-09-01,0.46,-3.0,1
18037988,2023-09-01,0.46,-2.9,1
18037988,2023-09-01,0.46,-2.8,3
18037988,2023-09-01,0.46,-2.6,2
18037988,2023-09-01,0.46,-2.1,5
18037988,2023-09-01,0.46,-2.0,36
18037988,2023-09-01,0.46,-1.9,6
18037988,2023-09-01,0.46,-1.8,13
18037988,2023-09-01,0.46,-1.7,23
18037988,2023-09-01,0.46,-1.6,25
18037988,2023-09-01,0.46,-1.5,31
18037988,2023-09-01,0.46,-1.4,40
18037988,2023-09-01,0.46,-1.3,89
18037988,2023-09-01,0.46,-1.2,119
18037988,2023-09-01,0.46,-1.1,93
18037988,2023-09-01,0.46,-1.0,131
18037988,2023-09-01,0.46,-0.9,304
18037988,2023-09-01,0.46,-0.8,4831
18037988,2023-09-01,0.46,-0.7,398
18037988,2023-09-01,0.46,-0.6,806
18037988,2023-09-01,0.46,-0.5,793
18037988,2023-09-01,0.46,-0.4,929
18037988,2023-09-01,0.46,-0.3,3517
18037988,2023-09-01,0.46,-0.2,1651
18037988,2023-09-01,0.46,-0.1,1209
18037988,2023-09-01,0.46,0.0,1179
18037988,2023-09-01,0.46,0.1,764
18037988,2023-09-01,0.46,0.2,581
18037988,2023-09-01,0.46,0.3,446
18037988,2023-09-01,0.46,0.4,1461
18037988,2023-09-01,0.46,0.5,179
18037988,2023-09-01,0.46,0.6,112
18037988,2023-09-01,0.46,0.7,276
18037988,2023-09-01,0.46,0.8,62
18037988,2023-09-01,0.46,0.9,79
18037988,2023-09-01,0.46,1.0,97
18037988,2023-09-01,0.46,1.1,48
18037988,2023-09-01,0.46,1.2,62
18037988,2023-09-01,0.46,1.3,31
18037988,2023-09-01,0.46,1.4,19
18037988,2023-09-01,0.46,1.5,14
18037988,2023-09-01,0.46,1.6,7
18037988,2023-09-01,0.46,1.7,2
18037988,2023-09-01,0.46,1.9,1
18037988,2023-09-01,0.48,-2.9,3
18037988,2023-09-01,0.48,-2.8,2
18037988,2023-09-01,0.48,-2.7,3
18037988,2023-09-01,0.48,-2.6,7
18037988,2023-09-01,0.48,-2.5,1
18037988,2023-09-01,0.48,-2.4,1
18037988,2023-09-01,0.48,-2.2,1
18037988,2023-09-01,0.48,-2.1,6
18037988,2023-09-01,0.48,-2.0,10
18037988,2023-09-01,0.48,-1.9,2
18037988,2023-09-01,0.48,-1.8,10
18037988,2023-09-01,0.48,-1.7,13
18037988,2023-09-01,0.48,-1.6,7
18037988,2023-09-01,0.48,-1.5,33
18037988,2023-09-01,0.48,-1.4,66
18037988,2023-09-01,0.48,-1.3,80
18037988,2023-09-01,0.48,-1.2,143
18037988,2023-09-01,0.48,-1.1,88
18037988,2023-09-01,0.48,-1.0,126
18037988,2023-09-01,0.48,-0.9,312
18037988,2023-09-01,0.48,-0.8,602
18037988,2023-09-01,0.48,-0.7,624
18037988,2023-09-01,0.48,-0.6,481
18037988,2023-09-01,0.48,-0.5,1197
18037988,2023-09-01,0.48,-0.4,2016
18037988,2023-09-01,0.48,-0.3,1726
18037988,2023-09-01,0.48,-0.2,20939
18037988,2023-09-01,0.48,-0.1,1863
18037988,2023-09-01,0.48,0.0,1207
18037988,2023-09-01,0.48,0.1,535
18037988,2023-09-01,0.48,0.2,557
18037988,2023-09-01,0.48,0.3,700
18037988,2023-09-01,0.48,0.4,859
18037988,2023-09-01,0.48,0.5,142
18037988,2023-09-01,0.48,0.6,68
18037988,2023-09-01,0.48,0.7,243
18037988,2023-09-01,0.48,0.8,58
18037988,2023-09-01,0.48,0.9,57
18037988,2023-09-01,0.48,1.0,49
18037988,2023-09-01,0.48,1.1,36
18037988,2023-09-01,0.48,1.2,59
18037988,2023-09-01,0.48,1.3,35
18037988,2023-09-01,0.48,1.4,24
18037988,2023-09-01,0.48,1.5,61
18037988,2023-09-01,0.48,1.6,7
18037988,2023-09-01,0.48,1.7,3
18037988,2023-09-01,0.48,2.0,1
18037988,2023-09-01,0.5,-2.9,3
18037988,2023-09-01,0.5,-2.8,6
18037988,2023-09-01,0.5,-2.7,4
18037988,2023-09-01,0.5,-2.6,2
18037988,2023-09-01,0.5,-2.5,1
18037988,2023-09-01,0.5,-2.4,1
18037988,2023-09-01,0.5,-2.2,1
18037988,2023-09-01,0.5,-2.0,20
18037988,2023-09-01,0.5,-1.9,9
18037988,2023-09-01,0.5,-1.8,12
18037988,2023-09-01,0.5,-1.7,5
18037988,2023-09-01,0.5,-1.6,19
18037988,2023-09-01,0.5,-1.5,9
18037988,2023-09-01,0.5,-1.4,17
18037988,2023-09-01,0.5,-1.3,44
18037988,2023-09-01,0.5,-1.2,262
18037988,2023-09-01,0.5,-1.1,121
18037988,2023-09-01,0.5,-1.0,152
18037988,2023-09-01,0.5,-0.9,242
18037988,2023-09-01,0.5,-0.8,318
18037988,2023-09-01,0.5,-0.7,367
18037988,2023-09-01,0.5,-0.6,451
18037988,2023-09-01,0.5,-0.5,533
18037988,2023-09-01,0.5,-0.4,2242
18037988,2023-09-01,0.5,-0.3,1658
18037988,2023-09-01,0.5,-0.2,2379
18037988,2023-09-01,0.5,-0.1,1534
18037988,2023-09-01,0.5,0.0,1459
18037988,2023-09-01,0.5,0.1,600
18037988,2023-09-01,0.5,0.2,663
18037988,2023-09-01,0.5,0.3,1848
18037988,2023-09-01,0.5,0.4,3333
18037988,2023-09-01,0.5,0.5,93
18037988,2023-09-01,0.5,0.6,55
18037988,2023-09-01,0.5,0.7,30
18037988,2023-09-01,0.5,0.8,71
18037988,2023-09-01,0.5,0.9,96
18037988,2023-09-01,0.5,1.0,48
18037988,2023-09-01,0.5,1.1,52
18037988,2023-09-01,0.5,1.2,51
18037988,2023-09-01,0.5,1.3,33
18037988,2023-09-01,0.5,1.4,31
18037988,2023-09-01,0.5,1.5,28
18037988,2023-09-01,0.5,1.6,7
18037988,2023-09-01,0.5,1.7,3
18037988,2023-09-01,0.5,2.0,1
18037988,2023-09-01,0.5,2.3,1
18037988,2023-09-01,0.52,-2.7,16
18037988,2023-09-01,0.52,-2.6,49
18037988,2023-09-01,0.52,-2.5,1
18037988,2023-09-01,0.52,-2.3,1
18037988,2023-09-01,0.52,-2.1,1
18037988,2023-09-01,0.52,-2.0,3
18037988,2023-09-01,0.52,-1.9,17
18037988,2023-09-01,0.52,-1.8,21
18037988,2023-09-01,0.52,-1.7,3
18037988,2023-09-01,0.52,-1.6,16
18037988,2023-09-01,0.52,-1.5,12
18037988,2023-09-01,0.52,-1.4,32
18037988,2023-09-01,0.52,-1.3,32
18037988,2023-09-01,0.52,-1.2,52
18037988,2023-09-01,0.52,-1.1,58
18037988,2023-09-01,0.52,-1.0,166
18037988,2023-09-01,0.52,-0.9,271
18037988,2023-09-01,0.52,-0.8,233
18037988,2023-09-01,0.52,-0.7,525
18037988,2023-09-01,0.52,-0.6,668
18037988,2023-09-01,0.52,-0.5,452
18037988,2023-09-01,0.52,-0.4,496
18037988,2023-09-01,0.52,-0.3,912
18037988,2023-09-01,0.52,-0.2,1323
18037988,2023-09-01,0.52,-0.1,1364
18037988,2023-09-01,0.52,0.0,1189
18037988,2023-09-01,0.52,0.1,642
18037988,2023-09-01,0.52,0.2,527
18037988,2023-09-01,0.52,0.3,593
18037988,2023-09-01,0.52,0.4,1551
18037988,2023-09-01,0.52,0.5,77
18037988,2023-09-01,0.52,0.6,48
18037988,2023-09-01,0.52,0.7,27
18037988,2023-09-01,0.52,0.8,45
18037988,2023-09-01,0.52,0.9,213
18037988,2023-09-01,0.52,1.0,34
18037988,2023-09-01,0.52,1.1,25
18037988,2023-09-01,0.52,1.2,49
18037988,2023-09-01,0.52,1.3,38
18037988,2023-09-01,0.52,1.4,34
18037988,2023-09-01,0.52,1.5,12
18037988,2023-09-01,0.52,1.6,1
18037988,2023-09-01,0.52,2.5,1
18037988,2023-09-01,0.54,-2.7,5
18037988,2023-09-01,0.54,-2.6,21
18037988,2023-09-01,0.54,-2.5,1
18037988,2023-09-01,0.54,-1.9,13
18037988,2023-09-01,0.54,-1.8,113
18037988,2023-09-01,0.54,-1.7,7
18037988,2023-09-01,0.54,-1.6,14
18037988,2023-09-01,0.54,-1.5,18
18037988,2023-09-01,0.54,-1.4,22
18037988,2023-09-01,0.54,-1.3,33
18037988,2023-09-01,0.54,-1.2,65
18037988,2023-09-01,0.54,-1.1,59
18037988,2023-09-01,0.54,-1.0,42
18037988,2023-09-01,0.54,-0.9,74
18037988,2023-09-01,0.54,-0.8,168
18037988,2023-09-01,0.54,-0.7,278
18037988,2023-09-01,0.54,-0.6,488
18037988,2023-09-01,0.54,-0.5,542
18037988,2023-09-01,0.54,-0.4,441
18037988,2023-09-01,0.54,-0.3,711
18037988,2023-09-01,0.54,-0.2,961
18037988,2023-09-01,0.54,-0.1,2066
18037988,2023-09-01,0.54,0.0,829
18037988,2023-09-01,0.54,0.1,761
18037988,2023-09-01,0.54,0.2,1844
18037988,2023-09-01,0.54,0.3,1410
18037988,2023-09-01,0.54,0.4,228
18037988,2023-09-01,0.54,0.5,81
18037988,2023-09-01,0.54,0.6,53
18037988,2023-09-01,0.54,0.7,29
18037988,2023-09-01,0.54,0.8,62
18037988,2023-09-01,0.54,0.9,74
18037988,2023-09-01,0.54,1.0,62
18037988,2023-09-01,0.54,1.1,27
18037988,2023-09-01,0.54,1.2,86
18037988,2023-09-01,0.54,1.3,31
18037988,2023-09-01,0.54,1.4,33
18037988,2023-09-01,0.54,1.5,13
18037988,2023-09-01,0.54,1.6,5
18037988,2023-09-01,0.54,1.8,1
18037988,2023-09-01,0.54,1.9,2
18037988,2023-09-01,0.56,-2.5,1
18037988,2023-09-01,0.56,-2.1,2
18037988,2023-09-01,0.56,-1.9,3
18037988,2023-09-01,0.56,-1.8,4
18037988,2023-09-01,0.56,-1.7,10
18037988,2023-09-01,0.56,-1.6,15
18037988,2023-09-01,0.56,-1.5,35
18037988,2023-09-01,0.56,-1.4,27
18037988,2023-09-01,0.56,-1.3,70
18037988,2023-09-01,0.56,-1.2,24
18037988,2023-09-01,0.56,-1.1,79
18037988,2023-09-01,0.56,-1.0,41
18037988,2023-09-01,0.56,-0.9,56
18037988,2023-09-01,0.56,-0.8,227
18037988,2023-09-01,0.56,-0.7,164
18037988,2023-09-01,0.56,-0.6,306
18037988,2023-09-01,0.56,-0.5,394
18037988,2023-09-01,0.56,-0.4,345
18037988,2023-09-01,0.56,-0.3,691
18037988,2023-09-01,0.56,-0.2,838
18037988,2023-09-01,0.56,-0.1,1550
18037988,2023-09-01,0.56,0.0,1387
18037988,2023-09-01,0.56,0.1,770
18037988,2023-09-01,0.56,0.2,1500
18037988,2023-09-01,0.56,0.3,289
18037988,2023-09-01,0.56,0.4,222
18037988,2023-09-01,0.56,0.5,76
18037988,2023-09-01,0.56,0.6,50
18037988,2023-09-01,0.56,0.7,38
18037988,2023-09-01,0.56,0.8,65
18037988,2023-09-01,0.56,0.9,103
18037988,2023-09-01,0.56,1.0,72
18037988,2023-09-01,0.56,1.1,36
18037988,2023-09-01,0.56,1.2,90
18037988,2023-09-01,0.56,1.3,80
18037988,2023-09-01,0.56,1.4,36
18037988,2023-09-01,0.56,1.5,13
18037988,2023-09-01,0.56,1.6,4
18037988,2023-09-01,0.56,1.7,1
18037988,2023-09-01,0.56,1.8,1
18037988,2023-09-01,0.56,2.0,1
18037988,2023-09-01,0.58,-2.5,1
18037988,2023-09-01,0.58,-2.3,1
18037988,2023-09-01,0.58,-2.2,1
18037988,2023-09-01,0.58,-1.9,1
18037988,2023-09-01,0.58,-1.8,5
18037988,2023-09-01,0.58,-1.7,9
18037988,2023-09-01,0.58,-1.6,24
18037988,2023-09-01,0.58,-1.5,45
18037988,2023-09-01,0.58,-1.4,20
18037988,2023-09-01,0.58,-1.3,90
18037988,2023-09-01,0.58,-1.2,18
18037988,2023-09-01,0.58,-1.1,134
18037988,2023-09-01,0.58,-1.0,183
18037988,2023-09-01,0.58,-0.9,66
18037988,2023-09-01,0.58,-0.8,332
18037988,2023-09-01,0.58,-0.7,133
18037988,2023-09-01,0.58,-0.6,368
18037988,2023-09-01,0.58,-0.5,325
18037988,2023-09-01,0.58,-0.4,348
18037988,2023-09-01,0.58,-0.3,664
18037988,2023-09-01,0.58,-0.2,889
18037988,2023-09-01,0.58,-0.1,1165
18037988,2023-09-01,0.58,0.0,1197
18037988,2023-09-01,0.58,0.1,999
18037988,2023-09-01,0.58,0.2,412
18037988,2023-09-01,0.58,0.3,438
18037988,2023-09-01,0.58,0.4,133
18037988,2023-09-01,0.58,0.5,129
18037988,2023-09-01,0.58,0.6,50
18037988,2023-09-01,0.58,0.7,40
18037988,2023-09-01,0.58,0.8,44
18037988,2023-09-01,0.58,0.9,596
18037988,2023-09-01,0.58,1.0,64
18037988,2023-09-01,0.58,1.1,35
18037988,2023-09-01,0.58,1.2,226
18037988,2023-09-01,0.58,1.3,65
18037988,2023-09-01,0.58,1.4,32
18037988,2023-09-01,0.58,1.5,8
18037988,2023-09-01,0.6,-2.4,1
18037988,2023-09-01,0.6,-2.1,2
18037988,2023-09-01,0.6,-2.0,1
18037988,2023-09-01,0.6,-1.8,1
18037988,2023-09-01,0.6,-1.7,4
18037988,2023-09-01,0.6,-1.6,3
18037988,2023-09-01,0.6,-1.5,10
18037988,2023-09-01,0.6,-1.4,16
18037988,2023-09-01,0.6,-1.3,14
18037988,2023-09-01,0.6,-1.2,17
18037988,2023-09-01,0.6,-1.1,54
18037988,2023-09-01,0.6,-1.0,37
18037988,2023-09-01,0.6,-0.9,50
18037988,2023-09-01,0.6,-0.8,121
18037988,2023-09-01,0.6,-0.7,310
18037988,2023-09-01,0.6,-0.6,121
18037988,2023-09-01,0.6,-0.5,224
18037988,2023-09-01,0.6,-0.4,307
18037988,2023-09-01,0.6,-0.3,525
18037988,2023-09-01,0.6,-0.2,1127
18037988,2023-09-01,0.6,-0.1,952
18037988,2023-09-01,0.6,0.0,965
18037988,2023-09-01,0.6,0.1,998
18037988,2023-09-01,0.6,0.2,970
18037988,2023-09-01,0.6,0.3,418
18037988,2023-09-01,0.6,0.4,131
18037988,2023-09-01,0.6,0.5,97
18037988,2023-09-01,0.6,0.6,175
18037988,2023-09-01,0.6,0.7,25
18037988,2023-09-01,0.6,0.8,40
18037988,2023-09-01,0.6,0.9,69
18037988,2023-09-01,0.6,1.0,35
18037988,2023-09-01,0.6,1.1,31
18037988,2023-09-01,0.6,1.2,585
18037988,2023-09-01,0.6,1.3,29
18037988,2023-09-01,0.6,1.4,35
18037988,2023-09-01,0.6,1.5,20
18037988,2023-09-01,0.6,1.6,5
18037988,2023-09-01,0.6,1.7,1
18037988,2023-09-01,0.6,1.8,1
18037988,2023-09-01,0.6,1.9,2
18037988,2023-09-01,0.62,-2.4,1
18037988,2023-09-01,0.62,-2.2,1
18037988,2023-09-01,0.62,-2.1,1
18037988,2023-09-01,0.62,-2.0,2
18037988,2023-09-01,0.62,-1.9,3
18037988,2023-09-01,0.62,-1.6,2
18037988,2023-09-01,0.62,-1.5,6
18037988,2023-09-01,0.62,-1.4,23
18037988,2023-09-01,0.62,-1.3,15
18037988,2023-09-01,0.62,-1.2,12
18037988,2023-09-01,0.62,-1.1,27
18037988,2023-09-01,0.62,-1.0,30
18037988,2023-09-01,0.62,-0.9,57
18037988,2023-09-01,0.62,-0.8,188
18037988,2023-09-01,0.62,-0.7,297
18037988,2023-09-01,0.62,-0.6,106
18037988,2023-09-01,0.62,-0.5,258
18037988,2023-09-01,0.62,-0.4,259
18037988,2023-09-01,0.62,-0.3,419
18037988,2023-09-01,0.62,-0.2,812
18037988,2023-09-01,0.62,-0.1,1150
18037988,2023-09-01,0.62,0.0,529
18037988,2023-09-01,0.62,0.1,467
18037988,2023-09-01,0.62,0.2,2862
18037988,2023-09-01,0.62,0.3,254
18037988,2023-09-01,0.62,0.4,178
18037988,2023-09-01,0.62,0.5,82
18037988,2023-09-01,0.62,0.6,35
18037988,2023-09-01,0.62,0.7,31
18037988,2023-09-01,0.62,0.8,33
18037988,2023-09-01,0.62,0.9,56
18037988,2023-09-01,0.62,1.0,48
18037988,2023-09-01,0.62,1.1,28
18037988,2023-09-01,0.62,1.2,43
18037988,2023-09-01,0.62,1.3,34
18037988,2023-09-01,0.62,1.4,43
18037988,2023-09-01,0.62,1.5,5
18037988,2023-09-01,0.62,1.6,2
18037988,2023-09-01,0.62,1.7,1
18037988,2023-09-01,0.62,2.0,2
18037988,2023-09-01,0.64,-2.3,2
18037988,2023-09-01,0.64,-2.2,2
18037988,2023-09-01,0.64,-2.1,2
18037988,2023-09-01,0.64,-2.0,3
18037988,2023-09-01,0.64,-1.9,1
18037988,2023-09-01,0.64,-1.8,1
18037988,2023-09-01,0.64,-1.7,3
18037988,2023-09-01,0.64,-1.5,4
18037988,2023-09-01,0.64,-1.4,54
18037988,2023-09-01,0.64,-1.3,65
18037988,2023-09-01,0.64,-1.2,18
18037988,2023-09-01,0.64,-1.1,25
18037988,2023-09-01,0.64,-1.0,23
18037988,2023-09-01,0.64,-0.9,23
18037988,2023-09-01,0.64,-0.8,224
18037988,2023-09-01,0.64,-0.7,99
18037988,2023-09-01,0.64,-0.6,108
18037988,2023-09-01,0.64,-0.5,198
18037988,2023-09-01,0.64,-0.4,235
18037988,2023-09-01,0.64,-0.3,557
18037988,2023-09-01,0.64,-0.2,785
18037988,2023-09-01,0.64,-0.1,1020
18037988,2023-09-01,0.64,0.0,733
18037988,2023-09-01,0.64,0.1,320
18037988,2023-09-01,0.64,0.2,248
18037988,2023-09-01,0.64,0.3,298
18037988,2023-09-01,0.64,0.4,190
18037988,2023-09-01,0.64,0.5,72
18037988,2023-09-01,0.64,0.6,31
18037988,2023-09-01,0.64,0.7,22
18037988,2023-09-01,0.64,0.8,31
18037988,2023-09-01,0.64,0.9,48
18037988,2023-09-01,0.64,1.0,34
18037988,2023-09-01,0.64,1.1,27
18037988,2023-09-01,0.64,1.2,25
18037988,2023-09-01,0.64,1.3,20
18037988,2023-09-01,0.64,1.4,29
18037988,2023-09-01,0.64,1.5,5
18037988,2023-09-01,0.64,1.6,4
18037988,2023-09-01,0.66,-2.4,1
18037988,2023-09-01,0.66,-2.1,1
18037988,2023-09-01,0.66,-2.0,2
18037988,2023-09-01,0.66,-1.7,1
18037988,2023-09-01,0.66,-1.5,2
18037988,2023-09-01,0.66,-1.4,7
18037988,2023-09-01,0.66,-1.3,11
18037988,2023-09-01,0.66,-1.2,24
18037988,2023-09-01,0.66,-1.1,19
18037988,2023-09-01,0.66,-1.0,18
18037988,2023-09-01,0.66,-0.9,17
18037988,2023-09-01,0.66,-0.8,24
18037988,2023-09-01,0.66,-0.7,58
18037988,2023-09-01,0.66,-0.6,116
18037988,2023-09-01,0.66,-0.5,303
18037988,2023-09-01,0.66,-0.4,194
18037988,2023-09-01,0.66,-0.3,378
18037988,2023-09-01,0.66,-0.2,1940
18037988,2023-09-01,0.66,-0.1,1214
18037988,2023-09-01,0.66,0.0,657
18037988,2023-09-01,0.66,0.1,1043
18037988,2023-09-01,0.66,0.2,212
18037988,2023-09-01,0.66,0.3,220
18037988,2023-09-01,0.66,0.4,167
18037988,2023-09-01,0.66,0.5,79
18037988,2023-09-01,0.66,0.6,37
18037988,2023-09-01,0.66,0.7,17
18037988,2023-09-01,0.66,0.8,25
18037988,2023-09-01,0.66,0.9,35
18037988,2023-09-01,0.66,1.0,23
18037988,2023-09-01,0.66,1.1,26
18037988,2023-09-01,0.66,1.2,24
18037988,2023-09-01,0.66,1.3,13
18037988,2023-09-01,0.66,1.4,31
18037988,2023-09-01,0.66,1.5,5
18037988,2023-09-01,0.66,1.7,1
18037988,2023-09-01,0.66,1.8,1
18037988,2023-09-01,0.68,-2.4,1
18037988,2023-09-01,0.68,-2.3,2
18037988,2023-09-01,0.68,-2.1,1
18037988,2023-09-01,0.68,-2.0,1
18037988,2023-09-01,0.68,-1.9,2
18037988,2023-09-01,0.68,-1.7,1
18037988,2023-09-01,0.68,-1.6,3
18037988,2023-09-01,0.68,-1.5,3
18037988,2023-09-01,0.68,-1.4,7
18037988,2023-09-01,0.68,-1.3,13
18037988,2023-09-01,0.68,-1.2,66
18037988,2023-09-01,0.68,-1.1,25
18037988,2023-09-01,0.68,-1.0,38
18037988,2023-09-01,0.68,-0.9,19
18037988,2023-09-01,0.68,-0.8,17
18037988,2023-09-01,0.68,-0.7,56
18037988,2023-09-01,0.68,-0.6,123
18037988,2023-09-01,0.68,-0.5,101
18037988,2023-09-01,0.68,-0.4,219
18037988,2023-09-01,0.68,-0.3,392
18037988,2023-09-01,0.68,-0.2,607
18037988,2023-09-01,0.68,-0.1,941
18037988,2023-09-01,0.68,0.0,671
18037988,2023-09-01,0.68,0.1,290
18037988,2023-09-01,0.68,0.2,200
18037988,2023-09-01,0.68,0.3,114
18037988,2023-09-01,0.68,0.4,188
18037988,2023-09-01,0.68,0.5,90
18037988,2023-09-01,0.68,0.6,51
18037988,2023-09-01,0.68,0.7,17
18037988,2023-09-01,0.68,0.8,32
18037988,2023-09-01,0.68,0.9,49
18037988,2023-09-01,0.68,1.0,42
18037988,2023-09-01,0.68,1.1,20
18037988,2023-09-01,0.68,1.2,37
18037988,2023-09-01,0.68,1.3,11
18037988,2023-09-01,0.68,1.4,32
18037988,2023-09-01,0.68,1.5,10
18037988,2023-09-01,0.68,1.6,3
18037988,2023-09-01,0.68,1.7,2
18037988,2023-09-01,0.68,1.9,1
18037988,2023-09-01,0.7,-2.4,1
18037988,2023-09-01,0.7,-2.0,1
18037988,2023-09-01,0.7,-1.6,5
18037988,2023-09-01,0.7,-1.5,2
18037988,2023-09-01,0.7,-1.4,5
18037988,2023-09-01,0.7,-1.3,2
18037988,2023-09-01,0.7,-1.2,13
18037988,2023-09-01,0.7,-1.1,11
18037988,2023-09-01,0.7,-1.0,17
18037988,2023-09-01,0.7,-0.9,16
18037988,2023-09-01,0.7,-0.8,23
18037988,2023-09-01,0.7,-0.7,139
18037988,2023-09-01,0.7,-0.6,67
18037988,2023-09-01,0.7,-0.5,109
18037988,2023-09-01,0.7,-0.4,284
18037988,2023-09-01,0.7,-0.3,444
18037988,2023-09-01,0.7,-0.2,820
18037988,2023-09-01,0.7,-0.1,1304
18037988,2023-09-01,0.7,0.0,649
18037988,2023-09-01,0.7,0.1,238
18037988,2023-09-01,0.7,0.2,156
18037988,2023-09-01,0.7,0.3,111
18037988,2023-09-01,0.7,0.4,995
18037988,2023-09-01,0.7,0.5,102
18037988,2023-09-01,0.7,0.6,34
18037988,2023-09-01,0.7,0.7,16
18037988,2023-09-01,0.7,0.8,33
18037988,2023-09-01,0.7,0.9,27
18037988,2023-09-01,0.7,1.0,42
18037988,2023-09-01,0.7,1.1,21
18037988,2023-09-01,0.7,1.2,37
18037988,2023-09-01,0.7,1.3,24
18037988,2023-09-01,0.7,1.4,36
18037988,2023-09-01,0.7,1.5,8
18037988,2023-09-01,0.7,1.6,1
18037988,2023-09-01,0.7,1.7,1
18037988,2023-09-01,0.7,1.9,1
18037988,2023-09-01,0.72,-2.0,2
18037988,2023-09-01,0.72,-1.6,3
18037988,2023-09-01,0.72,-1.5,4
18037988,2023-09-01,0.72,-1.4,4
18037988,2023-09-01,0.72,-1.3,4
18037988,2023-09-01,0.72,-1.2,7
18037988,2023-09-01,0.72,-1.1,52
18037988,2023-09-01,0.72,-1.0,30
18037988,2023-09-01,0.72,-0.9,25
18037988,2023-09-01,0.72,-0.8,20
18037988,2023-09-01,0.72,-0.7,103
18037988,2023-09-01,0.72,-0.6,62
18037988,2023-09-01,0.72,-0.5,96
18037988,2023-09-01,0.72,-0.4,194
18037988,2023-09-01,0.72,-0.3,722
18037988,2023-09-01,0.72,-0.2,950
18037988,2023-09-01,0.72,-0.1,2271
18037988,2023-09-01,0.72,0.0,973
18037988,2023-09-01,0.72,0.1,297
18037988,2023-09-01,0.72,0.2,355
18037988,2023-09-01,0.72,0.3,95
18037988,2023-09-01,0.72,0.4,236
18037988,2023-09-01,0.72,0.5,121
18037988,2023-09-01,0.72,0.6,35
18037988,2023-09-01,0.72,0.7,14
18037988,2023-09-01,0.72,0.8,25
18037988,2023-09-01,0.72,0.9,45
18037988,2023-09-01,0.72,1.0,43
18037988,2023-09-01,0.72,1.1,21
18037988,2023-09-01,0.72,1.2,16
18037988,2023-09-01,0.72,1.3,14
18037988,2023-09-01,0.72,1.4,23
18037988,2023-09-01,0.72,1.5,8
18037988,2023-09-01,0.72,1.6,1
18037988,2023-09-01,0.72,1.7,3
18037988,2023-09-01,0.72,1.8,1
18037988,2023-09-01,0.72,2.9,1
18037988,2023-09-01,0.74,-1.8,1
18037988,2023-09-01,0.74,-1.7,1
18037988,2023-09-01,0.74,-1.6,1
18037988,2023-09-01,0.74,-1.5,1
18037988,2023-09-01,0.74,-1.4,4
18037988,2023-09-01,0.74,-1.3,7
18037988,2023-09-01,0.74,-1.2,2
18037988,2023-09-01,0.74,-1.1,10
18037988,2023-09-01,0.74,-1.0,87
18037988,2023-09-01,0.74,-0.9,57
18037988,2023-09-01,0.74,-0.8,32
18037988,2023-09-01,0.74,-0.7,42
18037988,2023-09-01,0.74,-0.6,48
18037988,2023-09-01,0.74,-0.5,81
18037988,2023-09-01,0.74,-0.4,212
18037988,2023-09-01,0.74,-0.3,367
18037988,2023-09-01,0.74,-0.2,1595
18037988,2023-09-01,0.74,-0.1,2127
18037988,2023-09-01,0.74,0.0,766
18037988,2023-09-01,0.74,0.1,183
18037988,2023-09-01,0.74,0.2,764
18037988,2023-09-01,0.74,0.3,67
18037988,2023-09-01,0.74,0.4,277
18037988,2023-09-01,0.74,0.5,104
18037988,2023-09-01,0.74,0.6,20
18037988,2023-09-01,0.74,0.7,15
18037988,2023-09-01,0.74,0.8,33
18037988,2023-09-01,0.74,0.9,34
18037988,2023-09-01,0.74,1.0,61
18037988,2023-09-01,0.74,1.1,22
18037988,2023-09-01,0.74,1.2,32
18037988,2023-09-01,0.74,1.3,22
18037988,2023-09-01,0.74,1.4,49
18037988,2023-09-01,0.74,1.5,10
18037988,2023-09-01,0.74,1.6,2
18037988,2023-09-01,0.74,1.7,2
18037988,2023-09-01,0.74,1.8,1
18037988,2023-09-01,0.74,1.9,1
18037988,2023-09-01,0.74,2.0,1
18037988,2023-09-01,0.76,-2.2,1
18037988,2023-09-01,0.76,-2.1,1
18037988,2023-09-01,0.76,-1.7,1
18037988,2023-09-01,0.76,-1.3,57
18037988,2023-09-01,0.76,-1.2,3
18037988,2023-09-01,0.76,-1.1,68
18037988,2023-09-01,0.76,-1.0,8
18037988,2023-09-01,0.76,-0.9,7
18037988,2023-09-01,0.76,-0.8,16
18037988,2023-09-01,0.76,-0.7,47
18037988,2023-09-01,0.76,-0.6,55
18037988,2023-09-01,0.76,-0.5,93
18037988,2023-09-01,0.76,-0.4,220
18037988,2023-09-01,0.76,-0.3,379
18037988,2023-09-01,0.76,-0.2,1825
18037988,2023-09-01,0.76,-0.1,1263
18037988,2023-09-01,0.76,0.0,531
18037988,2023-09-01,0.76,0.1,307
18037988,2023-09-01,0.76,0.2,121
18037988,2023-09-01,0.76,0.3,56
18037988,2023-09-01,0.76,0.4,357
18037988,2023-09-01,0.76,0.5,135
18037988,2023-09-01,0.76,0.6,39
18037988,2023-09-01,0.76,0.7,30
18037988,2023-09-01,0.76,0.8,11
18037988,2023-09-01,0.76,0.9,121
18037988,2023-09-01,0.76,1.0,139
18037988,2023-09-01,0.76,1.1,19
18037988,2023-09-01,0.76,1.2,27
18037988,2023-09-01,0.76,1.3,33
18037988,2023-09-01,0.76,1.4,45
18037988,2023-09-01,0.76,1.5,14
18037988,2023-09-01,0.76,1.6,3
18037988,2023-09-01,0.76,1.7,2
18037988,2023-09-01,0.76,2.0,1
18037988,2023-09-01,0.78,-1.9,2
18037988,2023-09-01,0.78,-1.6,1
18037988,2023-09-01,0.78,-1.5,1
18037988,2023-09-01,0.78,-1.4,1
18037988,2023-09-01,0.78,-1.3,3
18037988,2023-09-01,0.78,-1.2,4
18037988,2023-09-01,0.78,-1.1,28
18037988,2023-09-01,0.78,-1.0,10
18037988,2023-09-01,0.78,-0.9,8
18037988,2023-09-01,0.78,-0.8,8
18037988,2023-09-01,0.78,-0.7,22
18037988,2023-09-01,0.78,-0.6,65
18037988,2023-09-01,0.78,-0.5,77
18037988,2023-09-01,0.78,-0.4,168
18037988,2023-09-01,0.78,-0.3,266
18037988,2023-09-01,0.78,-0.2,751
18037988,2023-09-01,0.78,-0.1,1098
18037988,2023-09-01,0.78,0.0,723
18037988,2023-09-01,0.78,0.1,155
18037988,2023-09-01,0.78,0.2,389
18037988,2023-09-01,0.78,0.3,1813
18037988,2023-09-01,0.78,0.4,491
18037988,2023-09-01,0.78,0.5,216
18037988,2023-09-01,0.78,0.6,31
18037988,2023-09-01,0.78,0.7,15
18037988,2023-09-01,0.78,0.8,16
18037988,2023-09-01,0.78,0.9,61
18037988,2023-09-01,0.78,1.0,90
18037988,2023-09-01,0.78,1.1,22
18037988,2023-09-01,0.78,1.2,66
18037988,2023-09-01,0.78,1.3,114
18037988,2023-09-01,0.78,1.4,43
18037988,2023-09-01,0.78,1.5,11
18037988,2023-09-01,0.78,1.6,5
18037988,2023-09-01,0.78,1.7,2
18037988,2023-09-01,0.78,1.8,1
18037988,2023-09-01,0.8,-2.1,1
18037988,2023-09-01,0.8,-1.9,3
18037988,2023-09-01,0.8,-1.6,1
18037988,2023-09-01,0.8,-1.4,2
18037988,2023-09-01,0.8,-1.3,1
18037988,2023-09-01,0.8,-1.2,2
18037988,2023-09-01,0.8,-1.1,13
18037988,2023-09-01,0.8,-1.0,5
18037988,2023-09-01,0.8,-0.9,26
18037988,2023-09-01,0.8,-0.8,2
18037988,2023-09-01,0.8,-0.7,11
18037988,2023-09-01,0.8,-0.6,114
18037988,2023-09-01,0.8,-0.5,76
18037988,2023-09-01,0.8,-0.4,149
18037988,2023-09-01,0.8,-0.3,333
18037988,2023-09-01,0.8,-0.2,551
18037988,2023-09-01,0.8,-0.1,1002
18037988,2023-09-01,0.8,0.0,353
18037988,2023-09-01,0.8,0.1,179
18037988,2023-09-01,0.8,0.2,136
18037988,2023-09-01,0.8,0.3,34
18037988,2023-09-01,0.8,0.4,575
18037988,2023-09-01,0.8,0.5,441
18037988,2023-09-01,0.8,0.6,30
18037988,2023-09-01,0.8,0.7,18
18037988,2023-09-01,0.8,0.8,15
18037988,2023-09-01,0.8,0.9,27
18037988,2023-09-01,0.8,1.0,50
18037988,2023-09-01,0.8,1.1,23
18037988,2023-09-01,0.8,1.2,22
18037988,2023-09-01,0.8,1.3,10
18037988,2023-09-01,0.8,1.4,36
18037988,2023-09-01,0.8,1.5,17
18037988,2023-09-01,0.8,1.6,3
18037988,2023-09-01,0.8,1.7,1
18037988,2023-09-01,0.82,-2.1,1
18037988,2023-09-01,0.82,-2.0,1
18037988,2023-09-01,0.82,-1.7,3
18037988,2023-09-01,0.82,-1.6,2
18037988,2023-09-01,0.82,-1.3,1
18037988,2023-09-01,0.82,-1.2,2
18037988,2023-09-01,0.82,-1.1,1
18037988,2023-09-01,0.82,-1.0,10
18037988,2023-09-01,0.82,-0.9,24
18037988,2023-09-01,0.82,-0.8,2
18037988,2023-09-01,0.82,-0.7,9
18037988,2023-09-01,0.82,-0.6,33
18037988,2023-09-01,0.82,-0.5,100
18037988,2023-09-01,0.82,-0.4,117
18037988,2023-09-01,0.82,-0.3,231
18037988,2023-09-01,0.82,-0.2,457
18037988,2023-09-01,0.82,-0.1,708
18037988,2023-09-01,0.82,0.0,482
18037988,2023-09-01,0.82,0.1,140
18037988,2023-09-01,0.82,0.2,149
18037988,2023-09-01,0.82,0.3,51
18037988,2023-09-01,0.82,0.4,79
18037988,2023-09-01,0.82,0.5,53
18037988,2023-09-01,0.82,0.6,30
18037988,2023-09-01,0.82,0.7,17
18037988,2023-09-01,0.82,0.8,18
18037988,2023-09-01,0.82,0.9,34
18037988,2023-09-01,0.82,1.0,104
18037988,2023-09-01,0.82,1.1,28
18037988,2023-09-01,0.82,1.2,27
18037988,2023-09-01,0.82,1.3,12
18037988,2023-09-01,0.82,1.4,36
18037988,2023-09-01,0.82,1.5,19
18037988,2023-09-01,0.82,1.6,4
18037988,2023-09-01,0.82,1.7,3
18037988,2023-09-01,0.82,2.0,1
18037988,2023-09-01,0.84,-2.1,1
18037988,2023-09-01,0.84,-2.0,2
18037988,2023-09-01,0.84,-1.7,5
18037988,2023-09-01,0.84,-1.6,3
18037988,2023-09-01,0.84,-1.1,3
18037988,2023-09-01,0.84,-1.0,6
18037988,2023-09-01,0.84,-0.9,4
18037988,2023-09-01,0.84,-0.8,9
18037988,2023-09-01,0.84,-0.7,16
18037988,2023-09-01,0.84,-0.6,28
18037988,2023-09-01,0.84,-0.5,40
18037988,2023-09-01,0.84,-0.4,91
18037988,2023-09-01,0.84,-0.3,246
18037988,2023-09-01,0.84,-0.2,1413
18037988,2023-09-01,0.84,-0.1,855
18037988,2023-09-01,0.84,0.0,444
18037988,2023-09-01,0.84,0.1,849
18037988,2023-09-01,0.84,0.2,111
18037988,2023-09-01,0.84,0.3,3053
18037988,2023-09-01,0.84,0.4,141
18037988,2023-09-01,0.84,0.5,50
18037988,2023-09-01,0.84,0.6,27
18037988,2023-09-01,0.84,0.7,34
18037988,2023-09-01,0.84,0.8,14
18037988,2023-09-01,0.84,0.9,21
18037988,2023-09-01,0.84,1.0,151
18037988,2023-09-01,0.84,1.1,18
18037988,2023-09-01,0.84,1.2,24
18037988,2023-09-01,0.84,1.3,15
18037988,2023-09-01,0.84,1.4,35
18037988,2023-09-01,0.84,1.5,17
18037988,2023-09-01,0.84,1.6,1
18037988,2023-09-01,0.84,1.7,2
18037988,2023-09-01,0.84,1.8,1
18037988,2023-09-01,0.86,-2.0,2
18037988,2023-09-01,0.86,-1.9,3
18037988,2023-09-01,0.86,-1.3,1
18037988,2023-09-01,0.86,-1.1,1
18037988,2023-09-01,0.86,-1.0,7
18037988,2023-09-01,0.86,-0.9,2
18037988,2023-09-01,0.86,-0.8,4
18037988,2023-09-01,0.86,-0.7,13
18037988,2023-09-01,0.86,-0.6,16
18037988,2023-09-01,0.86,-0.5,60
18037988,2023-09-01,0.86,-0.4,70
18037988,2023-09-01,0.86,-0.3,217
18037988,2023-09-01,0.86,-0.2,652
18037988,2023-09-01,0.86,-0.1,1444
18037988,2023-09-01,0.86,0.0,569
18037988,2023-09-01,0.86,0.1,227
18037988,2023-09-01,0.86,0.2,423
18037988,2023-09-01,0.86,0.3,41
18037988,2023-09-01,0.86,0.4,353
18037988,2023-09-01,0.86,0.5,48
18037988,2023-09-01,0.86,0.6,40
18037988,2023-09-01,0.86,0.7,32
18037988,2023-09-01,0.86,0.8,13
18037988,2023-09-01,0.86,0.9,131
18037988,2023-09-01,0.86,1.0,740
18037988,2023-09-01,0.86,1.1,18
18037988,2023-09-01,0.86,1.2,23
18037988,2023-09-01,0.86,1.3,8
18037988,2023-09-01,0.86,1.4,39
18037988,2023-09-01,0.86,1.5,17
18037988,2023-09-01,0.86,1.6,1
18037988,2023-09-01,0.86,1.7,2
18037988,2023-09-01,0.86,1.9,1
18037988,2023-09-01,0.88,-1.9,22
18037988,2023-09-01,0.88,-1.3,1
18037988,2023-09-01,0.88,-1.2,1
18037988,2023-09-01,0.88,-1.1,2
18037988,2023-09-01,0.88,-1.0,3
18037988,2023-09-01,0.88,-0.9,5
18037988,2023-09-01,0.88,-0.8,8
18037988,2023-09-01,0.88,-0.7,72
18037988,2023-09-01,0.88,-0.6,25
18037988,2023-09-01,0.88,-0.5,23
18037988,2023-09-01,0.88,-0.4,68
18037988,2023-09-01,0.88,-0.3,149
18037988,2023-09-01,0.88,-0.2,538
18037988,2023-09-01,0.88,-0.1,2500
18037988,2023-09-01,0.88,0.0,397
18037988,2023-09-01,0.88,0.1,242
18037988,2023-09-01,0.88,0.2,230
18037988,2023-09-01,0.88,0.3,74
18037988,2023-09-01,0.88,0.4,216
18037988,2023-09-01,0.88,0.5,58
18037988,2023-09-01,0.88,0.6,27
18037988,2023-09-01,0.88,0.7,21
18037988,2023-09-01,0.88,0.8,14
18037988,2023-09-01,0.88,0.9,26
18037988,2023-09-01,0.88,1.0,21
18037988,2023-09-01,0.88,1.1,10
18037988,2023-09-01,0.88,1.2,21
18037988,2023-09-01,0.88,1.3,13
18037988,2023-09-01,0.88,1.4,46
18037988,2023-09-01,0.88,1.5,23
18037988,2023-09-01,0.88,1.6,5
18037988,2023-09-01,0.9,-1.7,1
18037988,2023-09-01,0.9,-1.6,1
18037988,2023-09-01,0.9,-1.2,1
18037988,2023-09-01,0.9,-1.1,1
18037988,2023-09-01,0.9,-1.0,1
18037988,2023-09-01,0.9,-0.9,16
18037988,2023-09-01,0.9,-0.8,1
18037988,2023-09-01,0.9,-0.7,6
18037988,2023-09-01,0.9,-0.6,16
18037988,2023-09-01,0.9,-0.5,36
18037988,2023-09-01,0.9,-0.4,76
18037988,2023-09-01,0.9,-0.3,195
18037988,2023-09-01,0.9,-0.2,887
18037988,2023-09-01,0.9,-0.1,17226
18037988,2023-09-01,0.9,0.0,330
18037988,2023-09-01,0.9,0.1,250
18037988,2023-09-01,0.9,0.2,1209
18037988,2023-09-01,0.9,0.3,809
18037988,2023-09-01,0.9,0.4,321
18037988,2023-09-01,0.9,0.5,58
18037988,2023-09-01,0.9,0.6,48
18037988,2023-09-01,0.9,0.7,15
18037988,2023-09-01,0.9,0.8,15
18037988,2023-09-01,0.9,0.9,22
18037988,2023-09-01,0.9,1.0,5
18037988,2023-09-01,0.9,1.1,1
18037988,2023-09-01,0.9,1.2,30
18037988,2023-09-01,0.9,1.3,16
18037988,2023-09-01,0.9,1.4,47
18037988,2023-09-01,0.9,1.5,29
18037988,2023-09-01,0.9,1.6,4
18037988,2023-09-01,0.9,1.7,1
18037988,2023-09-01,0.9,2.0,2
18037988,2023-09-01,0.92,-1.3,1
18037988,2023-09-01,0.92,-1.1,1
18037988,2023-09-01,0.92,-1.0,8
18037988,2023-09-01,0.92,-0.9,6
18037988,2023-09-01,0.92,-0.8,5
18037988,2023-09-01,0.92,-0.7,24
18037988,2023-09-01,0.92,-0.6,20
18037988,2023-09-01,0.92,-0.5,39
18037988,2023-09-01,0.92,-0.4,71
18037988,2023-09-01,0.92,-0.3,134
18037988,2023-09-01,0.92,-0.2,389
18037988,2023-09-01,0.92,-0.1,635
18037988,2023-09-01,0.92,0.0,327
18037988,2023-09-01,0.92,0.1,188
18037988,2023-09-01,0.92,0.2,156
18037988,2023-09-01,0.92,0.3,49
18037988,2023-09-01,0.92,0.4,92
18037988,2023-09-01,0.92,0.5,61
18037988,2023-09-01,0.92,0.6,37
18037988,2023-09-01,0.92,0.7,20
18037988,2023-09-01,0.92,0.8,13
18037988,2023-09-01,0.92,0.9,11
18037988,2023-09-01,0.92,1.0,9
18037988,2023-09-01,0.92,1.1,5
18037988,2023-09-01,0.92,1.2,35
18037988,2023-09-01,0.92,1.3,15
18037988,2023-09-01,0.92,1.4,69
18037988,2023-09-01,0.92,1.5,41
18037988,2023-09-01,0.92,1.6,13
18037988,2023-09-01,0.92,2.0,1
18037988,2023-09-01,0.92,2.4,1
18037988,2023-09-01,0.94,-1.5,1
18037988,2023-09-01,0.94,-1.3,1
18037988,2023-09-01,0.94,-1.0,3
18037988,2023-09-01,0.94,-0.9,7
18037988,2023-09-01,0.94,-0.8,3
18037988,2023-09-01,0.94,-0.7,25
18037988,2023-09-01,0.94,-0.6,25
18037988,2023-09-01,0.94,-0.5,31
18037988,2023-09-01,0.94,-0.4,81
18037988,2023-09-01,0.94,-0.3,122
18037988,2023-09-01,0.94,-0.2,469
18037988,2023-09-01,0.94,-0.1,516
18037988,2023-09-01,0.94,0.0,227
18037988,2023-09-01,0.94,0.1,175
18037988,2023-09-01,0.94,0.2,111
18037988,2023-09-01,0.94,0.3,686
18037988,2023-09-01,0.94,0.4,130
18037988,2023-09-01,0.94,0.5,57
18037988,2023-09-01,0.94,0.6,38
18037988,2023-09-01,0.94,0.7,16
18037988,2023-09-01,0.94,0.8,17
18037988,2023-09-01,0.94,0.9,20
18037988,2023-09-01,0.94,1.0,8
18037988,2023-09-01,0.94,1.1,3
18037988,2023-09-01,0.94,1.2,41
18037988,2023-09-01,0.94,1.3,27
18037988,2023-09-01,0.94,1.4,27
18037988,2023-09-01,0.94,1.5,50
18037988,2023-09-01,0.94,1.6,5
18037988,2023-09-01,0.94,1.9,1
18037988,2023-09-01,0.96,-1.7,1
18037988,2023-09-01,0.96,-1.5,1
18037988,2023-09-01,0.96,-1.0,1
18037988,2023-09-01,0.96,-0.9,19
18037988,2023-09-01,0.96,-0.8,2
18037988,2023-09-01,0.96,-0.7,49
18037988,2023-09-01,0.96,-0.6,40
18037988,2023-09-01,0.96,-0.5,54
18037988,2023-09-01,0.96,-0.4,70
18037988,2023-09-01,0.96,-0.3,140
18037988,2023-09-01,0.96,-0.2,475
18037988,2023-09-01,0.96,-0.1,2230
18037988,2023-09-01,0.96,0.0,293
18037988,2023-09-01,0.96,0.1,230
18037988,2023-09-01,0.96,0.2,129
18037988,2023-09-01,0.96,0.3,39
18037988,2023-09-01,0.96,0.4,63
18037988,2023-09-01,0.96,0.5,52
18037988,2023-09-01,0.96,0.6,47
18037988,2023-09-01,0.96,0.7,18
18037988,2023-09-01,0.96,0.8,17
18037988,2023-09-01,0.96,0.9,18
18037988,2023-09-01,0.96,1.0,8
18037988,2023-09-01,0.96,1.2,27
18037988,2023-09-01,0.96,1.3,48
18037988,2023-09-01,0.96,1.4,30
18037988,2023-09-01,0.96,1.5,64
18037988,2023-09-01,0.96,1.6,3
18037988,2023-09-01,0.98,-1.5,2
18037988,2023-09-01,0.98,-1.3,2
18037988,2023-09-01,0.98,-1.0,3
18037988,2023-09-01,0.98,-0.9,27
18037988,2023-09-01,0.98,-0.8,5
18037988,2023-09-01,0.98,-0.7,18
18037988,2023-09-01,0.98,-0.6,51
18037988,2023-09-01,0.98,-0.5,45
18037988,2023-09-01,0.98,-0.4,61
18037988,2023-09-01,0.98,-0.3,233
18037988,2023-09-01,0.98,-0.2,407
18037988,2023-09-01,0.98,-0.1,844
18037988,2023-09-01,0.98,0.0,253
18037988,2023-09-01,0.98,0.1,2758
18037988,2023-09-01,0.98,0.2,272
18037988,2023-09-01,0.98,0.3,33
18037988,2023-09-01,0.98,0.4,56
18037988,2023-09-01,0.98,0.5,71
18037988,2023-09-01,0.98,0.6,66
18037988,2023-09-01,0.98,0.7,25
18037988,2023-09-01,0.98,0.8,17
18037988,2023-09-01,0.98,0.9,52
18037988,2023-09-01,0.98,1.0,6
18037988,2023-09-01,0.98,1.2,70
18037988,2023-09-01,0.98,1.3,45
18037988,2023-09-01,0.98,1.4,44
18037988,2023-09-01,0.98,1.5,138
18037988,2023-09-01,0.98,1.8,1
18037988,2023-09-01,1.0,-1.1,1
18037988,2023-09-01,1.0,-1.0,4
18037988,2023-09-01,1.0,-0.9,1
18037988,2023-09-01,1.0,-0.8,3
18037988,2023-09-01,1.0,-0.7,4
18037988,2023-09-01,1.0,-0.6,17
18037988,2023-09-01,1.0,-0.5,15
18037988,2023-09-01,1.0,-0.4,71
18037988,2023-09-01,1.0,-0.3,110
18037988,2023-09-01,1.0,-0.2,395
18037988,2023-09-01,1.0,-0.1,574
18037988,2023-09-01,1.0,0.0,383
18037988,2023-09-01,1.0,0.1,265
18037988,2023-09-01,1.0,0.2,102
18037988,2023-09-01,1.0,0.3,47
18037988,2023-09-01,1.0,0.4,44
18037988,2023-09-01,1.0,0.5,79
18037988,2023-09-01,1.0,0.6,55
18037988,2023-09-01,1.0,0.7,18
18037988,2023-09-01,1.0,0.8,13
18037988,2023-09-01,1.0,0.9,28
18037988,2023-09-01,1.0,1.1,3
18037988,2023-09-01,1.0,1.2,425
18037988,2023-09-01,1.0,1.3,28
18037988,2023-09-01,1.0,1.4,402
18037988,2023-09-01,1.0,1.5,430
18037988,2023-09-01,1.0,1.7,2
18037988,2023-09-01,1.0,1.9,2
18037988,2023-09-01,1.02,-1.7,1
18037988,2023-09-01,1.02,-1.5,2
18037988,2023-09-01,1.02,-1.2,1
18037988,2023-09-01,1.02,-1.1,1
18037988,2023-09-01,1.02,-0.9,3
18037988,2023-09-01,1.02,-0.8,2
18037988,2023-09-01,1.02,-0.7,11
18037988,2023-09-01,1.02,-0.6,213
18037988,2023-09-01,1.02,-0.5,13
18037988,2023-09-01,1.02,-0.4,47
18037988,2023-09-01,1.02,-0.3,187
18037988,2023-09-01,1.02,-0.2,419
18037988,2023-09-01,1.02,-0.1,549
18037988,2023-09-01,1.02,0.0,315
18037988,2023-09-01,1.02,0.1,148
18037988,2023-09-01,1.02,0.2,66
18037988,2023-09-01,1.02,0.3,39
18037988,2023-09-01,1.02,0.4,44
18037988,2023-09-01,1.02,0.5,79
18037988,2023-09-01,1.02,0.6,81
18037988,2023-09-01,1.02,0.7,16
18037988,2023-09-01,1.02,0.8,26
18037988,2023-09-01,1.02,0.9,12
18037988,2023-09-01,1.02,1.0,1
18037988,2023-09-01,1.02,1.1,1
18037988,2023-09-01,1.02,1.2,4
18037988,2023-09-01,1.02,1.3,2
18037988,2023-09-01,1.02,1.4,5
18037988,2023-09-01,1.02,1.5,2
18037988,2023-09-01,1.02,2.2,1
18037988,2023-09-01,1.04,-1.9,1
18037988,2023-09-01,1.04,-1.7,1
18037988,2023-09-01,1.04,-1.5,2
18037988,2023-09-01,1.04,-1.1,1
18037988,2023-09-01,1.04,-0.9,1
18037988,2023-09-01,1.04,-0.8,2
18037988,2023-09-01,1.04,-0.7,5
18037988,2023-09-01,1.04,-0.6,42
18037988,2023-09-01,1.04,-0.5,13
18037988,2023-09-01,1.04,-0.4,93
18037988,2023-09-01,1.04,-0.3,82
18037988,2023-09-01,1.04,-0.2,406
18037988,2023-09-01,1.04,-0.1,643
18037988,2023-09-01,1.04,0.0,319
18037988,2023-09-01,1.04,0.1,169
18037988,2023-09-01,1.04,0.2,69
18037988,2023-09-01,1.04,0.3,32
18037988,2023-09-01,1.04,0.4,37
18037988,2023-09-01,1.04,0.5,66
18037988,2023-09-01,1.04,0.6,81
18037988,2023-09-01,1.04,0.7,8
18037988,2023-09-01,1.04,0.8,13
18037988,2023-09-01,1.04,0.9,11
18037988,2023-09-01,1.04,1.0,5
18037988,2023-09-01,1.04,1.1,3
18037988,2023-09-01,1.04,1.2,5
18037988,2023-09-01,1.04,1.3,4
18037988,2023-09-01,1.04,1.4,11
18037988,2023-09-01,1.04,1.5,1
18037988,2023-09-01,1.04,1.6,1
18037988,2023-09-01,1.04,1.7,1
18037988,2023-09-01,1.04,1.8,1
18037988,2023-09-01,1.04,2.1,1
18037988,2023-09-01,1.06,-1.6,1
18037988,2023-09-01,1.06,-1.5,1
18037988,2023-09-01,1.06,-1.3,1
18037988,2023-09-01,1.06,-1.2,1
18037988,2023-09-01,1.06,-1.1,1
18037988,2023-09-01,1.06,-1.0,3
18037988,2023-09-01,1.06,-0.9,4
18037988,2023-09-01,1.06,-0.8,5
18037988,2023-09-01,1.06,-0.7,5
18037988,2023-09-01,1.06,-0.6,9
18037988,2023-09-01,1.06,-0.5,7
18037988,2023-09-01,1.06,-0.4,67
18037988,2023-09-01,1.06,-0.3,74
18037988,2023-09-01,1.06,-0.2,476
18037988,2023-09-01,1.06,-0.1,1333
18037988,2023-09-01,1.06,0.0,852
18037988,2023-09-01,1.06,0.1,292
18037988,2023-09-01,1.06,0.2,73
18037988,2023-09-01,1.06,0.3,45
18037988,2023-09-01,1.06,0.4,201
18037988,2023-09-01,1.06,0.5,94
18037988,2023-09-01,1.06,0.6,274
18037988,2023-09-01,1.06,0.7,14
18037988,2023-09-01,1.06,0.8,14
18037988,2023-09-01,1.06,0.9,5
18037988,2023-09-01,1.06,1.0,7
18037988,2023-09-01,1.06,1.1,4
18037988,2023-09-01,1.06,1.2,6
18037988,2023-09-01,1.06,1.3,1
18037988,2023-09-01,1.06,1.4,2
18037988,2023-09-01,1.06,1.8,1
18037988,2023-09-01,1.06,1.9,1
18037988,2023-09-01,1.08,-1.3,1
18037988,2023-09-01,1.08,-1.2,1
18037988,2023-09-01,1.08,-1.0,2
18037988,2023-09-01,1.08,-0.9,3
18037988,2023-09-01,1.08,-0.8,3
18037988,2023-09-01,1.08,-0.7,1
18037988,2023-09-01,1.08,-0.6,17
18037988,2023-09-01,1.08,-0.5,18
18037988,2023-09-01,1.08,-0.4,58
18037988,2023-09-01,1.08,-0.3,70
18037988,2023-09-01,1.08,-0.2,393
18037988,2023-09-01,1.08,-0.1,1412
18037988,2023-09-01,1.08,0.0,423
18037988,2023-09-01,1.08,0.1,180
18037988,2023-09-01,1.08,0.2,43
18037988,2023-09-01,1.08,0.3,27
18037988,2023-09-01,1.08,0.4,64
18037988,2023-09-01,1.08,0.5,96
18037988,2023-09-01,1.08,0.6,29
18037988,2023-09-01,1.08,0.7,19
18037988,2023-09-01,1.08,0.8,28
18037988,2023-09-01,1.08,0.9,12
18037988,2023-09-01,1.08,1.0,7
18037988,2023-09-01,1.08,1.1,3
18037988,2023-09-01,1.08,1.2,3
18037988,2023-09-01,1.08,1.3,2
18037988,2023-09-01,1.08,1.4,1
18037988,2023-09-01,1.08,1.5,1
18037988,2023-09-01,1.08,1.6,1
18037988,2023-09-01,1.08,1.8,2
18037988,2023-09-01,1.1,-1.6,1
18037988,2023-09-01,1.1,-1.4,1
18037988,2023-09-01,1.1,-1.0,2
18037988,2023-09-01,1.1,-0.9,1
18037988,2023-09-01,1.1,-0.8,3
18037988,2023-09-01,1.1,-0.7,3
18037988,2023-09-01,1.1,-0.6,16
18037988,2023-09-01,1.1,-0.5,70
18037988,2023-09-01,1.1,-0.4,77
18037988,2023-09-01,1.1,-0.3,97
18037988,2023-09-01,1.1,-0.2,250
18037988,2023-09-01,1.1,-0.1,24573
18037988,2023-09-01,1.1,0.0,1194
18037988,2023-09-01,1.1,0.1,241
18037988,2023-09-01,1.1,0.2,565
18037988,2023-09-01,1.1,0.3,392
18037988,2023-09-01,1.1,0.4,125
18037988,2023-09-01,1.1,0.5,170
18037988,2023-09-01,1.1,0.6,19
18037988,2023-09-01,1.1,0.7,11
18037988,2023-09-01,1.1,0.8,31
18037988,2023-09-01,1.1,0.9,11
18037988,2023-09-01,1.1,1.0,6
18037988,2023-09-01,1.1,1.1,2
18037988,2023-09-01,1.1,1.2,1
18037988,2023-09-01,1.1,1.3,8
18037988,2023-09-01,1.1,1.7,1
18037988,2023-09-01,1.12,-1.6,1
18037988,2023-09-01,1.12,-1.5,1
18037988,2023-09-01,1.12,-1.4,1
18037988,2023-09-01,1.12,-1.0,2
18037988,2023-09-01,1.12,-0.9,2
18037988,2023-09-01,1.12,-0.8,2
18037988,2023-09-01,1.12,-0.7,3
18037988,2023-09-01,1.12,-0.6,6
18037988,2023-09-01,1.12,-0.5,8
18037988,2023-09-01,1.12,-0.4,502
18037988,2023-09-01,1.12,-0.3,182
18037988,2023-09-01,1.12,-0.2,239
18037988,2023-09-01,1.12,-0.1,398
18037988,2023-09-01,1.12,0.0,324
18037988,2023-09-01,1.12,0.1,219
18037988,2023-09-01,1.12,0.2,92
18037988,2023-09-01,1.12,0.3,18
18037988,2023-09-01,1.12,0.4,51
18037988,2023-09-01,1.12,0.5,277
18037988,2023-09-01,1.12,0.6,30
18037988,2023-09-01,1.12,0.7,14
18037988,2023-09-01,1.12,0.8,13
18037988,2023-09-01,1.12,0.9,6
18037988,2023-09-01,1.12,1.0,5
18037988,2023-09-01,1.12,1.1,4
18037988,2023-09-01,1.12,1.2,1
18037988,2023-09-01,1.12,1.3,17
18037988,2023-09-01,1.12,1.6,3
18037988,2023-09-01,1.12,1.7,1
18037988,2023-09-01,1.14,-2.0,1
18037988,2023-09-01,1.14,-1.9,1
18037988,2023-09-01,1.14,-1.6,1
18037988,2023-09-01,1.14,-1.0,5
18037988,2023-09-01,1.14,-0.9,21
18037988,2023-09-01,1.14,-0.8,1
18037988,2023-09-01,1.14,-0.7,2
18037988,2023-09-01,1.14,-0.6,10
18037988,2023-09-01,1.14,-0.5,11
18037988,2023-09-01,1.14,-0.4,81
18037988,2023-09-01,1.14,-0.3,94
18037988,2023-09-01,1.14,-0.2,219
18037988,2023-09-01,1.14,-0.1,524
18037988,2023-09-01,1.14,0.0,288
18037988,2023-09-01,1.14,0.1,143
18037988,2023-09-01,1.14,0.2,37
18037988,2023-09-01,1.14,0.3,29
18037988,2023-09-01,1.14,0.4,65
18037988,2023-09-01,1.14,0.5,534
18037988,2023-09-01,1.14,0.6,24
18037988,2023-09-01,1.14,0.7,18
18037988,2023-09-01,1.14,0.8,19
18037988,2023-09-01,1.14,0.9,3
18037988,2023-09-01,1.14,1.1,4
18037988,2023-09-01,1.14,1.2,1
18037988,2023-09-01,1.14,1.3,1
18037988,2023-09-01,1.14,1.5,1
18037988,2023-09-01,1.14,1.9,1
18037988,2023-09-01,1.16,-1.5,2
18037988,2023-09-01,1.16,-1.2,2
18037988,2023-09-01,1.16,-1.1,1
18037988,2023-09-01,1.16,-1.0,1
18037988,2023-09-01,1.16,-0.9,1
18037988,2023-09-01,1.16,-0.8,1
18037988,2023-09-01,1.16,-0.7,2
18037988,2023-09-01,1.16,-0.6,7
18037988,2023-09-01,1.16,-0.5,6
18037988,2023-09-01,1.16,-0.4,19
18037988,2023-09-01,1.16,-0.3,126
18037988,2023-09-01,1.16,-0.2,247
18037988,2023-09-01,1.16,-0.1,489
18037988,2023-09-01,1.16,0.0,258
18037988,2023-09-01,1.16,0.1,376
18037988,2023-09-01,1.16,0.2,61
18037988,2023-09-01,1.16,0.3,24
18037988,2023-09-01,1.16,0.4,33
18037988,2023-09-01,1.16,0.5,62
18037988,2023-09-01,1.16,0.6,19
18037988,2023-09-01,1.16,0.7,8
18037988,2023-09-01,1.16,0.8,13
18037988,2023-09-01,1.16,0.9,12
18037988,2023-09-01,1.16,1.0,5
18037988,2023-09-01,1.16,1.1,3
18037988,2023-09-01,1.16,1.3,1
18037988,2023-09-01,1.16,1.5,1
18037988,2023-09-01,1.16,1.6,2
18037988,2023-09-01,1.18,-1.6,1
18037988,2023-09-01,1.18,-1.5,2
18037988,2023-09-01,1.18,-1.4,1
18037988,2023-09-01,1.18,-0.6,5
18037988,2023-09-01,1.18,-0.5,7
18037988,2023-09-01,1.18,-0.4,29
18037988,2023-09-01,1.18,-0.3,78
18037988,2023-09-01,1.18,-0.2,2892
18037988,2023-09-01,1.18,-0.1,431
18037988,2023-09-01,1.18,0.0,196
18037988,2023-09-01,1.18,0.1,114
18037988,2023-09-01,1.18,0.2,35
18037988,2023-09-01,1.18,0.3,26
18037988,2023-09-01,1.18,0.4,52
18037988,2023-09-01,1.18,0.5,60
18037988,2023-09-01,1.18,0.6,12
18037988,2023-09-01,1.18,0.7,17
18037988,2023-09-01,1.18,0.8,12
18037988,2023-09-01,1.18,0.9,9
18037988,2023-09-01,1.18,1.0,4
18037988,2023-09-01,1.18,1.1,3
18037988,2023-09-01,1.18,1.2,3
18037988,2023-09-01,1.18,1.3,2
18037988,2023-09-01,1.18,1.8,2
18037988,2023-09-01,1.2,-1.9,3
18037988,2023-09-01,1.2,-1.6,1
18037988,2023-09-01,1.2,-1.5,2
18037988,2023-09-01,1.2,-1.0,2
18037988,2023-09-01,1.2,-0.8,3
18037988,2023-09-01,1.2,-0.5,18
18037988,2023-09-01,1.2,-0.4,24
18037988,2023-09-01,1.2,-0.3,92
18037988,2023-09-01,1.2,-0.2,333
18037988,2023-09-01,1.2,-0.1,491
18037988,2023-09-01,1.2,0.0,215
18037988,2023-09-01,1.2,0.1,116
18037988,2023-09-01,1.2,0.2,30
18037988,2023-09-01,1.2,0.3,45
18037988,2023-09-01,1.2,0.4,294
18037988,2023-09-01,1.2,0.5,93
18037988,2023-09-01,1.2,0.6,8
18037988,2023-09-01,1.2,0.7,20
18037988,2023-09-01,1.2,0.8,21
18037988,2023-09-01,1.2,0.9,9
18037988,2023-09-01,1.2,1.0,3
18037988,2023-09-01,1.2,1.1,1
18037988,2023-09-01,1.2,1.2,2
18037988,2023-09-01,1.2,1.3,1
18037988,2023-09-01,1.2,1.7,1
18037988,2023-09-01,1.22,-1.9,7
18037988,2023-09-01,1.22,-1.7,1
18037988,2023-09-01,1.22,-1.6,1
18037988,2023-09-01,1.22,-1.5,3
18037988,2023-09-01,1.22,-1.4,1
18037988,2023-09-01,1.22,-1.1,1
18037988,2023-09-01,1.22,-1.0,1
18037988,2023-09-01,1.22,-0.9,2
18037988,2023-09-01,1.22,-0.8,2
18037988,2023-09-01,1.22,-0.7,1
18037988,2023-09-01,1.22,-0.5,14
18037988,2023-09-01,1.22,-0.4,35
18037988,2023-09-01,1.22,-0.3,74
18037988,2023-09-01,1.22,-0.2,219
18037988,2023-09-01,1.22,-0.1,1986
18037988,2023-09-01,1.22,0.0,239
18037988,2023-09-01,1.22,0.1,750
18037988,2023-09-01,1.22,0.2,60
18037988,2023-09-01,1.22,0.3,300
18037988,2023-09-01,1.22,0.4,104
18037988,2023-09-01,1.22,0.5,134
18037988,2023-09-01,1.22,0.6,71
18037988,2023-09-01,1.22,0.7,15
18037988,2023-09-01,1.22,0.8,3
18037988,2023-09-01,1.22,0.9,12
18037988,2023-09-01,1.22,1.0,5
18037988,2023-09-01,1.22,1.1,1
18037988,2023-09-01,1.22,1.2,6
18037988,2023-09-01,1.22,1.6,2
18037988,2023-09-01,1.24,-1.2,1
18037988,2023-09-01,1.24,-0.9,1
18037988,2023-09-01,1.24,-0.8,1
18037988,2023-09-01,1.24,-0.6,2
18037988,2023-09-01,1.24,-0.5,8
18037988,2023-09-01,1.24,-0.4,23
18037988,2023-09-01,1.24,-0.3,51
18037988,2023-09-01,1.24,-0.2,119
18037988,2023-09-01,1.24,-0.1,302
18037988,2023-09-01,1.24,0.0,189
18037988,2023-09-01,1.24,0.1,200
18037988,2023-09-01,1.24,0.2,100
18037988,2023-09-01,1.24,0.3,54
18037988,2023-09-01,1.24,0.4,27
18037988,2023-09-01,1.24,0.5,206
18037988,2023-09-01,1.24,0.6,11
18037988,2023-09-01,1.24,0.7,13
18037988,2023-09-01,1.24,0.8,8
18037988,2023-09-01,1.24,0.9,6
18037988,2023-09-01,1.24,1.0,2
18037988,2023-09-01,1.24,1.2,3
18037988,2023-09-01,1.24,1.3,2
18037988,2023-09-01,1.24,1.6,1
18037988,2023-09-01,1.26,-1.5,3
18037988,2023-09-01,1.26,-1.4,3
18037988,2023-09-01,1.26,-1.3,1
18037988,2023-09-01,1.26,-0.9,1
18037988,2023-09-01,1.26,-0.6,1
18037988,2023-09-01,1.26,-0.5,14
18037988,2023-09-01,1.26,-0.4,26
18037988,2023-09-01,1.26,-0.3,126
18037988,2023-09-01,1.26,-0.2,176
18037988,2023-09-01,1.26,-0.1,805
18037988,2023-09-01,1.26,0.0,482
18037988,2023-09-01,1.26,0.1,127
18037988,2023-09-01,1.26,0.2,65
18037988,2023-09-01,1.26,0.3,31
18037988,2023-09-01,1.26,0.4,35
18037988,2023-09-01,1.26,0.5,1155
18037988,2023-09-01,1.26,0.6,7
18037988,2023-09-01,1.26,0.7,81
18037988,2023-09-01,1.26,0.8,6
18037988,2023-09-01,1.26,0.9,13
18037988,2023-09-01,1.26,1.0,5
18037988,2023-09-01,1.26,1.1,1
18037988,2023-09-01,1.26,1.3,1
18037988,2023-09-01,1.26,1.6,1
18037988,2023-09-01,1.28,-1.5,9
18037988,2023-09-01,1.28,-1.4,12
18037988,2023-09-01,1.28,-1.3,1
18037988,2023-09-01,1.28,-1.0,1
18037988,2023-09-01,1.28,-0.8,1
18037988,2023-09-01,1.28,-0.7,2
18037988,2023-09-01,1.28,-0.6,4
18037988,2023-09-01,1.28,-0.5,6
18037988,2023-09-01,1.28,-0.4,32
18037988,2023-09-01,1.28,-0.3,63
18037988,2023-09-01,1.28,-0.2,161
18037988,2023-09-01,1.28,-0.1,686
18037988,2023-09-01,1.28,0.0,397
18037988,2023-09-01,1.28,0.1,648
18037988,2023-09-01,1.28,0.2,590
18037988,2023-09-01,1.28,0.3,25
18037988,2023-09-01,1.28,0.4,38
18037988,2023-09-01,1.28,0.5,194
18037988,2023-09-01,1.28,0.6,3
18037988,2023-09-01,1.28,0.7,48
18037988,2023-09-01,1.28,0.8,4
18037988,2023-09-01,1.28,0.9,15
18037988,2023-09-01,1.28,1.0,2
18037988,2023-09-01,1.28,1.1,2
18037988,2023-09-01,1.28,1.2,1
18037988,2023-09-01,1.28,1.5,1
18037988,2023-09-01,1.3,-1.5,4
18037988,2023-09-01,1.3,-1.4,23
18037988,2023-09-01,1.3,-1.3,3
18037988,2023-09-01,1.3,-1.1,1
18037988,2023-09-01,1.3,-0.7,2
18037988,2023-09-01,1.3,-0.6,2
18037988,2023-09-01,1.3,-0.5,21
18037988,2023-09-01,1.3,-0.4,47
18037988,2023-09-01,1.3,-0.3,47
18037988,2023-09-01,1.3,-0.2,250
18037988,2023-09-01,1.3,-0.1,288
18037988,2023-09-01,1.3,0.0,210
18037988,2023-09-01,1.3,0.1,191
18037988,2023-09-01,1.3,0.2,124
18037988,2023-09-01,1.3,0.3,27
18037988,2023-09-01,1.3,0.4,22
18037988,2023-09-01,1.3,0.5,71
18037988,2023-09-01,1.3,0.6,29
18037988,2023-09-01,1.3,0.7,14
18037988,2023-09-01,1.3,0.8,6
18037988,2023-09-01,1.3,0.9,16
18037988,2023-09-01,1.3,1.1,4
18037988,2023-09-01,1.3,1.2,1
18037988,2023-09-01,1.3,1.3,3
18037988,2023-09-01,1.32,-1.3,6
18037988,2023-09-01,1.32,-1.1,1
18037988,2023-09-01,1.32,-0.8,1
18037988,2023-09-01,1.32,-0.7,1
18037988,2023-09-01,1.32,-0.6,1
18037988,2023-09-01,1.32,-0.5,19
18037988,2023-09-01,1.32,-0.4,47
18037988,2023-09-01,1.32,-0.3,41
18037988,2023-09-01,1.32,-0.2,96
18037988,2023-09-01,1.32,-0.1,421
18037988,2023-09-01,1.32,0.0,304
18037988,2023-09-01,1.32,0.1,196
18037988,2023-09-01,1.32,0.2,126
18037988,2023-09-01,1.32,0.3,45
18037988,2023-09-01,1.32,0.4,27
18037988,2023-09-01,1.32,0.5,45
18037988,2023-09-01,1.32,0.6,65
18037988,2023-09-01,1.32,0.7,9
18037988,2023-09-01,1.32,0.8,6
18037988,2023-09-01,1.32,0.9,16
18037988,2023-09-01,1.32,1.0,2
18037988,2023-09-01,1.32,1.1,1
18037988,2023-09-01,1.32,1.7,1
18037988,2023-09-01,1.34,-1.7,6
18037988,2023-09-01,1.34,-0.8,1
18037988,2023-09-01,1.34,-0.7,2
18037988,2023-09-01,1.34,-0.5,6
18037988,2023-09-01,1.34,-0.4,225
18037988,2023-09-01,1.34,-0.3,61
18037988,2023-09-01,1.34,-0.2,151
18037988,2023-09-01,1.34,-0.1,391
18037988,2023-09-01,1.34,0.0,170
18037988,2023-09-01,1.34,0.1,298
18037988,2023-09-01,1.34,0.2,89
18037988,2023-09-01,1.34,0.3,18
18037988,2023-09-01,1.34,0.4,40
18037988,2023-09-01,1.34,0.5,29
18037988,2023-09-01,1.34,0.6,18
18037988,2023-09-01,1.34,0.7,9
18037988,2023-09-01,1.34,0.8,7
18037988,2023-09-01,1.34,0.9,17
18037988,2023-09-01,1.34,1.0,2
18037988,2023-09-01,1.34,1.1,2
18037988,2023-09-01,1.34,1.2,1
18037988,2023-09-01,1.34,1.4,1
18037988,2023-09-01,1.34,1.7,1
18037988,2023-09-01,1.36,-1.7,6
18037988,2023-09-01,1.36,-1.5,1
18037988,2023-09-01,1.36,-1.4,2
18037988,2023-09-01,1.36,-1.1,1
18037988,2023-09-01,1.36,-1.0,1
18037988,2023-09-01,1.36,-0.6,3
18037988,2023-09-01,1.36,-0.5,6
18037988,2023-09-01,1.36,-0.4,19
18037988,2023-09-01,1.36,-0.3,63
18037988,2023-09-01,1.36,-0.2,105
18037988,2023-09-01,1.36,-0.1,241
18037988,2023-09-01,1.36,0.0,102
18037988,2023-09-01,1.36,0.1,113
18037988,2023-09-01,1.36,0.2,41
18037988,2023-09-01,1.36,0.3,11
18037988,2023-09-01,1.36,0.4,27
18037988,2023-09-01,1.36,0.5,11
18037988,2023-09-01,1.36,0.6,23
18037988,2023-09-01,1.36,0.7,6
18037988,2023-09-01,1.36,0.8,6
18037988,2023-09-01,1.36,0.9,19
18037988,2023-09-01,1.36,1.0,1
18037988,2023-09-01,1.36,1.1,2
18037988,2023-09-01,1.36,1.5,1
18037988,2023-09-01,1.38,-1.1,1
18037988,2023-09-01,1.38,-1.0,1
18037988,2023-09-01,1.38,-0.8,1
18037988,2023-09-01,1.38,-0.6,1
18037988,2023-09-01,1.38,-0.5,13
18037988,2023-09-01,1.38,-0.4,12
18037988,2023-09-01,1.38,-0.3,39
18037988,2023-09-01,1.38,-0.2,67
18037988,2023-09-01,1.38,-0.1,178
18037988,2023-09-01,1.38,0.0,76
18037988,2023-09-01,1.38,0.1,138
18037988,2023-09-01,1.38,0.2,55
18037988,2023-09-01,1.38,0.3,68
18037988,2023-09-01,1.38,0.4,17
18037988,2023-09-01,1.38,0.5,17
18037988,2023-09-01,1.38,0.6,27
18037988,2023-09-01,1.38,0.7,4
18037988,2023-09-01,1.38,0.8,6
18037988,2023-09-01,1.38,0.9,22
18037988,2023-09-01,1.38,1.0,1
18037988,2023-09-01,1.38,1.1,2
18037988,2023-09-01,1.4,-0.9,1
18037988,2023-09-01,1.4,-0.6,4
18037988,2023-09-01,1.4,-0.5,11
18037988,2023-09-01,1.4,-0.4,15
18037988,2023-09-01,1.4,-0.3,35
18037988,2023-09-01,1.4,-0.2,47
18037988,2023-09-01,1.4,-0.1,421
18037988,2023-09-01,1.4,0.0,67
18037988,2023-09-01,1.4,0.1,85
18037988,2023-09-01,1.4,0.2,49
18037988,2023-09-01,1.4,0.3,26
18037988,2023-09-01,1.4,0.4,16
18037988,2023-09-01,1.4,0.5,24
18037988,2023-09-01,1.4,0.6,30
18037988,2023-09-01,1.4,0.7,4
18037988,2023-09-01,1.4,0.8,4
18037988,2023-09-01,1.4,0.9,15
18037988,2023-09-01,1.4,1.0,4
18037988,2023-09-01,1.4,1.1,1
18037988,2023-09-01,1.42,-1.1,1
18037988,2023-09-01,1.42,-0.7,1
18037988,2023-09-01,1.42,-0.5,10
18037988,2023-09-01,1.42,-0.4,16
18037988,2023-09-01,1.42,-0.3,35
18037988,2023-09-01,1.42,-0.2,47
18037988,2023-09-01,1.42,-0.1,191
18037988,2023-09-01,1.42,0.0,90
18037988,2023-09-01,1.42,0.1,69
18037988,2023-09-01,1.42,0.2,29
18037988,2023-09-01,1.42,0.3,13
18037988,2023-09-01,1.42,0.4,12
18037988,2023-09-01,1.42,0.5,7
18037988,2023-09-01,1.42,0.6,24
18037988,2023-09-01,1.42,0.8,7
18037988,2023-09-01,1.42,0.9,35
18037988,2023-09-01,1.42,1.0,2
18037988,2023-09-01,1.42,1.4,1
18037988,2023-09-01,1.44,-1.6,1
18037988,2023-09-01,1.44,-0.8,2
18037988,2023-09-01,1.44,-0.7,4
18037988,2023-09-01,1.44,-0.6,1
18037988,2023-09-01,1.44,-0.5,7
18037988,2023-09-01,1.44,-0.4,12
18037988,2023-09-01,1.44,-0.3,31
18037988,2023-09-01,1.44,-0.2,61
18037988,2023-09-01,1.44,-0.1,1468
18037988,2023-09-01,1.44,0.0,65
18037988,2023-09-01,1.44,0.1,66
18037988,2023-09-01,1.44,0.2,41
18037988,2023-09-01,1.44,0.3,9
18037988,2023-09-01,1.44,0.4,30
18037988,2023-09-01,1.44,0.5,41
18037988,2023-09-01,1.44,0.6,38
18037988,2023-09-01,1.44,0.7,4
18037988,2023-09-01,1.44,0.8,16
18037988,2023-09-01,1.44,0.9,49
18037988,2023-09-01,1.44,1.0,10
18037988,2023-09-01,1.44,1.1,1
18037988,2023-09-01,1.44,1.3,1
18037988,2023-09-01,1.46,-1.5,1
18037988,2023-09-01,1.46,-1.0,1
18037988,2023-09-01,1.46,-0.7,2
18037988,2023-09-01,1.46,-0.6,1
18037988,2023-09-01,1.46,-0.5,7
18037988,2023-09-01,1.46,-0.4,8
18037988,2023-09-01,1.46,-0.3,35
18037988,2023-09-01,1.46,-0.2,56
18037988,2023-09-01,1.46,-0.1,428
18037988,2023-09-01,1.46,0.0,62
18037988,2023-09-01,1.46,0.1,67
18037988,2023-09-01,1.46,0.2,33
18037988,2023-09-01,1.46,0.3,18
18037988,2023-09-01,1.46,0.4,30
18037988,2023-09-01,1.46,0.5,11
18037988,2023-09-01,1.46,0.6,42
18037988,2023-09-01,1.46,0.7,1
18037988,2023-09-01,1.46,0.8,11
18037988,2023-09-01,1.46,0.9,343
18037988,2023-09-01,1.46,1.0,1
18037988,2023-09-01,1.46,1.4,1
18037988,2023-09-01,1.46,1.5,1
18037988,2023-09-01,1.48,-1.5,1
18037988,2023-09-01,1.48,-1.0,7
18037988,2023-09-01,1.48,-0.9,16
18037988,2023-09-01,1.48,-0.8,6
18037988,2023-09-01,1.48,-0.5,4
18037988,2023-09-01,1.48,-0.4,9
18037988,2023-09-01,1.48,-0.3,32
18037988,2023-09-01,1.48,-0.2,38
18037988,2023-09-01,1.48,-0.1,132
18037988,2023-09-01,1.48,0.0,136
18037988,2023-09-01,1.48,0.1,39
18037988,2023-09-01,1.48,0.2,18
18037988,2023-09-01,1.48,0.3,23
18037988,2023-09-01,1.48,0.4,18
18037988,2023-09-01,1.48,0.5,15
18037988,2023-09-01,1.48,0.6,180
18037988,2023-09-01,1.48,0.7,3
18037988,2023-09-01,1.48,0.8,4
18037988,2023-09-01,1.48,0.9,3
18037988,2023-09-01,1.5,-1.5,1
18037988,2023-09-01,1.5,-1.1,2
18037988,2023-09-01,1.5,-1.0,3
18037988,2023-09-01,1.5,-0.9,1
18037988,2023-09-01,1.5,-0.8,4
18037988,2023-09-01,1.5,-0.7,1
18037988,2023-09-01,1.5,-0.5,2
18037988,2023-09-01,1.5,-0.4,6
18037988,2023-09-01,1.5,-0.3,36
18037988,2023-09-01,1.5,-0.2,116
18037988,2023-09-01,1.5,-0.1,222
18037988,2023-09-01,1.5,0.0,85
18037988,2023-09-01,1.5,0.1,63
18037988,2023-09-01,1.5,0.2,57
18037988,2023-09-01,1.5,0.3,11
18037988,2023-09-01,1.5,0.4,21
18037988,2023-09-01,1.5,0.5,24
18037988,2023-09-01,1.5,0.6,40
18037988,2023-09-01,1.5,0.7,4
18037988,2023-09-01,1.5,0.8,4
18037988,2023-09-01,1.5,0.9,6
18037988,2023-09-01,1.5,1.0,6
18037988,2023-09-01,1.52,-1.1,4
18037988,2023-09-01,1.52,-0.9,1
18037988,2023-09-01,1.52,-0.8,3
18037988,2023-09-01,1.52,-0.7,5
18037988,2023-09-01,1.52,-0.6,2
18037988,2023-09-01,1.52,-0.5,4
18037988,2023-09-01,1.52,-0.4,5
18037988,2023-09-01,1.52,-0.3,31
18037988,2023-09-01,1.52,-0.2,108
18037988,2023-09-01,1.52,-0.1,209
18037988,2023-09-01,1.52,0.0,98
18037988,2023-09-01,1.52,0.1,99
18037988,2023-09-01,1.52,0.2,25
18037988,2023-09-01,1.52,0.3,23
18037988,2023-09-01,1.52,0.4,16
18037988,2023-09-01,1.52,0.5,15
18037988,2023-09-01,1.52,0.6,63
18037988,2023-09-01,1.52,0.7,5
18037988,2023-09-01,1.52,0.9,2
18037988,2023-09-01,1.52,1.0,6
18037988,2023-09-01,1.52,1.1,3
18037988,2023-09-01,1.54,-1.5,9
18037988,2023-09-01,1.54,-1.1,8
18037988,2023-09-01,1.54,-0.8,5
18037988,2023-09-01,1.54,-0.7,3
18037988,2023-09-01,1.54,-0.6,2
18037988,2023-09-01,1.54,-0.5,5
18037988,2023-09-01,1.54,-0.4,8
18037988,2023-09-01,1.54,-0.3,51
18037988,2023-09-01,1.54,-0.2,167
18037988,2023-09-01,1.54,-0.1,1349
18037988,2023-09-01,1.54,0.0,2831
18037988,2023-09-01,1.54,0.1,388
18037988,2023-09-01,1.54,0.2,60
18037988,2023-09-01,1.54,0.3,8
18037988,2023-09-01,1.54,0.4,38
18037988,2023-09-01,1.54,0.5,13
18037988,2023-09-01,1.54,0.6,782
18037988,2023-09-01,1.54,0.7,2
18037988,2023-09-01,1.54,0.8,2
18037988,2023-09-01,1.54,0.9,4
18037988,2023-09-01,1.56,-1.5,13
18037988,2023-09-01,1.56,-1.2,1
18037988,2023-09-01,1.56,-1.1,3
18037988,2023-09-01,1.56,-0.8,1
18037988,2023-09-01,1.56,-0.7,2
18037988,2023-09-01,1.56,-0.6,4
18037988,2023-09-01,1.56,-0.5,6
18037988,2023-09-01,1.56,-0.4,10
18037988,2023-09-01,1.56,-0.3,93
18037988,2023-09-01,1.56,-0.2,180
18037988,2023-09-01,1.56,-0.1,541
18037988,2023-09-01,1.56,0.0,793
18037988,2023-09-01,1.56,0.1,222
18037988,2023-09-01,1.56,0.2,3753
18037988,2023-09-01,1.56,0.3,19
18037988,2023-09-01,1.56,0.4,27
18037988,2023-09-01,1.56,0.5,24
18037988,2023-09-01,1.56,0.6,147
18037988,2023-09-01,1.56,0.7,6
18037988,2023-09-01,1.56,0.8,1
18037988,2023-09-01,1.56,0.9,3
18037988,2023-09-01,1.56,1.0,1
18037988,2023-09-01,1.58,-1.5,1
18037988,2023-09-01,1.58,-1.3,1
18037988,2023-09-01,1.58,-1.2,1
18037988,2023-09-01,1.58,-1.1,1
18037988,2023-09-01,1.58,-0.9,1
18037988,2023-09-01,1.58,-0.7,1
18037988,2023-09-01,1.58,-0.6,1
18037988,2023-09-01,1.58,-0.5,8
18037988,2023-09-01,1.58,-0.4,6
18037988,2023-09-01,1.58,-0.3,23
18037988,2023-09-01,1.58,-0.2,48
18037988,2023-09-01,1.58,-0.1,203
18037988,2023-09-01,1.58,0.0,56
18037988,2023-09-01,1.58,0.1,259
18037988,2023-09-01,1.58,0.2,70
18037988,2023-09-01,1.58,0.3,6
18037988,2023-09-01,1.58,0.4,24
18037988,2023-09-01,1.58,0.5,7
18037988,2023-09-01,1.58,0.6,16
18037988,2023-09-01,1.58,0.7,6
18037988,2023-09-01,1.58,0.8,3
18037988,2023-09-01,1.58,0.9,4
18037988,2023-09-01,1.58,1.3,1
18037988,2023-09-01,1.6,-1.4,2
18037988,2023-09-01,1.6,-1.1,3
18037988,2023-09-01,1.6,-0.9,1
18037988,2023-09-01,1.6,-0.8,1
18037988,2023-09-01,1.6,-0.6,5
18037988,2023-09-01,1.6,-0.5,5
18037988,2023-09-01,1.6,-0.4,3
18037988,2023-09-01,1.6,-0.3,20
18037988,2023-09-01,1.6,-0.2,63
18037988,2023-09-01,1.6,-0.1,137
18037988,2023-09-01,1.6,0.0,28
18037988,2023-09-01,1.6,0.1,653
18037988,2023-09-01,1.6,0.2,16
18037988,2023-09-01,1.6,0.3,6
18037988,2023-09-01,1.6,0.4,30
18037988,2023-09-01,1.6,0.5,14
18037988,2023-09-01,1.6,0.6,40
18037988,2023-09-01,1.6,0.7,2
18037988,2023-09-01,1.6,1.4,2
18037988,2023-09-01,1.62,-1.4,1
18037988,2023-09-01,1.62,-1.2,1
18037988,2023-09-01,1.62,-1.1,1
18037988,2023-09-01,1.62,-0.6,7
18037988,2023-09-01,1.62,-0.5,11
18037988,2023-09-01,1.62,-0.4,3
18037988,2023-09-01,1.62,-0.3,18
18037988,2023-09-01,1.62,-0.2,64
18037988,2023-09-01,1.62,-0.1,69
18037988,2023-09-01,1.62,0.0,56
18037988,2023-09-01,1.62,0.1,19
18037988,2023-09-01,1.62,0.2,20
18037988,2023-09-01,1.62,0.3,8
18037988,2023-09-01,1.62,0.4,25
18037988,2023-09-01,1.62,0.5,9
18037988,2023-09-01,1.62,0.6,7
18037988,2023-09-01,1.62,0.7,4
18037988,2023-09-01,1.62,0.8,1
18037988,2023-09-01,1.62,0.9,2
18037988,2023-09-01,1.62,1.0,1
18037988,2023-09-01,1.62,1.2,1
18037988,2023-09-01,1.62,1.3,1
18037988,2023-09-01,1.62,1.4,8
18037988,2023-09-01,1.64,-1.2,1
18037988,2023-09-01,1.64,-0.6,6
18037988,2023-09-01,1.64,-0.5,10
18037988,2023-09-01,1.64,-0.4,12
18037988,2023-09-01,1.64,-0.3,13
18037988,2023-09-01,1.64,-0.2,83
18037988,2023-09-01,1.64,-0.1,253
18037988,2023-09-01,1.64,0.0,32
18037988,2023-09-01,1.64,0.1,55
18037988,2023-09-01,1.64,0.2,25
18037988,2023-09-01,1.64,0.3,9
18037988,2023-09-01,1.64,0.4,46
18037988,2023-09-01,1.64,0.5,13
18037988,2023-09-01,1.64,0.6,8
18037988,2023-09-01,1.64,0.7,2
18037988,2023-09-01,1.64,0.8,1
18037988,2023-09-01,1.64,0.9,1
18037988,2023-09-01,1.64,1.3,1
18037988,2023-09-01,1.66,-1.2,1
18037988,2023-09-01,1.66,-0.6,2
18037988,2023-09-01,1.66,-0.5,24
18037988,2023-09-01,1.66,-0.4,5
18037988,2023-09-01,1.66,-0.3,28
18037988,2023-09-01,1.66,-0.2,52
18037988,2023-09-01,1.66,-0.1,99
18037988,2023-09-01,1.66,0.0,59
18037988,2023-09-01,1.66,0.1,22
18037988,2023-09-01,1.66,0.2,46
18037988,2023-09-01,1.66,0.3,7
18037988,2023-09-01,1.66,0.4,82
18037988,2023-09-01,1.66,0.5,7
18037988,2023-09-01,1.66,0.6,1
18037988,2023-09-01,1.66,0.7,5
18037988,2023-09-01,1.66,0.8,6
18037988,2023-09-01,1.66,0.9,1
18037988,2023-09-01,1.68,-1.2,4
18037988,2023-09-01,1.68,-0.9,2
18037988,2023-09-01,1.68,-0.6,1
18037988,2023-09-01,1.68,-0.5,12
18037988,2023-09-01,1.68,-0.4,5
18037988,2023-09-01,1.68,-0.3,19
18037988,2023-09-01,1.68,-0.2,58
18037988,2023-09-01,1.68,-0.1,202
18037988,2023-09-01,1.68,0.0,35
18037988,2023-09-01,1.68,0.1,18
18037988,2023-09-01,1.68,0.2,9
18037988,2023-09-01,1.68,0.3,2
18037988,2023-09-01,1.68,0.4,23
18037988,2023-09-01,1.68,0.5,13
18037988,2023-09-01,1.68,0.6,2
18037988,2023-09-01,1.68,0.7,3
18037988,2023-09-01,1.68,0.8,2
18037988,2023-09-01,1.68,0.9,1
18037988,2023-09-01,1.68,1.1,1
18037988,2023-09-01,1.7,-0.9,1
18037988,2023-09-01,1.7,-0.7,1
18037988,2023-09-01,1.7,-0.6,2
18037988,2023-09-01,1.7,-0.5,19
18037988,2023-09-01,1.7,-0.4,18
18037988,2023-09-01,1.7,-0.3,53
18037988,2023-09-01,1.7,-0.2,61
18037988,2023-09-01,1.7,-0.1,137
18037988,2023-09-01,1.7,0.0,22
18037988,2023-09-01,1.7,0.1,18
18037988,2023-09-01,1.7,0.2,12
18037988,2023-09-01,1.7,0.3,11
18037988,2023-09-01,1.7,0.4,68
18037988,2023-09-01,1.7,0.5,6
18037988,2023-09-01,1.7,0.6,2
18037988,2023-09-01,1.7,0.7,1
18037988,2023-09-01,1.7,0.8,3
18037988,2023-09-01,1.7,0.9,1
18037988,2023-09-01,1.72,-0.9,3
18037988,2023-09-01,1.72,-0.8,1
18037988,2023-09-01,1.72,-0.7,1
18037988,2023-09-01,1.72,-0.6,2
18037988,2023-09-01,1.72,-0.5,8
18037988,2023-09-01,1.72,-0.4,9
18037988,2023-09-01,1.72,-0.3,28
18037988,2023-09-01,1.72,-0.2,39
18037988,2023-09-01,1.72,-0.1,122
18037988,2023-09-01,1.72,0.0,42
18037988,2023-09-01,1.72,0.1,16
18037988,2023-09-01,1.72,0.2,7
18037988,2023-09-01,1.72,0.3,9
18037988,2023-09-01,1.72,0.4,53
18037988,2023-09-01,1.72,0.5,15
18037988,2023-09-01,1.72,0.6,2
18037988,2023-09-01,1.72,0.7,3
18037988,2023-09-01,1.72,0.8,3
18037988,2023-09-01,1.74,-1.2,1
18037988,2023-09-01,1.74,-0.9,6
18037988,2023-09-01,1.74,-0.6,1
18037988,2023-09-01,1.74,-0.5,10
18037988,2023-09-01,1.74,-0.4,11
18037988,2023-09-01,1.74,-0.3,21
18037988,2023-09-01,1.74,-0.2,39
18037988,2023-09-01,1.74,-0.1,81
18037988,2023-09-01,1.74,0.0,32
18037988,2023-09-01,1.74,0.1,19
18037988,2023-09-01,1.74,0.2,10
18037988,2023-09-01,1.74,0.4,5
18037988,2023-09-01,1.74,0.5,10
18037988,2023-09-01,1.74,0.6,2
18037988,2023-09-01,1.74,0.7,2
18037988,2023-09-01,1.74,0.8,6
18037988,2023-09-01,1.74,1.0,1
18037988,2023-09-01,1.76,-1.1,1
18037988,2023-09-01,1.76,-0.9,1
18037988,2023-09-01,1.76,-0.7,2
18037988,2023-09-01,1.76,-0.6,1
18037988,2023-09-01,1.76,-0.5,4
18037988,2023-09-01,1.76,-0.4,13
18037988,2023-09-01,1.76,-0.3,21
18037988,2023-09-01,1.76,-0.2,52
18037988,2023-09-01,1.76,-0.1,106
18037988,2023-09-01,1.76,0.0,37
18037988,2023-09-01,1.76,0.1,20
18037988,2023-09-01,1.76,0.2,8
18037988,2023-09-01,1.76,0.4,11
18037988,2023-09-01,1.76,0.5,13
18037988,2023-09-01,1.76,0.6,2
18037988,2023-09-01,1.76,0.7,2
18037988,2023-09-01,1.76,0.8,2
18037988,2023-09-01,1.78,-1.2,1
18037988,2023-09-01,1.78,-1.1,1
18037988,2023-09-01,1.78,-0.9,4
18037988,2023-09-01,1.78,-0.5,13
18037988,2023-09-01,1.78,-0.4,12
18037988,2023-09-01,1.78,-0.3,16
18037988,2023-09-01,1.78,-0.2,62
18037988,2023-09-01,1.78,-0.1,337
18037988,2023-09-01,1.78,0.0,38
18037988,2023-09-01,1.78,0.1,19
18037988,2023-09-01,1.78,0.2,9
18037988,2023-09-01,1.78,0.3,4
18037988,2023-09-01,1.78,0.4,13
18037988,2023-09-01,1.78,0.5,9
18037988,2023-09-01,1.78,0.6,7
18037988,2023-09-01,1.78,0.7,7
18037988,2023-09-01,1.78,0.8,2
18037988,2023-09-01,1.8,-0.9,3
18037988,2023-09-01,1.8,-0.8,2
18037988,2023-09-01,1.8,-0.6,1
18037988,2023-09-01,1.8,-0.5,62
18037988,2023-09-01,1.8,-0.4,5
18037988,2023-09-01,1.8,-0.3,11
18037988,2023-09-01,1.8,-0.2,48
18037988,2023-09-01,1.8,-0.1,92
18037988,2023-09-01,1.8,0.0,34
18037988,2023-09-01,1.8,0.1,11
18037988,2023-09-01,1.8,0.2,11
18037988,2023-09-01,1.8,0.3,5
18037988,2023-09-01,1.8,0.4,12
18037988,2023-09-01,1.8,0.5,10
18037988,2023-09-01,1.8,0.6,3
18037988,2023-09-01,1.8,0.7,4
18037988,2023-09-01,1.8,0.8,3
18037988,2023-09-01,1.82,-0.9,1
18037988,2023-09-01,1.82,-0.7,1
18037988,2023-09-01,1.82,-0.6,1
18037988,2023-09-01,1.82,-0.5,47
18037988,2023-09-01,1.82,-0.4,3
18037988,2023-09-01,1.82,-0.3,14
18037988,2023-09-01,1.82,-0.2,36
18037988,2023-09-01,1.82,-0.1,90
18037988,2023-09-01,1.82,0.0,21
18037988,2023-09-01,1.82,0.1,14
18037988,2023-09-01,1.82,0.2,10
18037988,2023-09-01,1.82,0.3,3
18037988,2023-09-01,1.82,0.4,30
18037988,2023-09-01,1.82,0.5,152
18037988,2023-09-01,1.82,0.6,2
18037988,2023-09-01,1.82,0.8,4
18037988,2023-09-01,1.82,0.9,1
18037988,2023-09-01,1.82,1.2,1
18037988,2023-09-01,1.84,-1.2,3
18037988,2023-09-01,1.84,-0.9,1
18037988,2023-09-01,1.84,-0.8,2
18037988,2023-09-01,1.84,-0.7,2
18037988,2023-09-01,1.84,-0.6,1
18037988,2023-09-01,1.84,-0.5,1
18037988,2023-09-01,1.84,-0.4,2
18037988,2023-09-01,1.84,-0.3,16
18037988,2023-09-01,1.84,-0.2,42
18037988,2023-09-01,1.84,-0.1,74
18037988,2023-09-01,1.84,0.0,38
18037988,2023-09-01,1.84,0.1,24
18037988,2023-09-01,1.84,0.2,8
18037988,2023-09-01,1.84,0.3,5
18037988,2023-09-01,1.84,0.4,7
18037988,2023-09-01,1.84,0.5,4
18037988,2023-09-01,1.84,0.6,1
18037988,2023-09-01,1.84,0.7,1
18037988,2023-09-01,1.84,0.8,64
18037988,2023-09-01,1.84,0.9,1
18037988,2023-09-01,1.86,-1.2,2
18037988,2023-09-01,1.86,-1.1,1
18037988,2023-09-01,1.86,-1.0,1
18037988,2023-09-01,1.86,-0.7,1
18037988,2023-09-01,1.86,-0.5,2
18037988,2023-09-01,1.86,-0.4,1
18037988,2023-09-01,1.86,-0.3,17
18037988,2023-09-01,1.86,-0.2,60
18037988,2023-09-01,1.86,-0.1,113
18037988,2023-09-01,1.86,0.0,24
18037988,2023-09-01,1.86,0.1,17
18037988,2023-09-01,1.86,0.2,11
18037988,2023-09-01,1.86,0.3,3
18037988,2023-09-01,1.86,0.4,7
18037988,2023-09-01,1.86,0.5,304
18037988,2023-09-01,1.86,0.6,2
18037988,2023-09-01,1.86,0.7,1
18037988,2023-09-01,1.86,0.8,26
18037988,2023-09-01,1.86,1.0,2
18037988,2023-09-01,1.86,1.2,5
18037988,2023-09-01,1.88,-1.2,1
18037988,2023-09-01,1.88,-0.9,1
18037988,2023-09-01,1.88,-0.7,2
18037988,2023-09-01,1.88,-0.5,1
18037988,2023-09-01,1.88,-0.4,3
18037988,2023-09-01,1.88,-0.3,7
18037988,2023-09-01,1.88,-0.2,57
18037988,2023-09-01,1.88,-0.1,172
18037988,2023-09-01,1.88,0.0,11
18037988,2023-09-01,1.88,0.1,19
18037988,2023-09-01,1.88,0.2,20
18037988,2023-09-01,1.88,0.3,11
18037988,2023-09-01,1.88,0.4,5
18037988,2023-09-01,1.88,0.5,10
18037988,2023-09-01,1.88,0.6,1
18037988,2023-09-01,1.88,0.7,1
18037988,2023-09-01,1.88,0.8,4
18037988,2023-09-01,1.88,1.0,1
18037988,2023-09-01,1.88,1.2,1
18037988,2023-09-01,1.9,-1.2,112
18037988,2023-09-01,1.9,-0.7,3
18037988,2023-09-01,1.9,-0.4,4
18037988,2023-09-01,1.9,-0.3,190
18037988,2023-09-01,1.9,-0.2,458
18037988,2023-09-01,1.9,-0.1,82
18037988,2023-09-01,1.9,0.0,29
18037988,2023-09-01,1.9,0.1,8
18037988,2023-09-01,1.9,0.2,12
18037988,2023-09-01,1.9,0.3,4
18037988,2023-09-01,1.9,0.4,12
18037988,2023-09-01,1.9,0.5,17
18037988,2023-09-01,1.9,0.6,3
18037988,2023-09-01,1.9,0.7,1
18037988,2023-09-01,1.9,0.8,1
18037988,2023-09-01,1.9,0.9,1
18037988,2023-09-01,1.92,-1.2,6
18037988,2023-09-01,1.92,-0.7,1
18037988,2023-09-01,1.92,-0.5,5
18037988,2023-09-01,1.92,-0.4,4
18037988,2023-09-01,1.92,-0.3,48
18037988,2023-09-01,1.92,-0.2,75
18037988,2023-09-01,1.92,-0.1,69
18037988,2023-09-01,1.92,0.0,15
18037988,2023-09-01,1.92,0.1,19
18037988,2023-09-01,1.92,0.2,9
18037988,2023-09-01,1.92,0.3,6
18037988,2023-09-01,1.92,0.4,3
18037988,2023-09-01,1.92,0.5,24
18037988,2023-09-01,1.92,0.6,2
18037988,2023-09-01,1.92,0.7,7
18037988,2023-09-01,1.92,0.8,2
18037988,2023-09-01,1.92,1.0,1
18037988,2023-09-01,1.94,-1.2,1
18037988,2023-09-01,1.94,-0.7,1
18037988,2023-09-01,1.94,-0.4,6
18037988,2023-09-01,1.94,-0.3,22
18037988,2023-09-01,1.94,-0.2,45
18037988,2023-09-01,1.94,-0.1,53
18037988,2023-09-01,1.94,0.0,18
18037988,2023-09-01,1.94,0.1,10
18037988,2023-09-01,1.94,0.2,5
18037988,2023-09-01,1.94,0.3,4
18037988,2023-09-01,1.94,0.4,6
18037988,2023-09-01,1.94,0.5,34
18037988,2023-09-01,1.94,0.6,8
18037988,2023-09-01,1.94,0.7,1
18037988,2023-09-01,1.94,0.9,1
18037988,2023-09-01,1.96,-1.2,1
18037988,2023-09-01,1.96,-0.6,1
18037988,2023-09-01,1.96,-0.4,3
18037988,2023-09-01,1.96,-0.3,26
18037988,2023-09-01,1.96,-0.2,252
18037988,2023-09-01,1.96,-0.1,45
18037988,2023-09-01,1.96,0.0,18
18037988,2023-09-01,1.96,0.1,12
18037988,2023-09-01,1.96,0.2,7
18037988,2023-09-01,1.96,0.3,9
18037988,2023-09-01,1.96,0.4,4
18037988,2023-09-01,1.96,0.5,39
18037988,2023-09-01,1.96,0.6,4
18037988,2023-09-01,1.96,0.7,2
18037988,2023-09-01,1.96,1.1,2
18037988,2023-09-01,1.98,-1.2,2
18037988,2023-09-01,1.98,-1.1,1
18037988,2023-09-01,1.98,-1.0,2
18037988,2023-09-01,1.98,-0.9,4
18037988,2023-09-01,1.98,-0.8,8
18037988,2023-09-01,1.98,-0.7,83
18037988,2023-09-01,1.98,-0.6,4
18037988,2023-09-01,1.98,-0.5,9
18037988,2023-09-01,1.98,-0.4,28
18037988,2023-09-01,1.98,-0.3,183
18037988,2023-09-01,1.98,-0.2,1093
18037988,2023-09-01,1.98,-0.1,6373
18037988,2023-09-01,1.98,0.0,1581
18037988,2023-09-01,1.98,0.1,952
18037988,2023-09-01,1.98,0.2,752
18037988,2023-09-01,1.98,0.3,200
18037988,2023-09-01,1.98,0.4,646
18037988,2023-09-01,1.98,0.5,286
18037988,2023-09-01,1.98,0.6,52
18037988,2023-09-01,1.98,0.7,48
18037988,2023-09-01,1.98,0.8,100
18037988,2023-09-01,1.98,0.9,25
18037988,2023-09-01,1.98,1.0,46
18037988,2023-09-01,1.98,1.1,2
18037988,2023-09-01,1.98,1.2,3
20207949,2024-07-01,0.0,-1.4,1
20207949,2024-07-01,0.0,-1.2,3
20207949,2024-07-01,0.0,-1.1,7
20207949,2024-07-01,0.0,-1.0,8
20207949,2024-07-01,0.0,-0.9,8
20207949,2024-07-01,0.0,-0.8,14
20207949,2024-07-01,0.0,-0.7,22
20207949,2024-07-01,0.0,-0.6,18
20207949,2024-07-01,0.0,-0.5,48
20207949,2024-07-01,0.0,-0.4,170
20207949,2024-07-01,0.0,-0.3,2340
20207949,2024-07-01,0.0,-0.2,20970
20207949,2024-07-01,0.0,-0.1,120731
20207949,2024-07-01,0.0,0.0,6180
20207949,2024-07-01,0.0,0.1,1352
20207949,2024-07-01,0.0,0.2,852
20207949,2024-07-01,0.0,0.3,1069
20207949,2024-07-01,0.0,0.4,664
20207949,2024-07-01,0.0,0.5,581
20207949,2024-07-01,0.0,0.6,759
20207949,2024-07-01,0.0,0.7,635
20207949,2024-07-01,0.0,0.8,851
20207949,2024-07-01,0.0,0.9,1850
20207949,2024-07-01,0.0,1.0,1332
20207949,2024-07-01,0.0,1.1,786
20207949,2024-07-01,0.0,1.2,17
20207949,2024-07-01,0.0,1.4,3
20207949,2024-07-01,0.0,1.5,1
20207949,2024-07-01,0.0,2.2,1
20207949,2024-07-01,0.0,2.3,1
20207949,2024-07-01,0.0,2.9,9
20207949,2024-07-01,0.02,-3.0,1
20207949,2024-07-01,0.02,-2.8,1
20207949,2024-07-01,0.02,-2.7,1
20207949,2024-07-01,0.02,-2.4,2
20207949,2024-07-01,0.02,-2.3,4
20207949,2024-07-01,0.02,-2.1,2
20207949,2024-07-01,0.02,-2.0,4
20207949,2024-07-01,0.02,-1.9,4
20207949,2024-07-01,0.02,-1.8,3
20207949,2024-07-01,0.02,-1.7,8
20207949,2024-07-01,0.02,-1.6,38
20207949,2024-07-01,0.02,-1.5,35
20207949,2024-07-01,0.02,-1.4,38
20207949,2024-07-01,0.02,-1.3,243
20207949,2024-07-01,0.02,-1.2,166
20207949,2024-07-01,0.02,-1.1,216
20207949,2024-07-01,0.02,-1.0,369
20207949,2024-07-01,0.02,-0.9,530
20207949,2024-07-01,0.02,-0.8,4066
20207949,2024-07-01,0.02,-0.7,963
20207949,2024-07-01,0.02,-0.6,3606
20207949,2024-07-01,0.02,-0.5,2039
20207949,2024-07-01,0.02,-0.4,13246
20207949,2024-07-01,0.02,-0.3,3400
20207949,2024-07-01,0.02,-0.2,7616
20207949,2024-07-01,0.02,-0.1,18156
20207949,2024-07-01,0.02,0.0,6694
20207949,2024-07-01,0.02,0.1,5970
20207949,2024-07-01,0.02,0.2,885
20207949,2024-07-01,0.02,0.3,900
20207949,2024-07-01,0.02,0.4,366
20207949,2024-07-01,0.02,0.5,61
20207949,2024-07-01,0.02,0.6,35
20207949,2024-07-01,0.02,0.7,17
20207949,2024-07-01,0.02,0.8,10
20207949,2024-07-01,0.02,1.0,8
20207949,2024-07-01,0.02,1.1,24
20207949,2024-07-01,0.02,1.2,48
20207949,2024-07-01,0.02,1.3,419
20207949,2024-07-01,0.04,-2.8,1
20207949,2024-07-01,0.04,-2.6,1
20207949,2024-07-01,0.04,-2.5,1
20207949,2024-07-01,0.04,-2.3,1
20207949,2024-07-01,0.04,-2.2,218
20207949,2024-07-01,0.04,-2.1,15
20207949,2024-07-01,0.04,-2.0,21
20207949,2024-07-01,0.04,-1.9,47
20207949,2024-07-01,0.04,-1.8,38
20207949,2024-07-01,0.04,-1.7,26
20207949,2024-07-01,0.04,-1.6,33
20207949,2024-07-01,0.04,-1.5,259
20207949,2024-07-01,0.04,-1.4,385
20207949,2024-07-01,0.04,-1.3,188
20207949,2024-07-01,0.04,-1.2,273
20207949,2024-07-01,0.04,-1.1,291
20207949,2024-07-01,0.04,-1.0,717
20207949,2024-07-01,0.04,-0.9,948
20207949,2024-07-01,0.04,-0.8,1519
20207949,2024-07-01,0.04,-0.7,4590
20207949,2024-07-01,0.04,-0.6,7009
20207949,2024-07-01,0.04,-0.5,9475
20207949,2024-07-01,0.04,-0.4,8790
20207949,2024-07-01,0.04,-0.3,18600
20207949,2024-07-01,0.04,-0.2,12954
20207949,2024-07-01,0.04,-0.1,13962
20207949,2024-07-01,0.04,0.0,12600
20207949,2024-07-01,0.04,0.1,2786
20207949,2024-07-01,0.04,0.2,1433
20207949,2024-07-01,0.04,0.3,1173
20207949,2024-07-01,0.04,0.4,937
20207949,2024-07-01,0.04,0.5,43
20207949,2024-07-01,0.04,0.6,90
20207949,2024-07-01,0.04,0.7,46
20207949,2024-07-01,0.04,0.8,80
20207949,2024-07-01,0.04,0.9,18
20207949,2024-07-01,0.04,1.0,8
20207949,2024-07-01,0.04,1.1,13
20207949,2024-07-01,0.04,1.2,1
20207949,2024-07-01,0.06,-2.6,1
20207949,2024-07-01,0.06,-2.5,3
20207949,2024-07-01,0.06,-2.4,3
20207949,2024-07-01,0.06,-2.3,1
20207949,2024-07-01,0.06,-2.2,13
20207949,2024-07-01,0.06,-2.1,39
20207949,2024-07-01,0.06,-2.0,11
20207949,2024-07-01,0.06,-1.9,90
20207949,2024-07-01,0.06,-1.8,11
20207949,2024-07-01,0.06,-1.7,31
20207949,2024-07-01,0.06,-1.6,59
20207949,2024-07-01,0.06,-1.5,508
20207949,2024-07-01,0.06,-1.4,171
20207949,2024-07-01,0.06,-1.3,326
20207949,2024-07-01,0.06,-1.2,546
20207949,2024-07-01,0.06,-1.1,664
20207949,2024-07-01,0.06,-1.0,1327
20207949,2024-07-01,0.06,-0.9,1713
20207949,2024-07-01,0.06,-0.8,3138
20207949,2024-07-01,0.06,-0.7,5898
20207949,2024-07-01,0.06,-0.6,4863
20207949,2024-07-01,0.06,-0.5,7108
20207949,2024-07-01,0.06,-0.4,10854
20207949,2024-07-01,0.06,-0.3,14598
20207949,2024-07-01,0.06,-0.2,9609
20207949,2024-07-01,0.06,-0.1,18720
20207949,2024-07-01,0.06,0.0,18070
20207949,2024-07-01,0.06,0.1,6392
20207949,2024-07-01,0.06,0.2,5002
20207949,2024-07-01,0.06,0.3,4917
20207949,2024-07-01,0.06,0.4,1216
20207949,2024-07-01,0.06,0.5,101
20207949,2024-07-01,0.06,0.6,56
20207949,2024-07-01,0.06,0.7,56
20207949,2024-07-01,0.06,0.8,54
20207949,2024-07-01,0.06,0.9,39
20207949,2024-07-01,0.06,1.0,3
20207949,2024-07-01,0.06,1.1,4
20207949,2024-07-01,0.08,-3.0,3
20207949,2024-07-01,0.08,-2.9,2
20207949,2024-07-01,0.08,-2.8,2
20207949,2024-07-01,0.08,-2.7,6
20207949,2024-07-01,0.08,-2.6,4
20207949,2024-07-01,0.08,-2.5,3
20207949,2024-07-01,0.08,-2.4,3
20207949,2024-07-01,0.08,-2.3,10
20207949,2024-07-01,0.08,-2.2,7
20207949,2024-07-01,0.08,-2.1,49
20207949,2024-07-01,0.08,-2.0,319
20207949,2024-07-01,0.08,-1.9,39
20207949,2024-07-01,0.08,-1.8,48
20207949,2024-07-01,0.08,-1.7,59
20207949,2024-07-01,0.08,-1.6,198
20207949,2024-07-01,0.08,-1.5,450
20207949,2024-07-01,0.08,-1.4,243
20207949,2024-07-01,0.08,-1.3,699
20207949,2024-07-01,0.08,-1.2,539
20207949,2024-07-01,0.08,-1.1,1085
20207949,2024-07-01,0.08,-1.0,1814
20207949,2024-07-01,0.08,-0.9,2479
20207949,2024-07-01,0.08,-0.8,6207
20207949,2024-07-01,0.08,-0.7,4674
20207949,2024-07-01,0.08,-0.6,3888
20207949,2024-07-01,0.08,-0.5,4541
20207949,2024-07-01,0.08,-0.4,10099
20207949,2024-07-01,0.08,-0.3,10145
20207949,2024-07-01,0.08,-0.2,8614
20207949,2024-07-01,0.08,-0.1,12319
20207949,2024-07-01,0.08,0.0,11042
20207949,2024-07-01,0.08,0.1,10443
20207949,2024-07-01,0.08,0.2,3356
20207949,2024-07-01,0.08,0.3,9530
20207949,2024-07-01,0.08,0.4,4102
20207949,2024-07-01,0.08,0.5,417
20207949,2024-07-01,0.08,0.6,169
20207949,2024-07-01,0.08,0.7,41
20207949,2024-07-01,0.08,0.8,16
20207949,2024-07-01,0.08,0.9,81
20207949,2024-07-01,0.08,1.0,12
20207949,2024-07-01,0.08,1.2,5
20207949,2024-07-01,0.08,1.3,2
20207949,2024-07-01,0.1,-3.0,9
20207949,2024-07-01,0.1,-2.9,6
20207949,2024-07-01,0.1,-2.8,8
20207949,2024-07-01,0.1,-2.7,13
20207949,2024-07-01,0.1,-2.6,7
20207949,2024-07-01,0.1,-2.5,4
20207949,2024-07-01,0.1,-2.4,9
20207949,2024-07-01,0.1,-2.3,12
20207949,2024-07-01,0.1,-2.2,18
20207949,2024-07-01,0.1,-2.1,142
20207949,2024-07-01,0.1,-2.0,57
20207949,2024-07-01,0.1,-1.9,76
20207949,2024-07-01,0.1,-1.8,146
20207949,2024-07-01,0.1,-1.7,257
20207949,2024-07-01,0.1,-1.6,1443
20207949,2024-07-01,0.1,-1.5,454
20207949,2024-07-01,0.1,-1.4,454
20207949,2024-07-01,0.1,-1.3,939
20207949,2024-07-01,0.1,-1.2,855
20207949,2024-07-01,0.1,-1.1,1610
20207949,2024-07-01,0.1,-1.0,2030
20207949,2024-07-01,0.1,-0.9,2902
20207949,2024-07-01,0.1,-0.8,6020
20207949,2024-07-01,0.1,-0.7,4012
20207949,2024-07-01,0.1,-0.6,3133
20207949,2024-07-01,0.1,-0.5,4083
20207949,2024-07-01,0.1,-0.4,7297
20207949,2024-07-01,0.1,-0.3,6190
20207949,2024-07-01,0.1,-0.2,6233
20207949,2024-07-01,0.1,-0.1,11984
20207949,2024-07-01,0.1,0.0,12235
20207949,2024-07-01,0.1,0.1,3857
20207949,2024-07-01,0.1,0.2,5479
20207949,2024-07-01,0.1,0.3,12352
20207949,2024-07-01,0.1,0.4,1314
20207949,2024-07-01,0.1,0.5,292
20207949,2024-07-01,0.1,0.6,536
20207949,2024-07-01,0.1,0.7,128
20207949,2024-07-01,0.1,0.8,46
20207949,2024-07-01,0.1,0.9,88
20207949,2024-07-01,0.1,1.0,29
20207949,2024-07-01,0.1,1.1,5
20207949,2024-07-01,0.1,1.2,3
20207949,2024-07-01,0.1,1.3,3
20207949,2024-07-01,0.12,-3.0,3
20207949,2024-07-01,0.12,-2.9,1
20207949,2024-07-01,0.12,-2.8,7
20207949,2024-07-01,0.12,-2.7,19
20207949,2024-07-01,0.12,-2.6,14
20207949,2024-07-01,0.12,-2.5,19
20207949,2024-07-01,0.12,-2.4,18
20207949,2024-07-01,0.12,-2.3,25
20207949,2024-07-01,0.12,-2.2,54
20207949,2024-07-01,0.12,-2.1,76
20207949,2024-07-01,0.12,-2.0,150
20207949,2024-07-01,0.12,-1.9,164
20207949,2024-07-01,0.12,-1.8,262
20207949,2024-07-01,0.12,-1.7,670
20207949,2024-07-01,0.12,-1.6,1068
20207949,2024-07-01,0.12,-1.5,1713
20207949,2024-07-01,0.12,-1.4,2596
20207949,2024-07-01,0.12,-1.3,1980
20207949,2024-07-01,0.12,-1.2,1827
20207949,2024-07-01,0.12,-1.1,3734
20207949,2024-07-01,0.12,-1.0,3579
20207949,2024-07-01,0.12,-0.9,4541
20207949,2024-07-01,0.12,-0.8,8331
20207949,2024-07-01,0.12,-0.7,5468
20207949,2024-07-01,0.12,-0.6,5587
20207949,2024-07-01,0.12,-0.5,5159
20207949,2024-07-01,0.12,-0.4,7836
20207949,2024-07-01,0.12,-0.3,6875
20207949,2024-07-01,0.12,-0.2,9406
20207949,2024-07-01,0.12,-0.1,13174
20207949,2024-07-01,0.12,0.0,9606
20207949,2024-07-01,0.12,0.1,4867
20207949,2024-07-01,0.12,0.2,5841
20207949,2024-07-01,0.12,0.3,38667
20207949,2024-07-01,0.12,0.4,6171
20207949,2024-07-01,0.12,0.5,631
20207949,2024-07-01,0.12,0.6,583
20207949,2024-07-01,0.12,0.7,207
20207949,2024-07-01,0.12,0.8,94
20207949,2024-07-01,0.12,0.9,141
20207949,2024-07-01,0.12,1.0,47
20207949,2024-07-01,0.12,1.1,13
20207949,2024-07-01,0.12,1.2,2
20207949,2024-07-01,0.12,1.3,26
20207949,2024-07-01,0.12,1.4,2
20207949,2024-07-01,0.12,1.5,1
20207949,2024-07-01,0.14,-3.0,2
20207949,2024-07-01,0.14,-2.9,4
20207949,2024-07-01,0.14,-2.8,8
20207949,2024-07-01,0.14,-2.7,11
20207949,2024-07-01,0.14,-2.6,12
20207949,2024-07-01,0.14,-2.5,29
20207949,2024-07-01,0.14,-2.4,39
20207949,2024-07-01,0.14,-2.3,57
20207949,2024-07-01,0.14,-2.2,150
20207949,2024-07-01,0.14,-2.1,70
20207949,2024-07-01,0.14,-2.0,113
20207949,2024-07-01,0.14,-1.9,216
20207949,2024-07-01,0.14,-1.8,443
20207949,2024-07-01,0.14,-1.7,620
20207949,2024-07-01,0.14,-1.6,1072
20207949,2024-07-01,0.14,-1.5,2631
20207949,2024-07-01,0.14,-1.4,8683
20207949,2024-07-01,0.14,-1.3,6098
20207949,2024-07-01,0.14,-1.2,7531
20207949,2024-07-01,0.14,-1.1,8304
20207949,2024-07-01,0.14,-1.0,11306
20207949,2024-07-01,0.14,-0.9,9465
20207949,2024-07-01,0.14,-0.8,11700
20207949,2024-07-01,0.14,-0.7,9445
20207949,2024-07-01,0.14,-0.6,9686
20207949,2024-07-01,0.14,-0.5,12816
20207949,2024-07-01,0.14,-0.4,13093
20207949,2024-07-01,0.14,-0.3,10279
20207949,2024-07-01,0.14,-0.2,10008
20207949,2024-07-01,0.14,-0.1,14224
20207949,2024-07-01,0.14,0.0,9605
20207949,2024-07-01,0.14,0.1,7746
20207949,2024-07-01,0.14,0.2,10317
20207949,2024-07-01,0.14,0.3,18837
20207949,2024-07-01,0.14,0.4,5615
20207949,2024-07-01,0.14,0.5,525
20207949,2024-07-01,0.14,0.6,378
20207949,2024-07-01,0.14,0.7,542
20207949,2024-07-01,0.14,0.8,155
20207949,2024-07-01,0.14,0.9,161
20207949,2024-07-01,0.14,1.0,68
20207949,2024-07-01,0.14,1.1,18
20207949,2024-07-01,0.14,1.2,7
20207949,2024-07-01,0.14,1.3,3
20207949,2024-07-01,0.14,1.4,10
20207949,2024-07-01,0.14,1.5,1
20207949,2024-07-01,0.14,1.7,2
20207949,2024-07-01,0.16,-3.0,8
20207949,2024-07-01,0.16,-2.9,10
20207949,2024-07-01,0.16,-2.8,10
20207949,2024-07-01,0.16,-2.7,62
20207949,2024-07-01,0.16,-2.6,6
20207949,2024-07-01,0.16,-2.5,18
20207949,2024-07-01,0.16,-2.4,22
20207949,2024-07-01,0.16,-2.3,68
20207949,2024-07-01,0.16,-2.2,101
20207949,2024-07-01,0.16,-2.1,109
20207949,2024-07-01,0.16,-2.0,157
20207949,2024-07-01,0.16,-1.9,215
20207949,2024-07-01,0.16,-1.8,414
20207949,2024-07-01,0.16,-1.7,807
20207949,2024-07-01,0.16,-1.6,1066
20207949,2024-07-01,0.16,-1.5,2005
20207949,2024-07-01,0.16,-1.4,3306
20207949,2024-07-01,0.16,-1.3,5373
20207949,2024-07-01,0.16,-1.2,9396
20207949,2024-07-01,0.16,-1.1,12058
20207949,2024-07-01,0.16,-1.0,15564
20207949,2024-07-01,0.16,-0.9,19995
20207949,2024-07-01,0.16,-0.8,33610
20207949,2024-07-01,0.16,-0.7,20480
20207949,2024-07-01,0.16,-0.6,21062
20207949,2024-07-01,0.16,-0.5,21237
20207949,2024-07-01,0.16,-0.4,20829
20207949,2024-07-01,0.16,-0.3,19203
20207949,2024-07-01,0.16,-0.2,17320
20207949,2024-07-01,0.16,-0.1,17985
20207949,2024-07-01,0.16,0.0,26172
20207949,2024-07-01,0.16,0.1,27111
20207949,2024-07-01,0.16,0.2,23934
20207949,2024-07-01,0.16,0.3,11800
20207949,2024-07-01,0.16,0.4,1584
20207949,2024-07-01,0.16,0.5,743
20207949,2024-07-01,0.16,0.6,517
20207949,2024-07-01,0.16,0.7,686
20207949,2024-07-01,0.16,0.8,272
20207949,2024-07-01,0.16,0.9,312
20207949,2024-07-01,0.16,1.0,205
20207949,2024-07-01,0.16,1.1,48
20207949,2024-07-01,0.16,1.2,32
20207949,2024-07-01,0.16,1.3,37
20207949,2024-07-01,0.16,1.4,13
20207949,2024-07-01,0.16,1.6,1
20207949,2024-07-01,0.16,1.8,2
20207949,2024-07-01,0.18,-3.0,15
20207949,2024-07-01,0.18,-2.9,1
20207949,2024-07-01,0.18,-2.8,7
20207949,2024-07-01,0.18,-2.7,27
20207949,2024-07-01,0.18,-2.6,24
20207949,2024-07-01,0.18,-2.5,26
20207949,2024-07-01,0.18,-2.4,28
20207949,2024-07-01,0.18,-2.3,62
20207949,2024-07-01,0.18,-2.2,81
20207949,2024-07-01,0.18,-2.1,93
20207949,2024-07-01,0.18,-2.0,185
20207949,2024-07-01,0.18,-1.9,314
20207949,2024-07-01,0.18,-1.8,391
20207949,2024-07-01,0.18,-1.7,714
20207949,2024-07-01,0.18,-1.6,1216
20207949,2024-07-01,0.18,-1.5,1665
20207949,2024-07-01,0.18,-1.4,2791
20207949,2024-07-01,0.18,-1.3,4681
20207949,2024-07-01,0.18,-1.2,8884
20207949,2024-07-01,0.18,-1.1,16252
20207949,2024-07-01,0.18,-1.0,24360
20207949,2024-07-01,0.18,-0.9,36124
20207949,2024-07-01,0.18,-0.8,65926
20207949,2024-07-01,0.18,-0.7,53156
20207949,2024-07-01,0.18,-0.6,32612
20207949,2024-07-01,0.18,-0.5,30896
20207949,2024-07-01,0.18,-0.4,26574
20207949,2024-07-01,0.18,-0.3,20476
20207949,2024-07-01,0.18,-0.2,22095
20207949,2024-07-01,0.18,-0.1,39320
20207949,2024-07-01,0.18,0.0,27378
20207949,2024-07-01,0.18,0.1,20042
20207949,2024-07-01,0.18,0.2,18493
20207949,2024-07-01,0.18,0.3,10742
20207949,2024-07-01,0.18,0.4,1974
20207949,2024-07-01,0.18,0.5,1224
20207949,2024-07-01,0.18,0.6,734
20207949,2024-07-01,0.18,0.7,770
20207949,2024-07-01,0.18,0.8,570
20207949,2024-07-01,0.18,0.9,802
20207949,2024-07-01,0.18,1.0,132
20207949,2024-07-01,0.18,1.1,125
20207949,2024-07-01,0.18,1.2,64
20207949,2024-07-01,0.18,1.3,11
20207949,2024-07-01,0.18,1.4,4
20207949,2024-07-01,0.18,1.6,2
20207949,2024-07-01,0.18,1.7,2
20207949,2024-07-01,0.18,1.8,1
20207949,2024-07-01,0.18,2.5,1
20207949,2024-07-01,0.2,-3.0,4
20207949,2024-07-01,0.2,-2.9,13
20207949,2024-07-01,0.2,-2.8,5
20207949,2024-07-01,0.2,-2.7,7
20207949,2024-07-01,0.2,-2.6,10
20207949,2024-07-01,0.2,-2.5,18
20207949,2024-07-01,0.2,-2.4,46
20207949,2024-07-01,0.2,-2.3,52
20207949,2024-07-01,0.2,-2.2,75
20207949,2024-07-01,0.2,-2.1,107
20207949,2024-07-01,0.2,-2.0,151
20207949,2024-07-01,0.2,-1.9,284
20207949,2024-07-01,0.2,-1.8,440
20207949,2024-07-01,0.2,-1.7,794
20207949,2024-07-01,0.2,-1.6,1742
20207949,2024-07-01,0.2,-1.5,2488
20207949,2024-07-01,0.2,-1.4,3350
20207949,2024-07-01,0.2,-1.3,4679
20207949,2024-07-01,0.2,-1.2,7486
20207949,2024-07-01,0.2,-1.1,18892
20207949,2024-07-01,0.2,-1.0,20066
20207949,2024-07-01,0.2,-0.9,22596
20207949,2024-07-01,0.2,-0.8,38630
20207949,2024-07-01,0.2,-0.7,45351
20207949,2024-07-01,0.2,-0.6,32946
20207949,2024-07-01,0.2,-0.5,29342
20207949,2024-07-01,0.2,-0.4,33119
20207949,2024-07-01,0.2,-0.3,69503
20207949,2024-07-01,0.2,-0.2,17715
20207949,2024-07-01,0.2,-0.1,21469
20207949,2024-07-01,0.2,0.0,14626
20207949,2024-07-01,0.2,0.1,15571
20207949,2024-07-01,0.2,0.2,15470
20207949,2024-07-01,0.2,0.3,7666
20207949,2024-07-01,0.2,0.4,3399
20207949,2024-07-01,0.2,0.5,1776
20207949,2024-07-01,0.2,0.6,1356
20207949,2024-07-01,0.2,0.7,1191
20207949,2024-07-01,0.2,0.8,513
20207949,2024-07-01,0.2,0.9,230
20207949,2024-07-01,0.2,1.0,253
20207949,2024-07-01,0.2,1.1,155
20207949,2024-07-01,0.2,1.2,45
20207949,2024-07-01,0.2,1.3,12
20207949,2024-07-01,0.2,1.4,7
20207949,2024-07-01,0.2,1.5,2
20207949,2024-07-01,0.2,1.6,4
20207949,2024-07-01,0.2,1.7,1
20207949,2024-07-01,0.2,1.8,2
20207949,2024-07-01,0.2,1.9,1
20207949,2024-07-01,0.22,-3.0,9
20207949,2024-07-01,0.22,-2.9,2
20207949,2024-07-01,0.22,-2.8,3
20207949,2024-07-01,0.22,-2.7,7
20207949,2024-07-01,0.22,-2.6,21
20207949,2024-07-01,0.22,-2.5,28
20207949,2024-07-01,0.22,-2.4,52
20207949,2024-07-01,0.22,-2.3,117
20207949,2024-07-01,0.22,-2.2,76
20207949,2024-07-01,0.22,-2.1,136
20207949,2024-07-01,0.22,-2.0,168
20207949,2024-07-01,0.22,-1.9,341
20207949,2024-07-01,0.22,-1.8,444
20207949,2024-07-01,0.22,-1.7,836
20207949,2024-07-01,0.22,-1.6,1433
20207949,2024-07-01,0.22,-1.5,2796
20207949,2024-07-01,0.22,-1.4,3750
20207949,2024-07-01,0.22,-1.3,5110
20207949,2024-07-01,0.22,-1.2,7049
20207949,2024-07-01,0.22,-1.1,10372
20207949,2024-07-01,0.22,-1.0,15411
20207949,2024-07-01,0.22,-0.9,14912
20207949,2024-07-01,0.22,-0.8,21528
20207949,2024-07-01,0.22,-0.7,28816
20207949,2024-07-01,0.22,-0.6,28812
20207949,2024-07-01,0.22,-0.5,27859
20207949,2024-07-01,0.22,-0.4,28680
20207949,2024-07-01,0.22,-0.3,22958
20207949,2024-07-01,0.22,-0.2,28143
20207949,2024-07-01,0.22,-0.1,18431
20207949,2024-07-01,0.22,0.0,13731
20207949,2024-07-01,0.22,0.1,10307
20207949,2024-07-01,0.22,0.2,8313
20207949,2024-07-01,0.22,0.3,7813
20207949,2024-07-01,0.22,0.4,4342
20207949,2024-07-01,0.22,0.5,2101
20207949,2024-07-01,0.22,0.6,2524
20207949,2024-07-01,0.22,0.7,1526
20207949,2024-07-01,0.22,0.8,499
20207949,2024-07-01,0.22,0.9,293
20207949,2024-07-01,0.22,1.0,113
20207949,2024-07-01,0.22,1.1,63
20207949,2024-07-01,0.22,1.2,48
20207949,2024-07-01,0.22,1.3,23
20207949,2024-07-01,0.22,1.4,7
20207949,2024-07-01,0.22,1.5,9
20207949,2024-07-01,0.22,1.6,8
20207949,2024-07-01,0.22,1.7,1
20207949,2024-07-01,0.22,1.8,5
20207949,2024-07-01,0.22,1.9,1
20207949,2024-07-01,0.24,-3.0,8
20207949,2024-07-01,0.24,-2.9,1
20207949,2024-07-01,0.24,-2.8,2
20207949,2024-07-01,0.24,-2.7,7
20207949,2024-07-01,0.24,-2.6,8
20207949,2024-07-01,0.24,-2.5,35
20207949,2024-07-01,0.24,-2.4,25
20207949,2024-07-01,0.24,-2.3,103
20207949,2024-07-01,0.24,-2.2,95
20207949,2024-07-01,0.24,-2.1,159
20207949,2024-07-01,0.24,-2.0,265
20207949,2024-07-01,0.24,-1.9,287
20207949,2024-07-01,0.24,-1.8,917
20207949,2024-07-01,0.24,-1.7,1254
20207949,2024-07-01,0.24,-1.6,1710
20207949,2024-07-01,0.24,-1.5,1934
20207949,2024-07-01,0.24,-1.4,7646
20207949,2024-07-01,0.24,-1.3,6085
20207949,2024-07-01,0.24,-1.2,7487
20207949,2024-07-01,0.24,-1.1,9509
20207949,2024-07-01,0.24,-1.0,10241
20207949,2024-07-01,0.24,-0.9,12173
20207949,2024-07-01,0.24,-0.8,16033
20207949,2024-07-01,0.24,-0.7,17884
20207949,2024-07-01,0.24,-0.6,23137
20207949,2024-07-01,0.24,-0.5,19809
20207949,2024-07-01,0.24,-0.4,20630
20207949,2024-07-01,0.24,-0.3,19523
20207949,2024-07-01,0.24,-0.2,20018
20207949,2024-07-01,0.24,-0.1,26017
20207949,2024-07-01,0.24,0.0,12683
20207949,2024-07-01,0.24,0.1,10302
20207949,2024-07-01,0.24,0.2,7872
20207949,2024-07-01,0.24,0.3,8053
20207949,2024-07-01,0.24,0.4,3961
20207949,2024-07-01,0.24,0.5,2738
20207949,2024-07-01,0.24,0.6,3344
20207949,2024-07-01,0.24,0.7,1924
20207949,2024-07-01,0.24,0.8,882
20207949,2024-07-01,0.24,0.9,274
20207949,2024-07-01,0.24,1.0,100
20207949,2024-07-01,0.24,1.1,57
20207949,2024-07-01,0.24,1.2,50
20207949,2024-07-01,0.24,1.3,23
20207949,2024-07-01,0.24,1.4,11
20207949,2024-07-01,0.24,1.5,7
20207949,2024-07-01,0.24,1.6,3
20207949,2024-07-01,0.24,1.7,5
20207949,2024-07-01,0.24,1.9,1
20207949,2024-07-01,0.24,2.0,2
20207949,2024-07-01,0.26,-3.0,9
20207949,2024-07-01,0.26,-2.9,2
20207949,2024-07-01,0.26,-2.8,2
20207949,2024-07-01,0.26,-2.7,3
20207949,2024-07-01,0.26,-2.6,4
20207949,2024-07-01,0.26,-2.5,9
20207949,2024-07-01,0.26,-2.4,16
20207949,2024-07-01,0.26,-2.3,37
20207949,2024-07-01,0.26,-2.2,63
20207949,2024-07-01,0.26,-2.1,144
20207949,2024-07-01,0.26,-2.0,195
20207949,2024-07-01,0.26,-1.9,341
20207949,2024-07-01,0.26,-1.8,936
20207949,2024-07-01,0.26,-1.7,1281
20207949,2024-07-01,0.26,-1.6,1149
20207949,2024-07-01,0.26,-1.5,1886
20207949,2024-07-01,0.26,-1.4,2893
20207949,2024-07-01,0.26,-1.3,6623
20207949,2024-07-01,0.26,-1.2,3548
20207949,2024-07-01,0.26,-1.1,5503
20207949,2024-07-01,0.26,-1.0,9223
20207949,2024-07-01,0.26,-0.9,8298
20207949,2024-07-01,0.26,-0.8,10795
20207949,2024-07-01,0.26,-0.7,15934
20207949,2024-07-01,0.26,-0.6,13962
20207949,2024-07-01,0.26,-0.5,17510
20207949,2024-07-01,0.26,-0.4,12697
20207949,2024-07-01,0.26,-0.3,11763
20207949,2024-07-01,0.26,-0.2,12771
20207949,2024-07-01,0.26,-0.1,15243
20207949,2024-07-01,0.26,0.0,10162
20207949,2024-07-01,0.26,0.1,8742
20207949,2024-07-01,0.26,0.2,8313
20207949,2024-07-01,0.26,0.3,8089
20207949,2024-07-01,0.26,0.4,3739
20207949,2024-07-01,0.26,0.5,4204
20207949,2024-07-01,0.26,0.6,3174
20207949,2024-07-01,0.26,0.7,2863
20207949,2024-07-01,0.26,0.8,1343
20207949,2024-07-01,0.26,0.9,404
20207949,2024-07-01,0.26,1.0,104
20207949,2024-07-01,0.26,1.1,73
20207949,2024-07-01,0.26,1.2,124
20207949,2024-07-01,0.26,1.3,34
20207949,2024-07-01,0.26,1.4,27
20207949,2024-07-01,0.26,1.5,24
20207949,2024-07-01,0.26,1.6,5
20207949,2024-07-01,0.26,1.7,2
20207949,2024-07-01,0.26,1.8,21
20207949,2024-07-01,0.26,1.9,13
20207949,2024-07-01,0.26,2.0,1
20207949,2024-07-01,0.28,-3.0,8
20207949,2024-07-01,0.28,-2.9,3
20207949,2024-07-01,0.28,-2.8,6
20207949,2024-07-01,0.28,-2.7,5
20207949,2024-07-01,0.28,-2.6,4
20207949,2024-07-01,0.28,-2.5,7
20207949,2024-07-01,0.28,-2.4,24
20207949,2024-07-01,0.28,-2.3,26
20207949,2024-07-01,0.28,-2.2,52
20207949,2024-07-01,0.28,-2.1,97
20207949,2024-07-01,0.28,-2.0,218
20207949,2024-07-01,0.28,-1.9,288
20207949,2024-07-01,0.28,-1.8,803
20207949,2024-07-01,0.28,-1.7,1457
20207949,2024-07-01,0.28,-1.6,1024
20207949,2024-07-01,0.28,-1.5,1527
20207949,2024-07-01,0.28,-1.4,1943
20207949,2024-07-01,0.28,-1.3,6431
20207949,2024-07-01,0.28,-1.2,3634
20207949,2024-07-01,0.28,-1.1,3066
20207949,2024-07-01,0.28,-1.0,4357
20207949,2024-07-01,0.28,-0.9,5465
20207949,2024-07-01,0.28,-0.8,7235
20207949,2024-07-01,0.28,-0.7,12111
20207949,2024-07-01,0.28,-0.6,13452
20207949,2024-07-01,0.28,-0.5,15590
20207949,2024-07-01,0.28,-0.4,9764
20207949,2024-07-01,0.28,-0.3,10164
20207949,2024-07-01,0.28,-0.2,13697
20207949,2024-07-01,0.28,-0.1,9991
20207949,2024-07-01,0.28,0.0,7427
20207949,2024-07-01,0.28,0.1,7651
20207949,2024-07-01,0.28,0.2,15404
20207949,2024-07-01,0.28,0.3,17547
20207949,2024-07-01,0.28,0.4,2590
20207949,2024-07-01,0.28,0.5,4155
20207949,2024-07-01,0.28,0.6,3413
20207949,2024-07-01,0.28,0.7,4816
20207949,2024-07-01,0.28,0.8,3540
20207949,2024-07-01,0.28,0.9,228
20207949,2024-07-01,0.28,1.0,112
20207949,2024-07-01,0.28,1.1,81
20207949,2024-07-01,0.28,1.2,141
20207949,2024-07-01,0.28,1.3,102
20207949,2024-07-01,0.28,1.4,31
20207949,2024-07-01,0.28,1.5,4
20207949,2024-07-01,0.28,1.6,2
20207949,2024-07-01,0.28,1.7,14
20207949,2024-07-01,0.28,1.8,1
20207949,2024-07-01,0.28,1.9,2
20207949,2024-07-01,0.28,2.1,1
20207949,2024-07-01,0.3,-3.0,10
20207949,2024-07-01,0.3,-2.9,1
20207949,2024-07-01,0.3,-2.8,1
20207949,2024-07-01,0.3,-2.7,2
20207949,2024-07-01,0.3,-2.6,5
20207949,2024-07-01,0.3,-2.5,12
20207949,2024-07-01,0.3,-2.4,28
20207949,2024-07-01,0.3,-2.3,113
20207949,2024-07-01,0.3,-2.2,43
20207949,2024-07-01,0.3,-2.1,107
20207949,2024-07-01,0.3,-2.0,91
20207949,2024-07-01,0.3,-1.9,229
20207949,2024-07-01,0.3,-1.8,409
20207949,2024-07-01,0.3,-1.7,930
20207949,2024-07-01,0.3,-1.6,1154
20207949,2024-07-01,0.3,-1.5,1706
20207949,2024-07-01,0.3,-1.4,2369
20207949,2024-07-01,0.3,-1.3,3285
20207949,2024-07-01,0.3,-1.2,2243
20207949,2024-07-01,0.3,-1.1,2387
20207949,2024-07-01,0.3,-1.0,3069
20207949,2024-07-01,0.3,-0.9,3899
20207949,2024-07-01,0.3,-0.8,4740
20207949,2024-07-01,0.3,-0.7,8356
20207949,2024-07-01,0.3,-0.6,11661
20207949,2024-07-01,0.3,-0.5,12017
20207949,2024-07-01,0.3,-0.4,9858
20207949,2024-07-01,0.3,-0.3,7276
20207949,2024-07-01,0.3,-0.2,8130
20207949,2024-07-01,0.3,-0.1,33345
20207949,2024-07-01,0.3,0.0,10013
20207949,2024-07-01,0.3,0.1,6625
20207949,2024-07-01,0.3,0.2,37682
20207949,2024-07-01,0.3,0.3,16009
20207949,2024-07-01,0.3,0.4,2035
20207949,2024-07-01,0.3,0.5,2775
20207949,2024-07-01,0.3,0.6,7573
20207949,2024-07-01,0.3,0.7,12312
20207949,2024-07-01,0.3,0.8,3138
20207949,2024-07-01,0.3,0.9,180
20207949,2024-07-01,0.3,1.0,92
20207949,2024-07-01,0.3,1.1,92
20207949,2024-07-01,0.3,1.2,256
20207949,2024-07-01,0.3,1.3,125
20207949,2024-07-01,0.3,1.4,15
20207949,2024-07-01,0.3,1.5,10
20207949,2024-07-01,0.3,1.6,7
20207949,2024-07-01,0.3,1.7,4
20207949,2024-07-01,0.3,1.8,6
20207949,2024-07-01,0.3,1.9,3
20207949,2024-07-01,0.3,2.0,1
20207949,2024-07-01,0.3,2.1,1
20207949,2024-07-01,0.32,-3.0,23
20207949,2024-07-01,0.32,-2.9,5
20207949,2024-07-01,0.32,-2.8,3
20207949,2024-07-01,0.32,-2.7,1
20207949,2024-07-01,0.32,-2.5,9
20207949,2024-07-01,0.32,-2.4,9
20207949,2024-07-01,0.32,-2.3,9
20207949,2024-07-01,0.32,-2.2,29
20207949,2024-07-01,0.32,-2.1,40
20207949,2024-07-01,0.32,-2.0,59
20207949,2024-07-01,0.32,-1.9,132
20207949,2024-07-01,0.32,-1.8,278
20207949,2024-07-01,0.32,-1.7,525
20207949,2024-07-01,0.32,-1.6,843
20207949,2024-07-01,0.32,-1.5,1188
20207949,2024-07-01,0.32,-1.4,1233
20207949,2024-07-01,0.32,-1.3,2507
20207949,2024-07-01,0.32,-1.2,2156
20207949,2024-07-01,0.32,-1.1,1753
20207949,2024-07-01,0.32,-1.0,2299
20207949,2024-07-01,0.32,-0.9,4802
20207949,2024-07-01,0.32,-0.8,4308
20207949,2024-07-01,0.32,-0.7,6793
20207949,2024-07-01,0.32,-0.6,7737
20207949,2024-07-01,0.32,-0.5,8754
20207949,2024-07-01,0.32,-0.4,8814
20207949,2024-07-01,0.32,-0.3,6728
20207949,2024-07-01,0.32,-0.2,6546
20207949,2024-07-01,0.32,-0.1,7694
20207949,2024-07-01,0.32,0.0,7329
20207949,2024-07-01,0.32,0.1,3696
20207949,2024-07-01,0.32,0.2,201636
20207949,2024-07-01,0.32,0.3,10595
20207949,2024-07-01,0.32,0.4,1370
20207949,2024-07-01,0.32,0.5,1923
20207949,2024-07-01,0.32,0.6,7111
20207949,2024-07-01,0.32,0.7,2928
20207949,2024-07-01,0.32,0.8,795
20207949,2024-07-01,0.32,0.9,236
20207949,2024-07-01,0.32,1.0,110
20207949,2024-07-01,0.32,1.1,106
20207949,2024-07-01,0.32,1.2,232
20207949,2024-07-01,0.32,1.3,82
20207949,2024-07-01,0.32,1.4,28
20207949,2024-07-01,0.32,1.5,25
20207949,2024-07-01,0.32,1.6,5
20207949,2024-07-01,0.32,1.7,5
20207949,2024-07-01,0.32,1.8,3
20207949,2024-07-01,0.32,1.9,1
20207949,2024-07-01,0.32,2.0,2
20207949,2024-07-01,0.32,2.2,3
20207949,2024-07-01,0.34,-3.0,13
20207949,2024-07-01,0.34,-2.8,1
20207949,2024-07-01,0.34,-2.7,2
20207949,2024-07-01,0.34,-2.6,2
20207949,2024-07-01,0.34,-2.5,4
20207949,2024-07-01,0.34,-2.4,11
20207949,2024-07-01,0.34,-2.3,11
20207949,2024-07-01,0.34,-2.2,20
20207949,2024-07-01,0.34,-2.1,42
20207949,2024-07-01,0.34,-2.0,57
20207949,2024-07-01,0.34,-1.9,130
20207949,2024-07-01,0.34,-1.8,217
20207949,2024-07-01,0.34,-1.7,490
20207949,2024-07-01,0.34,-1.6,588
20207949,2024-07-01,0.34,-1.5,732
20207949,2024-07-01,0.34,-1.4,1129
20207949,2024-07-01,0.34,-1.3,1109
20207949,2024-07-01,0.34,-1.2,1191
20207949,2024-07-01,0.34,-1.1,1427
20207949,2024-07-01,0.34,-1.0,2170
20207949,2024-07-01,0.34,-0.9,2859
20207949,2024-07-01,0.34,-0.8,4153
20207949,2024-07-01,0.34,-0.7,3656
20207949,2024-07-01,0.34,-0.6,5644
20207949,2024-07-01,0.34,-0.5,8104
20207949,2024-07-01,0.34,-0.4,7838
20207949,2024-07-01,0.34,-0.3,6768
20207949,2024-07-01,0.34,-0.2,4688
20207949,2024-07-01,0.34,-0.1,5368
20207949,2024-07-01,0.34,0.0,8892
20207949,2024-07-01,0.34,0.1,5451
20207949,2024-07-01,0.34,0.2,4240
20207949,2024-07-01,0.34,0.3,1413
20207949,2024-07-01,0.34,0.4,1283
20207949,2024-07-01,0.34,0.5,2403
20207949,2024-07-01,0.34,0.6,5300
20207949,2024-07-01,0.34,0.7,1034
20207949,2024-07-01,0.34,0.8,280
20207949,2024-07-01,0.34,0.9,281
20207949,2024-07-01,0.34,1.0,174
20207949,2024-07-01,0.34,1.1,127
20207949,2024-07-01,0.34,1.2,51
20207949,2024-07-01,0.34,1.3,80
20207949,2024-07-01,0.34,1.4,35
20207949,2024-07-01,0.34,1.5,16
20207949,2024-07-01,0.34,1.6,9
20207949,2024-07-01,0.34,1.7,6
20207949,2024-07-01,0.34,1.8,1
20207949,2024-07-01,0.34,1.9,3
20207949,2024-07-01,0.34,2.0,2
20207949,2024-07-01,0.34,2.1,1
20207949,2024-07-01,0.34,2.2,5
20207949,2024-07-01,0.36,-3.0,48
20207949,2024-07-01,0.36,-2.8,1
20207949,2024-07-01,0.36,-2.5,3
20207949,2024-07-01,0.36,-2.4,4
20207949,2024-07-01,0.36,-2.3,5
20207949,2024-07-01,0.36,-2.2,17
20207949,2024-07-01,0.36,-2.1,20
20207949,2024-07-01,0.36,-2.0,40
20207949,2024-07-01,0.36,-1.9,124
20207949,2024-07-01,0.36,-1.8,208
20207949,2024-07-01,0.36,-1.7,732
20207949,2024-07-01,0.36,-1.6,565
20207949,2024-07-01,0.36,-1.5,445
20207949,2024-07-01,0.36,-1.4,789
20207949,2024-07-01,0.36,-1.3,873
20207949,2024-07-01,0.36,-1.2,748
20207949,2024-07-01,0.36,-1.1,1100
20207949,2024-07-01,0.36,-1.0,1305
20207949,2024-07-01,0.36,-0.9,1871
20207949,2024-07-01,0.36,-0.8,2534
20207949,2024-07-01,0.36,-0.7,2988
20207949,2024-07-01,0.36,-0.6,4222
20207949,2024-07-01,0.36,-0.5,6082
20207949,2024-07-01,0.36,-0.4,9636
20207949,2024-07-01,0.36,-0.3,5438
20207949,2024-07-01,0.36,-0.2,5297
20207949,2024-07-01,0.36,-0.1,4886
20207949,2024-07-01,0.36,0.0,3527
20207949,2024-07-01,0.36,0.1,2370
20207949,2024-07-01,0.36,0.2,4615
20207949,2024-07-01,0.36,0.3,1228
20207949,2024-07-01,0.36,0.4,1211
20207949,2024-07-01,0.36,0.5,2132
20207949,2024-07-01,0.36,0.6,2031
20207949,2024-07-01,0.36,0.7,831
20207949,2024-07-01,0.36,0.8,338
20207949,2024-07-01,0.36,0.9,253
20207949,2024-07-01,0.36,1.0,205
20207949,2024-07-01,0.36,1.1,152
20207949,2024-07-01,0.36,1.2,89
20207949,2024-07-01,0.36,1.3,80
20207949,2024-07-01,0.36,1.4,36
20207949,2024-07-01,0.36,1.5,34
20207949,2024-07-01,0.36,1.6,13
20207949,2024-07-01,0.36,1.7,4
20207949,2024-07-01,0.36,1.8,8
20207949,2024-07-01,0.36,1.9,4
20207949,2024-07-01,0.36,2.1,4
20207949,2024-07-01,0.36,2.2,3
20207949,2024-07-01,0.38,-3.0,64
20207949,2024-07-01,0.38,-2.9,2
20207949,2024-07-01,0.38,-2.6,2
20207949,2024-07-01,0.38,-2.5,4
20207949,2024-07-01,0.38,-2.4,7
20207949,2024-07-01,0.38,-2.3,11
20207949,2024-07-01,0.38,-2.2,10
20207949,2024-07-01,0.38,-2.1,36
20207949,2024-07-01,0.38,-2.0,63
20207949,2024-07-01,0.38,-1.9,49
20207949,2024-07-01,0.38,-1.8,117
20207949,2024-07-01,0.38,-1.7,316
20207949,2024-07-01,0.38,-1.6,798
20207949,2024-07-01,0.38,-1.5,295
20207949,2024-07-01,0.38,-1.4,369
20207949,2024-07-01,0.38,-1.3,837
20207949,2024-07-01,0.38,-1.2,875
20207949,2024-07-01,0.38,-1.1,1268
20207949,2024-07-01,0.38,-1.0,1371
20207949,2024-07-01,0.38,-0.9,2067
20207949,2024-07-01,0.38,-0.8,2018
20207949,2024-07-01,0.38,-0.7,2622
20207949,2024-07-01,0.38,-0.6,3198
20207949,2024-07-01,0.38,-0.5,5132
20207949,2024-07-01,0.38,-0.4,5211
20207949,2024-07-01,0.38,-0.3,4697
20207949,2024-07-01,0.38,-0.2,5271
20207949,2024-07-01,0.38,-0.1,5872
20207949,2024-07-01,0.38,0.0,3212
20207949,2024-07-01,0.38,0.1,2456
20207949,2024-07-01,0.38,0.2,2800
20207949,2024-07-01,0.38,0.3,5187
20207949,2024-07-01,0.38,0.4,1495
20207949,2024-07-01,0.38,0.5,13568
20207949,2024-07-01,0.38,0.6,1224
20207949,2024-07-01,0.38,0.7,1351
20207949,2024-07-01,0.38,0.8,329
20207949,2024-07-01,0.38,0.9,199
20207949,2024-07-01,0.38,1.0,153
20207949,2024-07-01,0.38,1.1,194
20207949,2024-07-01,0.38,1.2,99
20207949,2024-07-01,0.38,1.3,88
20207949,2024-07-01,0.38,1.4,240
20207949,2024-07-01,0.38,1.5,41
20207949,2024-07-01,0.38,1.6,6
20207949,2024-07-01,0.38,1.7,10
20207949,2024-07-01,0.38,1.8,2
20207949,2024-07-01,0.38,1.9,3
20207949,2024-07-01,0.38,2.0,2
20207949,2024-07-01,0.38,2.1,1
20207949,2024-07-01,0.38,2.2,2
20207949,2024-07-01,0.4,-3.0,85
20207949,2024-07-01,0.4,-2.9,2
20207949,2024-07-01,0.4,-2.8,3
20207949,2024-07-01,0.4,-2.7,2
20207949,2024-07-01,0.4,-2.6,3
20207949,2024-07-01,0.4,-2.5,3
20207949,2024-07-01,0.4,-2.4,8
20207949,2024-07-01,0.4,-2.3,8
20207949,2024-07-01,0.4,-2.2,23
20207949,2024-07-01,0.4,-2.1,35
20207949,2024-07-01,0.4,-2.0,83
20207949,2024-07-01,0.4,-1.9,75
20207949,2024-07-01,0.4,-1.8,72
20207949,2024-07-01,0.4,-1.7,283
20207949,2024-07-01,0.4,-1.6,1113
20207949,2024-07-01,0.4,-1.5,361
20207949,2024-07-01,0.4,-1.4,266
20207949,2024-07-01,0.4,-1.3,468
20207949,2024-07-01,0.4,-1.2,818
20207949,2024-07-01,0.4,-1.1,673
20207949,2024-07-01,0.4,-1.0,1257
20207949,2024-07-01,0.4,-0.9,1903
20207949,2024-07-01,0.4,-0.8,1755
20207949,2024-07-01,0.4,-0.7,1970
20207949,2024-07-01,0.4,-0.6,2720
20207949,2024-07-01,0.4,-0.5,4160
20207949,2024-07-01,0.4,-0.4,4967
20207949,2024-07-01,0.4,-0.3,3930
20207949,2024-07-01,0.4,-0.2,4969
20207949,2024-07-01,0.4,-0.1,4683
20207949,2024-07-01,0.4,0.0,3549
20207949,2024-07-01,0.4,0.1,2093
20207949,2024-07-01,0.4,0.2,1256
20207949,2024-07-01,0.4,0.3,2215
20207949,2024-07-01,0.4,0.4,1285
20207949,2024-07-01,0.4,0.5,1239
20207949,2024-07-01,0.4,0.6,608
20207949,2024-07-01,0.4,0.7,513
20207949,2024-07-01,0.4,0.8,453
20207949,2024-07-01,0.4,0.9,288
20207949,2024-07-01,0.4,1.0,203
20207949,2024-07-01,0.4,1.1,219
20207949,2024-07-01,0.4,1.2,126
20207949,2024-07-01,0.4,1.3,102
20207949,2024-07-01,0.4,1.4,45
20207949,2024-07-01,0.4,1.5,12
20207949,2024-07-01,0.4,1.6,15
20207949,2024-07-01,0.4,1.7,13
20207949,2024-07-01,0.4,1.8,8
20207949,2024-07-01,0.4,1.9,5
20207949,2024-07-01,0.4,2.0,2
20207949,2024-07-01,0.4,2.1,3
20207949,2024-07-01,0.4,2.2,1
20207949,2024-07-01,0.4,2.3,3
20207949,2024-07-01,0.42,-3.0,13
20207949,2024-07-01,0.42,-2.9,1
20207949,2024-07-01,0.42,-2.5,2
20207949,2024-07-01,0.42,-2.4,5
20207949,2024-07-01,0.42,-2.3,13
20207949,2024-07-01,0.42,-2.2,8
20207949,2024-07-01,0.42,-2.1,14
20207949,2024-07-01,0.42,-2.0,49
20207949,2024-07-01,0.42,-1.9,149
20207949,2024-07-01,0.42,-1.8,148
20207949,2024-07-01,0.42,-1.7,84
20207949,2024-07-01,0.42,-1.6,309
20207949,2024-07-01,0.42,-1.5,354
20207949,2024-07-01,0.42,-1.4,297
20207949,2024-07-01,0.42,-1.3,282
20207949,2024-07-01,0.42,-1.2,602
20207949,2024-07-01,0.42,-1.1,508
20207949,2024-07-01,0.42,-1.0,1109
20207949,2024-07-01,0.42,-0.9,1348
20207949,2024-07-01,0.42,-0.8,1430
20207949,2024-07-01,0.42,-0.7,1857
20207949,2024-07-01,0.42,-0.6,3017
20207949,2024-07-01,0.42,-0.5,3651
20207949,2024-07-01,0.42,-0.4,4789
20207949,2024-07-01,0.42,-0.3,3534
20207949,2024-07-01,0.42,-0.2,3829
20207949,2024-07-01,0.42,-0.1,5403
20207949,2024-07-01,0.42,0.0,2102
20207949,2024-07-01,0.42,0.1,1456
20207949,2024-07-01,0.42,0.2,3973
20207949,2024-07-01,0.42,0.3,979
20207949,2024-07-01,0.42,0.4,1271
20207949,2024-07-01,0.42,0.5,894
20207949,2024-07-01,0.42,0.6,606
20207949,2024-07-01,0.42,0.7,435
20207949,2024-07-01,0.42,0.8,212
20207949,2024-07-01,0.42,0.9,286
20207949,2024-07-01,0.42,1.0,163
20207949,2024-07-01,0.42,1.1,302
20207949,2024-07-01,0.42,1.2,176
20207949,2024-07-01,0.42,1.3,192
20207949,2024-07-01,0.42,1.4,89
20207949,2024-07-01,0.42,1.5,17
20207949,2024-07-01,0.42,1.6,8
20207949,2024-07-01,0.42,1.7,6
20207949,2024-07-01,0.42,1.8,2
20207949,2024-07-01,0.42,1.9,6
20207949,2024-07-01,0.42,2.0,8
20207949,2024-07-01,0.42,2.1,1
20207949,2024-07-01,0.42,2.2,17
20207949,2024-07-01,0.42,2.3,2
20207949,2024-07-01,0.44,-3.0,20
20207949,2024-07-01,0.44,-2.7,3
20207949,2024-07-01,0.44,-2.6,1
20207949,2024-07-01,0.44,-2.4,3
20207949,2024-07-01,0.44,-2.3,8
20207949,2024-07-01,0.44,-2.2,12
20207949,2024-07-01,0.44,-2.1,12
20207949,2024-07-01,0.44,-2.0,14
20207949,2024-07-01,0.44,-1.9,44
20207949,2024-07-01,0.44,-1.8,24
20207949,2024-07-01,0.44,-1.7,34
20207949,2024-07-01,0.44,-1.6,117
20207949,2024-07-01,0.44,-1.5,207
20207949,2024-07-01,0.44,-1.4,259
20207949,2024-07-01,0.44,-1.3,294
20207949,2024-07-01,0.44,-1.2,430
20207949,2024-07-01,0.44,-1.1,378
20207949,2024-07-01,0.44,-1.0,950
20207949,2024-07-01,0.44,-0.9,655
20207949,2024-07-01,0.44,-0.8,1056
20207949,2024-07-01,0.44,-0.7,1513
20207949,2024-07-01,0.44,-0.6,2101
20207949,2024-07-01,0.44,-0.5,2293
20207949,2024-07-01,0.44,-0.4,2833
20207949,2024-07-01,0.44,-0.3,4602
20207949,2024-07-01,0.44,-0.2,3187
20207949,2024-07-01,0.44,-0.1,3201
20207949,2024-07-01,0.44,0.0,2067
20207949,2024-07-01,0.44,0.1,2594
20207949,2024-07-01,0.44,0.2,885
20207949,2024-07-01,0.44,0.3,1127
20207949,2024-07-01,0.44,0.4,2063
20207949,2024-07-01,0.44,0.5,583
20207949,2024-07-01,0.44,0.6,478
20207949,2024-07-01,0.44,0.7,425
20207949,2024-07-01,0.44,0.8,221
20207949,2024-07-01,0.44,0.9,267
20207949,2024-07-01,0.44,1.0,150
20207949,2024-07-01,0.44,1.1,119
20207949,2024-07-01,0.44,1.2,558
20207949,2024-07-01,0.44,1.3,310
20207949,2024-07-01,0.44,1.4,61
20207949,2024-07-01,0.44,1.5,15
20207949,2024-07-01,0.44,1.6,14
20207949,2024-07-01,0.44,1.7,10
20207949,2024-07-01,0.44,1.8,7
20207949,2024-07-01,0.44,1.9,9
20207949,2024-07-01,0.44,2.0,6
20207949,2024-07-01,0.44,2.1,2
20207949,2024-07-01,0.46,-3.0,24
20207949,2024-07-01,0.46,-2.8,2
20207949,2024-07-01,0.46,-2.7,1
20207949,2024-07-01,0.46,-2.6,1
20207949,2024-07-01,0.46,-2.4,1
20207949,2024-07-01,0.46,-2.3,12
20207949,2024-07-01,0.46,-2.2,12
20207949,2024-07-01,0.46,-2.1,13
20207949,2024-07-01,0.46,-2.0,11
20207949,2024-07-01,0.46,-1.9,6
20207949,2024-07-01,0.46,-1.8,44
20207949,2024-07-01,0.46,-1.7,34
20207949,2024-07-01,0.46,-1.6,86
20207949,2024-07-01,0.46,-1.5,111
20207949,2024-07-01,0.46,-1.4,331
20207949,2024-07-01,0.46,-1.3,456
20207949,2024-07-01,0.46,-1.2,278
20207949,2024-07-01,0.46,-1.1,422
20207949,2024-07-01,0.46,-1.0,585
20207949,2024-07-01,0.46,-0.9,511
20207949,2024-07-01,0.46,-0.8,1268
20207949,2024-07-01,0.46,-0.7,2265
20207949,2024-07-01,0.46,-0.6,2686
20207949,2024-07-01,0.46,-0.5,2833
20207949,2024-07-01,0.46,-0.4,3052
20207949,2024-07-01,0.46,-0.3,4744
20207949,2024-07-01,0.46,-0.2,3642
20207949,2024-07-01,0.46,-0.1,3492
20207949,2024-07-01,0.46,0.0,2111
20207949,2024-07-01,0.46,0.1,3413
20207949,2024-07-01,0.46,0.2,758
20207949,2024-07-01,0.46,0.3,1077
20207949,2024-07-01,0.46,0.4,611
20207949,2024-07-01,0.46,0.5,443
20207949,2024-07-01,0.46,0.6,377
20207949,2024-07-01,0.46,0.7,464
20207949,2024-07-01,0.46,0.8,227
20207949,2024-07-01,0.46,0.9,285
20207949,2024-07-01,0.46,1.0,140
20207949,2024-07-01,0.46,1.1,117
20207949,2024-07-01,0.46,1.2,427
20207949,2024-07-01,0.46,1.3,1281
20207949,2024-07-01,0.46,1.4,34
20207949,2024-07-01,0.46,1.5,24
20207949,2024-07-01,0.46,1.6,21
20207949,2024-07-01,0.46,1.7,17
20207949,2024-07-01,0.46,1.8,9
20207949,2024-07-01,0.46,1.9,6
20207949,2024-07-01,0.46,2.0,4
20207949,2024-07-01,0.46,2.1,2
20207949,2024-07-01,0.46,2.3,1
20207949,2024-07-01,0.48,-3.0,17
20207949,2024-07-01,0.48,-2.8,2
20207949,2024-07-01,0.48,-2.7,1
20207949,2024-07-01,0.48,-2.5,1
20207949,2024-07-01,0.48,-2.4,2
20207949,2024-07-01,0.48,-2.3,6
20207949,2024-07-01,0.48,-2.2,12
20207949,2024-07-01,0.48,-2.1,9
20207949,2024-07-01,0.48,-2.0,5
20207949,2024-07-01,0.48,-1.9,8
20207949,2024-07-01,0.48,-1.8,6
20207949,2024-07-01,0.48,-1.7,21
20207949,2024-07-01,0.48,-1.6,95
20207949,2024-07-01,0.48,-1.5,71
20207949,2024-07-01,0.48,-1.4,109
20207949,2024-07-01,0.48,-1.3,749
20207949,2024-07-01,0.48,-1.2,149
20207949,2024-07-01,0.48,-1.1,216
20207949,2024-07-01,0.48,-1.0,477
20207949,2024-07-01,0.48,-0.9,455
20207949,2024-07-01,0.48,-0.8,653
20207949,2024-07-01,0.48,-0.7,962
20207949,2024-07-01,0.48,-0.6,2128
20207949,2024-07-01,0.48,-0.5,2950
20207949,2024-07-01,0.48,-0.4,3471
20207949,2024-07-01,0.48,-0.3,3447
20207949,2024-07-01,0.48,-0.2,2485
20207949,2024-07-01,0.48,-0.1,2883
20207949,2024-07-01,0.48,0.0,1757
20207949,2024-07-01,0.48,0.1,2172
20207949,2024-07-01,0.48,0.2,666
20207949,2024-07-01,0.48,0.3,607
20207949,2024-07-01,0.48,0.4,663
20207949,2024-07-01,0.48,0.5,363
20207949,2024-07-01,0.48,0.6,357
20207949,2024-07-01,0.48,0.7,486
20207949,2024-07-01,0.48,0.8,203
20207949,2024-07-01,0.48,0.9,269
20207949,2024-07-01,0.48,1.0,166
20207949,2024-07-01,0.48,1.1,150
20207949,2024-07-01,0.48,1.2,223
20207949,2024-07-01,0.48,1.3,43
20207949,2024-07-01,0.48,1.4,28
20207949,2024-07-01,0.48,1.5,17
20207949,2024-07-01,0.48,1.6,25
20207949,2024-07-01,0.48,1.7,25
20207949,2024-07-01,0.48,1.8,8
20207949,2024-07-01,0.48,1.9,12
20207949,2024-07-01,0.48,2.0,10
20207949,2024-07-01,0.48,2.1,3
20207949,2024-07-01,0.48,2.3,1
20207949,2024-07-01,0.5,-3.0,5
20207949,2024-07-01,0.5,-2.6,1
20207949,2024-07-01,0.5,-2.4,5
20207949,2024-07-01,0.5,-2.3,12
20207949,2024-07-01,0.5,-2.2,12
20207949,2024-07-01,0.5,-2.1,9
20207949,2024-07-01,0.5,-2.0,8
20207949,2024-07-01,0.5,-1.9,2
20207949,2024-07-01,0.5,-1.8,8
20207949,2024-07-01,0.5,-1.7,39
20207949,2024-07-01,0.5,-1.6,41
20207949,2024-07-01,0.5,-1.5,39
20207949,2024-07-01,0.5,-1.4,51
20207949,2024-07-01,0.5,-1.3,195
20207949,2024-07-01,0.5,-1.2,247
20207949,2024-07-01,0.5,-1.1,211
20207949,2024-07-01,0.5,-1.0,231
20207949,2024-07-01,0.5,-0.9,319
20207949,2024-07-01,0.5,-0.8,433
20207949,2024-07-01,0.5,-0.7,605
20207949,2024-07-01,0.5,-0.6,1764
20207949,2024-07-01,0.5,-0.5,1420
20207949,2024-07-01,0.5,-0.4,62793
20207949,2024-07-01,0.5,-0.3,2129
20207949,2024-07-01,0.5,-0.2,2419
20207949,2024-07-01,0.5,-0.1,2562
20207949,2024-07-01,0.5,0.0,2246
20207949,2024-07-01,0.5,0.1,1641
20207949,2024-07-01,0.5,0.2,973
20207949,2024-07-01,0.5,0.3,864
20207949,2024-07-01,0.5,0.4,884
20207949,2024-07-01,0.5,0.5,462
20207949,2024-07-01,0.5,0.6,629
20207949,2024-07-01,0.5,0.7,625
20207949,2024-07-01,0.5,0.8,211
20207949,2024-07-01,0.5,0.9,275
20207949,2024-07-01,0.5,1.0,162
20207949,2024-07-01,0.5,1.1,134
20207949,2024-07-01,0.5,1.2,146
20207949,2024-07-01,0.5,1.3,51
20207949,2024-07-01,0.5,1.4,18
20207949,2024-07-01,0.5,1.5,12
20207949,2024-07-01,0.5,1.6,91
20207949,2024-07-01,0.5,1.7,21
20207949,2024-07-01,0.5,1.8,10
20207949,2024-07-01,0.5,1.9,7
20207949,2024-07-01,0.5,2.0,10
20207949,2024-07-01,0.5,2.1,3
20207949,2024-07-01,0.52,-3.0,2
20207949,2024-07-01,0.52,-2.6,1
20207949,2024-07-01,0.52,-2.5,1
20207949,2024-07-01,0.52,-2.4,1
20207949,2024-07-01,0.52,-2.3,9
20207949,2024-07-01,0.52,-2.2,34
20207949,2024-07-01,0.52,-2.1,27
20207949,2024-07-01,0.52,-2.0,12
20207949,2024-07-01,0.52,-1.9,3
20207949,2024-07-01,0.52,-1.8,3
20207949,2024-07-01,0.52,-1.7,6
20207949,2024-07-01,0.52,-1.6,27
20207949,2024-07-01,0.52,-1.5,54
20207949,2024-07-01,0.52,-1.4,54
20207949,2024-07-01,0.52,-1.3,66
20207949,2024-07-01,0.52,-1.2,483
20207949,2024-07-01,0.52,-1.1,119
20207949,2024-07-01,0.52,-1.0,176
20207949,2024-07-01,0.52,-0.9,277
20207949,2024-07-01,0.52,-0.8,367
20207949,2024-07-01,0.52,-0.7,622
20207949,2024-07-01,0.52,-0.6,1054
20207949,2024-07-01,0.52,-0.5,987
20207949,2024-07-01,0.52,-0.4,3635
20207949,2024-07-01,0.52,-0.3,1939
20207949,2024-07-01,0.52,-0.2,1863
20207949,2024-07-01,0.52,-0.1,2478
20207949,2024-07-01,0.52,0.0,2979
20207949,2024-07-01,0.52,0.1,2135
20207949,2024-07-01,0.52,0.2,737
20207949,2024-07-01,0.52,0.3,525
20207949,2024-07-01,0.52,0.4,755
20207949,2024-07-01,0.52,0.5,592
20207949,2024-07-01,0.52,0.6,352
20207949,2024-07-01,0.52,0.7,235
20207949,2024-07-01,0.52,0.8,240
20207949,2024-07-01,0.52,0.9,304
20207949,2024-07-01,0.52,1.0,155
20207949,2024-07-01,0.52,1.1,145
20207949,2024-07-01,0.52,1.2,131
20207949,2024-07-01,0.52,1.3,51
20207949,2024-07-01,0.52,1.4,21
20207949,2024-07-01,0.52,1.5,24
20207949,2024-07-01,0.52,1.6,7
20207949,2024-07-01,0.52,1.7,18
20207949,2024-07-01,0.52,1.8,8
20207949,2024-07-01,0.52,1.9,9
20207949,2024-07-01,0.52,2.0,8
20207949,2024-07-01,0.52,2.1,5
20207949,2024-07-01,0.52,2.2,1
20207949,2024-07-01,0.52,2.3,2
20207949,2024-07-01,0.54,-2.8,1
20207949,2024-07-01,0.54,-2.3,1
20207949,2024-07-01,0.54,-2.2,67
20207949,2024-07-01,0.54,-2.1,49
20207949,2024-07-01,0.54,-2.0,43
20207949,2024-07-01,0.54,-1.9,2
20207949,2024-07-01,0.54,-1.8,5
20207949,2024-07-01,0.54,-1.7,5
20207949,2024-07-01,0.54,-1.6,7
20207949,2024-07-01,0.54,-1.5,24
20207949,2024-07-01,0.54,-1.4,27
20207949,2024-07-01,0.54,-1.3,61
20207949,2024-07-01,0.54,-1.2,136
20207949,2024-07-01,0.54,-1.1,117
20207949,2024-07-01,0.54,-1.0,184
20207949,2024-07-01,0.54,-0.9,270
20207949,2024-07-01,0.54,-0.8,344
20207949,2024-07-01,0.54,-0.7,474
20207949,2024-07-01,0.54,-0.6,1465
20207949,2024-07-01,0.54,-0.5,869
20207949,2024-07-01,0.54,-0.4,1415
20207949,2024-07-01,0.54,-0.3,1816
20207949,2024-07-01,0.54,-0.2,4075
20207949,2024-07-01,0.54,-0.1,2264
20207949,2024-07-01,0.54,0.0,1389
20207949,2024-07-01,0.54,0.1,1261
20207949,2024-07-01,0.54,0.2,922
20207949,2024-07-01,0.54,0.3,439
20207949,2024-07-01,0.54,0.4,615
20207949,2024-07-01,0.54,0.5,655
20207949,2024-07-01,0.54,0.6,322
20207949,2024-07-01,0.54,0.7,217
20207949,2024-07-01,0.54,0.8,204
20207949,2024-07-01,0.54,0.9,300
20207949,2024-07-01,0.54,1.0,166
20207949,2024-07-01,0.54,1.1,147
20207949,2024-07-01,0.54,1.2,117
20207949,2024-07-01,0.54,1.3,45
20207949,2024-07-01,0.54,1.4,20
20207949,2024-07-01,0.54,1.5,19
20207949,2024-07-01,0.54,1.6,5
20207949,2024-07-01,0.54,1.7,13
20207949,2024-07-01,0.54,1.8,11
20207949,2024-07-01,0.54,1.9,11
20207949,2024-07-01,0.54,2.0,11
20207949,2024-07-01,0.54,2.1,5
20207949,2024-07-01,0.54,2.2,1
20207949,2024-07-01,0.54,2.3,1
20207949,2024-07-01,0.56,-2.8,1
20207949,2024-07-01,0.56,-2.2,3
20207949,2024-07-01,0.56,-2.1,49
20207949,2024-07-01,0.56,-2.0,2
20207949,2024-07-01,0.56,-1.9,1
20207949,2024-07-01,0.56,-1.8,4
20207949,2024-07-01,0.56,-1.7,5
20207949,2024-07-01,0.56,-1.6,6
20207949,2024-07-01,0.56,-1.5,24
20207949,2024-07-01,0.56,-1.4,24
20207949,2024-07-01,0.56,-1.3,53
20207949,2024-07-01,0.56,-1.2,104
20207949,2024-07-01,0.56,-1.1,134
20207949,2024-07-01,0.56,-1.0,154
20207949,2024-07-01,0.56,-0.9,261
20207949,2024-07-01,0.56,-0.8,545
20207949,2024-07-01,0.56,-0.7,390
20207949,2024-07-01,0.56,-0.6,564
20207949,2024-07-01,0.56,-0.5,987
20207949,2024-07-01,0.56,-0.4,2325
20207949,2024-07-01,0.56,-0.3,1622
20207949,2024-07-01,0.56,-0.2,1932
20207949,2024-07-01,0.56,-0.1,1882
20207949,2024-07-01,0.56,0.0,1356
20207949,2024-07-01,0.56,0.1,652
20207949,2024-07-01,0.56,0.2,456
20207949,2024-07-01,0.56,0.3,280
20207949,2024-07-01,0.56,0.4,291
20207949,2024-07-01,0.56,0.5,345
20207949,2024-07-01,0.56,0.6,324
20207949,2024-07-01,0.56,0.7,195
20207949,2024-07-01,0.56,0.8,260
20207949,2024-07-01,0.56,0.9,545
20207949,2024-07-01,0.56,1.0,140
20207949,2024-07-01,0.56,1.1,214
20207949,2024-07-01,0.56,1.2,147
20207949,2024-07-01,0.56,1.3,39
20207949,2024-07-01,0.56,1.4,21
20207949,2024-07-01,0.56,1.5,15
20207949,2024-07-01,0.56,1.6,14
20207949,2024-07-01,0.56,1.7,9
20207949,2024-07-01,0.56,1.8,12
20207949,2024-07-01,0.56,1.9,8
20207949,2024-07-01,0.56,2.0,10
20207949,2024-07-01,0.56,2.1,1
20207949,2024-07-01,0.56,2.2,2
20207949,2024-07-01,0.56,2.3,1
20207949,2024-07-01,0.58,-2.3,2
20207949,2024-07-01,0.58,-2.1,3
20207949,2024-07-01,0.58,-2.0,2
20207949,2024-07-01,0.58,-1.9,3
20207949,2024-07-01,0.58,-1.8,6
20207949,2024-07-01,0.58,-1.7,2
20207949,2024-07-01,0.58,-1.6,3
20207949,2024-07-01,0.58,-1.5,62
20207949,2024-07-01,0.58,-1.4,38
20207949,2024-07-01,0.58,-1.3,80
20207949,2024-07-01,0.58,-1.2,89
20207949,2024-07-01,0.58,-1.1,73
20207949,2024-07-01,0.58,-1.0,81
20207949,2024-07-01,0.58,-0.9,138
20207949,2024-07-01,0.58,-0.8,462
20207949,2024-07-01,0.58,-0.7,407
20207949,2024-07-01,0.58,-0.6,725
20207949,2024-07-01,0.58,-0.5,729
20207949,2024-07-01,0.58,-0.4,922
20207949,2024-07-01,0.58,-0.3,1543
20207949,2024-07-01,0.58,-0.2,1238
20207949,2024-07-01,0.58,-0.1,2014
20207949,2024-07-01,0.58,0.0,1737
20207949,2024-07-01,0.58,0.1,1220
20207949,2024-07-01,0.58,0.2,520
20207949,2024-07-01,0.58,0.3,367
20207949,2024-07-01,0.58,0.4,246
20207949,2024-07-01,0.58,0.5,314
20207949,2024-07-01,0.58,0.6,360
20207949,2024-07-01,0.58,0.7,219
20207949,2024-07-01,0.58,0.8,418
20207949,2024-07-01,0.58,0.9,1422
20207949,2024-07-01,0.58,1.0,160
20207949,2024-07-01,0.58,1.1,276
20207949,2024-07-01,0.58,1.2,145
20207949,2024-07-01,0.58,1.3,46
20207949,2024-07-01,0.58,1.4,23
20207949,2024-07-01,0.58,1.5,10
20207949,2024-07-01,0.58,1.6,13
20207949,2024-07-01,0.58,1.7,12
20207949,2024-07-01,0.58,1.8,19
20207949,2024-07-01,0.58,1.9,14
20207949,2024-07-01,0.58,2.0,15
20207949,2024-07-01,0.58,2.1,3
20207949,2024-07-01,0.58,2.2,5
20207949,2024-07-01,0.58,2.3,1
20207949,2024-07-01,0.6,-2.6,1
20207949,2024-07-01,0.6,-2.5,1
20207949,2024-07-01,0.6,-2.1,4
20207949,2024-07-01,0.6,-2.0,9
20207949,2024-07-01,0.6,-1.9,2
20207949,2024-07-01,0.6,-1.8,3
20207949,2024-07-01,0.6,-1.7,2
20207949,2024-07-01,0.6,-1.6,3
20207949,2024-07-01,0.6,-1.5,17
20207949,2024-07-01,0.6,-1.4,43
20207949,2024-07-01,0.6,-1.3,193
20207949,2024-07-01,0.6,-1.2,140
20207949,2024-07-01,0.6,-1.1,55
20207949,2024-07-01,0.6,-1.0,62
20207949,2024-07-01,0.6,-0.9,73
20207949,2024-07-01,0.6,-0.8,129
20207949,2024-07-01,0.6,-0.7,256
20207949,2024-07-01,0.6,-0.6,486
20207949,2024-07-01,0.6,-0.5,801
20207949,2024-07-01,0.6,-0.4,908
20207949,2024-07-01,0.6,-0.3,1202
20207949,2024-07-01,0.6,-0.2,2212
20207949,2024-07-01,0.6,-0.1,1364
20207949,2024-07-01,0.6,0.0,902
20207949,2024-07-01,0.6,0.1,594
20207949,2024-07-01,0.6,0.2,536
20207949,2024-07-01,0.6,0.3,251
20207949,2024-07-01,0.6,0.4,251
20207949,2024-07-01,0.6,0.5,449
20207949,2024-07-01,0.6,0.6,663
20207949,2024-07-01,0.6,0.7,225
20207949,2024-07-01,0.6,0.8,212
20207949,2024-07-01,0.6,0.9,304
20207949,2024-07-01,0.6,1.0,189
20207949,2024-07-01,0.6,1.1,587
20207949,2024-07-01,0.6,1.2,160
20207949,2024-07-01,0.6,1.3,34
20207949,2024-07-01,0.6,1.4,15
20207949,2024-07-01,0.6,1.5,11
20207949,2024-07-01,0.6,1.6,20
20207949,2024-07-01,0.6,1.7,9
20207949,2024-07-01,0.6,1.8,14
20207949,2024-07-01,0.6,1.9,11
20207949,2024-07-01,0.6,2.0,10
20207949,2024-07-01,0.6,2.1,4
20207949,2024-07-01,0.6,2.2,2
20207949,2024-07-01,0.6,2.3,1
20207949,2024-07-01,0.62,-2.1,1
20207949,2024-07-01,0.62,-2.0,10
20207949,2024-07-01,0.62,-1.9,13
20207949,2024-07-01,0.62,-1.8,6
20207949,2024-07-01,0.62,-1.7,1
20207949,2024-07-01,0.62,-1.6,7
20207949,2024-07-01,0.62,-1.5,6
20207949,2024-07-01,0.62,-1.4,21
20207949,2024-07-01,0.62,-1.3,42
20207949,2024-07-01,0.62,-1.2,1003
20207949,2024-07-01,0.62,-1.1,72
20207949,2024-07-01,0.62,-1.0,79
20207949,2024-07-01,0.62,-0.9,60
20207949,2024-07-01,0.62,-0.8,132
20207949,2024-07-01,0.62,-0.7,385
20207949,2024-07-01,0.62,-0.6,313
20207949,2024-07-01,0.62,-0.5,653
20207949,2024-07-01,0.62,-0.4,600
20207949,2024-07-01,0.62,-0.3,1143
20207949,2024-07-01,0.62,-0.2,1387
20207949,2024-07-01,0.62,-0.1,1138
20207949,2024-07-01,0.62,0.0,977
20207949,2024-07-01,0.62,0.1,458
20207949,2024-07-01,0.62,0.2,367
20207949,2024-07-01,0.62,0.3,204
20207949,2024-07-01,0.62,0.4,182
20207949,2024-07-01,0.62,0.5,218
20207949,2024-07-01,0.62,0.6,432
20207949,2024-07-01,0.62,0.7,546
20207949,2024-07-01,0.62,0.8,127
20207949,2024-07-01,0.62,0.9,142
20207949,2024-07-01,0.62,1.0,91
20207949,2024-07-01,0.62,1.1,184
20207949,2024-07-01,0.62,1.2,147
20207949,2024-07-01,0.62,1.3,57
20207949,2024-07-01,0.62,1.4,27
20207949,2024-07-01,0.62,1.5,15
20207949,2024-07-01,0.62,1.6,14
20207949,2024-07-01,0.62,1.7,9
20207949,2024-07-01,0.62,1.8,15
20207949,2024-07-01,0.62,1.9,17
20207949,2024-07-01,0.62,2.0,9
20207949,2024-07-01,0.62,2.1,4
20207949,2024-07-01,0.62,2.2,2
20207949,2024-07-01,0.62,2.3,1
20207949,2024-07-01,0.62,2.6,1
20207949,2024-07-01,0.64,-2.1,1
20207949,2024-07-01,0.64,-2.0,3
20207949,2024-07-01,0.64,-1.9,30
20207949,2024-07-01,0.64,-1.8,35
20207949,2024-07-01,0.64,-1.7,1
20207949,2024-07-01,0.64,-1.6,7
20207949,2024-07-01,0.64,-1.5,6
20207949,2024-07-01,0.64,-1.4,26
20207949,2024-07-01,0.64,-1.3,22
20207949,2024-07-01,0.64,-1.2,69
20207949,2024-07-01,0.64,-1.1,51
20207949,2024-07-01,0.64,-1.0,97
20207949,2024-07-01,0.64,-0.9,53
20207949,2024-07-01,0.64,-0.8,89
20207949,2024-07-01,0.64,-0.7,169
20207949,2024-07-01,0.64,-0.6,294
20207949,2024-07-01,0.64,-0.5,459
20207949,2024-07-01,0.64,-0.4,563
20207949,2024-07-01,0.64,-0.3,827
20207949,2024-07-01,0.64,-0.2,833
20207949,2024-07-01,0.64,-0.1,1149
20207949,2024-07-01,0.64,0.0,1630
20207949,2024-07-01,0.64,0.1,350
20207949,2024-07-01,0.64,0.2,315
20207949,2024-07-01,0.64,0.3,218
20207949,2024-07-01,0.64,0.4,197
20207949,2024-07-01,0.64,0.5,182
20207949,2024-07-01,0.64,0.6,235
20207949,2024-07-01,0.64,0.7,206
20207949,2024-07-01,0.64,0.8,141
20207949,2024-07-01,0.64,0.9,62
20207949,2024-07-01,0.64,1.0,100
20207949,2024-07-01,0.64,1.1,130
20207949,2024-07-01,0.64,1.2,168
20207949,2024-07-01,0.64,1.3,58
20207949,2024-07-01,0.64,1.4,26
20207949,2024-07-01,0.64,1.5,18
20207949,2024-07-01,0.64,1.6,13
20207949,2024-07-01,0.64,1.7,9
20207949,2024-07-01,0.64,1.8,14
20207949,2024-07-01,0.64,1.9,18
20207949,2024-07-01,0.64,2.0,18
20207949,2024-07-01,0.64,2.1,5
20207949,2024-07-01,0.64,2.2,2
20207949,2024-07-01,0.64,2.3,4
20207949,2024-07-01,0.66,-2.5,1
20207949,2024-07-01,0.66,-2.1,1
20207949,2024-07-01,0.66,-1.9,2
20207949,2024-07-01,0.66,-1.8,5
20207949,2024-07-01,0.66,-1.7,1
20207949,2024-07-01,0.66,-1.6,1
20207949,2024-07-01,0.66,-1.5,9
20207949,2024-07-01,0.66,-1.4,21
20207949,2024-07-01,0.66,-1.3,23
20207949,2024-07-01,0.66,-1.2,30
20207949,2024-07-01,0.66,-1.1,26
20207949,2024-07-01,0.66,-1.0,43
20207949,2024-07-01,0.66,-0.9,52
20207949,2024-07-01,0.66,-0.8,95
20207949,2024-07-01,0.66,-0.7,208
20207949,2024-07-01,0.66,-0.6,463
20207949,2024-07-01,0.66,-0.5,436
20207949,2024-07-01,0.66,-0.4,485
20207949,2024-07-01,0.66,-0.3,1154
20207949,2024-07-01,0.66,-0.2,1112
20207949,2024-07-01,0.66,-0.1,1041
20207949,2024-07-01,0.66,0.0,709
20207949,2024-07-01,0.66,0.1,308
20207949,2024-07-01,0.66,0.2,313
20207949,2024-07-01,0.66,0.3,233
20207949,2024-07-01,0.66,0.4,225
20207949,2024-07-01,0.66,0.5,165
20207949,2024-07-01,0.66,0.6,321
20207949,2024-07-01,0.66,0.7,169
20207949,2024-07-01,0.66,0.8,95
20207949,2024-07-01,0.66,0.9,52
20207949,2024-07-01,0.66,1.0,63
20207949,2024-07-01,0.66,1.1,149
20207949,2024-07-01,0.66,1.2,187
20207949,2024-07-01,0.66,1.3,61
20207949,2024-07-01,0.66,1.4,22
20207949,2024-07-01,0.66,1.5,26
20207949,2024-07-01,0.66,1.6,21
20207949,2024-07-01,0.66,1.7,9
20207949,2024-07-01,0.66,1.8,14
20207949,2024-07-01,0.66,1.9,17
20207949,2024-07-01,0.66,2.0,19
20207949,2024-07-01,0.66,2.1,7
20207949,2024-07-01,0.66,2.2,1
20207949,2024-07-01,0.66,2.3,3
20207949,2024-07-01,0.68,-2.2,1
20207949,2024-07-01,0.68,-2.0,1
20207949,2024-07-01,0.68,-1.8,6
20207949,2024-07-01,0.68,-1.7,4
20207949,2024-07-01,0.68,-1.6,3
20207949,2024-07-01,0.68,-1.5,4
20207949,2024-07-01,0.68,-1.4,33
20207949,2024-07-01,0.68,-1.3,32
20207949,2024-07-01,0.68,-1.2,19
20207949,2024-07-01,0.68,-1.1,31
20207949,2024-07-01,0.68,-1.0,30
20207949,2024-07-01,0.68,-0.9,100
20207949,2024-07-01,0.68,-0.8,72
20207949,2024-07-01,0.68,-0.7,91
20207949,2024-07-01,0.68,-0.6,233
20207949,2024-07-01,0.68,-0.5,426
20207949,2024-07-01,0.68,-0.4,661
20207949,2024-07-01,0.68,-0.3,1034
20207949,2024-07-01,0.68,-0.2,1336
20207949,2024-07-01,0.68,-0.1,2608
20207949,2024-07-01,0.68,0.0,747
20207949,2024-07-01,0.68,0.1,554
20207949,2024-07-01,0.68,0.2,461
20207949,2024-07-01,0.68,0.3,235
20207949,2024-07-01,0.68,0.4,578
20207949,2024-07-01,0.68,0.5,277
20207949,2024-07-01,0.68,0.6,235
20207949,2024-07-01,0.68,0.7,110
20207949,2024-07-01,0.68,0.8,81
20207949,2024-07-01,0.68,0.9,71
20207949,2024-07-01,0.68,1.0,111
20207949,2024-07-01,0.68,1.1,158
20207949,2024-07-01,0.68,1.2,185
20207949,2024-07-01,0.68,1.3,50
20207949,2024-07-01,0.68,1.4,15
20207949,2024-07-01,0.68,1.5,10
20207949,2024-07-01,0.68,1.6,18
20207949,2024-07-01,0.68,1.7,6
20207949,2024-07-01,0.68,1.8,13
20207949,2024-07-01,0.68,1.9,14
20207949,2024-07-01,0.68,2.0,12
20207949,2024-07-01,0.68,2.1,6
20207949,2024-07-01,0.68,2.2,4
20207949,2024-07-01,0.68,2.3,3
20207949,2024-07-01,0.7,-2.2,1
20207949,2024-07-01,0.7,-2.1,1
20207949,2024-07-01,0.7,-2.0,1
20207949,2024-07-01,0.7,-1.8,1
20207949,2024-07-01,0.7,-1.6,2
20207949,2024-07-01,0.7,-1.5,3
20207949,2024-07-01,0.7,-1.4,18
20207949,2024-07-01,0.7,-1.3,137
20207949,2024-07-01,0.7,-1.2,83
20207949,2024-07-01,0.7,-1.1,16
20207949,2024-07-01,0.7,-1.0,33
20207949,2024-07-01,0.7,-0.9,64
20207949,2024-07-01,0.7,-0.8,63
20207949,2024-07-01,0.7,-0.7,64
20207949,2024-07-01,0.7,-0.6,187
20207949,2024-07-01,0.7,-0.5,806
20207949,2024-07-01,0.7,-0.4,557
20207949,2024-07-01,0.7,-0.3,1252
20207949,2024-07-01,0.7,-0.2,968
20207949,2024-07-01,0.7,-0.1,2177
20207949,2024-07-01,0.7,0.0,986
20207949,2024-07-01,0.7,0.1,219
20207949,2024-07-01,0.7,0.2,240
20207949,2024-07-01,0.7,0.3,219
20207949,2024-07-01,0.7,0.4,236
20207949,2024-07-01,0.7,0.5,122
20207949,2024-07-01,0.7,0.6,100
20207949,2024-07-01,0.7,0.7,104
20207949,2024-07-01,0.7,0.8,80
20207949,2024-07-01,0.7,0.9,31
20207949,2024-07-01,0.7,1.0,63
20207949,2024-07-01,0.7,1.1,178
20207949,2024-07-01,0.7,1.2,288
20207949,2024-07-01,0.7,1.3,49
20207949,2024-07-01,0.7,1.4,14
20207949,2024-07-01,0.7,1.5,7
20207949,2024-07-01,0.7,1.6,23
20207949,2024-07-01,0.7,1.7,13
20207949,2024-07-01,0.7,1.8,9
20207949,2024-07-01,0.7,1.9,18
20207949,2024-07-01,0.7,2.0,12
20207949,2024-07-01,0.7,2.1,7
20207949,2024-07-01,0.7,2.2,3
20207949,2024-07-01,0.7,2.3,3
20207949,2024-07-01,0.7,2.4,1
20207949,2024-07-01,0.72,-1.7,2
20207949,2024-07-01,0.72,-1.6,1
20207949,2024-07-01,0.72,-1.5,6
20207949,2024-07-01,0.72,-1.4,13
20207949,2024-07-01,0.72,-1.3,20
20207949,2024-07-01,0.72,-1.2,43
20207949,2024-07-01,0.72,-1.1,16
20207949,2024-07-01,0.72,-1.0,33
20207949,2024-07-01,0.72,-0.9,63
20207949,2024-07-01,0.72,-0.8,85
20207949,2024-07-01,0.72,-0.7,103
20207949,2024-07-01,0.72,-0.6,201
20207949,2024-07-01,0.72,-0.5,296
20207949,2024-07-01,0.72,-0.4,697
20207949,2024-07-01,0.72,-0.3,3975
20207949,2024-07-01,0.72,-0.2,1633
20207949,2024-07-01,0.72,-0.1,1241
20207949,2024-07-01,0.72,0.0,1113
20207949,2024-07-01,0.72,0.1,247
20207949,2024-07-01,0.72,0.2,215
20207949,2024-07-01,0.72,0.3,227
20207949,2024-07-01,0.72,0.4,129
20207949,2024-07-01,0.72,0.5,133
20207949,2024-07-01,0.72,0.6,94
20207949,2024-07-01,0.72,0.7,81
20207949,2024-07-01,0.72,0.8,67
20207949,2024-07-01,0.72,0.9,28
20207949,2024-07-01,0.72,1.0,25
20207949,2024-07-01,0.72,1.1,155
20207949,2024-07-01,0.72,1.2,508
20207949,2024-07-01,0.72,1.3,35
20207949,2024-07-01,0.72,1.4,9
20207949,2024-07-01,0.72,1.5,10
20207949,2024-07-01,0.72,1.6,13
20207949,2024-07-01,0.72,1.7,5
20207949,2024-07-01,0.72,1.8,6
20207949,2024-07-01,0.72,1.9,15
20207949,2024-07-01,0.72,2.0,12
20207949,2024-07-01,0.72,2.1,7
20207949,2024-07-01,0.72,2.2,3
20207949,2024-07-01,0.72,2.3,4
20207949,2024-07-01,0.74,-2.2,1
20207949,2024-07-01,0.74,-1.9,1
20207949,2024-07-01,0.74,-1.7,2
20207949,2024-07-01,0.74,-1.6,3
20207949,2024-07-01,0.74,-1.5,7
20207949,2024-07-01,0.74,-1.4,29
20207949,2024-07-01,0.74,-1.3,11
20207949,2024-07-01,0.74,-1.2,27
20207949,2024-07-01,0.74,-1.1,23
20207949,2024-07-01,0.74,-1.0,25
20207949,2024-07-01,0.74,-0.9,87
20207949,2024-07-01,0.74,-0.8,122
20207949,2024-07-01,0.74,-0.7,41
20207949,2024-07-01,0.74,-0.6,177
20207949,2024-07-01,0.74,-0.5,220
20207949,2024-07-01,0.74,-0.4,437
20207949,2024-07-01,0.74,-0.3,1079
20207949,2024-07-01,0.74,-0.2,1914
20207949,2024-07-01,0.74,-0.1,1340
20207949,2024-07-01,0.74,0.0,740
20207949,2024-07-01,0.74,0.1,235
20207949,2024-07-01,0.74,0.2,773
20207949,2024-07-01,0.74,0.3,210
20207949,2024-07-01,0.74,0.4,191
20207949,2024-07-01,0.74,0.5,119
20207949,2024-07-01,0.74,0.6,118
20207949,2024-07-01,0.74,0.7,53
20207949,2024-07-01,0.74,0.8,71
20207949,2024-07-01,0.74,0.9,33
20207949,2024-07-01,0.74,1.0,48
20207949,2024-07-01,0.74,1.1,475
20207949,2024-07-01,0.74,1.2,1889
20207949,2024-07-01,0.74,1.3,31
20207949,2024-07-01,0.74,1.4,10
20207949,2024-07-01,0.74,1.5,9
20207949,2024-07-01,0.74,1.6,8
20207949,2024-07-01,0.74,1.7,11
20207949,2024-07-01,0.74,1.8,5
20207949,2024-07-01,0.74,1.9,17
20207949,2024-07-01,0.74,2.0,23
20207949,2024-07-01,0.74,2.1,6
20207949,2024-07-01,0.74,2.2,4
20207949,2024-07-01,0.74,2.3,4
20207949,2024-07-01,0.76,-1.8,1
20207949,2024-07-01,0.76,-1.7,2
20207949,2024-07-01,0.76,-1.6,2
20207949,2024-07-01,0.76,-1.5,4
20207949,2024-07-01,0.76,-1.4,9
20207949,2024-07-01,0.76,-1.3,19
20207949,2024-07-01,0.76,-1.2,14
20207949,2024-07-01,0.76,-1.1,17
20207949,2024-07-01,0.76,-1.0,29
20207949,2024-07-01,0.76,-0.9,27
20207949,2024-07-01,0.76,-0.8,106
20207949,2024-07-01,0.76,-0.7,50
20207949,2024-07-01,0.76,-0.6,313
20207949,2024-07-01,0.76,-0.5,300
20207949,2024-07-01,0.76,-0.4,332
20207949,2024-07-01,0.76,-0.3,870
20207949,2024-07-01,0.76,-0.2,1135
20207949,2024-07-01,0.76,-0.1,2002
20207949,2024-07-01,0.76,0.0,1194
20207949,2024-07-01,0.76,0.1,326
20207949,2024-07-01,0.76,0.2,341
20207949,2024-07-01,0.76,0.3,125
20207949,2024-07-01,0.76,0.4,275
20207949,2024-07-01,0.76,0.5,76
20207949,2024-07-01,0.76,0.6,116
20207949,2024-07-01,0.76,0.7,53
20207949,2024-07-01,0.76,0.8,65
20207949,2024-07-01,0.76,0.9,33
20207949,2024-07-01,0.76,1.0,28
20207949,2024-07-01,0.76,1.1,158
20207949,2024-07-01,0.76,1.2,230
20207949,2024-07-01,0.76,1.3,10
20207949,2024-07-01,0.76,1.4,13
20207949,2024-07-01,0.76,1.5,8
20207949,2024-07-01,0.76,1.6,11
20207949,2024-07-01,0.76,1.7,5
20207949,2024-07-01,0.76,1.8,1
20207949,2024-07-01,0.76,1.9,28
20207949,2024-07-01,0.76,2.0,22
20207949,2024-07-01,0.76,2.1,5
20207949,2024-07-01,0.76,2.2,7
20207949,2024-07-01,0.76,2.3,1
20207949,2024-07-01,0.78,-2.2,2
20207949,2024-07-01,0.78,-2.1,4
20207949,2024-07-01,0.78,-2.0,1
20207949,2024-07-01,0.78,-1.9,2
20207949,2024-07-01,0.78,-1.8,3
20207949,2024-07-01,0.78,-1.7,3
20207949,2024-07-01,0.78,-1.6,2
20207949,2024-07-01,0.78,-1.5,7
20207949,2024-07-01,0.78,-1.4,14
20207949,2024-07-01,0.78,-1.3,16
20207949,2024-07-01,0.78,-1.2,33
20207949,2024-07-01,0.78,-1.1,29
20207949,2024-07-01,0.78,-1.0,19
20207949,2024-07-01,0.78,-0.9,26
20207949,2024-07-01,0.78,-0.8,81
20207949,2024-07-01,0.78,-0.7,49
20207949,2024-07-01,0.78,-0.6,96
20207949,2024-07-01,0.78,-0.5,177
20207949,2024-07-01,0.78,-0.4,256
20207949,2024-07-01,0.78,-0.3,1055
20207949,2024-07-01,0.78,-0.2,643
20207949,2024-07-01,0.78,-0.1,1242
20207949,2024-07-01,0.78,0.0,608
20207949,2024-07-01,0.78,0.1,236
20207949,2024-07-01,0.78,0.2,186
20207949,2024-07-01,0.78,0.3,85
20207949,2024-07-01,0.78,0.4,152
20207949,2024-07-01,0.78,0.5,88
20207949,2024-07-01,0.78,0.6,125
20207949,2024-07-01,0.78,0.7,47
20207949,2024-07-01,0.78,0.8,64
20207949,2024-07-01,0.78,0.9,25
20207949,2024-07-01,0.78,1.0,27
20207949,2024-07-01,0.78,1.1,63
20207949,2024-07-01,0.78,1.2,22
20207949,2024-07-01,0.78,1.3,8
20207949,2024-07-01,0.78,1.4,11
20207949,2024-07-01,0.78,1.5,10
20207949,2024-07-01,0.78,1.6,15
20207949,2024-07-01,0.78,1.8,4
20207949,2024-07-01,0.78,1.9,20
20207949,2024-07-01,0.78,2.0,27
20207949,2024-07-01,0.78,2.1,16
20207949,2024-07-01,0.78,2.2,1
20207949,2024-07-01,0.78,2.3,1
20207949,2024-07-01,0.8,-2.1,4
20207949,2024-07-01,0.8,-2.0,2
20207949,2024-07-01,0.8,-1.9,2
20207949,2024-07-01,0.8,-1.7,1
20207949,2024-07-01,0.8,-1.6,3
20207949,2024-07-01,0.8,-1.5,7
20207949,2024-07-01,0.8,-1.4,13
20207949,2024-07-01,0.8,-1.3,6
20207949,2024-07-01,0.8,-1.2,32
20207949,2024-07-01,0.8,-1.1,15
20207949,2024-07-01,0.8,-1.0,9
20207949,2024-07-01,0.8,-0.9,39
20207949,2024-07-01,0.8,-0.8,124
20207949,2024-07-01,0.8,-0.7,34
20207949,2024-07-01,0.8,-0.6,104
20207949,2024-07-01,0.8,-0.5,205
20207949,2024-07-01,0.8,-0.4,275
20207949,2024-07-01,0.8,-0.3,385
20207949,2024-07-01,0.8,-0.2,870
20207949,2024-07-01,0.8,-0.1,2317
20207949,2024-07-01,0.8,0.0,1294
20207949,2024-07-01,0.8,0.1,667
20207949,2024-07-01,0.8,0.2,125
20207949,2024-07-01,0.8,0.3,134
20207949,2024-07-01,0.8,0.4,185
20207949,2024-07-01,0.8,0.5,96
20207949,2024-07-01,0.8,0.6,190
20207949,2024-07-01,0.8,0.7,43
20207949,2024-07-01,0.8,0.8,68
20207949,2024-07-01,0.8,0.9,28
20207949,2024-07-01,0.8,1.0,29
20207949,2024-07-01,0.8,1.1,63
20207949,2024-07-01,0.8,1.2,30
20207949,2024-07-01,0.8,1.3,12
20207949,2024-07-01,0.8,1.4,12
20207949,2024-07-01,0.8,1.5,7
20207949,2024-07-01,0.8,1.6,6
20207949,2024-07-01,0.8,1.7,6
20207949,2024-07-01,0.8,1.8,5
20207949,2024-07-01,0.8,1.9,14
20207949,2024-07-01,0.8,2.0,41
20207949,2024-07-01,0.8,2.1,37
20207949,2024-07-01,0.8,2.2,2
20207949,2024-07-01,0.82,-2.1,2
20207949,2024-07-01,0.82,-2.0,1
20207949,2024-07-01,0.82,-1.9,1
20207949,2024-07-01,0.82,-1.7,1
20207949,2024-07-01,0.82,-1.6,2
20207949,2024-07-01,0.82,-1.5,6
20207949,2024-07-01,0.82,-1.4,18
20207949,2024-07-01,0.82,-1.3,22
20207949,2024-07-01,0.82,-1.2,6
20207949,2024-07-01,0.82,-1.1,6
20207949,2024-07-01,0.82,-1.0,12
20207949,2024-07-01,0.82,-0.9,25
20207949,2024-07-01,0.82,-0.8,43
20207949,2024-07-01,0.82,-0.7,23
20207949,2024-07-01,0.82,-0.6,55
20207949,2024-07-01,0.82,-0.5,252
20207949,2024-07-01,0.82,-0.4,263
20207949,2024-07-01,0.82,-0.3,387
20207949,2024-07-01,0.82,-0.2,1845
20207949,2024-07-01,0.82,-0.1,867
20207949,2024-07-01,0.82,0.0,723
20207949,2024-07-01,0.82,0.1,108
20207949,2024-07-01,0.82,0.2,101
20207949,2024-07-01,0.82,0.3,117
20207949,2024-07-01,0.82,0.4,351
20207949,2024-07-01,0.82,0.5,135
20207949,2024-07-01,0.82,0.6,424
20207949,2024-07-01,0.82,0.7,39
20207949,2024-07-01,0.82,0.8,66
20207949,2024-07-01,0.82,0.9,20
20207949,2024-07-01,0.82,1.0,21
20207949,2024-07-01,0.82,1.1,42
20207949,2024-07-01,0.82,1.2,22
20207949,2024-07-01,0.82,1.3,5
20207949,2024-07-01,0.82,1.4,5
20207949,2024-07-01,0.82,1.5,11
20207949,2024-07-01,0.82,1.6,5
20207949,2024-07-01,0.82,1.7,3
20207949,2024-07-01,0.82,1.9,22
20207949,2024-07-01,0.82,2.0,117
20207949,2024-07-01,0.82,2.1,15
20207949,2024-07-01,0.82,2.2,7
20207949,2024-07-01,0.84,-2.1,1
20207949,2024-07-01,0.84,-2.0,11
20207949,2024-07-01,0.84,-1.9,2
20207949,2024-07-01,0.84,-1.7,1
20207949,2024-07-01,0.84,-1.6,3
20207949,2024-07-01,0.84,-1.5,6
20207949,2024-07-01,0.84,-1.4,32
20207949,2024-07-01,0.84,-1.3,38
20207949,2024-07-01,0.84,-1.2,7
20207949,2024-07-01,0.84,-1.1,10
20207949,2024-07-01,0.84,-1.0,9
20207949,2024-07-01,0.84,-0.9,15
20207949,2024-07-01,0.84,-0.8,110
20207949,2024-07-01,0.84,-0.7,19
20207949,2024-07-01,0.84,-0.6,55
20207949,2024-07-01,0.84,-0.5,235
20207949,2024-07-01,0.84,-0.4,499
20207949,2024-07-01,0.84,-0.3,388
20207949,2024-07-01,0.84,-0.2,456
20207949,2024-07-01,0.84,-0.1,1275
20207949,2024-07-01,0.84,0.0,417
20207949,2024-07-01,0.84,0.1,140
20207949,2024-07-01,0.84,0.2,96
20207949,2024-07-01,0.84,0.3,80
20207949,2024-07-01,0.84,0.4,152
20207949,2024-07-01,0.84,0.5,46
20207949,2024-07-01,0.84,0.6,58
20207949,2024-07-01,0.84,0.7,42
20207949,2024-07-01,0.84,0.8,72
20207949,2024-07-01,0.84,0.9,18
20207949,2024-07-01,0.84,1.0,35
20207949,2024-07-01,0.84,1.1,138
20207949,2024-07-01,0.84,1.2,25
20207949,2024-07-01,0.84,1.3,8
20207949,2024-07-01,0.84,1.4,8
20207949,2024-07-01,0.84,1.5,12
20207949,2024-07-01,0.84,1.6,12
20207949,2024-07-01,0.84,1.7,3
20207949,2024-07-01,0.84,1.8,3
20207949,2024-07-01,0.84,1.9,149
20207949,2024-07-01,0.84,2.0,618
20207949,2024-07-01,0.84,2.1,4
20207949,2024-07-01,0.84,2.2,1
20207949,2024-07-01,0.86,-1.9,2
20207949,2024-07-01,0.86,-1.7,1
20207949,2024-07-01,0.86,-1.5,4
20207949,2024-07-01,0.86,-1.4,1
20207949,2024-07-01,0.86,-1.3,6
20207949,2024-07-01,0.86,-1.2,3
20207949,2024-07-01,0.86,-1.1,18
20207949,2024-07-01,0.86,-1.0,6
20207949,2024-07-01,0.86,-0.9,12
20207949,2024-07-01,0.86,-0.8,59
20207949,2024-07-01,0.86,-0.7,13
20207949,2024-07-01,0.86,-0.6,82
20207949,2024-07-01,0.86,-0.5,202
20207949,2024-07-01,0.86,-0.4,143
20207949,2024-07-01,0.86,-0.3,243
20207949,2024-07-01,0.86,-0.2,601
20207949,2024-07-01,0.86,-0.1,493
20207949,2024-07-01,0.86,0.0,330
20207949,2024-07-01,0.86,0.1,155
20207949,2024-07-01,0.86,0.2,123
20207949,2024-07-01,0.86,0.3,93
20207949,2024-07-01,0.86,0.4,254
20207949,2024-07-01,0.86,0.5,71
20207949,2024-07-01,0.86,0.6,37
20207949,2024-07-01,0.86,0.7,52
20207949,2024-07-01,0.86,0.8,62
20207949,2024-07-01,0.86,0.9,23
20207949,2024-07-01,0.86,1.0,30
20207949,2024-07-01,0.86,1.1,42
20207949,2024-07-01,0.86,1.2,26
20207949,2024-07-01,0.86,1.3,3
20207949,2024-07-01,0.86,1.4,8
20207949,2024-07-01,0.86,1.5,6
20207949,2024-07-01,0.86,1.6,8
20207949,2024-07-01,0.86,1.7,4
20207949,2024-07-01,0.86,1.8,1
20207949,2024-07-01,0.86,1.9,77
20207949,2024-07-01,0.86,2.0,29
20207949,2024-07-01,0.86,2.1,5
20207949,2024-07-01,0.88,-1.9,1
20207949,2024-07-01,0.88,-1.8,1
20207949,2024-07-01,0.88,-1.6,2
20207949,2024-07-01,0.88,-1.5,1
20207949,2024-07-01,0.88,-1.4,2
20207949,2024-07-01,0.88,-1.3,1
20207949,2024-07-01,0.88,-1.2,2
20207949,2024-07-01,0.88,-1.1,6
20207949,2024-07-01,0.88,-1.0,10
20207949,2024-07-01,0.88,-0.9,13
20207949,2024-07-01,0.88,-0.8,16
20207949,2024-07-01,0.88,-0.7,16
20207949,2024-07-01,0.88,-0.6,36
20207949,2024-07-01,0.88,-0.5,123
20207949,2024-07-01,0.88,-0.4,145
20207949,2024-07-01,0.88,-0.3,426
20207949,2024-07-01,0.88,-0.2,418
20207949,2024-07-01,0.88,-0.1,423
20207949,2024-07-01,0.88,0.0,313
20207949,2024-07-01,0.88,0.1,162
20207949,2024-07-01,0.88,0.2,141
20207949,2024-07-01,0.88,0.3,149
20207949,2024-07-01,0.88,0.4,499
20207949,2024-07-01,0.88,0.5,35
20207949,2024-07-01,0.88,0.6,58
20207949,2024-07-01,0.88,0.7,37
20207949,2024-07-01,0.88,0.8,77
20207949,2024-07-01,0.88,0.9,26
20207949,2024-07-01,0.88,1.0,15
20207949,2024-07-01,0.88,1.1,12
20207949,2024-07-01,0.88,1.2,9
20207949,2024-07-01,0.88,1.3,4
20207949,2024-07-01,0.88,1.4,11
20207949,2024-07-01,0.88,1.5,7
20207949,2024-07-01,0.88,1.6,9
20207949,2024-07-01,0.88,1.8,5
20207949,2024-07-01,0.88,1.9,11
20207949,2024-07-01,0.9,-2.0,1
20207949,2024-07-01,0.9,-1.8,6
20207949,2024-07-01,0.9,-1.7,2
20207949,2024-07-01,0.9,-1.6,1
20207949,2024-07-01,0.9,-1.5,1
20207949,2024-07-01,0.9,-1.4,1
20207949,2024-07-01,0.9,-1.3,6
20207949,2024-07-01,0.9,-1.2,1
20207949,2024-07-01,0.9,-1.1,7
20207949,2024-07-01,0.9,-1.0,12
20207949,2024-07-01,0.9,-0.9,10
20207949,2024-07-01,0.9,-0.8,27
20207949,2024-07-01,0.9,-0.7,43
20207949,2024-07-01,0.9,-0.6,49
20207949,2024-07-01,0.9,-0.5,128
20207949,2024-07-01,0.9,-0.4,189
20207949,2024-07-01,0.9,-0.3,196
20207949,2024-07-01,0.9,-0.2,397
20207949,2024-07-01,0.9,-0.1,463
20207949,2024-07-01,0.9,0.0,287
20207949,2024-07-01,0.9,0.1,227
20207949,2024-07-01,0.9,0.2,151
20207949,2024-07-01,0.9,0.3,58
20207949,2024-07-01,0.9,0.4,375
20207949,2024-07-01,0.9,0.5,63
20207949,2024-07-01,0.9,0.6,22
20207949,2024-07-01,0.9,0.7,52
20207949,2024-07-01,0.9,0.8,85
20207949,2024-07-01,0.9,0.9,46
20207949,2024-07-01,0.9,1.0,31
20207949,2024-07-01,0.9,1.1,8
20207949,2024-07-01,0.9,1.2,8
20207949,2024-07-01,0.9,1.3,4
20207949,2024-07-01,0.9,1.4,8
20207949,2024-07-01,0.9,1.5,4
20207949,2024-07-01,0.9,1.6,10
20207949,2024-07-01,0.9,1.7,2
20207949,2024-07-01,0.9,1.8,6
20207949,2024-07-01,0.9,1.9,4
20207949,2024-07-01,0.92,-1.9,2
20207949,2024-07-01,0.92,-1.7,1
20207949,2024-07-01,0.92,-1.5,2
20207949,2024-07-01,0.92,-1.4,4
20207949,2024-07-01,0.92,-1.3,3
20207949,2024-07-01,0.92,-1.2,4
20207949,2024-07-01,0.92,-1.1,3
20207949,2024-07-01,0.92,-1.0,7
20207949,2024-07-01,0.92,-0.9,9
20207949,2024-07-01,0.92,-0.8,49
20207949,2024-07-01,0.92,-0.7,19
20207949,2024-07-01,0.92,-0.6,31
20207949,2024-07-01,0.92,-0.5,117
20207949,2024-07-01,0.92,-0.4,140
20207949,2024-07-01,0.92,-0.3,255
20207949,2024-07-01,0.92,-0.2,514
20207949,2024-07-01,0.92,-0.1,1098
20207949,2024-07-01,0.92,0.0,354
20207949,2024-07-01,0.92,0.1,229
20207949,2024-07-01,0.92,0.2,175
20207949,2024-07-01,0.92,0.3,65
20207949,2024-07-01,0.92,0.4,64
20207949,2024-07-01,0.92,0.5,28
20207949,2024-07-01,0.92,0.6,31
20207949,2024-07-01,0.92,0.7,48
20207949,2024-07-01,0.92,0.8,86
20207949,2024-07-01,0.92,0.9,45
20207949,2024-07-01,0.92,1.0,21
20207949,2024-07-01,0.92,1.1,20
20207949,2024-07-01,0.92,1.2,13
20207949,2024-07-01,0.92,1.3,6
20207949,2024-07-01,0.92,1.4,9
20207949,2024-07-01,0.92,1.5,7
20207949,2024-07-01,0.92,1.6,7
20207949,2024-07-01,0.92,1.7,1
20207949,2024-07-01,0.92,1.8,26
20207949,2024-07-01,0.92,1.9,5
20207949,2024-07-01,0.94,-1.8,1
20207949,2024-07-01,0.94,-1.6,2
20207949,2024-07-01,0.94,-1.4,3
20207949,2024-07-01,0.94,-1.3,3
20207949,2024-07-01,0.94,-1.2,6
20207949,2024-07-01,0.94,-1.1,6
20207949,2024-07-01,0.94,-1.0,18
20207949,2024-07-01,0.94,-0.9,6
20207949,2024-07-01,0.94,-0.8,3
20207949,2024-07-01,0.94,-0.7,34
20207949,2024-07-01,0.94,-0.6,36
20207949,2024-07-01,0.94,-0.5,102
20207949,2024-07-01,0.94,-0.4,107
20207949,2024-07-01,0.94,-0.3,203
20207949,2024-07-01,0.94,-0.2,452
20207949,2024-07-01,0.94,-0.1,416
20207949,2024-07-01,0.94,0.0,728
20207949,2024-07-01,0.94,0.1,239
20207949,2024-07-01,0.94,0.2,84
20207949,2024-07-01,0.94,0.3,42
20207949,2024-07-01,0.94,0.4,66
20207949,2024-07-01,0.94,0.5,30
20207949,2024-07-01,0.94,0.6,33
20207949,2024-07-01,0.94,0.7,68
20207949,2024-07-01,0.94,0.8,141
20207949,2024-07-01,0.94,0.9,62
20207949,2024-07-01,0.94,1.0,31
20207949,2024-07-01,0.94,1.1,14
20207949,2024-07-01,0.94,1.2,4
20207949,2024-07-01,0.94,1.3,4
20207949,2024-07-01,0.94,1.4,9
20207949,2024-07-01,0.94,1.5,5
20207949,2024-07-01,0.94,1.6,3
20207949,2024-07-01,0.94,1.7,4
20207949,2024-07-01,0.94,1.8,1
20207949,2024-07-01,0.94,1.9,6
20207949,2024-07-01,0.96,-1.7,2
20207949,2024-07-01,0.96,-1.5,1
20207949,2024-07-01,0.96,-1.4,3
20207949,2024-07-01,0.96,-1.3,5
20207949,2024-07-01,0.96,-1.2,2
20207949,2024-07-01,0.96,-1.1,7
20207949,2024-07-01,0.96,-1.0,12
20207949,2024-07-01,0.96,-0.9,7
20207949,2024-07-01,0.96,-0.8,4
20207949,2024-07-01,0.96,-0.7,17
20207949,2024-07-01,0.96,-0.6,25
20207949,2024-07-01,0.96,-0.5,161
20207949,2024-07-01,0.96,-0.4,64
20207949,2024-07-01,0.96,-0.3,348
20207949,2024-07-01,0.96,-0.2,472
20207949,2024-07-01,0.96,-0.1,502
20207949,2024-07-01,0.96,0.0,576
20207949,2024-07-01,0.96,0.1,275
20207949,2024-07-01,0.96,0.2,76
20207949,2024-07-01,0.96,0.3,62
20207949,2024-07-01,0.96,0.4,135
20207949,2024-07-01,0.96,0.5,31
20207949,2024-07-01,0.96,0.6,33
20207949,2024-07-01,0.96,0.7,130
20207949,2024-07-01,0.96,0.8,1127
20207949,2024-07-01,0.96,0.9,140
20207949,2024-07-01,0.96,1.0,44
20207949,2024-07-01,0.96,1.1,18
20207949,2024-07-01,0.96,1.2,9
20207949,2024-07-01,0.96,1.3,3
20207949,2024-07-01,0.96,1.4,6
20207949,2024-07-01,0.96,1.5,2
20207949,2024-07-01,0.96,1.6,1
20207949,2024-07-01,0.96,1.7,3
20207949,2024-07-01,0.96,1.8,1
20207949,2024-07-01,0.98,-1.9,1
20207949,2024-07-01,0.98,-1.6,1
20207949,2024-07-01,0.98,-1.4,3
20207949,2024-07-01,0.98,-1.3,1
20207949,2024-07-01,0.98,-1.2,3
20207949,2024-07-01,0.98,-1.1,5
20207949,2024-07-01,0.98,-1.0,13
20207949,2024-07-01,0.98,-0.9,56
20207949,2024-07-01,0.98,-0.8,4
20207949,2024-07-01,0.98,-0.7,10
20207949,2024-07-01,0.98,-0.6,27
20207949,2024-07-01,0.98,-0.5,432
20207949,2024-07-01,0.98,-0.4,71
20207949,2024-07-01,0.98,-0.3,213
20207949,2024-07-01,0.98,-0.2,587
20207949,2024-07-01,0.98,-0.1,658
20207949,2024-07-01,0.98,0.0,253
20207949,2024-07-01,0.98,0.1,124
20207949,2024-07-01,0.98,0.2,101
20207949,2024-07-01,0.98,0.3,51
20207949,2024-07-01,0.98,0.4,134
20207949,2024-07-01,0.98,0.5,13
20207949,2024-07-01,0.98,0.6,42
20207949,2024-07-01,0.98,0.7,150
20207949,2024-07-01,0.98,0.8,23
20207949,2024-07-01,0.98,0.9,28
20207949,2024-07-01,0.98,1.0,145
20207949,2024-07-01,0.98,1.1,12
20207949,2024-07-01,0.98,1.2,16
20207949,2024-07-01,0.98,1.3,4
20207949,2024-07-01,0.98,1.4,3
20207949,2024-07-01,0.98,1.5,7
20207949,2024-07-01,0.98,1.6,1
20207949,2024-07-01,0.98,1.7,2
20207949,2024-07-01,1.0,-1.9,1
20207949,2024-07-01,1.0,-1.7,1
20207949,2024-07-01,1.0,-1.5,2
20207949,2024-07-01,1.0,-1.4,2
20207949,2024-07-01,1.0,-1.2,7
20207949,2024-07-01,1.0,-1.1,8
20207949,2024-07-01,1.0,-1.0,2
20207949,2024-07-01,1.0,-0.9,4
20207949,2024-07-01,1.0,-0.8,1
20207949,2024-07-01,1.0,-0.7,17
20207949,2024-07-01,1.0,-0.6,29
20207949,2024-07-01,1.0,-0.5,86
20207949,2024-07-01,1.0,-0.4,196
20207949,2024-07-01,1.0,-0.3,205
20207949,2024-07-01,1.0,-0.2,635
20207949,2024-07-01,1.0,-0.1,604
20207949,2024-07-01,1.0,0.0,338
20207949,2024-07-01,1.0,0.1,132
20207949,2024-07-01,1.0,0.2,59
20207949,2024-07-01,1.0,0.3,64
20207949,2024-07-01,1.0,0.4,31
20207949,2024-07-01,1.0,0.5,9
20207949,2024-07-01,1.0,0.6,29
20207949,2024-07-01,1.0,0.7,39
20207949,2024-07-01,1.0,0.8,23
20207949,2024-07-01,1.0,0.9,18
20207949,2024-07-01,1.0,1.0,17
20207949,2024-07-01,1.0,1.1,20
20207949,2024-07-01,1.0,1.2,9
20207949,2024-07-01,1.0,1.3,8
20207949,2024-07-01,1.0,1.4,2
20207949,2024-07-01,1.0,1.5,8
20207949,2024-07-01,1.0,1.6,1
20207949,2024-07-01,1.0,1.7,4
20207949,2024-07-01,1.02,-1.7,3
20207949,2024-07-01,1.02,-1.6,2
20207949,2024-07-01,1.02,-1.5,1
20207949,2024-07-01,1.02,-1.4,3
20207949,2024-07-01,1.02,-1.2,7
20207949,2024-07-01,1.02,-1.1,18
20207949,2024-07-01,1.02,-1.0,3
20207949,2024-07-01,1.02,-0.9,1
20207949,2024-07-01,1.02,-0.8,2
20207949,2024-07-01,1.02,-0.7,17
20207949,2024-07-01,1.02,-0.6,28
20207949,2024-07-01,1.02,-0.5,109
20207949,2024-07-01,1.02,-0.4,301
20207949,2024-07-01,1.02,-0.3,201
20207949,2024-07-01,1.02,-0.2,340
20207949,2024-07-01,1.02,-0.1,371
20207949,2024-07-01,1.02,0.0,300
20207949,2024-07-01,1.02,0.1,113
20207949,2024-07-01,1.02,0.2,50
20207949,2024-07-01,1.02,0.3,74
20207949,2024-07-01,1.02,0.4,22
20207949,2024-07-01,1.02,0.5,9
20207949,2024-07-01,1.02,0.6,26
20207949,2024-07-01,1.02,0.7,59
20207949,2024-07-01,1.02,0.8,15
20207949,2024-07-01,1.02,0.9,14
20207949,2024-07-01,1.02,1.0,12
20207949,2024-07-01,1.02,1.1,6
20207949,2024-07-01,1.02,1.2,9
20207949,2024-07-01,1.02,1.3,5
20207949,2024-07-01,1.02,1.4,3
20207949,2024-07-01,1.02,1.5,8
20207949,2024-07-01,1.02,1.6,2
20207949,2024-07-01,1.02,1.7,1
20207949,2024-07-01,1.02,1.8,3
20207949,2024-07-01,1.04,-2.1,2
20207949,2024-07-01,1.04,-2.0,1
20207949,2024-07-01,1.04,-1.7,1
20207949,2024-07-01,1.04,-1.6,1
20207949,2024-07-01,1.04,-1.5,1
20207949,2024-07-01,1.04,-1.4,4
20207949,2024-07-01,1.04,-1.2,29
20207949,2024-07-01,1.04,-1.1,69
20207949,2024-07-01,1.04,-1.0,37
20207949,2024-07-01,1.04,-0.9,5
20207949,2024-07-01,1.04,-0.8,6
20207949,2024-07-01,1.04,-0.7,6
20207949,2024-07-01,1.04,-0.6,62
20207949,2024-07-01,1.04,-0.5,132
20207949,2024-07-01,1.04,-0.4,78
20207949,2024-07-01,1.04,-0.3,199
20207949,2024-07-01,1.04,-0.2,301
20207949,2024-07-01,1.04,-0.1,307
20207949,2024-07-01,1.04,0.0,384
20207949,2024-07-01,1.04,0.1,143
20207949,2024-07-01,1.04,0.2,73
20207949,2024-07-01,1.04,0.3,174
20207949,2024-07-01,1.04,0.4,26
20207949,2024-07-01,1.04,0.5,8
20207949,2024-07-01,1.04,0.6,13
20207949,2024-07-01,1.04,0.7,81
20207949,2024-07-01,1.04,0.8,17
20207949,2024-07-01,1.04,0.9,10
20207949,2024-07-01,1.04,1.0,11
20207949,2024-07-01,1.04,1.1,4
20207949,2024-07-01,1.04,1.2,13
20207949,2024-07-01,1.04,1.3,4
20207949,2024-07-01,1.04,1.4,6
20207949,2024-07-01,1.04,1.5,6
20207949,2024-07-01,1.04,1.6,1
20207949,2024-07-01,1.06,-2.2,1
20207949,2024-07-01,1.06,-2.0,1
20207949,2024-07-01,1.06,-1.6,1
20207949,2024-07-01,1.06,-1.5,1
20207949,2024-07-01,1.06,-1.4,1
20207949,2024-07-01,1.06,-1.3,15
20207949,2024-07-01,1.06,-1.2,20
20207949,2024-07-01,1.06,-1.1,28
20207949,2024-07-01,1.06,-1.0,6
20207949,2024-07-01,1.06,-0.9,4
20207949,2024-07-01,1.06,-0.8,4
20207949,2024-07-01,1.06,-0.7,22
20207949,2024-07-01,1.06,-0.6,43
20207949,2024-07-01,1.06,-0.5,62
20207949,2024-07-01,1.06,-0.4,99
20207949,2024-07-01,1.06,-0.3,181
20207949,2024-07-01,1.06,-0.2,346
20207949,2024-07-01,1.06,-0.1,2265
20207949,2024-07-01,1.06,0.0,612
20207949,2024-07-01,1.06,0.1,86
20207949,2024-07-01,1.06,0.2,48
20207949,2024-07-01,1.06,0.3,59
20207949,2024-07-01,1.06,0.4,23
20207949,2024-07-01,1.06,0.5,10
20207949,2024-07-01,1.06,0.6,73
20207949,2024-07-01,1.06,0.7,742
20207949,2024-07-01,1.06,0.8,18
20207949,2024-07-01,1.06,0.9,6
20207949,2024-07-01,1.06,1.0,12
20207949,2024-07-01,1.06,1.1,13
20207949,2024-07-01,1.06,1.2,9
20207949,2024-07-01,1.06,1.3,4
20207949,2024-07-01,1.06,1.4,2
20207949,2024-07-01,1.06,1.5,5
20207949,2024-07-01,1.08,-1.9,1
20207949,2024-07-01,1.08,-1.7,1
20207949,2024-07-01,1.08,-1.4,2
20207949,2024-07-01,1.08,-1.3,9
20207949,2024-07-01,1.08,-1.2,6
20207949,2024-07-01,1.08,-1.1,14
20207949,2024-07-01,1.08,-1.0,17
20207949,2024-07-01,1.08,-0.9,6
20207949,2024-07-01,1.08,-0.8,2
20207949,2024-07-01,1.08,-0.7,8
20207949,2024-07-01,1.08,-0.6,7
20207949,2024-07-01,1.08,-0.5,101
20207949,2024-07-01,1.08,-0.4,80
20207949,2024-07-01,1.08,-0.3,368
20207949,2024-07-01,1.08,-0.2,668
20207949,2024-07-01,1.08,-0.1,420
20207949,2024-07-01,1.08,0.0,167
20207949,2024-07-01,1.08,0.1,132
20207949,2024-07-01,1.08,0.2,31
20207949,2024-07-01,1.08,0.3,45
20207949,2024-07-01,1.08,0.4,41
20207949,2024-07-01,1.08,0.5,14
20207949,2024-07-01,1.08,0.6,10
20207949,2024-07-01,1.08,0.7,36
20207949,2024-07-01,1.08,0.8,4
20207949,2024-07-01,1.08,0.9,14
20207949,2024-07-01,1.08,1.0,11
20207949,2024-07-01,1.08,1.1,8
20207949,2024-07-01,1.08,1.2,11
20207949,2024-07-01,1.08,1.3,4
20207949,2024-07-01,1.08,1.4,8
20207949,2024-07-01,1.1,-2.1,1
20207949,2024-07-01,1.1,-1.9,3
20207949,2024-07-01,1.1,-1.7,1
20207949,2024-07-01,1.1,-1.6,1
20207949,2024-07-01,1.1,-1.5,2
20207949,2024-07-01,1.1,-1.4,3
20207949,2024-07-01,1.1,-1.3,2
20207949,2024-07-01,1.1,-1.2,6
20207949,2024-07-01,1.1,-1.1,16
20207949,2024-07-01,1.1,-1.0,10
20207949,2024-07-01,1.1,-0.9,5
20207949,2024-07-01,1.1,-0.8,19
20207949,2024-07-01,1.1,-0.7,5
20207949,2024-07-01,1.1,-0.6,15
20207949,2024-07-01,1.1,-0.5,85
20207949,2024-07-01,1.1,-0.4,124
20207949,2024-07-01,1.1,-0.3,162
20207949,2024-07-01,1.1,-0.2,310
20207949,2024-07-01,1.1,-0.1,556
20207949,2024-07-01,1.1,0.0,318
20207949,2024-07-01,1.1,0.1,91
20207949,2024-07-01,1.1,0.2,30
20207949,2024-07-01,1.1,0.3,132
20207949,2024-07-01,1.1,0.4,168
20207949,2024-07-01,1.1,0.5,11
20207949,2024-07-01,1.1,0.6,20
20207949,2024-07-01,1.1,0.7,12
20207949,2024-07-01,1.1,0.8,5
20207949,2024-07-01,1.1,0.9,9
20207949,2024-07-01,1.1,1.0,7
20207949,2024-07-01,1.1,1.1,8
20207949,2024-07-01,1.1,1.2,6
20207949,2024-07-01,1.1,1.3,7
20207949,2024-07-01,1.1,1.4,4
20207949,2024-07-01,1.1,1.5,1
20207949,2024-07-01,1.12,-1.9,6
20207949,2024-07-01,1.12,-1.7,1
20207949,2024-07-01,1.12,-1.6,1
20207949,2024-07-01,1.12,-1.5,1
20207949,2024-07-01,1.12,-1.4,1
20207949,2024-07-01,1.12,-1.3,2
20207949,2024-07-01,1.12,-1.2,9
20207949,2024-07-01,1.12,-1.1,34
20207949,2024-07-01,1.12,-1.0,22
20207949,2024-07-01,1.12,-0.9,3
20207949,2024-07-01,1.12,-0.8,8
20207949,2024-07-01,1.12,-0.7,9
20207949,2024-07-01,1.12,-0.6,20
20207949,2024-07-01,1.12,-0.5,68
20207949,2024-07-01,1.12,-0.4,163
20207949,2024-07-01,1.12,-0.3,540
20207949,2024-07-01,1.12,-0.2,597
20207949,2024-07-01,1.12,-0.1,693
20207949,2024-07-01,1.12,0.0,453
20207949,2024-07-01,1.12,0.1,94
20207949,2024-07-01,1.12,0.2,40
20207949,2024-07-01,1.12,0.3,54
20207949,2024-07-01,1.12,0.4,34
20207949,2024-07-01,1.12,0.5,15
20207949,2024-07-01,1.12,0.6,10
20207949,2024-07-01,1.12,0.7,16
20207949,2024-07-01,1.12,0.8,7
20207949,2024-07-01,1.12,0.9,13
20207949,2024-07-01,1.12,1.0,5
20207949,2024-07-01,1.12,1.1,13
20207949,2024-07-01,1.12,1.2,12
20207949,2024-07-01,1.12,1.3,8
20207949,2024-07-01,1.12,1.4,11
20207949,2024-07-01,1.14,-2.7,1
20207949,2024-07-01,1.14,-2.0,1
20207949,2024-07-01,1.14,-1.7,3
20207949,2024-07-01,1.14,-1.3,1
20207949,2024-07-01,1.14,-1.2,17
20207949,2024-07-01,1.14,-1.1,8
20207949,2024-07-01,1.14,-1.0,15
20207949,2024-07-01,1.14,-0.9,3
20207949,2024-07-01,1.14,-0.8,2
20207949,2024-07-01,1.14,-0.7,10
20207949,2024-07-01,1.14,-0.6,50
20207949,2024-07-01,1.14,-0.5,86
20207949,2024-07-01,1.14,-0.4,77
20207949,2024-07-01,1.14,-0.3,1171
20207949,2024-07-01,1.14,-0.2,804
20207949,2024-07-01,1.14,-0.1,2098
20207949,2024-07-01,1.14,0.0,162
20207949,2024-07-01,1.14,0.1,161
20207949,2024-07-01,1.14,0.2,50
20207949,2024-07-01,1.14,0.3,58
20207949,2024-07-01,1.14,0.4,6
20207949,2024-07-01,1.14,0.5,6
20207949,2024-07-01,1.14,0.6,10
20207949,2024-07-01,1.14,0.7,16
20207949,2024-07-01,1.14,0.8,4
20207949,2024-07-01,1.14,0.9,13
20207949,2024-07-01,1.14,1.0,11
20207949,2024-07-01,1.14,1.1,8
20207949,2024-07-01,1.14,1.2,7
20207949,2024-07-01,1.14,1.3,4
20207949,2024-07-01,1.14,1.4,7
20207949,2024-07-01,1.14,1.5,2
20207949,2024-07-01,1.16,-1.7,3
20207949,2024-07-01,1.16,-1.6,1
20207949,2024-07-01,1.16,-1.2,2
20207949,2024-07-01,1.16,-1.1,2
20207949,2024-07-01,1.16,-1.0,37
20207949,2024-07-01,1.16,-0.9,11
20207949,2024-07-01,1.16,-0.8,3
20207949,2024-07-01,1.16,-0.7,16
20207949,2024-07-01,1.16,-0.6,11
20207949,2024-07-01,1.16,-0.5,63
20207949,2024-07-01,1.16,-0.4,105
20207949,2024-07-01,1.16,-0.3,133
20207949,2024-07-01,1.16,-0.2,393
20207949,2024-07-01,1.16,-0.1,468
20207949,2024-07-01,1.16,0.0,175
20207949,2024-07-01,1.16,0.1,82
20207949,2024-07-01,1.16,0.2,24
20207949,2024-07-01,1.16,0.3,44
20207949,2024-07-01,1.16,0.4,9
20207949,2024-07-01,1.16,0.5,13
20207949,2024-07-01,1.16,0.6,15
20207949,2024-07-01,1.16,0.7,9
20207949,2024-07-01,1.16,0.8,5
20207949,2024-07-01,1.16,0.9,1
20207949,2024-07-01,1.16,1.0,18
20207949,2024-07-01,1.16,1.1,3
20207949,2024-07-01,1.16,1.2,10
20207949,2024-07-01,1.16,1.3,5
20207949,2024-07-01,1.16,1.4,1
20207949,2024-07-01,1.16,1.6,1
20207949,2024-07-01,1.18,-1.7,22
20207949,2024-07-01,1.18,-1.4,1
20207949,2024-07-01,1.18,-1.3,1
20207949,2024-07-01,1.18,-1.2,4
20207949,2024-07-01,1.18,-1.1,3
20207949,2024-07-01,1.18,-1.0,17
20207949,2024-07-01,1.18,-0.9,35
20207949,2024-07-01,1.18,-0.8,2
20207949,2024-07-01,1.18,-0.7,4
20207949,2024-07-01,1.18,-0.6,9
20207949,2024-07-01,1.18,-0.5,116
20207949,2024-07-01,1.18,-0.4,71
20207949,2024-07-01,1.18,-0.3,108
20207949,2024-07-01,1.18,-0.2,312
20207949,2024-07-01,1.18,-0.1,429
20207949,2024-07-01,1.18,0.0,225
20207949,2024-07-01,1.18,0.1,86
20207949,2024-07-01,1.18,0.2,24
20207949,2024-07-01,1.18,0.3,50
20207949,2024-07-01,1.18,0.4,13
20207949,2024-07-01,1.18,0.5,9
20207949,2024-07-01,1.18,0.6,12
20207949,2024-07-01,1.18,0.7,11
20207949,2024-07-01,1.18,0.8,4
20207949,2024-07-01,1.18,0.9,5
20207949,2024-07-01,1.18,1.0,12
20207949,2024-07-01,1.18,1.1,14
20207949,2024-07-01,1.18,1.2,12
20207949,2024-07-01,1.18,1.3,9
20207949,2024-07-01,1.18,1.4,3
20207949,2024-07-01,1.18,1.5,1
20207949,2024-07-01,1.2,-1.4,1
20207949,2024-07-01,1.2,-1.3,1
20207949,2024-07-01,1.2,-1.2,1
20207949,2024-07-01,1.2,-1.1,2
20207949,2024-07-01,1.2,-1.0,4
20207949,2024-07-01,1.2,-0.9,2
20207949,2024-07-01,1.2,-0.8,1
20207949,2024-07-01,1.2,-0.7,6
20207949,2024-07-01,1.2,-0.6,13
20207949,2024-07-01,1.2,-0.5,74
20207949,2024-07-01,1.2,-0.4,72
20207949,2024-07-01,1.2,-0.3,263
20207949,2024-07-01,1.2,-0.2,395
20207949,2024-07-01,1.2,-0.1,420
20207949,2024-07-01,1.2,0.0,316
20207949,2024-07-01,1.2,0.1,73
20207949,2024-07-01,1.2,0.2,38
20207949,2024-07-01,1.2,0.3,49
20207949,2024-07-01,1.2,0.4,7
20207949,2024-07-01,1.2,0.5,6
20207949,2024-07-01,1.2,0.6,21
20207949,2024-07-01,1.2,0.7,20
20207949,2024-07-01,1.2,0.8,1
20207949,2024-07-01,1.2,0.9,9
20207949,2024-07-01,1.2,1.0,10
20207949,2024-07-01,1.2,1.1,15
20207949,2024-07-01,1.2,1.2,8
20207949,2024-07-01,1.2,1.3,6
20207949,2024-07-01,1.2,1.4,1
20207949,2024-07-01,1.22,-1.4,2
20207949,2024-07-01,1.22,-1.3,1
20207949,2024-07-01,1.22,-1.2,5
20207949,2024-07-01,1.22,-1.1,4
20207949,2024-07-01,1.22,-1.0,3
20207949,2024-07-01,1.22,-0.9,3
20207949,2024-07-01,1.22,-0.7,8
20207949,2024-07-01,1.22,-0.6,7
20207949,2024-07-01,1.22,-0.5,49
20207949,2024-07-01,1.22,-0.4,173
20207949,2024-07-01,1.22,-0.3,148
20207949,2024-07-01,1.22,-0.2,240
20207949,2024-07-01,1.22,-0.1,449
20207949,2024-07-01,1.22,0.0,161
20207949,2024-07-01,1.22,0.1,250
20207949,2024-07-01,1.22,0.2,28
20207949,2024-07-01,1.22,0.3,845
20207949,2024-07-01,1.22,0.4,9
20207949,2024-07-01,1.22,0.5,5
20207949,2024-07-01,1.22,0.6,14
20207949,2024-07-01,1.22,0.7,24
20207949,2024-07-01,1.22,0.8,2
20207949,2024-07-01,1.22,0.9,7
20207949,2024-07-01,1.22,1.0,12
20207949,2024-07-01,1.22,1.1,9
20207949,2024-07-01,1.22,1.2,8
20207949,2024-07-01,1.22,1.3,4
20207949,2024-07-01,1.22,1.4,1
20207949,2024-07-01,1.24,-1.4,6
20207949,2024-07-01,1.24,-1.0,2
20207949,2024-07-01,1.24,-0.9,1
20207949,2024-07-01,1.24,-0.8,1
20207949,2024-07-01,1.24,-0.7,3
20207949,2024-07-01,1.24,-0.6,12
20207949,2024-07-01,1.24,-0.5,51
20207949,2024-07-01,1.24,-0.4,69
20207949,2024-07-01,1.24,-0.3,100
20207949,2024-07-01,1.24,-0.2,368
20207949,2024-07-01,1.24,-0.1,287
20207949,2024-07-01,1.24,0.0,104
20207949,2024-07-01,1.24,0.1,301
20207949,2024-07-01,1.24,0.2,24
20207949,2024-07-01,1.24,0.3,38
20207949,2024-07-01,1.24,0.4,10
20207949,2024-07-01,1.24,0.5,9
20207949,2024-07-01,1.24,0.6,19
20207949,2024-07-01,1.24,0.7,49
20207949,2024-07-01,1.24,0.8,4
20207949,2024-07-01,1.24,0.9,4
20207949,2024-07-01,1.24,1.0,11
20207949,2024-07-01,1.24,1.1,15
20207949,2024-07-01,1.24,1.2,10
20207949,2024-07-01,1.24,1.3,5
20207949,2024-07-01,1.24,1.4,2
20207949,2024-07-01,1.24,1.5,1
20207949,2024-07-01,1.26,-1.3,2
20207949,2024-07-01,1.26,-1.2,1
20207949,2024-07-01,1.26,-1.1,1
20207949,2024-07-01,1.26,-1.0,2
20207949,2024-07-01,1.26,-0.8,3
20207949,2024-07-01,1.26,-0.7,21
20207949,2024-07-01,1.26,-0.6,18
20207949,2024-07-01,1.26,-0.5,63
20207949,2024-07-01,1.26,-0.4,84
20207949,2024-07-01,1.26,-0.3,71
20207949,2024-07-01,1.26,-0.2,417
20207949,2024-07-01,1.26,-0.1,199
20207949,2024-07-01,1.26,0.0,112
20207949,2024-07-01,1.26,0.1,85
20207949,2024-07-01,1.26,0.2,21
20207949,2024-07-01,1.26,0.3,35
20207949,2024-07-01,1.26,0.4,51
20207949,2024-07-01,1.26,0.5,4
20207949,2024-07-01,1.26,0.6,15
20207949,2024-07-01,1.26,0.7,33
20207949,2024-07-01,1.26,0.8,4
20207949,2024-07-01,1.26,0.9,8
20207949,2024-07-01,1.26,1.0,13
20207949,2024-07-01,1.26,1.1,15
20207949,2024-07-01,1.26,1.2,16
20207949,2024-07-01,1.26,1.3,6
20207949,2024-07-01,1.28,-1.3,2
20207949,2024-07-01,1.28,-1.1,3
20207949,2024-07-01,1.28,-1.0,1
20207949,2024-07-01,1.28,-0.8,2
20207949,2024-07-01,1.28,-0.7,8
20207949,2024-07-01,1.28,-0.6,4
20207949,2024-07-01,1.28,-0.5,55
20207949,2024-07-01,1.28,-0.4,49
20207949,2024-07-01,1.28,-0.3,46
20207949,2024-07-01,1.28,-0.2,149
20207949,2024-07-01,1.28,-0.1,203
20207949,2024-07-01,1.28,0.0,94
20207949,2024-07-01,1.28,0.1,80
20207949,2024-07-01,1.28,0.2,28
20207949,2024-07-01,1.28,0.3,84
20207949,2024-07-01,1.28,0.4,6
20207949,2024-07-01,1.28,0.5,10
20207949,2024-07-01,1.28,0.6,13
20207949,2024-07-01,1.28,0.7,4
20207949,2024-07-01,1.28,0.8,1
20207949,2024-07-01,1.28,0.9,13
20207949,2024-07-01,1.28,1.0,20
20207949,2024-07-01,1.28,1.1,12
20207949,2024-07-01,1.28,1.2,22
20207949,2024-07-01,1.28,1.3,4
20207949,2024-07-01,1.28,1.4,1
20207949,2024-07-01,1.3,-1.8,1
20207949,2024-07-01,1.3,-1.4,1
20207949,2024-07-01,1.3,-1.2,2
20207949,2024-07-01,1.3,-1.1,2
20207949,2024-07-01,1.3,-0.7,4
20207949,2024-07-01,1.3,-0.6,3
20207949,2024-07-01,1.3,-0.5,63
20207949,2024-07-01,1.3,-0.4,57
20207949,2024-07-01,1.3,-0.3,40
20207949,2024-07-01,1.3,-0.2,148
20207949,2024-07-01,1.3,-0.1,233
20207949,2024-07-01,1.3,0.0,100
20207949,2024-07-01,1.3,0.1,51
20207949,2024-07-01,1.3,0.2,16
20207949,2024-07-01,1.3,0.3,21
20207949,2024-07-01,1.3,0.4,5
20207949,2024-07-01,1.3,0.5,2
20207949,2024-07-01,1.3,0.6,30
20207949,2024-07-01,1.3,0.7,5
20207949,2024-07-01,1.3,0.8,1
20207949,2024-07-01,1.3,0.9,14
20207949,2024-07-01,1.3,1.0,34
20207949,2024-07-01,1.3,1.1,15
20207949,2024-07-01,1.3,1.2,29
20207949,2024-07-01,1.3,1.3,18
20207949,2024-07-01,1.32,-1.2,1
20207949,2024-07-01,1.32,-1.1,2
20207949,2024-07-01,1.32,-0.7,3
20207949,2024-07-01,1.32,-0.6,5
20207949,2024-07-01,1.32,-0.5,54
20207949,2024-07-01,1.32,-0.4,44
20207949,2024-07-01,1.32,-0.3,56
20207949,2024-07-01,1.32,-0.2,194
20207949,2024-07-01,1.32,-0.1,229
20207949,2024-07-01,1.32,0.0,118
20207949,2024-07-01,1.32,0.1,85
20207949,2024-07-01,1.32,0.2,32
20207949,2024-07-01,1.32,0.3,18
20207949,2024-07-01,1.32,0.4,5
20207949,2024-07-01,1.32,0.5,4
20207949,2024-07-01,1.32,0.6,9
20207949,2024-07-01,1.32,0.7,5
20207949,2024-07-01,1.32,0.8,2
20207949,2024-07-01,1.32,0.9,103
20207949,2024-07-01,1.32,1.0,192
20207949,2024-07-01,1.32,1.1,14
20207949,2024-07-01,1.32,1.2,48
20207949,2024-07-01,1.32,1.3,1
20207949,2024-07-01,1.34,-1.1,2
20207949,2024-07-01,1.34,-1.0,2
20207949,2024-07-01,1.34,-0.9,3
20207949,2024-07-01,1.34,-0.8,14
20207949,2024-07-01,1.34,-0.7,8
20207949,2024-07-01,1.34,-0.6,5
20207949,2024-07-01,1.34,-0.5,2544
20207949,2024-07-01,1.34,-0.4,41
20207949,2024-07-01,1.34,-0.3,45
20207949,2024-07-01,1.34,-0.2,176
20207949,2024-07-01,1.34,-0.1,191
20207949,2024-07-01,1.34,0.0,91
20207949,2024-07-01,1.34,0.1,88
20207949,2024-07-01,1.34,0.2,41
20207949,2024-07-01,1.34,0.3,21
20207949,2024-07-01,1.34,0.4,5
20207949,2024-07-01,1.34,0.5,5
20207949,2024-07-01,1.34,0.6,12
20207949,2024-07-01,1.34,0.7,4
20207949,2024-07-01,1.34,0.8,1
20207949,2024-07-01,1.34,0.9,5
20207949,2024-07-01,1.34,1.0,3
20207949,2024-07-01,1.34,1.1,232
20207949,2024-07-01,1.34,1.2,69
20207949,2024-07-01,1.36,-1.6,1
20207949,2024-07-01,1.36,-1.2,1
20207949,2024-07-01,1.36,-1.1,6
20207949,2024-07-01,1.36,-0.9,9
20207949,2024-07-01,1.36,-0.8,8
20207949,2024-07-01,1.36,-0.7,6
20207949,2024-07-01,1.36,-0.6,5
20207949,2024-07-01,1.36,-0.5,668
20207949,2024-07-01,1.36,-0.4,25
20207949,2024-07-01,1.36,-0.3,28
20207949,2024-07-01,1.36,-0.2,190
20207949,2024-07-01,1.36,-0.1,181
20207949,2024-07-01,1.36,0.0,48
20207949,2024-07-01,1.36,0.1,25
20207949,2024-07-01,1.36,0.2,10
20207949,2024-07-01,1.36,0.3,18
20207949,2024-07-01,1.36,0.4,12
20207949,2024-07-01,1.36,0.5,5
20207949,2024-07-01,1.36,0.6,25
20207949,2024-07-01,1.36,0.7,2
20207949,2024-07-01,1.36,0.8,3
20207949,2024-07-01,1.36,0.9,3
20207949,2024-07-01,1.36,1.0,4
20207949,2024-07-01,1.36,1.1,8
20207949,2024-07-01,1.36,1.2,12
20207949,2024-07-01,1.36,1.3,1
20207949,2024-07-01,1.38,-1.2,2
20207949,2024-07-01,1.38,-1.1,3
20207949,2024-07-01,1.38,-1.0,10
20207949,2024-07-01,1.38,-0.9,7
20207949,2024-07-01,1.38,-0.8,2
20207949,2024-07-01,1.38,-0.7,3
20207949,2024-07-01,1.38,-0.6,19
20207949,2024-07-01,1.38,-0.5,207
20207949,2024-07-01,1.38,-0.4,46
20207949,2024-07-01,1.38,-0.3,39
20207949,2024-07-01,1.38,-0.2,107
20207949,2024-07-01,1.38,-0.1,283
20207949,2024-07-01,1.38,0.0,44
20207949,2024-07-01,1.38,0.1,46
20207949,2024-07-01,1.38,0.2,16
20207949,2024-07-01,1.38,0.3,20
20207949,2024-07-01,1.38,0.4,4
20207949,2024-07-01,1.38,0.5,2
20207949,2024-07-01,1.38,0.6,30
20207949,2024-07-01,1.38,0.7,1
20207949,2024-07-01,1.38,0.8,2
20207949,2024-07-01,1.38,0.9,4
20207949,2024-07-01,1.38,1.0,4
20207949,2024-07-01,1.38,1.1,2
20207949,2024-07-01,1.38,1.2,3
20207949,2024-07-01,1.38,1.3,2
20207949,2024-07-01,1.4,-1.2,6
20207949,2024-07-01,1.4,-0.9,2
20207949,2024-07-01,1.4,-0.8,2
20207949,2024-07-01,1.4,-0.7,3
20207949,2024-07-01,1.4,-0.6,24
20207949,2024-07-01,1.4,-0.5,17
20207949,2024-07-01,1.4,-0.4,32
20207949,2024-07-01,1.4,-0.3,26
20207949,2024-07-01,1.4,-0.2,141
20207949,2024-07-01,1.4,-0.1,227
20207949,2024-07-01,1.4,0.0,80
20207949,2024-07-01,1.4,0.1,43
20207949,2024-07-01,1.4,0.2,15
20207949,2024-07-01,1.4,0.3,42
20207949,2024-07-01,1.4,0.4,8
20207949,2024-07-01,1.4,0.5,5
20207949,2024-07-01,1.4,0.6,108
20207949,2024-07-01,1.4,0.7,1
20207949,2024-07-01,1.4,0.9,1
20207949,2024-07-01,1.4,1.0,1
20207949,2024-07-01,1.4,1.1,5
20207949,2024-07-01,1.42,-1.2,9
20207949,2024-07-01,1.42,-1.1,1
20207949,2024-07-01,1.42,-1.0,2
20207949,2024-07-01,1.42,-0.9,1
20207949,2024-07-01,1.42,-0.8,1
20207949,2024-07-01,1.42,-0.7,2
20207949,2024-07-01,1.42,-0.6,45
20207949,2024-07-01,1.42,-0.5,33
20207949,2024-07-01,1.42,-0.4,66
20207949,2024-07-01,1.42,-0.3,38
20207949,2024-07-01,1.42,-0.2,155
20207949,2024-07-01,1.42,-0.1,224
20207949,2024-07-01,1.42,0.0,78
20207949,2024-07-01,1.42,0.1,65
20207949,2024-07-01,1.42,0.2,39
20207949,2024-07-01,1.42,0.3,26
20207949,2024-07-01,1.42,0.4,1
20207949,2024-07-01,1.42,0.5,3
20207949,2024-07-01,1.42,0.6,94
20207949,2024-07-01,1.42,0.7,4
20207949,2024-07-01,1.42,0.8,4
20207949,2024-07-01,1.42,0.9,5
20207949,2024-07-01,1.42,1.0,1
20207949,2024-07-01,1.42,1.1,2
20207949,2024-07-01,1.42,1.2,1
20207949,2024-07-01,1.44,-1.6,1
20207949,2024-07-01,1.44,-1.2,4
20207949,2024-07-01,1.44,-1.1,4
20207949,2024-07-01,1.44,-1.0,4
20207949,2024-07-01,1.44,-0.9,1
20207949,2024-07-01,1.44,-0.7,3
20207949,2024-07-01,1.44,-0.6,14
20207949,2024-07-01,1.44,-0.5,17
20207949,2024-07-01,1.44,-0.4,36
20207949,2024-07-01,1.44,-0.3,41
20207949,2024-07-01,1.44,-0.2,98
20207949,2024-07-01,1.44,-0.1,172
20207949,2024-07-01,1.44,0.0,67
20207949,2024-07-01,1.44,0.1,83
20207949,2024-07-01,1.44,0.2,17
20207949,2024-07-01,1.44,0.3,14
20207949,2024-07-01,1.44,0.4,4
20207949,2024-07-01,1.44,0.5,2
20207949,2024-07-01,1.44,0.6,4
20207949,2024-07-01,1.44,0.7,2
20207949,2024-07-01,1.44,0.8,2
20207949,2024-07-01,1.44,0.9,4
20207949,2024-07-01,1.44,1.1,3
20207949,2024-07-01,1.44,1.2,2
20207949,2024-07-01,1.44,1.3,1
20207949,2024-07-01,1.46,-1.2,1
20207949,2024-07-01,1.46,-1.1,1
20207949,2024-07-01,1.46,-1.0,2
20207949,2024-07-01,1.46,-0.9,2
20207949,2024-07-01,1.46,-0.7,1
20207949,2024-07-01,1.46,-0.6,73
20207949,2024-07-01,1.46,-0.5,27
20207949,2024-07-01,1.46,-0.4,48
20207949,2024-07-01,1.46,-0.3,74
20207949,2024-07-01,1.46,-0.2,158
20207949,2024-07-01,1.46,-0.1,164
20207949,2024-07-01,1.46,0.0,74
20207949,2024-07-01,1.46,0.1,125
20207949,2024-07-01,1.46,0.2,11
20207949,2024-07-01,1.46,0.3,14
20207949,2024-07-01,1.46,0.4,10
20207949,2024-07-01,1.46,0.5,5
20207949,2024-07-01,1.46,0.6,4
20207949,2024-07-01,1.46,0.7,6
20207949,2024-07-01,1.46,0.8,9
20207949,2024-07-01,1.46,0.9,1
20207949,2024-07-01,1.46,1.0,1
20207949,2024-07-01,1.46,1.1,1
20207949,2024-07-01,1.46,1.3,1
20207949,2024-07-01,1.48,-1.2,1
20207949,2024-07-01,1.48,-1.0,2
20207949,2024-07-01,1.48,-0.9,1
20207949,2024-07-01,1.48,-0.7,1
20207949,2024-07-01,1.48,-0.6,5
20207949,2024-07-01,1.48,-0.5,20
20207949,2024-07-01,1.48,-0.4,39
20207949,2024-07-01,1.48,-0.3,35
20207949,2024-07-01,1.48,-0.2,165
20207949,2024-07-01,1.48,-0.1,153
20207949,2024-07-01,1.48,0.0,53
20207949,2024-07-01,1.48,0.1,33
20207949,2024-07-01,1.48,0.2,31
20207949,2024-07-01,1.48,0.3,21
20207949,2024-07-01,1.48,0.4,6
20207949,2024-07-01,1.48,0.5,2
20207949,2024-07-01,1.48,0.6,1
20207949,2024-07-01,1.48,0.7,9
20207949,2024-07-01,1.48,0.8,6
20207949,2024-07-01,1.48,0.9,3
20207949,2024-07-01,1.48,1.2,1
20207949,2024-07-01,1.5,-1.0,3
20207949,2024-07-01,1.5,-0.8,2
20207949,2024-07-01,1.5,-0.7,1
20207949,2024-07-01,1.5,-0.6,4
20207949,2024-07-01,1.5,-0.5,28
20207949,2024-07-01,1.5,-0.4,164
20207949,2024-07-01,1.5,-0.3,22
20207949,2024-07-01,1.5,-0.2,70
20207949,2024-07-01,1.5,-0.1,151
20207949,2024-07-01,1.5,0.0,63
20207949,2024-07-01,1.5,0.1,40
20207949,2024-07-01,1.5,0.2,10
20207949,2024-07-01,1.5,0.3,18
20207949,2024-07-01,1.5,0.4,7
20207949,2024-07-01,1.5,0.5,8
20207949,2024-07-01,1.5,0.6,4
20207949,2024-07-01,1.5,0.7,21
20207949,2024-07-01,1.5,0.8,3
20207949,2024-07-01,1.5,0.9,3
20207949,2024-07-01,1.5,1.0,1
20207949,2024-07-01,1.5,1.1,3
20207949,2024-07-01,1.52,-1.3,1
20207949,2024-07-01,1.52,-1.1,2
20207949,2024-07-01,1.52,-1.0,3
20207949,2024-07-01,1.52,-0.6,9
20207949,2024-07-01,1.52,-0.5,16
20207949,2024-07-01,1.52,-0.4,107
20207949,2024-07-01,1.52,-0.3,12
20207949,2024-07-01,1.52,-0.2,74
20207949,2024-07-01,1.52,-0.1,135
20207949,2024-07-01,1.52,0.0,49
20207949,2024-07-01,1.52,0.1,64
20207949,2024-07-01,1.52,0.2,19
20207949,2024-07-01,1.52,0.3,13
20207949,2024-07-01,1.52,0.4,8
20207949,2024-07-01,1.52,0.5,4
20207949,2024-07-01,1.52,0.6,4
20207949,2024-07-01,1.52,0.8,1
20207949,2024-07-01,1.52,0.9,1
20207949,2024-07-01,1.52,1.2,1
20207949,2024-07-01,1.54,-0.6,3
20207949,2024-07-01,1.54,-0.5,10
20207949,2024-07-01,1.54,-0.4,56
20207949,2024-07-01,1.54,-0.3,17
20207949,2024-07-01,1.54,-0.2,65
20207949,2024-07-01,1.54,-0.1,138
20207949,2024-07-01,1.54,0.0,45
20207949,2024-07-01,1.54,0.1,44
20207949,2024-07-01,1.54,0.2,12
20207949,2024-07-01,1.54,0.3,5
20207949,2024-07-01,1.54,0.4,13
20207949,2024-07-01,1.54,0.5,4
20207949,2024-07-01,1.54,0.6,9
20207949,2024-07-01,1.54,0.7,2
20207949,2024-07-01,1.54,0.8,20
20207949,2024-07-01,1.54,0.9,1
20207949,2024-07-01,1.54,1.1,4
20207949,2024-07-01,1.54,1.2,2
20207949,2024-07-01,1.56,-3.0,3
20207949,2024-07-01,1.56,-1.5,1
20207949,2024-07-01,1.56,-1.1,1
20207949,2024-07-01,1.56,-0.9,1
20207949,2024-07-01,1.56,-0.8,1
20207949,2024-07-01,1.56,-0.6,1
20207949,2024-07-01,1.56,-0.5,29
20207949,2024-07-01,1.56,-0.4,25
20207949,2024-07-01,1.56,-0.3,32
20207949,2024-07-01,1.56,-0.2,116
20207949,2024-07-01,1.56,-0.1,167
20207949,2024-07-01,1.56,0.0,35
20207949,2024-07-01,1.56,0.1,27
20207949,2024-07-01,1.56,0.2,9
20207949,2024-07-01,1.56,0.3,16
20207949,2024-07-01,1.56,0.4,18
20207949,2024-07-01,1.56,0.5,19
20207949,2024-07-01,1.56,0.6,17
20207949,2024-07-01,1.56,0.8,1
20207949,2024-07-01,1.56,0.9,2
20207949,2024-07-01,1.56,1.0,1
20207949,2024-07-01,1.56,1.1,6
20207949,2024-07-01,1.58,-3.0,1
20207949,2024-07-01,1.58,-1.5,1
20207949,2024-07-01,1.58,-1.1,1
20207949,2024-07-01,1.58,-1.0,1
20207949,2024-07-01,1.58,-0.6,3
20207949,2024-07-01,1.58,-0.5,18
20207949,2024-07-01,1.58,-0.4,133
20207949,2024-07-01,1.58,-0.3,26
20207949,2024-07-01,1.58,-0.2,111
20207949,2024-07-01,1.58,-0.1,148
20207949,2024-07-01,1.58,0.0,55
20207949,2024-07-01,1.58,0.1,19
20207949,2024-07-01,1.58,0.2,18
20207949,2024-07-01,1.58,0.3,9
20207949,2024-07-01,1.58,0.4,34
20207949,2024-07-01,1.58,0.5,33
20207949,2024-07-01,1.58,0.6,17
20207949,2024-07-01,1.58,0.8,2
20207949,2024-07-01,1.58,0.9,1
20207949,2024-07-01,1.58,1.0,2
20207949,2024-07-01,1.6,-3.0,1
20207949,2024-07-01,1.6,-1.0,2
20207949,2024-07-01,1.6,-0.7,2
20207949,2024-07-01,1.6,-0.6,1
20207949,2024-07-01,1.6,-0.5,6
20207949,2024-07-01,1.6,-0.4,33
20207949,2024-07-01,1.6,-0.3,21
20207949,2024-07-01,1.6,-0.2,62
20207949,2024-07-01,1.6,-0.1,156
20207949,2024-07-01,1.6,0.0,104
20207949,2024-07-01,1.6,0.1,44
20207949,2024-07-01,1.6,0.2,13
20207949,2024-07-01,1.6,0.3,9
20207949,2024-07-01,1.6,0.4,1
20207949,2024-07-01,1.6,0.5,3
20207949,2024-07-01,1.6,0.8,2
20207949,2024-07-01,1.6,1.0,2
20207949,2024-07-01,1.6,1.1,2
20207949,2024-07-01,1.62,-0.8,1
20207949,2024-07-01,1.62,-0.6,3
20207949,2024-07-01,1.62,-0.5,45
20207949,2024-07-01,1.62,-0.4,45
20207949,2024-07-01,1.62,-0.3,16
20207949,2024-07-01,1.62,-0.2,92
20207949,2024-07-01,1.62,-0.1,306
20207949,2024-07-01,1.62,0.0,126
20207949,2024-07-01,1.62,0.1,29
20207949,2024-07-01,1.62,0.2,19
20207949,2024-07-01,1.62,0.3,9
20207949,2024-07-01,1.62,0.4,2
20207949,2024-07-01,1.62,0.6,2
20207949,2024-07-01,1.62,0.8,2
20207949,2024-07-01,1.62,0.9,3
20207949,2024-07-01,1.62,1.0,2
20207949,2024-07-01,1.64,-1.0,3
20207949,2024-07-01,1.64,-0.5,10
20207949,2024-07-01,1.64,-0.4,44
20207949,2024-07-01,1.64,-0.3,28
20207949,2024-07-01,1.64,-0.2,56
20207949,2024-07-01,1.64,-0.1,196
20207949,2024-07-01,1.64,0.0,104
20207949,2024-07-01,1.64,0.1,46
20207949,2024-07-01,1.64,0.2,11
20207949,2024-07-01,1.64,0.3,13
20207949,2024-07-01,1.64,0.4,5
20207949,2024-07-01,1.64,0.9,1
20207949,2024-07-01,1.64,1.1,2
20207949,2024-07-01,1.66,-1.3,2
20207949,2024-07-01,1.66,-1.0,1
20207949,2024-07-01,1.66,-0.6,1
20207949,2024-07-01,1.66,-0.5,12
20207949,2024-07-01,1.66,-0.4,55
20207949,2024-07-01,1.66,-0.3,29
20207949,2024-07-01,1.66,-0.2,76
20207949,2024-07-01,1.66,-0.1,191
20207949,2024-07-01,1.66,0.0,47
20207949,2024-07-01,1.66,0.1,183
20207949,2024-07-01,1.66,0.2,11
20207949,2024-07-01,1.66,0.3,15
20207949,2024-07-01,1.66,0.4,5
20207949,2024-07-01,1.66,0.5,1
20207949,2024-07-01,1.66,0.8,1
20207949,2024-07-01,1.66,0.9,4
20207949,2024-07-01,1.68,-1.0,1
20207949,2024-07-01,1.68,-0.5,14
20207949,2024-07-01,1.68,-0.4,132
20207949,2024-07-01,1.68,-0.3,69
20207949,2024-07-01,1.68,-0.2,47
20207949,2024-07-01,1.68,-0.1,137
20207949,2024-07-01,1.68,0.0,75
20207949,2024-07-01,1.68,0.1,1759
20207949,2024-07-01,1.68,0.2,14
20207949,2024-07-01,1.68,0.3,14
20207949,2024-07-01,1.68,0.4,4
20207949,2024-07-01,1.68,0.5,2
20207949,2024-07-01,1.68,0.6,2
20207949,2024-07-01,1.68,0.8,1
20207949,2024-07-01,1.68,0.9,1
20207949,2024-07-01,1.7,-1.0,1
20207949,2024-07-01,1.7,-0.6,1
20207949,2024-07-01,1.7,-0.5,7
20207949,2024-07-01,1.7,-0.4,632
20207949,2024-07-01,1.7,-0.3,21
20207949,2024-07-01,1.7,-0.2,57
20207949,2024-07-01,1.7,-0.1,217
20207949,2024-07-01,1.7,0.0,69
20207949,2024-07-01,1.7,0.1,19
20207949,2024-07-01,1.7,0.2,279
20207949,2024-07-01,1.7,0.3,17
20207949,2024-07-01,1.7,0.4,11
20207949,2024-07-01,1.7,0.5,2
20207949,2024-07-01,1.7,0.6,2
20207949,2024-07-01,1.7,0.8,1
20207949,2024-07-01,1.7,0.9,1
20207949,2024-07-01,1.7,1.0,2
20207949,2024-07-01,1.72,-1.0,44
20207949,2024-07-01,1.72,-0.9,1
20207949,2024-07-01,1.72,-0.8,1
20207949,2024-07-01,1.72,-0.5,23
20207949,2024-07-01,1.72,-0.4,18
20207949,2024-07-01,1.72,-0.3,16
20207949,2024-07-01,1.72,-0.2,152
20207949,2024-07-01,1.72,-0.1,180
20207949,2024-07-01,1.72,0.0,92
20207949,2024-07-01,1.72,0.1,47
20207949,2024-07-01,1.72,0.2,65
20207949,2024-07-01,1.72,0.3,25
20207949,2024-07-01,1.72,0.4,13
20207949,2024-07-01,1.72,0.7,3
20207949,2024-07-01,1.72,0.8,1
20207949,2024-07-01,1.72,0.9,2
20207949,2024-07-01,1.74,-1.2,1
20207949,2024-07-01,1.74,-1.0,8
20207949,2024-07-01,1.74,-0.9,5
20207949,2024-07-01,1.74,-0.8,1
20207949,2024-07-01,1.74,-0.7,1
20207949,2024-07-01,1.74,-0.6,1
20207949,2024-07-01,1.74,-0.5,14
20207949,2024-07-01,1.74,-0.4,12
20207949,2024-07-01,1.74,-0.3,15
20207949,2024-07-01,1.74,-0.2,41
20207949,2024-07-01,1.74,-0.1,132
20207949,2024-07-01,1.74,0.0,67
20207949,2024-07-01,1.74,0.1,21
20207949,2024-07-01,1.74,0.2,6
20207949,2024-07-01,1.74,0.3,39
20207949,2024-07-01,1.74,0.4,20
20207949,2024-07-01,1.74,0.6,1
20207949,2024-07-01,1.74,0.9,2
20207949,2024-07-01,1.76,-1.0,1
20207949,2024-07-01,1.76,-0.7,1
20207949,2024-07-01,1.76,-0.6,3
20207949,2024-07-01,1.76,-0.5,11
20207949,2024-07-01,1.76,-0.4,78
20207949,2024-07-01,1.76,-0.3,14
20207949,2024-07-01,1.76,-0.2,43
20207949,2024-07-01,1.76,-0.1,122
20207949,2024-07-01,1.76,0.0,67
20207949,2024-07-01,1.76,0.1,17
20207949,2024-07-01,1.76,0.2,11
20207949,2024-07-01,1.76,0.3,144
20207949,2024-07-01,1.76,0.4,14
20207949,2024-07-01,1.76,0.5,1
20207949,2024-07-01,1.76,0.9,4
20207949,2024-07-01,1.76,1.0,10
20207949,2024-07-01,1.78,-1.0,1
20207949,2024-07-01,1.78,-0.9,1
20207949,2024-07-01,1.78,-0.8,1
20207949,2024-07-01,1.78,-0.6,2
20207949,2024-07-01,1.78,-0.5,96
20207949,2024-07-01,1.78,-0.4,21
20207949,2024-07-01,1.78,-0.3,18
20207949,2024-07-01,1.78,-0.2,31
20207949,2024-07-01,1.78,-0.1,112
20207949,2024-07-01,1.78,0.0,82
20207949,2024-07-01,1.78,0.1,14
20207949,2024-07-01,1.78,0.2,14
20207949,2024-07-01,1.78,0.3,63
20207949,2024-07-01,1.78,0.4,2
20207949,2024-07-01,1.78,0.7,1
20207949,2024-07-01,1.78,0.9,3
20207949,2024-07-01,1.78,1.0,4
20207949,2024-07-01,1.78,1.1,1
20207949,2024-07-01,1.8,-1.3,3
20207949,2024-07-01,1.8,-0.9,1
20207949,2024-07-01,1.8,-0.8,1
20207949,2024-07-01,1.8,-0.6,1
20207949,2024-07-01,1.8,-0.5,2
20207949,2024-07-01,1.8,-0.4,11
20207949,2024-07-01,1.8,-0.3,21
20207949,2024-07-01,1.8,-0.2,95
20207949,2024-07-01,1.8,-0.1,339
20207949,2024-07-01,1.8,0.0,95
20207949,2024-07-01,1.8,0.1,8
20207949,2024-07-01,1.8,0.2,6
20207949,2024-07-01,1.8,0.3,6
20207949,2024-07-01,1.8,0.5,1
20207949,2024-07-01,1.8,0.9,4
20207949,2024-07-01,1.8,1.0,1
20207949,2024-07-01,1.82,-1.3,2
20207949,2024-07-01,1.82,-1.0,3
20207949,2024-07-01,1.82,-0.8,1
20207949,2024-07-01,1.82,-0.5,5
20207949,2024-07-01,1.82,-0.4,10
20207949,2024-07-01,1.82,-0.3,22
20207949,2024-07-01,1.82,-0.2,63
20207949,2024-07-01,1.82,-0.1,135
20207949,2024-07-01,1.82,0.0,114
20207949,2024-07-01,1.82,0.1,20
20207949,2024-07-01,1.82,0.2,6
20207949,2024-07-01,1.82,0.3,6
20207949,2024-07-01,1.82,0.4,1
20207949,2024-07-01,1.82,0.5,2
20207949,2024-07-01,1.82,0.7,1
20207949,2024-07-01,1.82,0.9,6
20207949,2024-07-01,1.84,-1.0,2
20207949,2024-07-01,1.84,-0.8,3
20207949,2024-07-01,1.84,-0.7,2
20207949,2024-07-01,1.84,-0.6,2
20207949,2024-07-01,1.84,-0.5,7
20207949,2024-07-01,1.84,-0.4,24
20207949,2024-07-01,1.84,-0.3,9
20207949,2024-07-01,1.84,-0.2,39
20207949,2024-07-01,1.84,-0.1,249
20207949,2024-07-01,1.84,0.0,50
20207949,2024-07-01,1.84,0.1,14
20207949,2024-07-01,1.84,0.2,3
20207949,2024-07-01,1.84,0.3,7
20207949,2024-07-01,1.84,0.4,2
20207949,2024-07-01,1.84,0.5,1
20207949,2024-07-01,1.84,0.8,1
20207949,2024-07-01,1.84,0.9,6
20207949,2024-07-01,1.84,1.0,1
20207949,2024-07-01,1.84,1.1,1
20207949,2024-07-01,1.86,-1.0,1
20207949,2024-07-01,1.86,-0.8,11
20207949,2024-07-01,1.86,-0.4,24
20207949,2024-07-01,1.86,-0.3,12
20207949,2024-07-01,1.86,-0.2,60
20207949,2024-07-01,1.86,-0.1,173
20207949,2024-07-01,1.86,0.0,55
20207949,2024-07-01,1.86,0.1,13
20207949,2024-07-01,1.86,0.2,4
20207949,2024-07-01,1.86,0.3,4
20207949,2024-07-01,1.86,0.4,2
20207949,2024-07-01,1.86,0.5,1
20207949,2024-07-01,1.86,0.7,1
20207949,2024-07-01,1.86,0.9,7
20207949,2024-07-01,1.88,-0.8,2
20207949,2024-07-01,1.88,-0.5,5
20207949,2024-07-01,1.88,-0.4,129
20207949,2024-07-01,1.88,-0.3,8
20207949,2024-07-01,1.88,-0.2,33
20207949,2024-07-01,1.88,-0.1,156
20207949,2024-07-01,1.88,0.0,48
20207949,2024-07-01,1.88,0.1,11
20207949,2024-07-01,1.88,0.2,1
20207949,2024-07-01,1.88,0.3,1
20207949,2024-07-01,1.88,0.4,2
20207949,2024-07-01,1.88,0.6,1
20207949,2024-07-01,1.88,0.7,1
20207949,2024-07-01,1.88,0.8,1
20207949,2024-07-01,1.88,0.9,17
20207949,2024-07-01,1.9,-0.9,2
20207949,2024-07-01,1.9,-0.5,5
20207949,2024-07-01,1.9,-0.4,131
20207949,2024-07-01,1.9,-0.3,8
20207949,2024-07-01,1.9,-0.2,37
20207949,2024-07-01,1.9,-0.1,169
20207949,2024-07-01,1.9,0.0,29
20207949,2024-07-01,1.9,0.1,14
20207949,2024-07-01,1.9,0.2,4
20207949,2024-07-01,1.9,0.4,1
20207949,2024-07-01,1.9,0.9,58
20207949,2024-07-01,1.92,-1.0,1
20207949,2024-07-01,1.92,-0.5,4
20207949,2024-07-01,1.92,-0.4,4
20207949,2024-07-01,1.92,-0.3,12
20207949,2024-07-01,1.92,-0.2,26
20207949,2024-07-01,1.92,-0.1,77
20207949,2024-07-01,1.92,0.0,19
20207949,2024-07-01,1.92,0.1,11
20207949,2024-07-01,1.92,0.2,5
20207949,2024-07-01,1.92,0.3,2
20207949,2024-07-01,1.92,0.6,1
20207949,2024-07-01,1.92,0.7,1
20207949,2024-07-01,1.92,0.9,4
20207949,2024-07-01,1.94,-0.9,1
20207949,2024-07-01,1.94,-0.5,3
20207949,2024-07-01,1.94,-0.4,3
20207949,2024-07-01,1.94,-0.3,9
20207949,2024-07-01,1.94,-0.2,22
20207949,2024-07-01,1.94,-0.1,78
20207949,2024-07-01,1.94,0.0,20
20207949,2024-07-01,1.94,0.1,6
20207949,2024-07-01,1.94,0.2,4
20207949,2024-07-01,1.94,0.3,3
20207949,2024-07-01,1.94,0.8,1
20207949,2024-07-01,1.96,-0.5,4
20207949,2024-07-01,1.96,-0.4,4
20207949,2024-07-01,1.96,-0.3,10
20207949,2024-07-01,1.96,-0.2,14
20207949,2024-07-01,1.96,-0.1,300
20207949,2024-07-01,1.96,0.0,22
20207949,2024-07-01,1.96,0.1,5
20207949,2024-07-01,1.96,0.2,1
20207949,2024-07-01,1.96,0.3,4
20207949,2024-07-01,1.96,0.4,2
20207949,2024-07-01,1.96,0.6,1
20207949,2024-07-01,1.96,0.9,1
20207949,2024-07-01,1.98,-3.0,4
20207949,2024-07-01,1.98,-2.9,1
20207949,2024-07-01,1.98,-1.5,3
20207949,2024-07-01,1.98,-1.4,18
20207949,2024-07-01,1.98,-1.3,10
20207949,2024-07-01,1.98,-1.2,1
20207949,2024-07-01,1.98,-1.1,74
20207949,2024-07-01,1.98,-1.0,6
20207949,2024-07-01,1.98,-0.8,25
20207949,2024-07-01,1.98,-0.7,4
20207949,2024-07-01,1.98,-0.6,15
20207949,2024-07-01,1.98,-0.5,277
20207949,2024-07-01,1.98,-0.4,267
20207949,2024-07-01,1.98,-0.3,687
20207949,2024-07-01,1.98,-0.2,2439
20207949,2024-07-01,1.98,-0.1,7987
20207949,2024-07-01,1.98,0.0,3371
20207949,2024-07-01,1.98,0.1,1604
20207949,2024-07-01,1.98,0.2,706
20207949,2024-07-01,1.98,0.3,148
20207949,2024-07-01,1.98,0.4,28
20207949,2024-07-01,1.98,0.5,18
20207949,2024-07-01,1.98,0.6,10
20207949,2024-07-01,1.98,0.7,7
20207949,2024-07-01,1.98,0.8,83
20207949,2024-07-01,1.98,0.9,9
20207949,2024-07-01,1.98,1.0,19
20207949,2024-07-01,1.98,1.1,3
20207949,2024-07-01,1.98,1.2,8
20207949,2024-07-01,1.98,1.3,5
20207949,2024-07-01,1.98,1.4,2
20207949,2024-07-01,1.98,1.5,2
20207949,2024-07-01,1.98,1.6,2
20207949,2024-07-01,1.98,1.7,2
20207949,2024-07-01,1.98,2.0,1
23914921,2025-12-01,0.0,-2.5,4
23914921,2025-12-01,0.0,-2.2,2
23914921,2025-12-01,0.0,-2.1,1
23914921,2025-12-01,0.0,-2.0,5
23914921,2025-12-01,0.0,-1.9,14
23914921,2025-12-01,0.0,-1.8,4
23914921,2025-12-01,0.0,-1.7,4
23914921,2025-12-01,0.0,-1.6,4
23914921,2025-12-01,0.0,-1.5,5
23914921,2025-12-01,0.0,-1.4,3
23914921,2025-12-01,0.0,-1.3,28
23914921,2025-12-01,0.0,-1.2,36
23914921,2025-12-01,0.0,-1.1,49
23914921,2025-12-01,0.0,-1.0,51
23914921,2025-12-01,0.0,-0.9,58
23914921,2025-12-01,0.0,-0.8,183
23914921,2025-12-01,0.0,-0.7,296
23914921,2025-12-01,0.0,-0.6,1255
23914921,2025-12-01,0.0,-0.5,1294
23914921,2025-12-01,0.0,-0.4,979
23914921,2025-12-01,0.0,-0.3,3461
23914921,2025-12-01,0.0,-0.2,6990
23914921,2025-12-01,0.0,-0.1,29591
23914921,2025-12-01,0.0,0.0,548620
23914921,2025-12-01,0.0,0.1,244911
23914921,2025-12-01,0.0,0.2,1693
23914921,2025-12-01,0.0,0.3,980
23914921,2025-12-01,0.0,0.4,1589
23914921,2025-12-01,0.0,0.5,526
23914921,2025-12-01,0.0,0.6,880
23914921,2025-12-01,0.0,0.7,310
23914921,2025-12-01,0.0,0.8,473
23914921,2025-12-01,0.0,0.9,310
23914921,2025-12-01,0.0,1.0,378
23914921,2025-12-01,0.0,1.1,389
23914921,2025-12-01,0.0,1.2,175
23914921,2025-12-01,0.0,1.3,273
23914921,2025-12-01,0.0,1.4,545
23914921,2025-12-01,0.0,1.5,172
23914921,2025-12-01,0.0,1.6,201
23914921,2025-12-01,0.0,1.7,544
23914921,2025-12-01,0.0,1.8,313
23914921,2025-12-01,0.0,1.9,872
23914921,2025-12-01,0.0,2.0,1024
23914921,2025-12-01,0.0,2.1,27
23914921,2025-12-01,0.0,2.2,18
23914921,2025-12-01,0.0,2.3,26
23914921,2025-12-01,0.0,2.4,20
23914921,2025-12-01,0.0,2.5,12
23914921,2025-12-01,0.0,2.6,19
23914921,2025-12-01,0.0,2.7,30
23914921,2025-12-01,0.0,2.8,29
23914921,2025-12-01,0.0,2.9,332
23914921,2025-12-01,0.02,-2.7,2
23914921,2025-12-01,0.02,-2.5,14
23914921,2025-12-01,0.02,-2.4,19
23914921,2025-12-01,0.02,-2.3,4
23914921,2025-12-01,0.02,-2.2,2
23914921,2025-12-01,0.02,-2.1,2
23914921,2025-12-01,0.02,-2.0,2
23914921,2025-12-01,0.02,-1.9,2
23914921,2025-12-01,0.02,-1.8,3
23914921,2025-12-01,0.02,-1.7,17
23914921,2025-12-01,0.02,-1.6,20
23914921,2025-12-01,0.02,-1.5,47
23914921,2025-12-01,0.02,-1.4,45
23914921,2025-12-01,0.02,-1.3,125
23914921,2025-12-01,0.02,-1.2,275
23914921,2025-12-01,0.02,-1.1,255
23914921,2025-12-01,0.02,-1.0,479
23914921,2025-12-01,0.02,-0.9,2373
23914921,2025-12-01,0.02,-0.8,2175
23914921,2025-12-01,0.02,-0.7,2329
23914921,2025-12-01,0.02,-0.6,2915
23914921,2025-12-01,0.02,-0.5,13635
23914921,2025-12-01,0.02,-0.4,18053
23914921,2025-12-01,0.02,-0.3,2713
23914921,2025-12-01,0.02,-0.2,2219
23914921,2025-12-01,0.02,-0.1,11158
23914921,2025-12-01,0.02,0.0,19789
23914921,2025-12-01,0.02,0.1,1237
23914921,2025-12-01,0.02,0.2,357
23914921,2025-12-01,0.02,0.3,411
23914921,2025-12-01,0.02,0.4,666
23914921,2025-12-01,0.02,0.5,712
23914921,2025-12-01,0.02,0.6,45
23914921,2025-12-01,0.02,0.7,4
23914921,2025-12-01,0.02,0.8,1
23914921,2025-12-01,0.02,0.9,1
23914921,2025-12-01,0.02,1.0,3
23914921,2025-12-01,0.02,1.2,2
23914921,2025-12-01,0.04,-3.0,4
23914921,2025-12-01,0.04,-2.9,2
23914921,2025-12-01,0.04,-2.8,3
23914921,2025-12-01,0.04,-2.7,5
23914921,2025-12-01,0.04,-2.6,2
23914921,2025-12-01,0.04,-2.5,3
23914921,2025-12-01,0.04,-2.4,1
23914921,2025-12-01,0.04,-2.3,4
23914921,2025-12-01,0.04,-2.2,1
23914921,2025-12-01,0.04,-2.1,13
23914921,2025-12-01,0.04,-2.0,8
23914921,2025-12-01,0.04,-1.9,21
23914921,2025-12-01,0.04,-1.8,57
23914921,2025-12-01,0.04,-1.7,80
23914921,2025-12-01,0.04,-1.6,221
23914921,2025-12-01,0.04,-1.5,99
23914921,2025-12-01,0.04,-1.4,192
23914921,2025-12-01,0.04,-1.3,198
23914921,2025-12-01,0.04,-1.2,306
23914921,2025-12-01,0.04,-1.1,1376
23914921,2025-12-01,0.04,-1.0,2996
23914921,2025-12-01,0.04,-0.9,3336
23914921,2025-12-01,0.04,-0.8,2547
23914921,2025-12-01,0.04,-0.7,4297
23914921,2025-12-01,0.04,-0.6,8770
23914921,2025-12-01,0.04,-0.5,11152
23914921,2025-12-01,0.04,-0.4,92230
23914921,2025-12-01,0.04,-0.3,17804
23914921,2025-12-01,0.04,-0.2,4845
23914921,2025-12-01,0.04,-0.1,8447
23914921,2025-12-01,0.04,0.0,5660
23914921,2025-12-01,0.04,0.1,418
23914921,2025-12-01,0.04,0.2,188
23914921,2025-12-01,0.04,0.3,150
23914921,2025-12-01,0.04,0.4,285
23914921,2025-12-01,0.04,0.5,1698
23914921,2025-12-01,0.04,0.6,62
23914921,2025-12-01,0.04,0.7,17
23914921,2025-12-01,0.04,0.8,12
23914921,2025-12-01,0.04,0.9,19
23914921,2025-12-01,0.04,1.0,65
23914921,2025-12-01,0.04,1.1,6
23914921,2025-12-01,0.04,1.2,3
23914921,2025-12-01,0.04,1.3,18
23914921,2025-12-01,0.04,1.4,2
23914921,2025-12-01,0.06,-3.0,14
23914921,2025-12-01,0.06,-2.9,2
23914921,2025-12-01,0.06,-2.8,35
23914921,2025-12-01,0.06,-2.7,4
23914921,2025-12-01,0.06,-2.6,4
23914921,2025-12-01,0.06,-2.5,4
23914921,2025-12-01,0.06,-2.4,7
23914921,2025-12-01,0.06,-2.3,8
23914921,2025-12-01,0.06,-2.2,8
23914921,2025-12-01,0.06,-2.1,21
23914921,2025-12-01,0.06,-2.0,15
23914921,2025-12-01,0.06,-1.9,84
23914921,2025-12-01,0.06,-1.8,151
23914921,2025-12-01,0.06,-1.7,184
23914921,2025-12-01,0.06,-1.6,210
23914921,2025-12-01,0.06,-1.5,290
23914921,2025-12-01,0.06,-1.4,348
23914921,2025-12-01,0.06,-1.3,774
23914921,2025-12-01,0.06,-1.2,682
23914921,2025-12-01,0.06,-1.1,977
23914921,2025-12-01,0.06,-1.0,5745
23914921,2025-12-01,0.06,-0.9,2577
23914921,2025-12-01,0.06,-0.8,5522
23914921,2025-12-01,0.06,-0.7,7423
23914921,2025-12-01,0.06,-0.6,6576
23914921,2025-12-01,0.06,-0.5,15092
23914921,2025-12-01,0.06,-0.4,13683
23914921,2025-12-01,0.06,-0.3,15230
23914921,2025-12-01,0.06,-0.2,5884
23914921,2025-12-01,0.06,-0.1,6718
23914921,2025-12-01,0.06,0.0,3422
23914921,2025-12-01,0.06,0.1,779
23914921,2025-12-01,0.06,0.2,223
23914921,2025-12-01,0.06,0.3,193
23914921,2025-12-01,0.06,0.4,351
23914921,2025-12-01,0.06,0.5,4828
23914921,2025-12-01,0.06,0.6,140
23914921,2025-12-01,0.06,0.7,38
23914921,2025-12-01,0.06,0.8,7
23914921,2025-12-01,0.06,0.9,6
23914921,2025-12-01,0.06,1.0,7
23914921,2025-12-01,0.06,1.1,10
23914921,2025-12-01,0.06,1.2,1
23914921,2025-12-01,0.06,1.3,1
23914921,2025-12-01,0.06,1.7,1
23914921,2025-12-01,0.08,-3.0,35
23914921,2025-12-01,0.08,-2.9,3
23914921,2025-12-01,0.08,-2.8,5
23914921,2025-12-01,0.08,-2.7,7
23914921,2025-12-01,0.08,-2.6,11
23914921,2025-12-01,0.08,-2.5,15
23914921,2025-12-01,0.08,-2.4,16
23914921,2025-12-01,0.08,-2.3,88
23914921,2025-12-01,0.08,-2.2,38
23914921,2025-12-01,0.08,-2.1,50
23914921,2025-12-01,0.08,-2.0,60
23914921,2025-12-01,0.08,-1.9,130
23914921,2025-12-01,0.08,-1.8,327
23914921,2025-12-01,0.08,-1.7,186
23914921,2025-12-01,0.08,-1.6,210
23914921,2025-12-01,0.08,-1.5,423
23914921,2025-12-01,0.08,-1.4,496
23914921,2025-12-01,0.08,-1.3,761
23914921,2025-12-01,0.08,-1.2,1172
23914921,2025-12-01,0.08,-1.1,1418
23914921,2025-12-01,0.08,-1.0,7761
23914921,2025-12-01,0.08,-0.9,4452
23914921,2025-12-01,0.08,-0.8,9389
23914921,2025-12-01,0.08,-0.7,7665
23914921,2025-12-01,0.08,-0.6,15037
23914921,2025-12-01,0.08,-0.5,14283
23914921,2025-12-01,0.08,-0.4,17468
23914921,2025-12-01,0.08,-0.3,21850
23914921,2025-12-01,0.08,-0.2,24697
23914921,2025-12-01,0.08,-0.1,10047
23914921,2025-12-01,0.08,0.0,4560
23914921,2025-12-01,0.08,0.1,1125
23914921,2025-12-01,0.08,0.2,2240
23914921,2025-12-01,0.08,0.3,510
23914921,2025-12-01,0.08,0.4,365
23914921,2025-12-01,0.08,0.5,539
23914921,2025-12-01,0.08,0.6,22
23914921,2025-12-01,0.08,0.7,18
23914921,2025-12-01,0.08,0.8,7
23914921,2025-12-01,0.08,0.9,5
23914921,2025-12-01,0.08,1.0,3
23914921,2025-12-01,0.08,1.1,6
23914921,2025-12-01,0.08,1.2,5
23914921,2025-12-01,0.08,1.6,2
23914921,2025-12-01,0.1,-3.0,45
23914921,2025-12-01,0.1,-2.9,15
23914921,2025-12-01,0.1,-2.8,23
23914921,2025-12-01,0.1,-2.7,24
23914921,2025-12-01,0.1,-2.6,45
23914921,2025-12-01,0.1,-2.5,55
23914921,2025-12-01,0.1,-2.4,55
23914921,2025-12-01,0.1,-2.3,67
23914921,2025-12-01,0.1,-2.2,99
23914921,2025-12-01,0.1,-2.1,115
23914921,2025-12-01,0.1,-2.0,136
23914921,2025-12-01,0.1,-1.9,337
23914921,2025-12-01,0.1,-1.8,320
23914921,2025-12-01,0.1,-1.7,348
23914921,2025-12-01,0.1,-1.6,417
23914921,2025-12-01,0.1,-1.5,848
23914921,2025-12-01,0.1,-1.4,859
23914921,2025-12-01,0.1,-1.3,1485
23914921,2025-12-01,0.1,-1.2,1469
23914921,2025-12-01,0.1,-1.1,2138
23914921,2025-12-01,0.1,-1.0,15006
23914921,2025-12-01,0.1,-0.9,8135
23914921,2025-12-01,0.1,-0.8,11957
23914921,2025-12-01,0.1,-0.7,10908
23914921,2025-12-01,0.1,-0.6,6457
23914921,2025-12-01,0.1,-0.5,7913
23914921,2025-12-01,0.1,-0.4,14072
23914921,2025-12-01,0.1,-0.3,21785
23914921,2025-12-01,0.1,-0.2,16006
23914921,2025-12-01,0.1,-0.1,7942
23914921,2025-12-01,0.1,0.0,2895
23914921,2025-12-01,0.1,0.1,1235
23914921,2025-12-01,0.1,0.2,813
23914921,2025-12-01,0.1,0.3,516
23914921,2025-12-01,0.1,0.4,128
23914921,2025-12-01,0.1,0.5,49
23914921,2025-12-01,0.1,0.6,15
23914921,2025-12-01,0.1,0.7,12
23914921,2025-12-01,0.1,0.8,13
23914921,2025-12-01,0.1,0.9,11
23914921,2025-12-01,0.1,1.0,13
23914921,2025-12-01,0.1,1.1,27
23914921,2025-12-01,0.1,1.2,9
23914921,2025-12-01,0.1,1.3,1
23914921,2025-12-01,0.1,1.4,1
23914921,2025-12-01,0.1,1.8,1
23914921,2025-12-01,0.12,-3.0,24
23914921,2025-12-01,0.12,-2.9,25
23914921,2025-12-01,0.12,-2.8,24
23914921,2025-12-01,0.12,-2.7,47
23914921,2025-12-01,0.12,-2.6,64
23914921,2025-12-01,0.12,-2.5,73
23914921,2025-12-01,0.12,-2.4,113
23914921,2025-12-01,0.12,-2.3,186
23914921,2025-12-01,0.12,-2.2,235
23914921,2025-12-01,0.12,-2.1,274
23914921,2025-12-01,0.12,-2.0,366
23914921,2025-12-01,0.12,-1.9,700
23914921,2025-12-01,0.12,-1.8,618
23914921,2025-12-01,0.12,-1.7,701
23914921,2025-12-01,0.12,-1.6,754
23914921,2025-12-01,0.12,-1.5,1129
23914921,2025-12-01,0.12,-1.4,1401
23914921,2025-12-01,0.12,-1.3,1720
23914921,2025-12-01,0.12,-1.2,3561
23914921,2025-12-01,0.12,-1.1,3372
23914921,2025-12-01,0.12,-1.0,8115
23914921,2025-12-01,0.12,-0.9,16062
23914921,2025-12-01,0.12,-0.8,13223
23914921,2025-12-01,0.12,-0.7,9666
23914921,2025-12-01,0.12,-0.6,7734
23914921,2025-12-01,0.12,-0.5,7865
23914921,2025-12-01,0.12,-0.4,11409
23914921,2025-12-01,0.12,-0.3,26911
23914921,2025-12-01,0.12,-0.2,23764
23914921,2025-12-01,0.12,-0.1,10669
23914921,2025-12-01,0.12,0.0,2336
23914921,2025-12-01,0.12,0.1,2079
23914921,2025-12-01,0.12,0.2,525
23914921,2025-12-01,0.12,0.3,283
23914921,2025-12-01,0.12,0.4,119
23914921,2025-12-01,0.12,0.5,27
23914921,2025-12-01,0.12,0.6,27
23914921,2025-12-01,0.12,0.7,17
23914921,2025-12-01,0.12,0.8,10
23914921,2025-12-01,0.12,0.9,11
23914921,2025-12-01,0.12,1.0,22
23914921,2025-12-01,0.12,1.1,21
23914921,2025-12-01,0.12,1.2,478
23914921,2025-12-01,0.14,-3.0,38
23914921,2025-12-01,0.14,-2.9,22
23914921,2025-12-01,0.14,-2.8,33
23914921,2025-12-01,0.14,-2.7,35
23914921,2025-12-01,0.14,-2.6,46
23914921,2025-12-01,0.14,-2.5,79
23914921,2025-12-01,0.14,-2.4,147
23914921,2025-12-01,0.14,-2.3,233
23914921,2025-12-01,0.14,-2.2,457
23914921,2025-12-01,0.14,-2.1,461
23914921,2025-12-01,0.14,-2.0,835
23914921,2025-12-01,0.14,-1.9,1114
23914921,2025-12-01,0.14,-1.8,1182
23914921,2025-12-01,0.14,-1.7,1452
23914921,2025-12-01,0.14,-1.6,1744
23914921,2025-12-01,0.14,-1.5,2585
23914921,2025-12-01,0.14,-1.4,2728
23914921,2025-12-01,0.14,-1.3,2920
23914921,2025-12-01,0.14,-1.2,4159
23914921,2025-12-01,0.14,-1.1,5888
23914921,2025-12-01,0.14,-1.0,8732
23914921,2025-12-01,0.14,-0.9,17622
23914921,2025-12-01,0.14,-0.8,14360
23914921,2025-12-01,0.14,-0.7,9370
23914921,2025-12-01,0.14,-0.6,7057
23914921,2025-12-01,0.14,-0.5,10169
23914921,2025-12-01,0.14,-0.4,14566
23914921,2025-12-01,0.14,-0.3,24604
23914921,2025-12-01,0.14,-0.2,31478
23914921,2025-12-01,0.14,-0.1,16724
23914921,2025-12-01,0.14,0.0,1778
23914921,2025-12-01,0.14,0.1,1080
23914921,2025-12-01,0.14,0.2,417
23914921,2025-12-01,0.14,0.3,94
23914921,2025-12-01,0.14,0.4,117
23914921,2025-12-01,0.14,0.5,46
23914921,2025-12-01,0.14,0.6,25
23914921,2025-12-01,0.14,0.7,41
23914921,2025-12-01,0.14,0.8,27
23914921,2025-12-01,0.14,0.9,61
23914921,2025-12-01,0.14,1.0,16
23914921,2025-12-01,0.14,1.1,8
23914921,2025-12-01,0.14,1.3,1
23914921,2025-12-01,0.14,1.6,8
23914921,2025-12-01,0.16,-3.0,43
23914921,2025-12-01,0.16,-2.9,23
23914921,2025-12-01,0.16,-2.8,21
23914921,2025-12-01,0.16,-2.7,40
23914921,2025-12-01,0.16,-2.6,60
23914921,2025-12-01,0.16,-2.5,102
23914921,2025-12-01,0.16,-2.4,177
23914921,2025-12-01,0.16,-2.3,265
23914921,2025-12-01,0.16,-2.2,389
23914921,2025-12-01,0.16,-2.1,652
23914921,2025-12-01,0.16,-2.0,880
23914921,2025-12-01,0.16,-1.9,1410
23914921,2025-12-01,0.16,-1.8,1948
23914921,2025-12-01,0.16,-1.7,2079
23914921,2025-12-01,0.16,-1.6,2671
23914921,2025-12-01,0.16,-1.5,3288
23914921,2025-12-01,0.16,-1.4,4471
23914921,2025-12-01,0.16,-1.3,4851
23914921,2025-12-01,0.16,-1.2,6369
23914921,2025-12-01,0.16,-1.1,8964
23914921,2025-12-01,0.16,-1.0,11888
23914921,2025-12-01,0.16,-0.9,27083
23914921,2025-12-01,0.16,-0.8,16833
23914921,2025-12-01,0.16,-0.7,9902
23914921,2025-12-01,0.16,-0.6,7667
23914921,2025-12-01,0.16,-0.5,9147
23914921,2025-12-01,0.16,-0.4,6656
23914921,2025-12-01,0.16,-0.3,14762
23914921,2025-12-01,0.16,-0.2,17293
23914921,2025-12-01,0.16,-0.1,6048
23914921,2025-12-01,0.16,0.0,2236
23914921,2025-12-01,0.16,0.1,875
23914921,2025-12-01,0.16,0.2,318
23914921,2025-12-01,0.16,0.3,157
23914921,2025-12-01,0.16,0.4,101
23914921,2025-12-01,0.16,0.5,90
23914921,2025-12-01,0.16,0.6,37
23914921,2025-12-01,0.16,0.7,70
23914921,2025-12-01,0.16,0.8,36
23914921,2025-12-01,0.16,0.9,12
23914921,2025-12-01,0.16,1.0,8
23914921,2025-12-01,0.16,1.1,2
23914921,2025-12-01,0.16,1.3,3
23914921,2025-12-01,0.16,1.4,1
23914921,2025-12-01,0.16,1.5,1
23914921,2025-12-01,0.18,-3.0,54
23914921,2025-12-01,0.18,-2.9,25
23914921,2025-12-01,0.18,-2.8,24
23914921,2025-12-01,0.18,-2.7,39
23914921,2025-12-01,0.18,-2.6,52
23914921,2025-12-01,0.18,-2.5,85
23914921,2025-12-01,0.18,-2.4,167
23914921,2025-12-01,0.18,-2.3,215
23914921,2025-12-01,0.18,-2.2,366
23914921,2025-12-01,0.18,-2.1,567
23914921,2025-12-01,0.18,-2.0,827
23914921,2025-12-01,0.18,-1.9,1509
23914921,2025-12-01,0.18,-1.8,2504
23914921,2025-12-01,0.18,-1.7,3011
23914921,2025-12-01,0.18,-1.6,4311
23914921,2025-12-01,0.18,-1.5,5258
23914921,2025-12-01,0.18,-1.4,6075
23914921,2025-12-01,0.18,-1.3,8189
23914921,2025-12-01,0.18,-1.2,34827
23914921,2025-12-01,0.18,-1.1,12981
23914921,2025-12-01,0.18,-1.0,18304
23914921,2025-12-01,0.18,-0.9,48281
23914921,2025-12-01,0.18,-0.8,35935
23914921,2025-12-01,0.18,-0.7,11341
23914921,2025-12-01,0.18,-0.6,7497
23914921,2025-12-01,0.18,-0.5,6451
23914921,2025-12-01,0.18,-0.4,10920
23914921,2025-12-01,0.18,-0.3,9108
23914921,2025-12-01,0.18,-0.2,23959
23914921,2025-12-01,0.18,-0.1,5791
23914921,2025-12-01,0.18,0.0,1343
23914921,2025-12-01,0.18,0.1,761
23914921,2025-12-01,0.18,0.2,382
23914921,2025-12-01,0.18,0.3,196
23914921,2025-12-01,0.18,0.4,92
23914921,2025-12-01,0.18,0.5,112
23914921,2025-12-01,0.18,0.6,64
23914921,2025-12-01,0.18,0.7,48
23914921,2025-12-01,0.18,0.8,18
23914921,2025-12-01,0.18,0.9,10
23914921,2025-12-01,0.18,1.0,10
23914921,2025-12-01,0.18,1.1,4
23914921,2025-12-01,0.18,1.2,9
23914921,2025-12-01,0.18,1.3,2
23914921,2025-12-01,0.18,1.4,2
23914921,2025-12-01,0.18,1.5,1
23914921,2025-12-01,0.18,1.9,1
23914921,2025-12-01,0.2,-3.0,178
23914921,2025-12-01,0.2,-2.9,28
23914921,2025-12-01,0.2,-2.8,27
23914921,2025-12-01,0.2,-2.7,48
23914921,2025-12-01,0.2,-2.6,72
23914921,2025-12-01,0.2,-2.5,277
23914921,2025-12-01,0.2,-2.4,219
23914921,2025-12-01,0.2,-2.3,282
23914921,2025-12-01,0.2,-2.2,530
23914921,2025-12-01,0.2,-2.1,586
23914921,2025-12-01,0.2,-2.0,1011
23914921,2025-12-01,0.2,-1.9,1665
23914921,2025-12-01,0.2,-1.8,2448
23914921,2025-12-01,0.2,-1.7,3561
23914921,2025-12-01,0.2,-1.6,4791
23914921,2025-12-01,0.2,-1.5,7958
23914921,2025-12-01,0.2,-1.4,9281
23914921,2025-12-01,0.2,-1.3,11631
23914921,2025-12-01,0.2,-1.2,16653
23914921,2025-12-01,0.2,-1.1,25218
23914921,2025-12-01,0.2,-1.0,30595
23914921,2025-12-01,0.2,-0.9,41308
23914921,2025-12-01,0.2,-0.8,55442
23914921,2025-12-01,0.2,-0.7,15553
23914921,2025-12-01,0.2,-0.6,18271
23914921,2025-12-01,0.2,-0.5,6728
23914921,2025-12-01,0.2,-0.4,7316
23914921,2025-12-01,0.2,-0.3,6029
23914921,2025-12-01,0.2,-0.2,8740
23914921,2025-12-01,0.2,-0.1,4891
23914921,2025-12-01,0.2,0.0,2807
23914921,2025-12-01,0.2,0.1,688
23914921,2025-12-01,0.2,0.2,317
23914921,2025-12-01,0.2,0.3,215
23914921,2025-12-01,0.2,0.4,118
23914921,2025-12-01,0.2,0.5,132
23914921,2025-12-01,0.2,0.6,53
23914921,2025-12-01,0.2,0.7,24
23914921,2025-12-01,0.2,0.8,400
23914921,2025-12-01,0.2,0.9,3
23914921,2025-12-01,0.2,1.0,8
23914921,2025-12-01,0.2,1.1,7
23914921,2025-12-01,0.2,1.2,5
23914921,2025-12-01,0.2,1.3,4
23914921,2025-12-01,0.2,1.4,2
23914921,2025-12-01,0.2,1.5,1
23914921,2025-12-01,0.2,1.8,1
23914921,2025-12-01,0.2,1.9,1
23914921,2025-12-01,0.22,-3.0,262
23914921,2025-12-01,0.22,-2.9,27
23914921,2025-12-01,0.22,-2.8,27
23914921,2025-12-01,0.22,-2.7,41
23914921,2025-12-01,0.22,-2.6,53
23914921,2025-12-01,0.22,-2.5,84
23914921,2025-12-01,0.22,-2.4,179
23914921,2025-12-01,0.22,-2.3,400
23914921,2025-12-01,0.22,-2.2,680
23914921,2025-12-01,0.22,-2.1,677
23914921,2025-12-01,0.22,-2.0,1095
23914921,2025-12-01,0.22,-1.9,2992
23914921,2025-12-01,0.22,-1.8,2274
23914921,2025-12-01,0.22,-1.7,3908
23914921,2025-12-01,0.22,-1.6,5341
23914921,2025-12-01,0.22,-1.5,7077
23914921,2025-12-01,0.22,-1.4,9892
23914921,2025-12-01,0.22,-1.3,16903
23914921,2025-12-01,0.22,-1.2,22099
23914921,2025-12-01,0.22,-1.1,31510
23914921,2025-12-01,0.22,-1.0,47486
23914921,2025-12-01,0.22,-0.9,44685
23914921,2025-12-01,0.22,-0.8,98197
23914921,2025-12-01,0.22,-0.7,32066
23914921,2025-12-01,0.22,-0.6,18837
23914921,2025-12-01,0.22,-0.5,9743
23914921,2025-12-01,0.22,-0.4,8698
23914921,2025-12-01,0.22,-0.3,6140
23914921,2025-12-01,0.22,-0.2,7970
23914921,2025-12-01,0.22,-0.1,4091
23914921,2025-12-01,0.22,0.0,1216
23914921,2025-12-01,0.22,0.1,518
23914921,2025-12-01,0.22,0.2,446
23914921,2025-12-01,0.22,0.3,286
23914921,2025-12-01,0.22,0.4,115
23914921,2025-12-01,0.22,0.5,134
23914921,2025-12-01,0.22,0.6,53
23914921,2025-12-01,0.22,0.7,56
23914921,2025-12-01,0.22,0.8,77
23914921,2025-12-01,0.22,0.9,16
23914921,2025-12-01,0.22,1.0,16
23914921,2025-12-01,0.22,1.1,9
23914921,2025-12-01,0.22,1.2,5
23914921,2025-12-01,0.22,1.3,5
23914921,2025-12-01,0.22,1.4,4
23914921,2025-12-01,0.22,1.5,1
23914921,2025-12-01,0.22,1.6,1
23914921,2025-12-01,0.22,1.7,1
23914921,2025-12-01,0.22,1.9,1
23914921,2025-12-01,0.22,2.0,3
23914921,2025-12-01,0.24,-3.0,249
23914921,2025-12-01,0.24,-2.9,25
23914921,2025-12-01,0.24,-2.8,42
23914921,2025-12-01,0.24,-2.7,46
23914921,2025-12-01,0.24,-2.6,51
23914921,2025-12-01,0.24,-2.5,70
23914921,2025-12-01,0.24,-2.4,129
23914921,2025-12-01,0.24,-2.3,224
23914921,2025-12-01,0.24,-2.2,750
23914921,2025-12-01,0.24,-2.1,1229
23914921,2025-12-01,0.24,-2.0,2366
23914921,2025-12-01,0.24,-1.9,2016
23914921,2025-12-01,0.24,-1.8,2839
23914921,2025-12-01,0.24,-1.7,3715
23914921,2025-12-01,0.24,-1.6,5804
23914921,2025-12-01,0.24,-1.5,8455
23914921,2025-12-01,0.24,-1.4,10655
23914921,2025-12-01,0.24,-1.3,14859
23914921,2025-12-01,0.24,-1.2,25780
23914921,2025-12-01,0.24,-1.1,40724
23914921,2025-12-01,0.24,-1.0,97151
23914921,2025-12-01,0.24,-0.9,50976
23914921,2025-12-01,0.24,-0.8,68848
23914921,2025-12-01,0.24,-0.7,45750
23914921,2025-12-01,0.24,-0.6,18486
23914921,2025-12-01,0.24,-0.5,10128
23914921,2025-12-01,0.24,-0.4,12172
23914921,2025-12-01,0.24,-0.3,9101
23914921,2025-12-01,0.24,-0.2,12099
23914921,2025-12-01,0.24,-0.1,4612
23914921,2025-12-01,0.24,0.0,1217
23914921,2025-12-01,0.24,0.1,2735
23914921,2025-12-01,0.24,0.2,564
23914921,2025-12-01,0.24,0.3,491
23914921,2025-12-01,0.24,0.4,140
23914921,2025-12-01,0.24,0.5,126
23914921,2025-12-01,0.24,0.6,413
23914921,2025-12-01,0.24,0.7,77
23914921,2025-12-01,0.24,0.8,35
23914921,2025-12-01,0.24,0.9,17
23914921,2025-12-01,0.24,1.0,17
23914921,2025-12-01,0.24,1.1,5
23914921,2025-12-01,0.24,1.2,8
23914921,2025-12-01,0.24,1.3,4
23914921,2025-12-01,0.24,1.4,12
23914921,2025-12-01,0.24,1.5,15
23914921,2025-12-01,0.24,1.8,1
23914921,2025-12-01,0.24,1.9,10
23914921,2025-12-01,0.24,2.0,1
23914921,2025-12-01,0.26,-3.0,442
23914921,2025-12-01,0.26,-2.9,56
23914921,2025-12-01,0.26,-2.8,30
23914921,2025-12-01,0.26,-2.7,49
23914921,2025-12-01,0.26,-2.6,58
23914921,2025-12-01,0.26,-2.5,85
23914921,2025-12-01,0.26,-2.4,101
23914921,2025-12-01,0.26,-2.3,237
23914921,2025-12-01,0.26,-2.2,392
23914921,2025-12-01,0.26,-2.1,604
23914921,2025-12-01,0.26,-2.0,851
23914921,2025-12-01,0.26,-1.9,1543
23914921,2025-12-01,0.26,-1.8,3335
23914921,2025-12-01,0.26,-1.7,3979
23914921,2025-12-01,0.26,-1.6,5888
23914921,2025-12-01,0.26,-1.5,8110
23914921,2025-12-01,0.26,-1.4,10067
23914921,2025-12-01,0.26,-1.3,15520
23914921,2025-12-01,0.26,-1.2,29567
23914921,2025-12-01,0.26,-1.1,50088
23914921,2025-12-01,0.26,-1.0,78978
23914921,2025-12-01,0.26,-0.9,70642
23914921,2025-12-01,0.26,-0.8,60711
23914921,2025-12-01,0.26,-0.7,45844
23914921,2025-12-01,0.26,-0.6,18571
23914921,2025-12-01,0.26,-0.5,10454
23914921,2025-12-01,0.26,-0.4,11242
23914921,2025-12-01,0.26,-0.3,9639
23914921,2025-12-01,0.26,-0.2,10233
23914921,2025-12-01,0.26,-0.1,5433
23914921,2025-12-01,0.26,0.0,1522
23914921,2025-12-01,0.26,0.1,765
23914921,2025-12-01,0.26,0.2,910
23914921,2025-12-01,0.26,0.3,323
23914921,2025-12-01,0.26,0.4,237
23914921,2025-12-01,0.26,0.5,270
23914921,2025-12-01,0.26,0.6,78
23914921,2025-12-01,0.26,0.7,56
23914921,2025-12-01,0.26,0.8,69
23914921,2025-12-01,0.26,0.9,45
23914921,2025-12-01,0.26,1.0,24
23914921,2025-12-01,0.26,1.1,44
23914921,2025-12-01,0.26,1.2,12
23914921,2025-12-01,0.26,1.3,18
23914921,2025-12-01,0.26,1.4,3
23914921,2025-12-01,0.26,1.5,4
23914921,2025-12-01,0.26,1.6,2
23914921,2025-12-01,0.26,1.7,2
23914921,2025-12-01,0.26,1.8,1
23914921,2025-12-01,0.28,-3.0,45
23914921,2025-12-01,0.28,-2.9,131
23914921,2025-12-01,0.28,-2.8,174
23914921,2025-12-01,0.28,-2.7,163
23914921,2025-12-01,0.28,-2.6,63
23914921,2025-12-01,0.28,-2.5,74
23914921,2025-12-01,0.28,-2.4,143
23914921,2025-12-01,0.28,-2.3,195
23914921,2025-12-01,0.28,-2.2,350
23914921,2025-12-01,0.28,-2.1,563
23914921,2025-12-01,0.28,-2.0,812
23914921,2025-12-01,0.28,-1.9,1334
23914921,2025-12-01,0.28,-1.8,2248
23914921,2025-12-01,0.28,-1.7,3205
23914921,2025-12-01,0.28,-1.6,4714
23914921,2025-12-01,0.28,-1.5,8578
23914921,2025-12-01,0.28,-1.4,10373
23914921,2025-12-01,0.28,-1.3,16164
23914921,2025-12-01,0.28,-1.2,34774
23914921,2025-12-01,0.28,-1.1,40998
23914921,2025-12-01,0.28,-1.0,60685
23914921,2025-12-01,0.28,-0.9,63498
23914921,2025-12-01,0.28,-0.8,53666
23914921,2025-12-01,0.28,-0.7,180286
23914921,2025-12-01,0.28,-0.6,20722
23914921,2025-12-01,0.28,-0.5,12451
23914921,2025-12-01,0.28,-0.4,7147
23914921,2025-12-01,0.28,-0.3,7427
23914921,2025-12-01,0.28,-0.2,7867
23914921,2025-12-01,0.28,-0.1,6601
23914921,2025-12-01,0.28,0.0,1511
23914921,2025-12-01,0.28,0.1,2290
23914921,2025-12-01,0.28,0.2,540
23914921,2025-12-01,0.28,0.3,409
23914921,2025-12-01,0.28,0.4,294
23914921,2025-12-01,0.28,0.5,425
23914921,2025-12-01,0.28,0.6,141
23914921,2025-12-01,0.28,0.7,93
23914921,2025-12-01,0.28,0.8,83
23914921,2025-12-01,0.28,0.9,42
23914921,2025-12-01,0.28,1.0,86
23914921,2025-12-01,0.28,1.1,70
23914921,2025-12-01,0.28,1.2,28
23914921,2025-12-01,0.28,1.3,3
23914921,2025-12-01,0.28,1.4,17
23914921,2025-12-01,0.28,1.5,4
23914921,2025-12-01,0.28,1.6,3
23914921,2025-12-01,0.28,1.7,2
23914921,2025-12-01,0.28,2.0,1
23914921,2025-12-01,0.3,-3.0,16
23914921,2025-12-01,0.3,-2.9,17
23914921,2025-12-01,0.3,-2.8,35
23914921,2025-12-01,0.3,-2.7,48
23914921,2025-12-01,0.3,-2.6,96
23914921,2025-12-01,0.3,-2.5,89
23914921,2025-12-01,0.3,-2.4,111
23914921,2025-12-01,0.3,-2.3,201
23914921,2025-12-01,0.3,-2.2,279
23914921,2025-12-01,0.3,-2.1,450
23914921,2025-12-01,0.3,-2.0,822
23914921,2025-12-01,0.3,-1.9,1140
23914921,2025-12-01,0.3,-1.8,1900
23914921,2025-12-01,0.3,-1.7,2607
23914921,2025-12-01,0.3,-1.6,4123
23914921,2025-12-01,0.3,-1.5,5661
23914921,2025-12-01,0.3,-1.4,10241
23914921,2025-12-01,0.3,-1.3,15702
23914921,2025-12-01,0.3,-1.2,28241
23914921,2025-12-01,0.3,-1.1,34519
23914921,2025-12-01,0.3,-1.0,45433
23914921,2025-12-01,0.3,-0.9,48616
23914921,2025-12-01,0.3,-0.8,38416
23914921,2025-12-01,0.3,-0.7,104565
23914921,2025-12-01,0.3,-0.6,19174
23914921,2025-12-01,0.3,-0.5,16633
23914921,2025-12-01,0.3,-0.4,8998
23914921,2025-12-01,0.3,-0.3,6483
23914921,2025-12-01,0.3,-0.2,5559
23914921,2025-12-01,0.3,-0.1,4951
23914921,2025-12-01,0.3,0.0,1601
23914921,2025-12-01,0.3,0.1,1268
23914921,2025-12-01,0.3,0.2,1063
23914921,2025-12-01,0.3,0.3,772
23914921,2025-12-01,0.3,0.4,350
23914921,2025-12-01,0.3,0.5,236
23914921,2025-12-01,0.3,0.6,150
23914921,2025-12-01,0.3,0.7,62
23914921,2025-12-01,0.3,0.8,67
23914921,2025-12-01,0.3,0.9,34
23914921,2025-12-01,0.3,1.0,108
23914921,2025-12-01,0.3,1.1,59
23914921,2025-12-01,0.3,1.2,10
23914921,2025-12-01,0.3,1.3,40
23914921,2025-12-01,0.3,1.4,16
23914921,2025-12-01,0.3,1.5,3
23914921,2025-12-01,0.3,1.6,3
23914921,2025-12-01,0.3,1.7,7
23914921,2025-12-01,0.3,2.1,1
23914921,2025-12-01,0.32,-3.0,14
23914921,2025-12-01,0.32,-2.9,3
23914921,2025-12-01,0.32,-2.8,7
23914921,2025-12-01,0.32,-2.7,10
23914921,2025-12-01,0.32,-2.6,36
23914921,2025-12-01,0.32,-2.5,87
23914921,2025-12-01,0.32,-2.4,73
23914921,2025-12-01,0.32,-2.3,158
23914921,2025-12-01,0.32,-2.2,262
23914921,2025-12-01,0.32,-2.1,431
23914921,2025-12-01,0.32,-2.0,768
23914921,2025-12-01,0.32,-1.9,1143
23914921,2025-12-01,0.32,-1.8,2022
23914921,2025-12-01,0.32,-1.7,2146
23914921,2025-12-01,0.32,-1.6,3195
23914921,2025-12-01,0.32,-1.5,4623
23914921,2025-12-01,0.32,-1.4,11145
23914921,2025-12-01,0.32,-1.3,21983
23914921,2025-12-01,0.32,-1.2,19048
23914921,2025-12-01,0.32,-1.1,32374
23914921,2025-12-01,0.32,-1.0,45803
23914921,2025-12-01,0.32,-0.9,41742
23914921,2025-12-01,0.32,-0.8,36074
23914921,2025-12-01,0.32,-0.7,134797
23914921,2025-12-01,0.32,-0.6,17834
23914921,2025-12-01,0.32,-0.5,14358
23914921,2025-12-01,0.32,-0.4,15491
23914921,2025-12-01,0.32,-0.3,17496
23914921,2025-12-01,0.32,-0.2,5534
23914921,2025-12-01,0.32,-0.1,6366
23914921,2025-12-01,0.32,0.0,1485
23914921,2025-12-01,0.32,0.1,1234
23914921,2025-12-01,0.32,0.2,1389
23914921,2025-12-01,0.32,0.3,1415
23914921,2025-12-01,0.32,0.4,434
23914921,2025-12-01,0.32,0.5,518
23914921,2025-12-01,0.32,0.6,133
23914921,2025-12-01,0.32,0.7,73
23914921,2025-12-01,0.32,0.8,95
23914921,2025-12-01,0.32,0.9,77
23914921,2025-12-01,0.32,1.0,44
23914921,2025-12-01,0.32,1.1,10
23914921,2025-12-01,0.32,1.2,44
23914921,2025-12-01,0.32,1.3,47
23914921,2025-12-01,0.32,1.4,6
23914921,2025-12-01,0.32,1.5,4
23914921,2025-12-01,0.32,1.6,2
23914921,2025-12-01,0.32,1.7,1
23914921,2025-12-01,0.34,-3.0,5
23914921,2025-12-01,0.34,-2.9,9
23914921,2025-12-01,0.34,-2.8,9
23914921,2025-12-01,0.34,-2.7,27
23914921,2025-12-01,0.34,-2.6,36
23914921,2025-12-01,0.34,-2.5,59
23914921,2025-12-01,0.34,-2.4,132
23914921,2025-12-01,0.34,-2.3,176
23914921,2025-12-01,0.34,-2.2,155
23914921,2025-12-01,0.34,-2.1,420
23914921,2025-12-01,0.34,-2.0,904
23914921,2025-12-01,0.34,-1.9,1621
23914921,2025-12-01,0.34,-1.8,1953
23914921,2025-12-01,0.34,-1.7,1861
23914921,2025-12-01,0.34,-1.6,2692
23914921,2025-12-01,0.34,-1.5,4294
23914921,2025-12-01,0.34,-1.4,6466
23914921,2025-12-01,0.34,-1.3,16694
23914921,2025-12-01,0.34,-1.2,17630
23914921,2025-12-01,0.34,-1.1,22329
23914921,2025-12-01,0.34,-1.0,32037
23914921,2025-12-01,0.34,-0.9,35286
23914921,2025-12-01,0.34,-0.8,38231
23914921,2025-12-01,0.34,-0.7,24905
23914921,2025-12-01,0.34,-0.6,16751
23914921,2025-12-01,0.34,-0.5,14564
23914921,2025-12-01,0.34,-0.4,48835
23914921,2025-12-01,0.34,-0.3,6289
23914921,2025-12-01,0.34,-0.2,4354
23914921,2025-12-01,0.34,-0.1,3986
23914921,2025-12-01,0.34,0.0,1485
23914921,2025-12-01,0.34,0.1,940
23914921,2025-12-01,0.34,0.2,865
23914921,2025-12-01,0.34,0.3,2450
23914921,2025-12-01,0.34,0.4,376
23914921,2025-12-01,0.34,0.5,490
23914921,2025-12-01,0.34,0.6,184
23914921,2025-12-01,0.34,0.7,178
23914921,2025-12-01,0.34,0.8,175
23914921,2025-12-01,0.34,0.9,70
23914921,2025-12-01,0.34,1.0,50
23914921,2025-12-01,0.34,1.1,46
23914921,2025-12-01,0.34,1.2,113
23914921,2025-12-01,0.34,1.3,7
23914921,2025-12-01,0.34,1.4,10
23914921,2025-12-01,0.34,1.5,4
23914921,2025-12-01,0.34,1.6,3
23914921,2025-12-01,0.34,2.1,1
23914921,2025-12-01,0.36,-3.0,5
23914921,2025-12-01,0.36,-2.8,3
23914921,2025-12-01,0.36,-2.7,10
23914921,2025-12-01,0.36,-2.6,18
23914921,2025-12-01,0.36,-2.5,43
23914921,2025-12-01,0.36,-2.4,52
23914921,2025-12-01,0.36,-2.3,136
23914921,2025-12-01,0.36,-2.2,157
23914921,2025-12-01,0.36,-2.1,224
23914921,2025-12-01,0.36,-2.0,688
23914921,2025-12-01,0.36,-1.9,2114
23914921,2025-12-01,0.36,-1.8,2439
23914921,2025-12-01,0.36,-1.7,1162
23914921,2025-12-01,0.36,-1.6,1849
23914921,2025-12-01,0.36,-1.5,3586
23914921,2025-12-01,0.36,-1.4,3893
23914921,2025-12-01,0.36,-1.3,8377
23914921,2025-12-01,0.36,-1.2,13622
23914921,2025-12-01,0.36,-1.1,15607
23914921,2025-12-01,0.36,-1.0,24238
23914921,2025-12-01,0.36,-0.9,28140
23914921,2025-12-01,0.36,-0.8,23191
23914921,2025-12-01,0.36,-0.7,18923
23914921,2025-12-01,0.36,-0.6,20558
23914921,2025-12-01,0.36,-0.5,23282
23914921,2025-12-01,0.36,-0.4,18305
23914921,2025-12-01,0.36,-0.3,5270
23914921,2025-12-01,0.36,-0.2,4043
23914921,2025-12-01,0.36,-0.1,4231
23914921,2025-12-01,0.36,0.0,1550
23914921,2025-12-01,0.36,0.1,1166
23914921,2025-12-01,0.36,0.2,1102
23914921,2025-12-01,0.36,0.3,2525
23914921,2025-12-01,0.36,0.4,433
23914921,2025-12-01,0.36,0.5,225
23914921,2025-12-01,0.36,0.6,219
23914921,2025-12-01,0.36,0.7,327
23914921,2025-12-01,0.36,0.8,196
23914921,2025-12-01,0.36,0.9,143
23914921,2025-12-01,0.36,1.0,85
23914921,2025-12-01,0.36,1.1,59
23914921,2025-12-01,0.36,1.2,150
23914921,2025-12-01,0.36,1.3,7
23914921,2025-12-01,0.36,1.4,13
23914921,2025-12-01,0.36,1.5,1
23914921,2025-12-01,0.36,1.6,1
23914921,2025-12-01,0.36,1.7,3
23914921,2025-12-01,0.36,2.2,2
23914921,2025-12-01,0.38,-3.0,9
23914921,2025-12-01,0.38,-2.9,3
23914921,2025-12-01,0.38,-2.6,12
23914921,2025-12-01,0.38,-2.5,28
23914921,2025-12-01,0.38,-2.4,52
23914921,2025-12-01,0.38,-2.3,68
23914921,2025-12-01,0.38,-2.2,103
23914921,2025-12-01,0.38,-2.1,111
23914921,2025-12-01,0.38,-2.0,400
23914921,2025-12-01,0.38,-1.9,948
23914921,2025-12-01,0.38,-1.8,1181
23914921,2025-12-01,0.38,-1.7,1369
23914921,2025-12-01,0.38,-1.6,1115
23914921,2025-12-01,0.38,-1.5,2408
23914921,2025-12-01,0.38,-1.4,2709
23914921,2025-12-01,0.38,-1.3,4368
23914921,2025-12-01,0.38,-1.2,11510
23914921,2025-12-01,0.38,-1.1,18459
23914921,2025-12-01,0.38,-1.0,10469
23914921,2025-12-01,0.38,-0.9,16292
23914921,2025-12-01,0.38,-0.8,23876
23914921,2025-12-01,0.38,-0.7,14165
23914921,2025-12-01,0.38,-0.6,12160
23914921,2025-12-01,0.38,-0.5,11045
23914921,2025-12-01,0.38,-0.4,10671
23914921,2025-12-01,0.38,-0.3,7465
23914921,2025-12-01,0.38,-0.2,5673
23914921,2025-12-01,0.38,-0.1,3780
23914921,2025-12-01,0.38,0.0,1393
23914921,2025-12-01,0.38,0.1,963
23914921,2025-12-01,0.38,0.2,1219
23914921,2025-12-01,0.38,0.3,625
23914921,2025-12-01,0.38,0.4,330
23914921,2025-12-01,0.38,0.5,278
23914921,2025-12-01,0.38,0.6,101
23914921,2025-12-01,0.38,0.7,81
23914921,2025-12-01,0.38,0.8,71
23914921,2025-12-01,0.38,0.9,84
23914921,2025-12-01,0.38,1.0,150
23914921,2025-12-01,0.38,1.1,28
23914921,2025-12-01,0.38,1.2,12
23914921,2025-12-01,0.38,1.3,10
23914921,2025-12-01,0.38,1.4,4
23914921,2025-12-01,0.38,1.5,5
23914921,2025-12-01,0.38,1.6,4
23914921,2025-12-01,0.38,1.7,1
23914921,2025-12-01,0.38,1.9,1
23914921,2025-12-01,0.38,2.0,4
23914921,2025-12-01,0.38,2.3,2
23914921,2025-12-01,0.4,-3.0,9
23914921,2025-12-01,0.4,-2.9,1
23914921,2025-12-01,0.4,-2.7,5
23914921,2025-12-01,0.4,-2.6,3
23914921,2025-12-01,0.4,-2.5,21
23914921,2025-12-01,0.4,-2.4,79
23914921,2025-12-01,0.4,-2.3,90
23914921,2025-12-01,0.4,-2.2,204
23914921,2025-12-01,0.4,-2.1,70
23914921,2025-12-01,0.4,-2.0,154
23914921,2025-12-01,0.4,-1.9,325
23914921,2025-12-01,0.4,-1.8,752
23914921,2025-12-01,0.4,-1.7,1305
23914921,2025-12-01,0.4,-1.6,1387
23914921,2025-12-01,0.4,-1.5,1162
23914921,2025-12-01,0.4,-1.4,1866
23914921,2025-12-01,0.4,-1.3,2663
23914921,2025-12-01,0.4,-1.2,7232
23914921,2025-12-01,0.4,-1.1,12431
23914921,2025-12-01,0.4,-1.0,7648
23914921,2025-12-01,0.4,-0.9,10588
23914921,2025-12-01,0.4,-0.8,11248
23914921,2025-12-01,0.4,-0.7,11650
23914921,2025-12-01,0.4,-0.6,11454
23914921,2025-12-01,0.4,-0.5,11227
23914921,2025-12-01,0.4,-0.4,6894
23914921,2025-12-01,0.4,-0.3,6384
23914921,2025-12-01,0.4,-0.2,4090
23914921,2025-12-01,0.4,-0.1,3562
23914921,2025-12-01,0.4,0.0,1465
23914921,2025-12-01,0.4,0.1,1124
23914921,2025-12-01,0.4,0.2,1056
23914921,2025-12-01,0.4,0.3,367
23914921,2025-12-01,0.4,0.4,422
23914921,2025-12-01,0.4,0.5,787
23914921,2025-12-01,0.4,0.6,7127
23914921,2025-12-01,0.4,0.7,48
23914921,2025-12-01,0.4,0.8,114
23914921,2025-12-01,0.4,0.9,262
23914921,2025-12-01,0.4,1.0,92
23914921,2025-12-01,0.4,1.1,14
23914921,2025-12-01,0.4,1.2,24
23914921,2025-12-01,0.4,1.3,14
23914921,2025-12-01,0.4,1.4,7
23914921,2025-12-01,0.4,1.5,5
23914921,2025-12-01,0.4,1.6,3
23914921,2025-12-01,0.4,1.7,1
23914921,2025-12-01,0.4,1.8,2
23914921,2025-12-01,0.4,1.9,1
23914921,2025-12-01,0.4,2.1,1
23914921,2025-12-01,0.4,2.2,3
23914921,2025-12-01,0.4,2.3,2
23914921,2025-12-01,0.42,-3.0,11
23914921,2025-12-01,0.42,-2.9,1
23914921,2025-12-01,0.42,-2.7,4
23914921,2025-12-01,0.42,-2.6,3
23914921,2025-12-01,0.42,-2.5,6
23914921,2025-12-01,0.42,-2.4,32
23914921,2025-12-01,0.42,-2.3,123
23914921,2025-12-01,0.42,-2.2,181
23914921,2025-12-01,0.42,-2.1,83
23914921,2025-12-01,0.42,-2.0,139
23914921,2025-12-01,0.42,-1.9,291
23914921,2025-12-01,0.42,-1.8,600
23914921,2025-12-01,0.42,-1.7,692
23914921,2025-12-01,0.42,-1.6,1267
23914921,2025-12-01,0.42,-1.5,1380
23914921,2025-12-01,0.42,-1.4,1282
23914921,2025-12-01,0.42,-1.3,2183
23914921,2025-12-01,0.42,-1.2,3039
23914921,2025-12-01,0.42,-1.1,7295
23914921,2025-12-01,0.42,-1.0,7088
23914921,2025-12-01,0.42,-0.9,10650
23914921,2025-12-01,0.42,-0.8,10184
23914921,2025-12-01,0.42,-0.7,9148
23914921,2025-12-01,0.42,-0.6,9835
23914921,2025-12-01,0.42,-0.5,10630
23914921,2025-12-01,0.42,-0.4,6512
23914921,2025-12-01,0.42,-0.3,5316
23914921,2025-12-01,0.42,-0.2,3033
23914921,2025-12-01,0.42,-0.1,3448
23914921,2025-12-01,0.42,0.0,1348
23914921,2025-12-01,0.42,0.1,1268
23914921,2025-12-01,0.42,0.2,1441
23914921,2025-12-01,0.42,0.3,397
23914921,2025-12-01,0.42,0.4,399
23914921,2025-12-01,0.42,0.5,1299
23914921,2025-12-01,0.42,0.6,72
23914921,2025-12-01,0.42,0.7,43
23914921,2025-12-01,0.42,0.8,149
23914921,2025-12-01,0.42,0.9,167
23914921,2025-12-01,0.42,1.0,28
23914921,2025-12-01,0.42,1.1,26
23914921,2025-12-01,0.42,1.2,15
23914921,2025-12-01,0.42,1.3,36
23914921,2025-12-01,0.42,1.4,16
23914921,2025-12-01,0.42,1.5,10
23914921,2025-12-01,0.42,1.6,2
23914921,2025-12-01,0.42,1.7,3
23914921,2025-12-01,0.42,1.9,1
23914921,2025-12-01,0.42,2.0,1
23914921,2025-12-01,0.42,2.1,1
23914921,2025-12-01,0.42,2.2,1
23914921,2025-12-01,0.42,2.6,1
23914921,2025-12-01,0.44,-3.0,308
23914921,2025-12-01,0.44,-2.9,1
23914921,2025-12-01,0.44,-2.6,3
23914921,2025-12-01,0.44,-2.5,1
23914921,2025-12-01,0.44,-2.4,9
23914921,2025-12-01,0.44,-2.3,26
23914921,2025-12-01,0.44,-2.2,79
23914921,2025-12-01,0.44,-2.1,107
23914921,2025-12-01,0.44,-2.0,121
23914921,2025-12-01,0.44,-1.9,473
23914921,2025-12-01,0.44,-1.8,822
23914921,2025-12-01,0.44,-1.7,526
23914921,2025-12-01,0.44,-1.6,3290
23914921,2025-12-01,0.44,-1.5,2536
23914921,2025-12-01,0.44,-1.4,996
23914921,2025-12-01,0.44,-1.3,2029
23914921,2025-12-01,0.44,-1.2,2493
23914921,2025-12-01,0.44,-1.1,4694
23914921,2025-12-01,0.44,-1.0,6546
23914921,2025-12-01,0.44,-0.9,6498
23914921,2025-12-01,0.44,-0.8,6720
23914921,2025-12-01,0.44,-0.7,7103
23914921,2025-12-01,0.44,-0.6,10861
23914921,2025-12-01,0.44,-0.5,8341
23914921,2025-12-01,0.44,-0.4,7532
23914921,2025-12-01,0.44,-0.3,4464
23914921,2025-12-01,0.44,-0.2,4114
23914921,2025-12-01,0.44,-0.1,2466
23914921,2025-12-01,0.44,0.0,1275
23914921,2025-12-01,0.44,0.1,1899
23914921,2025-12-01,0.44,0.2,2531
23914921,2025-12-01,0.44,0.3,463
23914921,2025-12-01,0.44,0.4,224
23914921,2025-12-01,0.44,0.5,134
23914921,2025-12-01,0.44,0.6,66
23914921,2025-12-01,0.44,0.7,49
23914921,2025-12-01,0.44,0.8,42
23914921,2025-12-01,0.44,0.9,20
23914921,2025-12-01,0.44,1.0,27
23914921,2025-12-01,0.44,1.1,20
23914921,2025-12-01,0.44,1.2,24
23914921,2025-12-01,0.44,1.3,14
23914921,2025-12-01,0.44,1.4,17
23914921,2025-12-01,0.44,1.5,12
23914921,2025-12-01,0.44,1.6,6
23914921,2025-12-01,0.44,2.0,1
23914921,2025-12-01,0.44,2.1,4
23914921,2025-12-01,0.44,2.3,2
23914921,2025-12-01,0.44,2.5,3
23914921,2025-12-01,0.46,-3.0,3
23914921,2025-12-01,0.46,-2.8,1
23914921,2025-12-01,0.46,-2.7,3
23914921,2025-12-01,0.46,-2.5,8
23914921,2025-12-01,0.46,-2.4,6
23914921,2025-12-01,0.46,-2.3,16
23914921,2025-12-01,0.46,-2.2,33
23914921,2025-12-01,0.46,-2.1,63
23914921,2025-12-01,0.46,-2.0,107
23914921,2025-12-01,0.46,-1.9,252
23914921,2025-12-01,0.46,-1.8,1785
23914921,2025-12-01,0.46,-1.7,364
23914921,2025-12-01,0.46,-1.6,463
23914921,2025-12-01,0.46,-1.5,567
23914921,2025-12-01,0.46,-1.4,868
23914921,2025-12-01,0.46,-1.3,1147
23914921,2025-12-01,0.46,-1.2,2627
23914921,2025-12-01,0.46,-1.1,4415
23914921,2025-12-01,0.46,-1.0,5918
23914921,2025-12-01,0.46,-0.9,4409
23914921,2025-12-01,0.46,-0.8,5002
23914921,2025-12-01,0.46,-0.7,5479
23914921,2025-12-01,0.46,-0.6,7872
23914921,2025-12-01,0.46,-0.5,8735
23914921,2025-12-01,0.46,-0.4,6778
23914921,2025-12-01,0.46,-0.3,4047
23914921,2025-12-01,0.46,-0.2,3515
23914921,2025-12-01,0.46,-0.1,2582
23914921,2025-12-01,0.46,0.0,887
23914921,2025-12-01,0.46,0.1,1201
23914921,2025-12-01,0.46,0.2,3872
23914921,2025-12-01,0.46,0.3,455
23914921,2025-12-01,0.46,0.4,190
23914921,2025-12-01,0.46,0.5,173
23914921,2025-12-01,0.46,0.6,106
23914921,2025-12-01,0.46,0.7,22
23914921,2025-12-01,0.46,0.8,19
23914921,2025-12-01,0.46,0.9,23
23914921,2025-12-01,0.46,1.0,16
23914921,2025-12-01,0.46,1.1,19
23914921,2025-12-01,0.46,1.2,24
23914921,2025-12-01,0.46,1.3,21
23914921,2025-12-01,0.46,1.4,19
23914921,2025-12-01,0.46,1.5,16
23914921,2025-12-01,0.46,1.6,2
23914921,2025-12-01,0.46,1.8,1
23914921,2025-12-01,0.46,1.9,1
23914921,2025-12-01,0.46,2.2,3
23914921,2025-12-01,0.46,2.3,4
23914921,2025-12-01,0.46,2.4,8
23914921,2025-12-01,0.46,2.5,2
23914921,2025-12-01,0.48,-3.0,1
23914921,2025-12-01,0.48,-2.9,1
23914921,2025-12-01,0.48,-2.7,2
23914921,2025-12-01,0.48,-2.6,3
23914921,2025-12-01,0.48,-2.5,1
23914921,2025-12-01,0.48,-2.4,9
23914921,2025-12-01,0.48,-2.3,7
23914921,2025-12-01,0.48,-2.2,36
23914921,2025-12-01,0.48,-2.1,43
23914921,2025-12-01,0.48,-2.0,68
23914921,2025-12-01,0.48,-1.9,115
23914921,2025-12-01,0.48,-1.8,231
23914921,2025-12-01,0.48,-1.7,436
23914921,2025-12-01,0.48,-1.6,398
23914921,2025-12-01,0.48,-1.5,487
23914921,2025-12-01,0.48,-1.4,749
23914921,2025-12-01,0.48,-1.3,749
23914921,2025-12-01,0.48,-1.2,2583
23914921,2025-12-01,0.48,-1.1,1578
23914921,2025-12-01,0.48,-1.0,3263
23914921,2025-12-01,0.48,-0.9,4341
23914921,2025-12-01,0.48,-0.8,4435
23914921,2025-12-01,0.48,-0.7,5539
23914921,2025-12-01,0.48,-0.6,6685
23914921,2025-12-01,0.48,-0.5,7942
23914921,2025-12-01,0.48,-0.4,5261
23914921,2025-12-01,0.48,-0.3,2959
23914921,2025-12-01,0.48,-0.2,3160
23914921,2025-12-01,0.48,-0.1,4043
23914921,2025-12-01,0.48,0.0,823
23914921,2025-12-01,0.48,0.1,639
23914921,2025-12-01,0.48,0.2,699
23914921,2025-12-01,0.48,0.3,235
23914921,2025-12-01,0.48,0.4,199
23914921,2025-12-01,0.48,0.5,111
23914921,2025-12-01,0.48,0.6,94
23914921,2025-12-01,0.48,0.7,23
23914921,2025-12-01,0.48,0.8,24
23914921,2025-12-01,0.48,0.9,9
23914921,2025-12-01,0.48,1.0,10
23914921,2025-12-01,0.48,1.1,22
23914921,2025-12-01,0.48,1.2,36
23914921,2025-12-01,0.48,1.3,25
23914921,2025-12-01,0.48,1.4,26
23914921,2025-12-01,0.48,1.5,15
23914921,2025-12-01,0.48,1.6,8
23914921,2025-12-01,0.48,1.7,4
23914921,2025-12-01,0.48,1.8,1
23914921,2025-12-01,0.48,1.9,3
23914921,2025-12-01,0.48,2.1,1
23914921,2025-12-01,0.48,2.2,6
23914921,2025-12-01,0.48,2.3,28
23914921,2025-12-01,0.48,2.4,3
23914921,2025-12-01,0.5,-3.0,1
23914921,2025-12-01,0.5,-2.9,1
23914921,2025-12-01,0.5,-2.8,1
23914921,2025-12-01,0.5,-2.7,1
23914921,2025-12-01,0.5,-2.6,5
23914921,2025-12-01,0.5,-2.5,1
23914921,2025-12-01,0.5,-2.4,4
23914921,2025-12-01,0.5,-2.3,5
23914921,2025-12-01,0.5,-2.2,22
23914921,2025-12-01,0.5,-2.1,26
23914921,2025-12-01,0.5,-2.0,55
23914921,2025-12-01,0.5,-1.9,72
23914921,2025-12-01,0.5,-1.8,124
23914921,2025-12-01,0.5,-1.7,790
23914921,2025-12-01,0.5,-1.6,273
23914921,2025-12-01,0.5,-1.5,441
23914921,2025-12-01,0.5,-1.4,812
23914921,2025-12-01,0.5,-1.3,791
23914921,2025-12-01,0.5,-1.2,1197
23914921,2025-12-01,0.5,-1.1,2122
23914921,2025-12-01,0.5,-1.0,6223
23914921,2025-12-01,0.5,-0.9,3426
23914921,2025-12-01,0.5,-0.8,6361
23914921,2025-12-01,0.5,-0.7,5909
23914921,2025-12-01,0.5,-0.6,5451
23914921,2025-12-01,0.5,-0.5,5464
23914921,2025-12-01,0.5,-0.4,7368
23914921,2025-12-01,0.5,-0.3,3023
23914921,2025-12-01,0.5,-0.2,3586
23914921,2025-12-01,0.5,-0.1,4244
23914921,2025-12-01,0.5,0.0,1072
23914921,2025-12-01,0.5,0.1,540
23914921,2025-12-01,0.5,0.2,473
23914921,2025-12-01,0.5,0.3,386
23914921,2025-12-01,0.5,0.4,272
23914921,2025-12-01,0.5,0.5,265
23914921,2025-12-01,0.5,0.6,200
23914921,2025-12-01,0.5,0.7,20
23914921,2025-12-01,0.5,0.8,71
23914921,2025-12-01,0.5,0.9,6
23914921,2025-12-01,0.5,1.0,14
23914921,2025-12-01,0.5,1.1,21
23914921,2025-12-01,0.5,1.2,46
23914921,2025-12-01,0.5,1.3,29
23914921,2025-12-01,0.5,1.4,14
23914921,2025-12-01,0.5,1.5,21
23914921,2025-12-01,0.5,1.6,16
23914921,2025-12-01,0.5,1.7,3
23914921,2025-12-01,0.5,1.8,4
23914921,2025-12-01,0.5,1.9,2
23914921,2025-12-01,0.5,2.0,1
23914921,2025-12-01,0.5,2.1,4
23914921,2025-12-01,0.5,2.2,19
23914921,2025-12-01,0.5,2.3,38
23914921,2025-12-01,0.52,-2.7,1
23914921,2025-12-01,0.52,-2.5,1
23914921,2025-12-01,0.52,-2.4,3
23914921,2025-12-01,0.52,-2.3,7
23914921,2025-12-01,0.52,-2.2,9
23914921,2025-12-01,0.52,-2.1,32
23914921,2025-12-01,0.52,-2.0,40
23914921,2025-12-01,0.52,-1.9,65
23914921,2025-12-01,0.52,-1.8,64
23914921,2025-12-01,0.52,-1.7,132
23914921,2025-12-01,0.52,-1.6,222
23914921,2025-12-01,0.52,-1.5,401
23914921,2025-12-01,0.52,-1.4,1190
23914921,2025-12-01,0.52,-1.3,864
23914921,2025-12-01,0.52,-1.2,824
23914921,2025-12-01,0.52,-1.1,1919
23914921,2025-12-01,0.52,-1.0,1245
23914921,2025-12-01,0.52,-0.9,2460
23914921,2025-12-01,0.52,-0.8,4021
23914921,2025-12-01,0.52,-0.7,5004
23914921,2025-12-01,0.52,-0.6,4940
23914921,2025-12-01,0.52,-0.5,5675
23914921,2025-12-01,0.52,-0.4,4062
23914921,2025-12-01,0.52,-0.3,2968
23914921,2025-12-01,0.52,-0.2,3655
23914921,2025-12-01,0.52,-0.1,2264
23914921,2025-12-01,0.52,0.0,724
23914921,2025-12-01,0.52,0.1,432
23914921,2025-12-01,0.52,0.2,362
23914921,2025-12-01,0.52,0.3,482
23914921,2025-12-01,0.52,0.4,633
23914921,2025-12-01,0.52,0.5,89
23914921,2025-12-01,0.52,0.6,39
23914921,2025-12-01,0.52,0.7,10
23914921,2025-12-01,0.52,0.8,7
23914921,2025-12-01,0.52,0.9,12
23914921,2025-12-01,0.52,1.0,6
23914921,2025-12-01,0.52,1.1,17
23914921,2025-12-01,0.52,1.2,43
23914921,2025-12-01,0.52,1.3,52
23914921,2025-12-01,0.52,1.4,15
23914921,2025-12-01,0.52,1.5,36
23914921,2025-12-01,0.52,1.6,22
23914921,2025-12-01,0.52,1.7,7
23914921,2025-12-01,0.52,1.8,3
23914921,2025-12-01,0.52,2.1,10
23914921,2025-12-01,0.52,2.2,5
23914921,2025-12-01,0.54,-3.0,2
23914921,2025-12-01,0.54,-2.9,1
23914921,2025-12-01,0.54,-2.8,1
23914921,2025-12-01,0.54,-2.6,1
23914921,2025-12-01,0.54,-2.5,1
23914921,2025-12-01,0.54,-2.3,3
23914921,2025-12-01,0.54,-2.2,5
23914921,2025-12-01,0.54,-2.1,22
23914921,2025-12-01,0.54,-2.0,67
23914921,2025-12-01,0.54,-1.9,31
23914921,2025-12-01,0.54,-1.8,48
23914921,2025-12-01,0.54,-1.7,86
23914921,2025-12-01,0.54,-1.6,167
23914921,2025-12-01,0.54,-1.5,247
23914921,2025-12-01,0.54,-1.4,553
23914921,2025-12-01,0.54,-1.3,570
23914921,2025-12-01,0.54,-1.2,610
23914921,2025-12-01,0.54,-1.1,1042
23914921,2025-12-01,0.54,-1.0,1844
23914921,2025-12-01,0.54,-0.9,2495
23914921,2025-12-01,0.54,-0.8,2258
23914921,2025-12-01,0.54,-0.7,3050
23914921,2025-12-01,0.54,-0.6,4272
23914921,2025-12-01,0.54,-0.5,6077
23914921,2025-12-01,0.54,-0.4,4094
23914921,2025-12-01,0.54,-0.3,5205
23914921,2025-12-01,0.54,-0.2,2920
23914921,2025-12-01,0.54,-0.1,1747
23914921,2025-12-01,0.54,0.0,853
23914921,2025-12-01,0.54,0.1,750
23914921,2025-12-01,0.54,0.2,302
23914921,2025-12-01,0.54,0.3,324
23914921,2025-12-01,0.54,0.4,156
23914921,2025-12-01,0.54,0.5,63
23914921,2025-12-01,0.54,0.6,28
23914921,2025-12-01,0.54,0.7,11
23914921,2025-12-01,0.54,0.8,7
23914921,2025-12-01,0.54,0.9,7
23914921,2025-12-01,0.54,1.0,10
23914921,2025-12-01,0.54,1.1,10
23914921,2025-12-01,0.54,1.2,28
23914921,2025-12-01,0.54,1.3,89
23914921,2025-12-01,0.54,1.4,17
23914921,2025-12-01,0.54,1.5,43
23914921,2025-12-01,0.54,1.6,35
23914921,2025-12-01,0.54,1.7,34
23914921,2025-12-01,0.54,1.8,1
23914921,2025-12-01,0.54,1.9,2
23914921,2025-12-01,0.54,2.0,2
23914921,2025-12-01,0.54,2.1,2
23914921,2025-12-01,0.56,-2.7,2
23914921,2025-12-01,0.56,-2.6,3
23914921,2025-12-01,0.56,-2.5,2
23914921,2025-12-01,0.56,-2.4,3
23914921,2025-12-01,0.56,-2.3,6
23914921,2025-12-01,0.56,-2.2,11
23914921,2025-12-01,0.56,-2.1,15
23914921,2025-12-01,0.56,-2.0,40
23914921,2025-12-01,0.56,-1.9,56
23914921,2025-12-01,0.56,-1.8,36
23914921,2025-12-01,0.56,-1.7,78
23914921,2025-12-01,0.56,-1.6,86
23914921,2025-12-01,0.56,-1.5,127
23914921,2025-12-01,0.56,-1.4,208
23914921,2025-12-01,0.56,-1.3,427
23914921,2025-12-01,0.56,-1.2,707
23914921,2025-12-01,0.56,-1.1,624
23914921,2025-12-01,0.56,-1.0,1231
23914921,2025-12-01,0.56,-0.9,2889
23914921,2025-12-01,0.56,-0.8,1692
23914921,2025-12-01,0.56,-0.7,2223
23914921,2025-12-01,0.56,-0.6,3666
23914921,2025-12-01,0.56,-0.5,4921
23914921,2025-12-01,0.56,-0.4,5247
23914921,2025-12-01,0.56,-0.3,4204
23914921,2025-12-01,0.56,-0.2,1825
23914921,2025-12-01,0.56,-0.1,1626
23914921,2025-12-01,0.56,0.0,652
23914921,2025-12-01,0.56,0.1,682
23914921,2025-12-01,0.56,0.2,193
23914921,2025-12-01,0.56,0.3,506
23914921,2025-12-01,0.56,0.4,328
23914921,2025-12-01,0.56,0.5,84
23914921,2025-12-01,0.56,0.6,33
23914921,2025-12-01,0.56,0.7,12
23914921,2025-12-01,0.56,0.8,3
23914921,2025-12-01,0.56,0.9,4
23914921,2025-12-01,0.56,1.0,8
23914921,2025-12-01,0.56,1.1,20
23914921,2025-12-01,0.56,1.2,31
23914921,2025-12-01,0.56,1.3,59
23914921,2025-12-01,0.56,1.4,18
23914921,2025-12-01,0.56,1.5,29
23914921,2025-12-01,0.56,1.6,146
23914921,2025-12-01,0.56,1.7,24
23914921,2025-12-01,0.56,1.8,1
23914921,2025-12-01,0.56,1.9,1
23914921,2025-12-01,0.56,2.0,3
23914921,2025-12-01,0.56,2.1,1
23914921,2025-12-01,0.58,-2.9,1
23914921,2025-12-01,0.58,-2.8,2
23914921,2025-12-01,0.58,-2.7,2
23914921,2025-12-01,0.58,-2.5,1
23914921,2025-12-01,0.58,-2.4,6
23914921,2025-12-01,0.58,-2.3,10
23914921,2025-12-01,0.58,-2.2,3
23914921,2025-12-01,0.58,-2.1,10
23914921,2025-12-01,0.58,-2.0,15
23914921,2025-12-01,0.58,-1.9,74
23914921,2025-12-01,0.58,-1.8,53
23914921,2025-12-01,0.58,-1.7,58
23914921,2025-12-01,0.58,-1.6,83
23914921,2025-12-01,0.58,-1.5,189
23914921,2025-12-01,0.58,-1.4,200
23914921,2025-12-01,0.58,-1.3,234
23914921,2025-12-01,0.58,-1.2,501
23914921,2025-12-01,0.58,-1.1,606
23914921,2025-12-01,0.58,-1.0,658
23914921,2025-12-01,0.58,-0.9,1599
23914921,2025-12-01,0.58,-0.8,1361
23914921,2025-12-01,0.58,-0.7,1650
23914921,2025-12-01,0.58,-0.6,2706
23914921,2025-12-01,0.58,-0.5,4893
23914921,2025-12-01,0.58,-0.4,3410
23914921,2025-12-01,0.58,-0.3,4392
23914921,2025-12-01,0.58,-0.2,2272
23914921,2025-12-01,0.58,-0.1,2037
23914921,2025-12-01,0.58,0.0,568
23914921,2025-12-01,0.58,0.1,555
23914921,2025-12-01,0.58,0.2,164
23914921,2025-12-01,0.58,0.3,152
23914921,2025-12-01,0.58,0.4,253
23914921,2025-12-01,0.58,0.5,114
23914921,2025-12-01,0.58,0.6,34
23914921,2025-12-01,0.58,0.7,8
23914921,2025-12-01,0.58,0.8,8
23914921,2025-12-01,0.58,0.9,3
23914921,2025-12-01,0.58,1.0,11
23914921,2025-12-01,0.58,1.1,19
23914921,2025-12-01,0.58,1.2,22
23914921,2025-12-01,0.58,1.3,59
23914921,2025-12-01,0.58,1.4,30
23914921,2025-12-01,0.58,1.5,182
23914921,2025-12-01,0.58,1.6,582
23914921,2025-12-01,0.58,1.7,3
23914921,2025-12-01,0.58,1.9,1
23914921,2025-12-01,0.6,-2.9,2
23914921,2025-12-01,0.6,-2.8,3
23914921,2025-12-01,0.6,-2.7,7
23914921,2025-12-01,0.6,-2.6,13
23914921,2025-12-01,0.6,-2.5,1
23914921,2025-12-01,0.6,-2.4,1
23914921,2025-12-01,0.6,-2.3,9
23914921,2025-12-01,0.6,-2.2,6
23914921,2025-12-01,0.6,-2.1,10
23914921,2025-12-01,0.6,-2.0,21
23914921,2025-12-01,0.6,-1.9,34
23914921,2025-12-01,0.6,-1.8,92
23914921,2025-12-01,0.6,-1.7,44
23914921,2025-12-01,0.6,-1.6,104
23914921,2025-12-01,0.6,-1.5,99
23914921,2025-12-01,0.6,-1.4,237
23914921,2025-12-01,0.6,-1.3,148
23914921,2025-12-01,0.6,-1.2,317
23914921,2025-12-01,0.6,-1.1,444
23914921,2025-12-01,0.6,-1.0,501
23914921,2025-12-01,0.6,-0.9,756
23914921,2025-12-01,0.6,-0.8,2057
23914921,2025-12-01,0.6,-0.7,1426
23914921,2025-12-01,0.6,-0.6,2207
23914921,2025-12-01,0.6,-0.5,3409
23914921,2025-12-01,0.6,-0.4,3659
23914921,2025-12-01,0.6,-0.3,2459
23914921,2025-12-01,0.6,-0.2,2095
23914921,2025-12-01,0.6,-0.1,1708
23914921,2025-12-01,0.6,0.0,541
23914921,2025-12-01,0.6,0.1,434
23914921,2025-12-01,0.6,0.2,211
23914921,2025-12-01,0.6,0.3,117
23914921,2025-12-01,0.6,0.4,89
23914921,2025-12-01,0.6,0.5,39
23914921,2025-12-01,0.6,0.6,29
23914921,2025-12-01,0.6,0.7,12
23914921,2025-12-01,0.6,0.8,4
23914921,2025-12-01,0.6,0.9,11
23914921,2025-12-01,0.6,1.0,4
23914921,2025-12-01,0.6,1.1,10
23914921,2025-12-01,0.6,1.2,20
23914921,2025-12-01,0.6,1.3,79
23914921,2025-12-01,0.6,1.4,30
23914921,2025-12-01,0.6,1.5,48
23914921,2025-12-01,0.6,1.6,45
23914921,2025-12-01,0.6,1.7,1
23914921,2025-12-01,0.6,1.8,4
23914921,2025-12-01,0.6,1.9,1
23914921,2025-12-01,0.62,-2.8,1
23914921,2025-12-01,0.62,-2.7,6
23914921,2025-12-01,0.62,-2.6,20
23914921,2025-12-01,0.62,-2.5,2
23914921,2025-12-01,0.62,-2.4,1
23914921,2025-12-01,0.62,-2.3,7
23914921,2025-12-01,0.62,-2.2,3
23914921,2025-12-01,0.62,-2.1,8
23914921,2025-12-01,0.62,-2.0,8
23914921,2025-12-01,0.62,-1.9,21
23914921,2025-12-01,0.62,-1.8,43
23914921,2025-12-01,0.62,-1.7,124
23914921,2025-12-01,0.62,-1.6,78
23914921,2025-12-01,0.62,-1.5,117
23914921,2025-12-01,0.62,-1.4,102
23914921,2025-12-01,0.62,-1.3,149
23914921,2025-12-01,0.62,-1.2,339
23914921,2025-12-01,0.62,-1.1,964
23914921,2025-12-01,0.62,-1.0,530
23914921,2025-12-01,0.62,-0.9,786
23914921,2025-12-01,0.62,-0.8,1787
23914921,2025-12-01,0.62,-0.7,1647
23914921,2025-12-01,0.62,-0.6,1933
23914921,2025-12-01,0.62,-0.5,2903
23914921,2025-12-01,0.62,-0.4,3790
23914921,2025-12-01,0.62,-0.3,2609
23914921,2025-12-01,0.62,-0.2,1430
23914921,2025-12-01,0.62,-0.1,1350
23914921,2025-12-01,0.62,0.0,537
23914921,2025-12-01,0.62,0.1,698
23914921,2025-12-01,0.62,0.2,183
23914921,2025-12-01,0.62,0.3,103
23914921,2025-12-01,0.62,0.4,61
23914921,2025-12-01,0.62,0.5,35
23914921,2025-12-01,0.62,0.6,46
23914921,2025-12-01,0.62,0.7,15
23914921,2025-12-01,0.62,0.8,2
23914921,2025-12-01,0.62,0.9,7
23914921,2025-12-01,0.62,1.0,6
23914921,2025-12-01,0.62,1.1,14
23914921,2025-12-01,0.62,1.2,27
23914921,2025-12-01,0.62,1.3,29
23914921,2025-12-01,0.62,1.4,39
23914921,2025-12-01,0.62,1.5,20
23914921,2025-12-01,0.62,1.6,6
23914921,2025-12-01,0.62,1.8,1
23914921,2025-12-01,0.64,-2.8,1
23914921,2025-12-01,0.64,-2.7,6
23914921,2025-12-01,0.64,-2.6,3
23914921,2025-12-01,0.64,-2.5,2
23914921,2025-12-01,0.64,-2.4,10
23914921,2025-12-01,0.64,-2.3,11
23914921,2025-12-01,0.64,-2.2,4
23914921,2025-12-01,0.64,-2.1,6
23914921,2025-12-01,0.64,-2.0,9
23914921,2025-12-01,0.64,-1.9,19
23914921,2025-12-01,0.64,-1.8,27
23914921,2025-12-01,0.64,-1.7,150
23914921,2025-12-01,0.64,-1.6,251
23914921,2025-12-01,0.64,-1.5,56
23914921,2025-12-01,0.64,-1.4,65
23914921,2025-12-01,0.64,-1.3,156
23914921,2025-12-01,0.64,-1.2,254
23914921,2025-12-01,0.64,-1.1,705
23914921,2025-12-01,0.64,-1.0,615
23914921,2025-12-01,0.64,-0.9,1070
23914921,2025-12-01,0.64,-0.8,1509
23914921,2025-12-01,0.64,-0.7,1246
23914921,2025-12-01,0.64,-0.6,4232
23914921,2025-12-01,0.64,-0.5,3489
23914921,2025-12-01,0.64,-0.4,4432
23914921,2025-12-01,0.64,-0.3,2174
23914921,2025-12-01,0.64,-0.2,1542
23914921,2025-12-01,0.64,-0.1,2280
23914921,2025-12-01,0.64,0.0,513
23914921,2025-12-01,0.64,0.1,325
23914921,2025-12-01,0.64,0.2,160
23914921,2025-12-01,0.64,0.3,80
23914921,2025-12-01,0.64,0.4,158
23914921,2025-12-01,0.64,0.5,37
23914921,2025-12-01,0.64,0.6,68
23914921,2025-12-01,0.64,0.7,7
23914921,2025-12-01,0.64,0.8,4
23914921,2025-12-01,0.64,0.9,8
23914921,2025-12-01,0.64,1.0,9
23914921,2025-12-01,0.64,1.1,19
23914921,2025-12-01,0.64,1.2,11
23914921,2025-12-01,0.64,1.3,31
23914921,2025-12-01,0.64,1.4,106
23914921,2025-12-01,0.64,1.5,9
23914921,2025-12-01,0.64,1.7,2
23914921,2025-12-01,0.64,1.8,1
23914921,2025-12-01,0.66,-2.7,1
23914921,2025-12-01,0.66,-2.6,1
23914921,2025-12-01,0.66,-2.5,2
23914921,2025-12-01,0.66,-2.4,6
23914921,2025-12-01,0.66,-2.3,58
23914921,2025-12-01,0.66,-2.2,9
23914921,2025-12-01,0.66,-2.1,8
23914921,2025-12-01,0.66,-2.0,6
23914921,2025-12-01,0.66,-1.9,18
23914921,2025-12-01,0.66,-1.8,17
23914921,2025-12-01,0.66,-1.7,51
23914921,2025-12-01,0.66,-1.6,76
23914921,2025-12-01,0.66,-1.5,40
23914921,2025-12-01,0.66,-1.4,54
23914921,2025-12-01,0.66,-1.3,136
23914921,2025-12-01,0.66,-1.2,178
23914921,2025-12-01,0.66,-1.1,641
23914921,2025-12-01,0.66,-1.0,217
23914921,2025-12-01,0.66,-0.9,603
23914921,2025-12-01,0.66,-0.8,820
23914921,2025-12-01,0.66,-0.7,979
23914921,2025-12-01,0.66,-0.6,1354
23914921,2025-12-01,0.66,-0.5,2375
23914921,2025-12-01,0.66,-0.4,4428
23914921,2025-12-01,0.66,-0.3,2777
23914921,2025-12-01,0.66,-0.2,1394
23914921,2025-12-01,0.66,-0.1,1160
23914921,2025-12-01,0.66,0.0,515
23914921,2025-12-01,0.66,0.1,442
23914921,2025-12-01,0.66,0.2,165
23914921,2025-12-01,0.66,0.3,71
23914921,2025-12-01,0.66,0.4,51
23914921,2025-12-01,0.66,0.5,39
23914921,2025-12-01,0.66,0.6,111
23914921,2025-12-01,0.66,0.7,6
23914921,2025-12-01,0.66,0.8,7
23914921,2025-12-01,0.66,0.9,5
23914921,2025-12-01,0.66,1.0,8
23914921,2025-12-01,0.66,1.1,11
23914921,2025-12-01,0.66,1.2,19
23914921,2025-12-01,0.66,1.3,49
23914921,2025-12-01,0.66,1.4,135
23914921,2025-12-01,0.66,1.6,1
23914921,2025-12-01,0.68,-2.6,1
23914921,2025-12-01,0.68,-2.5,2
23914921,2025-12-01,0.68,-2.4,2
23914921,2025-12-01,0.68,-2.3,17
23914921,2025-12-01,0.68,-2.2,15
23914921,2025-12-01,0.68,-2.1,10
23914921,2025-12-01,0.68,-2.0,6
23914921,2025-12-01,0.68,-1.9,18
23914921,2025-12-01,0.68,-1.8,24
23914921,2025-12-01,0.68,-1.7,16
23914921,2025-12-01,0.68,-1.6,35
23914921,2025-12-01,0.68,-1.5,45
23914921,2025-12-01,0.68,-1.4,43
23914921,2025-12-01,0.68,-1.3,75
23914921,2025-12-01,0.68,-1.2,228
23914921,2025-12-01,0.68,-1.1,216
23914921,2025-12-01,0.68,-1.0,208
23914921,2025-12-01,0.68,-0.9,316
23914921,2025-12-01,0.68,-0.8,607
23914921,2025-12-01,0.68,-0.7,948
23914921,2025-12-01,0.68,-0.6,1193
23914921,2025-12-01,0.68,-0.5,1660
23914921,2025-12-01,0.68,-0.4,4606
23914921,2025-12-01,0.68,-0.3,2910
23914921,2025-12-01,0.68,-0.2,20229
23914921,2025-12-01,0.68,-0.1,1275
23914921,2025-12-01,0.68,0.0,503
23914921,2025-12-01,0.68,0.1,501
23914921,2025-12-01,0.68,0.2,299
23914921,2025-12-01,0.68,0.3,71
23914921,2025-12-01,0.68,0.4,52
23914921,2025-12-01,0.68,0.5,29
23914921,2025-12-01,0.68,0.6,19
23914921,2025-12-01,0.68,0.7,15
23914921,2025-12-01,0.68,0.8,7
23914921,2025-12-01,0.68,0.9,10
23914921,2025-12-01,0.68,1.0,6
23914921,2025-12-01,0.68,1.1,10
23914921,2025-12-01,0.68,1.2,20
23914921,2025-12-01,0.68,1.3,392
23914921,2025-12-01,0.68,1.4,33
23914921,2025-12-01,0.68,1.5,3
23914921,2025-12-01,0.68,1.7,1
23914921,2025-12-01,0.68,2.6,1
23914921,2025-12-01,0.7,-2.7,1
23914921,2025-12-01,0.7,-2.6,2
23914921,2025-12-01,0.7,-2.5,1
23914921,2025-12-01,0.7,-2.3,1
23914921,2025-12-01,0.7,-2.2,15
23914921,2025-12-01,0.7,-2.1,6
23914921,2025-12-01,0.7,-2.0,9
23914921,2025-12-01,0.7,-1.9,8
23914921,2025-12-01,0.7,-1.8,40
23914921,2025-12-01,0.7,-1.7,29
23914921,2025-12-01,0.7,-1.6,17
23914921,2025-12-01,0.7,-1.5,85
23914921,2025-12-01,0.7,-1.4,39
23914921,2025-12-01,0.7,-1.3,55
23914921,2025-12-01,0.7,-1.2,105
23914921,2025-12-01,0.7,-1.1,183
23914921,2025-12-01,0.7,-1.0,171
23914921,2025-12-01,0.7,-0.9,351
23914921,2025-12-01,0.7,-0.8,425
23914921,2025-12-01,0.7,-0.7,754
23914921,2025-12-01,0.7,-0.6,1816
23914921,2025-12-01,0.7,-0.5,1623
23914921,2025-12-01,0.7,-0.4,4804
23914921,2025-12-01,0.7,-0.3,1811
23914921,2025-12-01,0.7,-0.2,1221
23914921,2025-12-01,0.7,-0.1,1454
23914921,2025-12-01,0.7,0.0,438
23914921,2025-12-01,0.7,0.1,654
23914921,2025-12-01,0.7,0.2,197
23914921,2025-12-01,0.7,0.3,67
23914921,2025-12-01,0.7,0.4,37
23914921,2025-12-01,0.7,0.5,56
23914921,2025-12-01,0.7,0.6,18
23914921,2025-12-01,0.7,0.7,6
23914921,2025-12-01,0.7,0.8,9
23914921,2025-12-01,0.7,0.9,6
23914921,2025-12-01,0.7,1.0,9
23914921,2025-12-01,0.7,1.1,12
23914921,2025-12-01,0.7,1.2,16
23914921,2025-12-01,0.7,1.3,92
23914921,2025-12-01,0.7,1.4,3
23914921,2025-12-01,0.7,1.5,1
23914921,2025-12-01,0.72,-2.8,1
23914921,2025-12-01,0.72,-2.4,1
23914921,2025-12-01,0.72,-2.2,1
23914921,2025-12-01,0.72,-2.1,1
23914921,2025-12-01,0.72,-2.0,7
23914921,2025-12-01,0.72,-1.9,7
23914921,2025-12-01,0.72,-1.8,19
23914921,2025-12-01,0.72,-1.7,14
23914921,2025-12-01,0.72,-1.6,18
23914921,2025-12-01,0.72,-1.5,72
23914921,2025-12-01,0.72,-1.4,43
23914921,2025-12-01,0.72,-1.3,33
23914921,2025-12-01,0.72,-1.2,150
23914921,2025-12-01,0.72,-1.1,157
23914921,2025-12-01,0.72,-1.0,283
23914921,2025-12-01,0.72,-0.9,349
23914921,2025-12-01,0.72,-0.8,292
23914921,2025-12-01,0.72,-0.7,512
23914921,2025-12-01,0.72,-0.6,1116
23914921,2025-12-01,0.72,-0.5,1423
23914921,2025-12-01,0.72,-0.4,2726
23914921,2025-12-01,0.72,-0.3,2889
23914921,2025-12-01,0.72,-0.2,1304
23914921,2025-12-01,0.72,-0.1,1437
23914921,2025-12-01,0.72,0.0,349
23914921,2025-12-01,0.72,0.1,1238
23914921,2025-12-01,0.72,0.2,271
23914921,2025-12-01,0.72,0.3,103
23914921,2025-12-01,0.72,0.4,25
23914921,2025-12-01,0.72,0.5,129
23914921,2025-12-01,0.72,0.6,39
23914921,2025-12-01,0.72,0.7,9
23914921,2025-12-01,0.72,0.8,5
23914921,2025-12-01,0.72,0.9,11
23914921,2025-12-01,0.72,1.0,14
23914921,2025-12-01,0.72,1.1,12
23914921,2025-12-01,0.72,1.2,22
23914921,2025-12-01,0.72,1.3,309
23914921,2025-12-01,0.72,1.4,5
23914921,2025-12-01,0.72,1.8,1
23914921,2025-12-01,0.74,-2.2,6
23914921,2025-12-01,0.74,-2.1,2
23914921,2025-12-01,0.74,-2.0,7
23914921,2025-12-01,0.74,-1.9,5
23914921,2025-12-01,0.74,-1.8,10
23914921,2025-12-01,0.74,-1.7,7
23914921,2025-12-01,0.74,-1.6,15
23914921,2025-12-01,0.74,-1.5,34
23914921,2025-12-01,0.74,-1.4,51
23914921,2025-12-01,0.74,-1.3,26
23914921,2025-12-01,0.74,-1.2,48
23914921,2025-12-01,0.74,-1.1,156
23914921,2025-12-01,0.74,-1.0,199
23914921,2025-12-01,0.74,-0.9,282
23914921,2025-12-01,0.74,-0.8,288
23914921,2025-12-01,0.74,-0.7,426
23914921,2025-12-01,0.74,-0.6,673
23914921,2025-12-01,0.74,-0.5,1163
23914921,2025-12-01,0.74,-0.4,1717
23914921,2025-12-01,0.74,-0.3,1622
23914921,2025-12-01,0.74,-0.2,1176
23914921,2025-12-01,0.74,-0.1,1205
23914921,2025-12-01,0.74,0.0,409
23914921,2025-12-01,0.74,0.1,927
23914921,2025-12-01,0.74,0.2,368
23914921,2025-12-01,0.74,0.3,98
23914921,2025-12-01,0.74,0.4,27
23914921,2025-12-01,0.74,0.5,46
23914921,2025-12-01,0.74,0.6,31
23914921,2025-12-01,0.74,0.7,5
23914921,2025-12-01,0.74,0.8,12
23914921,2025-12-01,0.74,0.9,7
23914921,2025-12-01,0.74,1.0,7
23914921,2025-12-01,0.74,1.1,18
23914921,2025-12-01,0.74,1.2,73
23914921,2025-12-01,0.74,1.3,6
23914921,2025-12-01,0.74,2.9,1
23914921,2025-12-01,0.76,-2.7,2
23914921,2025-12-01,0.76,-2.3,1
23914921,2025-12-01,0.76,-2.2,4
23914921,2025-12-01,0.76,-2.1,1
23914921,2025-12-01,0.76,-2.0,11
23914921,2025-12-01,0.76,-1.9,8
23914921,2025-12-01,0.76,-1.8,3
23914921,2025-12-01,0.76,-1.7,14
23914921,2025-12-01,0.76,-1.6,10
23914921,2025-12-01,0.76,-1.5,23
23914921,2025-12-01,0.76,-1.4,104
23914921,2025-12-01,0.76,-1.3,34
23914921,2025-12-01,0.76,-1.2,45
23914921,2025-12-01,0.76,-1.1,135
23914921,2025-12-01,0.76,-1.0,135
23914921,2025-12-01,0.76,-0.9,286
23914921,2025-12-01,0.76,-0.8,270
23914921,2025-12-01,0.76,-0.7,388
23914921,2025-12-01,0.76,-0.6,635
23914921,2025-12-01,0.76,-0.5,1275
23914921,2025-12-01,0.76,-0.4,1720
23914921,2025-12-01,0.76,-0.3,1977
23914921,2025-12-01,0.76,-0.2,1790
23914921,2025-12-01,0.76,-0.1,972
23914921,2025-12-01,0.76,0.0,380
23914921,2025-12-01,0.76,0.1,962
23914921,2025-12-01,0.76,0.2,286
23914921,2025-12-01,0.76,0.3,85
23914921,2025-12-01,0.76,0.4,25
23914921,2025-12-01,0.76,0.5,55
23914921,2025-12-01,0.76,0.6,44
23914921,2025-12-01,0.76,0.7,15
23914921,2025-12-01,0.76,0.8,9
23914921,2025-12-01,0.76,0.9,7
23914921,2025-12-01,0.76,1.0,5
23914921,2025-12-01,0.76,1.1,21
23914921,2025-12-01,0.76,1.2,52
23914921,2025-12-01,0.76,1.3,5
23914921,2025-12-01,0.76,1.4,1
23914921,2025-12-01,0.76,1.5,1
23914921,2025-12-01,0.76,2.0,1
23914921,2025-12-01,0.78,-2.3,2
23914921,2025-12-01,0.78,-2.2,7
23914921,2025-12-01,0.78,-2.1,2
23914921,2025-12-01,0.78,-2.0,5
23914921,2025-12-01,0.78,-1.9,9
23914921,2025-12-01,0.78,-1.8,14
23914921,2025-12-01,0.78,-1.7,8
23914921,2025-12-01,0.78,-1.6,9
23914921,2025-12-01,0.78,-1.5,10
23914921,2025-12-01,0.78,-1.4,47
23914921,2025-12-01,0.78,-1.3,67
23914921,2025-12-01,0.78,-1.2,40
23914921,2025-12-01,0.78,-1.1,138
23914921,2025-12-01,0.78,-1.0,237
23914921,2025-12-01,0.78,-0.9,171
23914921,2025-12-01,0.78,-0.8,284
23914921,2025-12-01,0.78,-0.7,460
23914921,2025-12-01,0.78,-0.6,803
23914921,2025-12-01,0.78,-0.5,1027
23914921,2025-12-01,0.78,-0.4,2126
23914921,2025-12-01,0.78,-0.3,2247
23914921,2025-12-01,0.78,-0.2,984
23914921,2025-12-01,0.78,-0.1,878
23914921,2025-12-01,0.78,0.0,410
23914921,2025-12-01,0.78,0.1,446
23914921,2025-12-01,0.78,0.2,166
23914921,2025-12-01,0.78,0.3,63
23914921,2025-12-01,0.78,0.4,81
23914921,2025-12-01,0.78,0.5,57
23914921,2025-12-01,0.78,0.6,80
23914921,2025-12-01,0.78,0.7,24
23914921,2025-12-01,0.78,0.8,9
23914921,2025-12-01,0.78,0.9,11
23914921,2025-12-01,0.78,1.0,2
23914921,2025-12-01,0.78,1.1,22
23914921,2025-12-01,0.78,1.2,189
23914921,2025-12-01,0.78,1.3,2
23914921,2025-12-01,0.78,1.4,1
23914921,2025-12-01,0.78,1.5,1
23914921,2025-12-01,0.8,-2.5,1
23914921,2025-12-01,0.8,-2.4,1
23914921,2025-12-01,0.8,-2.2,6
23914921,2025-12-01,0.8,-2.1,12
23914921,2025-12-01,0.8,-2.0,1
23914921,2025-12-01,0.8,-1.9,8
23914921,2025-12-01,0.8,-1.8,35
23914921,2025-12-01,0.8,-1.7,10
23914921,2025-12-01,0.8,-1.6,4
23914921,2025-12-01,0.8,-1.5,15
23914921,2025-12-01,0.8,-1.4,11
23914921,2025-12-01,0.8,-1.3,69
23914921,2025-12-01,0.8,-1.2,29
23914921,2025-12-01,0.8,-1.1,168
23914921,2025-12-01,0.8,-1.0,590
23914921,2025-12-01,0.8,-0.9,245
23914921,2025-12-01,0.8,-0.8,300
23914921,2025-12-01,0.8,-0.7,964
23914921,2025-12-01,0.8,-0.6,835
23914921,2025-12-01,0.8,-0.5,1775
23914921,2025-12-01,0.8,-0.4,1356
23914921,2025-12-01,0.8,-0.3,1628
23914921,2025-12-01,0.8,-0.2,1366
23914921,2025-12-01,0.8,-0.1,924
23914921,2025-12-01,0.8,0.0,314
23914921,2025-12-01,0.8,0.1,272
23914921,2025-12-01,0.8,0.2,88
23914921,2025-12-01,0.8,0.3,77
23914921,2025-12-01,0.8,0.4,34
23914921,2025-12-01,0.8,0.5,68
23914921,2025-12-01,0.8,0.6,439
23914921,2025-12-01,0.8,0.7,2
23914921,2025-12-01,0.8,0.8,5
23914921,2025-12-01,0.8,0.9,2
23914921,2025-12-01,0.8,1.0,5
23914921,2025-12-01,0.8,1.1,54
23914921,2025-12-01,0.8,1.2,24
23914921,2025-12-01,0.8,1.3,2
23914921,2025-12-01,0.8,1.4,1
23914921,2025-12-01,0.82,-2.4,2
23914921,2025-12-01,0.82,-2.3,1
23914921,2025-12-01,0.82,-2.2,1
23914921,2025-12-01,0.82,-2.1,6
23914921,2025-12-01,0.82,-2.0,5
23914921,2025-12-01,0.82,-1.9,5
23914921,2025-12-01,0.82,-1.8,7
23914921,2025-12-01,0.82,-1.7,39
23914921,2025-12-01,0.82,-1.6,2
23914921,2025-12-01,0.82,-1.5,5
23914921,2025-12-01,0.82,-1.4,7
23914921,2025-12-01,0.82,-1.3,64
23914921,2025-12-01,0.82,-1.2,32
23914921,2025-12-01,0.82,-1.1,241
23914921,2025-12-01,0.82,-1.0,182
23914921,2025-12-01,0.82,-0.9,166
23914921,2025-12-01,0.82,-0.8,314
23914921,2025-12-01,0.82,-0.7,412
23914921,2025-12-01,0.82,-0.6,1386
23914921,2025-12-01,0.82,-0.5,692
23914921,2025-12-01,0.82,-0.4,1573
23914921,2025-12-01,0.82,-0.3,1803
23914921,2025-12-01,0.82,-0.2,1713
23914921,2025-12-01,0.82,-0.1,1173
23914921,2025-12-01,0.82,0.0,487
23914921,2025-12-01,0.82,0.1,235
23914921,2025-12-01,0.82,0.2,38
23914921,2025-12-01,0.82,0.3,23
23914921,2025-12-01,0.82,0.4,19
23914921,2025-12-01,0.82,0.5,85
23914921,2025-12-01,0.82,0.6,264
23914921,2025-12-01,0.82,0.7,5
23914921,2025-12-01,0.82,0.8,8
23914921,2025-12-01,0.82,0.9,9
23914921,2025-12-01,0.82,1.0,7
23914921,2025-12-01,0.82,1.1,83
23914921,2025-12-01,0.82,1.2,8
23914921,2025-12-01,0.82,1.4,1
23914921,2025-12-01,0.82,2.6,1
23914921,2025-12-01,0.84,-2.4,1
23914921,2025-12-01,0.84,-2.3,4
23914921,2025-12-01,0.84,-2.2,1
23914921,2025-12-01,0.84,-2.1,8
23914921,2025-12-01,0.84,-2.0,3
23914921,2025-12-01,0.84,-1.9,3
23914921,2025-12-01,0.84,-1.8,1
23914921,2025-12-01,0.84,-1.7,27
23914921,2025-12-01,0.84,-1.6,18
23914921,2025-12-01,0.84,-1.5,4
23914921,2025-12-01,0.84,-1.4,39
23914921,2025-12-01,0.84,-1.3,36
23914921,2025-12-01,0.84,-1.2,9
23914921,2025-12-01,0.84,-1.1,62
23914921,2025-12-01,0.84,-1.0,97
23914921,2025-12-01,0.84,-0.9,102
23914921,2025-12-01,0.84,-0.8,390
23914921,2025-12-01,0.84,-0.7,788
23914921,2025-12-01,0.84,-0.6,579
23914921,2025-12-01,0.84,-0.5,1279
23914921,2025-12-01,0.84,-0.4,1735
23914921,2025-12-01,0.84,-0.3,1789
23914921,2025-12-01,0.84,-0.2,2168
23914921,2025-12-01,0.84,-0.1,866
23914921,2025-12-01,0.84,0.0,198
23914921,2025-12-01,0.84,0.1,155
23914921,2025-12-01,0.84,0.2,42
23914921,2025-12-01,0.84,0.3,34
23914921,2025-12-01,0.84,0.4,17
23914921,2025-12-01,0.84,0.5,23
23914921,2025-12-01,0.84,0.6,13
23914921,2025-12-01,0.84,0.7,1
23914921,2025-12-01,0.84,0.8,7
23914921,2025-12-01,0.84,0.9,5
23914921,2025-12-01,0.84,1.0,11
23914921,2025-12-01,0.84,1.1,16
23914921,2025-12-01,0.84,1.2,7
23914921,2025-12-01,0.84,1.4,2
23914921,2025-12-01,0.84,2.3,1
23914921,2025-12-01,0.86,-2.8,1
23914921,2025-12-01,0.86,-2.3,2
23914921,2025-12-01,0.86,-2.2,1
23914921,2025-12-01,0.86,-2.1,1
23914921,2025-12-01,0.86,-2.0,2
23914921,2025-12-01,0.86,-1.9,4
23914921,2025-12-01,0.86,-1.8,5
23914921,2025-12-01,0.86,-1.7,7
23914921,2025-12-01,0.86,-1.6,3
23914921,2025-12-01,0.86,-1.5,9
23914921,2025-12-01,0.86,-1.4,42
23914921,2025-12-01,0.86,-1.3,19
23914921,2025-12-01,0.86,-1.2,11
23914921,2025-12-01,0.86,-1.1,40
23914921,2025-12-01,0.86,-1.0,132
23914921,2025-12-01,0.86,-0.9,61
23914921,2025-12-01,0.86,-0.8,250
23914921,2025-12-01,0.86,-0.7,713
23914921,2025-12-01,0.86,-0.6,373
23914921,2025-12-01,0.86,-0.5,1001
23914921,2025-12-01,0.86,-0.4,1110
23914921,2025-12-01,0.86,-0.3,1622
23914921,2025-12-01,0.86,-0.2,1010
23914921,2025-12-01,0.86,-0.1,808
23914921,2025-12-01,0.86,0.0,195
23914921,2025-12-01,0.86,0.1,207
23914921,2025-12-01,0.86,0.2,34
23914921,2025-12-01,0.86,0.3,28
23914921,2025-12-01,0.86,0.4,21
23914921,2025-12-01,0.86,0.5,15
23914921,2025-12-01,0.86,0.6,5
23914921,2025-12-01,0.86,0.7,4
23914921,2025-12-01,0.86,0.8,49
23914921,2025-12-01,0.86,0.9,5
23914921,2025-12-01,0.86,1.0,14
23914921,2025-12-01,0.86,1.1,29
23914921,2025-12-01,0.86,1.2,4
23914921,2025-12-01,0.86,1.5,3
23914921,2025-12-01,0.86,2.1,2
23914921,2025-12-01,0.88,-2.2,6
23914921,2025-12-01,0.88,-2.1,1
23914921,2025-12-01,0.88,-2.0,3
23914921,2025-12-01,0.88,-1.9,9
23914921,2025-12-01,0.88,-1.8,5
23914921,2025-12-01,0.88,-1.7,9
23914921,2025-12-01,0.88,-1.6,4
23914921,2025-12-01,0.88,-1.5,8
23914921,2025-12-01,0.88,-1.4,9
23914921,2025-12-01,0.88,-1.3,11
23914921,2025-12-01,0.88,-1.2,15
23914921,2025-12-01,0.88,-1.1,30
23914921,2025-12-01,0.88,-1.0,125
23914921,2025-12-01,0.88,-0.9,71
23914921,2025-12-01,0.88,-0.8,173
23914921,2025-12-01,0.88,-0.7,257
23914921,2025-12-01,0.88,-0.6,311
23914921,2025-12-01,0.88,-0.5,512
23914921,2025-12-01,0.88,-0.4,1220
23914921,2025-12-01,0.88,-0.3,1304
23914921,2025-12-01,0.88,-0.2,1393
23914921,2025-12-01,0.88,-0.1,1126
23914921,2025-12-01,0.88,0.0,232
23914921,2025-12-01,0.88,0.1,117
23914921,2025-12-01,0.88,0.2,57
23914921,2025-12-01,0.88,0.3,22
23914921,2025-12-01,0.88,0.4,14
23914921,2025-12-01,0.88,0.5,23
23914921,2025-12-01,0.88,0.6,3
23914921,2025-12-01,0.88,0.7,7
23914921,2025-12-01,0.88,0.8,26
23914921,2025-12-01,0.88,0.9,4
23914921,2025-12-01,0.88,1.0,16
23914921,2025-12-01,0.88,1.1,14
23914921,2025-12-01,0.88,1.3,1
23914921,2025-12-01,0.88,1.4,1
23914921,2025-12-01,0.88,1.5,2
23914921,2025-12-01,0.88,1.6,2
23914921,2025-12-01,0.9,-2.0,2
23914921,2025-12-01,0.9,-1.9,5
23914921,2025-12-01,0.9,-1.8,9
23914921,2025-12-01,0.9,-1.7,6
23914921,2025-12-01,0.9,-1.6,10
23914921,2025-12-01,0.9,-1.5,7
23914921,2025-12-01,0.9,-1.4,7
23914921,2025-12-01,0.9,-1.3,13
23914921,2025-12-01,0.9,-1.2,7
23914921,2025-12-01,0.9,-1.1,10
23914921,2025-12-01,0.9,-1.0,44
23914921,2025-12-01,0.9,-0.9,52
23914921,2025-12-01,0.9,-0.8,130
23914921,2025-12-01,0.9,-0.7,257
23914921,2025-12-01,0.9,-0.6,282
23914921,2025-12-01,0.9,-0.5,443
23914921,2025-12-01,0.9,-0.4,1028
23914921,2025-12-01,0.9,-0.3,1371
23914921,2025-12-01,0.9,-0.2,757
23914921,2025-12-01,0.9,-0.1,1785
23914921,2025-12-01,0.9,0.0,193
23914921,2025-12-01,0.9,0.1,110
23914921,2025-12-01,0.9,0.2,58
23914921,2025-12-01,0.9,0.3,17
23914921,2025-12-01,0.9,0.4,13
23914921,2025-12-01,0.9,0.5,17
23914921,2025-12-01,0.9,0.6,3
23914921,2025-12-01,0.9,0.7,5
23914921,2025-12-01,0.9,0.8,28
23914921,2025-12-01,0.9,0.9,8
23914921,2025-12-01,0.9,1.0,17
23914921,2025-12-01,0.9,1.1,6
23914921,2025-12-01,0.9,1.4,1
23914921,2025-12-01,0.9,1.5,3
23914921,2025-12-01,0.9,1.9,2
23914921,2025-12-01,0.92,-2.1,1
23914921,2025-12-01,0.92,-1.9,9
23914921,2025-12-01,0.92,-1.8,6
23914921,2025-12-01,0.92,-1.7,5
23914921,2025-12-01,0.92,-1.6,3
23914921,2025-12-01,0.92,-1.5,13
23914921,2025-12-01,0.92,-1.4,13
23914921,2025-12-01,0.92,-1.3,22
23914921,2025-12-01,0.92,-1.2,7
23914921,2025-12-01,0.92,-1.1,14
23914921,2025-12-01,0.92,-1.0,32
23914921,2025-12-01,0.92,-0.9,40
23914921,2025-12-01,0.92,-0.8,109
23914921,2025-12-01,0.92,-0.7,146
23914921,2025-12-01,0.92,-0.6,181
23914921,2025-12-01,0.92,-0.5,321
23914921,2025-12-01,0.92,-0.4,723
23914921,2025-12-01,0.92,-0.3,1252
23914921,2025-12-01,0.92,-0.2,719
23914921,2025-12-01,0.92,-0.1,1668
23914921,2025-12-01,0.92,0.0,236
23914921,2025-12-01,0.92,0.1,82
23914921,2025-12-01,0.92,0.2,37
23914921,2025-12-01,0.92,0.3,18
23914921,2025-12-01,0.92,0.4,14
23914921,2025-12-01,0.92,0.5,10
23914921,2025-12-01,0.92,0.6,4
23914921,2025-12-01,0.92,0.7,5
23914921,2025-12-01,0.92,0.8,8
23914921,2025-12-01,0.92,0.9,8
23914921,2025-12-01,0.92,1.0,13
23914921,2025-12-01,0.92,1.1,2
23914921,2025-12-01,0.92,1.2,2
23914921,2025-12-01,0.92,1.4,2
23914921,2025-12-01,0.92,1.5,14
23914921,2025-12-01,0.94,-2.1,2
23914921,2025-12-01,0.94,-2.0,3
23914921,2025-12-01,0.94,-1.9,10
23914921,2025-12-01,0.94,-1.8,3
23914921,2025-12-01,0.94,-1.7,11
23914921,2025-12-01,0.94,-1.6,8
23914921,2025-12-01,0.94,-1.5,3
23914921,2025-12-01,0.94,-1.4,4
23914921,2025-12-01,0.94,-1.3,10
23914921,2025-12-01,0.94,-1.2,8
23914921,2025-12-01,0.94,-1.1,10
23914921,2025-12-01,0.94,-1.0,15
23914921,2025-12-01,0.94,-0.9,46
23914921,2025-12-01,0.94,-0.8,131
23914921,2025-12-01,0.94,-0.7,129
23914921,2025-12-01,0.94,-0.6,496
23914921,2025-12-01,0.94,-0.5,298
23914921,2025-12-01,0.94,-0.4,524
23914921,2025-12-01,0.94,-0.3,1203
23914921,2025-12-01,0.94,-0.2,872
23914921,2025-12-01,0.94,-0.1,957
23914921,2025-12-01,0.94,0.0,278
23914921,2025-12-01,0.94,0.1,81
23914921,2025-12-01,0.94,0.2,31
23914921,2025-12-01,0.94,0.3,13
23914921,2025-12-01,0.94,0.4,21
23914921,2025-12-01,0.94,0.5,18
23914921,2025-12-01,0.94,0.7,5
23914921,2025-12-01,0.94,0.8,9
23914921,2025-12-01,0.94,0.9,8
23914921,2025-12-01,0.94,1.0,19
23914921,2025-12-01,0.94,1.1,4
23914921,2025-12-01,0.94,1.4,5
23914921,2025-12-01,0.94,1.5,2
23914921,2025-12-01,0.94,2.1,1
23914921,2025-12-01,0.94,2.7,1
23914921,2025-12-01,0.96,-2.0,4
23914921,2025-12-01,0.96,-1.9,22
23914921,2025-12-01,0.96,-1.8,39
23914921,2025-12-01,0.96,-1.7,5
23914921,2025-12-01,0.96,-1.6,7
23914921,2025-12-01,0.96,-1.5,9
23914921,2025-12-01,0.96,-1.4,3
23914921,2025-12-01,0.96,-1.3,7
23914921,2025-12-01,0.96,-1.2,4
23914921,2025-12-01,0.96,-1.1,10
23914921,2025-12-01,0.96,-1.0,12
23914921,2025-12-01,0.96,-0.9,42
23914921,2025-12-01,0.96,-0.8,153
23914921,2025-12-01,0.96,-0.7,211
23914921,2025-12-01,0.96,-0.6,134
23914921,2025-12-01,0.96,-0.5,254
23914921,2025-12-01,0.96,-0.4,555
23914921,2025-12-01,0.96,-0.3,1681
23914921,2025-12-01,0.96,-0.2,717
23914921,2025-12-01,0.96,-0.1,933
23914921,2025-12-01,0.96,0.0,618
23914921,2025-12-01,0.96,0.1,75
23914921,2025-12-01,0.96,0.2,202
23914921,2025-12-01,0.96,0.3,14
23914921,2025-12-01,0.96,0.4,8
23914921,2025-12-01,0.96,0.5,8
23914921,2025-12-01,0.96,0.7,4
23914921,2025-12-01,0.96,0.8,5
23914921,2025-12-01,0.96,0.9,4
23914921,2025-12-01,0.96,1.0,18
23914921,2025-12-01,0.96,1.1,3
23914921,2025-12-01,0.96,1.3,1
23914921,2025-12-01,0.96,1.4,2
23914921,2025-12-01,0.96,1.6,1
23914921,2025-12-01,0.98,-1.9,5
23914921,2025-12-01,0.98,-1.8,42
23914921,2025-12-01,0.98,-1.7,15
23914921,2025-12-01,0.98,-1.6,8
23914921,2025-12-01,0.98,-1.5,7
23914921,2025-12-01,0.98,-1.4,4
23914921,2025-12-01,0.98,-1.3,7
23914921,2025-12-01,0.98,-1.2,5
23914921,2025-12-01,0.98,-1.1,25
23914921,2025-12-01,0.98,-1.0,17
23914921,2025-12-01,0.98,-0.9,32
23914921,2025-12-01,0.98,-0.8,96
23914921,2025-12-01,0.98,-0.7,145
23914921,2025-12-01,0.98,-0.6,111
23914921,2025-12-01,0.98,-0.5,244
23914921,2025-12-01,0.98,-0.4,550
23914921,2025-12-01,0.98,-0.3,1204
23914921,2025-12-01,0.98,-0.2,784
23914921,2025-12-01,0.98,-0.1,602
23914921,2025-12-01,0.98,0.0,233
23914921,2025-12-01,0.98,0.1,424
23914921,2025-12-01,0.98,0.2,46
23914921,2025-12-01,0.98,0.3,19
23914921,2025-12-01,0.98,0.4,13
23914921,2025-12-01,0.98,0.5,14
23914921,2025-12-01,0.98,0.6,4
23914921,2025-12-01,0.98,0.7,2
23914921,2025-12-01,0.98,0.8,2
23914921,2025-12-01,0.98,0.9,21
23914921,2025-12-01,0.98,1.0,14
23914921,2025-12-01,0.98,1.1,2
23914921,2025-12-01,1.0,-2.3,1
23914921,2025-12-01,1.0,-1.8,11
23914921,2025-12-01,1.0,-1.7,15
23914921,2025-12-01,1.0,-1.6,10
23914921,2025-12-01,1.0,-1.5,3
23914921,2025-12-01,1.0,-1.4,2
23914921,2025-12-01,1.0,-1.3,1
23914921,2025-12-01,1.0,-1.2,6
23914921,2025-12-01,1.0,-1.1,116
23914921,2025-12-01,1.0,-1.0,16
23914921,2025-12-01,1.0,-0.9,29
23914921,2025-12-01,1.0,-0.8,71
23914921,2025-12-01,1.0,-0.7,217
23914921,2025-12-01,1.0,-0.6,180
23914921,2025-12-01,1.0,-0.5,442
23914921,2025-12-01,1.0,-0.4,786
23914921,2025-12-01,1.0,-0.3,816
23914921,2025-12-01,1.0,-0.2,830
23914921,2025-12-01,1.0,-0.1,660
23914921,2025-12-01,1.0,0.0,238
23914921,2025-12-01,1.0,0.1,112
23914921,2025-12-01,1.0,0.2,58
23914921,2025-12-01,1.0,0.3,17
23914921,2025-12-01,1.0,0.4,9
23914921,2025-12-01,1.0,0.5,4
23914921,2025-12-01,1.0,0.6,3
23914921,2025-12-01,1.0,0.7,3
23914921,2025-12-01,1.0,0.8,6
23914921,2025-12-01,1.0,0.9,60
23914921,2025-12-01,1.0,1.0,8
23914921,2025-12-01,1.0,1.1,1
23914921,2025-12-01,1.0,1.4,2
23914921,2025-12-01,1.0,1.6,1
23914921,2025-12-01,1.0,1.8,1
23914921,2025-12-01,1.0,1.9,2
23914921,2025-12-01,1.02,-2.7,1
23914921,2025-12-01,1.02,-2.2,3
23914921,2025-12-01,1.02,-2.0,1
23914921,2025-12-01,1.02,-1.9,2
23914921,2025-12-01,1.02,-1.8,29
23914921,2025-12-01,1.02,-1.7,5
23914921,2025-12-01,1.02,-1.6,4
23914921,2025-12-01,1.02,-1.5,10
23914921,2025-12-01,1.02,-1.4,4
23914921,2025-12-01,1.02,-1.3,9
23914921,2025-12-01,1.02,-1.2,3
23914921,2025-12-01,1.02,-1.1,45
23914921,2025-12-01,1.02,-1.0,21
23914921,2025-12-01,1.02,-0.9,28
23914921,2025-12-01,1.02,-0.8,79
23914921,2025-12-01,1.02,-0.7,205
23914921,2025-12-01,1.02,-0.6,112
23914921,2025-12-01,1.02,-0.5,212
23914921,2025-12-01,1.02,-0.4,545
23914921,2025-12-01,1.02,-0.3,790
23914921,2025-12-01,1.02,-0.2,2324
23914921,2025-12-01,1.02,-0.1,1228
23914921,2025-12-01,1.02,0.0,353
23914921,2025-12-01,1.02,0.1,72
23914921,2025-12-01,1.02,0.2,148
23914921,2025-12-01,1.02,0.3,27
23914921,2025-12-01,1.02,0.4,12
23914921,2025-12-01,1.02,0.5,10
23914921,2025-12-01,1.02,0.6,2
23914921,2025-12-01,1.02,0.7,3
23914921,2025-12-01,1.02,0.8,3
23914921,2025-12-01,1.02,0.9,10
23914921,2025-12-01,1.02,1.0,2
23914921,2025-12-01,1.04,-2.3,1
23914921,2025-12-01,1.04,-2.2,2
23914921,2025-12-01,1.04,-2.1,3
23914921,2025-12-01,1.04,-1.9,5
23914921,2025-12-01,1.04,-1.8,19
23914921,2025-12-01,1.04,-1.7,29
23914921,2025-12-01,1.04,-1.6,4
23914921,2025-12-01,1.04,-1.5,7
23914921,2025-12-01,1.04,-1.4,3
23914921,2025-12-01,1.04,-1.3,5
23914921,2025-12-01,1.04,-1.2,16
23914921,2025-12-01,1.04,-1.1,6
23914921,2025-12-01,1.04,-1.0,53
23914921,2025-12-01,1.04,-0.9,71
23914921,2025-12-01,1.04,-0.8,114
23914921,2025-12-01,1.04,-0.7,281
23914921,2025-12-01,1.04,-0.6,141
23914921,2025-12-01,1.04,-0.5,212
23914921,2025-12-01,1.04,-0.4,483
23914921,2025-12-01,1.04,-0.3,856
23914921,2025-12-01,1.04,-0.2,1252
23914921,2025-12-01,1.04,-0.1,692
23914921,2025-12-01,1.04,0.0,291
23914921,2025-12-01,1.04,0.1,44
23914921,2025-12-01,1.04,0.2,34
23914921,2025-12-01,1.04,0.3,29
23914921,2025-12-01,1.04,0.4,28
23914921,2025-12-01,1.04,0.5,21
23914921,2025-12-01,1.04,0.6,2
23914921,2025-12-01,1.04,0.7,1
23914921,2025-12-01,1.04,0.8,8
23914921,2025-12-01,1.04,0.9,43
23914921,2025-12-01,1.04,1.0,1
23914921,2025-12-01,1.04,1.2,1
23914921,2025-12-01,1.04,1.7,1
23914921,2025-12-01,1.06,-2.2,1
23914921,2025-12-01,1.06,-1.9,1
23914921,2025-12-01,1.06,-1.8,5
23914921,2025-12-01,1.06,-1.7,1
23914921,2025-12-01,1.06,-1.6,4
23914921,2025-12-01,1.06,-1.5,32
23914921,2025-12-01,1.06,-1.4,3
23914921,2025-12-01,1.06,-1.3,4
23914921,2025-12-01,1.06,-1.2,6
23914921,2025-12-01,1.06,-1.1,3
23914921,2025-12-01,1.06,-1.0,6
23914921,2025-12-01,1.06,-0.9,21
23914921,2025-12-01,1.06,-0.8,116
23914921,2025-12-01,1.06,-0.7,418
23914921,2025-12-01,1.06,-0.6,175
23914921,2025-12-01,1.06,-0.5,299
23914921,2025-12-01,1.06,-0.4,645
23914921,2025-12-01,1.06,-0.3,975
23914921,2025-12-01,1.06,-0.2,972
23914921,2025-12-01,1.06,-0.1,866
23914921,2025-12-01,1.06,0.0,156
23914921,2025-12-01,1.06,0.1,62
23914921,2025-12-01,1.06,0.2,37
23914921,2025-12-01,1.06,0.3,22
23914921,2025-12-01,1.06,0.4,18
23914921,2025-12-01,1.06,0.5,20
23914921,2025-12-01,1.06,0.6,2
23914921,2025-12-01,1.06,0.7,1
23914921,2025-12-01,1.06,0.8,4
23914921,2025-12-01,1.06,0.9,12
23914921,2025-12-01,1.06,1.3,1
23914921,2025-12-01,1.06,1.5,1
23914921,2025-12-01,1.06,1.7,1
23914921,2025-12-01,1.08,-1.9,1
23914921,2025-12-01,1.08,-1.7,1
23914921,2025-12-01,1.08,-1.6,10
23914921,2025-12-01,1.08,-1.5,10
23914921,2025-12-01,1.08,-1.4,5
23914921,2025-12-01,1.08,-1.3,4
23914921,2025-12-01,1.08,-1.2,4
23914921,2025-12-01,1.08,-1.1,4
23914921,2025-12-01,1.08,-1.0,11
23914921,2025-12-01,1.08,-0.9,21
23914921,2025-12-01,1.08,-0.8,122
23914921,2025-12-01,1.08,-0.7,233
23914921,2025-12-01,1.08,-0.6,269
23914921,2025-12-01,1.08,-0.5,236
23914921,2025-12-01,1.08,-0.4,577
23914921,2025-12-01,1.08,-0.3,756
23914921,2025-12-01,1.08,-0.2,688
23914921,2025-12-01,1.08,-0.1,504
23914921,2025-12-01,1.08,0.0,159
23914921,2025-12-01,1.08,0.1,66
23914921,2025-12-01,1.08,0.2,35
23914921,2025-12-01,1.08,0.3,17
23914921,2025-12-01,1.08,0.4,17
23914921,2025-12-01,1.08,0.5,23
23914921,2025-12-01,1.08,0.6,8
23914921,2025-12-01,1.08,0.7,4
23914921,2025-12-01,1.08,0.8,6
23914921,2025-12-01,1.08,0.9,13
23914921,2025-12-01,1.08,1.0,1
23914921,2025-12-01,1.08,1.2,1
23914921,2025-12-01,1.08,1.7,1
23914921,2025-12-01,1.1,-1.7,5
23914921,2025-12-01,1.1,-1.6,13
23914921,2025-12-01,1.1,-1.5,32
23914921,2025-12-01,1.1,-1.4,11
23914921,2025-12-01,1.1,-1.3,4
23914921,2025-12-01,1.1,-1.2,1
23914921,2025-12-01,1.1,-1.1,3
23914921,2025-12-01,1.1,-1.0,8
23914921,2025-12-01,1.1,-0.9,33
23914921,2025-12-01,1.1,-0.8,118
23914921,2025-12-01,1.1,-0.7,516
23914921,2025-12-01,1.1,-0.6,259
23914921,2025-12-01,1.1,-0.5,246
23914921,2025-12-01,1.1,-0.4,381
23914921,2025-12-01,1.1,-0.3,683
23914921,2025-12-01,1.1,-0.2,828
23914921,2025-12-01,1.1,-0.1,727
23914921,2025-12-01,1.1,0.0,170
23914921,2025-12-01,1.1,0.1,102
23914921,2025-12-01,1.1,0.2,85
23914921,2025-12-01,1.1,0.3,12
23914921,2025-12-01,1.1,0.4,6
23914921,2025-12-01,1.1,0.5,19
23914921,2025-12-01,1.1,0.6,6
23914921,2025-12-01,1.1,0.7,5
23914921,2025-12-01,1.1,0.8,7
23914921,2025-12-01,1.1,0.9,36
23914921,2025-12-01,1.1,1.0,1
23914921,2025-12-01,1.1,1.5,1
23914921,2025-12-01,1.1,1.7,1
23914921,2025-12-01,1.12,-1.9,1
23914921,2025-12-01,1.12,-1.7,1
23914921,2025-12-01,1.12,-1.5,389
23914921,2025-12-01,1.12,-1.4,8
23914921,2025-12-01,1.12,-1.3,2
23914921,2025-12-01,1.12,-1.2,5
23914921,2025-12-01,1.12,-1.1,4
23914921,2025-12-01,1.12,-1.0,7
23914921,2025-12-01,1.12,-0.9,22
23914921,2025-12-01,1.12,-0.8,184
23914921,2025-12-01,1.12,-0.7,148
23914921,2025-12-01,1.12,-0.6,161
23914921,2025-12-01,1.12,-0.5,202
23914921,2025-12-01,1.12,-0.4,346
23914921,2025-12-01,1.12,-0.3,748
23914921,2025-12-01,1.12,-0.2,1161
23914921,2025-12-01,1.12,-0.1,667
23914921,2025-12-01,1.12,0.0,158
23914921,2025-12-01,1.12,0.1,37
23914921,2025-12-01,1.12,0.2,23
23914921,2025-12-01,1.12,0.3,10
23914921,2025-12-01,1.12,0.4,6
23914921,2025-12-01,1.12,0.5,14
23914921,2025-12-01,1.12,0.6,6
23914921,2025-12-01,1.12,0.7,3
23914921,2025-12-01,1.12,0.8,11
23914921,2025-12-01,1.12,0.9,20
23914921,2025-12-01,1.12,1.0,1
23914921,2025-12-01,1.12,1.1,1
23914921,2025-12-01,1.12,1.6,1
23914921,2025-12-01,1.14,-2.0,1
23914921,2025-12-01,1.14,-1.8,1
23914921,2025-12-01,1.14,-1.7,5
23914921,2025-12-01,1.14,-1.6,4
23914921,2025-12-01,1.14,-1.5,5
23914921,2025-12-01,1.14,-1.4,8
23914921,2025-12-01,1.14,-1.3,3
23914921,2025-12-01,1.14,-1.2,2
23914921,2025-12-01,1.14,-1.1,3
23914921,2025-12-01,1.14,-1.0,4
23914921,2025-12-01,1.14,-0.9,18
23914921,2025-12-01,1.14,-0.8,59
23914921,2025-12-01,1.14,-0.7,130
23914921,2025-12-01,1.14,-0.6,74
23914921,2025-12-01,1.14,-0.5,164
23914921,2025-12-01,1.14,-0.4,392
23914921,2025-12-01,1.14,-0.3,900
23914921,2025-12-01,1.14,-0.2,930
23914921,2025-12-01,1.14,-0.1,924
23914921,2025-12-01,1.14,0.0,198
23914921,2025-12-01,1.14,0.1,44
23914921,2025-12-01,1.14,0.2,17
23914921,2025-12-01,1.14,0.3,16
23914921,2025-12-01,1.14,0.4,8
23914921,2025-12-01,1.14,0.5,12
23914921,2025-12-01,1.14,0.6,8
23914921,2025-12-01,1.14,0.7,5
23914921,2025-12-01,1.14,0.8,8
23914921,2025-12-01,1.14,0.9,13
23914921,2025-12-01,1.14,1.0,2
23914921,2025-12-01,1.14,1.7,1
23914921,2025-12-01,1.16,-1.9,1
23914921,2025-12-01,1.16,-1.7,4
23914921,2025-12-01,1.16,-1.6,5
23914921,2025-12-01,1.16,-1.5,2
23914921,2025-12-01,1.16,-1.4,6
23914921,2025-12-01,1.16,-1.2,3
23914921,2025-12-01,1.16,-1.1,5
23914921,2025-12-01,1.16,-1.0,11
23914921,2025-12-01,1.16,-0.9,23
23914921,2025-12-01,1.16,-0.8,49
23914921,2025-12-01,1.16,-0.7,116
23914921,2025-12-01,1.16,-0.6,80
23914921,2025-12-01,1.16,-0.5,187
23914921,2025-12-01,1.16,-0.4,512
23914921,2025-12-01,1.16,-0.3,856
23914921,2025-12-01,1.16,-0.2,798
23914921,2025-12-01,1.16,-0.1,792
23914921,2025-12-01,1.16,0.0,1686
23914921,2025-12-01,1.16,0.1,160
23914921,2025-12-01,1.16,0.2,17
23914921,2025-12-01,1.16,0.3,18
23914921,2025-12-01,1.16,0.4,63
23914921,2025-12-01,1.16,0.5,17
23914921,2025-12-01,1.16,0.6,9
23914921,2025-12-01,1.16,0.7,2
23914921,2025-12-01,1.16,0.8,8
23914921,2025-12-01,1.16,1.0,1
23914921,2025-12-01,1.16,1.2,1
23914921,2025-12-01,1.16,1.5,1
23914921,2025-12-01,1.18,-2.4,1
23914921,2025-12-01,1.18,-2.0,1
23914921,2025-12-01,1.18,-1.9,1
23914921,2025-12-01,1.18,-1.7,2
23914921,2025-12-01,1.18,-1.6,7
23914921,2025-12-01,1.18,-1.5,2
23914921,2025-12-01,1.18,-1.4,11
23914921,2025-12-01,1.18,-1.3,5
23914921,2025-12-01,1.18,-1.2,7
23914921,2025-12-01,1.18,-1.1,5
23914921,2025-12-01,1.18,-1.0,12
23914921,2025-12-01,1.18,-0.9,15
23914921,2025-12-01,1.18,-0.8,38
23914921,2025-12-01,1.18,-0.7,104
23914921,2025-12-01,1.18,-0.6,92
23914921,2025-12-01,1.18,-0.5,321
23914921,2025-12-01,1.18,-0.4,446
23914921,2025-12-01,1.18,-0.3,693
23914921,2025-12-01,1.18,-0.2,1281
23914921,2025-12-01,1.18,-0.1,684
23914921,2025-12-01,1.18,0.0,194
23914921,2025-12-01,1.18,0.1,17
23914921,2025-12-01,1.18,0.2,11
23914921,2025-12-01,1.18,0.3,10
23914921,2025-12-01,1.18,0.4,9
23914921,2025-12-01,1.18,0.5,19
23914921,2025-12-01,1.18,0.6,6
23914921,2025-12-01,1.18,0.7,7
23914921,2025-12-01,1.18,0.8,6
23914921,2025-12-01,1.18,1.1,2
23914921,2025-12-01,1.18,1.6,1
23914921,2025-12-01,1.2,-2.4,1
23914921,2025-12-01,1.2,-2.0,1
23914921,2025-12-01,1.2,-1.8,1
23914921,2025-12-01,1.2,-1.7,4
23914921,2025-12-01,1.2,-1.6,3
23914921,2025-12-01,1.2,-1.5,2
23914921,2025-12-01,1.2,-1.4,5
23914921,2025-12-01,1.2,-1.3,2
23914921,2025-12-01,1.2,-1.2,3
23914921,2025-12-01,1.2,-1.1,1
23914921,2025-12-01,1.2,-1.0,4
23914921,2025-12-01,1.2,-0.9,11
23914921,2025-12-01,1.2,-0.8,40
23914921,2025-12-01,1.2,-0.7,112
23914921,2025-12-01,1.2,-0.6,52
23914921,2025-12-01,1.2,-0.5,161
23914921,2025-12-01,1.2,-0.4,479
23914921,2025-12-01,1.2,-0.3,608
23914921,2025-12-01,1.2,-0.2,1121
23914921,2025-12-01,1.2,-0.1,765
23914921,2025-12-01,1.2,0.0,243
23914921,2025-12-01,1.2,0.1,30
23914921,2025-12-01,1.2,0.2,16
23914921,2025-12-01,1.2,0.3,14
23914921,2025-12-01,1.2,0.4,3
23914921,2025-12-01,1.2,0.5,27
23914921,2025-12-01,1.2,0.6,9
23914921,2025-12-01,1.2,0.7,7
23914921,2025-12-01,1.2,0.8,2
23914921,2025-12-01,1.2,1.5,2
23914921,2025-12-01,1.22,-1.7,2
23914921,2025-12-01,1.22,-1.6,3
23914921,2025-12-01,1.22,-1.5,3
23914921,2025-12-01,1.22,-1.4,3
23914921,2025-12-01,1.22,-1.3,1
23914921,2025-12-01,1.22,-1.2,1
23914921,2025-12-01,1.22,-1.1,1
23914921,2025-12-01,1.22,-1.0,17
23914921,2025-12-01,1.22,-0.9,17
23914921,2025-12-01,1.22,-0.8,32
23914921,2025-12-01,1.22,-0.7,114
23914921,2025-12-01,1.22,-0.6,63
23914921,2025-12-01,1.22,-0.5,127
23914921,2025-12-01,1.22,-0.4,257
23914921,2025-12-01,1.22,-0.3,1114
23914921,2025-12-01,1.22,-0.2,1620
23914921,2025-12-01,1.22,-0.1,3571
23914921,2025-12-01,1.22,0.0,354
23914921,2025-12-01,1.22,0.1,34
23914921,2025-12-01,1.22,0.2,7
23914921,2025-12-01,1.22,0.3,9
23914921,2025-12-01,1.22,0.4,12
23914921,2025-12-01,1.22,0.5,78
23914921,2025-12-01,1.22,0.6,11
23914921,2025-12-01,1.22,0.7,10
23914921,2025-12-01,1.22,0.8,4
23914921,2025-12-01,1.22,0.9,1
23914921,2025-12-01,1.22,1.1,1
23914921,2025-12-01,1.24,-1.9,1
23914921,2025-12-01,1.24,-1.8,2
23914921,2025-12-01,1.24,-1.7,7
23914921,2025-12-01,1.24,-1.5,1
23914921,2025-12-01,1.24,-1.4,4
23914921,2025-12-01,1.24,-1.2,3
23914921,2025-12-01,1.24,-1.1,3
23914921,2025-12-01,1.24,-1.0,9
23914921,2025-12-01,1.24,-0.9,9
23914921,2025-12-01,1.24,-0.8,48
23914921,2025-12-01,1.24,-0.7,98
23914921,2025-12-01,1.24,-0.6,52
23914921,2025-12-01,1.24,-0.5,88
23914921,2025-12-01,1.24,-0.4,349
23914921,2025-12-01,1.24,-0.3,474
23914921,2025-12-01,1.24,-0.2,775
23914921,2025-12-01,1.24,-0.1,2064
23914921,2025-12-01,1.24,0.0,258
23914921,2025-12-01,1.24,0.1,35
23914921,2025-12-01,1.24,0.2,15
23914921,2025-12-01,1.24,0.3,8
23914921,2025-12-01,1.24,0.4,7
23914921,2025-12-01,1.24,0.5,615
23914921,2025-12-01,1.24,0.6,4
23914921,2025-12-01,1.24,0.7,16
23914921,2025-12-01,1.24,0.9,1
23914921,2025-12-01,1.24,1.1,1
23914921,2025-12-01,1.24,1.6,1
23914921,2025-12-01,1.26,-2.1,2
23914921,2025-12-01,1.26,-2.0,1
23914921,2025-12-01,1.26,-1.8,2
23914921,2025-12-01,1.26,-1.7,2
23914921,2025-12-01,1.26,-1.6,2
23914921,2025-12-01,1.26,-1.5,1
23914921,2025-12-01,1.26,-1.4,1
23914921,2025-12-01,1.26,-1.3,2
23914921,2025-12-01,1.26,-1.1,1
23914921,2025-12-01,1.26,-1.0,14
23914921,2025-12-01,1.26,-0.9,30
23914921,2025-12-01,1.26,-0.8,40
23914921,2025-12-01,1.26,-0.7,88
23914921,2025-12-01,1.26,-0.6,67
23914921,2025-12-01,1.26,-0.5,71
23914921,2025-12-01,1.26,-0.4,162
23914921,2025-12-01,1.26,-0.3,356
23914921,2025-12-01,1.26,-0.2,1371
23914921,2025-12-01,1.26,-0.1,952
23914921,2025-12-01,1.26,0.0,470
23914921,2025-12-01,1.26,0.1,70
23914921,2025-12-01,1.26,0.2,27
23914921,2025-12-01,1.26,0.3,7
23914921,2025-12-01,1.26,0.4,6
23914921,2025-12-01,1.26,0.5,7
23914921,2025-12-01,1.26,0.6,7
23914921,2025-12-01,1.26,0.7,10
23914921,2025-12-01,1.26,0.8,1
23914921,2025-12-01,1.26,0.9,1
23914921,2025-12-01,1.26,1.0,1
23914921,2025-12-01,1.26,1.1,1
23914921,2025-12-01,1.26,1.4,1
23914921,2025-12-01,1.28,-2.9,2
23914921,2025-12-01,1.28,-2.1,1
23914921,2025-12-01,1.28,-2.0,2
23914921,2025-12-01,1.28,-1.9,3
23914921,2025-12-01,1.28,-1.8,1
23914921,2025-12-01,1.28,-1.7,2
23914921,2025-12-01,1.28,-1.6,1
23914921,2025-12-01,1.28,-1.5,1
23914921,2025-12-01,1.28,-1.4,4
23914921,2025-12-01,1.28,-1.2,3
23914921,2025-12-01,1.28,-1.1,9
23914921,2025-12-01,1.28,-1.0,22
23914921,2025-12-01,1.28,-0.9,26
23914921,2025-12-01,1.28,-0.8,40
23914921,2025-12-01,1.28,-0.7,316
23914921,2025-12-01,1.28,-0.6,25
23914921,2025-12-01,1.28,-0.5,61
23914921,2025-12-01,1.28,-0.4,130
23914921,2025-12-01,1.28,-0.3,650
23914921,2025-12-01,1.28,-0.2,1053
23914921,2025-12-01,1.28,-0.1,745
23914921,2025-12-01,1.28,0.0,158
23914921,2025-12-01,1.28,0.1,27
23914921,2025-12-01,1.28,0.2,8
23914921,2025-12-01,1.28,0.3,21
23914921,2025-12-01,1.28,0.4,6
23914921,2025-12-01,1.28,0.5,15
23914921,2025-12-01,1.28,0.6,7
23914921,2025-12-01,1.28,0.7,7
23914921,2025-12-01,1.28,0.8,1
23914921,2025-12-01,1.28,1.4,3
23914921,2025-12-01,1.28,1.5,1
23914921,2025-12-01,1.28,2.1,1
23914921,2025-12-01,1.3,-2.0,1
23914921,2025-12-01,1.3,-1.9,3
23914921,2025-12-01,1.3,-1.8,1
23914921,2025-12-01,1.3,-1.7,5
23914921,2025-12-01,1.3,-1.6,3
23914921,2025-12-01,1.3,-1.5,2
23914921,2025-12-01,1.3,-1.4,5
23914921,2025-12-01,1.3,-1.3,4
23914921,2025-12-01,1.3,-1.1,7
23914921,2025-12-01,1.3,-1.0,7
23914921,2025-12-01,1.3,-0.9,18
23914921,2025-12-01,1.3,-0.8,52
23914921,2025-12-01,1.3,-0.7,170
23914921,2025-12-01,1.3,-0.6,40
23914921,2025-12-01,1.3,-0.5,71
23914921,2025-12-01,1.3,-0.4,157
23914921,2025-12-01,1.3,-0.3,426
23914921,2025-12-01,1.3,-0.2,569
23914921,2025-12-01,1.3,-0.1,371
23914921,2025-12-01,1.3,0.0,117
23914921,2025-12-01,1.3,0.1,16
23914921,2025-12-01,1.3,0.2,9
23914921,2025-12-01,1.3,0.3,6
23914921,2025-12-01,1.3,0.4,1
23914921,2025-12-01,1.3,0.5,4
23914921,2025-12-01,1.3,0.6,6
23914921,2025-12-01,1.3,0.7,12
23914921,2025-12-01,1.3,0.8,1
23914921,2025-12-01,1.3,1.0,1
23914921,2025-12-01,1.3,1.1,1
23914921,2025-12-01,1.3,1.4,3
23914921,2025-12-01,1.32,-2.0,1
23914921,2025-12-01,1.32,-1.9,14
23914921,2025-12-01,1.32,-1.8,2
23914921,2025-12-01,1.32,-1.7,5
23914921,2025-12-01,1.32,-1.6,1
23914921,2025-12-01,1.32,-1.5,4
23914921,2025-12-01,1.32,-1.4,14
23914921,2025-12-01,1.32,-1.3,2
23914921,2025-12-01,1.32,-1.2,5
23914921,2025-12-01,1.32,-1.1,20
23914921,2025-12-01,1.32,-1.0,4
23914921,2025-12-01,1.32,-0.9,6
23914921,2025-12-01,1.32,-0.8,32
23914921,2025-12-01,1.32,-0.7,104
23914921,2025-12-01,1.32,-0.6,33
23914921,2025-12-01,1.32,-0.5,79
23914921,2025-12-01,1.32,-0.4,117
23914921,2025-12-01,1.32,-0.3,554
23914921,2025-12-01,1.32,-0.2,636
23914921,2025-12-01,1.32,-0.1,454
23914921,2025-12-01,1.32,0.0,137
23914921,2025-12-01,1.32,0.1,14
23914921,2025-12-01,1.32,0.2,8
23914921,2025-12-01,1.32,0.3,9
23914921,2025-12-01,1.32,0.4,2
23914921,2025-12-01,1.32,0.5,7
23914921,2025-12-01,1.32,0.6,4
23914921,2025-12-01,1.32,0.7,14
23914921,2025-12-01,1.32,0.8,41
23914921,2025-12-01,1.32,1.2,1
23914921,2025-12-01,1.32,1.3,2
23914921,2025-12-01,1.32,1.4,1
23914921,2025-12-01,1.34,-1.9,1
23914921,2025-12-01,1.34,-1.8,2
23914921,2025-12-01,1.34,-1.7,4
23914921,2025-12-01,1.34,-1.6,2
23914921,2025-12-01,1.34,-1.5,4
23914921,2025-12-01,1.34,-1.4,18
23914921,2025-12-01,1.34,-1.3,2
23914921,2025-12-01,1.34,-1.2,4
23914921,2025-12-01,1.34,-1.1,15
23914921,2025-12-01,1.34,-0.9,5
23914921,2025-12-01,1.34,-0.8,40
23914921,2025-12-01,1.34,-0.7,108
23914921,2025-12-01,1.34,-0.6,45
23914921,2025-12-01,1.34,-0.5,77
23914921,2025-12-01,1.34,-0.4,137
23914921,2025-12-01,1.34,-0.3,428
23914921,2025-12-01,1.34,-0.2,784
23914921,2025-12-01,1.34,-0.1,337
23914921,2025-12-01,1.34,0.0,98
23914921,2025-12-01,1.34,0.1,23
23914921,2025-12-01,1.34,0.2,10
23914921,2025-12-01,1.34,0.3,10
23914921,2025-12-01,1.34,0.4,6
23914921,2025-12-01,1.34,0.5,11
23914921,2025-12-01,1.34,0.6,4
23914921,2025-12-01,1.34,0.7,209
23914921,2025-12-01,1.34,0.8,2
23914921,2025-12-01,1.34,1.3,4
23914921,2025-12-01,1.34,1.4,3
23914921,2025-12-01,1.34,1.5,1
23914921,2025-12-01,1.36,-1.9,2
23914921,2025-12-01,1.36,-1.8,1
23914921,2025-12-01,1.36,-1.7,4
23914921,2025-12-01,1.36,-1.5,2
23914921,2025-12-01,1.36,-1.4,3
23914921,2025-12-01,1.36,-1.3,2
23914921,2025-12-01,1.36,-1.2,5
23914921,2025-12-01,1.36,-1.1,7
23914921,2025-12-01,1.36,-1.0,1
23914921,2025-12-01,1.36,-0.9,4
23914921,2025-12-01,1.36,-0.8,37
23914921,2025-12-01,1.36,-0.7,116
23914921,2025-12-01,1.36,-0.6,61
23914921,2025-12-01,1.36,-0.5,49
23914921,2025-12-01,1.36,-0.4,161
23914921,2025-12-01,1.36,-0.3,323
23914921,2025-12-01,1.36,-0.2,994
23914921,2025-12-01,1.36,-0.1,276
23914921,2025-12-01,1.36,0.0,84
23914921,2025-12-01,1.36,0.1,19
23914921,2025-12-01,1.36,0.2,14
23914921,2025-12-01,1.36,0.3,15
23914921,2025-12-01,1.36,0.4,2
23914921,2025-12-01,1.36,0.5,8
23914921,2025-12-01,1.36,0.6,4
23914921,2025-12-01,1.36,0.7,69
23914921,2025-12-01,1.36,0.8,1
23914921,2025-12-01,1.36,1.0,1
23914921,2025-12-01,1.36,1.4,2
23914921,2025-12-01,1.36,1.5,1
23914921,2025-12-01,1.38,-2.2,1
23914921,2025-12-01,1.38,-1.9,1
23914921,2025-12-01,1.38,-1.7,1
23914921,2025-12-01,1.38,-1.5,3
23914921,2025-12-01,1.38,-1.4,3
23914921,2025-12-01,1.38,-1.2,13
23914921,2025-12-01,1.38,-1.1,11
23914921,2025-12-01,1.38,-1.0,1
23914921,2025-12-01,1.38,-0.9,2
23914921,2025-12-01,1.38,-0.8,30
23914921,2025-12-01,1.38,-0.7,98
23914921,2025-12-01,1.38,-0.6,44
23914921,2025-12-01,1.38,-0.5,63
23914921,2025-12-01,1.38,-0.4,99
23914921,2025-12-01,1.38,-0.3,328
23914921,2025-12-01,1.38,-0.2,1755
23914921,2025-12-01,1.38,-0.1,412
23914921,2025-12-01,1.38,0.0,230
23914921,2025-12-01,1.38,0.1,21
23914921,2025-12-01,1.38,0.2,7
23914921,2025-12-01,1.38,0.3,11
23914921,2025-12-01,1.38,0.5,10
23914921,2025-12-01,1.38,0.6,5
23914921,2025-12-01,1.38,0.7,28
23914921,2025-12-01,1.38,0.9,1
23914921,2025-12-01,1.38,1.1,1
23914921,2025-12-01,1.38,1.4,2
23914921,2025-12-01,1.4,-1.7,2
23914921,2025-12-01,1.4,-1.5,2
23914921,2025-12-01,1.4,-1.4,3
23914921,2025-12-01,1.4,-1.3,6
23914921,2025-12-01,1.4,-1.2,7
23914921,2025-12-01,1.4,-1.1,3
23914921,2025-12-01,1.4,-0.9,5
23914921,2025-12-01,1.4,-0.8,28
23914921,2025-12-01,1.4,-0.7,87
23914921,2025-12-01,1.4,-0.6,54
23914921,2025-12-01,1.4,-0.5,49
23914921,2025-12-01,1.4,-0.4,114
23914921,2025-12-01,1.4,-0.3,253
23914921,2025-12-01,1.4,-0.2,1854
23914921,2025-12-01,1.4,-0.1,361
23914921,2025-12-01,1.4,0.0,72
23914921,2025-12-01,1.4,0.1,20
23914921,2025-12-01,1.4,0.2,10
23914921,2025-12-01,1.4,0.3,8
23914921,2025-12-01,1.4,0.4,4
23914921,2025-12-01,1.4,0.5,6
23914921,2025-12-01,1.4,0.6,5
23914921,2025-12-01,1.4,0.7,13
23914921,2025-12-01,1.4,1.3,1
23914921,2025-12-01,1.4,1.4,1
23914921,2025-12-01,1.42,-2.0,5
23914921,2025-12-01,1.42,-1.9,1
23914921,2025-12-01,1.42,-1.7,6
23914921,2025-12-01,1.42,-1.6,1
23914921,2025-12-01,1.42,-1.4,6
23914921,2025-12-01,1.42,-1.3,9
23914921,2025-12-01,1.42,-1.2,16
23914921,2025-12-01,1.42,-0.9,3
23914921,2025-12-01,1.42,-0.8,26
23914921,2025-12-01,1.42,-0.7,93
23914921,2025-12-01,1.42,-0.6,30
23914921,2025-12-01,1.42,-0.5,85
23914921,2025-12-01,1.42,-0.4,106
23914921,2025-12-01,1.42,-0.3,201
23914921,2025-12-01,1.42,-0.2,59896
23914921,2025-12-01,1.42,-0.1,531
23914921,2025-12-01,1.42,0.0,83
23914921,2025-12-01,1.42,0.1,18
23914921,2025-12-01,1.42,0.2,2
23914921,2025-12-01,1.42,0.3,17
23914921,2025-12-01,1.42,0.4,2
23914921,2025-12-01,1.42,0.5,8
23914921,2025-12-01,1.42,0.6,8
23914921,2025-12-01,1.42,0.7,4
23914921,2025-12-01,1.42,0.8,2
23914921,2025-12-01,1.42,1.2,2
23914921,2025-12-01,1.42,1.3,1
23914921,2025-12-01,1.44,-2.0,1
23914921,2025-12-01,1.44,-1.7,7
23914921,2025-12-01,1.44,-1.6,1
23914921,2025-12-01,1.44,-1.5,2
23914921,2025-12-01,1.44,-1.4,3
23914921,2025-12-01,1.44,-1.2,15
23914921,2025-12-01,1.44,-1.1,3
23914921,2025-12-01,1.44,-1.0,1
23914921,2025-12-01,1.44,-0.9,3
23914921,2025-12-01,1.44,-0.8,32
23914921,2025-12-01,1.44,-0.7,78
23914921,2025-12-01,1.44,-0.6,39
23914921,2025-12-01,1.44,-0.5,228
23914921,2025-12-01,1.44,-0.4,120
23914921,2025-12-01,1.44,-0.3,249
23914921,2025-12-01,1.44,-0.2,685
23914921,2025-12-01,1.44,-0.1,420
23914921,2025-12-01,1.44,0.0,108
23914921,2025-12-01,1.44,0.1,11
23914921,2025-12-01,1.44,0.2,13
23914921,2025-12-01,1.44,0.3,8
23914921,2025-12-01,1.44,0.4,2
23914921,2025-12-01,1.44,0.5,27
23914921,2025-12-01,1.44,0.6,9
23914921,2025-12-01,1.44,0.7,5
23914921,2025-12-01,1.44,0.8,2
23914921,2025-12-01,1.44,0.9,3
23914921,2025-12-01,1.44,1.6,1
23914921,2025-12-01,1.46,-1.9,1
23914921,2025-12-01,1.46,-1.7,8
23914921,2025-12-01,1.46,-1.6,9
23914921,2025-12-01,1.46,-1.5,2
23914921,2025-12-01,1.46,-1.4,2
23914921,2025-12-01,1.46,-1.2,16
23914921,2025-12-01,1.46,-1.1,1
23914921,2025-12-01,1.46,-1.0,1
23914921,2025-12-01,1.46,-0.9,8
23914921,2025-12-01,1.46,-0.8,25
23914921,2025-12-01,1.46,-0.7,80
23914921,2025-12-01,1.46,-0.6,142
23914921,2025-12-01,1.46,-0.5,72
23914921,2025-12-01,1.46,-0.4,101
23914921,2025-12-01,1.46,-0.3,604
23914921,2025-12-01,1.46,-0.2,731
23914921,2025-12-01,1.46,-0.1,508
23914921,2025-12-01,1.46,0.0,176
23914921,2025-12-01,1.46,0.1,14
23914921,2025-12-01,1.46,0.2,8
23914921,2025-12-01,1.46,0.3,28
23914921,2025-12-01,1.46,0.4,4
23914921,2025-12-01,1.46,0.5,17
23914921,2025-12-01,1.46,0.6,13
23914921,2025-12-01,1.46,0.7,4
23914921,2025-12-01,1.46,1.2,2
23914921,2025-12-01,1.48,-1.8,1
23914921,2025-12-01,1.48,-1.7,5
23914921,2025-12-01,1.48,-1.6,3
23914921,2025-12-01,1.48,-1.4,2
23914921,2025-12-01,1.48,-1.3,3
23914921,2025-12-01,1.48,-1.2,11
23914921,2025-12-01,1.48,-1.0,2
23914921,2025-12-01,1.48,-0.9,3
23914921,2025-12-01,1.48,-0.8,23
23914921,2025-12-01,1.48,-0.7,90
23914921,2025-12-01,1.48,-0.6,28
23914921,2025-12-01,1.48,-0.5,47
23914921,2025-12-01,1.48,-0.4,104
23914921,2025-12-01,1.48,-0.3,750
23914921,2025-12-01,1.48,-0.2,510
23914921,2025-12-01,1.48,-0.1,459
23914921,2025-12-01,1.48,0.0,116
23914921,2025-12-01,1.48,0.1,7
23914921,2025-12-01,1.48,0.2,10
23914921,2025-12-01,1.48,0.3,15
23914921,2025-12-01,1.48,0.4,4
23914921,2025-12-01,1.48,0.5,13
23914921,2025-12-01,1.48,0.6,10
23914921,2025-12-01,1.48,1.1,1
23914921,2025-12-01,1.48,1.2,3
23914921,2025-12-01,1.5,-2.5,1
23914921,2025-12-01,1.5,-1.9,1
23914921,2025-12-01,1.5,-1.7,11
23914921,2025-12-01,1.5,-1.6,3
23914921,2025-12-01,1.5,-1.4,1
23914921,2025-12-01,1.5,-1.3,1
23914921,2025-12-01,1.5,-1.2,9
23914921,2025-12-01,1.5,-1.1,2
23914921,2025-12-01,1.5,-1.0,1
23914921,2025-12-01,1.5,-0.9,3
23914921,2025-12-01,1.5,-0.8,41
23914921,2025-12-01,1.5,-0.7,71
23914921,2025-12-01,1.5,-0.6,24
23914921,2025-12-01,1.5,-0.5,145
23914921,2025-12-01,1.5,-0.4,173
23914921,2025-12-01,1.5,-0.3,280
23914921,2025-12-01,1.5,-0.2,401
23914921,2025-12-01,1.5,-0.1,364
23914921,2025-12-01,1.5,0.0,368
23914921,2025-12-01,1.5,0.1,15
23914921,2025-12-01,1.5,0.2,6
23914921,2025-12-01,1.5,0.3,13
23914921,2025-12-01,1.5,0.4,5
23914921,2025-12-01,1.5,0.5,7
23914921,2025-12-01,1.5,0.6,8
23914921,2025-12-01,1.5,0.7,1
23914921,2025-12-01,1.5,1.2,1
23914921,2025-12-01,1.5,1.3,1
23914921,2025-12-01,1.52,-1.7,7
23914921,2025-12-01,1.52,-1.6,1
23914921,2025-12-01,1.52,-1.5,1
23914921,2025-12-01,1.52,-1.3,4
23914921,2025-12-01,1.52,-1.2,14
23914921,2025-12-01,1.52,-1.0,3
23914921,2025-12-01,1.52,-0.9,1
23914921,2025-12-01,1.52,-0.8,117
23914921,2025-12-01,1.52,-0.7,314
23914921,2025-12-01,1.52,-0.6,17
23914921,2025-12-01,1.52,-0.5,31
23914921,2025-12-01,1.52,-0.4,92
23914921,2025-12-01,1.52,-0.3,179
23914921,2025-12-01,1.52,-0.2,517
23914921,2025-12-01,1.52,-0.1,920
23914921,2025-12-01,1.52,0.0,130
23914921,2025-12-01,1.52,0.1,20
23914921,2025-12-01,1.52,0.2,8
23914921,2025-12-01,1.52,0.3,12
23914921,2025-12-01,1.52,0.4,3
23914921,2025-12-01,1.52,0.5,3
23914921,2025-12-01,1.52,0.6,6
23914921,2025-12-01,1.52,1.2,1
23914921,2025-12-01,1.54,-1.7,7
23914921,2025-12-01,1.54,-1.6,1
23914921,2025-12-01,1.54,-1.3,4
23914921,2025-12-01,1.54,-1.2,10
23914921,2025-12-01,1.54,-1.1,2
23914921,2025-12-01,1.54,-1.0,1
23914921,2025-12-01,1.54,-0.8,38
23914921,2025-12-01,1.54,-0.7,105
23914921,2025-12-01,1.54,-0.6,44
23914921,2025-12-01,1.54,-0.5,34
23914921,2025-12-01,1.54,-0.4,111
23914921,2025-12-01,1.54,-0.3,189
23914921,2025-12-01,1.54,-0.2,651
23914921,2025-12-01,1.54,-0.1,262
23914921,2025-12-01,1.54,0.0,66
23914921,2025-12-01,1.54,0.1,59
23914921,2025-12-01,1.54,0.2,36
23914921,2025-12-01,1.54,0.3,6
23914921,2025-12-01,1.54,0.4,3
23914921,2025-12-01,1.54,0.5,9
23914921,2025-12-01,1.54,0.6,16
23914921,2025-12-01,1.54,1.1,15
23914921,2025-12-01,1.56,-1.7,9
23914921,2025-12-01,1.56,-1.5,1
23914921,2025-12-01,1.56,-1.4,1
23914921,2025-12-01,1.56,-1.3,3
23914921,2025-12-01,1.56,-1.2,11
23914921,2025-12-01,1.56,-1.0,4
23914921,2025-12-01,1.56,-0.9,2
23914921,2025-12-01,1.56,-0.8,18
23914921,2025-12-01,1.56,-0.7,85
23914921,2025-12-01,1.56,-0.6,32
23914921,2025-12-01,1.56,-0.5,768
23914921,2025-12-01,1.56,-0.4,217
23914921,2025-12-01,1.56,-0.3,223
23914921,2025-12-01,1.56,-0.2,366
23914921,2025-12-01,1.56,-0.1,340
23914921,2025-12-01,1.56,0.0,107
23914921,2025-12-01,1.56,0.1,13
23914921,2025-12-01,1.56,0.2,3
23914921,2025-12-01,1.56,0.3,13
23914921,2025-12-01,1.56,0.4,5
23914921,2025-12-01,1.56,0.5,9
23914921,2025-12-01,1.56,0.6,11
23914921,2025-12-01,1.56,0.8,1
23914921,2025-12-01,1.56,1.1,7
23914921,2025-12-01,1.56,1.2,2
23914921,2025-12-01,1.56,1.3,1
23914921,2025-12-01,1.58,-1.7,8
23914921,2025-12-01,1.58,-1.5,2
23914921,2025-12-01,1.58,-1.3,1
23914921,2025-12-01,1.58,-1.2,16
23914921,2025-12-01,1.58,-1.1,1
23914921,2025-12-01,1.58,-1.0,1
23914921,2025-12-01,1.58,-0.9,1
23914921,2025-12-01,1.58,-0.8,33
23914921,2025-12-01,1.58,-0.7,82
23914921,2025-12-01,1.58,-0.6,13
23914921,2025-12-01,1.58,-0.5,26
23914921,2025-12-01,1.58,-0.4,83
23914921,2025-12-01,1.58,-0.3,176
23914921,2025-12-01,1.58,-0.2,319
23914921,2025-12-01,1.58,-0.1,275
23914921,2025-12-01,1.58,0.0,118
23914921,2025-12-01,1.58,0.1,5
23914921,2025-12-01,1.58,0.2,5
23914921,2025-12-01,1.58,0.3,18
23914921,2025-12-01,1.58,0.4,5
23914921,2025-12-01,1.58,0.5,19
23914921,2025-12-01,1.58,0.6,38
23914921,2025-12-01,1.58,1.1,1
23914921,2025-12-01,1.58,1.2,1
23914921,2025-12-01,1.58,1.3,1
23914921,2025-12-01,1.6,-1.8,1
23914921,2025-12-01,1.6,-1.7,12
23914921,2025-12-01,1.6,-1.4,1
23914921,2025-12-01,1.6,-1.3,6
23914921,2025-12-01,1.6,-1.2,66
23914921,2025-12-01,1.6,-1.1,1
23914921,2025-12-01,1.6,-1.0,1
23914921,2025-12-01,1.6,-0.9,1
23914921,2025-12-01,1.6,-0.8,11
23914921,2025-12-01,1.6,-0.7,87
23914921,2025-12-01,1.6,-0.6,49
23914921,2025-12-01,1.6,-0.5,39
23914921,2025-12-01,1.6,-0.4,65
23914921,2025-12-01,1.6,-0.3,136
23914921,2025-12-01,1.6,-0.2,689
23914921,2025-12-01,1.6,-0.1,338
23914921,2025-12-01,1.6,0.0,132
23914921,2025-12-01,1.6,0.1,10
23914921,2025-12-01,1.6,0.2,5
23914921,2025-12-01,1.6,0.3,15
23914921,2025-12-01,1.6,0.4,4
23914921,2025-12-01,1.6,0.5,4
23914921,2025-12-01,1.6,0.6,59
23914921,2025-12-01,1.6,0.7,2
23914921,2025-12-01,1.6,1.1,4
23914921,2025-12-01,1.62,-2.0,1
23914921,2025-12-01,1.62,-1.7,10
23914921,2025-12-01,1.62,-1.5,1
23914921,2025-12-01,1.62,-1.4,1
23914921,2025-12-01,1.62,-1.3,2
23914921,2025-12-01,1.62,-1.2,254
23914921,2025-12-01,1.62,-1.1,4
23914921,2025-12-01,1.62,-0.8,304
23914921,2025-12-01,1.62,-0.7,74
23914921,2025-12-01,1.62,-0.6,10
23914921,2025-12-01,1.62,-0.5,25
23914921,2025-12-01,1.62,-0.4,115
23914921,2025-12-01,1.62,-0.3,514
23914921,2025-12-01,1.62,-0.2,322
23914921,2025-12-01,1.62,-0.1,264
23914921,2025-12-01,1.62,0.0,78
23914921,2025-12-01,1.62,0.1,13
23914921,2025-12-01,1.62,0.2,7
23914921,2025-12-01,1.62,0.3,14
23914921,2025-12-01,1.62,0.4,6
23914921,2025-12-01,1.62,0.5,6
23914921,2025-12-01,1.62,0.6,107
23914921,2025-12-01,1.64,-1.8,1
23914921,2025-12-01,1.64,-1.7,15
23914921,2025-12-01,1.64,-1.5,3
23914921,2025-12-01,1.64,-1.3,3
23914921,2025-12-01,1.64,-1.2,83
23914921,2025-12-01,1.64,-1.1,4
23914921,2025-12-01,1.64,-1.0,2
23914921,2025-12-01,1.64,-0.9,27
23914921,2025-12-01,1.64,-0.8,17
23914921,2025-12-01,1.64,-0.7,159
23914921,2025-12-01,1.64,-0.6,14
23914921,2025-12-01,1.64,-0.5,35
23914921,2025-12-01,1.64,-0.4,125
23914921,2025-12-01,1.64,-0.3,215
23914921,2025-12-01,1.64,-0.2,373
23914921,2025-12-01,1.64,-0.1,365
23914921,2025-12-01,1.64,0.0,71
23914921,2025-12-01,1.64,0.1,9
23914921,2025-12-01,1.64,0.2,9
23914921,2025-12-01,1.64,0.3,28
23914921,2025-12-01,1.64,0.4,17
23914921,2025-12-01,1.64,0.5,1
23914921,2025-12-01,1.64,0.6,3
23914921,2025-12-01,1.64,1.0,1
23914921,2025-12-01,1.66,-1.7,111
23914921,2025-12-01,1.66,-1.6,5
23914921,2025-12-01,1.66,-1.3,7
23914921,2025-12-01,1.66,-1.2,13
23914921,2025-12-01,1.66,-1.1,1
23914921,2025-12-01,1.66,-1.0,3
23914921,2025-12-01,1.66,-0.8,5
23914921,2025-12-01,1.66,-0.7,114
23914921,2025-12-01,1.66,-0.6,10
23914921,2025-12-01,1.66,-0.5,42
23914921,2025-12-01,1.66,-0.4,200
23914921,2025-12-01,1.66,-0.3,140
23914921,2025-12-01,1.66,-0.2,411
23914921,2025-12-01,1.66,-0.1,288
23914921,2025-12-01,1.66,0.0,82
23914921,2025-12-01,1.66,0.1,9
23914921,2025-12-01,1.66,0.2,1
23914921,2025-12-01,1.66,0.3,14
23914921,2025-12-01,1.66,0.4,55
23914921,2025-12-01,1.66,0.5,23
23914921,2025-12-01,1.66,0.6,2
23914921,2025-12-01,1.66,0.7,1
23914921,2025-12-01,1.66,1.1,1
23914921,2025-12-01,1.68,-1.7,51
23914921,2025-12-01,1.68,-1.5,2
23914921,2025-12-01,1.68,-1.4,1
23914921,2025-12-01,1.68,-1.2,7
23914921,2025-12-01,1.68,-1.1,4
23914921,2025-12-01,1.68,-1.0,3
23914921,2025-12-01,1.68,-0.9,13
23914921,2025-12-01,1.68,-0.8,13
23914921,2025-12-01,1.68,-0.7,168
23914921,2025-12-01,1.68,-0.6,28
23914921,2025-12-01,1.68,-0.5,36
23914921,2025-12-01,1.68,-0.4,62
23914921,2025-12-01,1.68,-0.3,185
23914921,2025-12-01,1.68,-0.2,594
23914921,2025-12-01,1.68,-0.1,451
23914921,2025-12-01,1.68,0.0,62
23914921,2025-12-01,1.68,0.1,9
23914921,2025-12-01,1.68,0.2,4
23914921,2025-12-01,1.68,0.3,89
23914921,2025-12-01,1.68,0.4,9
23914921,2025-12-01,1.68,0.5,7
23914921,2025-12-01,1.68,0.6,1
23914921,2025-12-01,1.7,-1.7,1
23914921,2025-12-01,1.7,-1.6,4
23914921,2025-12-01,1.7,-1.5,2
23914921,2025-12-01,1.7,-1.4,1
23914921,2025-12-01,1.7,-1.2,4
23914921,2025-12-01,1.7,-1.1,1
23914921,2025-12-01,1.7,-1.0,19
23914921,2025-12-01,1.7,-0.9,6
23914921,2025-12-01,1.7,-0.8,37
23914921,2025-12-01,1.7,-0.7,179
23914921,2025-12-01,1.7,-0.6,21
23914921,2025-12-01,1.7,-0.5,45
23914921,2025-12-01,1.7,-0.4,49
23914921,2025-12-01,1.7,-0.3,245
23914921,2025-12-01,1.7,-0.2,1016
23914921,2025-12-01,1.7,-0.1,943
23914921,2025-12-01,1.7,0.0,65
23914921,2025-12-01,1.7,0.1,8
23914921,2025-12-01,1.7,0.2,3
23914921,2025-12-01,1.7,0.3,6
23914921,2025-12-01,1.7,0.4,6
23914921,2025-12-01,1.7,0.5,6
23914921,2025-12-01,1.7,0.6,3
23914921,2025-12-01,1.7,0.7,1
23914921,2025-12-01,1.7,1.2,1
23914921,2025-12-01,1.72,-1.7,1
23914921,2025-12-01,1.72,-1.6,2
23914921,2025-12-01,1.72,-1.3,1
23914921,2025-12-01,1.72,-1.2,3
23914921,2025-12-01,1.72,-1.1,5
23914921,2025-12-01,1.72,-0.8,16
23914921,2025-12-01,1.72,-0.7,441
23914921,2025-12-01,1.72,-0.6,46
23914921,2025-12-01,1.72,-0.5,147
23914921,2025-12-01,1.72,-0.4,36
23914921,2025-12-01,1.72,-0.3,431
23914921,2025-12-01,1.72,-0.2,208
23914921,2025-12-01,1.72,-0.1,350
23914921,2025-12-01,1.72,0.0,71
23914921,2025-12-01,1.72,0.1,7
23914921,2025-12-01,1.72,0.2,3
23914921,2025-12-01,1.72,0.3,24
23914921,2025-12-01,1.72,0.4,6
23914921,2025-12-01,1.72,0.5,1
23914921,2025-12-01,1.72,0.6,2
23914921,2025-12-01,1.72,0.7,1
23914921,2025-12-01,1.72,1.0,1
23914921,2025-12-01,1.74,-1.8,1
23914921,2025-12-01,1.74,-1.7,3
23914921,2025-12-01,1.74,-1.5,1
23914921,2025-12-01,1.74,-1.3,2
23914921,2025-12-01,1.74,-1.2,1
23914921,2025-12-01,1.74,-1.1,4
23914921,2025-12-01,1.74,-1.0,1
23914921,2025-12-01,1.74,-0.9,1
23914921,2025-12-01,1.74,-0.8,16
23914921,2025-12-01,1.74,-0.7,1880
23914921,2025-12-01,1.74,-0.6,100
23914921,2025-12-01,1.74,-0.5,252
23914921,2025-12-01,1.74,-0.4,138
23914921,2025-12-01,1.74,-0.3,843
23914921,2025-12-01,1.74,-0.2,156
23914921,2025-12-01,1.74,-0.1,542
23914921,2025-12-01,1.74,0.0,77
23914921,2025-12-01,1.74,0.1,8
23914921,2025-12-01,1.74,0.2,5
23914921,2025-12-01,1.74,0.3,6
23914921,2025-12-01,1.74,0.4,2
23914921,2025-12-01,1.74,0.5,4
23914921,2025-12-01,1.76,-1.2,3
23914921,2025-12-01,1.76,-1.1,5
23914921,2025-12-01,1.76,-0.9,1
23914921,2025-12-01,1.76,-0.8,6
23914921,2025-12-01,1.76,-0.7,89
23914921,2025-12-01,1.76,-0.6,30
23914921,2025-12-01,1.76,-0.5,29
23914921,2025-12-01,1.76,-0.4,46
23914921,2025-12-01,1.76,-0.3,117
23914921,2025-12-01,1.76,-0.2,259
23914921,2025-12-01,1.76,-0.1,576
23914921,2025-12-01,1.76,0.0,241
23914921,2025-12-01,1.76,0.1,9
23914921,2025-12-01,1.76,0.2,4
23914921,2025-12-01,1.76,0.3,3
23914921,2025-12-01,1.76,0.4,3
23914921,2025-12-01,1.76,0.6,1
23914921,2025-12-01,1.76,0.7,1
23914921,2025-12-01,1.78,-1.7,2
23914921,2025-12-01,1.78,-1.5,3
23914921,2025-12-01,1.78,-1.4,2
23914921,2025-12-01,1.78,-1.3,1
23914921,2025-12-01,1.78,-1.1,3
23914921,2025-12-01,1.78,-1.0,1
23914921,2025-12-01,1.78,-0.8,14
23914921,2025-12-01,1.78,-0.7,34
23914921,2025-12-01,1.78,-0.6,53
23914921,2025-12-01,1.78,-0.5,13
23914921,2025-12-01,1.78,-0.4,55
23914921,2025-12-01,1.78,-0.3,134
23914921,2025-12-01,1.78,-0.2,279
23914921,2025-12-01,1.78,-0.1,275
23914921,2025-12-01,1.78,0.0,92
23914921,2025-12-01,1.78,0.1,9
23914921,2025-12-01,1.78,0.2,5
23914921,2025-12-01,1.78,0.3,8
23914921,2025-12-01,1.78,0.4,4
23914921,2025-12-01,1.78,0.5,3
23914921,2025-12-01,1.78,1.0,3
23914921,2025-12-01,1.8,-1.7,4
23914921,2025-12-01,1.8,-1.6,1
23914921,2025-12-01,1.8,-1.5,1
23914921,2025-12-01,1.8,-1.3,1
23914921,2025-12-01,1.8,-1.1,2
23914921,2025-12-01,1.8,-1.0,1
23914921,2025-12-01,1.8,-0.8,3
23914921,2025-12-01,1.8,-0.7,49
23914921,2025-12-01,1.8,-0.6,358
23914921,2025-12-01,1.8,-0.5,10
23914921,2025-12-01,1.8,-0.4,36
23914921,2025-12-01,1.8,-0.3,110
23914921,2025-12-01,1.8,-0.2,3000
23914921,2025-12-01,1.8,-0.1,149
23914921,2025-12-01,1.8,0.0,121
23914921,2025-12-01,1.8,0.1,18
23914921,2025-12-01,1.8,0.2,5
23914921,2025-12-01,1.8,0.3,4
23914921,2025-12-01,1.8,0.4,3
23914921,2025-12-01,1.8,0.5,1
23914921,2025-12-01,1.82,-1.6,2
23914921,2025-12-01,1.82,-1.3,1
23914921,2025-12-01,1.82,-1.1,3
23914921,2025-12-01,1.82,-0.8,1
23914921,2025-12-01,1.82,-0.7,21
23914921,2025-12-01,1.82,-0.6,459
23914921,2025-12-01,1.82,-0.5,17
23914921,2025-12-01,1.82,-0.4,104
23914921,2025-12-01,1.82,-0.3,103
23914921,2025-12-01,1.82,-0.2,308
23914921,2025-12-01,1.82,-0.1,191
23914921,2025-12-01,1.82,0.0,110
23914921,2025-12-01,1.82,0.1,18
23914921,2025-12-01,1.82,0.2,1
23914921,2025-12-01,1.82,0.3,10
23914921,2025-12-01,1.82,0.4,2
23914921,2025-12-01,1.82,0.5,2
23914921,2025-12-01,1.84,-1.6,1
23914921,2025-12-01,1.84,-1.5,1
23914921,2025-12-01,1.84,-1.3,1
23914921,2025-12-01,1.84,-1.0,7
23914921,2025-12-01,1.84,-0.9,6
23914921,2025-12-01,1.84,-0.8,1
23914921,2025-12-01,1.84,-0.7,13
23914921,2025-12-01,1.84,-0.6,22
23914921,2025-12-01,1.84,-0.5,14
23914921,2025-12-01,1.84,-0.4,35
23914921,2025-12-01,1.84,-0.3,115
23914921,2025-12-01,1.84,-0.2,208
23914921,2025-12-01,1.84,-0.1,163
23914921,2025-12-01,1.84,0.0,287
23914921,2025-12-01,1.84,0.1,16
23914921,2025-12-01,1.84,0.2,2
23914921,2025-12-01,1.84,0.3,4
23914921,2025-12-01,1.84,0.4,4
23914921,2025-12-01,1.84,0.5,1
23914921,2025-12-01,1.86,-2.0,1
23914921,2025-12-01,1.86,-1.8,1
23914921,2025-12-01,1.86,-1.7,3
23914921,2025-12-01,1.86,-1.5,1
23914921,2025-12-01,1.86,-1.1,2
23914921,2025-12-01,1.86,-1.0,13
23914921,2025-12-01,1.86,-0.9,3
23914921,2025-12-01,1.86,-0.8,3
23914921,2025-12-01,1.86,-0.7,2
23914921,2025-12-01,1.86,-0.6,26
23914921,2025-12-01,1.86,-0.5,9
23914921,2025-12-01,1.86,-0.4,49
23914921,2025-12-01,1.86,-0.3,63
23914921,2025-12-01,1.86,-0.2,334
23914921,2025-12-01,1.86,-0.1,209
23914921,2025-12-01,1.86,0.0,280
23914921,2025-12-01,1.86,0.1,11
23914921,2025-12-01,1.86,0.2,1
23914921,2025-12-01,1.86,0.3,4
23914921,2025-12-01,1.86,0.4,5
23914921,2025-12-01,1.88,-1.7,3
23914921,2025-12-01,1.88,-1.6,1
23914921,2025-12-01,1.88,-1.5,1
23914921,2025-12-01,1.88,-1.3,1
23914921,2025-12-01,1.88,-1.2,3
23914921,2025-12-01,1.88,-1.1,4
23914921,2025-12-01,1.88,-1.0,5
23914921,2025-12-01,1.88,-0.8,2
23914921,2025-12-01,1.88,-0.7,7
23914921,2025-12-01,1.88,-0.6,12
23914921,2025-12-01,1.88,-0.5,5
23914921,2025-12-01,1.88,-0.4,26
23914921,2025-12-01,1.88,-0.3,72
23914921,2025-12-01,1.88,-0.2,934
23914921,2025-12-01,1.88,-0.1,147
23914921,2025-12-01,1.88,0.0,351
23914921,2025-12-01,1.88,0.1,28
23914921,2025-12-01,1.88,0.2,1
23914921,2025-12-01,1.88,0.3,8
23914921,2025-12-01,1.88,0.4,3
23914921,2025-12-01,1.88,0.5,2
23914921,2025-12-01,1.9,-1.7,1
23914921,2025-12-01,1.9,-1.4,1
23914921,2025-12-01,1.9,-1.2,2
23914921,2025-12-01,1.9,-1.1,1
23914921,2025-12-01,1.9,-1.0,2
23914921,2025-12-01,1.9,-0.8,2
23914921,2025-12-01,1.9,-0.7,5
23914921,2025-12-01,1.9,-0.6,12
23914921,2025-12-01,1.9,-0.5,12
23914921,2025-12-01,1.9,-0.4,27
23914921,2025-12-01,1.9,-0.3,67
23914921,2025-12-01,1.9,-0.2,99
23914921,2025-12-01,1.9,-0.1,131
23914921,2025-12-01,1.9,0.0,40
23914921,2025-12-01,1.9,0.1,10
23914921,2025-12-01,1.9,0.2,2
23914921,2025-12-01,1.9,0.3,12
23914921,2025-12-01,1.9,0.4,5
23914921,2025-12-01,1.9,0.5,4
23914921,2025-12-01,1.9,1.0,6
23914921,2025-12-01,1.9,1.1,1
23914921,2025-12-01,1.92,-1.9,1
23914921,2025-12-01,1.92,-1.7,3
23914921,2025-12-01,1.92,-1.2,4
23914921,2025-12-01,1.92,-1.1,1
23914921,2025-12-01,1.92,-0.9,2
23914921,2025-12-01,1.92,-0.8,5
23914921,2025-12-01,1.92,-0.7,7
23914921,2025-12-01,1.92,-0.6,15
23914921,2025-12-01,1.92,-0.5,10
23914921,2025-12-01,1.92,-0.4,25
23914921,2025-12-01,1.92,-0.3,70
23914921,2025-12-01,1.92,-0.2,97
23914921,2025-12-01,1.92,-0.1,154
23914921,2025-12-01,1.92,0.0,33
23914921,2025-12-01,1.92,0.1,9
23914921,2025-12-01,1.92,0.2,4
23914921,2025-12-01,1.92,0.3,8
23914921,2025-12-01,1.92,0.4,8
23914921,2025-12-01,1.92,0.5,1
23914921,2025-12-01,1.92,1.0,9
23914921,2025-12-01,1.94,-1.7,3
23914921,2025-12-01,1.94,-1.6,2
23914921,2025-12-01,1.94,-1.4,1
23914921,2025-12-01,1.94,-1.0,1
23914921,2025-12-01,1.94,-0.8,11
23914921,2025-12-01,1.94,-0.7,6
23914921,2025-12-01,1.94,-0.6,4
23914921,2025-12-01,1.94,-0.5,9
23914921,2025-12-01,1.94,-0.4,16
23914921,2025-12-01,1.94,-0.3,41
23914921,2025-12-01,1.94,-0.2,71
23914921,2025-12-01,1.94,-0.1,145
23914921,2025-12-01,1.94,0.0,32
23914921,2025-12-01,1.94,0.1,8
23914921,2025-12-01,1.94,0.2,4
23914921,2025-12-01,1.94,0.3,6
23914921,2025-12-01,1.94,0.4,5
23914921,2025-12-01,1.94,0.7,1
23914921,2025-12-01,1.94,1.0,3
23914921,2025-12-01,1.96,-1.6,1
23914921,2025-12-01,1.96,-1.2,2
23914921,2025-12-01,1.96,-1.1,2
23914921,2025-12-01,1.96,-0.9,4
23914921,2025-12-01,1.96,-0.8,4
23914921,2025-12-01,1.96,-0.7,22
23914921,2025-12-01,1.96,-0.6,5
23914921,2025-12-01,1.96,-0.5,10
23914921,2025-12-01,1.96,-0.4,28
23914921,2025-12-01,1.96,-0.3,57
23914921,2025-12-01,1.96,-0.2,138
23914921,2025-12-01,1.96,-0.1,401
23914921,2025-12-01,1.96,0.0,38
23914921,2025-12-01,1.96,0.1,5
23914921,2025-12-01,1.96,0.2,2
23914921,2025-12-01,1.96,0.3,9
23914921,2025-12-01,1.96,0.4,4
23914921,2025-12-01,1.96,0.5,1
23914921,2025-12-01,1.98,-1.8,5
23914921,2025-12-01,1.98,-1.7,41
23914921,2025-12-01,1.98,-1.6,7
23914921,2025-12-01,1.98,-1.5,87
23914921,2025-12-01,1.98,-1.4,172
23914921,2025-12-01,1.98,-1.3,125
23914921,2025-12-01,1.98,-1.2,152
23914921,2025-12-01,1.98,-1.1,33
23914921,2025-12-01,1.98,-1.0,52
23914921,2025-12-01,1.98,-0.9,10
23914921,2025-12-01,1.98,-0.8,29
23914921,2025-12-01,1.98,-0.7,107
23914921,2025-12-01,1.98,-0.6,113
23914921,2025-12-01,1.98,-0.5,322
23914921,2025-12-01,1.98,-0.4,1030
23914921,2025-12-01,1.98,-0.3,5125
23914921,2025-12-01,1.98,-0.2,6533
23914921,2025-12-01,1.98,-0.1,14947
23914921,2025-12-01,1.98,0.0,3988
23914921,2025-12-01,1.98,0.1,1160
23914921,2025-12-01,1.98,0.2,204
23914921,2025-12-01,1.98,0.3,204
23914921,2025-12-01,1.98,0.4,564
23914921,2025-12-01,1.98,0.5,42
23914921,2025-12-01,1.98,0.6,315
23914921,2025-12-01,1.98,0.8,4
23914921,2025-12-01,1.98,0.9,5
23914921,2025-12-01,1.98,1.0,2
