symbol,name,contract_address,status,first_date,last_date,num_days,num_points,error_message
zcn,Zus,0xb9ef770b6a5e12e45983c5d80545258aa38f3b78,success,2018-07-19,2025-12-02,2693,2694,
zrx,0x Protocol,0xe41d2489571d322189246dafa5ebde1f4699f498,success,2017-10-17,2025-12-02,2969,2970,
0x0,0x0.ai: AI Smart Contract,0x5a3e6a77ba2f983ec0d371ea3b475f8bc0811ad5,success,2023-01-31,2025-12-02,1037,1038,
wolf,Landwolf,0x67859a9314b9dca2642023ad8231beaa6cbf1933,success,2024-06-03,2025-12-02,429,429,
0xgas,0xGasless,0x5fc111f3fa4c6b32eaf65659cfebdeed57234069,success,2023-12-19,2025-12-02,715,716,
xgn,0xGen,0x683c8e87e74f3f8f27c0d2ebd4350fe4dba814ef,success,2024-06-15,2025-12-02,536,537,
oxl,0x Leverage,0x03ee5026c07d85ff8ae791370dd0f4c1ae6c97fc,success,2023-09-28,2025-12-02,785,786,
0xs,0xShadow,0x6748cde4ebabdba761e67172415d72b499d1d75b,success,2025-06-22,2025-12-02,164,165,
1984,1984,0x4278a8944cf63753b13e9f726bbc1192412988d8,success,2024-11-21,2025-11-28,237,238,
1art,OneArt,0xd3c325848d7c6e29b574cb0789998b2ff901f17e,success,2021-10-26,2025-12-02,1499,1500,
1inch,1INCH,0x111111111117dc0aa78b770fa6a738034120c302,success,2020-12-25,2025-12-02,1804,1805,
1mil,1MillionNFTs,0xa4ef4b0b23c1fc81d3f9ecf93510e64f58a4a016,success,2021-04-25,2025-12-02,1419,1419,
meow,Meow Meow Coin,0x77be1ba1cd2d7a63bffc772d361168cc327dd8bc,success,2024-02-07,2025-12-02,628,628,
a3a,3A,0x3f817b28da4940f018c6b5c0a11c555ebb1264f9,success,2023-11-24,2025-11-26,624,625,
p3d,3DPass,0x4f3a4e37701402c61146071309e45a15843025e1,success,2023-10-08,2025-12-02,766,767,
pace,3SPACE ART,0x8bc2bcb1b1896291942c36f3cca3c1afa0aaa7fd,success,2023-12-13,2025-12-02,721,722,
trump47,47th POTUS,0x535887989b9edffb63b1fd5c6b99a4d45443b49a,success,2024-10-23,2025-12-02,368,368,
4chan,4Chan,0xe0a458bf4acf353cb45e211281a334bb1d837885,success,2023-05-05,2025-12-02,943,944,
4ever,4EVERLAND,0xe355de6a6043b0580ff5a26b46051a4809b12793,success,2024-12-15,2025-12-02,353,354,
5ire,5ire,0x3bd7d4f524d09f4e331577247a048d56e4b67a7f,success,2023-12-05,2025-12-02,729,730,
69420,69420,0x69cbaf6c147086c3c234385556f8a0c6488d3420,success,2023-11-10,2025-12-01,611,612,
mph,88mph,0x8888801af4d980682e47f1a9036e589479e835c5,success,2020-11-20,2025-12-02,1839,1840,
8pay,8Pay,0x06ddb3a8bc0abc14f85e974cf1a93a6f8d4909d9,success,2021-04-05,2025-11-30,1672,1673,
∑,∑,0xb772c8745c46c8868610dcecdcefc803cfdf28f5,success,2025-07-11,2025-11-27,126,127,
99btc,99 Bitcoins,0xc2eb40516ecaac04ae9964934983d1e9ebdf51fd,success,2024-08-10,2025-12-02,480,481,
stz,99Starz,0x3f5294df68f871241c4b18fcf78ebd8ac18ab654,success,2021-12-12,2025-12-02,1447,1448,
a7a5,A7A5,0x6fa0be17e4bea2fcfa22ef89bf8ac9aab0ab0fc9,success,2025-06-17,2025-12-02,169,170,
aag,AAG,0x5ba19d656b65f1684cfea4af428c23b9f3628f97,success,2021-12-15,2025-11-10,1332,1333,
afi 802v2,aarna afi 802v2,0xb68e430c56ed9e548e864a68a60f9d41f993b32c,success,2025-08-02,2025-12-02,123,124,
atv111,aarna atv111,0x72ec8447074dc0bfbedfb516cc250b525f3a4aba,success,2025-07-28,2025-12-02,128,129,
atv808,aarna atv 808,0x60697825812ecc1fff07f41e2d3f5cf314674fa6,success,2025-08-02,2025-12-02,123,124,
atvusdc,aarna atv USDC (Ethereum),0xf30f62963cce132f32306d7f18a8587958b30ea9,success,2025-08-03,2025-12-02,122,123,
aave,Aave,0x7fc66500c84a76ad7e9c93437bfc5ac33e2ddae9,success,2020-10-03,2025-12-02,1887,1888,
aaave,Aave AAVE,0xffc97d72e13e01096502cb8eb52dee56f74dad7b,success,2021-07-22,2025-12-02,1595,1596,
aammbptbalweth,Aave AMM BptBALWETH,0xd109b2a304587569c84308c55465cd9ff0317bfb,success,2021-07-22,2025-12-02,1595,1596,
aammbptwbtcweth,Aave AMM BptWBTCWETH,0x358bd0d980e031e23eba9aa793926857703783bd,success,2021-07-22,2025-12-02,1595,1596,
aammdai,Aave AMM DAI,0x79be75ffc64dd58e66787e4eae470c8a1fd08ba4,success,2021-07-21,2025-12-02,1596,1597,
aammuniaaveweth,Aave AMM UniAAVEWETH,0xe59d2ff6995a926a574390824a657eed36801e55,success,2021-07-22,2025-12-02,1595,1596,
aammunibatweth,Aave AMM UniBATWETH,0xa1b0edf4460cc4d8bfaa18ed871bff15e5b57eb4,success,2021-07-21,2025-12-02,1596,1597,
aammunicrvweth,Aave AMM UniCRVWETH,0x0ea20e7ffb006d4cfe84df2f72d8c7bd89247db0,success,2021-07-21,2025-12-02,1596,1597,
aammunidaiusdc,Aave AMM UniDAIUSDC,0xe340b25fe32b1011616bb8ec495a4d503e322177,success,2021-07-21,2025-12-02,1596,1597,
aammunidaiweth,Aave AMM UniDAIWETH,0x9303eabc860a743aabcc3a1629014cabcc3f8d36,success,2021-07-22,2025-12-02,1595,1596,
aammunilinkweth,Aave AMM UniLINKWETH,0xb8db81b84d30e2387de0ff330420a4aaa6688134,success,2021-07-21,2025-12-02,1596,1597,
aammunimkrweth,Aave AMM UniMKRWETH,0x370adc71f67f581158dc56f539df5f399128ddf9,success,2021-07-21,2025-12-02,1596,1597,
aammunirenweth,Aave AMM UniRENWETH,0xa9e201a4e269d6cd5e9f0fcbcb78520cf815878b,success,2021-07-21,2025-12-02,1596,1597,
aammunisnxweth,Aave AMM UniSNXWETH,0x38e491a71291cd43e8de63b7253e482622184894,success,2021-07-21,2025-12-02,1596,1597,
aammuniuniweth,Aave AMM UniUNIWETH,0x3d26dcd840fcc8e4b2193ace8a092e4a65832f9f,success,2021-07-21,2025-12-02,1596,1597,
aammuniusdcweth,Aave AMM UniUSDCWETH,0x391e86e2c002c70dee155eaceb88f7a3c38f5976,success,2021-07-21,2025-12-02,1596,1597,
aammuniwbtcusdc,Aave AMM UniWBTCUSDC,0x2365a4890ed8965e564b7e2d27c38ba67fec4c6f,success,2021-07-22,2025-12-02,1595,1596,
aammuniwbtcweth,Aave AMM UniWBTCWETH,0xc58f53a8adff2fb4eb16ed56635772075e2ee123,success,2021-07-22,2025-12-02,1595,1596,
aammuniyfiweth,Aave AMM UniYFIWETH,0x5394794be8b6ed5572fcd6b27103f46b5f390e8f,success,2021-07-22,2025-12-02,1595,1596,
aammusdc,Aave AMM USDC,0xd24946147829deaa935be2ad85a3291dbf109c80,success,2021-07-21,2025-12-02,1596,1597,
aammusdt,Aave AMM USDT,0x17a79792fe6fe5c95dfe95fe3fcee3caf4fe4cb7,success,2021-07-21,2025-12-02,1596,1597,
aammwbtc,Aave AMM WBTC,0x13b2f6928d7204328b0e8e4bcd0379aa06ea21fa,success,2021-07-21,2025-12-02,1596,1597,
aammweth,Aave AMM WETH,0xf9fb4ad91812b704ba883b11d2b576e890a6730a,success,2021-07-22,2025-12-02,1595,1596,
abal,Aave BAL,0x272f97b7a56a387ae942350bbc7df5700f8a4576,success,2021-07-22,2025-12-02,1595,1596,
abpt,Aave Balancer Pool Token,0x41a08648c3766f9f9d85598ff102a08f4ef84f84,success,2021-06-30,2025-12-02,1617,1618,
abat,Aave BAT,0x05ec93c0365baaeabf7aeffb0972ea7ecdd39cf1,success,2021-03-12,2025-12-02,1727,1728,
abat,Aave BAT v1,0xe1ba0fb44ccb0d11b80f92f4f8ed94ca3ff51d00,success,2020-06-25,2025-12-02,1987,1988,
abusd,Aave BUSD,0xa361718326c15715591c299427c62086f69923d9,success,2021-03-12,2025-12-02,1727,1728,
abusd,Aave BUSD v1,0x6ee0f7bb50a54ab5253da0667b0dc2ee526c30a8,success,2020-06-25,2025-12-02,1986,1987,
acrv,Aave CRV,0x8dae6cb04688c62d939ed9b68d32bc62e49970b1,success,2021-07-22,2025-12-02,1595,1596,
adai,Aave DAI,0x028171bca77440897b824ca71d1c56cac55b68a3,success,2021-03-12,2025-12-02,1727,1728,
adai,Aave DAI v1,0xfc1e690f61efd961294b3e1ce3313fbd8aa4f85d,success,2020-03-21,2025-12-02,2083,2084,
aenj,Aave ENJ,0xac6df26a590f08dcc95d5a4705ae8abbc88509ef,success,2021-03-12,2025-12-02,1727,1728,
aenj,Aave ENJ v1,0x712db54daa836b53ef1ecbb9c6ba3b9efb073f40,success,2020-09-15,2025-12-02,1903,1904,
ghst,Aavegotchi,0x3f382dbd960e3a9bbceae22651e88158d2791550,success,2020-09-14,2025-12-02,1906,1907,
agusd,Aave GUSD,0xd37ee7e4f452c6638c96536e68090de8cbcdb583,success,2021-07-22,2025-12-02,1595,1596,
asteth,Aave Interest Bearing STETH,0x1982b2f5814301d4e9a8b0201555376e62f82428,success,2022-03-07,2025-12-02,1367,1368,
aknc,Aave KNC,0x39c6b3e42d6a679d7d776778fe880bc9487c2eda,success,2021-03-12,2025-12-02,1727,1728,
aknc,Aave KNC v1,0x9d91be44c06d373a8a226e1f3b146956083803eb,success,2020-06-25,2025-12-02,1986,1987,
alink,Aave LINK,0xa06bc25b5805d5f8d82847d191cb4af5a3e873e0,success,2021-03-12,2025-12-02,1727,1728,
alink,Aave LINK v1,0xa64bd6c70cb9051f6a9ba1f163fdc07e0dfb5f84,success,2020-06-25,2025-12-02,1986,1987,
amana,Aave MANA,0xa685a61171bb30d4072b338c80cb7b2c865c873e,success,2021-03-12,2025-12-02,1727,1728,
amana,Aave MANA v1,0x6fce4a401b6b80ace52baaefe4421bd188e76f6f,success,2020-06-25,2025-12-02,1985,1986,
amkr,Aave MKR,0xc713e5e149d5d0715dcd1c156a020976e7e56b88,success,2021-03-12,2025-12-02,1727,1728,
amkr,Aave MKR v1,0x7deb5e830be29f91e298ba5ff1356bb7f8146998,success,2020-06-25,2025-12-02,1985,1986,
arai,Aave RAI,0xc9bc48c72154ef3e5425641a3c747242112a46af,success,2021-07-22,2025-12-02,1595,1596,
aren,Aave REN,0xcc12abe4ff81c9378d670de1b57f8e0dd228d77a,success,2021-03-12,2025-12-02,1727,1728,
aren,Aave REN v1,0x69948cc03f478b95283f7dbf1ce764d0fc7ec54c,success,2020-09-15,2025-12-02,1905,1906,
asnx,Aave SNX,0x35f6b052c598d933d69a4eec4d04c73a191fe6c2,success,2021-03-12,2025-12-02,1727,1728,
asnx,Aave SNX v1,0x328c4c80bc7aca0834db37e6600a6c49e12da4de,success,2020-06-25,2025-12-02,1986,1987,
stkgho,Aave stkGHO,0x1a88df1cfe15af22b3c4c783d4e6f7f9e0c1885d,success,2025-12-02,2025-12-02,1,1,
asusd,Aave SUSD,0x6c5024cd4f8a59110119c56f8933403a539555eb,success,2021-03-12,2025-12-02,1727,1728,
asusd,Aave SUSD v1,0x625ae63000f46200499120b906716420bd059240,success,2020-06-25,2025-12-02,1986,1987,
atusd,Aave TUSD,0x101cc05f4a51c0319f570d5e146a8c625198e636,success,2021-03-12,2025-12-02,1727,1728,
atusd,Aave TUSD v1,0x4da9b813057d04baef4e5800e36083717b4a0341,success,2020-06-25,2025-12-02,1987,1988,
auni,Aave UNI,0xb9d7cb55f463405cdfbe4e90a6d2df01c2b92bf1,success,2021-07-22,2025-12-02,1595,1596,
ausdc,Aave v2 USDC,0xbcca60bb61934080951369a648fb03df4f96263c,success,2021-03-12,2025-12-02,1727,1728,
ausdc,Aave v1 USDC,0x9ba00d6856a4edf4665bca2c2309936572473b7e,success,2020-06-26,2025-12-02,1985,1986,
ausdt,Aave USDT,0x3ed3b47dd13ec9a98b44e6204a523e766b225811,success,2021-03-12,2025-12-02,1727,1728,
ausdt,Aave USDT v1,0x71fc860f7d3a592a4a98740e39db31d25db65ae8,success,2020-06-26,2025-12-02,1985,1986,
a1inch,Aave v3 1INCH,0x71aef7b30728b9bb371578f36c5a1f1502a5723e,success,2023-11-13,2025-12-02,751,752,
aaave,Aave v3 AAVE,0xa700b4eb416be35b2911fd5dee80678ff64ff6c9,success,2023-11-13,2025-12-02,751,752,
abal,Aave v3 BAL,0x2516e7b3f76294e03c42aa4c5b5b4dce9c436fb8,success,2023-11-14,2025-12-02,750,751,
acbeth,Aave v3 cbETH,0x977b6fc5de62598b08c85ac8cf2b745874e8b78c,success,2023-11-14,2025-12-02,750,751,
acrv,Aave v3 CRV,0x7b95ec873268a6bfc6427e7a28e396db9d0ebc65,success,2023-11-14,2025-12-02,750,751,
adai,Aave v3 DAI,0x018008bfb33d285247a21d44e50697654f754e63,success,2023-11-13,2025-12-02,751,752,
aens,Aave v3 ENS,0x545bd6c032efdde65a377a6719def2796c8e0f2e,success,2023-11-13,2025-12-02,751,752,
afrax,Aave v3 FRAX,0xd4e245848d6e1220dbe62e155d89fa327e43cb06,success,2023-11-14,2025-12-02,750,751,
aknc,Aave v3 KNC,0x5b502e3796385e1e9755d7043b9c945c3accec9c,success,2023-11-13,2025-12-02,751,752,
aldo,Aave v3 LDO,0x9a44fd41566876a39655f74971a3a6ea0a17a454,success,2023-11-15,2025-12-02,749,750,
alink,Aave v3 LINK,0x5e8c8a7243651db1384c0ddfdbe39761e8e7e51a,success,2023-11-13,2025-12-02,751,752,
alusd,Aave v3 LUSD,0x3fe6a295459fae07df8a0cecc36f37160fe86aa9,success,2023-11-14,2025-12-02,750,751,
amkr,Aave v3 MKR,0x8a458a9dc9048e005d22849f470891b840296619,success,2023-11-13,2025-12-02,751,752,
areth,Aave v3 rETH,0xcc9ee9483f662091a1de4795249e24ac0ac2630f,success,2023-11-13,2025-12-02,751,752,
arpl,Aave v3 RPL,0xb76cf92076adbf1d9c39294fa8e7a67579fde357,success,2023-11-13,2025-12-02,751,752,
asdai,Aave v3 sDAI,0x4c612e3b15b96ff9a6faed838f8d07d479a8dd4c,success,2023-11-14,2025-12-02,750,751,
asnx,Aave v3 SNX,0xc7b4c17861357b8abb91f25581e7263e08dcb59c,success,2023-11-14,2025-12-02,750,751,
astg,Aave v3 STG,0x1ba9843bd4327c6c77011406de5fa8749f7e3479,success,2023-11-14,2025-12-02,750,751,
auni,Aave v3 UNI,0xf6d2224916ddfbbab6e6bd0d1b7034f4ae0cab18,success,2023-11-14,2025-12-02,750,751,
ausdc,Aave v3 USDC,0x98c23e9d8f34fefb1b7bd6a91b7ff122f4e16f5c,success,2023-11-13,2025-12-02,751,752,
ausdt,Aave v3 USDT,0x23878914efe38d27c4d67ab83ed1b93a74d4086a,success,2023-11-13,2025-12-02,751,752,
awbtc,Aave v3 WBTC,0x5ee5bf7ae06d1be5997a1a72006fe6c607ec6de8,success,2023-11-13,2025-12-02,751,752,
aweth,Aave v3 WETH,0x4d5f47fa6a74757f35c14fd3a6ef8e3c9bc514e8,success,2023-11-13,2025-12-02,751,752,
awsteth,Aave v3 wstETH,0x0b925ed163218f6662a35e0f0371ac234f9e9371,success,2023-11-14,2025-12-02,750,751,
awbtc,Aave WBTC,0x9ff58f4ffb29fa2266ab25e75e2a8b3503311656,success,2021-03-12,2025-12-02,1727,1728,
awbtc,Aave WBTC v1,0xfc4b8ed459e00e5400be803a9bb3954234fd50e3,success,2020-06-26,2025-12-02,1985,1986,
aweth,Aave WETH,0x030ba81f1c18d280636f32af80b9aad02cf0854e,success,2021-07-22,2025-12-02,1595,1596,
axsushi,Aave XSUSHI,0xf256cc7847e919fac9b808cc216cac87ccf2f47a,success,2021-07-22,2025-12-02,1595,1596,
ayfi,Aave YFI,0x5165d24277cd063f5ac44efd447b27025e888f37,success,2021-07-22,2025-12-02,1595,1596,
yvaave,Aave yVault,0xd9788f3931ede4d5018184e198699dc6d66c1915,success,2023-01-20,2025-12-02,1048,1049,
azrx,Aave ZRX,0xdf7ff54aacacbff42dfe29dd6144a69b629f8c9e,success,2021-03-12,2025-12-02,1727,1728,
azrx,Aave ZRX v1,0x6fb0855c404e09c47c3fbca25f08d4e41f9f062f,success,2020-06-25,2025-12-02,1984,1985,
abton,Abbott (Ondo Tokenized Stock),0x3859385363f7bb4dfe42811ccf3f294fcd41dd1d,success,2025-09-02,2025-12-02,92,93,
abtx,Abbott xStock,0x89233399708c18ac6887f90a2b4cd8ba5fedd06e,success,2025-08-02,2025-12-02,123,124,
abbvx,AbbVie xStock,0xfbf2398df672cee4afcc2a4a733222331c742a6a,success,2025-07-29,2025-12-02,127,128,
abds,ABDS Token,0xb56aaac80c931161548a49181c9e000a19489c44,success,2024-09-11,2025-12-02,444,445,
abe,Abe,0x475b72cb2a45324329d16d4ddf14240a1f35b159,success,2025-08-24,2025-12-02,101,102,
abe,Aboard,0xb0ed164f6e3c6a4153eeb43bf9674955a259ec45,success,1970-01-01,1970-01-01,1,1,
abond,ApeBond,0xe6828d65bf5023ae1851d90d8783cc821ba7eee1,success,2023-12-19,2025-12-02,715,716,
abu,Abuwtiyuw,0x2800144a491136d025b8dab17b11df2aa4e700ea,success,2025-08-02,2025-12-02,109,110,
acnon,Accenture (Ondo Tokenized Stock),0xaba9ae731aad63335c604e5f6e6a5db2e05f549d,success,2025-09-02,2025-12-02,92,93,
acnx,Accenture xStock,0x03183ce31b1656b72a55fa6056e287f50c35bbeb,success,2025-07-31,2025-12-02,125,126,
stzeta,Accumulated Finance Staked ZETA,0xf38feedb0c85c1e1d6864c7513ac646d28bb0cfc,success,2024-10-28,2025-11-12,381,382,
ace,Acent,0xec5483804e637d45cde22fa0869656b64b5ab1ab,success,2021-05-04,2025-12-02,1674,1675,
toad,Acid Toad,0xac1d3d7a8878e655cbb063d58e453540641f4117,success,2024-11-08,2025-12-02,387,388,
acm,acmFinance,0x1bd9abf284e893705104e64b564b414620b722f1,success,2024-01-03,2025-11-26,647,648,
acore,ACORE AI Token,0x7849241ccff81511f26c2a86ef9d96624e948975,success,2025-08-16,2025-12-02,109,110,
acq,Acquire.Fi,0x4bdcb66b968060d9390c1d12bd29734496205581,success,2022-09-28,2025-12-02,1162,1163,
acx,Across Protocol,0x44108f0223a3c3028f5fe7aec7f9bb2e66bef82f,success,2022-11-28,2025-12-02,1101,1102,
acu,Acurast,0x216b3643ff8b7bb30d8a48e9f1bd550126202add,success,1970-01-01,1970-01-01,1,1,
adapad,ADAPad,0xdb0170e2d0c1cc1b2e7a90313d9b9afa4f250289,success,2021-09-09,2025-12-02,1545,1546,
adp,Adappter,0xc314b0e758d5ff74f63e307a86ebfe183c95767b,success,2021-03-05,2025-12-02,1733,1734,
tfbill,Adapt3r Digital Treasury Bill Fund,0xa1f3aca66403d29b909605040c30ae1f1245d14c,success,1970-01-01,1970-01-01,1,1,
addon,AddOn Ai,0xa579472f17b6e1b6c5ded2a785067a89ec536ce8,success,2025-01-11,2025-11-06,179,180,
adx,AdEx,0xade00c28244d5ce17d72e40330b1c318cd12b7c3,success,2017-09-16,2025-12-02,3000,3001,
adbeon,Adobe (Ondo Tokenized Stock),0x7042a8ffc7c7049684bfbc2fcb41b72380755a43,success,2025-09-02,2025-12-02,88,89,
adbex,Adobe xStock,0x16e0b579be45baae54ceddd52e742b6457a7fe12,success,1970-01-01,1970-01-01,1,1,
ado,ADO Protocol,0xf9902edfca4f49dcaebc335c73aebd82c79c2886,success,2022-09-20,2025-12-02,810,811,
ad,ADreward,0xe973e453977195422b48e1852a207b7ee9c913c7,success,2023-04-24,2025-12-02,853,854,
ads,Adshares,0xcfcecfe2bd2fed07a9145222e8a7ad9cf1ccd22a,success,2017-10-29,2025-12-02,2954,2955,
auc,Advanced United Continent,0x87a92428bbc876d463c21c8e51b903f127d9a9f4,success,2022-03-16,2025-12-02,1038,1039,
agld,Adventure Gold,0x32353a6c91143bfd6c7d363b546e62a9a2489a20,success,2021-09-02,2025-12-02,1553,1554,
adco,Advertise Coin,0xb6c3dc857845a713d3531cea5ac546f6767992f4,success,2021-03-11,2025-12-02,1635,1636,
aegis,Aegis Ai,0x55a8f6c6b3aa58ad6d1f26f6afeded78f32e19f4,success,2023-11-25,2025-12-02,735,736,
yusd,Aegis YUSD,0x4274cd7277c7bb0806bd5fe84b9adae466a8da0a,success,2025-04-03,2025-12-02,244,245,
elf,aelf,0xbf2179859fc6d5bee9bf9158632dc51678a4100e,success,2018-01-07,2025-12-02,2887,2888,
aergo,Aergo,0x91af0fbb28aba7e31403cb457106ce79397fd4e6,success,2018-12-19,2025-12-02,2541,2542,
arnx,Aeron,0x0c37bcf456bc661c14d596683325623076d7e283,success,2017-11-10,2025-12-01,2838,2839,
aeg,Aether Games,0xf0187b76be05c1fcaa24f39c0a3aab4434099c4f,success,2024-03-07,2025-12-02,636,637,
ath,Aethir,0xbe0ed4138121ecfc5c0e56b40517da27e6c5226b,success,2024-06-12,2025-12-02,539,540,
aethra,Aethra AI,0xaacbc3725e0af980e8aa9df4c4441a625b387a91,success,2025-01-09,2025-12-02,323,324,
aevo,Aevo,0xb528edbef013aff855ac3c50b381f253af13b997,success,2024-03-13,2025-12-02,630,631,
edc,Edcoin,0x9d5963ba32e877871dff3e2e697283dc64066271,success,2021-02-15,2025-12-02,1733,1734,
aga,AGA,0x2d80f5f5328fdcb6eceb7cacf5dd8aedaec94e20,success,2020-08-20,2025-12-02,1924,1925,
aitv,AITV,0x04e69ff14a86e1ca9a155a8563e95887973ee175,success,2025-07-01,2025-12-02,155,156,
age,AgentForge,0x546f0b82f332b59ef26cf93d9f2482689a692fd2,success,2025-07-16,2025-10-07,51,52,
agentic,Agentic Studio,0xa0b70a1e3a5cd766907def0eae1a9cc63a0b9c1e,success,2025-07-09,2025-12-02,69,70,
agf,Agentify AI,0xeb1d87ffec280e7832bcb47b8756aa0d29589fa6,success,2025-10-10,2025-12-02,50,979,
agi,Agently,0xb8690004604b0352b3832408ba7e02fe717e9cfd,success,2025-01-12,2025-12-02,194,194,
agnt,Agentory,0x1492f93d9df1d01c92d753ce55d09d9d3e5ccc9d,success,2025-08-07,2025-12-02,50,51,
agsys,AGENTSYS AI,0x9ba77c059b5a59a220aa648a6bd97986fb1bf0a9,success,2025-01-08,2025-11-28,129,130,
avm,Agent Virtual Machine,0xf5f52266a57e6d7312da39bd7ab9527b9e975c40,success,2025-06-11,2025-12-02,175,176,
eura,EURA,0x1a7e4e63778b4f12a199c062f3efdd288afcbce8,success,2021-11-12,2025-12-02,1482,1483,
agii,AGII,0x75d86078625d1e2f612de2627d34c7bc411c18b8,success,2023-10-23,2025-12-02,772,773,
agi,Agility,0x5f18ea482ad5cc6bc65803817c99f477043dce85,success,2023-04-12,2025-11-25,829,830,
agn,Agnus AI,0x550775e17ed6767621a1aed580e6eb29ede981e9,success,2024-01-09,2025-11-23,577,578,
ausd,AUSD,0x00000000efe302beaa2b3e6e1b18d08d69a9012a,success,2024-08-04,2025-12-02,480,481,
aga,AgoraHub,0x87b46212e805a3998b7e8077e9019c90759ea88c,success,2024-06-13,2025-12-02,538,539,
agrs,Agoras: Tau Net,0x738865301a9b7dd80dc3666dd48cf034ec42bdda,success,2015-08-24,2025-12-02,3519,3520,
aguri,Aguri-Chan,0x8e42fe26fc1697f57076c9f2a8d1ff69cf7f6fda,success,2024-09-17,2025-12-02,440,441,
caw,A Hunters Dream,0xf3b9569f82b18aef890de263b84189bd33ebe452,success,2022-04-20,2025-12-02,1323,1324,
aiaf,AI Agent Factory,0x92d3447e956613ee066ad5b4077a8c6e66424d5d,success,2025-05-14,2025-11-28,187,188,
aiat,AI Analysis Token,0x0501b9188436e35bb10f35998c40adc079003866,success,2024-01-18,2025-12-02,685,686,
apis,aiAPIS,0x1078a104e8ae6a339db8e6c018b9a095423d47f7,success,2025-07-07,2025-11-18,78,79,
aib,$AIBOT IYI,0x78f5823bbea7bbce98091e60beeef8df31cc9f54,success,1970-01-01,1970-01-01,1,1,
ait,AICHAIN,0x79650799e7899a802cb96c0bc33a6a8d4ce4936c,success,2018-01-23,2025-12-01,2716,2717,
aicm,AICM Marketplace,0x87904be82bc1c29e94a0b99474d183b4e08a7e47,success,2024-12-05,2025-12-02,363,364,
ai.com,AI.COM,0x9d1a74967eca155782edf8e84782c74db33fc499,success,2023-11-28,2025-12-02,372,372,
aidi,Aidi Finance,0xe3e24b4ea87935e15bbe99a24e9ace9998e4614d,success,2023-04-04,2025-11-26,725,726,
agx,AGIX,0xe2432110c32d0717e33c245fe0cfa2b26c07f47a,success,2023-09-21,2025-12-02,804,805,
aimbot,Aimbot AI,0x0c48250eb1f29491f1efbeec0261eb556f0973c7,success,2023-08-07,2025-11-20,719,720,
ain,AI Network,0x3a810ff7211b40c4fa76205a14efe161615d0385,success,2020-11-24,2025-12-02,1704,1705,
ainti,AIntivirus,0x686c5961370db7f14f57f5a430e05deae64df504,success,2025-01-23,2025-12-02,314,315,
aioz,AIOZ Network,0x626e8036deb333b408be468f951bdb42433cbf18,success,2021-04-03,2025-12-02,1705,1706,
aipad,AIPad,0xe55d97a97ae6a17706ee281486e98a84095d8aaf,success,2023-03-01,2025-12-02,1008,1009,
ai,AI PIN,0xbc544207ff1c5b2bc47a35f745010b603b97e99e,success,2024-01-03,2025-12-02,689,690,
abnbon,Airbnb (Ondo Tokenized Stock),0xb035c3d5083bdc80074f380aebc9fcb68aba0a28,success,2025-09-02,2025-12-02,85,86,
air,AIRian,0x294b9da569c0d694870239813bbe7b5824fd2339,success,2024-07-17,2025-12-02,504,505,
apuff,Airpuff,0x2be056e595110b30ddd5eaf674bdac54615307d9,success,2024-04-12,2025-12-02,599,600,
ast,AirSwap,0x27054b13b1b798b345b591a4d22e6562d47ea75a,success,2017-10-22,2025-12-02,2964,2965,
anyone,ANyONe Protocol,0xfeac2eae96899709a43e252b6b92971d32f9c0f9,success,2023-04-05,2025-12-02,973,974,
aisig,AISignal,0x508b27902c6c14972a10a4e413b9cfa449e9cedb,success,2023-12-16,2025-11-30,602,603,
suiagent,aiSUI,0xa4392e3cef22679fa36704d37e5a8192cf8350f2,success,2025-05-15,2025-11-10,178,179,
aitax,AITaxBot,0x9f04c2bd696a6191246144ba762456a24c457520,success,2024-05-07,2025-12-02,548,549,
ait,AIT Protocol,0x89d584a1edb3a70b3b07963f9a3ea5399e38b136,success,2023-12-26,2025-12-02,708,709,
aim,AiTradeusMaximus,0x55baa11e5b004f8aeeec7f78e1070d0156c13057,success,2025-07-30,2025-12-02,116,117,
aiva,AIVA,0x6b9a58a87a05c4fdcc87b73c52b868bc6996e8de,success,2025-07-01,2025-10-26,39,40,
x,AI-X,0x5f5166c4fdb9055efb24a7e75cc1a21ca8ca61a3,success,2023-06-20,2025-12-02,897,898,
aixbt,aixbt,0x0d37af9d8ae74f35f3a38bd2a08fcb29890ca6d2,success,2024-11-19,2025-12-02,379,380,
aix,AIX Network,0x4df60203af863de8511eedef49aa4610e6ef3426,success,2025-07-13,2025-11-20,71,72,
ajna,Ajna Protocol,0x9a96ec9b57fb64fbc60b423d1f4da7691bd35079,success,2024-01-19,2025-12-02,684,685,
akita,Akita Inu,0x3301ee63fb29f863f2333bd4466acb46cd8323e6,success,2021-02-27,2025-12-02,1740,1741,
dgcs,Aktionariat Green Consensus AG Tokenized Shares,0x4e1a609ec87cf6477613f515f6eb64ef2d31089a,success,2024-09-10,2024-09-10,1,1,
tbos,Aktionariat TBo c/o Comon Accelerator Holding AG Tokenized Shares,0xb446566d6d644249d5d82aab5fea8a5b7da3f691,success,1970-01-01,1970-01-01,1,1,
ald,Aladdin DAO,0xb26c4b3ca601136daf98593feaeff9e0ca702a8d,success,2021-09-10,2025-12-02,1545,1546,
arusd,Aladdin rUSD,0x07d1718ff05a8c53c8f05adaed57c0d672945f9a,success,2024-07-03,2025-12-02,518,519,
asdcrv,Aladdin sdCRV,0x43e54c2e7b3e294de3a155785f52ab49d87b9922,success,1970-01-01,1970-01-01,1,1,
mist,Alchemist,0x88acdd2a6425c3faae4bc9650fd7e27e0bebb7ab,success,2021-04-05,2025-12-02,1691,1692,
alcx,Alchemix,0xdbdb4d16eda451d0503b854cf79d55697f90c8df,success,2021-02-27,2025-12-02,1740,1741,
aleth,Alchemix ETH,0x0100546f2cd4c9d97f798ffc9755e47865ff7ee6,success,2021-06-13,2025-12-02,1207,1208,
alusd,Alchemix USD,0xbc6da0fe9ad5f3b0d58160288917aa56653660e9,success,2021-03-19,2025-12-02,1709,1710,
ach,Alchemy Pay,0xed04915c23f00a313a544955524eb7dbd823143d,success,2020-09-08,2025-12-02,1912,1913,
alea,Alea,0x24bff4fe25b5807bad49b2c08d79bb271766e68a,success,2024-02-13,2025-11-27,653,654,
aleph,Aleph Cloud,0x27702a26126e0b3702af63ee09ac4d1a084ef628,success,2020-06-20,2025-12-02,1992,1993,
alph,Alephium,0x590f820444fa3638e022776752c5eef34e2f89a6,success,2022-01-20,2025-12-02,1413,1414,
ali,Artificial Liquid Intelligence,0x6b0b3a982b4634ac68dd83a4dbf02311ce324181,success,2022-02-14,2025-12-02,1388,1389,
alex,ALEX Lab,0xa831a4e181f25d3b35949e582ff27cc44e703f37,success,2022-09-07,2025-12-02,1182,1183,
alf,ALF TOKEN,0x0885f91c72a8de62a5349d4c89ca31b4ef650929,success,2025-03-16,2025-12-02,262,263,
algt,AlgoTrade,0xcb39637e7c03c2ac25405adb8d95035f2668b0d6,success,2024-12-01,2025-12-02,367,368,
babaon,Alibaba (Ondo Tokenized Stock),0x41765f0fcddc276309195166c7a62ae522fa09ef,success,2025-09-02,2025-12-02,92,93,
tlm,Alien Worlds,0x888888848b652b3e3a0f34c96e00eec0f3a23f72,success,2021-04-14,2025-12-02,1694,1695,
align,Aligned,0x50614cc8e44f7814549c223aa31db9296e58057c,success,1970-01-01,1970-01-01,1,1,
$ads,Alkimi [OLD],0x3106a0a076bedae847652f42ef07fd58589e001f,success,2021-08-27,2025-12-02,1559,1560,
abr,Allbridge,0xa11bd36801d8fa4448f0ac4ea7a62e3634ce8c7c,success,2021-09-30,2025-12-02,1525,1526,
nxra,Nexera,0x644192291cc835a93d6330b24ea5f5fedd0eef9e,success,2023-02-23,2025-12-02,1014,1015,
allin,All In,0x9b2b931d6ab97b6a887b2c5d8529537e6fe73ebe,success,2022-12-07,2025-11-26,1062,1063,
aio,All In One Wallet,0xb2f79d891f11bc8e9805db135defc04ead8d780e,success,1970-01-01,1970-01-01,1,1,
allo,Allora,0x8408d45b61f5823298f19a09b53b7339c0280489,success,2025-11-11,2025-12-02,22,516,
ausdt,Alloy Tether,0x9eead9ce15383caeed975427340b3a369410cfbf,success,2024-06-20,2025-12-02,468,469,
eurau,AllUnity EUR,0x4933a85b5b5466fbaf179f72d3de273c287ec2c2,success,2025-08-09,2025-12-02,116,117,
yobase,All Your Base,0x551d0501cd5df92663c3d12c3201c9d70ba79998,success,2023-12-13,2025-11-25,502,503,
amkt,Alongside Crypto Market Index,0xf17a3fe536f8f7847f1385ec1bc967b2ca9cae8d,success,2023-01-13,2025-12-02,1055,1056,
alpa,Alpaca City,0x7ca4408137eb639570f8e647d9bd7b7e8717514a,success,2020-11-09,2025-12-02,1850,1851,
googlon,Alphabet Class A (Ondo Tokenized Stock),0xba47214edd2bb43099611b208f75e4b42fdcfedc,success,2025-09-02,2025-12-02,92,93,
googlx,Alphabet xStock,0xe92f673ca36c5e2efd2de7628f815f84807e803f,success,2025-07-01,2025-12-02,155,156,
alpha,Stella,0xa1faa113cbe53436df28ff0aee54275c13b40975,success,2020-10-10,2025-12-02,1880,1881,
ag,Alpha Gardeners,0xcc8e21f599995d1c8367054841b8af5024ddf01b,success,2023-08-03,2025-11-27,639,640,
aikek,Alphakek,0x8dce83eca4af45dbe618da1779f9aaca43201084,success,2024-02-22,2025-12-02,650,651,
anva,AlphaNova,0x209a78d23f825950a5df4d6d21288e5212b44f2c,success,2024-02-14,2025-11-21,557,558,
aqt,Alpha Quark,0x2a9bdcff37ab68b95a53435adfd8892e86084f93,success,2020-10-20,2025-12-02,1870,1871,
alpha,Alpha Shards,0x38f9bb135ea88033f4377b9ea0fb5cfb773fec2f,success,2023-09-29,2025-12-02,481,482,
att,Alpha Technologies Token,0x246249a33cf9dd3d1ba3c6758adb80f2b36af98f,success,2025-11-19,2025-12-02,14,303,
usd0a,Alpha USD0,0x2e7fc02be94bc7f0cd69dcab572f64bcc173cd81,success,1970-01-01,1970-01-01,1,1,
ausdc,Alpha USDC Vault,0xd50b9bbf136d1bd5cd5ac6ed9b3f26c458a6d4a6,success,1970-01-01,1970-01-01,1,1,
aweth,Alpha WETH Vault,0x47fe8ab9ee47dd65c24df52324181790b9f47efc,success,1970-01-01,1970-01-01,1,1,
azchf,Alpha ZCHF Vault,0xfa7ed49eb24a6117d8a3168eee69d26b45c40c63,success,1970-01-01,1970-01-01,1,1,
apad,AlphPad,0x5aa7b9be58d4001a7065718641ce7b121b41ef9b,success,2024-08-28,2025-12-02,457,458,
ctrl,AltCTRL,0xb28a3778e1a78a8c327693516ed4f5b11db41306,success,2024-02-24,2025-12-01,628,629,
asto,Altered State Machine,0x823556202e86763853b40e9cde725f412e294689,success,2022-04-07,2025-12-02,1336,1337,
altd,Altitude,0x8929e9dbd2785e3ba16175e596cdd61520fee0d1,success,2023-08-30,2025-11-22,603,604,
alt,AltLayer,0x8457ca5040ad67fdebbcc8edce889a335bc0fbfb,success,2024-01-26,2025-12-02,677,678,
asi,AltSignals,0x5d942f9872863645bcb181aba66c7d9646a91378,success,2024-03-05,2025-12-02,629,629,
aln,Aluna,0x8185bc4757572da2a610f887561c32298f1a5748,success,2021-03-15,2025-11-29,1611,1612,
alva,Alvara Protocol,0x8e729198d1c59b82bd6bba579310c40d740a11c2,success,2024-03-05,2025-12-02,638,639,
walv,Alvey Chain,0x256d1fce1b1221e8398f65f9b36033ce50b2d497,success,2022-08-21,2025-12-02,1199,1200,
omikami,AMATERASU OMIKAMI,0x9e18d5bab2fa94a6a95f509ecb38f8f68322abd3,success,2023-09-20,2025-12-02,805,806,
amznon,Amazon (Ondo Tokenized Stock),0xbb8774fb97436d23d74c1b882e8e9a69322cfd31,success,2025-09-02,2025-12-02,92,93,
amznx,Amazon xStock,0x3557ba345b01efa20a1bddc61f573bfd87195081,success,2025-07-04,2025-12-02,152,153,
amb,Ascendia (ex AirDAO),0xf4fb9bf10e489ea3edb03e094939341399587b0c,success,2017-10-28,2025-12-02,2956,2957,
ambrx,Amber xStock,0x2f9a35ab5ddfbc49927bfdeab98a86c53dc6e763,success,2025-07-06,2025-12-02,150,151,
agi,Ambient AGI,0x418e9cdd368818334d2a97470f77e0ebf1b8224a,success,2025-05-21,2025-11-27,155,156,
wallet,Ambire Wallet,0x88800092ff476844f74dc2fc427974bbee2794ae,success,2022-01-29,2025-12-02,1404,1405,
amc,AMC,0x426a688ee72811773eb64f5717a32981b56f10c1,success,2024-06-20,2025-12-02,530,531,
amdon,AMD (Ondo Tokenized Stock),0x0c1f3412a44ff99e40bf14e06e5ea321ae7b3938,success,2025-09-02,2025-12-02,92,93,
amdx,AMD xStock,0x3522513e5f146a2006e2901b05f16b2821485e19,success,1970-01-01,1970-01-01,1,1,
america,America1776,0x1776b223ff636d0d76adf2290821f176421dd889,success,2024-06-11,2025-12-02,467,468,
axpon,American Express (Ondo Tokenized Stock),0x2bc7ff0c5da9f1a4a51f96e77c5b0f7165dc06d2,success,2025-09-02,2025-12-02,73,74,
axpx,American Express xStock,0xb23767492d0ca6dc7221cbea45689a0410f388c4,success,1970-01-01,1970-01-01,1,1,
uspepe,American Pepe,0x07040971246a73ebda9cf29ea1306bb47c7c4e76,success,2024-07-12,2025-12-02,502,502,
ushiba,American Shiba,0xb893a8049f250b57efa8c62d51527a22404d7c9a,success,2021-05-20,2025-12-02,1571,1571,
pac,America Pac,0x4c44a8b7823b80161eb5e6d80c014024752607f2,success,2024-10-08,2025-11-30,411,412,
ap,America Party,0xe60e9bd04ccc0a394f1fdf29874e35a773cb07f4,success,2025-07-07,2025-12-02,149,150,
america,America Party,0xb03eef386a61b5b462051636001485fffdd3d843,success,2025-07-09,2025-12-02,144,144,
america,America Party,0xe6f2e92dfb7ac55a13b2056fc0b37dbc9fcee733,success,2025-07-10,2025-12-02,141,142,
amino,Amino,0x4dfd742c6e5e28f11bcbcf6c5e51a965d15ea315,success,2025-01-15,2025-12-02,322,323,
amon,AmonD,0x00059ae69c1622a7542edc15e8d17b060fe307b6,success,2019-07-17,2025-12-02,2116,2117,
amped,Amped Finance,0x761adda96819c4b31640679cd784594766f2681f,success,2025-07-25,2025-12-02,131,132,
forth,Ampleforth Governance,0x77fba179c79de5b7653f68b5039af940ada60ce0,success,2021-04-21,2025-12-02,1687,1688,
agg,AmpliFi DAO,0x492798fb464e77cb3cda62b9a2c3c65162db198e,success,1970-01-01,1970-01-01,1,1,
amp,Amp,0xff20817765cb7f73d4bde2e66e067e58d11095c2,success,2020-09-09,2025-12-02,1911,1912,
amu,Amulet Protocol,0x174c47d6a4e548ed2b7d369dc0ffb2e60a6ac0f8,success,2024-01-23,2025-12-02,660,661,
anarchy,Anarchy,0x53fd2342b43ecd24aef1535bc3797f509616ce8c,success,2022-07-27,2025-11-21,893,894,
achf,Anchored Coins ACHF,0x653aab62056b92641116d63927de6141d780e596,success,1970-01-01,1970-01-01,1,1,
aeur,Anchored Coins AEUR,0xa40640458fbc27b6eefedea1e9c9e17d4cee7a21,success,2023-12-07,2025-12-02,631,632,
a8,Ancient8,0x3e5a19c91266ad8ce2477b91585d1856b84062df,success,2024-07-17,2025-12-02,504,505,
deb,AndUsChain,0xa1e770be76bde604f8ebb66f640250a787b9422b,success,2021-11-24,2025-12-02,1404,1404,
badcat,Andy Alter Ego,0xe4042c7c1bf740b8ddb2ab43df6d9ed766b2513e,success,2024-06-04,2025-12-02,529,530,
andy,aNDY,0xc4058f6a829ddd684e1b7589b33312827f0a47bb,success,2024-06-11,2025-11-19,374,375,
andyman,Andyman,0x68aaa0d94ea163b9bbf659dc3766defb4c0ac7be,success,2024-10-22,2025-12-02,406,407,
andy,Andy on ETH,0x748509433ef209c4d11ada51347d5724a5da0ca5,success,2024-04-25,2025-12-02,576,577,
candy,Andy's Cat,0x0632aff522a581b9ffdec2fc2b0e99245a917057,success,2024-06-04,2025-11-26,318,319,
andy,ANDY ETH,0x68bbed6a47194eff1cf514b50ea91895597fc91e,success,2024-03-11,2025-12-02,632,633,
angl,ANGL TOKEN,0x61c8e619ae7c8cbefbcceb9fb718135afb5d0d93,success,2025-06-19,2025-12-02,167,168,
angle,ANGLE,0x31429d1856ad1377a8a0079410b297e1a9e214c2,success,2021-11-04,2025-12-02,1490,1491,
usda,USDA,0x0000206329b97db379d5e1bf586bbdb969c63274,success,2024-04-18,2025-12-02,593,593,
agla,Angola,0x1f7e5118521b550bb1a9b435727c003eb033fc51,success,2022-09-30,2025-12-02,1160,1161,
anb,Angryb,0x2c9aceb63181cd08a093d052ec041e191f229692,success,2021-07-23,2025-12-02,1458,1459,
anml,Animal Concerts,0x38b0e3a59183814957d83df2a97492aed1f003e2,success,2022-03-29,2025-12-02,1345,1346,
anime,Animecoin,0x4dc26fc5854e7648a064a4abd590bbe71724c277,success,2025-01-23,2025-12-02,314,315,
ani,Anime,0x75cb71325a44fb102a742626b723054acb7e1394,success,2021-01-28,2025-12-02,1770,1771,
anju,Anju,0xd588099529386028455ab8d91dc82552e9e5aaf0,success,2025-05-03,2025-12-02,210,210,
ankr,Ankr Network,0x8290333cef9e6d528dd5618fb97a76f268f3edd4,success,2019-03-07,2025-12-02,2463,2464,
ankreth,Ankr Staked ETH,0xe95a203b1a91a908f9b9ce46459d101078c2c3cb,success,2020-12-17,2025-12-02,1812,1813,
ankrmatic,Ankr Staked MATIC,0x26dcfbfa8bc267b250432c01c982eaf81cc5480c,success,2022-06-08,2025-11-30,1172,1173,
anoa,ANOA,0x44a8701fb5c8c22b90d839363e6c2b2c1a58a525,success,2025-10-02,2025-12-02,62,1481,
xan,Anoma,0xcedbea37c8872c4171259cdfd5255cb8923cf8e7,success,2025-09-29,2025-12-02,65,1549,
anon,Anonium,0x2c5ee6c29e933daf4def84a1b67e8a2f7daa5799,success,2025-07-05,2025-11-17,66,67,
atf,Antfarm Token,0x518b63da813d46556fea041a88b52e3caa8c16a8,success,2023-04-10,2025-12-02,795,796,
tune,Bitune,0x1fac00ccee478eced6a120a50ed2ab28ee7fe32b,success,2021-02-27,2025-12-02,1740,1741,
anvl,Anvil,0xaeeaa594e7dc112d67b8547fe9767a02c15b5597,success,2024-10-18,2025-12-02,403,404,
ai,Any Inu,0x2598c30330d5771ae9f983979209486ae26de875,success,2024-01-02,2025-12-02,701,702,
any,Anyswap,0xf99d58e463a2e07e5692127302c20a191861b4d6,success,2020-08-26,2025-12-02,1925,1926,
susdz,Anzen Staked USDz,0x547213367cfb08ab418e7b54d7883b2c2aa27fd7,success,2024-07-11,2025-12-02,496,497,
usdz,Anzen USDz,0xa469b7ee9ee773642b3e93e842e5d9b5baa10067,success,2024-05-22,2025-12-02,560,561,
ape,Ape,0xa0385e7283c83e2871e9af49eec0966088421ddd,success,2024-06-24,2025-12-02,398,399,
aped,Aped,0xe0151763455a8a021e64880c238ba1cff3787ff0,success,2023-04-20,2025-12-02,958,959,
apeman,Ape Man,0xabab3b0db38f2303acbcab672905e41a18e396d8,success,2025-01-14,2025-12-02,314,314,
nft,AINFT,0x198d14f2ad9ce69e76ea330b374de4957c3f850a,success,2021-05-21,2025-12-02,1657,1658,
aptr,Aperture Finance,0xbeef01060047522408756e0000a90ce195a70000,success,2024-06-01,2025-12-02,550,551,
apes,ApeScreener,0x09675e24ca1eb06023451ac8088eca1040f47585,success,2024-06-23,2025-12-02,526,527,
agb,Apes Go Bananas,0xbddf903f43dc7d9801f3f0034ba306169074ef8e,success,2023-05-21,2025-11-28,867,868,
apestr,ApeStrategy,0x9ebf91b8d6ff68aa05545301a3d0984eaee54a03,success,2025-09-22,2025-12-02,72,1704,
banana,ApeSwap,0x92df60c51c710a1b1c20e42d85e221f3a1bfc7f2,success,2021-04-19,2025-12-02,1689,1690,
apex,APEX,0x52a8845df664d76c69d2eea607cd793565af42b8,success,2022-04-27,2025-12-02,1316,1317,
apfc,APF coin,0x8ed955a2b7d2c3a17a9d05daca95e01818f8c11e,success,2023-07-17,2025-12-02,870,871,
api3,Api3,0x0b38210ea11411557c13457d4da7dc6ea731b88a,success,2020-11-30,2025-12-02,1829,1830,
apm,apM Coin,0xc8c424b91d8ce0137bab4b832b7f7d154156ba6c,success,2019-12-05,2025-12-02,2190,2191,
acred,Apollo Diversified Credit Securitize Fund,0x17418038ecf73ba4026c4f428547bf099706f27b,success,2025-03-14,2025-12-02,264,265,
ftw,Apollo FTW,0xbc188b5dbb155b6ea693d46d98bf60b8482939b9,success,2024-05-02,2025-11-24,492,493,
apoon,Apollo Global Management (Ondo Tokenized Stock),0x4d21affd27183b07335935f81a5c26b6a5a15355,success,2025-09-02,2025-12-02,76,76,
aaplon,Apple (Ondo Tokenized Stock),0x14c3abf95cb9c93a8b82c1cdcb76d72cb87b2d4c,success,2025-09-02,2025-12-02,92,93,
aaplx,Apple xStock,0x9d275685dc284c8eb1c79f6aba7a63dc75ec890a,success,2025-06-27,2025-12-02,159,160,
appon,AppLovin (Ondo Tokenized Stock),0xd5c5b2883735fa9b658dd52e2fcc8d7c0f1a42ce,success,2025-09-02,2025-12-02,86,87,
appx,AppLovin xStock,0x50a1291f69d9d3853def8209cfb1af0b46927be1,success,2025-11-19,2025-12-02,12,218,
apr,aPriori,0x5a9610919f5e81183823a2be4bd1beb2b4da2a20,success,2025-10-23,2025-12-02,41,972,
at,Apro,0x0581ccdf2d9bca21baeff8b32b2551fd49cf70aa,success,2025-10-24,2025-12-02,40,950,
apugurl,Apu Gurl,0x069f01cdd1e32d7bab5fc81527df191835136c9d,success,2024-06-05,2025-12-02,522,522,
apu,Apu Apustaja,0x594daad7d77592a2b97b725a7ad59d7e188b5bfa,success,2024-03-13,2025-12-02,630,631,
apw,Spectra [OLD],0x4104b135dbc9609fc1a9490e61369036497660c8,success,2021-05-19,2025-12-02,1659,1660,
apy,APY.Finance,0x95a4492f028aa1fd432ea71146b433e7b4446611,success,2020-11-05,2025-12-02,1723,1724,
apys,APYSwap,0xf7413489c474ca4399eee604716c72879eea3615,success,2021-03-02,2025-12-02,1737,1738,
vision,APY.vision,0xf406f7a9046793267bc276908778b29563323996,success,2020-12-04,2025-12-02,1823,1824,
aita,AITA,0xa9f94f19abf3089d535b1de2cc058a365ea716c7,success,2023-04-20,2025-12-02,938,939,
ant,Aragon,0xa117000000f279d81a1d3cc75430faa017fa5a2e,success,2017-06-14,2025-11-28,3080,3081,
arai,Arbion AI,0xed61d3e74e0dcd2d73dbd46ebb1bb19ba93bc482,success,2025-05-23,2025-11-24,121,122,
rbis,ArbiSmart,0xf34b1db61aca1a371fe97bad2606c9f534fb9d7d,success,2021-12-23,2025-12-02,1385,1385,
arb,Arbitrum,0xb50721bcf8d664c30412cfbc6cf7a15145234ad1,success,2023-03-23,2025-12-02,986,987,
aius,Arbius,0x8afe4055ebc86bd2afb3940c0095c9aca511d852,success,2024-02-15,2025-12-02,657,658,
arc,ARC,0x672fdba7055bddfa8fd6bd45b1455ce5eb97f499,success,2022-03-11,2025-12-02,1363,1364,
arca,Legend of Arcadia,0x1c00c3e03c3a10a0c1d9b6d1a42e797d7cb4147a,success,2024-11-04,2025-12-02,394,395,
arc,Arcade,0x2903bd7db50f300b0884f7a15904baffc77f3ec7,success,2024-04-15,2025-12-02,593,594,
arcd,Arcade,0xe020b01b6fbd83066aa2e8ee0ccd1eb8d9cc70bf,success,2024-04-16,2025-11-30,453,454,
arcos,ArcadiaOS,0x7e4c9923fd8f18442532a737365c1bfb52579d2f,success,2025-05-26,2025-12-02,188,189,
xar,Arcana Network,0x5027fc44a7ba114b8f494b1e4970900c6652fedf,success,2024-04-03,2025-12-02,593,593,
abt,Arcblock,0xb98d4c97425d9908e66e53a6fdf673acca0be986,success,2018-03-28,2025-12-02,2807,2808,
arca,ArcheriumAi,0xbf358f7023d6fd0d11ac284eb47b877c1af635aa,success,2024-12-24,2025-11-17,191,192,
uco,Archethic,0x1a688d3d294ee7bcc1f59011de93d608dc21c377,success,2020-09-03,2025-12-02,1885,1886,
arch,Archimedes Finance,0x73c69d24ad28e2d43d03cbf35f79fe26ebde1011,success,2023-02-20,2025-12-02,759,760,
al,ArchLoot,0x046bad07658f3b6cad9a396cfcbc1243af452ec1,success,2023-02-03,2025-12-02,1034,1035,
arc,Archly Finance,0x9482c407d32204462d8cbbc0755e96c39b79878e,success,1970-01-01,1970-01-01,1,1,
arcona,Arcona,0x0f71b8de197a1c84d31de0f1fa7926c365f052b3,success,2019-02-26,2025-12-02,2272,2273,
arx,ARCS,0x7d8daff6d70cead12c6f077048552cf89130a2b1,success,2019-12-05,2025-12-02,2190,2191,
acp,Arena Of Faith,0x104e363ac6521e55a24ae724855362acec3febe6,success,2025-01-21,2025-12-02,316,317,
a2z,Arena-Z,0x08dcb9b5989fb09ef80e85567ec1f49577a70d29,success,2025-07-30,2025-12-02,126,127,
ares,Ares Protocol,0x358aa737e033f34df7c54306960a38d09aabd523,success,2021-05-02,2025-11-26,1565,1566,
wars,Argentine Peso,0x0dc4f92879b7670e5f4e4e6e3c801d229129d90d,success,2025-11-26,2025-12-02,7,150,
argo,ArGoApp,0x28cca76f6e8ec81e4550ecd761f899110b060e97,success,2021-05-14,2025-11-30,1301,1302,
aria20,Arianee,0xedf6568618a00c6f0908bf7758a16f76b6e04af9,success,2021-01-08,2025-12-02,1785,1786,
chikun,Arise Chikun,0x9a7703338730b82a803ba050df55f9b3959f3fb2,success,2023-07-20,2025-11-29,535,536,
arix,Arix,0xbb6cf73a00f480d0951ba979a7606857cdde626b,success,2020-12-27,2025-12-02,1761,1762,
rkfi,Arkefi,0x65fda84473084ba2cca8452883e6ea3561092234,success,2025-01-10,2025-11-29,229,230,
arkm,Arkham,0x6e2a43be0b1d33b726f0ca3b8de60b3482b8b050,success,2023-07-18,2025-12-02,869,870,
arky,Arky,0x9727eaf447203be268e5d471b6503bf47a71ea72,success,2024-05-04,2025-12-02,492,493,
armon,Arm Holdings plc (Ondo Tokenized Stock),0x5bf1b2a808598c0ef4af1673a5457d86fe6d7b3d,success,2025-09-02,2025-12-02,88,89,
armor,ARMOR,0x1337def16f9b486faed0293eb623dc8395dfe46a,success,2021-01-23,2025-12-02,1706,1707,
army,Army,0x294d44386c9ff8c38659511297a2e08d829f9336,success,2024-11-23,2025-11-15,202,203,
arnc,Arnoya classic,0x7495e5cc8f27e0bd5bd4cb86d17f0d841ca58ee4,success,2022-11-13,2025-12-02,578,579,
aros,Aros,0xda891afeb0c9ff9377a05cd91d8eac1dd8331cfd,success,2025-06-17,2025-11-21,124,125,
arpa,ARPA,0xba50933c268f567bdc86e1ac131be072c6b0b71a,success,2019-05-29,2025-12-02,2380,2381,
arqx,ARQx AI,0x5e432eecd01c12ee7071ee9219c2477a347da192,success,2024-05-13,2025-12-02,516,517,
ac,ArtCoin,0x1250b98cbde9f99f4c42dcdacee193221f17eb50,success,2022-06-23,2025-11-27,739,740,
artem,Artem,0x9b83f827928abdf18cf1f7e67053572b9bceff3a,success,2022-01-11,2025-12-02,1422,1423,
atai,ArtemisAI,0x781d201db8c837ea2aefea7394554071da45ff0f,success,2024-01-10,2025-12-02,671,672,
arth,ARTH,0x8cc0f052fff7ead7f2edcccac895502e884a8a71,success,2021-07-05,2025-12-01,1212,1213,
agi,Artificial General Intelligence,0xd1a6616f56221a9f27eb9476867b5bdb2b2d101d,success,2024-11-12,2025-12-02,326,326,
aii,Artificial idiot,0x3c0bb14e8367c384885a97bac6d5cceab474ed75,success,2024-03-14,2025-11-22,505,506,
eeur,ARYZE eEUR,0x735fa792e731a2e8f83f32eb539841b7b72e6d8f,success,2023-12-20,2025-12-02,710,711,
egbp,ARYZE eGBP,0xd711d7d893de57dc13ff465763218770bd42db1d,success,2024-04-28,2025-11-27,578,579,
eusd,ARYZE eUSD,0xa4335da338ec4c07c391fc1a9bf75f306adadc08,success,2024-04-25,2025-12-02,581,582,
asd,AscendEx,0xff742d05420b6aca4481f635ad8341f81a6300c2,success,2018-11-12,2025-12-02,2578,2579,
ash,ASH,0x64d91f12ece7362f91a6f8e7940cd55f05060b92,success,2021-06-03,2025-12-02,1644,1645,
asia,Asia Coin,0xf519381791c03dd7666c142d4e49fd94d3536011,success,2021-09-25,2025-12-02,1530,1531,
asmlon,ASML Holding NV (Ondo Tokenized Stock),0xe51ba774ebf6392c45bf1d9e6b334d07992460d3,success,2025-09-02,2025-12-02,91,92,
asmlx,ASML xStock,0xc0b417e7f83db438631eb5e096684dd742e5294f,success,1970-01-01,1970-01-01,1,1,
justice,AssangeDAO,0x59d1e836f7b7210a978b25a855085cc46fd090b5,success,2022-02-10,2025-12-02,1392,1393,
asm,Assemble AI,0x2565ae0385659badcada1031db704442e1b69982,success,2020-06-10,2025-12-02,2002,2003,
aset,AssetLink,0x0e6641e62baa87d77e01ab1c7e9d2f323f26942b,success,1970-01-01,1970-01-01,1,1,
mntl,AssetMantle,0x2c4f1df9c7de0c59778936c9b145ff56813f3295,success,2022-04-29,2025-11-18,1284,1285,
astr,Astar,0xf27441230eadeac85b764610325cc9a0d7859689,success,2022-01-17,2025-12-02,1416,1417,
astx,Asterix,0x0000000000ca73a6df4c58b84c5b4b847fe8ff39,success,2024-02-15,2025-12-02,650,650,
asteroid,Asteroid Shiba,0xf280b16ef293d8e534e370794ef26bf312694126,success,2024-09-24,2025-12-02,409,410,
astra,AstraAI,0x0aa8a7d1fb4c64b3b1dcea9a7ade81c59c25b95b,success,2023-11-24,2025-12-02,740,741,
adex,AstraDex AI,0x5fd48ca1212a409ca1020ea43b49f7ec40010435,success,2024-12-03,2025-12-02,361,362,
astra,Astra Protocol,0x201332bd45c8628d814f870bfb584b385a7c351e,success,2023-01-17,2025-12-02,1051,1052,
aznx,AstraZeneca xStock,0x5d642505fe1a28897eb3baba665f454755d8daa2,success,2025-07-30,2025-12-02,126,127,
rcbeth,Astrid Restaked cbETH,0xe38149abc673a117abeb8af7d1ff3d0d1aa5af15,success,1970-01-01,1970-01-01,1,1,
rreth,Astrid Restaked rETH,0x37cfc2e83665d49364670dfea6d2dd4cb1215f22,success,1970-01-01,1970-01-01,1,1,
elonone,AstroElon,0x97b65710d03e12775189f0d113202cc1443b0aa2,success,2021-06-04,2025-12-02,1399,1400,
apx,AstroPepeX,0xed4e879087ebd0e8a77d66870012b5e0dffd0fa4,success,2023-09-21,2025-12-02,804,805,
astsx,AST SpaceMobile xStock,0x89b2607878ae19bab8020b8140ed550ef3e953bb,success,1970-01-01,1970-01-01,1,1,
asf,Asymmetry Finance,0x59a529070fbb61e6d6c91f952ccb7f35c34cf8aa,success,2024-11-15,2025-12-02,383,384,
usdaf,Asymmetry USDaf,0x9cf12ccd6020b6888e4d4c4e4c7aca33c1eb91f8,success,2025-08-07,2025-12-02,118,119,
atri,Atari,0xdacd69347de42babfaecd09dc88958378780fb62,success,2020-11-02,2025-12-02,1843,1844,
ath,AthenaDAO,0xa4ffdf3208f46898ce063e25c1c43056fa754739,success,2023-12-02,2025-12-02,716,717,
olea,Olea Token,0xc6cc3d07c705e39d11c7f60d8836c7c78d4ac5f1,success,2023-02-14,2025-12-02,955,956,
atn,Athene Network,0x1a91b61e884ddd93a0aa83cd6908a4bc07e6f3eb,success,2025-02-26,2025-12-02,280,281,
navi,Atlas Navi,0xfc1c93a2507975e98b9d0e9260ded61a00152bf1,success,2022-12-03,2025-12-02,1096,1097,
usv,Atlas USV,0x88536c9b2c4701b8db824e6a16829d5b5eb84440,success,2021-12-29,2025-12-02,1433,1434,
atos,Atoshi,0x4d0528598f916fd1d8dc80e5f54a8feedcfd4b18,success,2025-04-25,2025-12-02,222,223,
att,Attila,0x89fb927240750c1b15d4743cd58440fc5f14a11c,success,2020-05-20,2025-12-02,2023,2024,
tx,AT&T xStock,0x75639ae3a05079873d7189dcbdbc455898cae904,success,1970-01-01,1970-01-01,1,1,
tua,Atua AI,0x791a5c2261823dbf69b27b63e851b7745532cfa2,success,2024-10-06,2025-12-02,423,424,
auction,Bounce,0xa9b1eb5908cfc3cdf91f9b8b3a74108598009096,success,2021-02-06,2025-12-02,1761,1762,
auc,Auctus,0xc12d099be31567add4e4e4d0d45691c3f58f5663,success,2018-04-27,2025-12-02,2741,2742,
audai,AuditAI,0x57d3757a8c3a6612b75480158d77ed853081471f,success,2025-01-02,2025-12-02,241,242,
audt,Auditchain,0xb90cb79b72eb10c39cbdf86e50b1c89f6a235f2e,success,2019-07-24,2025-12-02,1192,1193,
audio,Audius,0x18aaa7115705e8be94bffebde57af9bfc265b998,success,2020-10-23,2025-12-02,1867,1868,
rep,Augur,0x221657776846890989a759ba2973e427dff5c9bb,success,2015-10-27,2025-12-02,3543,3544,
aura,Aura AI,0x5d19d39852bf99bc4344483cbce3c9ff8f026b43,success,2024-12-19,2025-12-01,237,238,
aurabal,Aura BAL,0x616e8bfa43f920657b3497dbf40d6b1a02d4608d,success,2022-10-30,2025-12-02,1130,1131,
aura,Aura Finance,0xc0c293ce456ff0ed870add98a0828dd4d2903dbf,success,2022-06-15,2025-12-02,1267,1268,
aura,Auralex AI,0x01d3077eeb27f55d82079297f2896dadfbde470b,success,2025-05-23,2025-11-28,74,75,
ply,Aurigami,0x1ab43204a195a0fd37edec621482afd3792ef90b,success,2022-05-05,2025-12-02,1308,1309,
aur,Aurix,0x6e98e5401adcb0d76f4debfc3d794b3031f48790,success,2021-03-15,2025-12-02,1723,1724,
aurk,Aurk AI,0xe5db5128935e3a8a8eaeabe4577fac2b353ae9fa,success,2024-12-15,2025-12-02,353,354,
idex,IDEX,0xb705268213d593b8fd88d3fdeff93aff5cbdcfae,success,2018-01-23,2025-12-02,2871,2872,
aurora,Aurora,0xaaaaaa20d9e0e2461697782ef11675f668207961,success,2021-11-18,2025-12-02,1476,1477,
au,Auryn,0x58d7fa7356d68c494c2de09f95d55c2ff2d38bd3,success,2025-12-02,2025-12-02,1,1,
txl,Autobahn Network,0x8eef5a82e6aa222a60f009ac18c24ee12dbf4b41,success,2020-09-11,2025-12-02,1906,1907,
ata,Automata,0xa2120b9e674d3fc3875f415a7df52e382f141225,success,2021-06-07,2025-12-02,1640,1641,
niox,Autonio,0xc813ea5e3b48bebeedb796ab42a30c5599b01740,success,2017-11-10,2025-12-02,2812,2813,
olas,Autonolas,0x0001a500a6b18995b03f44bb040a5ffc28e45cb0,success,2023-07-28,2025-12-02,859,860,
autumn,Autumn,0x4c3bae16c79c30eeb1004fb03c878d89695e3a99,success,2022-04-30,2025-12-02,1272,1273,
avail,Avail,0xeeb4d8400aeefafc1b2953e0094134a887c76bd8,success,2024-07-23,2025-12-02,498,499,
avax,Avalanche (Wormhole),0x85f138bfee4ef8e540890cfb48f620571d67eda3,success,2022-02-28,2025-12-02,1309,1310,
avl,Avalon,0x5c8d0c48810fd37a0a824d074ee290e64f7a8fa2,success,2025-02-12,2025-12-02,294,295,
avg,Avocado DAO,0xa41f142b6eb2b164f8164cae0716892ce02f311f,success,2021-12-31,2025-12-01,1427,1428,
avrk,Avarik Saga,0x607f451f850cb612a07b37b6315be23f55165610,success,2024-11-21,2025-12-02,375,376,
avatly,Avatly,0x5fa3418d828e5cd3c61a66e0fc7fa4a35dadf960,success,2023-12-23,2025-12-02,388,388,
avt,Aventus,0x0d88ed6e74bbfd96b831231638b66c05571e824f,success,2017-10-18,2025-12-02,2968,2969,
avi,Aviator,0xd2bdaaf2b9cc6981fd273dcb7c04023bfbe0a7fe,success,2023-07-20,2025-12-02,867,868,
avinoc,AVINOC,0xf1ca9cb74685755965c7458528a36934df52a3ef,success,2018-08-10,2025-12-02,2016,2017,
awx,AwesomeX,0xa99afcc6aa4530d01dfff8e55ec66e4c424c048c,success,2024-10-12,2025-12-02,382,383,
axl,Axelar,0x467719ad09025fcc6cf6f8311755809d45a5e5f3,success,2022-09-27,2025-12-02,1163,1164,
axs,Axie Infinity,0xbb0e17ef65f82ab018d8edd776e8dd940327b28b,success,2020-11-04,2025-12-02,1855,1856,
axl,AXL INU,0x25b24b3c47918b7962b3e49c4f468367f73cc0e0,success,2022-01-03,2025-12-02,1430,1431,
axgt,AxonDAO Governance Token,0xdd66781d0e9a08d4fbb5ec7bac80b691be27f21d,success,2024-02-16,2025-12-02,656,657,
ax,Axoria,0x784f4004cffdf43d13e490f81bcbd762b60d0e21,success,2025-03-06,2025-12-01,204,205,
axyc,AxyCoin,0x66730c91e5c3132811b1dcad8becabbdec644394,success,2025-10-26,2025-12-02,38,899,
ayin,Ayin,0x320aebbdca1397f2e3c7f1e482e104a7d9ec97e4,success,2023-10-05,2025-11-07,738,739,
azgnit,azGNIT-LPF-B,0x87c1d38f82edb10123ed73e39d3053097bee8bf6,success,2025-09-15,2025-10-21,7,73,
azuki,Azuki,0x910524678c0b1b23ffb9285a81f99c29c11cbaed,success,2020-11-11,2025-12-02,1802,1803,
azum,Azuma Coin,0xd26a9c3437f7d121098c8c05c7413f5cc70bb070,success,2020-01-29,2025-12-02,1205,1206,
azur,Azuro Protocol,0x9e6be44cc1236eef7e1f197418592d363bedcd5a,success,2024-06-19,2025-12-02,532,533,
b20,B20,0xc4de189abf94c57f396bd4c52ab13b954febefd8,success,2021-01-30,2025-12-02,1612,1612,
bxx,Baanx,0x6b1a8f210ec6b7b6643cea3583fb0c079f367898,success,2021-07-15,2025-12-02,1602,1603,
baas,BaaSid,0x5d929aa919e489505ccaad8a199619c6dca0c2de,success,2018-08-16,2025-12-02,2666,2667,
bax,BABB,0xf920e4f3fbef5b3ad0a25017514b769bdc4ac135,success,2018-03-24,2025-12-02,2811,2812,
babydog,Babydog,0xa4b855f6713d1a04a2331149db995476dc3e694b,success,2025-05-21,2025-12-02,190,190,
babydoge,Baby Doge Coin,0xac57de9c1a09fec648e93eb98875b212db0d460b,success,2021-06-09,2025-12-02,1638,1639,
bdx,Baby DragonX,0x9f278dc799bbc61ecb8e5fb8035cbfa29803623b,success,2024-10-13,2025-12-02,416,417,
babyeth,Baby Ethereum,0x4ff23cf2804e777c233890119b881cab7fd60652,success,2025-08-17,2025-12-02,108,109,
babygirl,Babygirl,0xbf2a696bb51505d513591eb1b7495760adcfdf5e,success,2025-10-24,2025-11-12,19,405,
babymanyu,BabyManyu,0x632f25855c7f98af1c036724fd3dc93d6571932f,success,2025-10-03,2025-12-02,61,1452,
babymarvin,BabyMarvin Inu,0xa163af4ab79cd705e5b16941b8619a79805bf9c7,success,2024-10-29,2025-11-10,180,181,
babyneiro,Baby Neiro,0x303c89f3a4a58872d8b6a3e64c14fdd9ec669c99,success,2024-10-21,2025-12-02,406,407,
babyneiro,Baby Neiro Token,0xbabe3ce7835665464228df00b03246115c30730a,success,2024-10-09,2025-12-02,406,407,
babypepe,BabyPepe,0x5c559f3ee9a81da83e069c0093471cb05d84052a,success,2023-04-19,2025-12-02,957,958,
babypepe,Baby Pepe,0x69babe9811cc86dcfc3b8f9a14de6470dd18eda4,success,2024-06-13,2025-12-02,538,539,
pepe,BABY PEPE,0x782061597816785a5138e48f6555781b7a38906b,success,2025-07-16,2025-10-29,44,45,
babypepe,Baby Pepe,0x69cd13d248830602a60b1f20ab11f5049385877d,success,2023-08-24,2025-12-01,550,551,
peper,Baby Pepe on ETH,0xb69100340a5947e856d873463694ae2186146c43,success,2024-06-27,2025-11-29,352,353,
bepe,Baby Pepe Token,0xdbcd57cc74b180f928258f7b1a32f6f7e64bf12e,success,2024-05-23,2025-11-22,415,416,
mbtc,Babypie Wrapped BTC,0xbdf245957992bfbc62b07e344128a1eec7b7ee3f,success,2024-10-17,2025-12-02,392,393,
bsen,Baby Sen by Sentio,0xc04207ebf4bbbd81c14596b78ece7cd8c17fb5cf,success,2025-01-16,2025-12-02,285,285,
babyshib,Baby Shiba Inu,0x00000000051b48047be6dc0ada6de5c3de86a588,success,2023-08-21,2025-12-01,834,835,
babytrump,BABYTRUMP,0x354c8cda7e3b737d360513a0dc5abcee8ee1cea3,success,2024-02-08,2025-12-02,661,662,
babywlfi,Baby World Liberty Financial,0xf92927eca847da7fc2b1b47d0c09a101dee6cdaf,success,2025-08-25,2025-12-02,100,101,
babyx,Baby X,0xabd601423a2cd5723cb546acc5c40fb01c3422cf,success,2023-10-27,2025-11-15,546,547,
bgoogl,Backed Alphabet Class A,0xebee37aaf2905b7bda7e3b928043862e982e8f32,success,2024-07-26,2025-12-02,495,496,
bcoin,Backed Coinbase Global,0xbbcb0356bb9e6b3faa5cbf9e5f36185d53403ac9,success,2023-10-30,2025-12-02,765,766,
bcspx,Backed CSPX Core S&P 500,0x1e2c4fb7ede391d116e6b41cd0608260e8801d59,success,2023-09-27,2025-12-02,798,799,
berna,Backed ERNA $ Bond,0x0f76d32cdccdcbd602a55af23eaf58fd1ee17245,success,2024-06-06,2025-12-02,545,546,
bernx,Backed ERNX € Bond,0x3f95aa88ddbb7d9d484aa3d482bf0a80009c52c9,success,1970-01-01,1970-01-01,1,1,
bgme,Backed GameStop Corp,0x7212088a11b4d8f6fc90fbb3dfe793b45dd72323,success,2024-07-29,2025-12-02,492,493,
bc3m,Backed GOVIES 0-6 months EURO,0x2f123cf3f37ce3328cc9b5b8415f9ec5109b45e7,success,2023-09-27,2025-12-02,798,799,
bhigh,Backed HIGH € High Yield Corp Bond,0x20c64dee8fda5269a78f2d5bdba861ca1d83df7a,success,2023-09-27,2025-12-02,798,799,
bib01,Backed IB01 $ Treasury Bond 0-1yr,0xca30c93b02514f86d5c86a6e375e3a330b435fb5,success,2023-11-03,2025-12-02,671,672,
bibta,Backed IBTA $ Treasury Bond 1-3yr,0x52d134c6db5889fad3542a09eaf7aa90c0fdf9e4,success,2023-09-27,2025-12-02,798,799,
bmsft,Backed Microsoft,0x374a457967ba24fd3ae66294cab08244185574b0,success,2024-07-26,2025-12-02,495,496,
bmstr,Backed MicroStrategy,0xac28c9178acc8ba4a11a29e013a3a2627086e422,success,2024-07-12,2025-12-02,509,510,
bniu,Backed NIU Technologies,0x2f11eeee0bf21e7661a22dbbbb9068f4ad191b86,success,2023-11-07,2025-12-02,757,758,
bcsbgc3,Backed Swiss Domestic Government Bond 0-3,0xd8b95b1987741849ca7e71e976aeb535fd2e55a2,success,2024-07-12,2025-12-02,509,510,
btsla,Backed Tesla,0x14a5f2872396802c3cc8942a39ab3e4118ee5038,success,2024-07-26,2025-12-02,495,496,
bzpr1,Backed ZPR1 $ 1-3 Month T-Bill,0xade6057fcafa57d6d51ffa341c64ce4814995995,success,2023-11-16,2025-12-02,748,749,
bacon,BaconDAO,0x34f797e7190c131cf630524655a618b5bd8738e7,success,2021-08-31,2025-12-02,1555,1556,
badger,Badger,0x3472a5a71965499acd81997a54bba8d852c6e53d,success,2020-12-04,2025-12-02,1825,1826,
bbadger,Badger Sett Badger,0x19d97d8fa813ee2f51ad4b4e04ea08baf4dffc28,success,2021-03-24,2025-12-02,1697,1698,
bad,Bad Idea AI,0x32b86b99441480a7e5bd3a26c124ec2373e3f015,success,2023-07-03,2025-12-02,884,885,
bag,Bag,0x808688c820ab080a6ff1019f03e5ec227d9b522b,success,2024-03-01,2025-12-02,642,643,
biduon,Baidu (Ondo Tokenized Stock),0x9d4c6ad12b55e4645b585209f90cc26614061e91,success,2025-09-02,2025-12-02,89,90,
baked,Baked,0xa4cb0dce4849bdcad2d553e9e68644cf40e26cce,success,2021-10-26,2025-12-02,1499,1500,
bai,Balance AI,0x8ccd897ca6160ed76755383b201c1948394328c7,success,2024-01-22,2025-12-02,681,682,
bal,Balancer,0xba100000625a3754423978a60c9317c58a424e3d,success,2020-06-23,2025-12-02,1989,1990,
b-80bal-20weth,Balancer 80 BAL 20 WETH,0x5c6ee304399dbdb9c8ef030ab642b10820db8f56,success,2022-11-30,2025-12-02,1098,1099,
eagle,Bald Eagle,0x0f6f1818019d656ea5651e913adf8a26e178c09f,success,2025-08-11,2025-12-02,114,115,
balpha,bAlpha,0x7a5ce6abd131ea6b148a022cb76fc180ae3315a6,success,2021-03-07,2025-11-28,1655,1656,
balto,BALTO,0xc77336fdd91e22c737b0f5ec33f4c429caa1d13b,success,2024-11-21,2025-12-02,377,378,
bam,Bambi,0x9db0fb0aebe6a925b7838d16e3993a3976a64aab,success,2023-05-31,2025-12-02,860,861,
bamboo,Bamboo DeFi,0xf56842af3b56fd72d17cb103f92d027bba912e89,success,2021-02-04,2025-12-02,1763,1764,
banana,Banana,0x94e496474f1725f1c1824cb5bdb92d7691a4f03a,success,2021-08-04,2025-12-02,1580,1581,
bcat,BananaCat,0x0590cc9232ebf68d81f6707a119898219342ecb9,success,2023-10-28,2025-12-02,767,768,
banana,Banana Gun,0x38e68a37e401f7271568cecaac63c6b1e19130b4,success,2023-09-15,2025-12-02,810,811,
bnt,Bancor Network,0x1f573d6fb3f13d689ff844b4ce37794d79a7ff1c,success,2017-06-27,2025-12-02,3081,3082,
vbnt,Bancor Governance,0x48fb253446873234f2febbf9bdeaa72d9d387f94,success,2021-02-23,2025-12-02,1721,1722,
band,Band,0xba11d00c5f74255f56a5e366f4f77f5a186d7f55,success,2019-09-19,2025-12-02,2267,2268,
bed,Bankless BED Index,0x2af1df3ab0ab157e1e2ad8f88a7d04fbea0c7dc6,success,2021-07-21,2025-12-02,1493,1494,
bank,Bankless DAO,0x2d94aa3e47d9d5024503ca8491fce9a2fb4da198,success,2021-05-04,2025-12-02,1668,1669,
bacx,Bank of America xStock,0x314938c596f5ce31c3f75307d2979338c346d7f2,success,2025-11-20,2025-12-02,11,193,
vlt,Bankroll Vault,0x6b785a0322126826d8226d77e173d75dafb84d11,success,2020-06-16,2025-12-02,1664,1665,
bsl,BankSocial,0x0af55d5ff28a3269d69b98680fd034f115dd53ac,success,2021-05-22,2025-12-02,1656,1657,
bars,Banksters,0x5189688ac92a1eba1710bcba94ab25c695a4dfa2,success,2024-06-04,2025-12-02,512,513,
b-baoeth-eth-bpt,baoETH-ETH StablePool,0x1a44e35d5451e0b78621a1b3e7a53dfaa306b1d0,success,2023-08-17,2025-11-29,582,583,
bao,Bao Finance,0x374cb8c27130e2c9e04f44303f3c8351b9de61c1,success,2021-01-03,2025-12-02,1731,1732,
bao,Bao Finance V2,0xce391315b414d4c7555956120461d21808a69f3a,success,2022-11-23,2025-12-02,1031,1031,
solana,BarbieCrashBandicootRFK88,0x3d806324b6df5af3c1a81acba14a8a62fe6d643f,success,2023-08-11,2025-12-02,845,846,
bond,BarnBridge,0x0391d2021f89dc339f60fff84546ea23e337750f,success,2020-10-26,2025-12-02,1864,1865,
brtr,Barter,0xf0acf8949e705e0ebb6cb42c2164b0b986454223,success,2020-12-17,2025-12-02,1546,1547,
basedai,BasedAI,0x44971abf0251958492fee97da3e5c5ada88b9185,success,2024-04-01,2025-12-02,611,612,
chad,Based Chad,0x2efa572467c50c04a6eed6742196c0d0d287c1bb,success,2024-03-21,2025-12-02,622,623,
base,Base Protocol,0x07150e919b4de5fd6a63de1f9384828396f25fdc,success,2020-12-01,2025-12-02,1828,1829,
bat,Basic Attention,0x0d8775f648430679a709e98d2b0cb6250d2887ef,success,2017-06-08,2025-12-02,3100,3101,
bac,Basis Cash,0x3449fc1cd036255ba1eb19d65ff4ba2b8903a69a,success,2020-11-30,2025-12-02,1829,1830,
bskt,Basket,0xbc0899e527007f1b8ced694508fcb7a2b9a46f53,success,2024-01-19,2025-12-02,684,685,
bvr,Basketballverse,0x96cc63eef1f63cde9acd69061bfb7606887f26d8,success,1970-01-01,1970-01-01,1,1,
bzr,Bazaars,0x8d96b4ab6c741a4c8679ae323a100d74f085ba8f,success,2023-03-16,2025-12-02,981,982,
bazed,Bazed Games,0x3ee4b152824b657644c7a9b50694787e80eb8f4a,success,2023-08-04,2025-12-02,852,853,
rtb,Roundtable,0x055999b83f9cade9e3988a0f34ef72817566800d,success,2022-02-17,2025-12-02,1262,1263,
bcube,B-cube.ai,0x93c9175e26f57d2888c7df8b470c9eea5c0b0a93,success,2021-06-01,2025-12-02,1634,1635,
beam,BEAM,0xe5acbb03d73267c03349c76ead672ee4d941f499,success,2019-01-05,2025-12-02,2524,2525,
beam,Beam,0x62d0a8458ed7719fdaf978fe5929c6d342b0bfce,success,2023-10-26,2025-12-02,769,770,
beardy,Bearded Dragon,0x32c6f1c1731ff8f98ee2ede8954f696446307846,success,2024-01-26,2025-12-02,614,615,
beast,BEAST SELLER,0x255494b830bd4fe7220b3ec4842cba75600b6c80,success,2025-07-31,2025-12-02,125,126,
beat,Beat Matchmaker,0xc7290af237d1d3f6b207b7acb3dd186b868da500,success,2025-06-11,2025-12-02,163,164,
bebe,BEBE,0xec21890967a8ceb3e55a3f79dac4e90673ba3c2e,success,2024-01-31,2025-12-02,672,673,
brbtc,Bedrock BTC,0x2ec37d45fcae65d9787ecf71dc85a444968f6646,success,2024-12-28,2025-12-02,283,284,
br,Bedrock,0x9b61879e91a0b1322f3d61c23aaf936231882096,success,2025-03-20,2025-12-02,258,259,
bifi,Beefy,0xb1f1ee126e9c96231cc3d3fad7c08b4cf873b1f1,success,2020-10-08,2025-12-02,1871,1872,
beep,BEEP Coin,0x9a0df129e798438a8ad995368bd82baa7eee8913,success,2023-05-26,2025-11-21,688,689,
frog,Beer Frog,0x0101013d11e4320d29759f40508c61110f525211,success,2024-10-14,2025-12-02,383,384,
befi,BeFi Labs,0x8b9b95292f890df47fff5ac9cbe93d5fc242bd51,success,2024-03-25,2025-12-02,618,619,
beg,Beg,0xbe6be64e9e5042b6e84e4c27956cce6353efa5f5,success,2023-11-08,2025-12-02,632,632,
eye,Behodler,0x155ff1a85f440ee0a382ea949f24ce4e0b751c65,success,2020-10-14,2025-12-02,1805,1806,
something,believe in somETHing,0x7c9f94a79b6b859dfb1d3312fc2311b39f89c677,success,2025-07-30,2025-12-02,126,127,
bel,Bella Protocol,0xa91ac63d040deb1b7a5e4d4134ad23eb0ba07e14,success,2020-09-15,2025-12-02,1905,1906,
bend,BendDAO,0x0d02755a5700414b26ff040e1de35d337df56218,success,2022-04-04,2025-12-02,1339,1340,
tybeng,TYBENG,0xd9ebbc7970e26b4eced7323b9331763e8272d011,success,2023-07-20,2025-12-02,834,835,
finale,Ben's Finale,0xc7a2572fa8fdb0f7e81d6d3c4e3ccf78fb0dc374,success,2023-06-07,2025-12-02,891,892,
bent,Bent Finance,0x01597e397605bf280674bf292623460b4204c375,success,2021-12-07,2025-12-02,1172,1173,
bzn,Benzene,0x6524b87960c2d573ae514fd4181777e7842435d4,success,2021-07-28,2025-12-02,1455,1456,
becoin,bePAY Finance,0x8f081eb884fd47b79536d28e2dd9d4886773f783,success,2021-12-07,2025-12-02,1234,1235,
bepro,Bepro,0xcf3c8be2e2c42331da80ef210e9b1b307c03d36a,success,2019-12-19,2025-12-02,2176,2177,
brk.bx,Berkshire Hathaway xStock,0x12992613fdd35abe95dec5a4964331b1ee23b50d,success,2025-09-11,2025-12-02,83,1980,
bjk,Beşiktaş,0x1903be033d3e436dd79a8cf9030675bcf97ab589,success,2023-10-03,2025-12-02,792,793,
best,BEST,0xba83b5ed3f12bfa44f066f03ee0433419b74f469,success,2025-11-28,2025-12-02,5,106,
beta,Beta Finance,0xbe1a001fe942f96eea22ba08783140b9dcc09d28,success,2021-10-08,2025-12-02,1517,1518,
crypto,BetbuInu,0x586a7cfe21e55ec0e24f0bfb118f77fe4ca87bab,success,2023-08-18,2025-12-02,688,688,
bmr,BetMore Casino,0xdc300854b0ef52650057158e8a33afe703525539,success,2025-03-05,2025-11-17,174,175,
bets,BetSwirl,0x94025780a1ab58868d9b2dbbb775f44b32e8e6e5,success,2022-07-29,2025-12-02,1218,1219,
bogbg,Beware of Geeks Bearing Grifts,0x2d5d69da90b4c02b95c802344b48e3e57ce220d7,success,2025-08-13,2025-11-24,42,43,
byn,NBX,0x4bb3205bf648b7f59ef90dee0f1b62f6116bc7ca,success,2021-04-14,2025-12-02,1694,1695,
bezoge,Bezoge Earth,0xdc349913d53b446485e98b76800b6254f43df695,success,2021-05-19,2025-12-02,1588,1589,
biao,Biaocoin,0x00282fd551d03dc033256c4bf119532e8c735d8a,success,2023-05-31,2025-12-02,859,860,
biao,Biaoqing,0x9fd9278f04f01c6a39a9d1c1cd79f7782c6ade08,success,2024-06-12,2025-12-02,539,540,
btru,Biblical Truth,0xfc70cbb442d5c115ee1497d22b421b1f9bd9f3da,success,2024-04-02,2025-11-23,436,437,
bico,Biconomy,0xf17e65822b568b3903685a7c9f496cf7656cc6c2,success,2021-12-01,2025-12-02,1463,1464,
bid,Bidao,0x25e1474170c4c0aa64fa98123bdc8db49d7802fa,success,2020-09-25,2025-12-02,1891,1892,
biden,Biden Coin,0x9e59a081320ddb046d74a106335ca6b84eadc067,success,2025-07-04,2025-12-02,123,124,
bifi,BiFi,0x2791bfd60d232150bff86b39b7146c0eaaa2ba81,success,2021-01-15,2025-12-02,1783,1784,
bfc,Bifrost,0x0c7d5ae016f806603cb1782bea29ac69471cab9c,success,2020-12-21,2025-12-02,1808,1809,
vmanta,Bifrost Voucher MANTA,0xf0b9889cdb70a716bf72e37ef626f08d9f14c180,success,2024-06-28,2025-12-02,516,517,
bbbtc,Big Back Bitcoin,0x52c7aa73dc430dab948eee73ea253383fd223420,success,2025-05-18,2025-12-02,196,197,
balls,Big Balls,0x9ea59db651a3c79a8d52a394a49da8e9a214d6ae,success,2025-02-09,2025-12-02,234,235,
bbc,Big Bonus Coin [ETH],0x015628ce9150db1bce2fbb717a09e846f8a32436,success,1970-01-01,1970-01-01,1,1,
$bud,Big Bud,0x420b879b0d18cc182e7e82ad16a13877c3a88420,success,2024-06-30,2025-11-28,502,503,
bdp,Big Data Protocol,0xf3dcbc6d72a4e1892f7917b7c43b74131df8480e,success,2021-03-07,2025-12-02,1732,1733,
big,Big Eyes,0xc8de43bfe33ff496fa14c270d9cb29bda196b9b5,success,2023-06-26,2025-12-02,847,848,
biggie,Biggie,0x95ae252633e9ea03bdfe67874b349b41163464ce,success,2025-07-16,2025-12-02,140,141,
bigsb,BigShortBets,0x131157c6760f78f7ddf877c0019eba175ba4b6f6,success,2021-09-08,2025-12-02,1490,1491,
bigtime,Big Time,0x64bc2ca1be492be7185faa2c8835d9b824c8a194,success,2023-10-11,2025-12-02,784,785,
tom,Big Tom,0xeeecd285f60e802ecb6d8d8d37790c887f9a4b33,success,2024-06-10,2025-12-02,459,460,
bnb,BNB,0xb8c77482e45f1f44de1745f52c74426c631bdd52,success,2017-09-16,2025-12-02,2998,2999,
bnb,Binance Coin (Wormhole),0x418d75f65a02b3d53b2418fb8e1fe493759c7605,success,2022-01-21,2025-12-02,1412,1413,
bcnt,Bincentive,0x9669890e48f330acd88b78d63e1a6b3482652cd9,success,2019-10-08,2025-12-02,2234,2235,
biohack,BiohackerDAO,0x07c8b9deae988726fd443ea8c3c1367f98a31f9c,success,2025-01-16,2025-12-02,182,183,
bio,Bionergy,0xdaedbc924dbbccef96c25bb84806e794a4ff3140,success,2024-12-15,2025-11-26,190,191,
biot,Bio Passport,0xc07a150ecadf2cc352f5586396e344a6b17625eb,success,2021-03-08,2025-12-02,1730,1731,
bio,Bio Protocol,0xcb1592591996765ec0efc1f92599a19767ee5ffa,success,2025-01-03,2025-12-02,334,335,
byb,BiorLabs,0xfbcb83037d770b28f758530022897362521b6141,success,2025-03-22,2025-12-02,256,257,
birbstr,BirbStrategy,0x6bcba7cd81a5f12c10ca1bf9b36761cc382658e8,success,2025-09-22,2025-12-02,72,1709,
birddog,Birddog,0x70fd93fb088150e203d2243b9bd3190276f80c70,success,2024-05-05,2025-12-02,573,574,
birddog,Bird Dog,0xf6ce4be313ead51511215f1874c898239a331e37,success,2024-04-03,2025-12-02,609,610,
birdei,Birdei,0x70bb8bcfafcf60446d5071d4427da8e99f0168aa,success,2025-06-07,2025-12-02,173,174,
bird,Bird.Money,0x70401dfd142a16dc7031c56e862fc88cb9537ce0,success,2020-12-01,2025-12-02,1827,1828,
bis,Bismuth,0xf5cb350b40726b5bcf170d12e162b6193b291b41,success,2017-11-08,2025-12-02,2788,2789,
bist,Bistroo,0x6e8908cfa881c9f6f2c64d3436e7b80b1bf0093f,success,2021-05-19,2025-12-02,1659,1660,
b2m,Bit2Me,0xd7c302fc3ac829c7e896a32c4bd126f3e8bd0a1f,success,2021-11-04,2025-12-02,1489,1490,
btb,Bitball,0xd417c6000a0e56e35bcf00e4d7e4e077311df0a9,success,2018-11-29,2025-11-27,2541,2542,
bitbedr,BITBEDR,0xb8176a66c0d0a84cfd4e403c89cf3416b1e798ad,success,2024-04-28,2025-11-19,544,545,
btc20,Bitcoin20,0xe86df1970055e9caee93dae9b7d5fd71595d0e18,success,2023-08-16,2025-12-02,839,840,
btc2.0,Bitcoin 2.0,0x3feb4fea5132695542f8ede5076ac43296d17c6d,success,2023-07-15,2025-12-02,872,873,
btce,bitcoin (2015 Wrapper) (Meme),0xc0bc84e95864bdfdcd1ccfb8a3aa522e79ca1410,success,2024-05-30,2025-12-02,552,553,
btc2,Bitcoin 2.0,0xbc2ecbe2195114b82f03680ed4270fa7008f3be0,success,2025-05-25,2025-12-02,192,193,
btcact,BITCOIN Act,0x079d0150cc21e127898db0f51f18ca54db56b1ba,success,2024-11-15,2025-12-02,379,380,
₿o₿,Bitcoin Bob,0xf86506384453d4875f7cfb31290b9b60daeb810a,success,2025-07-05,2025-11-29,139,140,
btcbull,Bitcoin Bull,0xc3f822e94c321dd3ee53ca46b78098ea79b7ec8d,success,2025-07-07,2025-12-02,149,150,
1cat,Bitcoin Cats,0x508e00d5cef397b02d260d035e5ee80775e4c821,success,2023-12-28,2025-12-02,706,707,
btcinu,Bitcoin Inu,0x584a4dd38d28fd1ea0e147ba7b70aed29a37e335,success,2024-01-23,2025-12-02,680,681,
bos,BitcoinOS,0x13239c268beddd88ad0cb02050d3ff6a9d00de6d,success,2025-10-29,2025-12-02,35,827,
btcp,Bitcoin Pro,0x723cbfc05e2cfcc71d3d89e770d32801a5eef5ab,success,2018-03-29,2025-12-02,2754,2755,
brcg,Bitcoin Roller Coaster Guy,0xd4c4407f3afb48d7d4ad954572f155f9237ae335,success,2025-07-08,2025-12-01,146,147,
bsov,BitcoinSoV,0x26946ada5ecb57f3a1f91605050ce45c482c9eb1,success,2019-08-08,2025-12-02,1801,1802,
bit,BitDAO,0x1a4b46696b2bb4794eb3d4c26f1c55f9170fa4c5,success,2021-08-16,2025-12-02,1570,1571,
bdt,BitDelta,0xcac1277aa6ecb68b84fad070910d37029e810b79,success,1970-01-01,1970-01-01,1,1,
btbtx,Bit Digital xStock,0x22e1991e5f82736a2a990322a46aac0e95826c5b,success,1970-01-01,1970-01-01,1,1,
bite,Bitecoin,0x9ab778f84b2397c7015f7e83d12eee47d4c26694,success,2025-07-17,2025-12-02,93,94,
bt,Bitenium,0x997507cc49fbf0cd6ce5e1ee543218556fafdebc,success,2021-04-01,2025-12-02,1705,1706,
bfbtc,BitFi Bitcoin,0xcdfb58c8c859cb3f62ebe9cf2767f9e036c7fb15,success,1970-01-01,1970-01-01,1,1,
fufux,BitFuFu xStock,0x3ae27479e6e52f6ddb6ea8aa567e6cc92c78d93a,success,1970-01-01,1970-01-01,1,1,
bgb,Bitget Token,0x54d2252757e1672eead234d27b1270728ff90581,success,2020-06-10,2025-12-02,1568,1569,
btr,Bitlayer,0x6c76de483f1752ac8473e2b4983a873991e70da7,success,2025-08-27,2025-12-02,98,99,
bmp,BitmapPunks,0xbbbb2d4d765c1e455e4896a64ba3883e914abbbb,success,2025-01-07,2025-12-02,330,331,
bmx,BitMart,0x986ee2b944c42d017f52af21c4c69b84dbea35d8,success,2018-08-01,2025-12-02,2673,2674,
bmex,BitMEX,0xb113c6cf239f60d380359b762e95c13817275277,success,2022-11-11,2025-12-02,1118,1119,
bmnrx,Bitmine xStock,0xaeb681b69e5094e04d11bcef51a71358a374c3ed,success,1970-01-01,1970-01-01,1,1,
bito,BITO Coin,0x93b1e78a3e652cd2e71c4a767595b77282344932,success,2019-02-21,2025-12-02,2457,2458,
best,Bitpanda Ecosystem,0x1b073382e63411e3bcffe90ac1b9a43fefa1ec6f,success,2019-10-04,2025-12-02,2174,2174,
brise,Bitgert,0xf2b2f7b47715256ce4ea43363a867fdce9353e3a,success,2021-07-29,2025-12-02,1588,1589,
brock,Bitrock,0xde67d97b8770dc98c746a3fc0093c538666eb493,success,2023-07-17,2025-12-02,862,863,
btr,Bitrue Coin,0xd433138d12beb9929ff6fd583dc83663eea6aaa5,success,2019-07-06,2025-12-02,2342,2343,
brune,BitRunes,0x724313985dcb55d432d3888ddc0b9e3d3859e86d,success,2024-04-23,2025-12-02,419,420,
bcut,bitsCrunch Token,0xbef26bd568e421d6708cca55ad6e35f8bfa0c406,success,2024-02-20,2025-12-02,652,653,
smile,bitSmiley,0x6a9b3fdb4a3296ecba1ebfa2cf4a8b16032a769c,success,2024-11-06,2025-12-02,392,393,
spwn,Bitspawn,0xe516d78d784c77d479977be58905b3f2b1111126,success,2021-06-22,2025-11-08,1366,1367,
$bssb,BitStable Finance,0xda31d0d1bc934fc34f7189e38a413ca0a5e8b44f,success,2023-12-12,2025-12-02,722,723,
store,Bit Store,0x31ea0de8119307aa264bb4b38727aab4e36b074f,success,2022-01-26,2025-12-02,1355,1356,
bitt,BITT,0x9f9913853f749b3fe6d6d4e16a1cc3c1656b6d51,success,2021-01-27,2025-11-19,1401,1402,
btt,BitTorrent,0xc669928185dbce49d2230cc9b0979be6dc797957,success,2022-01-21,2025-12-02,1412,1413,
bjc,BJustCoin,0xbf5ce69a0e7a078675741723f770ae820716e298,success,2025-07-10,2025-12-02,146,147,
ftw,Black Agnus,0x306fd3e7b169aa4ee19412323e1a5995b8c1a1f4,success,2024-09-12,2025-11-30,409,410,
black,BlackHole Protocol,0xd714d91a169127e11d8fab3665d72e8b7ef9dbe2,success,2021-05-04,2025-12-01,1647,1648,
jack,Blackjack.fun,0xf434908dcf8206691bb99cae9232d4833ec257d4,success,1970-01-01,1970-01-01,1,1,
bplc,BlackPearl,0x426fc8be95573230f6e6bc4af91873f0c67b21b4,success,2020-03-20,2025-12-02,2076,2077,
bpt,BlackPool,0x0ec9f76202a7061eb9b3a7d6b59d36215a7e37da,success,2021-05-28,2025-11-30,1635,1636,
blkon,"Blackrock, Inc. (Ondo Tokenized Stock)",0x7a0f89c1606f71499950aa2590d547c3975b728e,success,2025-09-02,2025-12-02,88,89,
buidl-i,BlackRock USD Institutional Digital Liquidity Fund - I Class,0x6a9da2d710bb9b700acde7cb81f10f1ff8c89041,success,2025-02-17,2025-12-02,289,290,
blkx,BlackRock xStock,0x5a6a0742ca689e7e8a91a38f5255589cb2191646,success,1970-01-01,1970-01-01,1,1,
moon,Black Unicorn Corp.,0xb6c0189080a6441caf056b856dd4d795b909c460,success,2024-12-18,2025-12-02,340,340,
blank,BlockWallet,0x41a3dba3d677e573636ba691a70ff2d606c29666,success,2021-03-05,2025-12-02,1733,1734,
blast,Blast Inu,0x3127294f1fd3c097ef31e54301069346b29d0209,success,2023-11-27,2025-12-02,490,490,
blastup,BlastUP,0x901a020915bc3577d85d29f68024b4c5e240b8cd,success,2024-08-20,2025-12-02,461,462,
blazex,BlazeX,0xdd1b6b259986571a85da82a84f461e1c212591c0,success,2023-08-04,2025-11-29,557,558,
blendr,Blendr Network,0x84018071282d4b2996272659d9c01cb08dd7327f,success,2024-03-06,2025-12-02,637,638,
blepe,Blepe,0x53206bf5b6b8872c1bb0b3c533e06fde2f7e22e4,success,2024-06-14,2025-12-02,453,454,
blepe,Blepe the Blue,0xf3617e8a04265160b9ee10253a2c78565571cb76,success,2024-02-20,2025-11-23,437,438,
bles,Blind Boxes,0xe796d6ca1ceb1b022ece5296226bf784110031cd,success,2021-03-27,2025-12-02,1703,1703,
$blk,BLK2100,0x210028b5a1e9effb93ce31006a18629f31131093,success,2024-11-09,2025-11-30,271,272,
blobs,blobs,0x39de85301c78f4d623e5c05cde2fd119a3a92cd9,success,2024-03-12,2025-11-30,537,538,
bly,Blocery,0xf8ad7dfe656188a23e89da09506adf7ad9290d5d,success,2020-08-10,2025-12-02,1941,1942,
block,Block,0xcab84bc21f9092167fcfe0ea60f5ce053ab39a1e,success,2025-07-16,2025-12-02,140,141,
arcas,Arcas,0x570f09ac53b96929e3868f71864e36ff6b1b67d7,success,2021-07-29,2025-12-02,1577,1578,
bbank,blockbank,0xf4b5470523ccd314c6b9da041076e7d79e0df267,success,2021-04-29,2025-11-22,1622,1623,
bbl,BlockBlend,0x0a44a7ccea34a7563ba1d45a5f757d0b02281124,success,2023-06-08,2025-11-26,762,763,
bcb,Blockchain Bets,0x2d886570a0da04885bfd6eb48ed8b8ff01a0eb7e,success,2023-01-11,2025-12-02,1057,1058,
brwl,Blockchain Brawlers,0x4086e77c5e993fdb90a406285d00111a974f877a,success,2022-03-30,2025-12-02,1344,1345,
bcdt,EvidenZ,0xacfa209fb73bf3dd5bbfb1101b9bc999c49062a5,success,2018-09-30,2025-12-02,2393,2393,
xccx,BlockChainCoinX,0x7df4122d3eae29fc8fb6be58d9177e8e560be4fb,success,2023-10-13,2025-12-02,782,783,
bcug,Blockchain Cuties Universe Governance,0x14da7b27b2e0fedefe0a664118b0c9bc68e2e9af,success,2021-03-17,2025-11-28,1599,1600,
bfx,BlockchainFX,0x87ad29bc7a161d7ca644eb1db221d962e2d383d2,success,1970-01-01,1970-01-01,1,1,
bcmc,Blockchain Monster Hunt,0x2ba8349123de45e931a8c8264c332e6e9cf593f9,success,2021-10-14,2025-12-02,1506,1507,
guild,BlockchainSpace,0x83e9f223e1edb3486f876ee888d76bfba26c475a,success,2021-12-08,2025-12-02,1443,1444,
bws,Blockchain Web Services,0xaade1d6701173bd924c9de2d56a00ef4e3d9de4d,success,2024-11-23,2025-12-02,361,362,
block,BlockProtocol,0x8fc17671d853341d9e8b001f5fc3c892d09cb53a,success,2024-04-12,2025-12-02,600,601,
bls,Blocklens AI,0x68c6f3d735e83593b23b0063a50cc87952afddb2,success,2025-09-16,2025-12-02,78,1725,
lrds,BLOCKLORDS,0xd0a6053f087e87a25dc60701ba6e663b1a548e85,success,2024-07-25,2025-12-02,496,497,
bspt,Blocksport,0xa350da05405cc204e551c4eed19c3039646528d5,success,2022-02-18,2025-12-02,1384,1385,
bst,Blocksquare,0x509a38b7a1cc0dcd83aa9d06214663d9ec7c7f4a,success,2022-02-26,2025-12-02,1375,1376,
tools,Blocktools,0xc14b4d4ca66f40f352d7a50fd230ef8b2fb3b8d4,success,2023-08-18,2025-12-01,728,729,
vee,BLOCKv,0x340d2bde5eb28c1eed91b2f790723e3b160613b7,success,2017-12-26,2025-12-02,2897,2898,
blockyboy,BlockyBoy by Matt Furie,0x76b6f7bd8857195c5165a49a6ff75f84a3f081ca,success,2025-08-23,2025-12-02,102,103,
blocx,BLOCX.,0x4ff57e25eeb7affbbb060e0bad2e1759efc8bec4,success,2023-08-11,2025-12-02,845,846,
blood,Bloodboy,0x6abaf438f098f75c5892e1fabf08b1896c805967,success,2024-05-09,2025-12-02,552,553,
bc,Blood Crystal,0x4b6d036d0bc62a633acca6d10956e9dbbb16748f,success,2024-03-08,2025-12-02,635,636,
blox,BLOX,0xc9f00080d96cea3ef92d2e2e563d4cd41fb5bb36,success,2023-12-19,2025-11-25,599,600,
blxm,bloXmove,0x38d9eb07a7b8df7d86f440a4a5c4a4c1a27e1a08,success,2021-10-23,2025-12-02,1443,1444,
blb,Blueberry,0x904f36d74bed2ef2729eaa1c7a5b70dea2966a02,success,2024-06-10,2025-12-02,480,481,
oblue,Blueprint oBLUE,0xedb73d4ed90be7a49d06d0d940055e6d181d22fa,success,1970-01-01,1970-01-01,1,1,
bluesparrow,BlueSparrow,0x24ccedebf841544c9e6a62af4e8c2fa6e5a46fde,success,2022-06-20,2025-12-02,1260,1261,
blur,Blur,0x5283d291dbcf85356a21ba090e6db59121208b44,success,2023-02-14,2025-12-02,1023,1024,
blz,Bluzelle,0x5732046a883704404f284ce41ffadd5b007fd668,success,2018-02-10,2025-12-02,2853,2854,
bmax,BMAX,0x116c4b65e14449947bc6fa1bbe844cb16a162d53,success,2022-07-16,2025-12-02,1236,1237,
bmt,BMCHAIN,0xf028adee51533b1b47beaa890feb54a457f51e89,success,2019-01-12,2025-11-22,1853,1854,
bmoney,B-MONEY,0xf10da48d4aaa8d784c5e369cb998e263cfe32aa8,success,2024-05-26,2025-11-26,496,497,
bnvda,Backed NVIDIA,0xa34c5e0abe843e10461e2c9586ea03e55dbcc495,success,2024-07-09,2025-12-02,512,513,
bft,BnkToTheFuture,0x01ff50f8b7f74e4f00580d9596cd3d0d6d6e326f,success,2018-04-10,2025-12-01,2743,2744,
bnpl,BNPL Pay [OLD],0x84d821f7fbdd595c4c4a50842913e6b1e07d7a53,success,2021-09-23,2025-12-02,667,668,
bnpl,BNPL Pay,0x28a062b8cd62a219210211f2085281c0aca2b2b9,success,2025-08-12,2025-12-02,86,86,
bnsd,BNSD Finance,0x668dbf100635f593a3847c0bdaf21f0a09380188,success,2020-09-06,2025-12-02,1912,1913,
bns,BNS,0x19e2a43fbbc643c3b2d9667d858d49cad17bc2b5,success,2022-04-20,2025-12-02,1323,1324,
fash,BNV,0x7d3ce1265d5ea5848dc1c96aadbf754e2bad33b1,success,2025-08-26,2025-12-02,99,100,
boatkid,BoatKid,0x465ac9ca56f340bc5b96b02c065ae80f3d893eec,success,2025-08-18,2025-12-02,98,99,
bob,BOB,0xb0b195aefa3650a6908f15cdac7d92f8a5791b0b,success,2022-09-13,2025-12-02,1177,1178,
bob,BOB,0xecc5f868add75f4ff9fd00bbbde12c35ba2c9c89,success,2024-09-14,2025-12-02,434,435,
bitcoin bob,BOB,0x0f6558ee1d6a1f8d0771b1109823443be22a33d0,success,2025-09-10,2025-12-02,84,1921,
boba,Boba Cat,0x6ecf5fe60e27cd03abdba3a19af8dc6845a0da58,success,2023-09-15,2025-12-02,809,810,
boba,Boba Network,0x42bbfa2e77757c645eeaad1655e0911a7553efbc,success,2021-11-19,2025-12-02,1475,1476,
bob,BOB (Build on Bitcoin),0xc9746f73cc33a36c2cd55b8aefd732586946cedd,success,2025-11-20,2025-12-02,13,304,
bobo,Bobo,0x5888641e3e6cbea6d84ba81edb217bd691d3be38,success,2023-04-20,2025-12-02,958,959,
bobo,Bobo Coin,0xb90b2a35c65dbc466b04240097ca756ad2005295,success,2023-05-17,2025-12-02,931,932,
bob,BOB Token,0x7d8146cf21e8d7cbe46054e01588207b51198729,success,2023-04-22,2025-12-02,956,957,
bodhi,Bodhi The Inu,0x1570b8d622ebde9209e1b394a3c08e8eb6e99705,success,2025-09-02,2025-11-30,57,58,
baon,Boeing (Ondo Tokenized Stock),0x57270d35a840bc5c094da6fbeca033fb71ea6ab0,success,2025-09-02,2025-12-02,75,76,
bog,Bog,0x11a7c8c9e9d5fc47134c305c59cebfcd1a4a9943,success,2024-10-14,2025-11-26,378,379,
bog,Bogdanoff,0x0ba74fb26ca523f2dc22fa4318581cc2452eaba1,success,2023-04-27,2025-11-30,882,883,
bolt,Bolt,0xd5930c307d7395ff807f2921f12c5eb82131a789,success,2019-03-27,2025-12-01,2441,2442,
bomb,BOMB,0x1c95b093d6c236d3ef7c796fe33f9cc6b8606714,success,2019-02-25,2025-12-02,2343,2343,
bdxn,Bondex,0xbdbdbdd0c22888e63cb9098ad6d68439197cb091,success,2025-06-03,2025-12-02,183,184,
bondly,Forj,0x91dfbee3965baaee32784c2d546b7a0c62f268c9,success,2020-12-09,2025-12-02,1820,1821,
bone,Bone ShibaSwap,0x9813037ee2218799597d83d4a5b6f3b6778218d9,success,2021-07-07,2025-12-02,1608,1609,
bonk,Bonk,0x1151cb3d861920e07a38e03eead12c32178567f6,success,2022-12-29,2025-12-02,1070,1071,
bonki,BONK Inu,0xf995771a957c19319a7d8d58b4082b049420340f,success,2023-12-08,2025-11-30,469,470,
bonk,BONK on ETH,0x4fbaf51b95b024d0d7cab575be2a1f0afedc9b64,success,2024-05-08,2025-11-30,564,565,
seed,Bonsai3,0x31ea904a7eca45122890deb8da3473a2081bc9d1,success,2023-11-24,2025-11-29,654,655,
bonzi,Bonzi,0xd6175692026bcd7cb12a515e39cf0256ef35cb86,success,2024-09-04,2025-12-02,439,440,
$boo,BOO,0x32e7c8a6e920a3cf224b678112ac78fdc0fb09d1,success,2024-01-03,2025-12-02,665,666,
boochie,Boochie by Matt Furie,0xf8ea18ca502de3ffaa9b8ed95a21878ee41a2f4a,success,2025-05-21,2025-12-02,196,197,
bb,BookieBot,0x562e12e1e792643d168c1fa01c1b7198a0f83c9f,success,2023-09-04,2025-12-02,809,810,
bkngx,Booking xStock,0xa8a25db6cf17fa097f1dbbc9c841892456898ff3,success,1970-01-01,1970-01-01,1,1,
boob,Book Of Bitcoin,0xf5d791eebfc229c4fe976e8328ed2c261690cb34,success,2024-05-07,2025-12-02,569,570,
booe,Book of Ethereum,0x289ff00235d2b98b0145ff5d4435d3e92f9540a6,success,2024-04-27,2025-12-02,585,586,
bope,Book of Pepe,0x599955aa9fbc197a1b717d8da6a7012cafe70ab3,success,2024-03-22,2025-12-02,606,606,
boom,boom.fun,0x48e205eb6db302a6e50d292cd382f6251d9a25cd,success,2025-06-12,2025-10-02,102,103,
boop,Boop,0x8013266cb5c9dd48be3ad7d1ce832874d64b3ce1,success,2022-10-21,2025-12-02,1122,1123,
boost,Boost,0xbe7e12b2e128bc955a0130ffb168f031d7dd8d58,success,2025-09-05,2025-12-02,89,2128,
boppy,Boppy The Bat,0xe79031b5aaeb3ee8d0145e3d75b81b36bffe341d,success,2024-07-06,2025-12-02,515,516,
$bored,Bored Token,0x2047ab3072b52561596ce5e0131bdbb7c848538d,success,1970-01-01,1970-01-01,1,1,
boring,BoringDAO,0xbc19712feb3a26080ebf6f2f7849b417fdd792ca,success,2021-06-18,2025-12-02,1619,1620,
bork,Bork on Ethereum,0x8808434a831efea81170a56a9ddc57cc9e6de1d8,success,2024-10-31,2025-12-02,362,362,
borne,BORNE,0x2a7f6a311cf835ebb16b7e954b8aacbb61ea149e,success,2025-08-29,2025-12-02,96,97,
gorples,GorplesCoin,0xff33a6b3dc0127862eedd3978609404b22298a54,success,2024-06-27,2025-11-30,502,503,
boa,BOSagora,0x51bd4f39803fcaeff3ef45aae2c3aaff0b9fadcb,success,2025-07-06,2025-12-02,150,151,
boson,Boson,0xc477d038d5420c6a9e0b031712f61c5120090de9,success,2021-04-09,2025-12-02,1699,1700,
bossburger,Boss Burger,0x40d09d1c989fcb3a68623fe1c1acb3b769e0d237,success,2025-06-25,2025-12-02,161,162,
bftoken,BOSS FIGHTERS Token,0x9b784f7fd6c888463666eb2c05aa6e61628e06b2,success,2025-05-07,2025-11-21,199,200,
botc,Bot Compiler,0x9532ca064278ce3ba4fcc66cebec6d9f04f58f70,success,2023-09-06,2025-12-02,540,541,
botto,Botto,0x9dfad1b7102d46b1b197b90095b5c4e9f5845bba,success,2021-10-09,2025-12-02,1516,1517,
botx,BOTXCOIN,0xef19f4e48830093ce5bc8b3ff7f903a0ae3e9fa1,success,2019-03-22,2025-12-02,2415,2416,
bb,BounceBit,0xd459eceddafcc1d876a3be7290a2e16e801073a3,success,2024-05-13,2025-12-02,569,570,
zkc,Boundless,0x000006c2a22ff4a44ff1f5d0f2ed65f781f55555,success,2025-09-15,2025-12-02,79,1882,
bmc,BountyMarketCap,0xd945d2031b4c63c0e363304fb771f709b502dc0a,success,2020-12-24,2025-12-02,1803,1804,
bowie,Bowie,0xcae0dd4bda7ff3e700355c7629b24d5d728bd2ce,success,2023-11-27,2025-11-30,649,650,
bxbt,BoxBet,0x33f289d91286535c47270c8479f6776fb3adeb3e,success,2023-11-30,2025-12-02,733,734,
boysclub,BoysClub,0x2d9996f3b9d2e73540fdbfdfe81d71e9e08cbf03,success,2024-04-23,2025-12-02,477,477,
boys,Boys Club,0x706987611c5d2052541d64ef8f036916807c916a,success,2025-01-15,2025-12-02,316,317,
learn,Brainedge,0xf6ad4965f7779c6b8ae4d25bf2a2e009a47c3dae,success,2025-04-09,2025-12-02,209,210,
brain,Brain Frog,0x1010107b4757c915bc2f1ecd08c85d1bb0be92e0,success,2025-01-17,2025-12-02,310,311,
brainlet,BRAINLET,0x0000bdaa645097ef80f9d475f341d0d107a45b3a,success,2024-07-18,2025-12-02,386,387,
btrst,Braintrust,0x799ebfabe77a6e34311eeee9825190b9ece32824,success,2021-09-15,2025-12-02,1540,1541,
wbrl,Brazilian real,0xd76f5faf6888e24d9f04bf92a0c8b921fe4390e0,success,2025-11-27,2025-11-29,3,26,
bd20,BRC-20 DEX,0x312d43881860807fa04b193d69744d087fc3308a,success,2024-04-23,2025-12-02,583,584,
brepe,BREPE,0xa0117792d4b100fd329b37e8ab4181df8a5b3326,success,2023-09-04,2025-12-01,722,723,
$brett,BRETT0X66,0x66e564819340cc2f54abceb4e49941fa07e426b4,success,2024-05-28,2025-12-02,551,552,
brettei,Brettei,0xd749b369d361396286f8cc28a99dd3425ac05619,success,2024-06-11,2025-12-02,372,372,
brett,Bretter Brett,0x66bff695f3b16a824869a8018a3a6e3685241269,success,2024-05-10,2025-12-02,572,573,
brett,Brett ETH,0x80ee5c641a8ffc607545219a3856562f56427fe9,success,2024-04-08,2025-12-02,604,605,
brett,Brett (ETH),0x240d6faf8c3b1a7394e371792a3bf9d28dd65515,success,2024-05-31,2025-12-02,551,552,
brettwu,Brettwu,0x66bff0d18513c648690edcdf5993c9da8c632ec8,success,2025-07-12,2025-12-02,144,145,
brai,BribeAI,0xbec771d15f7e67bc0bb4571c7eb409228cc6fef9,success,2024-03-28,2025-11-21,459,460,
brick,Brick Block,0x00199c511dc889b8155fa425fc0363ed481e8f48,success,2024-04-12,2025-11-14,292,293,
bkn,Brickken,0x0a638f07acc6969abf392bb009f216d22adea36d,success,2023-07-26,2025-12-02,861,862,
brx,Bricks,0x5ce6f2c0e2a1b4540894f286254bf13b1110d240,success,1970-01-01,1970-01-01,1,1,
sttia,Bridged stTIA (Hyperlane),0x48a612a6da945205a221e94bb9f40b0550cd2c4e,success,1970-01-01,1970-01-01,1,1,
bmi,Bridge Mutual,0x725c263e32c72ddc3a19bea12c5a0479a81ee688,success,2021-01-30,2025-12-02,1768,1769,
bright,BrightID,0x5dd57da40e6866c9fcc34f4b6ddc89f1ba740dfe,success,2021-09-17,2025-12-02,1538,1539,
bright,Bright Union,0xbeab712832112bd7664226db7cd025b153d3af55,success,2021-08-06,2025-11-22,1254,1255,
brk,BRK690k,0x364c65347bdd77e6196fad96d42dbbd6d55cf719,success,2024-11-24,2025-11-05,209,210,
bro,Bro,0x42ae1f83694f453ba2f31dfc2206c9b044eaacb2,success,2025-09-03,2025-11-28,43,621,
bro,Bro,0x79801ac51d18543579d26c5b392581d17b273b89,success,2025-10-17,2025-10-25,8,112,
avgoon,Broadcom (Ondo Tokenized Stock),0x0d54d4279b9e8c54cd8547c2c75a8ee81a0bcae8,success,2025-09-02,2025-12-02,92,93,
avgox,Broadcom xStock,0x38bac69cbbd28156796e4163b2b6dcb81e336565,success,2025-08-01,2025-12-02,124,125,
brkl,Brokoli,0x4674a4f24c5f63d53f22490fb3a08eaaad739ff8,success,2021-10-05,2025-12-02,1520,1521,
brws,Browsr AI,0xc0b8715d73941b2fd02dc7e3fb71112aafa5fe0a,success,2025-07-26,2025-10-22,62,63,
brrr,Brrr de Money,0x7dd7d5ca67df3e0f5a7f004af3653444b1fcfb76,success,2024-11-12,2025-12-02,322,322,
bruh,Bruh,0xd7cfdb3cdc33dbeb9e9a4c95b61953cf12a008b3,success,2024-08-31,2025-11-30,430,431,
brume,Brume,0xd0ebfe04adb5ef449ec5874e450810501dc53ed5,success,2024-10-11,2025-12-02,387,388,
brz,Brazilian Digital,0x01d33fd36ec67c6ada32cf36b31e88ee190b1839,success,2019-05-26,2025-12-02,2383,2384,
start,Starter.xyz,0x1d7ca62f6af49ec66f6680b8606e634e55ef22c1,success,2021-03-10,2025-11-27,1664,1665,
btc2x-fli,BTC 2x Flexible Leverage Index,0x0b498ff89709d3838a063f1dfa463091f9801c2b,success,2021-05-11,2025-12-02,1579,1580,
btcbull,BTC Bull Token,0x8ee5cfb455b3ba5cb0bb5ad91cd6fc40ac73b25c,success,2025-09-13,2025-11-30,46,619,
btse,BTSE Token,0x666d875c600aa06ac1cf15641361dec3b00432ef,success,2020-03-12,2025-12-02,2084,2085,
btu,BTU Protocol,0xb683d83a532e2cb7dfa5275eed3698436371cc9f,success,2019-02-09,2025-12-02,2221,2222,
bubsy,Bubsy AI,0xd699b83e43415b774b6ed4ce9999680f049af2ab,success,2024-05-07,2025-12-02,560,561,
buddha,Buddha,0xdefb0b264032e4e128b00d02b3fd0aa00331237b,success,2023-12-30,2025-11-13,511,512,
buffi,Bufficorn,0x4c1b1302220d7de5c22b495e78b72f2dd2457d45,success,2024-08-25,2025-11-28,436,437,
bug,Bug,0x89fd2d8fd8d937f55c89b7da3ceed44fa27e4a81,success,2024-07-23,2025-12-02,436,437,
bugs,Bugs Bunny,0x490bd60a5d3e1207fba9b699017561434cc8c675,success,2023-12-04,2025-11-25,589,590,
build,BUILD,0x57b59f981730c6257df57cf6f0d98283749a9eeb,success,2022-07-25,2025-12-02,1227,1228,
build,BuildAI,0xeff9cdb294872b6553f4e9631fb4d1fa4f9c5e6b,success,2024-02-23,2025-12-02,645,646,
bulei,Bulei,0x069e4aa272d17d9625aa3b6f863c7ef6cfb96713,success,2024-06-12,2025-12-02,525,525,
blshx,Bullish xStock,0x38de7b9fc733def81525e65c1bf99722026489e2,success,1970-01-01,1970-01-01,1,1,
$bull,Bull Market,0x9be776559fed779cabd67042a7b8987aae592541,success,2023-04-25,2025-12-02,930,931,
bump,Bumper,0x785c34312dfa6b74f6f1829f79ade39042222168,success,2021-12-17,2025-12-02,1432,1432,
bun,BunPoodle,0x6fb4f9d98f6628bccb8d8576b24460cc89ba1d88,success,2025-10-09,2025-11-29,36,613,
burp,Burp,0x33f391f4c4fe802b70b77ae37670037a92114a7c,success,2021-07-26,2025-12-02,1530,1531,
$ripper,Bush Ripper,0xbe445f5ef7edb8829203ab0a3298d9eff4560616,success,2025-08-20,2025-12-02,105,106,
business,Business Coin,0xc06caead870d3a8af2504637b6c5b7248bed6116,success,2024-11-24,2025-12-02,374,375,
busy,Busy,0x5cb3ce6d081fb00d5f6677d196f2d70010ea3f4a,success,2021-04-23,2025-12-02,1685,1686,
buttcoin,BUTTCOIN,0x883f46033947b92df4140b37386725d6e3faa69a,success,2025-06-26,2025-12-02,143,143,
butter,Butter,0x0d248ce39e26fb00f911fb1e7a45a00d8c94341c,success,2023-05-10,2025-11-29,588,589,
bux,Bux The Rabbit,0x92043c4306886f2b1ce0f1894046ec8b9f8e9aab,success,2025-09-08,2025-12-02,78,1509,
bai,Buyai,0x90cb6c43b84a403dc1dea498a4620116677de9b1,success,2025-06-27,2025-11-03,53,54,
buy,Buying.com,0x396ec402b42066864c406d1ac3bc86b575003ed8,success,2021-08-10,2025-12-02,1576,1577,
bvm,BVM,0x069d89974f4edabde69450f9cf5cf7d8cbd2568d,success,2024-03-12,2025-12-02,631,632,
infra,Bware,0x013062189dc3dcc99e9cee714c513033b8d99e3c,success,2023-05-30,2025-12-02,918,919,
byte,Byte,0xde342a3e269056fc3305f9e315f4c40d917ba521,success,2023-12-09,2025-12-02,725,726,
gbyte,Obyte,0x31f69de127c8a0ff10819c0955490a4ae46fcc2a,success,2016-12-27,2025-12-02,3262,3263,
bzrx,bZx Protocol,0x56d811088235f11c8920698a204a5010a788f4b3,success,2020-07-13,2025-11-30,1593,1594,
c1usd,Currency One USD,0x40caa7912437002ee2c8415d43e7f575c733674c,success,2025-10-01,2025-12-02,63,1497,
ctm,c8ntinuum,0xc8ef4398664b2eed5ee560544f659083d98a3888,success,2025-04-18,2025-12-02,229,230,
caave,cAAVE,0xe65cdb6479bac1e22340e4e755fae7e509ecd06c,success,2022-02-25,2025-12-02,1377,1378,
cad,Caduceus Protocol,0x4349929808e515936a68903f6085f5e2b143ff3d,success,1970-01-01,1970-01-01,1,1,
ca,Coupon Assets,0x9ee8c380e1926730ad89e91665ff27063b13c90a,success,2023-10-08,2025-12-02,787,788,
cairo,Cairo,0xc0e10854ab40b2e59a5519c481161a090f1162a0,success,2024-10-11,2025-11-23,205,206,
jenner,Caitlyn Jenner,0x482702745260ffd69fc19943f70cffe2cacd70e9,success,2024-05-30,2025-11-29,462,463,
cal,Calcium,0x20561172f791f915323241e885b4f7d5187c36e1,success,2023-09-28,2025-12-02,796,797,
era,Caldera,0xe2ad0bf751834f2fbdc62a41014f84d67ca1de2a,success,2025-07-17,2025-12-02,139,140,
comms,CallofMeme,0x809b05ff167c7d70425951753bc0eb0fcc8e491f,success,2025-07-24,2025-11-08,80,81,
ria,Calvaria: DoE,0x9b110fda4e20db18ad7052f8468a455de7449eb6,success,2023-02-08,2025-11-07,950,951,
camp,Camp Network,0x84eaac1b2dc3f84d92ff84c3ec205b1fa74671fc,success,2025-08-27,2025-12-02,98,99,
cana,CANA Holdings California Carbon Credits,0x01995a697752266d8e748738aaa3f06464b8350b,success,2025-08-20,2025-12-02,105,106,
canto,CANTO,0x56c03b8c4fa80ba37f5a7b60caaaef749bb5b220,success,2022-08-23,2025-12-02,1195,1196,
cds,Capital DAO Starter,0x3c48ca59bf2699e51d4974d4b6d284ae52076e5e,success,2021-11-14,2025-11-13,1124,1125,
assino,Cappuccino Assassino,0xa13cd21c032d9360b5df9fe311a59d26c28c08a7,success,2025-08-18,2025-11-25,62,63,
captain,Captain Ethereum,0x9af595c8fc201e82db65faef71d51365d7f11b5f,success,2025-09-10,2025-12-02,80,1544,
cusd,Cap USD,0xcccc62962d17b8914c62d74ffb843d73b2a3cccc,success,2025-08-28,2025-12-02,97,98,
capx,Capx AI,0x833e53f1e2d320e0768671dee5cec88b2d93330f,success,2025-11-05,2025-12-02,28,662,
capy,Capybara Token,0xf03d5fc6e08de6ad886fca34abf9a59ef633b78a,success,2023-05-09,2025-12-02,926,927,
csix,Carbon Browser,0x345887cdb19e12833ed376bbf8b8b38269f5f5c8,success,2023-02-18,2025-12-02,1019,1020,
cxo,CargoX,0xb6ee9668771a79be7967ee29a63d4184f8097143,success,2018-02-02,2025-12-02,2841,2842,
her,Caroline,0x5c2975269e74cb3a8514e5b800a1e66c694d4df8,success,2023-05-08,2025-12-01,779,780,
carrot,Carrot by Puffer,0x282a69142bac47855c3fbe1693fcc4ba3b4d5ed6,success,2025-01-31,2025-12-02,287,288,
cre,Carry,0x115ec79f1de567ec68b7ae7eda501b406626478e,success,2019-05-17,2025-11-19,2179,2180,
ctsi,Cartesi,0x491604c0fdf08347dd1fa4ee062a822a5dd06b5d,success,2020-04-24,2025-12-02,2049,2050,
carv,CARV,0xc08cd26474722ce93f4d0c34d16201461c10aa8c,success,2024-10-10,2025-12-02,419,420,
case,CASE,0x52dd39e5d1a5f4b8a622466bbe880b5427bf038e,success,2025-06-20,2025-12-02,164,165,
casinu,Casinu Inu,0x1b54a6fa1360bd71a0f28f77a1d6fba215d498c3,success,2024-02-02,2025-12-02,649,650,
cobe,Castle Of Blackwater,0xc61edb127f58f42f47a8be8aebe83cf602a53878,success,2024-04-01,2025-12-02,611,612,
catalorian,Catalorian,0x8baf5d75cae25c7df6d1e0d26c52d19ee848301a,success,2024-09-19,2025-12-02,440,441,
cai,Catalyse AI,0x360ee0225cd8abf0adf1f97f4c0f4079a4bf41ec,success,2025-06-14,2025-08-02,50,51,
atd,A2DAO,0x8052327f1baf94a9dc8b26b9100f211ee3774f54,success,2021-03-24,2025-12-02,1714,1715,
cat,Catcoin (ETH),0x59f4f336bf3d0c49dbfba4a74ebd2a6ace40539a,success,2025-08-15,2025-12-02,110,111,
cats,CatCoin Token,0xd4b92b1700615afae333b9d16d28eb55e8e689b8,success,2022-02-10,2025-12-02,1385,1386,
cate,CateCoin,0x051fb509e4a775fabd257611eea1efaed8f91359,success,2021-05-10,2025-12-02,1668,1669,
catt,Catex,0x6e605c269e0c92e70beeb85486f1fc550f9380bd,success,2019-02-16,2025-12-02,2352,2352,
boxeth,Cat-in-a-Box Ether,0x7690202e2c2297bcd03664e31116d1dffe7e3b73,success,2023-04-22,2025-11-28,703,704,
slap,CatSlap,0xf107edabf59ba696e38de62ad5327415bd4d4236,success,2024-11-22,2025-12-02,376,377,
cat,Mooncat CAT,0x56015bbe3c01fe05bc30a8a9a9fd9a88917e7db3,success,2020-08-19,2025-12-02,1932,1933,
gtcbbtcc,cbBTC Core Morpho Vault,0xf587f2e8aff7d76618d3b6b4626621860fbd54e3,success,2024-11-07,2025-12-02,391,392,
cbdc,CBDC,0xe07c41e9cdf7e0a7800e4bbf90d414654fd6413d,success,2023-09-11,2025-12-02,535,535,
ccomp,cCOMP,0x70e36f6bf80a52b3b46b3af8e106cc0ed743e8e4,success,2020-10-27,2024-02-23,495,496,
cdai,cDAI,0x5d3a536e4d6dbd6114cc1ead35777bab948e3643,success,2019-08-15,2025-12-02,2302,2303,
ceek,CEEK Smart VR,0xb056c38f6b7dc4064367403e26424cd2c60655e1,success,2018-06-13,2025-12-02,2712,2713,
celr,Celer Network,0x4f9254c83eb525f9fcf346490bbb3ed28a81c667,success,2019-03-26,2025-12-02,2444,2445,
cellex,Cellex,0x9c4ab3c926ad52e1281f6e8783cb4fe4512c5e3f,success,2025-05-08,2025-12-02,195,195,
cell,Cellframe,0x26c8afbbfe1ebaca03c2bb082e69d0476bffe099,success,2021-03-21,2025-12-02,1718,1719,
cel,Celsius Network,0xaaaebe6fe48e54f431b0c390cfaf0b017d09d42d,success,2018-10-12,2025-12-02,2609,2610,
cntr,Centaur,0x03042482d64577a7bdb282260e2ea4c8a89c064b,success,2020-10-09,2025-12-02,1871,1872,
cfg,Centrifuge,0xcccccccccc33d538dbc2ee4feab0a7a1ff4e8a94,success,2025-05-20,2025-12-02,197,198,
cix,Centurion Invest,0x6d60a8dfb16d09f67d46fcd36a0cd310078257ca,success,2022-12-15,2025-12-02,1081,1082,
crx,Cerebro,0x49218282042072e054afdc90e552e832735f8316,success,2024-12-10,2025-12-02,303,304,
neuron,Cerebrum DAO,0xab814ce69e15f6b9660a3b184c0b0c97b9394a6b,success,2024-05-24,2025-12-02,545,546,
cere,Cere Network,0x2da719db753dfa10a62e140f436e1d67f2ddb0d6,success,2021-11-08,2025-12-02,1486,1487,
cfgi,CFGI,0xf75302720787c2a2176c87b1919059c4eaac8b98,success,2025-01-05,2025-12-02,332,333,
cfxq,CFX Quantum,0x0557e0d15aec0b9026dd17aa874fdf7d182a2ceb,success,2021-04-27,2025-12-02,1655,1656,
cgeth.hashkey,cgETH Hashkey Cloud,0xc60a9145d9e9f1152218e7da6df634b7a74ae444,success,2025-02-02,2025-11-18,279,280,
chad,Chad Coin,0x6b89b97169a797d94f057f4a0b01e2ca303155e4,success,2023-04-19,2025-12-02,947,947,
chad,Chad Frog,0x9e22b4f836a461ddc7765e5fad693688e76e6069,success,2024-04-26,2025-12-02,487,488,
xcn,Onyxcoin,0xa2cd3d43c775978a96bdbf12d733d5a1ed94fb18,success,2022-03-15,2025-12-02,1359,1360,
archive,Chainback,0xc7f950271d118a5bdf250dffc39128dcced8472c,success,2023-05-30,2025-11-28,840,841,
cbg,Chainbing,0x1900e8b5619a3596745f715d0427fe617c729ba9,success,2021-08-30,2025-12-02,1550,1551,
flip,Chainflip,0x826180541412d574cf1336d22c0c0a287822678a,success,2023-11-23,2025-12-02,741,742,
chain,Chain Games,0xc4c2614e694cf534d407ee49f8e44d125e4681c4,success,2020-08-27,2025-12-02,1924,1925,
xchng,Chainge,0xb712d62fe84258292d1961b5150a19bc4ab49026,success,2021-06-22,2025-12-02,1613,1614,
cgpt,ChainGPT,0x25931894a86d47441213199621f1f2994e1c39aa,success,2023-04-10,2025-12-02,968,969,
cgg,Chain Guardians,0x1fe24f25b1cf609b9c4e7e12d802e3640dfa5e43,success,2021-03-11,2025-12-02,1728,1729,
link,Chainlink,0x514910771af9ca656af840dff83e8264ecf986ca,success,2017-11-09,2025-12-02,2946,2947,
cnet,ChainNet,0x616bbb932602a9c9871e99806bdb63c9e6da9f8b,success,2024-09-30,2025-12-02,355,355,
cpal,Chainpal,0x78965b1c638a7ff408d1697a96d7b8e47bb7c75f,success,2024-09-25,2025-11-28,430,431,
portx,ChainPort,0x104f3152d8ebfc3f679392977356962ff36566ac,success,2022-09-20,2025-12-02,1170,1171,
mira,Chains of War,0xf5207ac91c9e7ec7ebb03e93cbcbcad10878ac79,success,2023-02-16,2025-11-23,976,977,
cswap,ChainSwap,0xae41b275aaaf484b541a5881a2dded9515184cca,success,2024-03-11,2025-12-02,632,633,
champz,Champignons of Arborethia,0xe07a836f5201a46f376934a8a4a17185df1708c4,success,2023-07-31,2025-12-02,828,829,
now,ChangeNOW,0xe9a95d175a5f4c9369f3b74222402eb1b837693b,success,2019-05-01,2025-12-02,2357,2358,
cng,Changer,0x5c1d9aa868a30795f92fae903edc9eff269044bf,success,2021-12-20,2025-12-02,1427,1428,
change,Changex,0x7051faed0775f664a0286af4f75ef5ed74e02754,success,2022-07-20,2025-12-02,1215,1216,
ionx,Charged Particles,0x02d3a27ac3f55d5d91fb0f52759842696a864217,success,2021-05-31,2025-12-02,1647,1648,
charlie,Charlie,0x6a76a004f3bda1447b7d8bbea8355866420b8cb5,success,2025-05-28,2025-11-29,178,179,
remilia,Charlotte Fang,0x206a5ec55c531574130691cf9ada0fd711d5f710,success,2024-10-19,2025-11-26,285,286,
cai,Chasm,0x19247618d79e3fc4d4866169789e4b8eedef52e6,success,2024-10-25,2025-12-02,404,405,
cdt,CheckDot,0xcdb37a4fbc2da5b78aa4e41a432792f9533e85cc,success,2021-11-15,2025-12-02,1479,1480,
check,Checkmate,0x9126236476efba9ad8ab77855c60eb5bf37586eb,success,2025-11-13,2025-12-02,20,478,
checks,Checks Token,0x049e9f5369358786a1ce6483d668d062cfe547ec,success,2023-05-17,2025-11-23,627,628,
chkstr,CheckStrategy,0x2090dc81f42f6ddd8deace0d3c3339017417b0dc,success,2025-10-08,2025-12-02,56,1264,
chdd,CHEDDA,0xa110260a67fbbb6226f563844eeaf29e8c018bb7,success,2025-03-28,2025-12-02,219,220,
cheems,Cheems CTO,0x41b1f9dcd5923c9542b6957b9b72169595acbc5c,success,2024-09-27,2025-12-01,426,427,
cheeseball,Cheeseball the Wizard,0x103143acf2e717acf8f021823e86a1dbfe944fb5,success,2024-10-10,2025-11-21,344,345,
cheesed,Cheesed,0xa247c6d23c8c7d223420700d16d189cff9357f38,success,2024-06-24,2025-11-22,356,357,
cheq,CHEQD Network,0x70edf1c215d0ce69e7f16fd4e6276ba0d99d4de7,success,2021-11-26,2025-12-02,1468,1469,
cher,Cherry Network,0xa20f77b7ad5a88badc48800c56507b7274c06fdc,success,2021-12-26,2025-12-02,1438,1439,
cvxon,Chevron (Ondo Tokenized Stock),0x8f3e41b378ae010c46d255f36bfc1d303b52dceb,success,2025-09-02,2025-11-28,77,78,
cvxx,Chevron xStock,0xad5cdc3340904285b8159089974a99a1a09eb4c0,success,2025-11-19,2025-12-02,12,225,
chex,Chintai,0x9ce84f6a69986a83d92c324df10bc8e64771030f,success,2020-01-09,2025-12-02,2155,2156,
chib,Chiba Wan,0xa5c45d48d36607741e90c0cca29545a46f5ee121,success,2024-10-21,2025-12-01,405,406,
clt,ChicagoCoin,0xae1e1b4d8f590371b77bee27257ef038d4b835a1,success,2025-08-12,2025-12-02,113,114,
chkn,Chickencoin,0xd55210bb6898c021a19de1f58d27b71f095921ee,success,2024-04-02,2025-12-02,610,611,
chickenus,Chickenus Maximus,0xd2b69d3518c3820e97ea910a4a22d699a6c39272,success,2025-04-10,2025-11-23,162,163,
cto,Chief Troll Officer,0x45e412e1878080815d6d51d47b83d17869433459,success,2024-01-15,2025-12-02,465,465,
cto,Chief Troll Officer,0x40c3b81fb887016c0ad02436309c2b265d069a05,success,2024-01-22,2025-12-01,502,503,
cto,Chief Troll Officer,0xa426660830ed887a25c1c6158ca348038e1a37cb,success,2024-10-18,2025-11-17,232,233,
o,Childhoods End,0xb53ecf1345cabee6ea1a65100ebb153cebcac40f,success,2022-05-25,2025-12-02,1288,1289,
chi,Chili Coin,0x83e8fb8d8176224fcc828edc73e152ec1818a2da,success,2025-07-12,2025-11-30,68,69,
chz,Chiliz,0x3506424f91fd33084466f402d5d97f05f8e3b4af,success,2019-07-02,2025-12-02,2346,2347,
wchi,XAYA,0x6dc02164d75651758ac74435806093e421b64605,success,2018-11-08,2025-12-02,2582,2583,
chmpstr,ChimpStrategy,0x3ca20831ebea5c99aa6e574d83f0a7c733f7e4d0,success,2025-10-18,2025-12-02,46,1094,
andwu,Chinese Andy,0x2e2e7a1f05946ecb2b43b99e3fc2984fa7d7e3bc,success,2024-07-10,2025-12-02,511,512,
cmgon,Chipotle (Ondo Tokenized Stock),0x25018520138bbab60684ad7983d4432e8b8e926b,success,2025-09-02,2025-12-02,82,83,
chi,Chi Protocol,0x3b21418081528845a6df4e970bd2185545b712ba,success,2024-04-22,2025-11-07,471,472,
chrp,Chirpley,0x70bc0dc6414eb8974bc70685f798838a87d8cce4,success,2022-09-11,2025-12-02,1179,1180,
chisai,Chis AI,0xe266fa5a0daf2d4b5a5da1bab57aff26e4406efa,success,2025-10-18,2025-10-27,8,149,
cho,Choise.ai,0xbba39fd2935d5769116ce38d46a71bde9cf03099,success,2022-06-09,2025-12-02,1273,1274,
choppy,Choppy,0xf938346d7117534222b48d09325a6b8162b3a9e7,success,2024-03-06,2025-11-24,470,471,
chow,CHOW CHOW,0x3e362038fd3d08887d498944d489af7909619a9b,success,2024-01-24,2025-12-02,620,621,
crmc,Chrema Coin,0x9ac4ee539403e3f101b9ae3620926f2ded0d0b99,success,2025-07-02,2025-12-02,154,155,
chr,Chromia,0x8a2279d4a90b6fe1c4b30fa660cc9f926797baa2,success,2019-05-29,2025-12-02,2380,2381,
xnl,Chronicle,0x06a00715e6f92210af9d7680b584931faf71a833,success,2021-09-17,2025-11-28,1407,1408,
time,chrono.tech,0x485d17a6f1b8780392d53d64751824253011a260,success,2017-02-27,2025-12-02,3200,3201,
chuck,Chuck,0x420698ebc9b7c225731c02d887d0729057339d39,success,2024-04-04,2025-11-17,374,375,
chud,Chudjak,0xdb4e144234b65eb147acf1694cbdccf3381af438,success,2025-06-03,2025-12-02,130,131,
machina,Church of the Machina,0x5d56b6581d2e7e7574adce2dc593f499a53d7505,success,2024-01-22,2025-11-18,552,553,
chwy,CHWY,0xce176825afc335d9759cb4e323ee8b31891de747,success,2024-07-02,2025-11-26,424,425,
cia,CIA,0x52f4d5ee6c91e01be67ca1f64b11ed0ee370817d,success,2021-12-14,2025-11-26,1150,1151,
cig,Cigarette,0xcb56b52316041a62b6b5d0583dce4a8ae7a3c629,success,2021-12-31,2025-11-29,1113,1114,
cnd,Cindicator,0xd4c435f5b09f855c3317c8524cb1f586e42795fa,success,2017-12-04,2025-12-02,2907,2908,
$cino,Cinogames,0x9b0b23b35ad8136e6181f22b346134ce5f426090,success,1970-01-01,1970-01-01,1,1,
cipher,Cipher Protocol,0xf453579d18a6f8ca07db9250e0e0100eb8ccb206,success,2025-01-09,2025-11-24,139,140,
crclon,Circle Internet Group (Ondo Tokenized Stock),0x3632dea96a953c11dac2f00b4a05a32cd1063fae,success,2025-09-02,2025-12-02,92,93,
crclx,Circle xStock,0xfebded1b0986a8ee107f5ab1a1c5a813491deceb,success,2025-06-30,2025-12-02,156,157,
cirus,Cirus,0xa01199c61841fce3b3dafb83fefc1899715c8756,success,2021-08-18,2025-12-02,1517,1518,
cscoon,Cisco Systems (Ondo Tokenized Stock),0x980a1001ee94e54142b231f44c7ca7c9df71fbe1,success,2025-09-02,2025-12-02,92,93,
cscox,Cisco xStock,0x053c784cd87b74f42e0c089f98643e79c1a3ff16,success,2025-07-29,2025-12-02,127,128,
knight,CitaDAO,0x3541a5c1b04adaba0b83f161747815cd7b1516bc,success,2022-01-21,2025-11-22,1067,1068,
toons,City Boys,0x792833b894775bd769b3c602ba7172e59a83ab3f,success,2023-10-29,2025-12-02,487,487,
0ne,Civfund Stone,0x73a83269b9bbafc427e76be0a2c1a1db2a26f4c2,success,2022-04-27,2025-12-02,1277,1278,
cvc,Civic,0x41e5560054824ea6b0732e656e3ad64e20e94e45,success,2017-07-30,2025-12-02,3048,3049,
civ,Civilization,0x37fe0f067fa808ffbdd12891c0858532cfe7361d,success,2021-08-11,2025-12-02,1524,1524,
clanker,Clanker,0xec2a4820026e737e039f545cb070be338cb23df2,success,2025-09-05,2025-12-02,66,1213,
clbtc,clBTC,0xe7ae30c03395d66f30a26c49c91edae151747911,success,2025-02-02,2025-12-02,301,302,
clskx,CleanSpark xStock,0xd0194f0f077968da8ca59811e9407f54ae6c9432,success,1970-01-01,1970-01-01,1,1,
cpool,Clearpool,0x66761fa41377003622aee3c7675fc7b5c1c2fac5,success,2021-10-28,2025-12-02,1497,1498,
clev,CLever,0x72953a5c32413614d24c29c84a66ae4b59581bbf,success,2022-10-13,2025-12-02,1136,1137,
cloak,Cloak Network,0xde496a902836601e86e79d5b10e713c95580640b,success,2025-05-22,2025-12-02,195,196,
clx,CloneX AI,0xd8a2f109bec88d9c9df6f4958c3301bd9d1929fd,success,2025-01-09,2025-12-02,263,263,
closedai,ClosedAI,0x50b0696468f42cab1ddc76413a1312aff3cabdf6,success,2024-03-17,2025-12-02,536,537,
ccs,CloutContracts,0x1da4858ad385cc377165a298cc2ce3fce0c5fd31,success,2021-10-18,2025-12-02,1497,1498,
clv,Clover Finance,0x80c62fe4487e1351b47ba49809ebd60ed085bf52,success,2021-07-17,2025-12-02,1600,1601,
honk,Clown Pepe,0x5efcea234f7547de4569aad1215fa5d2adaced38,success,2023-04-20,2025-12-02,928,929,
mpwr,Empower,0x6731827cb6879a2091ce3ab3423f7bf20539b579,success,2022-11-01,2025-11-30,905,906,
cmx,CMX Agent,0x30cbdfdaab4bc15e26caf11e1a4703323d77cd3e,success,2025-05-17,2025-11-25,171,172,
cnht,CNH Tether,0x6e109e9dd7fa1a58bc3eff667e8e41fc3cc07aef,success,2018-08-29,2025-12-02,1865,1866,
cnns,CNNS,0x6c3be406174349cfa4501654313d97e6a31072e1,success,2019-05-14,2025-12-02,2391,2392,
cbk,Cobak,0xd85a6ae55a7f33b0ee113c234d2ee308edeaf7fd,success,2020-12-23,2025-12-02,1806,1807,
koon,Coca-Cola (Ondo Tokenized Stock),0x74a03d741226f738098c35da8188e57aca50d146,success,2025-09-02,2025-12-02,91,92,
kox,Coca-Cola xStock,0xdcc1a2699441079da889b1f49e12b69cc791129b,success,2025-07-31,2025-12-02,125,126,
coc,The Cocktailbar,0x22b6c31c2beb8f2d0d5373146eed41ab9ede3caf,success,2020-11-16,2025-12-02,1727,1728,
cocoro,Cocoro,0xa93d86af16fe83f064e3c0e2f3d129f7b7b002b0,success,2025-03-13,2025-12-02,262,263,
code,Code Token,0x283344eea472f0fe04d6f722595a2fffefe1901a,success,2024-08-03,2025-11-22,441,442,
cgv,Cogito Finance,0xaef420fd77477d9dc8b46d704d44dd09d6c27866,success,2023-06-13,2025-12-02,904,905,
c98,Coin98,0xae12c5930881c53715b369cec7606b70d8eb229f,success,2021-07-23,2025-12-02,1594,1595,
cusd,Coin98 Dollar,0xc285b7e09a4584d027e5bc36571785b515898246,success,2022-09-19,2025-12-02,1155,1156,
coinon,Coinbase (Ondo Tokenized Stock),0xf042cfa86cf1d598a75bdb55c3507a1f39f9493b,success,2025-09-02,2025-12-02,92,93,
coinx,Coinbase xStock,0x364f210f430ec2448fc68a49203040f6124096f0,success,2025-06-30,2025-12-02,156,157,
caps,Ternoa,0x03be5c903c727ee2c8c4e9bc0acc860cca4715e2,success,2021-05-31,2025-12-02,1647,1648,
crea,CoinCreate,0x28ae7b2ebd6f10f4393f410f6b7896380a949d62,success,2024-10-20,2025-12-02,409,410,
coindepo,COINDEPO,0xb40725714fe8c547c5b0c1472cba3554efa81718,success,2025-09-30,2025-12-02,64,1520,
dfx,CoinDesk DeFi Select Index,0x188d12eb13a5eadd0867074ce8354b1ad6f4790b,success,2025-02-27,2025-12-02,242,243,
cet,CoinEx,0x081f67afa0ccf8c7b17540767bbe95df2ba8d97f,success,2018-07-04,2025-12-02,2702,2703,
clt,CoinLoan,0x2001f2a0cf801ecfda622f6c28fb6e10d803d969,success,2018-08-01,2025-12-02,2434,2435,
xcm,Coinmetro,0x36ac219f90f5a6a3c77f2a7b660e3cc701f68e25,success,2019-04-24,2025-12-02,2388,2389,
csusdc,Coinshift USDC,0x7204b7dbf9412567835633b6f00c3edc3a8d6330,success,2025-04-11,2025-12-02,236,237,
csusdl,Coinshift USDL Morpho Vault,0xbeefc011e94f43b8b7b455ebab290c7ab4e216f1,success,2025-04-03,2025-12-02,244,245,
cwt,CoinW,0x901ea3606d567f9f1e964639d5cbb8659080be8a,success,2023-09-29,2025-12-02,796,797,
cnw,CoinWealth,0x433fce7dfbec729a79999eaf056cb073b2153eba,success,2022-04-08,2025-11-24,1074,1075,
cweb,Coinweb,0x505b5eda5e25a67e1c24a2bf1a527ed9eb88bf04,success,2021-12-30,2025-12-02,1434,1435,
cow,CoinWind,0x34965f73cfa05bf8d8af37cb4af64fa950605ea8,success,2021-05-25,2025-11-30,1544,1545,
cls,Coldstack,0x675bbc7514013e2073db7a919f6e4cbef576de37,success,2021-05-15,2025-12-02,1663,1664,
zeum,Colizeum,0x436da116249044e8b4464f0cf21dd93311d88190,success,2022-05-04,2025-12-02,1309,1310,
colle,Colle AI,0xc36983d3d9d379ddfb306dfb919099cb6730e355,success,2024-04-18,2025-12-02,594,595,
ags,Collector Coin,0x667fd83e24ca1d935d36717d305d54fa0cac991c,success,2021-07-07,2025-12-02,1507,1508,
wcop,Colombian Peso,0x8a1d45e102e886510e891d2ec656a708991e2d76,success,2025-11-29,2025-12-02,4,50,
colon,Colon,0xd09eb9099fac55edcbf4965e0a866779ca365a0c,success,2024-08-16,2025-12-02,467,467,
cmcsax,Comcast xStock,0xbc7170a1280be28513b4e940c681537eb25e39f4,success,2025-07-29,2025-12-02,127,128,
comai,Commune AI,0xc78b628b060258300218740b1a7a5b3c82b3bd9f,success,2024-02-05,2025-12-02,660,661,
cbt,Community Business Token,0xfa93660c3f6a848556bb8e265f994160a1f2b289,success,2021-04-07,2025-12-02,1607,1608,
.com,.com (Ordinals),0xff9c1f21c621696c4f91cf781ec31bd913ee2c26,success,2023-12-17,2025-12-02,688,689,
cngn,Compliant Naira,0x17cdb2a01e7a34cbb3dd4b83260b05d0274c8dab,success,2025-09-14,2025-12-02,78,1542,
czrx,c0x,0xb3319f5d18bc0d84dd1b4825dcde5d5f7266d407,success,2020-03-05,2025-12-02,2096,2097,
cbat,cBAT,0x6c8c6b02e7b2be14d4fa6022dfd6d75921d90e4e,success,2020-03-05,2025-12-02,1988,1989,
clink,cLINK,0xface851a4921ce59e912d19329929ce6da6eb0c7,success,2022-02-25,2025-12-02,1377,1378,
ceth,cETH,0x4ddc2d193948926d02f9b1fe9e1daa0718270ed5,success,2020-03-05,2025-12-02,2099,2100,
comp,Compound,0xc00e94cb662c3520282e6f5717214004a7f26888,success,2020-06-16,2025-12-02,1996,1997,
cusdo,Compounding OpenDollar,0xad55aebc9b8c03fc43cd9f62260391c13c23e7c0,success,2025-01-18,2025-12-02,291,292,
cmkr,cMKR,0x95b4ef2869ebd94beb4eee400a99824bf5dc325b,success,2022-02-25,2025-12-02,1377,1378,
csushi,cSUSHI,0x4b0181102a0112a2ef11abee5563bb4a3176c9d7,success,2022-02-25,2025-12-02,1377,1378,
cuni,cUNI,0x35a18000230da775cac24873d00ff85bccded550,success,2020-10-27,2025-12-02,1863,1864,
cusdc,Compound USDC,0x39aa39c021dfbae8fac545936693ac917d5e7563,success,2019-09-04,2025-12-02,2282,2283,
cwbtc,cWBTC,0xccf4429db6322d5c611ee964527d42e5d685dd6a,success,2020-03-17,2025-12-02,2087,2088,
cyfi,cYFI,0x80a2ae356fc9ef4305676f7a3e2ed04e12c33946,success,2021-08-05,2025-12-02,1514,1515,
yvcomp,COMP yVault,0x4a3fe75762017db0ed73a71c9a06db7768db5e66,success,2023-01-20,2023-01-21,2,3,
conan,Conan,0x85d19fb57ca7da715695fcf347ca2169144523a7,success,2024-02-29,2025-12-02,643,644,
cvp,PowerPool Concentrated Voting Power,0x38e4adb44ef08f22f5b5b76a8f0c2d0dcbe7dca1,success,2020-08-28,2025-12-02,1923,1924,
ctr,Concentrator,0xb3ad645db386d7f6d753b2b9c3f4b853da6890b8,success,2022-10-31,2025-12-01,1041,1042,
ava,AVA (Travala),0xa6c0c097741d55ecd9a3a7def3a8253fd022ceb9,success,2018-05-31,2025-12-02,2743,2744,
clone,Confidential Layer,0xc9faeba86e8567477783b8432945f131d84e3fda,success,1970-01-01,1970-01-01,1,1,
cnc,Conic,0x9ae380f0272e2162340a5bb646c354271c0f5cfc,success,2022-08-25,2025-11-23,1048,1049,
cnct,Connect,0x516d339afa72f6959b8e06a31fbc32da3e49348b,success,2024-08-28,2025-12-02,459,460,
cnfi,Connect Financial,0xeabb8996ea1662cad2f7fb715127852cd3262ae9,success,2021-01-07,2025-12-01,1743,1744,
wct,WalletConnect Token,0xef4461891dfb3ac8572ccf7c794664a8dd927945,success,2025-04-15,2025-12-02,232,233,
xrpl,Constellation Staked RPL,0x1db1afd9552eeb28e2e36597082440598b7f1320,success,1970-01-01,1970-01-01,1,1,
people,ConstitutionDAO,0x7a58c0be72be218b41c608b7fe7c5bb630736c71,success,2021-11-19,2025-12-02,1475,1476,
ctb,Content Bitcoin,0x435f6a29b100123ae46a3e8bf0541ab402949243,success,2025-01-03,2025-12-02,334,335,
cxlyr,Context Layer,0xf2bd00b366a378156863eaa699dc707aa2cdaf25,success,2025-06-28,2025-11-03,74,75,
um,Continuum World,0xb19dd661f076998e3b0456935092a233e12c2280,success,2021-10-05,2025-12-02,1428,1428,
ctcn,Contracoin,0xfd6c31bb6f05fc8db64f4b740ab758605c271fd8,success,2020-03-11,2025-11-14,1700,1701,
conv,Convergence,0xc834fa996fa3bec7aad3693af486ae53d8aa8b50,success,2021-03-25,2025-12-02,1714,1715,
cjpy,Convertible JPY Token,0x1cfa5641c01406ab8ac350ded7d735ec41298372,success,2023-08-22,2025-12-02,753,754,
cvxcrv,Convex CRV,0x62b9c7356a2dc64a1969e19c23e4f579f9810aa7,success,2021-05-24,2025-12-02,1654,1655,
cvx,Convex Finance,0x4e3fbd56cd56c3e72c1403e103b45db9da5b9d2b,success,2021-05-17,2025-12-02,1661,1662,
cvxfxn,Convex FXN,0x183395dbd0b5e93323a7286d1973150697fffcb3,success,2023-11-15,2025-12-02,748,749,
cvxfxs,Convex FXS,0xfeef77d3f69374f66429c91d732a244f074bdf74,success,2023-02-12,2025-12-02,1025,1026,
cvxprisma,Convex Prisma,0x34635280737b5bfe6c7dc2fc3065d60d66e78185,success,2023-11-15,2025-11-08,679,680,
conwai,Conwai,0x2b117f0a9a56dddaaf0257b476bfc39ca7e6fda1,success,2024-11-28,2025-11-24,207,208,
cook,Cook,0xff75ced57419bcaebe5f05254983b013b0646ef5,success,2021-03-31,2025-12-02,1708,1709,
cookie,Cookie DAO,0xc0041ef357b183448b235a8ea73ce4e4ec8c265f,success,2024-06-13,2025-12-02,538,539,
cp,Cookies Protocol,0x5bdc32663ec75e85ff4abc2cae7ae8b606a2cfca,success,2022-12-09,2025-12-02,940,941,
cope,Cope Coin,0xd8e163967fed76806df0097b704ba721b9b37656,success,2023-04-21,2025-11-26,916,917,
cmcx,CORE MultiChain,0x5b685863494c33f344081f75e5430c260c224a32,success,2021-10-20,2025-11-26,1460,1461,
coredao,coreDAO,0xf66cd2f8755a21d3c8683a10269f795c0532dd58,success,2022-02-19,2025-12-02,1337,1338,
core,Coremind,0x95665780ef4fafe7822f6915a17b6d1b2d3e93d0,success,2025-09-05,2025-11-27,71,1365,
corzx,Core Scientific xStock,0x51ed5b74a05f256dbd9ebb4e4f68bb41ba10160b,success,1970-01-01,1970-01-01,1,1,
corgiai,CorgiAI,0x6b431b8a964bfcf28191b07c91189ff4403957d0,success,2023-07-11,2025-12-02,876,877,
corx,CorionX,0x26a604dffe3ddab3bee816097f81d3c4a2a4cf97,success,2020-11-16,2025-12-02,1836,1837,
corn,Corn,0x44f49ff0da2498bcb1d3dc7c0f999578f67fd8c6,success,2025-03-28,2025-12-02,250,251,
corn,Cornbit,0x6133dca8149c0eb57328cf8fa4f212f0241ffbb1,success,2025-05-31,2025-12-02,166,167,
copi,Cornucopias,0x42baf1f659d765c65ade5bb7e08eb2c680360d9d,success,2021-12-10,2025-12-02,1454,1455,
oooi,Corridor Finance,0xd7b675cd5c84a13d1d0f84509345530f6421b57c,success,1970-01-01,1970-01-01,1,1,
cor,Cortensor,0x8e0eef788350f40255d86dfe8d91ec0ad3a4547f,success,2024-10-02,2025-12-02,427,428,
cx,Cortex,0x000000000000012def132e61759048be5b5c6033,success,2025-02-12,2025-12-01,286,287,
coshi,CoShi Inu,0x668c50b1c7f46effbe3f242687071d7908aab00a,success,2021-05-04,2025-12-02,1460,1461,
cot,Cosplay Token,0x5cac718a3ae330d361e39244bf9e67ab17514ce8,success,2022-01-20,2025-12-02,1413,1414,
coston,Costco (Ondo Tokenized Stock),0x0c8276e4fec072cf7854be69c70f7773d1610857,success,2025-09-02,2025-12-02,85,86,
costx,Costco xStock,0x4720b5e6421e6879132aed52040d56bb6e5cfeef,success,1970-01-01,1970-01-01,1,1,
coti,COTI,0xddb3422497e61e13543bea06989c0789117555c5,success,2019-06-05,2025-12-02,2373,2374,
gcoti,COTI Governance Token,0xaf2ca40d3fc4459436d11b94d21fa4b8a89fb51d,success,2023-11-13,2025-12-02,749,750,
cot,CoTrader,0x5c872500c00565505f3624ab435c222e558e9ff8,success,2019-02-01,2025-12-02,2397,2398,
cxt,Covalent X Token,0x7abc8a5768e6be61a6c693a6e4eacb5b60602c4d,success,2024-07-13,2025-12-02,508,509,
cove,Cove DAO,0x32fb7d6e0cbeb9433772689aa4647828cc7cbba8,success,1970-01-01,1970-01-01,1,1,
coveusd,Cove USD,0xeea3edc017877c603e2f332fc1828a46432cdf96,success,1970-01-01,1970-01-01,1,1,
cow,CoW Protocol,0xdef1ca1fb7fbcdc777520aa7f396b4e015f497ab,success,2022-03-28,2025-12-02,1346,1347,
cpu,CPUcoin,0x6d52dfefb16bb9cdc78bfca09061e44574886626,success,2019-09-18,2025-12-01,2041,2042,
crab,CRABBY,0x6096b8765eb48cd2193f840a977f3727e7800356,success,2024-07-03,2025-11-29,408,409,
cradle,Cradle Games,0x4308135e3d92eeea3235085a1dd36b7293336938,success,2025-01-30,2025-12-02,307,308,
crf,Crafting Finance,0x508df5aa4746be37b5b6a69684dfd8bdc322219d,success,2021-12-17,2025-12-02,1447,1448,
$cramer,Cramer Coin,0x64df3aab3b21cc275bb76c4a581cf8b726478ee0,success,2022-09-26,2025-12-02,1127,1128,
crts,Cratos,0x678e840c640f619e17848045d23072844224dd37,success,2021-07-26,2025-12-02,1591,1592,
crazy,Crazy Frog Coin,0xad5fdc8c3c18d50315331fca7f66efe5033f6c4c,success,2023-12-06,2025-12-02,702,703,
cream,Cream,0x2ba592f78db6436527729929aaf6c908497cb200,success,2020-08-05,2025-12-02,1946,1947,
cre8,Creaticles,0xc36b4311b21fc0c2ead46f1ea6ce97c9c4d98d3d,success,2021-12-03,2025-12-02,1422,1423,
cret,CREAT'OR,0x6d0bb9b6ce385e28ea4ebb7d76dcb3a1aaf7bc4b,success,1970-01-01,1970-01-01,1,1,
ctr,Creator Platform,0x923b83c26b3809d960ff80332ed00aa46d7ed375,success,2021-09-08,2025-11-09,1510,1511,
credi,Credefi,0xae6e307c3fe9e922e5674dbd7f830ed49c014c6b,success,2021-12-09,2025-12-02,1455,1456,
ctc,Creditcoin,0xa3ee21c306a700e682abcdfe9baa6a08f3820419,success,2020-02-06,2025-12-02,2127,2128,
creo,Creo Engine,0xe636f94a71ec52cc61ef21787ae351ad832347b7,success,2022-05-05,2025-12-02,1308,1309,
croc,CrocBot,0xcaa79bf8b1d00bf3d4f6dbec6221955871c04618,success,2023-08-23,2025-12-02,499,499,
crome,Crome,0xceaebf7cc8b675f1a558dd2f6521b93a7237e6b3,success,2025-08-22,2025-11-07,67,68,
zkcro,Cronos zkEVM CRO,0x28ff2e4dd1b58efeb0fc138602a28d5ae81e44e2,success,2024-08-28,2025-12-02,461,462,
cbx,CropBytes,0x37fc4b48ce93469dbea9918468993c735049642a,success,2021-11-05,2025-11-15,1425,1426,
cros,Cros,0x5a59dd979754b09ea686ce93c98d4ce8bdcb43f2,success,2024-10-23,2025-12-02,399,400,
bridge,Cross-Chain Bridge,0x92868a5255c628da08f550a858a802f5351c5223,success,2021-11-12,2025-11-09,1213,1214,
ciotx,Crosschain IOTX,0x9f90b457dea25ef802e38d470dda7343691d8fe1,success,2021-09-14,2025-12-02,1540,1541,
cswap,CrossSwap,0xe0b0c16038845bed3fcf70304d3e167df81ce225,success,2021-08-27,2025-12-02,1225,1226,
cta,Cross The Ages,0x90685e300a4c4532efcefe91202dfe1dfd572f47,success,2024-05-15,2025-12-02,567,568,
crotch,CROTCH,0xaa407cae90e31b94fb384dbc6f79325ca0324048,success,2025-08-07,2025-12-01,113,114,
crwdx,CrowdStrike xStock,0x214151022c2a5e380ab80cdac31f23ae554a7345,success,2025-07-31,2025-12-02,125,126,
crown,Crown Token,0xf3bb9f16677f2b86efd1dfca1c141a99783fde58,success,2023-05-08,2025-12-02,940,941,
cru,Crust Network,0x32a7c02e79c4ea1008dd6564b35f131428673c41,success,2020-09-21,2025-12-02,1899,1900,
csm,Crust Shadow,0x2620638eda99f9e7e902ea24a285456ee9438861,success,2021-06-03,2025-11-26,1632,1633,
crvusd,crvUSD,0xf939e0a03fb07f59a73314e73794be0e57ac1b4e,success,2023-05-24,2025-12-02,924,925,
cryn,CRYN,0xc31cebf8f9e825d1d1244d73d0a65e44bd5210db,success,2022-03-27,2025-12-02,1347,1348,
cryo,CryoDAO,0xf4308b0263723b121056938c2172868e408079d0,success,2024-02-13,2025-12-02,652,653,
cryorat,CRYORAT,0x4cd1b2874e020c5bf08c4be18ab69ca86ec25fef,success,2024-12-07,2025-12-02,337,338,
talk,CrypTalk,0x0aff507ac29b8cea2fb10d2ad14408c2d79a35ad,success,2025-03-25,2025-12-02,253,254,
ctax,Cryptax AI,0x498a2e9aaf2309e279b5fcda420cc3ccf16341e4,success,2025-01-11,2025-11-28,134,135,
crpt,Crypterium,0x08389495d7456e1951ddf7c3a1314a4bfb646d8b,success,2017-12-28,2025-12-02,2852,2852,
ctx,Cryptex Finance,0x321c2fe4446c7c963dc41dd58879af648838f98d,success,2021-04-22,2025-12-02,1686,1687,
crai,Cryptify AI,0xddbcdd8637d5cedd15eeee398108fca05a71b32b,success,2024-10-01,2025-12-02,428,429,
cryptiq,Cryptiq browser,0xda5fab7affc6dffd24d60e23153d241a3d9f9603,success,2024-01-06,2025-11-29,471,472,
cai,CryptoAI,0xf36c5f04127f7470834ed6f98bddc1be62aba48d,success,2023-02-01,2025-11-30,893,894,
caga,Crypto Asset Governance Alliance,0xbddc20ed7978b7d59ef190962f441cd18c14e19f,success,2023-11-10,2025-12-02,754,755,
autos,CryptoAutos,0xf477ac7719e2e659001455cdda0cc8f3ad10b604,success,2024-12-11,2025-12-02,357,358,
bros,Crypto Bros,0x9dcd367e2afa8d6e5d6cf0306094e3eb7bbaaf4d,success,2023-05-15,2025-12-02,481,481,
burger,Crypto Burger,0x0c2e08e459fc43ddd1e2718c122f566473f59665,success,2024-09-19,2025-12-02,418,419,
ccv2,CryptoCart V2,0x612e1726435fe38dd49a0b35b4065b56f49c8f11,success,2021-05-04,2025-12-02,1598,1599,
cro,Cronos,0xa0b73e1ff0b80914ab6fe0444e65848c4c34450b,success,2019-01-02,2025-12-02,2527,2528,
crypto,Cryptocurrency Coin,0x78d11e37e890af4589fc9d0f6f884fd165c5aa0a,success,2025-05-16,2025-12-02,201,202,
czar,Crypto Czar,0xc539f8e194569b3db935d70fa2e7cadd7dad7f35,success,2024-11-23,2025-11-28,292,293,
cdm,CryptoDM,0x65b2c0e15ca0b6217e7f7669a205d627a36f6e5a,success,2025-05-16,2025-12-02,73,74,
cof,Cryptoforce,0x230f5ed78a45452f726365b8ad1d6866f5faa68f,success,2023-11-11,2025-12-02,720,720,
cgu,Crypto Global United,0x849a226f327b89e3133d9930d927f9eb9346f8c9,success,2021-11-23,2025-12-01,1315,1316,
crgpt,CryptoGPT,0x50739bd5b6aff093ba2371365727c48a420a060d,success,2024-04-01,2025-12-02,526,526,
lai,LayerAI,0x168e209d7b2f58f1f24b8ae7b7d35e662bbf11cc,success,2023-03-10,2025-12-02,999,1000,
sdg,Crypto SDG,0x0f5def84ced3e9e295dae28df96d0b846de92c1a,success,2023-04-14,2025-12-02,964,965,
cst,Crypto Sustainable Token,0x3c41c80b966b92d345dc8fc91e5508bc7248da6e,success,2025-10-02,2025-12-02,62,1477,
ctf,Crypto Task Force,0x525536d71848f21b66da0d239546c50ee4c1a358,success,2025-01-30,2025-12-01,262,263,
ct,CryptoTwitter,0x6f2dec5da475333b0af4a3ffc9a33b0211a9a452,success,2023-05-11,2025-11-23,656,657,
csi,CSI888,0x888c1a341ce9d9ae9c2d2a75a72a7f0d2551a2dc,success,2024-10-05,2025-12-02,424,425,
sigma,cSigma Finance,0x53162ec0adae49f21515bb8ca91534dd3872c8db,success,2025-09-08,2025-12-02,86,1779,
nebo,Kinetic Kollective,0x7f0c8b125040f707441cad9e5ed8a8408673b455,success,2020-12-21,2025-12-02,1443,1444,
csr,CSR,0x75ecb52e403c617679fbd3e77a50f9d10a842387,success,2022-05-17,2025-12-02,1296,1297,
ctoc,CTOC,0xe6423de1f06e3f0af27d3ca776e9446ecbdc354b,success,2025-07-22,2025-12-02,134,135,
harambe,CTO Harambe,0x244f09d92971d03a779aa66d310579a6517ab9a4,success,2024-10-13,2025-12-02,358,358,
ctrl,Ctrl,0xe50e009ddb1a4d8ec668eac9d8b2df1f96348707,success,2024-10-21,2025-11-20,332,333,
cuck,Cuckadoodledoo,0xbb63e6be33bc5b5386d7ab0529dc6c400f2ac2ec,success,2023-09-07,2025-12-02,521,522,
cudos,Cudos,0x817bbdbc3e8a1204f3691d14bb44992841e3db35,success,2021-01-13,2025-12-02,1785,1786,
culo,Culo (ETH),0xb646c4fe0090bf6fdba226d3ccd8f775b30fdbb5,success,2024-11-22,2025-11-20,274,275,
cult,Cult DAO,0xf0f9d895aca5c8678f706fb8216fa22957685a13,success,2022-02-03,2025-12-02,1398,1399,
cultel,Cultel,0x0000003ceede5c40e5187784d3e8dd5b43dc85f6,success,2024-12-09,2025-11-07,114,115,
$cultur,CULTUR,0x6cb25129314123bcd5adcdc844ceaeead65a0896,success,2024-11-22,2025-11-15,293,294,
cuminu,Cuminu,0xd6327ce1fb9d6020e8c2c0e124a1ec23dcab7536,success,2021-05-26,2025-12-02,1509,1509,
cgt,Curio Gas Token,0x0e186357c323c806c1efdad36d217f7a54b63d18,success,2024-04-30,2025-12-02,548,549,
crv,Curve DAO,0xd533a949740bb3306d119cc777fa900ba034cd52,success,2020-08-14,2025-12-02,1937,1938,
crvfrax,Curve.fi FRAX/USDC,0x3175df0976dfa876431c2e9ee6bc45b65d3473cc,success,2022-08-17,2025-12-02,1199,1200,
crvrenwsbtc,Curve.fi renBTC/wBTC/sBTC,0x075b1bb99792c9e1041ba13afef80c91a1e70fb3,success,2020-08-03,2025-12-02,1377,1378,
core,cVault.finance,0x62359ed7505efc61ff1d56fef82158ccaffa23d7,success,2020-09-29,2025-12-02,1870,1871,
cvpad,CV Pad,0x259b0f9494b3f02c652fa11417b94cb700f1f7d8,success,1970-01-01,1970-01-01,1,1,
gamer,cyb3rgam3r420,0xf89674f18309a2e97843c6e9b19c07c22caef6d5,success,2023-10-03,2025-12-02,757,757,
cyber,CYBER,0x14778860e937f509e651192a90589de711fb88a9,success,2023-08-15,2025-12-02,841,842,
cydx,CyberDEX,0xa0084063ea01d5f09e56ef3ff6232a9e18b0bacd,success,2024-07-24,2025-12-02,497,498,
cfi,CyberFi,0x63b4f3e3fa4e438698ce330e365e831f7ccd1ef4,success,2020-11-13,2025-12-02,1846,1847,
truck,Cybertruck,0xab5d6508e4726141d29c6074ab366afa03f4ec8d,success,2023-11-25,2025-12-02,622,623,
cvt,CyberVein,0xbe428c3867f05dea2a89fc76a102b544eac7f772,success,2018-04-20,2025-11-23,2717,2718,
cybonk,CYBONK,0x9194337c06405623c0f374e63fa1cc94e2788c58,success,2024-03-07,2025-11-28,572,573,
cybro,CYBRO,0xd58826d2c0babf1a60d8b508160b52e9c19aff07,success,2024-12-14,2025-12-02,354,355,
cyc,Cycle Network,0x5845684b49aef79a5c0f887f50401c247dca7ac6,success,2025-08-04,2025-12-02,121,122,
cyc,Cyclone Protocol,0x8861cff2366c1128fd699b68304ad99a0764ef9a,success,2021-02-24,2025-12-02,1742,1743,
cyclxv1,Cyclxv1,0x96ea5b86219ec88ec18ca732c81c0f942d1dbefb,success,2025-11-02,2025-12-02,21,273,
cypepe,CyPepe,0x80a88dc663fa256e34ecb5a47314702313b162a5,success,2024-06-04,2025-11-09,347,348,
cypher,Cypher AI,0xbcd75980d2e49655b2205fdbfebdebaef740fc23,success,2025-06-16,2025-11-25,74,75,
cypher,Cypher App,0xe4db4aa085d10585693c82fc588a4bb2c34def64,success,2025-06-16,2025-11-22,86,87,
dacat,daCat,0x814a870726edb7dfc4798300ae1ce3e5da0ac467,success,2024-01-24,2025-12-02,679,680,
d/acc,d/acc,0x81db1949d0e888557bc632f7c0f6698b1f8c9106,success,2023-12-01,2025-11-28,721,722,
dxi,Dacxi,0x5e29cf3e3fed4df50acab95f8268e9ee26ea36f2,success,2021-06-15,2025-12-02,1624,1625,
dafi,Dafi Protocol,0xfc979087305a826c2b2a0056cfaba50aad3e6439,success,2021-03-18,2025-12-02,1721,1722,
dgma,DaGama World,0x4bdfa27ce379d7601da1d15bd637a1cf895ff8fb,success,2025-09-25,2025-12-02,69,1649,
dai,Dai,0x6b175474e89094c44da98b954eedeac495271d0f,success,2019-11-19,2025-12-02,2206,2207,
daifuku,DAIFUKU,0xd7075f79df19c279ba5a9eb04a00474c43a3d73e,success,2025-09-09,2025-11-28,77,1606,
daii,DAII,0x1981e32c2154936741ab6541a737b87c68f13ce1,success,2024-01-11,2025-11-23,534,535,
dhrx,Danaher xStock,0xdba228936f4079daf9aa906fd48a87f2300405f4,success,2025-08-01,2025-12-02,124,125,
baby,Dancing Baby,0xff931a7946d2fa11cf9123ef0dc6f6c7c6cb60c4,success,2023-11-02,2025-12-01,615,616,
triangle,dancing triangle,0x9a594f5ed8d119b73525dfe23adbceca77fd828d,success,2024-10-22,2025-12-02,407,408,
haus,DAOhaus,0xf2051511b9b121394fa75b8f7d4e7424337af687,success,2021-03-30,2025-12-02,1709,1710,
dao,DAO Maker,0x0f51bb10119727a7e5ea3538074fb341f56b09ad,success,2021-02-09,2025-12-02,1758,1759,
rice,DAOSquare,0xbd9908b0cdd50386f92efcc8e1d71766c2782df0,success,2021-10-16,2025-12-02,1503,1504,
dapp,LiquidApps,0x939b462ee3311f8926c047d2b576c389092b1649,success,2019-04-12,2025-12-02,2417,2418,
radar,DappRadar,0x44709a920fccf795fbc57baa433cc3dd53c44dbe,success,2021-12-14,2025-12-02,1450,1451,
daram,Daram,0xad86b91a1d1db15a4cd34d0634bbd4ecacb5b61a,success,2024-10-19,2025-12-02,410,411,
dec,Dark Energy Crystals,0x9393fdc77090f31c7db989390d43f454b1a6e7f3,success,2020-10-26,2025-12-02,1864,1865,
dmaga,dark maga,0x5640e0560e6afd6a9f4ddb41230d0201d181fea7,success,2024-10-08,2025-12-02,404,405,
dmt,DarkMatter,0x5b1d655c93185b06b00f7925791106132cb3ad75,success,2022-02-27,2025-11-22,1101,1102,
dmt,Dark Matter,0x79126d32a86e6663f3aaac4527732d0701c1ae6c,success,2021-03-07,2025-11-23,1446,1447,
d,Dar Open Network,0x33b481cbbf3c24f2b3184ee7cb02daad1c4f49a8,success,2025-01-09,2025-12-02,328,329,
kton,Darwinia Commitment,0x9f284e1337a815fe77d2ff4ae46544645b20c5ff,success,2020-07-27,2025-12-02,1955,1956,
ring,RingDAO,0x9469d013805bffb7d3debe5e7839237e535ec483,success,2019-09-04,2025-12-02,2252,2253,
xring,Darwinia Network xRING,0x81e32d4652be82ae225dedd1bd0bf3bcba8fee07,success,1970-01-01,1970-01-01,1,1,
dash,DASH,0xedc3be0080f65c628964f44ba3f2b6057e60f8dc,success,2024-09-24,2025-11-28,278,279,
d2t,Dash 2 Trade,0x4dd942baa75810a3c1e876e79d5cd35e09c97a76,success,2023-01-11,2025-12-02,1010,1011,
data,Databot,0xb551b43af192965f74e3dfaa476c890b403cad95,success,2023-08-30,2025-12-02,823,824,
dtx,DaTa eXchange DTX,0x765f0c16d1ddc279295c1a7c24b0883f62d33f75,success,2018-07-20,2025-11-29,2439,2440,
dgold,DataGold,0x08d9040214c4aba39292fd2e7de20bbba7a8dce4,success,2024-12-04,2025-12-02,362,363,
datai,Datai,0x8e21856edada501a9cd5cb8b92ac632908c90c2f,success,2025-07-05,2025-07-08,4,5,
lake,Data Lake,0xf9ca9523e5b5a42c3018c62b084db8543478c400,success,2023-03-02,2025-12-02,1004,1005,
dmind,DataMind,0xda1dcf1ceb9988442d8eb4ed980139d67afe65d6,success,2025-07-10,2025-11-14,49,50,
dam,Datamine,0xf80d589b3dbe130c270a69f1a69d050f268786df,success,2020-06-23,2025-12-02,1788,1789,
dop2,Data Ownership Protocol 2,0xa37db5456b5938aa50b33575ae2eb8048ca5959b,success,2025-10-04,2025-12-02,60,1427,
datboi,Dat Boi,0xd6f8ab9b0f0a06a87ec2599c97e8b867b0fa7814,success,2025-01-10,2025-12-02,251,252,
daumen,daumenfrosch,0x80795a7bb55f003b1572411a271e31f73e03dd73,success,2024-06-24,2025-11-30,368,369,
$dave,Dave Coin,0x7f4c5447af6a96d8eeaee1d932338cfc57890dbd,success,2023-06-12,2025-11-18,547,548,
wtf,DaVinci,0x730bcbe5cdc1a3061dfe700774b7b8dd1d4173db,success,2024-03-06,2025-11-26,235,236,
dusd,Davos.xyz USD,0xa48f322f8b3edff967629af79e027628b9dd1298,success,2023-02-08,2025-12-02,969,970,
sdusd,Davos Protocol Staked DUSD,0x1c91d9482c4802315e617267bb3ef50c0aa15c41,success,1970-01-01,1970-01-01,1,1,
dawae,Dawae,0x2a897de60073e13c1f34f672033c1c1d08657fbb,success,2025-02-14,2025-12-02,292,293,
dawae,DaWae,0x7cfd34ca2dceca6c835adc7e61409a089cfff14a,success,2025-06-02,2025-12-02,182,183,
dawg,Dawg Coin,0xd5fa38027462691769b8a8ba6c444890103b5b94,success,2023-12-04,2025-11-29,706,707,
dbd,Day By Day,0xa5f1dbb0e55bc31f32c6d032bee330288490e722,success,2021-12-17,2025-12-02,1447,1448,
day,Dayhub,0x2282c726f54c93193e6b8e5bf1b82303dc11d36e,success,2024-12-13,2025-12-02,355,356,
dbx,DBX,0x3cbc780d2934d55a06069e837fabd3e6fc23dab0,success,2021-05-21,2025-12-02,1548,1549,
dxn,DBXen,0x80f0c1c49891dcfdd40b6e0f960f84e6042bcb6f,success,2023-04-17,2025-12-02,961,962,
dco,DCOMY,0x2a304fda5a85182dca1d03741bb2f07881b9e095,success,1970-01-01,1970-01-01,1,1,
dead,DEAD,0xf0197f10ea542a67914ecc0ec5304dc9df1faf6f,success,2025-11-30,2025-12-02,3,64,
dep,DEAPCOIN,0x1a3496c18d558bd9c6c8f609e1b129f67ab08163,success,2020-04-14,2025-12-02,2059,2060,
box,DeBox,0x32b77729cd87f1ef2bea4c650c16f89f08472c69,success,2024-09-16,2025-12-02,443,444,
dbt,Debtcoin,0x1e3f20bee9884aececee4bc2e83926cf612d48ff,success,2025-09-19,2025-10-01,5,44,
deai,DeCenter AI,0x781db9a4d8ae055571e8796dd4423bc13cee5dd6,success,2025-05-12,2025-12-02,205,206,
dec,Decentr,0x30f271c9e86d2b7d00a6376cd96a1cfbd5f0b9b3,success,2020-07-13,2025-12-02,1969,1970,
mana,Decentraland,0x0f5d2fb29fb7d3cfee444a200298f468908cc942,success,2017-10-28,2025-12-02,2956,2957,
dg,Decentral Games,0x4b520c812e8430659fc9f12f6d0c39026c83588d,success,2021-12-02,2025-12-02,1462,1463,
dg,Decentral Games (Old),0xee06a81a695750e71a662b51066f2c74cf4478a0,success,2020-12-02,2025-12-02,1811,1812,
dope,"Decentralization obligatory, practicality essential",0x85122dc2c0ac24e8aacaff4a4ccfcbdf36e80f60,success,2024-11-21,2025-12-02,377,378,
detf,Decentralized ETF,0x5516ac1aaca7bb2fd5b7bdde1549ef1ea242953d,success,2023-07-18,2025-11-16,814,815,
deuro,Decentralized Euro,0xba3f535bbcccca2a154b573ca6c5a49baae0a3ea,success,2025-04-04,2025-12-02,243,244,
dgn,Decentralized Gaming Network,0x67cc202bac06c2bf9b4ff64c534465e037ee44c6,success,2025-09-05,2025-11-26,64,1017,
dmcc,Decentralized Music Chain,0xce629ad753a774062d389198117352c44726d105,success,2024-02-08,2025-12-02,503,504,
dvsteth,Decentralized Validator Token,0x5e362eb2c0706bd1d134689ec75176018385430b,success,1970-01-01,1970-01-01,1,1,
dmp,Decentral Mining Protocol,0xec6a4a88471dec876aaf065e79b35bf84750f672,success,2025-08-05,2025-12-02,61,62,
dmind,DecentraMind,0x3eb9c7ee5f72e51f61e832137719fe8d1e53a2ce,success,2023-12-01,2025-11-26,555,556,
dweb,DecentraWeb,0xe7f58a92476056627f9fdb92286778abd83b285f,success,2021-10-13,2025-12-02,1501,1502,
dnode,DecentraNode,0x014337b35167b3711195361bb85259009e50a8a4,success,2024-02-25,2025-12-02,338,338,
cloud,DeCloud,0xf2dfdbe1ea71bbdcb5a4662a16dbf5e487be3ebe,success,2024-02-09,2025-12-02,424,424,
dect,DEC Token,0xdb99b0477574ac0b2d9c8cec56b42277da3fdb82,success,2025-04-20,2025-12-02,224,225,
dpr,Deeper Network,0xf3ae5d769e153ef72b4e3591ac004e89f48107a1,success,2021-04-10,2025-12-02,1698,1699,
fakeai,DeepFakeAI,0x5aef5bba19e6a1644805bd4f5c93c8557b87c62c,success,2023-06-06,2025-12-02,911,912,
south,DeepSouth AI,0xcd24ba0e3364233ee9301c1d608a14753c8739c5,success,2024-01-08,2025-12-02,681,681,
dps,DEEPSPACE,0xb7b1570e26315baad369b8ea0a943b7f140db9eb,success,2021-08-25,2025-12-02,1549,1550,
deepai,Deep Whales AI,0x18bc66f0c15e27179dd8e2277c1c9c056df0a14d,success,2024-10-18,2025-12-02,411,412,
def1,DEF1,0x71a44d1f075c41903cc73840f387909bb226def1,success,2025-09-09,2025-12-02,66,1391,
dfndr,Defender Bot,0x3f57c35633cb29834bb7577ba8052eab90f52a02,success,2024-01-25,2025-11-16,661,662,
defi,DeFi,0x6b0faca7ba905a86f221ceb5ca404f605e5b3131,success,2024-01-31,2025-12-02,672,673,
dfiat,DeFiato,0x1045f5ccb01daea4f8eab055f5fcbb7c0e7c89f0,success,2020-12-16,2025-12-02,1499,1500,
dfi,DeFiChain,0x8fc8f8269ebca376d046ce292dc7eac40c8d358a,success,2020-07-01,2025-12-02,1981,1982,
usdfi,DeFi Dollar,0xa0ed3359902eff692e5b8167038133a73d641909,success,2025-08-03,2025-12-02,117,118,
txjp,DeFiGeek Community Japan,0x961dd84059505d59f82ce4fb87d3c09bec65301d,success,2025-07-26,2025-12-02,128,129,
dgi,DeFi Growth Index,0x9a1741e151233a82cf69209a2f1bc7442b1fb29c,success,2025-03-01,2025-12-02,238,239,
dfa,DeFine,0x62959c699a52ec647622c91e79ce73344e4099f5,success,2021-08-10,2025-11-21,1565,1566,
fin,DeFiner,0x054f76beed60ab6dbeb23502178c52d6c5debe40,success,2020-10-12,2025-12-02,1869,1870,
defx,DeFinity,0x5f474906637bdcda05f29c74653f6962bb0f8eda,success,2021-05-28,2025-12-02,1635,1636,
dfp2,DefiPlaza,0x2f57430a6ceda85a67121757785877b4a71b8e6d,success,2021-10-28,2025-12-02,1435,1436,
dpi,DeFi Pulse Index,0x1494ca1f11d487c2bbe4543e90080aeba4ba3c2b,success,2020-09-14,2025-12-02,1906,1907,
drbt,DeFi-Robot,0x661013bb8d1c95d86d9c85f76e9004561f1bb36f,success,2024-04-25,2025-11-13,294,295,
dss,Defi Shopping Stake,0x213c53c96a01a89e6dcc5683cf16473203e17513,success,2020-09-25,2025-12-02,1680,1681,
spot,Defispot,0xe635efcfac44c5f44508f4d17c3a96cb4ce421dd,success,2024-04-23,2025-12-02,549,550,
dyp,Dypius [OLD],0x961c8c0b1aad0c0b10a51fef6a867e3091bcef17,success,2020-12-26,2025-12-02,1803,1804,
defrogs,DeFrogs,0xd555498a524612c67f286df0e0a9a64a73a7cdc7,success,2024-02-07,2025-12-02,665,666,
dega,DEGA,0x97aee01ed2aabad9f54692f94461ae761d225f17,success,2024-07-25,2025-12-02,485,486,
dg,DeGate,0x53c8395465a84955c95159814461466053dedede,success,2021-03-17,2025-12-02,1697,1698,
degen,Degen Arena,0x420658a1d8b8f5c36ddaf1bb828f347ba9011969,success,2025-06-14,2025-12-02,172,173,
degen,Degen,0xfee293840d23b0b2de8c55e1cf7a9f01c157767c,success,2024-01-15,2025-12-02,688,689,
dgneth,Degen ETH Staked ETH,0x005f893ecd7bf9667195642f7649da8163e23658,success,2024-09-04,2025-12-02,341,341,
dgen,DGEN,0x45f93404ae1e4f0411a7f42bc6a5dc395792738d,success,2023-08-18,2025-12-02,704,705,
degen,DegensTogether,0xbe92b510007bd3ec0adb3d1fca338dd631e98de7,success,2023-05-22,2025-12-02,874,875,
dzoo,Degen Zoo,0xc97d6c52f3add91fa1c5287a453d7444aecbca83,success,2023-03-16,2025-12-02,957,958,
dego,Dego Finance,0x3da932456d082cba208feb0b096d49b202bf89c8,success,2020-09-16,2025-12-02,1904,1905,
dhv,DeHive,0x62dc4817588d53a056cbbd18231d91ffccd34b2a,success,2021-04-22,2025-12-02,1686,1687,
hoshi,Dejitaru Hoshi,0x5362ca75aa3c0e714bc628296640c43dc5cb9ed6,success,2023-08-29,2025-12-02,826,827,
shield,Dejitaru Shirudo,0xcf4c68db4c2fa0bf58df07b14f45ce7709a716ac,success,2022-12-16,2025-12-02,753,754,
tsuka,Dejitaru Tsuka,0xc5fb36dd2fb59d3b98deff88425a3f425ee469ed,success,2022-07-18,2025-12-02,1234,1235,
dpy,Delphy,0x6c2adc2073994fb2ccc5032cc2906fa221e9b391,success,2017-11-27,2025-12-02,2911,2912,
delrey,Delrey Inu,0xfca89d55a768375ab7ca04485a35a964bea828dd,success,2023-04-03,2025-12-01,608,609,
deto,Delta Exchange,0xab93df617f51e1e415b5b4f8111f122d6b48e55c,success,2021-04-01,2025-12-02,1692,1693,
delta,Delta Financial,0x9ea3b5b4ec044b70375236a281986106457b20ef,success,2021-03-29,2025-11-27,1592,1593,
agi,Delysium,0x7da2641000cbb407c329310c461b2cb9c70c3046,success,2023-04-11,2025-12-02,967,968,
dench,DENCHCOIN,0x4b7265d153886a7dc717e815862acde6ff7b5bc8,success,1970-01-01,1970-01-01,1,1,
dent,Dent,0x3597bfd533a99c9aa083587b074434e61eb0a258,success,2017-11-14,2025-12-02,2941,2942,
dcn,Dentacoin,0x08d32b0da63e2c3bcf8019c9c5d849d7a9d791e6,success,2017-10-29,2025-11-30,2910,2911,
dotc,deOTC,0x3425b06b5b93b23603b2c166922dfa91f2f4909e,success,2025-09-01,2025-09-26,26,27,
doge,Department Of Government Efficiency,0x1121acc14c63f3c872bfca497d10926a6098aac5,success,2024-08-22,2025-12-02,468,469,
doge,Department Of Government Efficiency,0xa4fb6e1781fbcc921df51352af4cc83ff6c1308f,success,2024-09-14,2025-11-27,360,361,
d.o.g.e,Department Of Government Efficiency,0x46fdcddfad7c72a621e8298d231033cc00e067c6,success,2024-10-01,2025-12-02,420,421,
doge,Department Of Government Efficiency,0x81fcc294d91bd8ffc8a822d7df0e2fd2f8526c39,success,2024-11-12,2025-12-01,376,377,
dope,Department Of Propaganda Everywhere,0x43c5034469bce262d32f64c5e7f9f359f5b1495f,success,2025-03-17,2025-12-02,261,262,
depay,DePay,0xa0bed124a09ac2bd941b10349d8d224fe3c955eb,success,2020-11-22,2025-11-27,1731,1732,
depin,Depinet,0x28e58ee9932697f610de907a279684d30c407ba9,success,2024-12-16,2025-11-28,157,158,
deploy,Deploy,0xc3d2c4baa028c9758f4262feaf9d5a539a643570,success,2025-09-13,2025-10-21,31,427,
depot,Depot App,0x8c174ac036c40941291f5eaadf2555fd6fb6a8df,success,2025-08-16,2025-11-26,66,67,
ddawgs,Deputy Dawgs,0x19f78a898f3e3c2f40c6e0cd2ee5545f549d5e99,success,2025-07-26,2025-12-01,64,65,
zerc,zkRace,0xf8428a5a99cb452ea50b6ea70b052daa3df4934f,success,2021-08-03,2025-12-02,1583,1584,
deri,Deri Protocol,0xa487bf43cf3b10dffc97a9a744cbb7036965d3b9,success,2021-02-10,2025-12-02,1757,1758,
ddx,DerivaDAO,0x3a880652f47bfaa771908c07dd8673a787daed3a,success,2020-12-23,2025-12-02,1749,1750,
drv,Derive,0xb1d1eae60eea9525032a6dcb4c1ce336a1de71be,success,2025-01-15,2025-12-02,322,323,
derp,Derp Coin,0x878fcc2bdcccff8c56812607b9a58f29b274c4f0,success,2023-05-11,2025-11-26,853,854,
dsai,DeSend Ai,0xb27782fdb56352a684686a852374ef20910457e2,success,2024-05-30,2025-11-26,223,224,
dsync,Destra Network,0xf94e7d0710709388bce3161c32b4eea56d3f91cc,success,2024-03-13,2025-12-02,630,631,
desu,DESU,0xb40865a6ed718f57468cd3f4f60825a130b89a51,success,2025-07-16,2025-12-02,140,141,
detensor,DeTensor,0xe6f4a40156c9e8c7addda66848bbb99fdedecf84,success,2024-04-01,2025-11-21,348,349,
deus,DEUS Finance,0xde5ed76e7c05ec5e4572cfc88d1acea165109e44,success,2021-10-05,2025-12-02,1520,1521,
fuelx,Fuel,0xcc54ac31164b5b3c39db4eef26d89275c468ec9d,success,2022-09-06,2025-12-02,1179,1180,
dev,Dev Protocol,0x5caf454ba92e6f2c929df14667ee360ed9fd5b26,success,2020-06-02,2025-11-30,1673,1674,
hixokdkekjcjdksicndnaiaihsbznnxnxnduje,DEV SMASHED HIS KEYBOARD,0x2105465ab589b74747b01afdaf606d058fb082be,success,1970-01-01,1970-01-01,1,1,
devve,DevvE,0x8248270620aa532e4d64316017be5e873e37cc09,success,2024-02-09,2025-12-02,663,664,
dewa,DEWA GO,0x226676c9e15be689817f5ae44863f0811181a5ae,success,2025-10-21,2025-12-02,40,744,
dexe,DeXe,0xde4ee8057785a7e8e800db58f9784845a5c2cbd6,success,2020-10-06,2025-12-02,1884,1885,
dexed,DEXED,0xb6182b03d9aea18b6b2a0e5e41d99f0f7f2e5ee9,success,2024-03-01,2025-11-22,484,485,
dxgm,DexGame,0x66f73d0fd4161cfad4302dc145ff994375c13475,success,2021-12-14,2025-12-02,1450,1451,
kit,DexKit,0x7866e48c74cbfb8183cd1a929cd9b95a7a5cb4f4,success,2020-11-23,2025-12-02,1836,1837,
dexl,Dexlens,0x2e8fafaf34f610af898d6a5eabcad82417c56ed9,success,2025-06-19,2025-12-02,166,167,
dextf,Memento,0x5f64ab1544d28732f0a24f4713c2c8ec0da089f0,success,2020-09-29,2025-12-02,1842,1843,
dext,DexTools,0xfb7b4564402e5500db5bb6d63ae671302777c75a,success,2020-06-10,2025-12-02,2002,2003,
dfdvx,DeFi Development Corp.,0x521860bb5df5468358875266b89bfe90d990c6e7,success,2025-07-05,2025-12-02,151,152,
df,dForce,0x431ad2ff6a9c365805ebad47ee021148d6f7dbe0,success,2020-01-17,2025-12-02,2031,2032,
dfnd,dFund,0xd2adc1c84443ad06f0017adca346bd9b6fc52cab,success,2021-05-07,2025-12-02,1668,1669,
dfx,DFX Finance,0x888888435fde8e7d4c54cab67f206e4199454c60,success,2021-03-03,2025-12-02,1735,1736,
dfyn,Dfyn Network,0x9695e0114e12c0d3a3636fab5a18e6b737529023,success,2021-05-10,2025-12-02,1668,1669,
dht,dHEDGE DAO,0xca1207647ff814039530d7d35df0e1dd2e91fa84,success,2020-09-17,2025-12-02,1903,1904,
dia,DIA,0x84ca8bc7997272c7cfb4d0cd3d55cd942b3c9419,success,2020-08-03,2025-12-02,1948,1949,
dbit,Dialectic BTC Vault,0x972966bcc17f7d818de4f27dc146ef539c231bdf,success,2025-10-01,2025-12-02,56,1076,
deth,Dialectic ETH Vault,0x871ab8e36cae9af35c6a3488b049965233deb7ed,success,2025-10-01,2025-12-02,63,1485,
dusd,Dialectic USD Vault,0x1e33e98af620f1d563fcd3cfd3c75ace841204ef,success,2025-10-01,2025-12-02,63,1499,
diamond,Diamond Inu,0xcfffcd2c6294bbb01ca55cbb4a281bdcf532c1ce,success,2024-05-10,2025-11-26,333,334,
dickstr,DickStrategy,0x8680acfacb3fed5408764343fc7e8358e8c85a4c,success,2025-09-22,2025-12-02,72,1674,
ddbam,Didi Bam Bam,0x5832fbf930dacbdd9a1697dca7b3c518277ff0b0,success,2024-11-22,2025-12-02,376,377,
dlb,DiemLibre,0x87c22615435998d69aca34889d03155b694a94fc,success,2022-01-20,2025-12-02,233,234,
die,Die Protocol,0x6ef6610d24593805144d73b13d4405e00a4e4ac7,success,2022-10-21,2025-12-01,796,797,
digg,DIGG,0x798d1be841a82a273720ce31c822c61a67a601c3,success,2021-01-23,2025-11-27,1652,1653,
dft,DigiFinex,0xa2a54f1ec1f09316ef12c1770d32ed8f21b1fb6a,success,2018-08-14,2025-12-02,2651,2652,
dgh,DigiHealth,0xfd2cf2202f049064865dc32c6cf81eeb34074b39,success,2024-12-30,2025-12-02,333,333,
dgmv,DigiMetaverse,0x8eedefe828a0f16c8fc80e46a87bc0f1de2d960c,success,2022-02-17,2025-12-02,1268,1269,
drc,Digital Reserve Currency,0xa150db9b1fa65b44799d4dd949d922c0a33ee606,success,2020-10-14,2025-12-02,1876,1877,
dgtx,Digitex,0xc666081073e8dff8d3d1c2292a29ae1a2153ec09,success,2018-05-26,2025-11-22,2499,2500,
digits,Digits DAO,0xbe56ab825fd35678a32dc35bc4eb17e238e1404f,success,2022-02-10,2025-12-02,1136,1137,
dmtr,Dimitra,0x51cb253744189f11241becb29bedd3f1b5384fdb,success,2021-09-22,2025-12-02,1533,1534,
dimo,DIMO,0x5fab9761d60419c9eeebe3915a8fa1ed7e8d2e1b,success,2022-12-16,2025-12-02,1083,1084,
adbe.d,Dinari ADBE,0x5d7bb43885988eb8bfb9d854077e7ccfd6bf8c50,success,1970-01-01,1970-01-01,1,1,
amc.d,Dinari AMC,0x800ee7b69dce0f6649bb0c879b468a665b1a44ce,success,2024-10-03,2025-10-09,281,282,
arkb.d,Dinari ARKB,0xa64c9f707bbb4cbc4e22f596a53d85b3ab7000f8,success,1970-01-01,1970-01-01,1,1,
arkx.d,Dinari ARKX,0xf0d7ee633636bae1d502a96f1130b00deaf06dc4,success,1970-01-01,1970-01-01,1,1,
avgo.d,Dinari AVGO,0x53aff1d59ea64f7f836670e33e99a0443f0ef25c,success,1970-01-01,1970-01-01,1,1,
azn.d,Dinari AZN,0x103d7c5c657cb92f4acec796da416d52a6a86bf6,success,1970-01-01,1970-01-01,1,1,
ba.d,Dinari BA,0x67637766495858fd3c0a0e65a1feb91f78479753,success,1970-01-01,1970-01-01,1,1,
bac.d,Dinari BAC,0x6c1aa3dd4195522ffd963215a13416324eaf9216,success,1970-01-01,1970-01-01,1,1,
bitb.d,Dinari BITB,0xc4a217a8b2cdf85eb8206391ae3723d72b3a4e04,success,1970-01-01,1970-01-01,1,1,
boxx.d,Dinari BOXX,0x088828f0a8e2dc8511e957230f4681371451fa1d,success,1970-01-01,1970-01-01,1,1,
brrr.d,Dinari BRRR,0xf12a38e6e51913ea04d70dba97d7420a13fd7941,success,1970-01-01,1970-01-01,1,1,
btco.d,Dinari BTCO,0x0c7ec64a7b3416bc3578e02d4b1e5763da756183,success,1970-01-01,1970-01-01,1,1,
btcw.d,Dinari BTCW,0x18c278edc2ed4ed9d23a8a73a3a6ed014094b784,success,1970-01-01,1970-01-01,1,1,
cat.d,Dinari CAT,0x4cfba646ca9c05ad653fea94d485d15cfc449b2d,success,1970-01-01,1970-01-01,1,1,
ccl.d,Dinari CCL,0x09de9c8fbe90271e8886b55d66e3b37130e3a3da,success,1970-01-01,1970-01-01,1,1,
coin.d,Dinari COIN,0xd71b200bf061509b85df50cc0d8cdee8818a4577,success,1970-01-01,1970-01-01,1,1,
cost.d,Dinari COST,0xe5ad37798daa0231279859d4699cf8f466e8b020,success,1970-01-01,1970-01-01,1,1,
csco.d,Dinari CSCO,0x0a27c31f087cd3d30cdad339731bede4194531a4,success,1970-01-01,1970-01-01,1,1,
cvx.d,Dinari CVX,0xc49da7892155ccc603f0b88eaedaa3b57910096f,success,1970-01-01,1970-01-01,1,1,
dal.d,Dinari DAL,0xf373c3d96996ede40ea161f6929fd457cda8111c,success,1970-01-01,1970-01-01,1,1,
defi.d,Dinari DEFI,0x81b11d330d9af45599be0580b9bcba7f4e57bd35,success,1970-01-01,1970-01-01,1,1,
eem.d,Dinari EEM,0xf0e9e98ef4b78ddfbbfafba519345d877eb7a81e,success,1970-01-01,1970-01-01,1,1,
ero.d,Dinari ERO,0xcf5905de7d83dce7cd109485c42723bb76eba5a6,success,1970-01-01,1970-01-01,1,1,
ethe.d,Dinari ETHE,0x4e4016eb5014468f3dba5883c70f9997026ea11e,success,1970-01-01,1970-01-01,1,1,
ezbc.d,Dinari EZBC,0xc4c6213024d9adc5132707942905918df7fbbbe8,success,1970-01-01,1970-01-01,1,1,
f.d,Dinari F,0x9ba08fa0428db35dde85d6c515184642c6301199,success,1970-01-01,1970-01-01,1,1,
fbtc.d,Dinari FBTC,0x33e5b290badbd8ba868b51a72ab6062601f9e9b2,success,1970-01-01,1970-01-01,1,1,
gbtc.d,Dinari GBTC,0xd0f48caf8fdb1e7b1fb8b08b914e0b44ed0aade0,success,1970-01-01,1970-01-01,1,1,
gld.d,Dinari GLD,0x43c72ea1736072f42f785e704e5244cc5b9a6779,success,1970-01-01,1970-01-01,1,1,
gme.d,Dinari GME,0x7fb5da212239593f4bf544fbe2ec70ce91f0afdb,success,1970-01-01,1970-01-01,1,1,
hodl.d,Dinari HODL,0xaedc5e1e05c2fb8840f6d6df4e8f63e983c32bd5,success,1970-01-01,1970-01-01,1,1,
hood.d,Dinari HOOD,0xcc195aa6859fbbe792b9e0b18c74c00a0e90c1f8,success,1970-01-01,1970-01-01,1,1,
hut.d,Dinari HUT,0x47db0ac0d6ad7765007f983184b12ae137f8ccac,success,1970-01-01,1970-01-01,1,1,
hymb.d,Dinari HYMB,0x88cee7bf66435f6fdbb681a6a522f26598fe39a2,success,1970-01-01,1970-01-01,1,1,
iau.d,Dinari IAU,0x4be7aeda82870609cd934babc3a11b886b8cdb02,success,1970-01-01,1970-01-01,1,1,
ibit.d,Dinari IBIT,0x3c4024408efac2dbf7ed453c95d9d97889e4846a,success,1970-01-01,1970-01-01,1,1,
ita.d,Dinari ITA,0x993d9ca16686746fef44e320e7f091578710cd18,success,1970-01-01,1970-01-01,1,1,
jnj.d,Dinari JNJ,0x97e4db79d2924f1c5ce2a821e7d5b111f9925e70,success,1970-01-01,1970-01-01,1,1,
jpm.d,Dinari JPM,0x4026f916beda6ca2b347c44517a83f5efab3f569,success,1970-01-01,1970-01-01,1,1,
ko.d,Dinari KO,0x05fed61f7a3eca96dc7f9a41b38fa7c5f0e62158,success,1970-01-01,1970-01-01,1,1,
mcd.d,Dinari MCD,0xec3e2998c87ac9bced45381f84932c877cad6930,success,1970-01-01,1970-01-01,1,1,
meli.d,Dinari MELI,0x52bd2411f090af9b1fc688fcf3c4242ab0e7ddaf,success,1970-01-01,1970-01-01,1,1,
nly.d,Dinari NLY,0x2cad08360009226261ab4d32684aacdbbec3f8da,success,1970-01-01,1970-01-01,1,1,
pall.d,Dinari PALL,0x328a9bc033b22de0b82762c49762ce1440b45d4b,success,1970-01-01,1970-01-01,1,1,
pg.d,Dinari PG,0xaa88ab7413f909eef5bd69bb2a2b6f97dc6743b8,success,1970-01-01,1970-01-01,1,1,
pho.d,Dinari PHO,0x251530c7f24d6904a31425b9afa24b0e1e5aafde,success,1970-01-01,1970-01-01,1,1,
rblx.d,Dinari RBLX,0x461ad31f69e694e2e20b2070d8be1105626110c3,success,1970-01-01,1970-01-01,1,1,
rddt.d,Dinari RDDT,0xac20315350d7b59cbe846144f5eb8a6d1df1f5fc,success,1970-01-01,1970-01-01,1,1,
riot.d,Dinari RIOT,0xcd7c6ed75151745c893dfc1dca1daa1d55034e67,success,1970-01-01,1970-01-01,1,1,
rklb.d,Dinari RKLB,0xc3260a0e1dd1f7ac6508ae29cb00f4fa4b544ba7,success,1970-01-01,1970-01-01,1,1,
sbux.d,Dinari SBUX,0x86ccbf2471be7ebca2c2c92a12fcf7089a44b4df,success,1970-01-01,1970-01-01,1,1,
sivr.d,Dinari SIVR,0xe36fb561dcc177492da42a6ba5fd4a9d0987bfe2,success,1970-01-01,1970-01-01,1,1,
slx.d,Dinari SLX,0x0ecb3513ebf1e62be765452900608aa957dbd13d,success,1970-01-01,1970-01-01,1,1,
snow.d,Dinari SNOW,0x3482968ed0e10bf7446706a6680e8a8f486f61b0,success,1970-01-01,1970-01-01,1,1,
sony.d,Dinari SONY,0xb49e40e97b41b253ecfe6b01a11f1a4f021724f9,success,1970-01-01,1970-01-01,1,1,
soxl.d,Dinari SOXL,0xc580919e2e4b083321f9e4c5ed56bc862f275916,success,1970-01-01,1970-01-01,1,1,
spsk.d,Dinari SPSK,0x9c879a1c2021bd0594750c148f37176395be0b8f,success,1970-01-01,1970-01-01,1,1,
spte.d,Dinari SPTE,0x2711018a5489df0d9816bdb7670d58ba23fb2d5e,success,1970-01-01,1970-01-01,1,1,
spus.d,Dinari SPUS,0xdf9be795fee855aaeb82dc112b0f27b62524a17b,success,1970-01-01,1970-01-01,1,1,
spwo.d,Dinari SPWO,0xfae8f97cafea5133159992e83a4b30e1aae88328,success,1970-01-01,1970-01-01,1,1,
sq.d,Dinari SQ,0x9e6dbde4211e6853b33b8bcd5ce82144997c63ba,success,1970-01-01,1970-01-01,1,1,
tjx.d,Dinari TJX,0x90fa6faf82ddcbbbd48f66ee70b8515a7a626ac3,success,1970-01-01,1970-01-01,1,1,
tqqq.d,Dinari TQQQ,0xf7248e588f88655d4a5230c4cec2db2cf4438ff0,success,1970-01-01,1970-01-01,1,1,
ufo.d,Dinari UFO,0x1194e99f23c8b99cb55a328160aeb0bb010bf0c3,success,1970-01-01,1970-01-01,1,1,
ushy.d,Dinari USHY,0xd16acb3147bcafd8469ffb288f45db52cc04ae68,success,1970-01-01,1970-01-01,1,1,
v.d,Dinari V,0x842227039640c7d38e3b307a3ab556a7baeee730,success,1970-01-01,1970-01-01,1,1,
vwo.d,Dinari VWO,0x9f9e5c45d95d66e85e8a878007bf27ca2d987394,success,1970-01-01,1970-01-01,1,1,
vxx.d,Dinari VXX,0x0123b0a381348f3ba793091923daeb7356ec5862,success,1970-01-01,1970-01-01,1,1,
walrf.d,Dinari WALRF,0x5e796f7e42117ca82b1db3eb227bef11b7a48aa0,success,1970-01-01,1970-01-01,1,1,
weat.d,Dinari WEAT,0xaf614642e58c65b71a3aaab2d3afc20e5cb93246,success,1970-01-01,1970-01-01,1,1,
wood.d,Dinari WOOD,0xd2a64bb1776f02e6b2b5503fe6a8ca6bf1f46d07,success,1970-01-01,1970-01-01,1,1,
xom.d,Dinari XOM,0x52926f7f983d3d7ddcbe644a809d67bbe4a9e785,success,1970-01-01,1970-01-01,1,1,
yum.d,Dinari YUM,0x0af5b873df94efeba34c0b0a9fa34a8c13e078cd,success,1970-01-01,1970-01-01,1,1,
dinero,Dinero,0x6df0e641fc9847c0c6fde39be6253045440c14d3,success,2024-07-24,2025-12-02,497,498,
pxeth,Dinero Staked ETH,0x04c154b66cb340f3ae24111cc767e0184ed00cc6,success,2024-03-21,2025-12-02,622,623,
dinger,Dinger,0x9e5bd9d9fad182ff0a93ba8085b664bcab00fa68,success,2021-10-26,2025-12-02,1487,1488,
dino,DinoLFG,0x49642110b712c1fd7261bc074105e9e44676c68f,success,2022-11-16,2025-12-02,1113,1114,
dnxc,DinoX,0x20a8cec5fffea65be7122bcab2ffe32ed4ebf03a,success,2021-07-29,2025-11-06,1499,1500,
disco,Disco By Matt Furie,0x787b197f793f7d04366536f6a7a56a799868a64b,success,2025-09-20,2025-12-02,74,1767,
dison,Disney (Ondo Tokenized Stock),0xc3d93b45249e8e06cfeb01d25a96337e8893265d,success,2025-09-02,2025-12-02,79,80,
dnt,district0x,0x0abdace70d3790235af448c88547603b945604ea,success,2017-10-28,2025-12-02,2958,2959,
dstrx,Districts,0xb841f365d5221bed66d60e69094418d8c2aa5a44,success,2025-04-23,2025-12-02,224,225,
ditto,Ditto,0x5900a453d0507be16fe91fef5d1edd5f8816dd20,success,2025-07-03,2025-12-02,98,99,
diva,DIVA Protocol,0x4b7ffcb2b92fb4890f22f62a52fb7a180eab818e,success,2023-08-25,2025-11-25,419,420,
diva,Diva Staking,0xbfabde619ed5c4311811cf422562709710db587d,success,1970-01-01,1970-01-01,1,1,
diver,Divergence Protocol,0xfb782396c9b20e564a64896181c7ac8d8979d5f4,success,2021-09-28,2025-12-02,1527,1528,
defi,DiversiFi,0x90ba94f4e64e327c444d7ac7f1056ead4ea6fd98,success,2025-09-18,2025-12-02,55,777,
dfiusd,Diversified USD,0xdf100b8abd3cd41fc5cc1236ad7c6629a901afbf,success,2025-10-19,2025-12-02,45,1054,
divi,Divi,0x246908bff0b1ba6ecadcf57fb94f6ae2fcd43a77,success,2018-10-12,2025-12-02,2609,2610,
dka,dKargo,0x5dc60c4d5e75d22588fa17ffeb90a63e535efce0,success,2020-07-24,2025-12-02,1958,1959,
ibtc,iBTC Network,0x20157dbabb84e3bbfe68c349d0d44e48ae7b5ad2,success,2024-06-26,2025-12-02,509,510,
duck,DLP Duck,0xc0ba369c8db6eb3924965e5c4fd0b4c1b91e305f,success,2020-12-21,2025-12-02,1782,1783,
$dmp,Dmarketplace,0x164f12c8d7d16b905cc4f11e819a9fc5b183ef71,success,2024-10-24,2025-12-02,403,404,
nat,DMT-NAT,0x249130f5e2dd4cf278180c0df8273f3592ad1247,success,2025-10-08,2025-12-02,56,1330,
dna,DNA,0x4111e80dc868599a2a408767176d09b7db84c8a1,success,2025-08-25,2025-12-02,99,100,
evil,Doctor Evil,0xcf9560b9e952b195d408be966e4f6cf4ab8206e5,success,2023-08-11,2025-11-26,474,475,
drmutant,Doctor Mutant,0xe6e079e961ee2cba8fc67762eb138144c882367f,success,2025-08-18,2025-12-02,107,108,
dodo,DODO,0x43dfc4159d86f3a37a5a4b3d4580b888ad7d4ddd,success,2020-09-30,2025-12-02,1890,1891,
dodo,DODO,0x747e550a7b848ace786c3cfe754aa78febc8a022,success,2024-03-12,2025-12-02,631,632,
dogc,DOGC,0xeeacc51af745846ddf46012b46c6910ea9b12898,success,2024-12-02,2025-12-02,366,367,
dcoin,Dogcoin,0xf1bb41f9ed87e6c7e1f70e921b7b4bee1df7ae9c,success,2025-01-24,2025-12-02,307,308,
collar,Dog Collar,0x9783b81438c24848f85848f8df31845097341771,success,2021-09-13,2025-12-02,1418,1419,
doge1,DOGE-1,0xd721706581d97ecd202bbab5c71b5a85f0f78e69,success,2023-10-13,2025-12-02,732,733,
doge2.0,Doge 2.0,0xf2ec4a773ef90c58d98ea734c0ebdb538519b988,success,2023-07-06,2025-12-02,881,882,
dogeai,DogeAi,0xd31e53966bf212e860d48a3a8651a23d09a7fdc3,success,2023-11-18,2025-11-30,679,680,
dobo,DogeBonk,0x73c6a7491d0db90bdb0060308cde0f49dfd1d0b0,success,2023-08-25,2025-12-02,826,827,
dogecast,Dogecast,0x4955f6641bf9c8c163604c321f4b36e988698f75,success,2024-11-18,2025-12-02,378,379,
dogecaucus,Doge Caucus,0x56cfc19d8cbf7d417d370844249be9cb2d2e19a1,success,2025-01-27,2025-12-01,281,282,
dc,Dogechain,0x7b4328c127b85369d9f82ca0503b000d09cf9180,success,2022-08-25,2025-12-02,1196,1197,
dogc,DogeClub,0xda8263d8ce3f726233f8b5585bcb86a3120a58b6,success,2023-06-13,2025-11-29,880,881,
doge20,Dogecoin20,0x2541a36be4cd39286ed61a3e6afc2307602489d6,success,2024-05-07,2025-12-02,575,576,
the dogefather,DogeFather,0xbf2e353f5db1a01e4e7f051222c666afc81b2574,success,2024-12-14,2025-12-02,354,355,
dogegf,DogeGF,0xfb130d93e49dca13264344966a611dc79a456bc5,success,2021-09-27,2025-12-02,1528,1529,
dogei,Dogei,0xe6705367880b4d5d1aeae948fd620f55ef7413e4,success,2024-11-21,2025-12-02,365,366,
dew,doge in a memes world,0xa13edd1a27ab4fb8982c033acb082cdb5f98b79b,success,2024-06-03,2025-12-02,315,315,
elon,Dogelon Mars,0x761d38e5ddf6ccf6cf7c55759d5210750b5d60f3,success,2021-04-23,2025-12-02,1685,1686,
dogenarii,Dogenarii,0xbb69abb2b45bca9ae48de2e041d3e15e73c2ebc7,success,2025-09-08,2025-09-15,8,153,
dogenarii,Dogenarii,0x8d548dbc4c689cfa5e5925d52b9ac358b3913653,success,2025-09-09,2025-12-02,82,1701,
dogenarii,Dogenarii coin,0x17c5ac827ec8c4ec55b6e572f6d22c151c302c2f,success,2025-09-11,2025-12-02,83,1905,
dogen,Dogenerates,0x4207a81284dc4f114cbb391c3bcdc605cb7d2fbe,success,2025-07-23,2025-12-02,133,134,
dogep,Doge Protocol,0xe7eaec9bca79d537539c00c58ae93117fb7280b9,success,2022-02-17,2025-11-06,1095,1096,
dogestr,Doge Strategy,0x44f5fd30d04fc3f6b0bd14100e506a9843f19e12,success,2025-10-22,2025-10-27,5,84,
dogeverse,DogeVerse,0x62f03b52c377fea3eb71d451a95ad86c818755d1,success,2024-06-06,2025-12-02,545,546,
dinu,Dogey-Inu,0xbb1ee07d6c7baeb702949904080eb61f5d5e7732,success,2021-06-16,2025-12-02,1612,1613,
dogga,Doggacoin,0x1a8a39f2986cf9688f6dc9e5ee0cc0bc8d5edd67,success,2024-06-07,2025-12-02,368,368,
dogs,Doggensnout Skeptic,0x21e5c85a5b1f38bddde68307af77e38f747cd530,success,2024-03-07,2025-12-02,636,637,
dogggo,Dogggo,0xa1abecc1b3958da78259fa2793653fc48e976420,success,2024-01-18,2025-12-02,651,651,
doggo,Doggo,0x240cd7b53d364a208ed41f8ced4965d11f571b7a,success,2024-09-23,2025-12-02,436,437,
doggo,Doggo Inu,0x3739426e21d912b604c106f852d136ba58f61517,success,2024-10-07,2025-12-02,417,417,
doggy,DOGGY COIN,0x09d92c109b475dd513292c76544b4e250da13faa,success,2024-05-26,2025-11-28,514,515,
dogius,Dogius Maximus,0x270ca21eb1a37cfe0e9a0e7582d8f897e013cdff,success,2025-01-06,2025-11-29,312,313,
dogl,DogLibre,0xd5eb7e91ae88ea2550f9bfd04208399c95df4dc7,success,2024-12-12,2025-12-02,356,357,
dogpad,DogPad Finance,0x6f3277ad0782a7da3eb676b85a8346a100bf9c1c,success,2023-01-27,2025-12-02,867,867,
doe,Dogs Of Elon,0xf8e9f10c22840b613cda05a0c5fdb59a4d6cd7ef,success,2021-11-08,2025-12-01,1241,1242,
dogwifhat,dogwifhat Eth,0x8aec4bbdcfb451aa289bfbd3c2f4e34a44ada1be,success,2024-02-05,2025-12-02,667,668,
wifsa,dogwifsaudihat,0x6630e3a2ec1e7e0a2f9f1d2289a9a89b0551683a,success,2024-04-09,2025-11-22,422,423,
dogz,Dogz,0x82a77710495a35549d2add797412b4a4497d33ef,success,2019-01-25,2025-12-02,2176,2177,
dhn,Dohrnii,0x32462ba310e447ef34ff0d15bce8613aa8c4a244,success,2022-05-22,2025-12-02,1290,1291,
dojo,DOJO,0x180dae91d6d56235453a892d2e56a3e40ba81df8,success,2021-06-17,2025-11-29,1598,1599,
dbr,DOLA Borrowing Right,0xad038eb671c44b853887a7e32528fab35dc5d710,success,2022-12-19,2025-12-02,973,974,
dolan,Dolan Duk,0x381ab19e04bd9dc333794a9f4d343daeee3b7069,success,2024-10-14,2025-11-24,316,317,
dola,DOLA,0x865377367054516e17014ccded1e7d814edc9ce4,success,2021-03-09,2025-12-02,1722,1723,
dollar,Dollar,0xe95076d9fe7155c17b455ac49497e78912c4ab65,success,2024-07-23,2025-12-02,498,499,
doll,Doll Face,0x82ec74e2ef378313565a883e0e21e5baeac8469c,success,2025-09-06,2025-12-02,80,1669,
dolo,Dolomite,0x0f81001ef0a83ecce5ccebf63eb302c70a39a654,success,2025-04-24,2025-12-02,223,224,
dolz,DOLZ.io,0xe939f011a3d8fc0aa874c97e8156053a903d7176,success,2023-12-13,2025-12-02,721,722,
domi,Domi,0x45c2f8c9b4c0bdc76200448cc26c48ab6ffef83f,success,2021-12-16,2025-12-02,1448,1449,
dong,DongCoin,0x4208aa4d7a9a10f4f8bb7f6400c1b2161d946969,success,2023-08-30,2025-12-02,535,535,
dongo,Dongo AI,0x8c213ae332274e6314bf4cf989604e7f61162967,success,2024-03-14,2025-12-02,505,505,
don,Don-key,0x217ddead61a42369a266f1fb754eb5d3ebadc88a,success,2021-05-14,2025-12-02,1659,1660,
dbi,Don't Buy Inu,0x2de509bf0014ddf697b220be628213034d320ece,success,2022-11-01,2025-12-02,1128,1129,
donut,Donut,0xc0f9bd5fa5698b6505f643900ffa515ea5df54a9,success,2019-01-25,2025-12-02,2273,2274,
dashon,DoorDash (Ondo Tokenized Stock),0x241958c86c7744d15d5f6314ba1ea4c81dda2896,success,2025-09-02,2025-12-02,63,64,
dope,Dope,0x6d56172da47ad69561a5fb8035763a68598128c9,success,2025-08-06,2025-12-02,110,111,
paper,Dope World Paper,0x7ae1d57b58fa6411f32948314badd83583ee0e8c,success,2021-09-05,2025-12-02,1478,1479,
dpx,Dopex,0xeec2be5c91ae7f8a338e1e5f3b5de49d07afdc81,success,2021-06-25,2025-12-02,1620,1620,
rdpx,Dopex Rebate,0x0ff5a8451a839f5f0bb3562689d9a44089738d11,success,2021-06-25,2025-11-30,1508,1509,
dora,Dora Factory,0x4957805230831401caad5b690aa138143b711358,success,2023-09-08,2025-12-02,817,818,
dork,DORK,0xae3359ed3c567482fb0102c584c23daa2693eacf,success,2023-11-03,2025-11-27,698,699,
dorkl,DORK LORD (ETH),0x94be6962be41377d5beda8dfe1b100f3bf0eacf3,success,2023-09-08,2025-12-02,804,805,
dorky,Dork Lord,0x95ed629b028cf6aadd1408bb988c6d1daabe4767,success,2024-10-30,2025-12-02,399,400,
drl,Dorol,0x6085ef8f41c6a1006c6689620546b46f0d82f03c,success,2025-08-25,2025-12-02,100,101,
dose,DOSE,0xb31ef9e52d94d4120eb44fe1ddfde5b4654a6515,success,2021-11-03,2025-12-02,1491,1492,
dos,DOS Network,0x0a913bead80f321e7ac35285ee10d9d922659cb7,success,2019-03-19,2025-12-02,2326,2327,
y2k,Dotcom,0x06903ae134cca527742fe138a7cb97fe08322000,success,2024-11-26,2025-12-02,372,373,
moov,dotmoovs,0x4116f14b6d462b32a1c10f98049e4b1765e34fa9,success,2021-05-25,2025-12-02,1653,1654,
hhgttg,Douglas Adams,0xee3c722d177559f73288cec91fa3e4bbfd8c27fc,success,2023-11-10,2025-11-17,615,616,
dov,Dovu [OLD],0xac3211a5025414af2866ff09c23fc18bc97e79b1,success,2017-11-01,2025-12-02,2853,2854,
dovu,DOVU,0x2aeabde1ab736c59e9a19bed67681869eef39526,success,2023-09-26,2025-12-02,797,798,
dpai,DPAI,0x3f495d3bc3dad8dcefdb51b01d2daf2374b43e49,success,2025-07-31,2025-11-29,47,48,
rating,DPRating,0xe8663a64a96169ff4d95b4299e7ae9a76b905b31,success,2018-08-11,2025-12-02,2669,2670,
draggy0x62,Draggy 0x62,0x62dc60b69b650290b0d5b993e145e0e87892be14,success,2024-06-28,2025-11-14,288,289,
draggy,Draggy CTO,0xd12a99dbc40036cec6f1b776dccd2d36f5953b94,success,2024-06-24,2025-12-02,527,528,
drgn,Dragonchain,0x419c4db4b9e25d6db2ad9691ccb832c8d9fda05e,success,2017-12-08,2025-12-02,2917,2918,
dragonx,DragonX.win,0x96a5399d07896f757bd4c6ef56461f58db951862,success,2024-01-22,2025-12-02,676,677,
dmt,Dream Machine Token,0x0b7f0e51cd1739d6c96982d55ad8fa634dd43a9c,success,2023-05-23,2025-12-02,925,926,
dream,Dream,0xb44377b74ef1773639b663d0754cb8410a847d02,success,2022-03-07,2025-12-02,1289,1290,
dv,Dreamverse,0x2a03a891add2dc6d0f7b94419086630ba5cb65b6,success,2021-12-17,2025-11-05,1275,1276,
$drip,DRIP,0xb8a914a00664e9361eae187468eff94905dfbc15,success,2024-10-22,2025-12-02,407,408,
drops,Drops,0xa562912e1328eea987e04c2650efb5703757850c,success,2024-03-07,2025-12-02,547,547,
dop,Drops Ownership Power,0x6bb61215298f296c55b19ad842d3df69021da2ef,success,2021-05-21,2025-11-24,1483,1484,
drx,DRX Token,0x83f4389ccce1cc044dd7441add33c4f28b967434,success,2025-05-14,2025-12-02,203,204,
dti,DT Inu,0x0880164084017b8d49baa0a33f545ad55914e9fd,success,2024-05-28,2025-12-02,551,552,
trvl,Dtravel,0xd47bdf574b4f76210ed503e0efe81b58aa061f3d,success,2021-11-26,2025-12-02,1468,1469,
dub,DUBX,0x75ce16d11b83605aa039d40d7d846ff23064fb65,success,2023-09-07,2025-11-17,539,540,
dd,DuckDAO,0x7d51888c5abb7cdfa9cdd6a50673c7f8afaccd7f,success,2023-12-02,2025-12-02,711,712,
ducker,Ducker,0xf70ce9ee486106882d3dc43ddbd84e0fa71ac2a5,success,2023-06-26,2025-12-02,806,806,
ducker,Duckereum,0xa52bffad02b1fe3f86a543a4e81962d3b3bb01a7,success,2022-07-20,2025-11-27,947,948,
duckies,Yellow Duckies,0x90b7e285ab6cf4e3a2487669dba3e339db8a3320,success,2022-10-05,2025-12-02,1155,1156,
ducky,Ducky,0x699ec925118567b6475fe495327ba0a778234aaa,success,2024-11-08,2025-12-02,383,383,
dnow,DuelNow,0x8074836637eb9cc73a01a65d5700907fc639c4e9,success,2025-02-08,2025-12-02,298,299,
gme,DumbMoney,0xfc4b4ec763722b71eb1d729749b447a9645f5f30,success,2023-10-02,2025-12-02,758,759,
dummy,DUMMY,0x445bd590a01fe6709d4f13a8f579c1e4846921db,success,2023-06-07,2025-12-02,840,840,
dump,dump.trade,0xdf8ef8fef6fa5489d097652dedfb6617ce28a0d6,success,2024-04-12,2025-11-25,487,488,
duolx,Duolingo xStock,0x03d44b9bb0398e2be3c89417d51e615c3d461f5a,success,1970-01-01,1970-01-01,1,1,
dusk,DUSK,0x940a2db1b7008b6c776d4faaca729d6d4a4aa551,success,2019-07-07,2025-12-02,2341,2342,
dust,Dust Protocol,0xb5b1b659da79a2507c27aad509f15b4874edc0cc,success,2022-03-14,2025-12-02,1360,1361,
dusty,Dusty,0x614a48c41be6ba6762b63a92cc33cfb5e8149332,success,2024-12-30,2025-12-02,329,329,
dvi,Dvision Network,0x10633216e7e8281e33c86f02bf8e565a635d9770,success,2020-11-03,2025-12-02,1856,1857,
qbtson,D-Wave Quantum (Ondo Tokenized Stock),0x3807562a482b824c08a564dfefcc471806d3e00a,success,2025-09-02,2025-12-02,91,92,
dx,DxChain,0x973e52691176d36453868d9d86572788d27041a9,success,2018-08-09,2025-12-02,2587,2588,
ethdydx,dYdX,0x92d6c1e31e14520e676a687f0a93788b716beff5,success,2021-09-08,2025-12-02,1547,1548,
dyl,Dyl,0x7a8946eda77817126ffe301249f6dc4c7df293c3,success,2023-10-28,2025-12-02,767,768,
dmx,Dymmax,0xf058501585023d040ea9493134ed72c083553eed,success,2020-12-25,2025-12-02,1590,1591,
dnx,Dynex,0x9928a8600d14ac22c0be1e8d58909834d7ceaf13,success,2022-10-14,2025-12-02,1146,1147,
dyor,DYOR,0x8484e645a054586a6d6af60c0ee911d7b5180e64,success,2023-05-08,2025-12-01,837,838,
dyp,Dypius,0x39b46b212bdf15b42b166779b9d1787a68b9d0c3,success,2023-11-16,2025-12-02,748,749,
ebet,EarnBet,0x5fbc2ffe91ac74e3e286bd7504b233f0e5291c69,success,2023-10-03,2025-11-24,479,480,
ess,Earth 2 Essence,0x2c0687215aca7f5e2792d956e170325e92a02aca,success,2024-06-02,2025-12-02,549,550,
1earth,EarthFund,0x9e04f519b094f5f8210441e285f603f4d2b50084,success,2021-11-24,2025-12-02,1470,1471,
ez,EasyFi V2,0x00aba6fe5557de1a1d565658cbddddf7c710a1eb,success,2020-10-08,2025-11-08,1807,1808,
eave,EaveAI,0x974d796e0bea47038f39c3f98b1aa2c5240b5495,success,2024-07-22,2025-12-02,488,488,
ebayx,eBay xStock,0x4c7610990cb63cdca174ce61822f7693b49fce93,success,1970-01-01,1970-01-01,1,1,
beatai,eBeat AI,0x1a4e7febd24b6689704b10685857d8b30885f05e,success,2024-12-28,2025-12-02,340,341,
ebso,eBlockStock,0x866f8a50a64e68ca66e97e032c5da99538b3f942,success,2021-09-27,2025-12-02,1264,1265,
ebtc,eBTC,0x661c70333aa1850ccdbae82776bb436a0fcfeefb,success,2024-04-21,2025-12-02,565,566,
ebusd,ebUSD Stablecoin,0x09fd37d9aa613789c517e76df1c53aece2b60df4,success,2025-06-09,2025-12-02,167,168,
ect,Echain Network,0xda4dd9586d27202a338843dd6b9824d267006783,success,2022-11-06,2025-11-19,774,775,
prime,Echelon Prime,0xb23d80f5fefcddaa212212f028021b41ded428cf,success,2023-03-02,2025-12-02,1007,1008,
mtx,EchoMetrix,0xa1ecd506d5b178d7220fe175013ffa43ccad9610,success,2025-07-02,2025-09-19,36,37,
ecl,ECL,0xf857c938829c2a53557fb3fbb1c85d10a5227e03,success,2024-04-21,2025-12-01,425,426,
es,Eclipse,0x6055dc6ff1077eebe5e6d2ba1a1f53d7ef8430de,success,2025-07-16,2025-12-02,140,141,
omi,ECOMI,0xed35af169af46a02ee13b9d79eb57d6d68c1749e,success,2019-05-14,2025-12-02,2395,2396,
ecoreal,Ecoreal Estate,0x7ecbb21346c501fd07eb165e406120fa32381c16,success,2018-10-16,2025-12-02,2353,2354,
ecoterra,Ecoterra,0x982b50e55394641ca975a0eec630b120b671391a,success,2023-09-04,2025-11-28,799,800,
ect,Ecotrader,0xb96682a8f558b8199a2dc039b1dd8911e5068faf,success,2025-03-27,2025-11-26,200,201,
eden,EDEN,0x1559fa1b8f28238fd5d76d9f434ad86fd20d1559,success,2021-08-02,2025-12-02,1584,1585,
eden,EDEN,0x31b2c59d760058cfe57e59472e7542f776d987fb,success,2024-11-23,2025-12-02,324,324,
edena,EDENA,0x618e80a3f00a3907cc021187e9beb73ae4d658a6,success,2025-11-03,2025-12-02,30,709,
edx,edeXa,0xc114678c6e4654d041b2006c90f08478b444c4e2,success,2024-12-09,2025-12-02,341,342,
edge,Edge,0x4ec1b60b96193a64acae44778e51f7bff2007831,success,2018-03-01,2025-12-02,2436,2437,
edgen,LayerEdge,0xaa9806c938836627ed1a41ae871c7e1889ae02ca,success,2025-06-02,2025-12-02,184,185,
egs,EdgeSwap,0xb009bfaaf85e53f55d8657781eb69feaaed83672,success,2022-04-08,2025-12-02,1335,1336,
edu,Open Campus,0x26aad156ba8efa501b32b42ffcdc8413f90e9c99,success,2023-04-28,2025-12-02,950,951,
edum,EDUM,0xac9518ba93eeb2336a03137d254d8cc2e4d0fa38,success,2023-12-27,2025-12-02,707,708,
ese,Eesee,0x908ddb096bfb3acb19e2280aad858186ea4935c4,success,2024-04-12,2025-12-02,600,601,
arm-weth-eeth,eETH ARM LP Token,0xfb0a3cf9b019bfd8827443d131b235b3e0fc58d2,success,2025-11-04,2025-12-02,29,692,
eeyor,Eeyor,0x07c904d8c04323ef9fe6bf13aaeba05b62c54825,success,2023-09-04,2025-12-02,567,567,
efi,Efinity,0x656c00e1bcd96f256f224ad9112ff426ef053733,success,2021-08-04,2025-12-02,1565,1566,
egg,EGG ETH,0xe99379955b676d5a7ebe3f42f2b684796e48d437,success,2024-02-20,2025-12-02,374,374,
eggs,Eggs,0x2e516ba5bf3b7ee47fb99b09eadb60bde80a82e0,success,2023-02-10,2025-12-02,865,866,
egod,EgodCoin,0xa1d23bbef17f88fefc2ada631738e4c42e906a2e,success,2024-05-25,2025-11-22,499,500,
eigen,EigenCloud (prev. EigenLayer),0xec53bf9167f50cdeb3ae105f56099aaab9061f83,success,2024-10-01,2025-12-02,428,429,
mankreth,Eigenpie ankrETH,0x5a4a503f4745c06a07e29d9a9dd88ab52f7a505b,success,1970-01-01,1970-01-01,1,1,
mcbeth,Eigenpie cbETH,0xd09124e8a1e3d620e8807ad1d968021a5495cee8,success,1970-01-01,1970-01-01,1,1,
methx,Eigenpie ETHx,0x9a1722b1f4a1bb2f271211ade8e851afc54f77e5,success,1970-01-01,1970-01-01,1,1,
msfrxeth,Eigenpie frxETH,0x879054273cb2dad631980fa4efe6d25eefe08aa4,success,1970-01-01,1970-01-01,1,1,
mlseth,Eigenpie LsETH,0xa939c02dba8f237b40d2a3e96ad4252b00bb8a72,success,1970-01-01,1970-01-01,1,1,
mmeth,Eigenpie mETH,0x8a053350ca5f9352a16ded26ab333e2d251dad7c,success,1970-01-01,1970-01-01,1,1,
msteth,Eigenpie mstETH,0x49446a0874197839d15395b908328a74ccc96bc0,success,2024-04-19,2025-11-29,453,454,
moeth,Eigenpie oETH,0x310718274509a38cc5559a1ff48c5edbe75a382b,success,1970-01-01,1970-01-01,1,1,
moseth,Eigenpie OsETH,0x352a3144e88d23427993938cfd780291d95ef091,success,1970-01-01,1970-01-01,1,1,
mreth,Eigenpie rETH,0xd05728038681bcc79b2d5aeb4d9b002e66c93a40,success,1970-01-01,1970-01-01,1,1,
mwbeth,Eigenpie wBETH,0xe46a5e19b19711332e33f33c2db3ea143e86bc10,success,1970-01-01,1970-01-01,1,1,
ekubo,Ekubo Protocol,0x04c46e830bb56ce22735d5d8fc9cb90309317d0f,success,2024-05-15,2025-12-02,567,568,
eefi,Elastic Finance Token,0x857ffc55b1aa61a7ff847c82072790cae73cd883,success,2024-04-16,2025-12-02,596,597,
ela,Elastos,0xe6fd75ff38adca4b97fbcd938c86b98772431867,success,2018-02-10,2025-12-02,2853,2854,
evz,Electric Vehicle Zone,0x7a939bb714fd2a48ebeb1e495aa9aaa74ba9fa68,success,2019-09-05,2025-12-02,2281,2282,
eusd,Electronic USD,0xa0d69e286b938e21cbf7e51d71f6a4c8918f482f,success,2022-12-10,2025-12-02,1089,1090,
elmt,Element,0x600d601d8b9eb5de5ac90fefc68d0d08801bfd3f,success,2023-12-19,2025-12-02,690,691,
elmnt,Element 280,0xe9a53c43a0b58706e67341c4055de861e29ee943,success,2024-11-20,2025-12-02,378,379,
llyon,Eli Lilly (Ondo Tokenized Stock),0xf192957ae52db3eb088654403cc2eded014ae556,success,2025-09-02,2025-12-02,92,93,
llyx,Eli Lilly xStock,0x19c41ea77b34bbdee61c3a87a75d1abda2ed0be4,success,2025-07-29,2025-12-02,127,128,
deusd,Elixir deUSD,0x15700b564ca08d9439c58ca5053166e8317aa138,success,2024-08-01,2025-12-02,489,490,
elx,Elixir,0x89a8c847f41c0dfa6c8b88638bacca8a0b777da7,success,2025-03-07,2025-12-02,271,272,
sdeusd,Elixir Staked deUSD,0x5c5b196abe0d54485975d1ec29617d42d9198326,success,2024-12-17,2025-11-21,333,334,
elizaos,ElizaOS,0xea17df5cf6d172224892b5477a16acb111182478,success,2025-11-07,2025-12-02,26,621,
elk,Elk Finance,0xeeeeeb57642040be42185f49c52f7e9b38f8eeee,success,2021-08-19,2025-12-02,1567,1568,
elmo,Elmo,0x335f4e66b9b61cee5ceade4e727fcec20156b2f0,success,2023-05-11,2025-12-02,937,938,
elon,Eloncoin,0x69420e3a3aa9e17dea102bb3a9b3b73dcddb9528,success,2024-05-02,2025-12-02,580,581,
egt,Elon GOAT,0x450e7f6e3a2f247a51b98c39297a9a5bfbdb3170,success,2022-01-06,2025-11-27,1298,1299,
random9,Elons Gamertag,0x156994e6cabea296e7a73cf3742355bf71a64cec,success,2025-01-15,2025-11-21,286,287,
shrub,Elon's Hedgehog,0x5bad3b350252b52bc26515e0603c52c0c699a7ad,success,2025-09-05,2025-11-29,24,304,
gary,Elons Pet Snail,0xf0430bd971ee4a63674a2103e21129e9ccf29686,success,2024-11-14,2025-12-02,371,371,
kek,El Risitas,0xc0200b1c6598a996a339196259ffdc30c1f44339,success,2023-12-18,2025-11-28,571,572,
pepe,El Sapo Pepe,0x69e15ab0fd240de689d09e4851181a6667968008,success,2024-12-17,2025-11-30,313,314,
elfi,ELYFI,0x4da34f8264cb33a5c9f17081b9ef5ff6091116f4,success,2022-02-20,2025-12-02,1313,1314,
elp,Elympics,0xbbcdc8eb044bf661eabfa07b93909a76ebdb1100,success,2025-07-24,2025-12-02,132,133,
el,ELYSIA,0x2781246fe707bb15cee3e5ea354e2154a2877b16,success,2020-03-31,2025-12-02,2073,2074,
elysyn,Elysyn Ai,0x8d813084cd4f7d6f663631e4f568d7c879371d29,success,2025-07-26,2025-12-02,88,89,
ember,Ember Sword,0x35f3bad2fcc8053869086885f7898a3d4309db4e,success,2024-06-14,2025-12-02,537,538,
$emoji,emoji ERC20,0xf12ccd17759367cf139776710b47b00c43d1ac2b,success,2024-01-19,2025-11-26,420,421,
ngm,e-Money,0xed0d5747a9ab03a75fbfec3228cd55848245b75d,success,2021-01-20,2025-12-02,1778,1779,
wally,Emotional Support Alligator,0x4f7d2d728ce137dd01ec63ef7b225805c7b54575,success,2024-11-22,2025-11-26,359,360,
magnus,Emotional Support Dog,0xd00065a096ff5fbaeaec726cdef3414d2c8a5116,success,2024-12-02,2025-11-15,234,235,
empire,Empire,0x9a2af0abb12bee5369b180976be01e8c80d0e7b6,success,2021-06-17,2025-12-02,1630,1631,
emp,Empyreal,0x39d5313c3750140e5042887413ba8aa6145a9bd2,success,2023-08-22,2025-12-02,834,835,
dna,EncrypGen,0xef6344de1fcfc5f48c30234c16c1389e8cdc572c,success,2017-12-04,2025-12-02,2891,2892,
enct,Encryptum,0x1930411152437a3a85d76d6d0720618b31a555e4,success,2025-05-21,2025-11-28,92,93,
end,END,0x2bbd8602091bd1b90797d894163c0de76045f71c,success,2025-07-07,2025-12-02,149,150,
enj,Enjin Coin,0xf629cbd94d3791c9250152bd8dfbdf380e2a3b9c,success,2017-11-10,2025-12-02,2945,2946,
ejs,Enjinstarter,0x96610186f3ab8d73ebee1cf950c750f3b1fb79c2,success,2021-10-03,2025-12-02,1522,1523,
enoch,Enoch,0x4db57d585fa82ca32d25086ddc069d899f08d455,success,1970-01-01,1970-01-01,1,1,
enso,Enso,0x699f088b5dddcafb7c4824db5b10b57b37cb0c66,success,2025-10-14,2025-12-02,50,1191,
ntgl,Entangle,0x12652c6d93fdb6f4f37d48a8687783c782bb0d10,success,2024-03-13,2025-11-03,425,426,
envi,Envi Coin,0xc8020985a6b30773d866cbef65a7a11f96773413,success,1970-01-01,1970-01-01,1,1,
envoy,Envoy A.I,0xcff252a3299be44fa73402966f30a0159308b2ad,success,2024-12-14,2025-11-22,278,279,
eoniq,EonIQ,0x381f60b3d3d50a3353586f48db4c580139157f5e,success,2025-05-31,2025-12-01,70,71,
epep,EPEP,0x9abfcacee1fe43f6fd8f5a8351b1c66950cfc9fe,success,2025-07-13,2025-12-02,143,144,
epic,Epic Chain,0x94314a14df63779c99c0764a30e0cd22fa78fc0e,success,2025-03-13,2025-12-02,265,266,
efg,EPIC FAIL GUY,0x69984efc8244f855a6fecdce254fe51b2836530e,success,2025-07-08,2025-11-27,103,104,
epl,Epic League,0x1236ea13c7339287cd00ab196aaa8217006b04dc,success,2023-10-06,2025-12-02,789,790,
epik,Epik Prime,0x4da0c48376c277cdbd7fc6fdc6936dee3e4adf75,success,2021-08-27,2025-12-02,1559,1560,
aiepk,EpiK Protocol,0xac5b038058bcd0424c9c252c6487c25f032e5ddc,success,2021-05-03,2025-12-02,1671,1672,
eq9,EQ9,0x8c444197d64e079323a1eb8d40655910b052f85a,success,2024-08-31,2025-12-02,452,453,
eqx,EQIFi,0xbd3de9a069648c84d27d74d701c9fa3253098b15,success,2021-08-07,2025-12-02,1579,1580,
eqb,Equilibria Finance,0xfe80d611c6403f70e5b1b9b722d2b3510b740b2b,success,2023-06-07,2025-12-02,910,911,
eqixon,Equinix (Ondo Tokenized Stock),0x73d2ccee12c120e7da265a2de9d9f952a0101b4f,success,2025-09-02,2025-12-02,63,63,
equinox,EQUINOX AI,0x110c44bb14408a2f008a67ed3398191b64c31247,success,2025-06-22,2025-10-20,54,55,
exrd,e-Radix,0x6468e79a80c0eab0f9a2b574c8d5bc374af59414,success,2020-11-18,2025-12-02,1841,1842,
yuge,ErectusDAO,0xfdc9d2a3cae56e484a85de3c2e812784a8184d0d,success,2025-09-20,2025-12-02,74,1612,
eric,Elon's Pet Fish ERIC,0x16c22a91c705ec3c2d5945dbe2aca37924f1d2ed,success,2024-04-19,2025-12-02,588,589,
es1m,eS1M,0x92ef297b02d76a733f6f82665fb4d77e8009c7c7,success,2025-06-30,2025-11-04,68,69,
esco,Esco Coin,0x7163436b8efffb469f6bb81cc908b1661d4795e6,success,2023-05-18,2025-12-02,674,674,
elg,Escoin,0xa2085073878152ac3090ea13d1e41bd69e60dc99,success,2021-01-05,2025-12-02,1793,1794,
eslbr,Escrowed LBR,0x571042b7138ee957a96a6820fce79c48fe2da816,success,1970-01-01,1970-01-01,1,1,
esg,ESG,0x20cd2e7ec8f5d8b337fe46a4f565ccef1561b9a9,success,2022-04-12,2025-12-02,1331,1332,
esport,Esportplayer,0x0b1bd555adf860d4d51c9caba48d756e224451bf,success,2024-12-05,2025-11-26,316,317,
espr,Espresso Bot,0xa3c31927a092bd54eb9a0b5dfe01d9db5028bd4f,success,2023-07-28,2025-12-02,615,615,
ess,Essentia,0xfc05987bd2be489accf0f509e44b0145d68240f7,success,2018-07-07,2025-12-02,2705,2706,
estee,Estee,0x4298e4ad48be89bf63a6fdc470a4b4fe9ce633b1,success,2024-09-29,2025-12-02,430,431,
eai,EternalAI,0xa84f95eb3dabdc1bbd613709ef5f2fd42ce5be8d,success,2024-05-24,2025-12-02,558,559,
mind,Eternal AI,0x60927b83ddd2096f38f22a8a2d84cf863402d1a1,success,2023-12-02,2025-11-24,553,554,
etf,ETF Rocks,0x4e241a9ec66832a16bceaeb9156e524487f061d7,success,2024-01-18,2025-11-21,440,441,
etf,ETF The Token,0x667210a731447f8b385e068205759be2311b86d4,success,2023-09-25,2025-11-28,689,690,
eth0,Usual ETH,0x734eec7930bc84ec5732022b9eb949a81fb89abe,success,2025-06-12,2025-12-02,171,171,
eth2x-fli,Index Coop - ETH 2x Flexible Leverage Index,0xaa6e8127831c9de45ae56bb1b0d4d4da6e5665bd,success,2021-03-16,2025-12-02,1723,1724,
eth6900,ETH6900,0x8dc1c2040bf9c02521b87579ba3e66f4a5fb6b88,success,2025-09-05,2025-09-17,12,174,
eth6900,ETH6900,0x3081f70000e8cf8be2afcae3db6b9d9c796caec5,success,2025-11-19,2025-12-02,14,322,
ethardio,ETHARDIO,0x846e57af29fd21391919318a044191b8725822c2,success,2024-10-14,2025-12-02,309,310,
e,Etheism,0xc0cfbe1602dd586349f60e4681bf4badca584ec9,success,2024-09-05,2025-11-27,356,357,
ena,Ethena,0x57e114b691db790c35207b2e685d4a43181e6061,success,2024-04-02,2025-12-02,610,611,
sena,Ethena Staked ENA,0x8be3460a480c80728a8c4d7a5d5303c85ba7b3b9,success,2024-09-29,2025-12-02,430,431,
susde,Ethena Staked USDe,0x9d39a5de30e57443bff2a8307a4256c8797a3497,success,2024-03-20,2025-12-02,623,624,
usde,Ethena USDe,0x4c9edd5852cd905f086c759e8383e09bff1e68b3,success,2023-12-14,2025-12-02,718,719,
etho,Etho Protocol,0x0b5326da634f9270fb84481dd6f94d3dc2ca7096,success,2018-08-01,2025-11-29,2655,2656,
meth,ETHERBUTTS,0x6969f1feea99e11e75779d96539b4b644ec27557,success,2025-06-28,2025-11-18,69,70,
edoge,EtherDoge,0x8a7b7b9b2f7d0c63f66171721339705a6188a7d5,success,2017-11-01,2025-12-02,1225,1226,
ethereal,Ethereal,0xca4d0892f1d7a0f5e2dcdf490d879a15c866bf27,success,2025-09-10,2025-09-23,9,137,
os,Ethereans,0x6100dd79fcaa88420750dcee3f735d168abcb771,success,2021-10-29,2025-11-18,1440,1441,
edoge,Ethereum Doge,0x786f112c9a6bc840cdc07cfd840105efd6ef2d4b,success,2024-09-24,2025-12-01,421,422,
ethera,Ethereum Goddess,0x42160d5d87e7df8b46e572143a03a7fdb7ccf03e,success,2025-09-04,2025-12-02,56,871,
ebull,ETHEREUM IS GOOD,0x71297312753ea7a2570a5a3278ed70d9a75f4f44,success,2024-08-24,2025-12-02,466,467,
emax,EthereumMax,0x15874d65e649880c2614e7a480cb7c9a55787ff6,success,2021-05-16,2025-12-02,1611,1612,
ethm,Ethereum Meta,0xfd957f21bd95e723645c07c48a2d8acb8ffb3794,success,2018-10-31,2025-12-02,2537,2538,
ens,Ethereum Name Service,0xc18360217d8f7ab5e7c516566761ea12ce7f9d72,success,2021-11-09,2025-12-02,1485,1486,
laputa,Ethereum Origins,0xf5e63b4c9db61c35bb66462745f9a5e64604f0a9,success,2024-10-02,2025-12-02,338,338,
push,Push Protocol,0xf418588522d5dd018b425e472991e52ebbeeeeee,success,2021-04-13,2025-12-02,1695,1696,
usde,Ethereum Reserve Dollar USDE,0x1d00e86748573c322f4cc41518aa0e77bd912eb4,success,1970-01-01,1970-01-01,1,1,
ethv,Ethereum Volatility Index Token,0xc53342fd7575f572b0ff4569e31941a5b821ac76,success,2021-06-28,2025-12-02,1550,1551,
ethfi,Ether.fi,0xfe0c30065b384f05761f15d0cc899d4f9f9cc0eb,success,2024-03-18,2025-12-02,625,626,
liquideth,Ether.Fi Liquid ETH,0xf0bb20865277abd641a307ece5ee04e79073416c,success,2025-10-22,2025-12-02,42,996,
ebtc,Ether.fi Staked BTC,0x657e8c867d8b37dcc18fa4caead9c45eb088c642,success,2024-09-30,2025-12-02,429,430,
eeigen,ether.fi Staked EIGEN,0xe77076518a813616315eaaba6ca8e595e845eee9,success,2024-10-19,2025-12-02,410,411,
eeth,ether.fi Staked ETH,0x35fa164735182de50811e8e2e824cfb9b6118ac2,success,2024-02-07,2025-12-02,665,666,
weeths,ether.fi weETHs,0x917cee801a67f933f2e6b33fc0cd1ed2d5909d88,success,2024-09-04,2025-12-02,455,456,
efloki,EtherFloki,0xcf07d861eb77a0e4c0fd68d7d95ca929a4d56a2e,success,2025-08-18,2025-12-02,107,108,
etrx,Etheria Token,0xa3c48ef518cab21e5772392d5405de5d73b35190,success,1970-01-01,1970-01-01,1,1,
dip,Etherisc DIP,0xc719d010b63e5bbf2c0551872cd5316ed26acd83,success,2018-10-30,2025-12-02,2451,2452,
emon,Ethermon,0xd6a5ab46ead26f49b03bbb1f9eb1ad5c1767974a,success,2021-05-28,2025-12-02,1650,1651,
ern,Ethernity Chain,0xbbc2ae13b23d715c30720f079fcd9b4a74093505,success,2021-03-08,2025-12-02,1731,1732,
vista,Ethervista,0xc9bca88b04581699fab5aa276ccaff7df957cbbf,success,2024-09-02,2025-12-02,457,458,
ethix,Ethix,0xfd09911130e6930bf87f2b0554c44f400bd80d3e,success,2021-02-13,2025-12-02,1740,1741,
els,Ethlas,0xeb575c45004bd7b61c6a8d3446a62a05a6ce18d8,success,2023-06-28,2025-12-02,889,890,
lend,Aave [OLD],0x80fb784b7ed66730e8b1dbd9820afd29931aab03,success,2017-12-20,2025-12-02,2757,2758,
vgx,VGX Token,0x3c4b6e6e1ea3d4863700d7f76b36b7f3d3f13e3d,success,2017-07-30,2025-12-02,3034,3035,
ethos,Ethos,0xcdb8fc4ef27dfeaba9b31899a9d165398bf97b9e,success,2024-09-13,2025-12-02,442,443,
ern,Ethos Reserve Note,0x91a69021b0baef3445e51726458a0ce601471846,success,2023-04-10,2025-12-02,968,969,
ethpad,ETHPad,0x8db1d28ee0d822367af8d220c0dc7cb6fe9dc442,success,2021-08-04,2025-11-30,1563,1564,
snek,ETH Snek,0x2025b2f4c7abe6dcb3843c62c32dfa14990a6269,success,2024-12-30,2025-11-29,283,284,
eths,ETH Stable,0xa9ad6830180f9c150349f2cecadd710586e35cb7,success,1970-01-01,1970-01-01,1,1,
strat,ETH Strategy,0x14cf922aa1512adfc34409b63e18d391e4a86a2f,success,2025-08-13,2025-12-02,110,111,
eul,Euler,0xd9fcd98c322942075a5c3860693e9f4f03aae07b,success,2022-06-24,2025-12-02,1258,1259,
euph,Euphoria,0xa61d1b0b5f3c1bfe7f7ccd42f0f48012592a2952,success,2025-05-20,2025-11-12,55,56,
ery,EURe Real Yield Morpho Vault,0xc21db71648b18c5b9e038d88393c9b254cf8eac8,success,2024-11-29,2025-12-02,369,370,
euri,Eurite,0x9d1a7a3191102e9f900faa10540837ba84dcbae7,success,2024-08-29,2025-12-02,461,462,
ecte,EurocoinToken,0xe9fa21e671bcfb04e6868784b89c19d5aa2424ea,success,2019-01-31,2025-12-02,2243,2244,
erc-ai,Euruka Tech,0x5e3d723c0cb363127d4a6ab5d43d504a17a5c05d,success,2025-01-18,2025-12-02,235,235,
eusd,eUSD (OLD),0x97de57ec338ab5d51557da3434828c5dbfada371,success,2023-05-10,2025-12-02,623,624,
eusd,eUSD,0xdf3ac4f479375802a821f7b7b46cd7eb5e4262cc,success,2023-09-07,2025-11-30,742,743,
eutbl,Spiko EU T-Bills Money Market Fund,0xa0769f7a8fc65e47de93797b4e21c073c117fc80,success,2024-08-15,2025-12-02,475,476,
$eva,eVa-ai,0x3566c8ee9780245e974e759a7716ea6ba0702588,success,2024-09-26,2025-12-02,433,434,
eveai,Eve AI,0x05fe069626543842439ef90d9fa1633640c50cf1,success,2023-04-17,2025-12-02,938,938,
clear,Everclear,0x58b9cb810a68a7f3e1e4f8cb45d1b9b3c79705e8,success,2025-01-15,2025-12-02,322,323,
id,Everest,0xebd9d99a3982d547c5bb4db7e3b1f9f14b67eb83,success,2021-02-08,2025-12-02,1759,1760,
iq,IQ,0x579cea1889991f68acc35ff5c3dd0621ff29b0c9,success,2018-07-17,2025-12-02,2696,2697,
eldg,Everlodge,0xdda31d354a519ecfb0bc2a536b5e7be147c0f7f4,success,2024-02-27,2025-11-24,571,572,
evermoon,EverMoon ERC,0x4ad434b8cdc3aa5ac97932d6bd18b5d313ab0f6f,success,2023-06-12,2025-11-29,736,737,
rise,EverRise,0xc17c30e98541188614df99239cabd40280810ca3,success,2021-06-22,2025-12-02,1625,1626,
ever,Everscale,0x1ffefd8036409cb6d652bd610de465933b226917,success,2020-10-13,2025-12-02,1877,1878,
hold,Everybody,0x68b36248477277865c64dfc78884ef80577078f3,success,2023-10-13,2025-12-02,782,783,
evy,EveryCoin,0xeed3ae7b0f8b5b9bb8c035a9941382b1822671cd,success,2019-01-15,2025-12-02,2488,2489,
egame,Every Game,0x62d3c05b9c3d916fbc111819bbd3cee52906c1ae,success,2021-11-23,2025-12-02,1471,1472,
every,Everyworld,0x9afa9999e45484adf5d8eed8d9dfe0693bacd838,success,2024-04-07,2025-12-02,605,606,
evoai,EvolvAi,0x770880c3927e63e31d4b90314f7a37e09fbbf2fd,success,2025-01-08,2025-11-26,127,128,
evolve,Evolve Network,0x0f719591e2bcb6fcc3e68b16d2a88c89c6ae0d42,success,2025-02-03,2025-12-02,222,223,
epay,EvoPay,0xe46c058b50c046e4544476f8517251dca0711d0e,success,2025-07-10,2025-10-10,46,47,
xed,Exeedme [OLD],0xee573a945b01b788b9287ce062a0cfc15be9fd86,success,2020-12-30,2025-12-01,1750,1751,
xed,Exeedme,0xef7f7820a001aabac5e0979b175c9ff8af3dd4ec,success,2025-01-14,2025-12-02,318,318,
exm,EXMO Coin,0x83869de76b9ad8125e22b857f519f001588c0f62,success,2019-08-03,2025-12-02,2223,2224,
sama,Moonsama,0xe04f47ff45576249bc5083dfdf987e03d0550113,success,2022-12-10,2025-12-02,1083,1084,
expex,Expedia xStock,0xd1be5ba0c293997c7f69da707d14eb4abcb13ddd,success,1970-01-01,1970-01-01,1,1,
xdna,extraDNA,0x8e57c27761ebbd381b0f9d09bb92ceb51a358abb,success,2020-09-30,2025-12-02,1593,1594,
xomx,Exxon Mobil xStock,0xeedb0273c5af792745180e9ff568cd01550ffa13,success,2025-10-20,2025-12-02,29,364,
eye,Eyeverse,0x92d529163c5e880b9de86f01de0cb8924d790357,success,1970-01-01,1970-01-01,1,1,
eywa,EYWA,0x8cb8c4263eb26b2349d74ea2cb1b27bc40709e12,success,2024-12-20,2025-12-02,348,349,
tyrant,Fable Of The Dragon,0x8ee325ae3e54e83956ef2d5952d3c8bc1fa6ec27,success,2022-10-21,2025-11-28,1105,1106,
ferc,FairERC20,0x2ecba91da63c29ea80fbe7b52632ca2d1f8e5be0,success,2023-06-12,2025-12-02,905,906,
fbb4,Faith,0xfbb4f63821e706daf801e440a5893be59094f5cc,success,2025-08-14,2025-12-02,111,112,
ftrb,Faith Tribe,0x2596825a84888e8f24b747df29e11b5dd03c81d7,success,2022-02-25,2025-12-02,1377,1378,
usdf,Falcon USD,0xfa2b947eec368f42195f24f36d2af29f7c24cec2,success,2025-02-23,2025-12-02,283,284,
ff,Falcon Finance,0xfa1c09fc8b491b6a4d3ff53a10cad29381b3f949,success,2025-09-29,2025-12-02,65,1547,
f9,Falcon Nine,0x38a94e92a19e970c144ded0b2dd47278ca11cc1f,success,2021-07-05,2025-12-02,1463,1463,
fmc,FAME AI,0x6bfdb6f4e65ead27118592a41eb927cea6956198,success,2023-12-13,2025-12-02,721,722,
$fame,FAME- Rumble Kong League,0x26827f7f51769ea21f94ba98ba64f5d0dc8988f9,success,2025-03-14,2025-11-29,231,232,
guy,Family Guy,0x4743a7a193cdf202035e9bc6830a07f1607630c4,success,2023-05-19,2025-12-01,643,644,
fanc,fanC,0xbb126042235e6bd38b17744cb31a8bf4a206c045,success,2022-07-20,2025-12-02,1232,1233,
far,FARCANA,0xf9fa60ef4f23f00cce403cc4d2c11baf4880a0d6,success,2024-01-23,2025-12-02,680,681,
fart,FartCoin,0x1e8e148055cbd5a02ea75eed79da7ce4b91108b9,success,2025-06-25,2025-12-02,161,162,
ftn,Fasttoken,0xaedf386b755465871ff874e3e37af5976e247064,success,2023-01-21,2025-12-02,1046,1047,
fatal,Fatalismftw,0x841a3083074b1a40b644bf2ba2491a731b6da277,success,2025-01-22,2025-11-28,296,297,
ftr,Fautor,0xd6c7bb8531295e88d364ea67d5d1acc7d3f87454,success,2024-06-15,2025-12-02,536,537,
fear,FEAR,0x88a9a52f944315d5b4e917b9689e65445c401e83,success,2021-05-26,2025-12-02,1652,1653,
fedai,Federal AI,0xd4318fa09c45cfb6355ded6085b0d698b64ec1cd,success,2024-01-30,2025-11-23,509,510,
fgm,Feels Good Man,0x1f19d846d99a0e75581913b64510fe0e18bbc31f,success,2024-04-18,2025-12-02,592,593,
fefe,Fefe,0x5a858d94011566f7d53f92feb54aff9ee3785db1,success,2024-05-31,2025-12-02,375,375,
fefe,Fefe,0xfefe157c9d0ae025213092ff9a5cb56ab492bab8,success,2024-08-10,2025-12-02,480,481,
fei,Fei USD,0x956f47f50a910163d8bf957cf5846d573e7f87ca,success,2021-04-03,2025-12-02,1705,1706,
flz,Fellaz,0x8e964e35a76103af4c7d7318e1b1a82c682ae296,success,2022-06-27,2025-12-02,1254,1255,
fb,Fenerbahçe,0xfb19075d77a0f111796fb259819830f4780f1429,success,2021-08-16,2025-12-02,1570,1571,
ferret,Ferret AI,0xbcbda13bd60bc0e91745186e274d1445078d6b33,success,2024-01-23,2025-12-01,543,544,
fer,Ferro,0x2f32b39023da7d6a6486a85d12b346eb9c2a0d19,success,2022-07-18,2025-12-02,1234,1235,
frm,Ferrum Network,0xe5caef4af8780e59df925470b050fb23c43ca68c,success,2019-08-06,2025-12-02,2311,2312,
fet,Artificial Superintelligence Alliance,0xaea46a60368a7bd060eec7df8cba43b7ef41ad85,success,2019-03-01,2025-12-02,2469,2470,
fets,FE TECH,0xf4a509313437dfc64e2efed14e2b607b1aed30c5,success,2024-12-25,2025-11-18,329,330,
fiabtc,Fiamma BTC,0x22f0e0a4c97ff43546dad16d43ef854c773f0e08,success,2025-08-08,2025-12-02,117,118,
fias,FIAS,0x8e4f1ce473b292d56934c36976356e3e22c35585,success,2025-03-29,2025-12-02,249,250,
fido,Fido,0x6b985d38b1fc891bb57bff59573626b1896d4aa1,success,2023-11-13,2025-11-30,678,679,
fidu,Fidu,0x6a445e9f40e0b97c92d0b8a3366cef1d67f700bf,success,2022-06-10,2025-12-02,1071,1071,
fight,Fight to MAGA,0x8802269d1283cdb2a5a329649e5cb4cdcee91ab6,success,2024-07-16,2025-12-02,505,506,
figon,Figma Ord Shs (Ondo Tokenized Stock),0x073e7a0669833d356fa88ca65cc6d454efaaa3c5,success,2025-09-02,2025-12-02,90,91,
figx,Figma xStock,0x3c313d234d0c6c876f6c21ba2ec1f26823247be2,success,1970-01-01,1970-01-01,1,1,
fcp,Filipcoin,0xb6dd77fd132dcaa10f1858734e838a0fa7431580,success,2021-12-08,2025-12-02,1423,1424,
fbx,Finance Blocks,0x60bb16c4a931b1a0b8a7d945c651dd90f41d42cf,success,2022-03-10,2025-11-15,1346,1347,
fvt,Finance Vote,0x45080a6531d671ddff20db42f93792a489685e32,success,2020-11-22,2025-12-02,1500,1501,
fnct,Financie Token,0x8af78f0c818302164f73b2365fe152c2d1fe80e1,success,2023-04-13,2025-12-02,965,966,
fnxai,Finanx AI,0x939069722d568b5498ccba4356e800eaefefd2a5,success,2024-10-28,2025-12-02,401,402,
fine,FINE,0x75c97384ca209f915381755c582ec0e2ce88c1ba,success,2023-09-13,2025-12-02,812,813,
fmt,Finminity,0x99c6e435ec259a7e8d65e1955c9423db624ba54c,success,2021-04-07,2025-12-02,1414,1415,
ftx,FintruX,0xd559f20296ff4895da39b5bd9add54b442596a61,success,2018-04-25,2025-12-02,2704,2705,
fiona,Fiona,0x7e7ef0ee0305c1c195fcae22fd7b207a813eef86,success,2024-10-09,2025-12-02,374,375,
fire,Fire Protocol,0xf921ae2dac5fa128dc0f6168bf153ea0943d2d43,success,2020-12-28,2025-12-02,1801,1802,
fct,Firmachain,0xe1bad922f84b198a08292fb600319300ae32471b,success,2019-11-10,2025-12-02,2215,2216,
fdusd,First Digital USD,0xc5f0f7b66764f6ec8c8dff7ba683102295e16409,success,2023-07-26,2025-12-02,861,862,
grok,First GROK AI,0x0ee27a1f959ea7ea2aa171a7e2e48fd9f17bb8eb,success,2023-11-16,2025-11-21,536,537,
lolcat,First Meme,0xc289c2d57e2ba371f40d594705dbf9331a2da47d,success,2024-09-29,2025-11-17,259,260,
fscc,FISCO Coin,0x0789dbae94fb18e5789b8e4489bcb7a1adb58622,success,2018-10-23,2025-12-02,2588,2589,
ftp,Fisttrumppump,0x91f322e0d0bd688acd511a789431a2b672a28013,success,2024-10-30,2025-12-01,391,392,
fix,FixMe AI,0x41b3a4d2819ffd82139d36c9c14a4de759662749,success,2025-09-05,2025-11-27,64,1157,
fjo,Fjord Foundry,0x69457a1c9ec492419344da01daf0df0e0369d5d0,success,2024-04-20,2025-12-02,592,593,
flappy,Flappy,0x590246bfbf89b113d8ac36faeea12b7589f7fe5b,success,2024-06-25,2025-12-02,523,523,
flay,Flayer,0xf1a7000000950c7ad8aff13118bb7ab561a448ee,success,2024-09-27,2025-12-02,432,433,
bone,FLEABONE,0x7076de6ff1d91e00be7e92458089c833de99e22e,success,2024-11-15,2025-12-02,381,381,
flex,FlexMeme,0xb076bda1abc154ddb4ccd9be45542a823aee290e,success,2023-04-26,2025-11-20,560,561,
flip,Flip the Frog,0x2235fc68939b16dec2a00631433c29e6352d1a02,success,2025-07-23,2025-12-02,131,132,
flo,Flo,0x8561d6829189db74ea1165b7d2bc633616891695,success,2025-08-01,2025-12-02,106,107,
bank,Float Protocol,0x24a6a37576377f63f194caa5f518a60f45b42921,success,2021-02-27,2025-11-29,1730,1731,
flochi,Flochi,0x9cbefeec232cdbe428ec59ce310c6febc01d6163,success,2024-06-09,2025-11-09,410,411,
flock,Flockerz,0xb33d999469a7e6b9ebc25a3a05248287b855ed46,success,2025-01-29,2025-12-02,308,309,
floki,FLOKI,0xcf0c122c6b73ff809c693db761e7baebe62b6a2e,success,2021-06-28,2025-12-02,1619,1620,
fork,FlokiFork,0x7d225c4cc612e61d26523b099b0718d03152edef,success,2024-02-06,2025-12-02,666,667,
flrbrg,Floor Cheese Burger,0x9138c8779a0ac8a84d69617d5715bd8afa23c650,success,2023-09-03,2025-12-02,808,808,
flc,Floor Protocol,0x102c776ddb30c754ded4fdcc77a19230a60d4e4f,success,2023-10-24,2025-11-08,713,714,
ffm,Florence Finance Medici,0x72a9b1c9b191781bb15f1b98f443a1d916557c92,success,2024-01-09,2025-12-02,691,691,
$flork,Flork,0xdb0238975ce84f89212ffa56c64c0f2b47f8f153,success,2024-07-01,2025-11-29,409,410,
ai,Flourishing AI,0x6ab4ce36260f201e4e2391eca2fd7538f71e4131,success,2021-09-23,2025-12-02,1502,1503,
flovi,Flovi Inu,0x725024200cd4e1f259fcf2b7153d37fb477e139c,success,2024-04-03,2025-11-28,515,516,
flt,Fluence,0x236501327e701692a281934230af0b6be8df3353,success,2024-03-22,2025-12-02,621,622,
fdai,Fluid DAI,0x244517dc59943e8cdfbd424bdb3262c5f04a1387,success,1970-01-01,1970-01-01,1,1,
ftusd,Fluid TUSD,0x0b319db00d07c8fadfaaef13c910141a5da0aa8f,success,1970-01-01,1970-01-01,1,1,
fusdc,Fluid USDC,0x9d1089802ee608ba84c5c98211afe5f37f96b36c,success,2022-12-20,2025-12-02,1015,1016,
fweth,Fluid Wrapped Ether,0x90551c1795392094fe6d29b758eccd233cfaa260,success,2025-07-12,2025-12-02,118,119,
fwsteth,Fluid Wrapped Staked ETH,0x2411802d8bea09be0af8fd8d08314a63e706b29c,success,2025-10-11,2025-12-02,53,1255,
flurry,Flurry Finance,0x60f63b76e2fc1649e57a3489162732a90acf59fe,success,2021-09-06,2025-12-02,1549,1550,
flut,Flute,0x4f08705fb8f33affc231ed66e626b40e84a71870,success,2023-02-21,2025-11-27,668,669,
flux,Datamine FLUX,0x469eda64aed3a3ad6f868c44564291aa415cb1d9,success,2020-07-03,2025-12-02,1823,1824,
flux,Flux,0xbfde5ac4f5adb419a931a5bf64b0f3bb5a623d06,success,2024-10-20,2025-12-02,409,410,
fdai,Flux DAI,0xe2ba8693ce7474900a045757fe0efca900f6530b,success,1970-01-01,1970-01-01,1,1,
ffrax,Flux FRAX,0x1c9a2d6b33b4826757273d47ebee0e2dddcd978b,success,1970-01-01,1970-01-01,1,1,
flx,Flux Protocol,0x3ea8ea4237344c9931214796d9417af1a1180770,success,2021-12-13,2025-12-02,1451,1452,
fac,Flying Avocado Cat,0x1a3a8cf347b2bf5890d3d6a1b981c4f4432c8661,success,2024-01-03,2025-12-02,700,701,
foam,FOAM,0x4946fcea7c692606e8908002e55a582af44ac121,success,2018-12-12,2025-12-02,2480,2481,
fodl,Fodl Finance,0x4c2e59d098df7b6cbae0848d66de2f8a4889b9c3,success,2021-10-14,2025-12-02,1511,1512,
fofar,Fofar,0xeff49b0f56a97c7fd3b51f0ecd2ce999a7861420,success,2024-04-09,2025-12-02,602,603,
fofar,Fofar0x71,0x716bb5e0839451068885250442a5b8377f582933,success,2024-06-03,2025-11-24,488,489,
fofo,FOFO Token,0x27f103f86070cc639fef262787a16887d22d8415,success,2023-05-19,2025-11-04,468,469,
fog,FOGnet,0x33277c3ff3642c80a9d63daacecff87f1ce8d3e9,success,2023-09-14,2025-12-02,786,787,
folks,FOLKS,0xff7f8f301f7a706e3cfd3d2275f5dc0b9ee8009b,success,2025-11-06,2025-12-02,27,636,
folo,Alpha Impact,0xb2a63a5dd36c91ec2da59b188ff047f66fac122a,success,2021-11-08,2025-12-02,1251,1252,
fomo,FOMO,0x6d44ddba07a9373d665ce636f639e1c46565a349,success,2025-08-30,2025-12-02,95,96,
fonzy,Fonzy,0xb939da54f9748440a1b279d42be1296942732288,success,2023-05-10,2025-11-25,549,550,
foom,Foom,0xd0d56273290d339aaf1417d9bfa1bb8cfe8a0933,success,2023-08-18,2025-12-02,833,834,
frc,Force,0x58083b54013631bacc0bbb6d4efa543fee1d9ce0,success,2023-07-10,2025-12-02,859,860,
for,ForTube,0x1fcdce58959f536621d76f5b7ffb955baa5a672f,success,2019-05-04,2025-12-02,2405,2406,
forest,Forest Protocol,0x8d33f0ae6d111212d9d64b0821c7cf09e6270c27,success,2025-09-01,2025-12-02,93,94,
forg,Forg,0x99420584706e47b1c5198cd80fef64d09f94adf1,success,2025-08-14,2025-12-02,111,112,
fp,Forgotten Playland,0xeeee2a2e650697d2a8e8bc990c2f3d04203be06f,success,2024-02-21,2025-12-02,651,652,
cgx,Forkast,0xdbde08d475bd50e2d1a6af34c7b10dd430d8396e,success,2025-02-19,2025-11-21,276,277,
flag,For Loot And Glory,0x9348e94a447bf8b2ec11f374d3f055fd47d936df,success,2021-11-22,2025-12-02,1465,1466,
fort,Forta,0x41545f8b9472d758bb669ed8eaeeecd7a9c4ec29,success,2022-06-15,2025-12-02,1267,1268,
fbg,Fort Block Games,0xeb935deb517e4c2abc282e5e251ed4d05db79e93,success,2024-02-19,2025-11-29,635,636,
fai,FORTIFY AI,0x2893a91b29b80ab62deffff6eb135f32dda8e1d3,success,2025-01-17,2025-11-09,210,211,
fortknox,Fort Knox,0xac6708e83698d34cd5c09d48249b0239008d0ccf,success,2025-03-09,2025-12-02,200,201,
forward,Forward,0x01824357d7d7eaf4677bc17786abd26cbdec9ad7,success,2024-02-06,2025-12-02,666,667,
fottie,Fottie,0xe3b9cfb8ea8a4f1279fbc28d3e15b4d2d86f18a0,success,2024-03-08,2025-12-02,635,636,
four,FourCoin,0x244b797d622d4dee8b188b03546acaabd0cf91a0,success,2023-05-08,2025-12-02,940,941,
foxe,FOXE,0x378e1be15be6d6d1f23cfe7090b6a77660dbf14d,success,2023-05-09,2025-12-02,877,877,
fragma,FRAGMA,0x103c45ffcf40f481a318480718501527929a89c3,success,2025-05-11,2025-11-23,164,165,
frakt,FRAKTIΛ,0xcdbdd8a173c385d8a3c8cab7914a99e8c3d9c3a1,success,2025-06-27,2025-11-07,93,94,
zchf,Frankencoin,0xb58e61c3098d85632df34eecfb899a1ed80921cb,success,2024-04-18,2025-12-02,594,595,
fly,Franklin,0x85f6eb2bd5a062f5f8560be93fb7147e16c81472,success,2021-04-16,2025-12-02,1689,1690,
benji,Franklin Templeton BENJI,0x3ddc84940ab509c11b20b76b466933f40b750dc9,success,2025-06-23,2025-12-02,163,164,
frax,Legacy Frax Dollar,0x853d955acef822db058eb8505911ed77f175b99e,success,2020-12-21,2025-12-02,1808,1809,
frxeth,Frax Ether,0x5e8422345238f34275888049021821e8e08caa1f,success,2022-11-23,2025-12-02,1096,1097,
fpi,Frax Price Index,0x5ca135cb8527d76e932f34b5145575f9d8cbe08e,success,2022-04-09,2025-12-02,1297,1298,
fpis,Frax Price Index Share,0xc2544a32872a91f4a553b404c6950e89de901fdb,success,2022-04-09,2025-12-02,1334,1335,
frax,Frax (prev. FXS),0x3432b6a60d23ca0dfca7761b7ab56459d9c964d0,success,2020-12-21,2025-12-02,1808,1809,
frxusd,Frax USD,0xcacd6fd266af91b8aed52accc382b4e165586e29,success,2025-02-16,2025-12-02,290,291,
freak,Freakoff,0xcb43c88c980ff3a2c3f45f125d9886e7aabcd017,success,2024-10-09,2025-11-19,237,238,
fdm,Freedom,0x60d91f6d394c5004a782e0d175e2b839e078fb83,success,2024-05-24,2025-12-02,548,549,
free,FREEdom coin,0x2f141ce366a2462f02cea3d12cf93e4dca49e4fd,success,2018-08-25,2025-12-02,2657,2658,
frel,Freela,0x29ceddcf0da3c1d8068a7dfbd0fb06c2e438ff70,success,2021-05-28,2025-11-22,1482,1483,
x,Free Speech,0x140007c65535aa9c3801ea3bbd3f83c378c7f457,success,2024-12-27,2025-12-02,341,342,
$trump,FreeTrump,0xd015422879a1308ba557510345e944b912b9ab73,success,2024-01-21,2025-11-29,649,650,
zypto,Zypto Token,0x7a65cb87f596caf31a4932f074c59c0592be77d7,success,2021-10-16,2025-12-02,1509,1510,
fresco,Fresco,0xb9eb6f357f040be1d2a3d6b4ba750d1ab8a4233c,success,2024-06-05,2025-12-02,415,415,
fric,FRIC,0x753c18121d41ccb3e6c928520060f5febf4141e9,success,2025-07-05,2025-12-01,94,95,
fric,Frictionless,0x23fa3aa82858e7ad1f0f04352f4bb7f5e1bbfb68,success,2024-04-05,2025-12-02,607,608,
fwb,Friends With Benefits Pro [OLD],0x35bd01fc9d6d5d81ca9e055db88dc49aa2c699a8,success,2021-03-20,2025-12-02,1712,1713,
frin,Fringe Finance,0xc9fe6e1c76210be83dc1b5b20ec7fd010b0b1d15,success,2020-11-25,2025-12-02,1834,1835,
frogex,FrogeX,0x5fa54fddf1870c344dbfabb37dfab8700ec0def1,success,2021-04-14,2025-11-21,1130,1131,
froge,Froge,0xcab254f1a32343f11ab41fbde90ecb410cde348a,success,2023-11-27,2025-12-02,510,511,
frogger,FROGGER,0xe778fd9a8d074e4a808092896b33fe3d3452c125,success,2025-05-23,2025-11-29,186,187,
frogo,FROGO,0xf42845b7fd65709f251146ab373933f20e9d7c41,success,2025-05-20,2025-12-02,196,197,
frog,Frog on ETH,0x0a2c375553e6965b42c135bb8b15a8914b08de0c,success,2024-06-14,2025-12-02,529,530,
$frogs,Frogs,0x3e9c3dc19efe4271d1a65facfca55906045f7b08,success,2024-10-23,2025-12-02,373,374,
fxt,Frog X Toad 6900,0xe41caa3b971fb35c6872eee02ff6b0dbc6eb9fa2,success,2025-08-14,2025-12-02,111,112,
frnt,Frontier Stable Token,0x5e817f2abccb9095585d26c2a3ce234a440574fc,success,1970-01-01,1970-01-01,1,1,
front,Frontier,0xf8c3527cc04340b208c854e985240c02f7b7793f,success,2020-09-15,2025-12-02,1905,1906,
frr,Frontrow,0xe6602b34d8510b033e000975b3322537c7172441,success,2021-12-16,2025-11-07,1381,1382,
fsn,FUSION,0x9afc975edb8a0b57f066e8e0a72a5e2adbdcb605,success,2018-05-09,2025-12-02,2765,2766,
ftmx,FTMTOKEN,0x45510db2481353178db5abb87c96805fadad0724,success,2025-09-08,2025-12-02,86,2051,
ftt,FTX,0x50d1c9771902476076ecfc8b2a83ad6b9355a4c9,success,2019-07-30,2025-12-02,2318,2319,
fubao,Fu Bao,0x3e66c9a569efcf704391b54fd1eebd8ca0556960,success,2024-10-14,2025-11-26,269,270,
fuel,Fuel Network,0x675b68aa4d9c2d3bb3f0397048e62e6b7192079c,success,2024-12-19,2025-12-02,349,350,
fufu,Fufu Token,0x7b37a55ffb30c11d95f943672ae98f28cfb7b087,success,2023-10-10,2025-11-28,674,675,
fuku,FUKU,0x6a159543abfc7baf816fdbc99efd48e4ee7acc63,success,2024-08-28,2025-12-02,423,423,
fuku,Fuku-Kun,0x1001271083c249bd771e1bb76c22d935809a61ee,success,2024-08-10,2025-12-02,475,476,
fula,Functionland,0x92217ccaedbdbc54c76c15fea18823db1558fdc9,success,2025-03-18,2025-12-02,260,261,
fun,FUNToken,0x419d0d8bdd9af5e606ae2232ed285aff190e711b,success,2017-07-15,2025-12-02,3063,3064,
furo,Furo,0xd843713a7e6b3627cca4e7f70d34318d72708152,success,2025-08-16,2025-12-02,104,105,
combo,Furucombo,0xffffffff2ba8f66d4e51811c5190992176930278,success,2021-01-12,2025-12-02,1766,1766,
fusaka,Fusaka,0x7607546645655d4e93ea6839a55339263b3e4986,success,2025-08-20,2025-12-02,105,106,
fuse,Fuse,0x970b9bb2c0444f5e81e9d0efb84c8ccdcdcaf84d,success,2020-01-14,2025-12-02,2024,2025,
fusion,Fusion AI,0xb868cca38a8e6348d8d299c9b3c80e63d45abe4c,success,2025-01-06,2025-11-29,310,311,
futuon,Futu Holdings (Ondo Tokenized Stock),0x5ce215d9c37a195df88e294a06b8396c296b4e15,success,2025-09-02,2025-12-02,73,74,
fst,Futureswap,0x0e192d382a36de7011f795acc4391cd302003606,success,2021-03-25,2025-11-30,1674,1675,
fsx,FUTURESYNCX,0x05df9c31db36c7a0da33e7be1fdbc652d35b6922,success,1970-01-01,1970-01-01,1,1,
fvix,FVIX,0x0c65b7094e9cedebf9ad5b6a631e57961e0680cf,success,2025-07-17,2025-11-12,119,120,
fxi,FX1Sports,0xc5190e7fec4d97a3a3b1ab42dfedac608e2d0793,success,2023-05-02,2025-12-02,946,947,
fxh,fxhash,0xc0c592d6f9804f4fa8316cb4b95b047ef8f95a56,success,2025-07-02,2025-12-02,154,155,
fxn,f(x) Protocol,0x365accfca291e7d3914637abf1f7635db165bb09,success,2023-09-29,2025-12-02,796,797,
fxusd,f(x) Protocol fxUSD,0x085780639cc2cacd35e474e71f4d000e2405d8f6,success,2024-03-21,2025-12-02,622,623,
xeth,f(x) Protocol Leveraged ETH,0xe063f04f280c60aeca68b38341c2eecbec703ae2,success,2023-10-08,2025-12-02,708,709,
fxusdc,f(x) Protocol Morpho USDC,0x4f460bb11cf958606c69a963b4a17f9daeeea8b6,success,2024-12-16,2025-12-02,352,353,
rusd,f(x) rUSD,0x65d72aa8da931f047169112fcf34f52dbaae7d18,success,2024-04-25,2025-12-02,431,432,
fxsave,f(x) USD Saving,0x7743e50f534a7f9f1791dde7dcd89f7783eefc39,success,2025-07-16,2025-12-02,140,141,
fyde,Fyde,0x8a462e6a0051d006e33152fbeadfb9a14198de30,success,2024-10-09,2025-12-02,420,421,
g,G,0x276105758dfb270f5cd845aa04a6ba09c88699ca,success,2024-06-10,2025-12-02,283,283,
gaga,Gaga (Pepe),0xb29dc1703facd2967bb8ade2e392385644c6dca9,success,2024-03-29,2025-12-02,613,614,
gaia,Gaia,0x2ee7097bfdd98fce2ac08a1896038a7cd9aaed81,success,2025-07-30,2025-12-02,126,127,
gaib,GAIB,0xc19d38925f9f645337b1d1f37baf3c0647a48e50,success,2025-11-19,2025-12-02,14,327,
aidausdc,Gaib AI Dollar Alpha USDC,0xd5255cc08ebaf6d54ac9448822a18d8a3da29a42,success,2025-09-30,2025-11-22,54,1233,
gains,Gains,0x056c1d42fb1326f57da7f19ebb7dda4673f1ff55,success,2021-04-07,2025-12-02,1699,1700,
gaj,Gaj Finance,0x9fda7ceec4c18008096c2fe2b85f05dc300f94d0,success,2021-05-08,2025-12-02,1574,1575,
gala,GALA,0xd1d2eb1b1e90b638588728b4130137d262c87cae,success,2020-09-16,2025-12-02,1904,1905,
gnet,Galactica.com,0x690f1eef8acead09ac695d9111af081045c6d5b7,success,2025-10-03,2025-12-02,61,1454,
music,Gala Music,0xd8c0b13b551718b808fc97ead59499d5ef862775,success,2023-12-08,2025-12-02,725,726,
galaxis,GALAXIS Token,0x423071774c43c0aaf4210b439e7cda8c797e2f26,success,2024-05-10,2025-12-02,572,573,
glxyx,Galaxy Digital xStock,0xf7f4fac56f012de7dd6adff54c761986b9e0655a,success,1970-01-01,1970-01-01,1,1,
gfox,Galaxy Fox,0x8f1cece048cade6b8a05dfa2f90ee4025f4f2662,success,2024-04-25,2025-12-02,585,586,
ize,Galvan,0xf7e945fce8f19302aacc7e1418b0a0bdef89327b,success,2023-03-15,2025-12-02,981,982,
g3,GAM3S.GG,0xcf67815cce72e682eb4429eca46843bed81ca739,success,2024-04-09,2025-12-02,603,604,
gbe,Gambex,0x176bc22e1855cd5cf5a840081c6c5b92b55e2210,success,2023-11-06,2025-12-02,719,719,
gambit,Gambit,0x2ae21de576e0fe0367651ddcf76e04dd0608c076,success,2024-03-14,2025-12-02,524,524,
gtc,Game,0xb70835d7822ebb9426b56543e391846c107bd32c,success,2017-12-28,2025-12-02,2897,2898,
games,GAME,0x67886ababdd886653b64bb846ea5822a6c353dd4,success,2025-06-06,2025-09-27,101,102,
ball,Game 5 BALL,0x393bf304dd474f48210f5ce741f19a2a851703ca,success,2024-08-05,2025-12-02,485,486,
g7,Game7,0x12c88a3c30a7aabc1dd7f2c08a97145f5dccd830,success,2025-02-12,2025-12-02,294,295,
game,GameBuild,0x825459139c897d769339f295e962396c4f9e4a4d,success,2024-05-13,2025-12-02,569,570,
gmee,GAMEE,0xd9016a907dc0ecfa3ca425ab20b6b785b42f2373,success,2021-04-09,2025-12-02,1699,1700,
flp,Gameflip,0x3a1bda28adb5b0a812a7cf10a1950c920f79bcd3,success,2018-09-27,2025-12-02,2319,2320,
duel,GameGPT,0x943af2ece93118b973c95c2f698ee9d15002e604,success,2024-01-12,2025-12-02,691,692,
ghx,GamerCoin,0x728f30fa2f100742c7949d1961804fa8e0b1387d,success,2021-04-08,2025-12-02,1700,1701,
gmrt,The Game Company,0x6967f0974d76d34e140cae27efea32cdf546b58e,success,2025-02-13,2025-12-02,293,294,
game,Gamestarter,0xd567b5f02b9073ad3a982a099a23bf019ff11d1c,success,2021-08-11,2025-12-02,1575,1576,
gme,GME (Ethereum),0xc56c7a0eaa804f854b536a5f3d5f49d2ec4b12b8,success,2024-05-16,2025-12-02,566,567,
gmeon,GameStop (Ondo Tokenized Stock),0x71d24baeb0a033ec5f90ff65c4210545af378d97,success,2025-09-02,2025-12-02,84,85,
gmex,Gamestop xStock,0xe5f6d3b2405abdfe6f660e63202b25d23763160d,success,2025-07-11,2025-12-02,48,49,
gswap,Gameswap,0xaac41ec512808d64625576eddd580e7ea40ef8b2,success,2020-11-04,2025-12-02,1854,1855,
gswift,GameSwift,0x580e933d90091b9ce380740e3a4a39c67eb85b4c,success,2023-07-23,2025-12-02,864,865,
gmm,Gamium,0x4b19c70da4c6fa4baa0660825e889d2f7eabc279,success,2022-03-30,2025-12-02,1344,1345,
gamma,Gamma Strategies,0x6bea7cfef803d1e3d5f7c0103f7ded065644e197,success,2021-12-27,2025-12-02,1432,1433,
gs,GammaSwap,0x64d3cae387405d91f7b0d91fb1d824a281719500,success,2024-09-19,2025-12-02,440,441,
$gappy,Gap Tooth Lizard,0xb253ade07051c71be64c235f38fdd5db6753f3bd,success,2025-08-24,2025-12-02,101,102,
garbage,Garbage,0x619e398858a3110df4d89056a15a40338a01e65f,success,2024-01-04,2025-11-22,413,414,
seed,Garden,0x5eed99d066a8caf10f3e4327c1b3d8b673485eed,success,2024-01-23,2025-12-02,669,669,
grlc,Garlicoin,0x58f7345b5295e43aa454911571f13be186655be9,success,2018-02-11,2025-12-02,2824,2825,
gas,Gas DAO,0x6bba316c48b49bd1eac44573c5c871ff02958469,success,2021-12-29,2025-12-02,1433,1434,
gasp,GASP,0x736ecc5237b31edec6f1ab9a396fae2416b1d96e,success,2025-03-08,2025-12-02,219,220,
gass,Gasspas,0x774eaf7a53471628768dc679da945847d34b9a55,success,2025-05-16,2025-12-02,201,202,
gt,Gate,0xe66747a101bff2dba3697199dcce5b743b454759,success,2019-04-25,2025-12-02,2414,2415,
gate,GATENet,0x9d7630adf7ab0b0cb00af747db76864df0ec82e4,success,2021-06-02,2025-12-02,1272,1273,
mars,GATEWAY TO MARS,0xc3d2b3e23855001508e460a6dbe9f9e3116201af,success,2023-12-30,2025-12-02,524,524,
gtbtc,Gate Wrapped BTC,0xc2d09cf86b9ff43cb29ef8ddca57a4eb4410d5f3,success,2025-08-23,2025-12-02,102,103,
gatsby,GATSBY,0xca7af58da871736994ce360f51ec6cd28351a3df,success,2024-10-31,2025-12-02,365,366,
gatsby,Gatsby Inu,0x5d0ebc4ec5ac18d30512fb6287886245061b3dbd,success,2023-05-29,2025-12-02,667,667,
gtusdc,Gauntlet USDC Prime Morpho Vault,0xdd0f28e19c1780eb6396170735d45153d261490d,success,2024-11-28,2025-12-02,370,371,
gauss,Gauss0x,0x622984873c958e00aa0f004cbdd2b5301cf0b132,success,2024-03-18,2025-11-05,356,357,
gav,GavCoin,0x55c3a56e638e96c91f98735cc86f60a6820e6a44,success,2024-05-02,2025-11-26,395,396,
gbtc,GBTC6900,0x74ab072c91bf33479f959ce70561e785fd7391fd,success,2024-10-13,2025-11-27,309,310,
gear,Gearbox,0xba3335588d9403515223f109edc4eb7269a9ab5d,success,2022-12-19,2025-12-02,1080,1081,
gup,GearUp,0x1b887c8621ed207d831b846951a80474fb17a31d,success,2025-05-15,2025-12-01,146,147,
gecky,Gecky,0x694200465963898a9fef06a5b778d9e65721685c,success,2024-10-19,2025-12-02,320,321,
gec,Gecoin,0xe304283c3e60cefaf7ea514007cf4e8fdc3d869d,success,2022-05-20,2025-11-28,1133,1134,
geeq,GEEQ,0x6b9f031d718dded0d681c20cb754f97b3bb81b78,success,2020-08-06,2025-12-02,1945,1946,
geke,Geke,0x471a202f69d6e975da55e363dab1bdb2e86e0c0f,success,2023-05-15,2025-11-19,820,821,
gekko,GEKKO,0xf017d3690346eb8234b85f74cee5e15821fee1f4,success,2023-10-25,2025-12-02,770,771,
gel,Gelato,0x15b7c0c907e4c6b9adaaaabc300c08991d6cea05,success,2021-09-13,2025-12-02,1542,1543,
gmac,Gemach,0xd96e84ddbc7cbe1d73c55b6fe8c64f3a6550deea,success,2023-10-16,2025-12-02,779,780,
gusd,Gemini Dollar,0x056fd409e1d7a124bd7017459dfea2f387b6d5cd,success,2018-09-20,2025-12-02,2631,2632,
gems,Gems VIP,0x3010ccb5419f1ef26d40a7cd3f0d707a0fa127dc,success,2024-06-15,2025-12-02,536,537,
ga,GeneAlpha,0x5e6dd9a767894470e7e93e603c25f681a5adf1ae,success,2025-08-14,2025-12-02,105,106,
gai,Generaitiv,0x0d8ca4b20b115d4da5c13dc45dd582a5de3e78bf,success,2023-02-22,2025-12-02,872,872,
geon,General Electric (Ondo Tokenized Stock),0xd904bcf89b7cedf5c89f9df7e829191d695f847e,success,2025-09-02,2025-12-02,68,69,
gen,Generational Wealth,0xcae3faa4b6cf660aef18474074949ba0948bc025,success,2023-05-18,2025-12-02,882,883,
gxn,Genesis,0xef7e187431763c33208e378a341cc87212d06de2,success,2025-10-16,2025-12-02,45,848,
gs,Genesis Shards,0xe0b9a2c3e9f40cf74b2c7f591b2b0cca055c3112,success,2021-04-14,2025-12-02,1590,1591,
genie,GenieBot,0x56978e609f2cab06f77c5c8fd75166fcd8f09bd8,success,2023-07-03,2025-11-25,503,504,
geni,Genius,0x444444444444c1a66f394025ac839a535246fcc8,success,2023-01-03,2025-12-02,1065,1066,
$gene,GenomesDAO GENE,0x21413c119b0c11c5d96ae1bd328917bc5c8ed67e,success,2021-11-25,2025-12-02,1333,1334,
genome,GenomesDAO GENOME,0x7ae4f8885f6cfa41a692cb9da3789cfa6a83e9f2,success,2024-04-18,2025-12-02,594,595,
mv,GensoKishi Metaverse,0xae788f80f2756a86aa2f410c651f2af83639b95b,success,2022-01-27,2025-12-02,1406,1407,
geo,GeoDB,0x147faf8de9d8d8daae129b187f0d02d819126750,success,2020-05-08,2025-12-02,1705,1705,
geoff,Geoff,0xae3013789c836345dfd63a9df713e3c23fb3a664,success,2025-02-16,2025-12-02,289,290,
jam,Geojam,0x23894dc9da6c94ecb439911caf7d337746575a72,success,2022-03-31,2025-12-02,1343,1344,
gof,Get Out Frog,0x0f515f030e31db8fa475aead84f79a5b25a953c4,success,2025-08-07,2025-12-02,115,116,
get,GET Protocol,0x8a854288a5976036a725879164ca3e91d30c6a1b,success,2018-01-12,2025-12-02,2735,2736,
gysr,Geyser,0xbea98c05eeae2f3bc8c3565db7551eb738c8ccab,success,2020-11-05,2025-11-21,1746,1747,
ggtk,GG,0xfa99a87b14b02e2240c79240c5a20f945ca5ef76,success,2021-01-14,2025-12-02,1746,1747,
gho,GHO,0x40d16fc0246ad3160ccc09b8d0d3a2cd28ae6c2f,success,2023-07-15,2025-12-02,872,873,
gdag,GhostDAG.org,0x8bf30e9f44e5d068a9d0c20da22660997a532e33,success,2023-11-24,2025-11-25,668,669,
gigachad,GigaChad,0xf43f21384d03b5cbbddd58d2de64071e4ce76ab0,success,2024-07-09,2025-12-02,512,513,
giga,GigaSwap,0x83249c6794bca5a77eb8c0af9f1a86e055459cea,success,2022-08-20,2025-12-02,1174,1175,
glg,Gilgeous,0xc57f1d079c862b70aa12faab19293f827187aaf6,success,2023-05-10,2025-11-16,448,449,
ginnan,Ginnan,0x50d7ee9708fec39673c92e1aae048eb3685eea9b,success,2024-11-08,2025-12-02,358,359,
ginnan,Ginnan Doge's Brother,0x375e104af98872e5b4fe951919e504a47db1757c,success,2024-09-19,2025-12-02,426,427,
ginnan,Ginnan Neko,0x6d06426a477200c385843a9ac4d4fd55346f2b7b,success,2024-12-02,2025-11-20,203,204,
gtc,Gitcoin,0xde30da39c46104798bb5aa3fe8b9e0e1f348163f,success,2021-05-25,2025-12-02,1653,1654,
giv,Giveth,0x900db999074d9277c5da2a43f252d74366230da0,success,2021-12-22,2025-12-02,1442,1443,
giza,GIZA,0x590830dfdf9a3f68afcdde2694773debdf267774,success,2025-05-20,2025-12-02,197,198,
glhfstr,GLHFStrategy,0xae52e336f1cc779c2e647b82994e4d29ed4e0286,success,2025-10-25,2025-12-02,39,775,
glch,Glitch Protocol,0x038a68ff68c393373ec894015816e33ad41bd564,success,2021-01-19,2025-12-02,1779,1780,
gcr,Global Coin Research,0x6307b25a665efc992ec1c1bc403c38f3ddd7c661,success,2021-04-16,2025-12-02,1527,1528,
usdg,Global Dollar,0xe343167631d89b6ffc58b88d6b7fb0228795491d,success,2024-11-05,2025-12-02,393,394,
gtc,Global Trust Coin,0xe138fda441fc31b36171122397a8a11d6cd2c479,success,2019-02-16,2025-11-30,1451,1452,
gdt,Globe Derivative Exchange,0xc67b12049c2d0cf6e476bc64c7f82fc6c63cffc5,success,2021-05-12,2025-12-02,1618,1619,
usdglo,Glo Dollar,0x4f604735c1cf31399c6e711d5962b2b3e0225ad3,success,2023-03-06,2025-12-02,881,882,
wglue,Wrapped Glue,0x840b20fa3d48ac709fd841fcd878c3e8aabd7087,success,2025-02-22,2025-12-02,281,281,
gluteu,Gluteus Maximus by Virtuals,0x7a78c790250fef60ce7e8ef85557d67cc4216a52,success,2024-11-27,2025-12-02,371,372,
gmfam,GMFAM,0xe9da5e227e3fa4fc933b5f540be021e7ecc3fd81,success,2023-05-25,2025-12-02,878,878,
gm,GM Frens,0x89c1da46d692d09814a88a27270d0dca21e4734d,success,2024-10-09,2025-11-28,211,212,
gomining,GoMining Token,0x7ddc52c4de30e94be3a6a0a2b259b2850f421989,success,2021-05-20,2025-12-02,1658,1659,
gnft,GNFT,0xc502002aeb1b9309fccb016adf50507987fc6c2b,success,2022-02-09,2025-12-02,1388,1389,
gnome,GnomeLand,0x42069d11a2cc72388a2e06210921e839cfbd3280,success,2024-02-13,2025-12-02,526,527,
gnomy,Gnomy,0x6439221d2b06a4cdf38f52a55294ddc28e1bed08,success,2024-07-12,2025-12-02,408,409,
gno,Gnosis,0x6810e776880c02933d47db1b9fc05908e5386b96,success,2017-05-01,2025-12-02,3136,3137,
gny,GNY,0xb1f871ae9462f1b2c6826e88a7827e76f86751d4,success,2019-05-17,2025-12-02,2392,2393,
sluglord,🌻ᔕᒪᑌGᒪOᖇᗪ🌻,0x5791254f5d7a4d7ce4dda0391ce15812b65ac2a2,success,2024-05-05,2025-12-02,488,488,
ask,GoAsk,0xa1d095cdb959822b91343daa84fd737be858a4d7,success,2025-06-12,2025-11-14,107,108,
goat,Goatseus Maximus,0x5200b34e6a519f289f5258de4554ebd3db12e822,success,2024-10-17,2025-12-02,409,409,
goat,Goat Trading,0x6ae2a128cd07d672164ca9f2712ea737d198dd41,success,2024-02-10,2025-12-02,656,657,
goatx,GOATX,0x4eca7761a516f8300711cbf920c0b85555261993,success,2025-01-05,2025-12-02,256,256,
gobstr,GobStrategy,0x5d855d8a3090243fed9bf73999eedfbc2d1dcf21,success,2025-10-06,2025-12-02,58,1368,
god,GOD Coin,0x4c746edf20762dc201ac40135e0c13e400d23d58,success,2023-12-03,2025-11-28,608,609,
god,Godcoin,0xb5130f4767ab0acc579f25a76e8f9e977cb3f948,success,2025-01-24,2025-12-02,313,314,
goe,God Of Ethereum,0xccc80ce58995baae4e5867e5cde3bd9f8b242376,success,2024-05-05,2025-11-28,450,451,
gods,Gods Unchained,0xccc8cb5229b0ac8069c51fd58367fd1e622afd97,success,2021-10-29,2025-12-02,1496,1497,
geth,Goerli ETH,0xdd69db25f6d620a7bad3023c5d32761d353d3de9,success,2023-02-26,2025-12-02,930,931,
gfy,go fu*k yourself.,0x2d9d7c64f6c00e16c28595ec4ebe4065ef3a250b,success,2023-12-03,2025-12-01,725,726,
gol,GogolCoin,0x083d41d6dd21ee938f0c055ca4fb12268df0efac,success,2021-04-16,2025-12-02,1680,1681,
gohost,GoHost,0x98d3cdd5888cc4a1d42e0c2e222c0083ce5cd2c0,success,2025-07-06,2025-11-25,66,67,
goku,Goku,0xa64dfe8d86963151e6496bee513e366f6e42ed79,success,2021-08-25,2025-11-27,1178,1179,
gold,Gold,0x089453742936dd35134383aee9d78bee63a69b01,success,2023-09-25,2025-12-02,782,783,
gold,GoldenBoys,0x9deb0fc809955b79c85e82918e8586d3b7d2695a,success,2023-08-21,2025-12-02,835,836,
golden,Golden Inu,0xd87996ff3d06858bfc20989aef50cc5fcd4d84ca,success,2023-08-25,2025-12-02,809,810,
ngl,Gold Fever Native Gold,0x2653891204f463fb2a2f4f412564b19e955166ae,success,2021-11-19,2025-12-02,1475,1476,
gfi,Goldfinch,0xdab396ccf3d84cf2d07c4454e10c8a6f5b008d2b,success,2022-01-11,2025-12-02,1422,1423,
gson,Goldman Sachs (Ondo Tokenized Stock),0xdb57d9c14e357fc01e49035a808779df41e9b4e2,success,2025-09-02,2025-11-28,64,65,
gsx,Goldman Sachs xStock,0x3ee7e9b3a992fd23cd1c363b0e296856b04ab149,success,2025-11-20,2025-12-02,11,189,
bar,Gold Standard,0x777be1c6075c20184c4fd76344b7b0b7c858fe6b,success,2024-07-26,2025-12-02,495,496,
gldt,Gold Token,0x86856814e74456893cfc8946bedcbb472b5fa856,success,2025-01-25,2025-12-02,312,313,
gldx,Gold xStock,0x2380f2673c640fb67e2d6b55b44c62f0e0e69da9,success,2025-07-13,2025-12-02,143,144,
glm,Golem,0x7dd9c5cba05e151c895fde1cf355c9a1d5da6429,success,2016-11-18,2025-12-02,3302,3303,
gof,Golff,0x488e0369f9bc5c40c002ea7c1fe4fd01a198801c,success,2020-09-12,2025-12-02,1742,1743,
gltm,Golteum,0x556d4f40982cb95e0714989e0c229c42be8b1499,success,1970-01-01,1970-01-01,1,1,
gondola,Gondola,0xd43fba1f38d9b306aeef9d78ad177d51ef802b46,success,2024-07-09,2025-12-02,512,513,
gmi,GonnaMakeIt,0x044e874f23f9a7e5dad696554a116c4bb62fecb7,success,2025-08-23,2025-12-02,89,90,
gooch,Gooch,0x6d3d490964205c8bc8ded39e48e88e8fde45b41f,success,2023-05-12,2025-11-23,631,632,
$g,GoodDollar,0x67c5870b4a41d4ebef24d2456547a03f1f3e094b,success,2023-11-10,2025-12-02,749,750,
genslr,Good Gensler,0xad1a5b8538a866ecd56ddd328b50ed57ced5d936,success,2023-04-24,2025-11-29,896,897,
goofy,Goofy Inu,0x4752613b11dfc4e735c4853692c43542e87f0cc2,success,1970-01-01,1970-01-01,1,1,
goompy,Goompy,0x42069f39c71816cea208451598425b492dd2b380,success,2024-11-16,2025-11-25,369,370,
gob,Goons of Balatroon,0x830eb1204380e9c44434db8700257025358707c6,success,2022-09-01,2025-12-02,1168,1169,
goose,Goose,0x0b2acaaf45fc201d239c5915572730f4bff1999f,success,2024-09-26,2025-11-27,243,244,
gora,Gora,0x3b9b5ad79cbb7649143decd5afc749a75f8e6c7f,success,2023-07-11,2025-12-02,876,877,
gorilla,Gorilla,0x33c04bed4533e31f2afb8ac4a61a48eda38c4fa0,success,2023-11-16,2025-11-15,731,732,
giac,Gorilla In A Coupe,0x793a5d8b30aab326f83d20a9370c827fea8fdc51,success,2024-03-13,2025-12-02,501,501,
gorth,Gorth,0x666acd390fa42d5bf86e9c42dc2fa6f6b4b2d8ab,success,2025-05-15,2025-12-02,202,203,
gou,Gou,0xed89fc0f41d8be2c98b13b7e3cd3e876d73f1d30,success,2024-08-20,2025-12-02,470,471,
gum,Gourmet Galaxy,0x4f5fa8f2d12e5eb780f6082dd656c565c48e0f24,success,2021-02-03,2025-12-02,1764,1765,
gohm,Governance OHM,0x0ab87046fbb341d058f17cbc4c1133f25a20a52f,success,2021-12-01,2025-12-02,1463,1464,
govi,CVI,0xeeaa40b28a2d1b0b08f6f97bb1dd4b75316c6107,success,2021-02-04,2025-12-02,1763,1764,
gptplus,GPTPlus,0xed9f6aa6532869576211fd6367e3c328810fbeb3,success,2024-01-03,2025-12-02,674,675,
gpuai,GPU AI,0x541e65469ffcc26cbdcc2f5665d481adb5a95fb1,success,2025-09-10,2025-10-07,20,330,
gpu,GPUnet,0x79d464248516bc6977ca2069ba15d8d1044479d8,success,2025-06-09,2025-12-02,177,178,
gracy,Gracy,0x7c95e7ad2b349dc2f82d0f1117a44b561fa2699a,success,2023-09-26,2025-12-02,799,800,
gray,Gradient,0xa776a95223c500e81cb0937b291140ff550ac3e4,success,2025-06-05,2025-12-02,181,182,
gdt,Gradient Protocol,0x396c95abe154b3b2ed204cf45c8726aa7ad47a4d,success,2024-04-24,2025-12-02,537,538,
grai,Grai,0x15f74458ae0bfdaa1a96ca1aa779d715cc1eefe4,success,2023-05-19,2025-12-02,929,930,
grampus,GRAM Ecosystem,0x856d602e73545deaa1491a3726cf628d49f74f51,success,2025-03-27,2025-12-02,225,226,
grams,Gram Silver,0x97cf07b5401b76d69bf48a4f6fdf63684e0748e0,success,2024-01-08,2025-12-02,695,696,
grain,Granary,0xf88baf18fab7e330fa0c4f83949e23f52fececce,success,2023-04-14,2025-11-21,835,836,
grp,Grape,0xec70ff4a5b09110e4d20ada4f2db4a86ec61fac6,success,2023-07-28,2025-12-02,761,762,
@g,Graphite Network,0x440017a1b021006d556d7fc06a54c32e42eb745b,success,2025-02-26,2025-12-02,280,281,
glq,GraphLinq Chain,0x9f9c8ec3534c3ce16f928381372bfbfbfb9f4d24,success,2021-03-22,2025-12-02,1717,1718,
green,Green,0xb2089a7069861c8d90c8da3aacab8e9188c0c531,success,2025-07-07,2025-12-02,149,150,
gbtc,Green Bitcoin,0xdc9cb148ecb70876db0abeb92f515a5e1dc9f580,success,2024-04-14,2025-12-02,598,599,
dildo,Green Dildo Coin,0x4c3e9772698084b00b413106723e700797921c6b,success,2025-07-31,2025-12-02,124,125,
greaper,Green Reaper by Matt Furie,0x9fab63812476fa4f4e8806d5297452dbc2c1c67c,success,2025-11-06,2025-11-30,13,213,
grid,Grid Protocol,0x4a467232abe1472f9abeb49dcd2b34590222cae9,success,2025-06-18,2025-11-08,73,74,
gx,Grindery X,0x8730762cad4a27816a467fac54e3dd1e2e9617a1,success,2025-03-12,2025-12-02,266,267,
grix,Grix,0xa150376112dd24e873086b51347eddd5f2e147d5,success,2025-04-01,2025-11-30,237,238,
groggo,Groggo By Matt Furie,0x420110d74c4c3ea14043a09e81fad53e1932f54c,success,2024-10-22,2025-12-02,406,407,
grok,Grok,0x8390a1da07e376ef7add4be859ba74fb83aa02d5,success,2023-11-07,2025-12-02,757,758,
grok2.0,Grok2.0,0x87d907568a0761ea45d2917e324557920668f224,success,2023-11-13,2025-12-01,681,682,
jarvis,Grok Companions,0x420ccfeada1f4b1508bd8781ceca5238d0e4b510,success,2025-07-20,2025-11-30,119,120,
gdx,GrokDogeX,0x0c21638d4bcb88568f88bc84a50e317715f8de8a,success,2023-11-06,2025-11-30,343,344,
groq,GROQ,0x3d330b8d4eb25b0933e564d7284d462346d453ef,success,2023-11-30,2025-11-19,584,585,
grv,GroveCoin,0xf33893de6eb6ae9a67442e066ae9abd228f5290c,success,2022-05-15,2025-12-02,1298,1299,
gburn,GBURN,0x4eea762311be76f9071aa01058c047ad12a017a1,success,2023-11-20,2025-11-23,667,668,
grow,Grow,0x1223334444a7466fbf985b14e1f4edaf3883bca6,success,2025-07-13,2025-12-02,143,144,
groyper,Groyper,0x6942806d1b2d5886d95ce2f04314ece8eb825833,success,2024-05-27,2025-12-02,555,556,
g,Gravity (by Galxe),0x9c7beba8f6ef6643abd725e45a4e8387ef260649,success,2024-07-18,2025-12-02,503,504,
gtrok,GTROK,0xd78cb66b3affd27569782737fa5b842277e1add7,success,2024-03-02,2025-11-22,474,475,
gua,GUA,0x393f1d49425d94f47b26e591a9d111df5cd61065,success,2024-08-16,2025-12-02,471,472,
geth,Guarded Ether,0x3802c218221390025bceabbad5d8c59f40eb74b8,success,2021-02-17,2025-12-02,1301,1301,
gud,Gud Tech,0xa608512bbc9934e4b1ddecf0f5fb38b6ad93308d,success,2025-01-06,2025-12-02,331,332,
gf,GuildFi,0xaaef88cea01475125522e117bfe45cf32044e238,success,2021-12-04,2025-12-02,1289,1289,
gog,Guild of Guardians,0x9ab7bb7fdc60f4357ecfef43986818a2a3569c62,success,2021-12-22,2025-12-02,1442,1443,
gull,GULL,0xab5bff303312e24dc77bb71a451343f9feb20093,success,2024-11-07,2025-11-24,322,323,
guru,Guru,0xaa7d24c3e14491abac746a98751a4883e9b70843,success,2024-12-16,2025-12-02,352,353,
guru,Guru Network,0x525574c899a7c877a11865339e57376092168258,success,2024-06-11,2025-12-02,540,541,
gzlr,Guzzler,0x9f4909cc95fb870bf48c128c1fdbb5f482797632,success,2021-11-29,2025-12-02,1239,1240,
gvnr,GVNR,0xfc60fc0145d7330e5abcfc52af7b043a1ce18e7d,success,2025-06-26,2025-12-02,159,160,
gx3,GX3 A,0xb7d29ec03d87dcd5d6f6ea39a855d5566e6c8f36,success,2025-05-31,2025-11-30,119,120,
gyen,GYEN,0xc08512927d12348f6620a698105e1baac6ecd911,success,2021-03-04,2025-12-02,1735,1736,
gyoshi,GYOSHI,0x1f17d72cbe65df609315df5c4f5f729efbd00ade,success,2023-04-26,2025-11-29,708,709,
gyoza,Gyoza,0x4e51a6b3cc6d5ae69a0d44db9de846aeb5a582dd,success,2023-07-26,2025-11-29,706,707,
gyfi,Gyroscope,0x70c4430f9d98b4184a4ef3e44ce10c320a8b7383,success,2025-03-18,2025-12-01,249,250,
habibi,Habibi,0x8526be2379e853d5cf02f9823bb9690e1a6ff9e2,success,2023-06-09,2025-11-30,656,657,
hachi,Hachi,0x2a7e415c169ce3a580c6f374dc26f6aaad1eccfe,success,2023-03-01,2025-12-02,1007,1008,
hachiko,Hachiko,0x381491960c37b65862819ced0e35385f04b2c78b,success,2024-06-24,2025-12-02,304,304,
hachi,Hachiko Inu,0x95af148dcdc6b36b977addf7ea2599c5e0483263,success,2024-06-19,2025-12-02,374,374,
hachi,HACHI-KUN,0x100891bf73ba8274c234aa34621bc626ed6eca8e,success,2024-08-10,2025-11-21,313,314,
hai,Hacken,0x6403af1267cacc0714c1bd916b12f80e179c0558,success,2020-04-29,2025-12-02,2044,2045,
hades,HADES,0x76cd7d834e9d8382663a1660eb6e3c59addeec27,success,2025-08-29,2025-12-02,54,55,
haha,HAHA,0xd87d72248093597df8d56d2a53c1ab7c1a0cc8da,success,2023-05-02,2025-12-02,946,947,
hair,HairDAO,0x9ce115f0341ae5dabc8b477b74e83db2018a6f42,success,2023-03-29,2025-12-02,889,890,
ftx,HairyPlotterFTX,0xb1a822ce8c799b0777ed1f260113819247e1bf26,success,2023-10-06,2025-12-02,692,693,
hakka,Hakka Finance,0x0e29e5abbb5fd88e28b2d355774e73bd47de3bcd,success,2020-08-18,2025-12-02,1932,1933,
shib0.5,Half Shiba Inu,0x8eb94a06b4716093dbfe335cbdb098deb2dcde1b,success,2023-02-07,2025-12-02,821,822,
halo,HALO AI,0xd8213956452dcb73e6085a6189f38e60a5e065f0,success,2025-06-05,2025-10-26,108,109,
hlscope,Hamilton Lane Senior Credit Opportunities Securitize Fund,0xda2ffa104356688e74d9340519b8c17f00d7752e,success,2025-03-21,2025-12-02,257,258,
hana,Hana,0xb3912b20b3abc78c15e85e13ec0bf334fbb924f7,success,2024-09-30,2025-12-02,429,430,
hanabi,Hanabi-chan,0x124386504d774979e1e9d2d19c6188391d7af8e3,success,2024-10-09,2025-11-22,324,325,
han,HanChain,0x0c90c57aaf95a3a87eadda6ec3974c99d786511f,success,2022-09-21,2025-12-02,1143,1144,
forex,handle.fi,0xdb298285fe4c5410b05390ca80e8fbe9de1f259b,success,2021-09-27,2025-12-02,1528,1529,
handy,Handy,0x8bbe1a2961b41340468d0548c2cd5b7dfa9b684c,success,2021-12-24,2025-12-02,1434,1435,
handz,Handz of Gods,0x9baa12a9e3b9dc355f162082762f95626367d087,success,1970-01-01,1970-01-01,1,1,
hanep,HANePlatform,0x5052fa4a2a147eaaa4c0242e9cc54a10a4f42070,success,2024-02-13,2025-12-02,659,660,
hanu,Hanu Yokia,0x72e5390edb7727e3d4e3436451dadaff675dbcc0,success,2021-07-19,2025-12-02,1598,1599,
hapi,HAPI,0xd9c2d319cd7e6177336b0a9c93c21cb48d84fb54,success,2021-03-11,2025-12-02,1728,1729,
hbdc,Happy Birthday Coin,0x39d30828a163713d91c4eadbba2c497a9139ec5c,success,2020-10-20,2025-12-02,1819,1820,
happy,HappyFans,0x3079f61704e9efa2bcf1db412f735d8d4cfa26f4,success,2021-10-14,2025-12-02,1414,1414,
hai,HapticAI,0x89deb6c8918a42457bd6ddbcaaf979216c4d774c,success,2024-04-11,2025-12-02,470,471,
$haram,Haram,0xc961da88bb5e8ee2ba7dfd4c62a875ef80f7202f,success,2023-05-17,2025-12-02,790,790,
harambeai,Harambe AI,0x5484581038cbf8ef33b7f6daec7a2f01f71db3c2,success,2024-07-17,2025-12-02,504,505,
harambe,HarambeCoin,0x255f1b39172f65dc6406b8bee8b08155c45fe1b6,success,2024-03-14,2025-12-02,584,584,
hart,Hara,0x52928c95c4c7e934e0efcfab08853a0e4558861d,success,2019-03-27,2025-12-02,2158,2159,
xrp,HarryPotterObamaPacMan8Inu,0x07e0edf8ce600fb51d44f51e3348d77d67f298ae,success,2023-08-11,2025-12-02,845,846,
bitcoin,HarryPotterObamaSonic10Inu (ETH),0x72e4f9f808c49a2a61de9c5896298920dc4eeea9,success,2023-05-15,2025-12-02,933,934,
ethereum,HarryPotterTrumpHomerSimpson777Inu,0x24249b5a869a445c9b0ce269a08d73c618df9d21,success,2023-08-18,2025-12-02,833,834,
farm,Harvest Finance,0xa0246c9032bc3a600820415ae600c6388619a14d,success,2020-09-02,2025-12-02,1918,1919,
hashai,HashAI,0x292fcdd1b104de5a00250febba9bc6a5092a0076,success,2024-04-04,2025-12-02,608,609,
hft,Hashflow,0xb3999f658c0391d94a37f7ff328f3fec942bcadc,success,2022-11-07,2025-12-02,1122,1123,
usyc,Circle USYC,0x136471a34f6ef19fe571effc1ca711fdb8e49f2b,success,2024-10-29,2025-12-02,360,361,
hat,Hat,0x76c4ec0068923da13ee11527d6cf9b7521000049,success,2024-07-26,2025-12-02,490,491,
haust,Haust,0xec3502a9f98f151af52ee6cb423a0afe7bbf5a19,success,2025-10-27,2025-12-02,37,743,
hvh,HAVAH,0xd076c4ba62c57b3fa10800bcfd8da66742110e0e,success,2023-02-22,2025-12-02,1015,1016,
h1,Haven1,0x9e3b5582b22e3835896368017baff6d942a41cd9,success,2025-04-22,2025-11-29,222,223,
snx,Synthetix,0xc011a73ee8576fb46f5e1c5751ca3b9fe0af2a6f,success,2018-03-21,2025-12-02,2814,2815,
hay,HayCoin,0xfa3e941d1f6b7b10ed84a0c211bfa8aee907965e,success,2023-10-16,2025-12-02,779,780,
vivek,Head of D.O.G.E,0x8578a8716013c390b95db73065922f512783e2cf,success,2024-11-14,2025-12-02,291,292,
hxai,Healix AI,0x384efd1e8b05c23dc392a40cb4e515e2229a5243,success,2025-01-07,2025-12-02,286,287,
hbud,HealthBuddyAI,0xce14e4c778bd71645adaef1e54342f75355602bf,success,2025-06-17,2025-11-22,65,66,
hsai,HealthSci.AI,0xaa3acc21d184cef6f7fc3385fbdb79575231afba,success,2024-11-07,2025-12-02,391,392,
hedge,HedgeFi,0xe56a10448c632e44605dcc5201c36122ff9d0250,success,2024-09-30,2025-12-02,429,430,
hedgehog,Hedgehog,0x6d4ca1177087924edfe0908ef655169ea766fdc3,success,1970-01-01,1970-01-01,1,1,
hget,Hedget,0x7968bc6a03017ea2de509aaa816f163db0f35148,success,2020-09-12,2025-12-02,1908,1909,
hedg,HedgeTrade,0xf1290473e210b2108a85237fbcd7b6eb42cc654f,success,2018-12-19,2025-12-02,2513,2514,
hdrn,Hedron,0x3819f64f282bf135d62168c1e513280daf905e06,success,2022-03-09,2025-12-02,1365,1366,
hegic,Hegic,0x584bc13c7d411c00c01a62e8019472de68768430,success,2020-09-12,2025-12-02,1908,1909,
yvhegic,HEGIC yVault,0xe11ba472f74869176652c35d30db89854b5ae84d,success,2023-01-20,2025-12-02,1048,1049,
hei,Heima,0xf8f173e20e15f3b6cb686fb64724d370689de083,success,2025-02-13,2025-12-02,293,294,
helga,Helga Inu,0x78e3b2ee11950df78a35fd924e92fbb8d1403780,success,2024-03-19,2025-11-13,480,481,
hlx,HELIOS,0x2614f29c39de46468a921fd0b41fdd99a01f2edf,success,2024-03-02,2025-12-02,641,642,
hsdtx,Helius Medical Technologies xStock,0xd457b379801433ea5c3a8542b61902023ae39dcd,success,1970-01-01,1970-01-01,1,1,
hello,HELLO,0x411099c0b413f4feddb10edf6a8be63bd321311c,success,2022-10-20,2025-12-02,1140,1141,
hemi,Hemi,0xeb964a1a6fab73b8c72a0d15c7337fa4804f484d,success,2025-08-29,2025-12-02,96,97,
hemule,Hemule,0xeaa63125dd63f10874f99cdbbb18410e7fc79dd3,success,2023-12-19,2025-12-02,715,716,
hera,Hera Finance,0xa2c2c937333165d4c5f2dc5f31a43e1239fecfeb,success,2022-04-01,2025-12-02,1342,1343,
hez,Hermez Network,0xeef9f339514298c6a857efcfc1a762af84438dee,success,2020-10-16,2025-12-02,1874,1875,
mavia,Heroes of Mavia,0x24fcfc492c1393274b6bcd568ac9e225bec93584,success,2024-02-06,2025-12-02,666,667,
heu,Heurist,0xec463d00aa4da76fb112cd2e4ac1c6bef02da6ea,success,2024-12-09,2025-12-02,359,360,
hex,HEX,0x2b591e99afe9f32eaa6214f7b7629768c40eeb39,success,2019-12-17,2025-12-02,2178,2179,
$hex,Hexly,0xfe76e97a44184dd660503514cd44ed3b04fb1fdd,success,2025-07-16,2025-10-08,78,79,
usdx,Hex Trust USD,0xf8750b54d86be7ae9e32b4a0c826811198d63313,success,2024-08-01,2025-12-02,484,485,
anon,Hey Anon,0x79bbf4508b1391af3a0f4b30bb5fc4aa9ab0e07c,success,2024-12-27,2025-12-02,341,342,
hi,hi Dollar,0xc4f6e93aeddc11dc22268488465babcaf09399ac,success,2021-08-11,2025-12-02,1575,1576,
hifi,Hifi Finance,0x4b9278b94a1112cad404048903b8d343a810b07e,success,2023-01-12,2025-12-02,1056,1057,
high,Highstreet,0x71ab77b7dbb4fa7e017bc15090b2163221420282,success,2021-10-15,2025-12-02,1510,1511,
hsf,Hillstone Finance,0xba6b0dbb2ba8daa8f5d6817946393aef8d3a4487,success,2022-01-07,2025-11-30,1291,1292,
hilo,HILO,0x6c3fe25a4de7fa243c653cfe1f165bf11d99704e,success,2024-09-06,2025-12-02,453,454,
himson,Hims & Hers Health (Ondo Tokenized Stock),0xca468554e5c0423ee858fe3942c9568c51fcaa79,success,2025-09-02,2025-12-02,89,90,
heth,Hinkal Staked ETH,0x270b7748cdf8243bfe68face7230ef0fce695389,success,2024-10-15,2025-12-02,174,175,
hpo,Hippo Wallet,0xa0ed3c520dc0632657ad2eaaf19e26c4fd431a84,success,2022-11-13,2025-12-02,1114,1115,
hope,History of Pepe,0x3b37a9caf74ead14e521d46af0bf00737d827828,success,2024-05-21,2025-12-02,561,562,
hit,HitBTC,0x74b1af114274335598da72f5c6ed7b954a016eed,success,2021-06-17,2025-12-02,1625,1626,
hmkr,Hitmakr,0x3300b02efa180c99a2f61f4731665b51e4e254c4,success,2024-04-02,2025-11-28,551,552,
hivp,HiveSwap,0x1e2aa124385016f9bd3ed87d21d907fac21fe707,success,2024-05-28,2025-12-02,554,555,
hmx,HMX,0x83d6c8c06ac276465e4c92e7ac8c23740f435140,success,2023-08-07,2025-12-02,843,844,
hnb,HNB Protocol,0x6e0615a03ed9527a6013fcd5b556e36ef4dab1ff,success,2024-04-11,2025-12-02,601,602,
hobbes,Hobbes [OLD],0x819c1a1568934ee59d9f3c8b9640908556c44140,success,2023-03-23,2025-11-29,874,875,
hobbes,Hobbes,0xb475332d25d34b59176f5c1d94cb9bc9b5e3954a,success,2023-07-10,2025-11-26,735,736,
hoge,Hoge Finance,0xfad45e47083e4607302aa43c65fb3106f1cd7607,success,2021-03-13,2025-12-02,1726,1727,
hoichi,Hoichi,0xc4ee0aa2d993ca7c9263ecfa26c6f7e13009d2b6,success,2022-09-09,2025-12-02,1181,1182,
$hokk,Hokkaidu Inu,0xc40af1e4fecfa05ce6bab79dcd8b373d2e436c4e,success,2024-02-09,2025-12-02,663,664,
hinu,Hokkaido Inu Token,0x0113c07b3b8e4f41b62d713b5b12616bf2856585,success,2024-06-22,2025-11-26,296,297,
doken,Hokkaido Ken,0x29e9b047d506f75085533b7b7f53e8de6b43b86f,success,2024-06-26,2025-12-02,280,281,
hokk,Hokkaidu Inu,0x4f2cef6f39114ade3d8af4020fa1de1d064cadaf,success,2025-08-24,2025-12-02,101,102,
earn,HOLD,0x0b61c4f33bcdef83359ab97673cb5961c6435f4e,success,2023-10-29,2025-12-02,766,767,
holdme,HoldME Token,0x7fc5f1561a987e1879a61ffcbb1cc52efd674705,success,2025-07-31,2025-11-29,112,113,
ride,holoride,0xf97e2a78f1f3d1fd438ff7cc3bb7de01e5945b83,success,2021-12-16,2025-12-02,1448,1449,
hot,Holo,0x6c6ee5e31d828de241282b9606c8e98ea48526e2,success,2018-04-30,2025-12-02,2774,2775,
hts,Home3,0xc40629464351c37c1e1f47b3640ea2e7aec31ea5,success,2024-06-11,2025-12-02,540,541,
hdx,Home Depot xStock,0x766b0cd6ed6d90b5d49d2c36a3761e9728501ba9,success,2025-07-30,2025-12-02,126,127,
hny,Honey,0xc3589f56b6869824804a5ea29f2c9886af1b0fce,success,2020-10-22,2025-12-02,1868,1869,
hoba,Honey Badger,0x25cbb21a9da7c3c63bb77ccca5b2e2482aedb710,success,2024-07-15,2025-12-02,506,507,
honx,Honeywell xStock,0x62a48560861b0b451654bfffdb5be6e47aa8ff1b,success,2025-07-29,2025-12-02,127,128,
honkler,Honkler,0x69d26c4901765ffa6d7716045b680c9574cb00b5,success,2024-06-02,2025-11-16,470,471,
hoodog,HOODOG,0x9bf8fbcee83e30014b3c48df4e6eb1d3f08df4b8,success,2025-07-15,2025-12-02,141,142,
hoodrat,Hoodrat,0xdee6cdd28da9f51e3a8421395973894a884f3b2d,success,2024-12-25,2025-12-02,277,278,
hoodrat,Hoodrat,0x62b6d83d5afbf395ece55136e7161c119a8fd80c,success,2024-12-26,2025-11-26,311,312,
hope,Hope.money,0xc353bf07405304aeab75f4c2fac7e88d6a68f98e,success,2023-08-21,2025-12-02,478,479,
hop,Hop Protocol,0xc5102fe9359fd9a28f877a67e36b0f050d81a3cc,success,2022-06-10,2025-12-02,1272,1273,
hoppy,Hoppy,0x6e79b51959cf968d87826592f46f819f92466615,success,2024-04-21,2025-12-02,591,592,
hoppy,Hoppy The Frog,0xe5c6f5fef89b64f36bfccb063962820136bac42f,success,2024-04-04,2025-12-02,489,489,
hoppy,Hoppy Token,0x8c130499d33097d4d000d3332e1672f75b431543,success,2023-07-20,2025-12-02,830,831,
hopr,HOPR,0xf5581dfefd8fb0e4aec526be659cfab1f8c781da,success,2021-02-28,2025-12-02,1739,1740,
hord,Hord,0x43a96962254855f16b925556f9e97be436a43448,success,2021-04-23,2025-12-02,1685,1686,
hrz,Horizon,0x149af500734056b98572b66e6c771e57408e12e4,success,2025-06-24,2025-10-31,120,121,
hotcross,Hot Cross,0x4297394c20800e8a38a619a243e9bbe7681ff24e,success,2021-05-21,2025-12-02,1657,1658,
htl,Hotelium,0x6247c86b016bc4d9ae141849c0a9eb38c004b742,success,2019-06-27,2025-12-02,1802,1803,
hotkey,HotKeySwap,0x018dd3a0dd7f213cc822076b3800816d3ce1ed86,success,2024-03-01,2025-12-02,641,642,
hottie,Hottie Froggie,0x489d79959e6ad1e3fef7c939a2d889deff1668a8,success,2024-04-15,2025-11-23,561,562,
lock,Houdini Swap,0x922d8563631b03c2c4cf817f4d18f6883aba0109,success,2024-02-09,2025-12-02,663,664,
wait,Hourglass,0x2559813bbb508c4c79e9ccce4703bcb1f149edd7,success,2022-09-28,2025-12-02,1152,1153,
hq,HQ,0xde6aceaf7f2dceb3d425643c5f85351f2b38fcde,success,2025-01-27,2025-12-02,310,311,
htx,HTX DAO,0x61ec85ab89377db65762e234c946b5c25a56e99e,success,2024-02-26,2025-12-02,646,647,
hlt,Huanghuali Token,0xe52a736828c782c2a4a345bbe8052aed010fc82d,success,2024-10-22,2025-11-09,241,242,
hdao,humanDAO,0xdac657ffd44a3b9d8aba8749830bf14beb66ff2d,success,2021-12-06,2025-12-02,1348,1349,
h,Humanity,0xcf5104d094e3864cfcbda43b82e1cefd26a016eb,success,2025-06-25,2025-12-02,161,162,
hmt,HUMAN Protocol,0xd1ba9bac957322d6e8c07a160a3a8da11a0d2867,success,2021-08-10,2025-12-02,1576,1577,
heart,Humans.ai,0x8fac8031e079f409135766c7d5de29cf22ef897c,success,2021-12-13,2025-12-02,1451,1452,
hbot,Hummingbot,0xe5097d9baeafb89f9bcb78c9290d545db5f9e9cb,success,2021-12-28,2025-12-02,1409,1410,
hunt,Hunt,0x9aab071b4129b083b01cb5a0cb513ce7eca26fa5,success,2019-04-16,2025-12-02,2423,2424,
hbtc,Huobi BTC,0x0316eb71485b0ab14103307bf65a021042c6d380,success,2020-10-12,2025-12-02,1768,1769,
ht,Huobi,0x6f259637dcd74c767781e37bc6133cd6a68aa161,success,2018-02-09,2025-12-02,2854,2855,
husd,HUSD,0xdf574c24545e5ffecb9a659c229253d4111d87e1,success,2019-09-20,2025-12-02,2237,2238,
hushr,hushr,0x8079751edb6bf16078b07585ee60010f430617d5,success,2025-07-24,2025-11-25,98,99,
hutx,Hut 8 xStock,0x560deb3d70ac90064ff809349cdf9a771a06fd36,success,1970-01-01,1970-01-01,1,1,
hwusd,hwUSD,0xa2f8da4a55898b6c947fa392ef8d6bfd87a4ff77,success,2025-11-11,2025-12-02,22,374,
hxro,HXRO,0x4bd70556ae3f8a6ec6c4080a0c327b24325438f3,success,2019-02-22,2025-12-02,2475,2476,
hydra,HYDRA,0xcc7ed2ab6c3396ddbc4316d2d7c1b59ff9d2091f,success,2024-09-20,2025-12-02,435,436,
hydra,HydraDAO,0xaf04f0912e793620824f4442b03f4d984af29853,success,2025-02-15,2025-12-02,288,289,
hype,HYPE,0xccebc855b4ddb8b90dbbe2a9b89506aa306b17f4,success,2025-05-23,2025-12-01,164,165,
hpe,HypeHUB,0xdff4521ccede752314671b05bc4466f9dbcde804,success,2025-07-18,2025-12-02,60,60,
hyper,Hyper,0xe2cfd7a01ec63875cd9da6c7c1b7025166c2fa2f,success,2024-03-18,2025-12-02,559,560,
hbt,HyperBC,0x32fd949e1953b21b7a8232ef4259cd708b4e0847,success,2023-09-29,2025-12-02,796,797,
hype,Hyperbolic Protocol,0x85225ed797fd4128ac45a992c46ea4681a7a15da,success,2023-06-14,2025-12-02,802,803,
hypc,HyperCycle,0xea7b7dc089c9a4a916b5a7a37617f59fd54e37e4,success,2023-05-09,2025-12-02,939,940,
hyper,Hyperlane,0x93a2db22b7c736b341c32ff666307f4a9ed910f5,success,2025-04-22,2025-12-02,225,226,
hq,HyperQuantum,0x3d162937217758225776937d713ffb2f81a0c147,success,2025-06-19,2025-11-27,74,75,
hid,Hypersign Identity,0xb14ebf566511b9e6002bb286016ab2497b9b9c9d,success,2021-06-09,2025-12-02,1620,1621,
hypr,Hypr,0x8ada9bf2d08b484cb9dee67caccd04b991d88145,success,2025-08-20,2025-12-02,105,106,
topia,TOPIA,0xccccb68e1a848cbdb5b60a974e07aae143ed40c3,success,2023-08-16,2025-12-02,840,841,
hyve,Hyve,0xd794dd1cada4cf79c9eebaab8327a1b0507ef7d4,success,2020-11-09,2025-12-02,1850,1851,
ibmon,IBM (Ondo Tokenized Stock),0x25d3f236b2d61656eebdea86ac6d42168e340011,success,2025-09-02,2025-12-02,88,89,
hygon,iBoxx $ High Yield Corporate Bond ETF (Ondo Tokenized ETF),0xed3618bb8778f8ebbe2f241da532227591771d04,success,2025-09-02,2025-12-02,69,70,
ice,Ice Open Network,0x79f05c263055ba20ee0e814acd117c20caa10e0c,success,2024-01-19,2025-12-02,684,685,
iceland,Ice Land,0x420fbb6006fb251318414ffa530590c3d7618e33,success,2024-06-21,2025-11-30,527,528,
ice,Popsicle Finance,0xf16e81dce15b08f326220742020379b855b87df9,success,2021-03-31,2025-12-02,1708,1709,
ichi,ICHI,0x111111517e4929d3dcbdfa7cce55d30d4b6bc4d6,success,2020-11-18,2025-12-02,1841,1842,
icom,iCommunity,0xb131f337c45d386ceec234e194b2663d5c3d9dcf,success,2022-06-08,2025-12-02,1182,1183,
icsa,Icosa (ETH),0xfc4913214444af5c715cc9f7b52655e788a569ed,success,2024-05-03,2025-12-02,579,580,
ic,Icy,0xa876f27f13a9eb6e621202cefdd5afc4a90e6457,success,2023-04-04,2025-12-02,974,975,
idv,Idavoll DAO,0x45448e05020576929fcdeabc228e35b420098840,success,2021-03-08,2025-12-02,1731,1732,
idea,Ideaology,0x5d3a4f62124498092ce665f865e0b38ff6f5fbea,success,2021-02-11,2025-12-02,1756,1757,
ifo,Identified Flying Objects,0x3664487e8a9b90662441aef57060486a5217704d,success,2025-09-13,2025-12-02,74,1421,
ido,Idexo,0xf9c53268e9de692ae1b2ea5216e24e1c3ad7cb1e,success,2021-09-22,2025-12-01,1493,1494,
idle,Idle Finance,0x875773784af8135ea0ef43b5a374aad105c5d39e,success,2020-12-03,2025-12-02,1693,1694,
idledaisafe,IdleDAI (Risk Adjusted),0xa14ea0e11121e6e951e87c66afe460a00bcd6a16,success,2020-08-01,2025-12-02,1943,1944,
idledaiyield,IdleDAI (Best Yield),0x3fe7940616e5bc47b0775a0dccf6237893353bb4,success,2020-07-29,2025-12-02,1944,1945,
idlesusdyield,IdleSUSD (Yield),0xf52cdcd458bf455aed77751743180ec4a595fd3f,success,2020-08-01,2025-12-02,1943,1944,
idletusdyield,IdleTUSD (Best Yield),0xc278041fdd8249fe4c1aad1193876857eea3d68c,success,2020-08-01,2025-12-02,1943,1944,
idleusdcsafe,IdleUSDC (Risk Adjusted),0x3391bc034f2935ef0e1e41619445f998b2680d35,success,2020-08-01,2025-12-02,1943,1944,
idleusdcyield,IdleUSDC (Yield),0x5274891bec421b39d23760c04a6755ecb444797c,success,2020-08-01,2025-12-02,1901,1902,
idleusdtsafe,IdleUSDT (Risk Adjusted),0x28fac5334c9f7262b3a3fe707e250e01053e07b5,success,2020-08-01,2025-12-02,1943,1944,
idleusdtyield,IdleUSDT (Yield),0xf34842d05a1c888ca02769a633df37177415c2f8,success,2020-08-01,2025-12-02,1901,1902,
idlewbtcyield,IdleWBTC (Best Yield),0x8c81121b15197fa0eeaee1dc75533419dcfd3151,success,2020-08-01,2025-12-02,1767,1768,
rlc,iExec RLC,0x607f4c5bb672230e8672085532f7e901544a7375,success,2017-04-20,2025-12-02,3149,3150,
ifarm,iFARM,0x1571ed0bed4d987fe2b498ddbae7dfa19519f651,success,2021-03-22,2025-12-02,1713,1714,
iggy,Iggy The Iguana,0xc305d102d03a2567e7a457ff89f273cf227c6a9c,success,2025-09-07,2025-12-02,85,1819,
fbtc,Function FBTC,0xc96de26018a54d51c097160568752c4e3bd6c364,success,2024-07-13,2025-12-02,508,509,
4token,Ignore Fud,0x8db4beaccd1698892821a9a0dc367792c0cb9940,success,2023-04-03,2025-12-02,950,950,
milk,Illumicati,0xf538296e7dd856af7044deec949489e2f25705bc,success,2023-11-10,2025-12-02,735,735,
ilum,Illuminati,0x98e1f56b334438e3f0bde22d92f5bfd746e0631f,success,2023-10-24,2025-12-02,771,772,
nati,IlluminatiCoin,0x0b9ae6b1d4f0eeed904d1cef68b9bd47499f3fff,success,2023-10-23,2025-12-02,772,773,
ix,illumineX,0x45e82579792dddf08cb3a037086604c262d78065,success,2024-05-20,2025-11-21,532,533,
ilv,Illuvium,0x767fe9edc9e0df98e07454847909b5e959d7ca0e,success,2021-03-31,2025-12-02,1708,1709,
puppies,I love puppies,0xcf91b70017eabde82c9671e30e5502d312ea6eb2,success,2024-03-05,2025-12-02,638,639,
puppies,I love puppies,0x0e60ce572a5456b6974d5e7507cc07110dd062a4,success,2025-10-02,2025-12-02,62,1479,
image,Imagen Network,0x1c3547dfa9ce7acd9c54ae49244575fa65bc75e2,success,2025-06-27,2025-12-02,159,159,
bubble,Imaginary Ones,0xe9689028ede16c2fdfe3d11855d28f8e3fc452a3,success,2024-05-14,2025-12-02,568,569,
imt,Immortal Token,0xe2616122ed554bd693335e9143c47df187a86ef3,success,2025-03-28,2025-12-02,250,251,
imx,Immutable,0xf57e7e7c23978c3caec3c3548e3d615c346e79ff,success,2021-11-05,2025-12-02,1489,1490,
ibex,Impermax,0xf655c8567e0f213e6c634cd2a68d992152161dc6,success,2022-10-04,2025-12-02,1152,1153,
icnt,Impossible Cloud Network Token,0xe5e0b73380181273abcfd88695f52c4d0c825661,success,2025-07-03,2025-12-02,153,154,
blood,Impostors Blood,0x95392f142af1c12f6e39897ff9b09c599666b50c,success,2022-05-11,2025-11-08,1205,1206,
impt,IMPT,0x04c17b9d3b29a78f7bd062a57cf44fc633e71f85,success,2022-12-15,2025-12-02,1084,1085,
incept,Incept,0x1c43cd666f22878ee902769fccda61f401814efb,success,2024-09-26,2025-12-02,306,307,
ineigen,Inception Restaked EIGEN,0xf21014b114bb976f890e15c19900ce9be5fb1e12,success,1970-01-01,1970-01-01,1,1,
inlseth,Inception lsETH,0x94b888e11a9e960a9c3b3528eb6ac807b27ca62e,success,1970-01-01,1970-01-01,1,1,
inmeth,Inception mETH,0xecf3672a6d2147e2a77f07069fb48d8cf6f6fbf9,success,2024-09-29,2024-09-29,1,1,
inoseth,Inception osETH,0xfd07fd5ebea6f24888a397997e262179bf494336,success,2024-05-18,2024-05-18,1,1,
insfrax,Inception Restaked sFRAX,0x50253dc4a01c6408fab9646e804fcbfdb74e3e4c,success,1970-01-01,1970-01-01,1,1,
inslisbnb,Inception Restaked slisBNB,0x74d1984a64f447371be4019920180b52a33adadd,success,1970-01-01,1970-01-01,1,1,
intbtc,Inception Restaked tBTC,0x1aee5ec60fc79b669f11fe368fde789e267649e2,success,1970-01-01,1970-01-01,1,1,
infi,IncogniFi,0x35e445da0c9f6ecea6d95726df6f325bfa902456,success,2025-08-01,2025-12-02,48,48,
cdeti,Index Coop CoinDesk ETH Trend Index,0x55b2cfcfe99110c773f00b023560dd9ef6c8a13b,success,1970-01-01,1970-01-01,1,1,
index,Index Cooperative,0x0954906da0bf32d5479e25f46056d22f08464cab,success,2020-10-07,2025-12-02,1883,1884,
inf,INFERNO,0x00f116ac0c304c570daaa68fa6c30a86a04b5c5f,success,2024-10-05,2025-12-02,424,425,
inf,Infinaeon,0xd85a68faa78b4431dce816c157b66fc9911b3612,success,2025-04-24,2025-12-02,223,224,
liusd,infiniFi Locked iUSD (1week),0x12b004719fb632f1e7c010c6f5d6009fb4258442,success,2025-09-15,2025-12-02,63,899,
liusd,infiniFi Locked iUSD (2week),0xf1839becaf586814d022f16cdb3504ff8d8ff361,success,2025-10-10,2025-12-02,54,1289,
liusd,infiniFi Locked iUSD (4week),0x66bcf6151d5558afb47c38b20663589843156078,success,1970-01-01,1970-01-01,1,1,
liusd,infiniFi Locked iUSD (8week),0xf68b95b7e851170c0e5123a3249dd1ca46215085,success,1970-01-01,1970-01-01,1,1,
siusd,InfiniFi Staked iUSD,0xdbdc1ef57537e34680b898e1febd3d68c7389bcb,success,2025-08-08,2025-12-02,113,114,
iusd,InfiniFi USD,0x48f9e38f3070ad8945dfeae3fa70987722e3d89c,success,2025-07-16,2025-12-02,140,141,
in,INFINIT,0x61fac5f038515572d6f42d4bcb6b581642753d50,success,2025-08-07,2025-12-02,118,119,
infy,Infinity AI,0x1de6289894e1763b6ea01401ed638dc1184b0e9b,success,2025-02-17,2025-11-09,184,185,
influ,InfluenceHer,0x7a097173f1c9e78d84800381c1da649b688cd823,success,2025-08-13,2025-12-02,106,107,
infras,Infrasta,0x086ac2374d6fc048ef45c9e3d1ac051c4a3854bc,success,2025-07-30,2025-11-03,47,48,
infra,infraX,0xe9eccde9d26fcbb5e93f536cfc4510a7f46274f8,success,2024-03-14,2025-12-02,629,630,
inj,Injective,0xe28b3b32b6c345a34ff64674606124dd5aceca30,success,2020-10-21,2025-12-02,1869,1870,
block inn,INN,0x73b62d93928ce20392dd96df5061c41e734bcda5,success,2024-11-12,2025-11-23,325,326,
invaai,Innovia AI,0x4950c46d503441da68d1c76a917cfa241aaf4d38,success,2024-04-29,2025-12-02,558,558,
ins,Inscribe,0xe9572938bcbf08adcee86fd12a7c0d08dc4ab841,success,2024-02-01,2025-12-02,671,672,
insp,INSPAD,0xd37ae8c16449e7ef858652e02555c51d2572552b,success,2024-04-12,2025-11-19,463,464,
inx,InsightX,0x67f3086f7823eaf35f5aaadfb2e9b9c5b09578cf,success,2023-10-28,2025-12-02,764,765,
insp,Inspect,0x186ef81fd8e77eec8bffc3039e7ec41d5fc0b457,success,2023-12-06,2025-12-02,728,729,
inspi,Inspira,0xeb22e60a770b913eb47d6ae9a25a2c36b6876c56,success,2025-06-27,2025-11-22,105,106,
idai,Instadapp DAI,0x40a9d39aa50871df092538c5999b107f34409061,success,2022-06-01,2025-09-05,1193,1194,
ieth,iETH v1,0xc383a3833a87009fd9597f8184979af5edfad019,success,2022-06-01,2025-12-02,1281,1282,
ieth v2,Instadapp ETH v2,0xa0d3707c569ff8c87fa923d3823ec5d81c98be78,success,2024-02-21,2025-12-02,651,652,
iusdc,Instadapp USDC,0xc8871267e07408b89aa5aecc58adca5e574557f8,success,2022-06-01,2025-12-02,1281,1282,
iwbtc,Instadapp WBTC,0xec363faa5c4dd0e51f3d9b5d0101263760e7cdeb,success,2022-05-31,2025-09-05,1194,1195,
isla,Insula,0x697ef32b4a3f5a4c39de1cb7563f24ca7bfc5947,success,2020-04-09,2025-12-02,1654,1655,
insur,InsurAce,0x544c42fbb96b39b21df61cf322b5edc285ee7429,success,2021-03-15,2025-12-02,1675,1676,
sure,inSure DeFi,0xcb86c6a22cb56b6cf40cafedb06ba0df188a416e,success,2020-01-09,2025-12-02,2153,2154,
itgr,Integral,0xd502f487e1841fdc805130e13eae80c61186bc98,success,2021-09-15,2025-12-02,1540,1541,
teer,Integritee,0x769916a66fdac0e3d57363129caac59386ea622b,success,2021-12-01,2025-12-02,1463,1464,
itx,Intellix,0x23d894fb4a0f551f2f923fc85e09819d1f3894b2,success,2024-01-09,2025-11-11,430,431,
intcon,Intel (Ondo Tokenized Stock),0xfda09936dbd717368de0835ba441d9e62069d36f,success,2025-09-02,2025-12-02,92,93,
intcx,Intel xStock,0xf8a80d1cb9cfd70d03d655d9df42339846f3b3c8,success,2025-11-20,2025-12-02,12,216,
int,InteNet,0x5019fe1867d8ccfd76d8d5abd85db5efce548fba,success,1970-01-01,1970-01-01,1,1,
ibeth,Interest Bearing ETH,0x67b66c99d3eb37fa76aa3ed1ff33e8e39f0b9c7a,success,2021-01-30,2025-12-02,1421,1422,
ibmx,International Business Machines xStock,0xd9913208647671fe0f48f7f260076b2c6f310aac,success,2025-11-20,2025-12-02,11,199,
imf,International Meme Fund,0x05be1d4c307c19450a6fd7ce7307ce72a3829a60,success,2024-11-23,2025-12-02,366,367,
icp,Internet Computer,0x00f3c42833c3170159af4e92dbb451fb3f708917,success,2021-05-10,2025-12-02,1668,1669,
im,Internet Money (ETH),0x0a58153a0cd1cfaea94ce1f7fdc5d7e679eca936,success,2023-02-04,2025-12-02,784,785,
ioen,Internet of Energy Network,0x1e4e46b7bf03ece908c88ff7cc4975560010893a,success,2021-10-16,2025-12-02,1509,1510,
itp,Interport Token,0x2b1d36f5b61addaf7da7ebbd11b35fd8cfb0de31,success,2022-11-29,2025-11-28,881,882,
int,Intrepid Token,0xa2762ba628b962f93498d8893b6e4346140fe96d,success,2023-11-28,2025-12-02,648,649,
intuon,Intuit (Ondo Tokenized Stock),0x6cc0afd51ce4cb6920b775f3d6376ab82b9a93bb,success,2025-09-02,2025-11-30,69,70,
inu,Inu.,0x050d94685c6b0477e1fc555888af6e2bb8dfbda5,success,2022-08-13,2025-12-02,1156,1157,
hariko,Inu Hariko,0x949c255362e21042b26cf6a6b54cbb218b50090c,success,2025-10-09,2025-12-02,55,1280,
inuinu,Inu Inu,0xc6bdb96e29c38dc43f014eed44de4106a6a8eb5f,success,2024-04-11,2025-12-02,601,602,
inu,Inu Token,0xc76d53f988820fe70e01eccb0248b312c2f1c7ca,success,2023-06-15,2025-12-02,902,903,
iethv,Inverse Ethereum Volatility Index Token,0x3a707d56d538e85b783e8ce12b346e7fb6511f90,success,2021-06-28,2025-12-02,1458,1459,
inv,Inverse Finance,0x41d5d79431a913c4ae7d69a668ecdfe5ff9dfb68,success,2021-03-05,2025-12-02,1734,1735,
qqqon,Invesco QQQ ETF (Ondo Tokenized ETF),0x0e397938c1aa0680954093495b70a9f5e2249aba,success,2025-09-02,2025-12-02,92,93,
vinos,Invinos,0xb27999185019f8d477fae62310ca728941ee77e6,success,2025-06-11,2025-12-01,123,124,
inx,INX Token,0xbbc7f7a6aadac103769c66cbc69ab720f7f9eae3,success,2023-03-07,2025-12-02,995,996,
ioi,IOI Token,0x8b3870df408ff4d7c3a26df852d41034eda11d81,success,2021-06-11,2025-12-02,1527,1527,
iotai,IoTAI,0xd8e154ede9401dabb860fe84fecd2761b895bc50,success,2025-07-24,2025-12-02,132,133,
iotx,IoTeX,0x6fb3e0a217407efff7ca062d46c26e5d60a14d69,success,2018-05-26,2025-12-02,2748,2749,
qhub,QHUB,0x6dda263994aab33f5ed612294e26f2a13df0da05,success,2023-11-21,2025-12-02,743,744,
iris,I.R.I.S,0xea87148a703adc0de89db2ac2b6b381093ae8ee0,success,2025-06-13,2025-12-02,173,174,
iris,IRIS AI,0xf392dc113ec3168923512750b57a4fabfb4789ba,success,2025-08-16,2025-09-25,41,42,
iro,Iro-Chan,0xba2ae4e0a9c6ecaf172015aa2cdd70a21f5a290b,success,2024-08-01,2025-12-02,460,461,
ibeur,Iron Bank EUR,0x96e61422b6a9ba0e068b6c5add4ffabc6a4aae27,success,2021-07-24,2025-12-02,1584,1585,
tlton,iShares 20+ Year Treasury Bond ETF (Ondo Tokenized ETF),0x992651bfeb9a0dcc4457610e284ba66d86489d4d,success,2025-09-02,2025-12-02,90,91,
iefaon,iShares Core MSCI EAFE ETF (Ondo Tokenized ETF),0xfeff7a377a86462f5a2a872009722c154707f09e,success,2025-09-02,2025-12-02,85,86,
iemgon,iShares Core MSCI Emerging Markets ETF (Ondo Tokenized ETF),0xcdd60d15125bf3362b6838d2506b0fa33bc1a515,success,2025-09-02,2025-12-02,72,73,
ivvon,iShares Core S&P 500 ETF (Ondo Tokenized ETF),0x62ca254a363dc3c748e7e955c20447ab5bf06ff7,success,2025-09-02,2025-12-02,86,87,
ijhon,iShares Core S&P MidCap ETF (Ondo Tokenized ETF),0xfd50fc4e3686a8da814c5c3d6121d8ab98a537f0,success,2025-09-02,2025-11-30,53,54,
itoton,iShares Core S&P Total US Stock Market ETF (Ondo Tokenized ETF),0x0692481c369e2bdc728a69ae31b848343a4567be,success,2025-09-02,2025-12-02,78,79,
aggon,iShares Core US Aggregate Bond ETF (Ondo Tokenized ETF),0xff7cf16aa2ffc463b996db2f7b7cf0130336899d,success,2025-09-02,2025-11-28,67,68,
iauon,iShares Gold Trust (Ondo Tokenized Stock),0x4f0ca3df1c2e6b943cf82e649d576ffe7b2fabcf,success,2025-09-02,2025-12-02,91,92,
efaon,iShares MSCI EAFE ETF (Ondo Tokenized ETF),0x4111b60bc87f2bd1e81e783e271d7f0ec6ee088b,success,2025-09-02,2025-12-02,70,70,
eemon,iShares MSCI Emerging Markets ETF (Ondo Tokenized ETF),0x77a1a02e4a888ada8620b93c30de8a41e621126c,success,2025-09-02,2025-12-02,74,75,
iwfon,iShares Russell 1000 Growth ETF (Ondo Tokenized ETF),0x8d05432c2786e3f93f1a9a62b9572dbf54f3ea06,success,2025-09-02,2025-12-02,66,66,
iwmon,iShares Russell 2000 ETF (Ondo Tokenized ETF),0x070d79021dd7e841123cb0cf554993bf683c511d,success,2025-09-02,2025-12-02,78,79,
iwnon,iShares Russell 2000 Value ETF (Ondo Tokenized ETF),0x9dcf7f739b8c0270e2fc0cc8d0dabe355a150dba,success,2025-09-02,2025-11-26,59,60,
slvon,iShares Silver Trust (Ondo Tokenized Stock),0xf3e4872e6a4cf365888d93b6146a2baa7348f1a4,success,2025-09-02,2025-12-02,92,93,
tipon,iShares TIPS Bond ETF (Ondo Tokenized ETF),0x2df38ca485d01fc15e4fd85847ed26b7ef871c1c,success,2025-09-02,2025-11-28,61,62,
ishi,Ishi,0x85e0b9d3e7e4dba7e59090c533906d0e9211d8b6,success,2024-03-15,2025-12-02,612,612,
ishi,Ishi Go,0x0007efdf427313313c904ad88cba4d00a672e327,success,2025-06-20,2025-12-02,159,160,
isikc,Isiklar Coin,0x42726d074bba68ccc15200442b72afa2d495a783,success,2020-04-16,2025-12-02,1920,1921,
isk,ISKRA Token,0x17d2628d30f8e9e966c9ba831c9b9b01ea8ea75c,success,2022-09-29,2025-12-02,1161,1162,
island,ISLAND Token,0x157a6df6b74f4e5e45af4e4615fde7b49225a662,success,2024-12-17,2025-12-02,351,352,
isp,Ispolink,0xc8807f0f5ba3fa45ffbdc66928d71c5289249014,success,2021-05-07,2025-12-02,1671,1672,
ithaca,Ithaca Protocol,0x1095ae55b62174d9ea3bc6a4136acacad461d7ce,success,2024-12-18,2025-12-02,350,351,
$ito,ITO,0x465dbc39f46f9d43c581a5d90a43e4a0f2a6ff2d,success,2024-09-24,2025-12-02,434,435,
ixfi,IXFI,0xeb32e776b75707487d044c5b75462a11f72b905c,success,2025-09-25,2025-12-02,69,1643,
ixs,IXS,0x73d7c860998ca3c01ce8c808f5577d94d545d1b4,success,2021-09-08,2025-12-02,1547,1548,
iykyk,IYKYK,0x7cb683151a83c2b10a30cbb003cda9996228a2ba,success,2023-04-27,2025-12-02,878,879,
iyo,IYO-CHAN,0xe507c2043ef812e95648d1454276387e3b39950b,success,2025-10-11,2025-12-02,53,1256,
iusd,iZUMi Bond USD,0x0a3bb08b3a15a19b4de82f8acfc862606fb69a2d,success,2022-05-05,2025-12-02,1210,1211,
izumi,Izumi-chan,0x13063bed4bebbe542005e191c459d2cfa96b98e1,success,2024-10-31,2025-11-24,295,296,
izi,iZUMi Finance,0x9ad37205d608b8b219e6a2573f922094cec5c200,success,2021-12-21,2025-12-02,1443,1444,
izzy,Izzy,0x6969f3a3754ab674b48b7829a8572360e98132ba,success,2024-10-03,2025-12-02,424,424,
izzy,Izzy,0x9e72a0e219cff0011069ae7b0da73fa26280f41b,success,2025-05-19,2025-12-02,198,199,
jne,Jake Newman Enterprises,0x9657477ac915f56ca87c253db1320218ec2d5ddd,success,2023-10-29,2025-11-29,490,491,
jct,Janction,0xc477b6dfd26ec2460b3b92de18837fd476ea7549,success,2025-11-10,2025-12-02,23,542,
janet,Janet,0xf63e309818e4ea13782678ce6c31c1234fa61809,success,2024-10-22,2025-12-02,407,408,
janny,Janny,0x5ff46696d6e4896137acb1628b06e28c10ee9634,success,2024-06-18,2025-12-02,415,416,
jaaa,Janus Henderson Anemoy AAA CLO Fund,0x5a0f93d040de44e78f251b03c43be9cf317dcf64,success,2025-11-13,2025-12-02,20,477,
jtrsy,Janus Henderson Anemoy Treasury Fund,0x8c213ee79581ff4984583c6a801e5263418c4b86,success,2025-11-13,2025-12-02,20,476,
uta,Japanese Pygmy Hippo,0x3a7ed34c31e88a65184de33ea217226e9245cb40,success,2025-08-21,2025-12-02,95,96,
jarvis,Jarvis,0xbd8fdda057de7e0162b7a386bec253844b5e07a5,success,2024-03-08,2025-12-02,611,612,
jeur,Jarvis Synthetic Euro,0x0f17bc9a994b87b5225cfb6a2cd4d667adb4f20b,success,2021-05-22,2025-12-02,1602,1603,
jchf,Jarvis Synthetic Swiss Franc,0x53dfea0a8cc2a2a2e425e1c174bc162999723ea0,success,2021-05-22,2025-12-02,1518,1519,
jsm,Joseon-Mun,0x04c618cdbc1d59142dfeb4b9864835a06983ec2d,success,2023-05-17,2025-12-02,931,932,
jasmy,JasmyCoin,0x7420b4b9a0110cdc71fb720908340c03f9bc03ec,success,2021-02-04,2025-12-02,1652,1653,
jason,Jason (Eth),0x4d243e8f511045f0d5f9d0288bc628737b10c079,success,2024-03-20,2025-11-23,383,384,
wjxn,Jax.Network,0xca1262e77fb25c0a4112cfc9bad3ff54f617f2e6,success,2021-10-04,2025-12-02,1500,1501,
jay,Jaypeggers,0xda7c0810ce6f8329786160bb3d1734cf6661ca6e,success,2023-05-02,2025-12-02,900,901,
jdon,JD.com (Ondo Tokenized Stock),0xdeb6b89088ca9b7d7756087c8a0f7c6df46f319c,success,2025-09-02,2025-12-02,92,93,
jeff,Jeff,0xf831938caf837cd505de196bbb408d81a06376ab,success,2023-05-09,2025-12-02,919,920,
jeff,JEFFWorld Token,0x1a8b8e526d093476ac5c488a3ea057f8de9c0dee,success,2023-11-25,2025-12-02,739,740,
jj,JEJE,0x1fdd61ef9a5c31b9a2abc7d39c139c779e8412af,success,2024-05-23,2025-12-02,559,560,
jyai,Jerry The Turtle By Matt Furie,0x4e9623b7e5b6438542458f5ee828d65c24d3af8c,success,2025-02-07,2025-12-02,299,300,
jest,Jester,0xa4bc2b90743294e5e6fd3321a9a131947f7785db,success,2024-08-05,2025-12-02,483,484,
jesus,Jesus Coin,0xba386a4ca26b85fd057ab1ef86e3dc7bdeb5ce70,success,2023-04-28,2025-12-02,950,951,
jfin,JFIN Coin,0x940bdcb99a0ee5fb008a606778ae87ed9789f257,success,2020-12-15,2025-12-02,1814,1815,
jusd,Jigsaw USD,0x000000096cb3d4007fc2b79b935c4540c5c2d745,success,2025-04-28,2025-12-02,111,111,
jindo,Jindo Dog 진돗개,0x0cebcc61a5e8538e03373855ccb940ee54dca414,success,2025-09-06,2025-11-21,39,452,
jizz,JizzRocket,0x8b937af714ac7e2129bd33d93641f52b665ca352,success,2023-02-08,2025-11-18,530,531,
jj,Jjmoji,0xdb81f7b3f0b2baebd5009cddade5c9a9c82378bb,success,2023-12-02,2025-11-26,487,488,
job,Jobchain,0xdfbc9050f5b01df53512dcc39b4f2b2bbacd517a,success,2019-08-23,2025-12-02,2244,2245,
jocx,JOCX,0xbb1e1399eee1f577f1b4359224155f5db39ca084,success,2025-07-11,2025-12-02,133,134,
joe,Joe Coin,0x76e222b07c53d28b89b0bac18602810fc22b49a8,success,2023-10-16,2025-12-02,779,780,
jnjx,Johnson & Johnson xStock,0xdb0482cfad4789798623e64b15eeba01b16e917c,success,2025-11-19,2025-12-02,12,230,
joker,Joker,0xe0797ec1d0bb0bec541a82c5262c3b0f93f68bfe,success,2024-07-12,2025-11-17,442,443,
jok,JokInTheBox,0xa728aa2de568766e2fa4544ec7a77f79c0bf9f97,success,2024-04-26,2025-12-01,496,497,
jomon,JOMON,0x7addde640b2a003e30250e3829f82c9479f6ed5d,success,2025-10-31,2025-11-27,15,261,
$jones,$JONES,0x9f5e508182e1cbd23ea5ef65d1d6c342beb7d6d3,success,2024-01-16,2025-11-22,355,356,
jart,JournArt [OLD],0xf3e07812ebc8604fddb0aa35ff79a03f48f48948,success,1970-01-01,1970-01-01,1,1,
jovjou,JovJou,0x7e5981c2e072f53a0323d3d80baca3e31fb1550c,success,2023-10-24,2025-12-02,759,760,
jpeg,JPEG'd (OLD),0xe80c0cd204d654cebe8dd64a4857cab6be8345a3,success,2022-03-01,2025-12-02,1268,1268,
jpmon,JPMorgan Chase (Ondo Tokenized Stock),0x03c1ec4ca9dbb168e6db0def827c085999cbffaf,success,2025-09-02,2025-12-02,85,86,
jpmx,JPMorgan Chase xStock,0xd9fc3e075d45254a1d834fea18af8041207dea0a,success,2025-11-19,2025-12-02,12,218,
jpyc,JPY Coin v1,0x2370f9d504c7a6e775bf6e14b3f12846b594cd53,success,2021-07-23,2025-12-02,1594,1595,
jpyc,JPY Coin,0xe7c3d8c9a439fede00d2600032d5db0be71c3c29,success,2025-10-27,2025-12-02,37,879,
jpyc,JPY Coin,0x431d5dff03120afa4bdf332c61a6e1766ef37bdb,success,2022-06-20,2025-12-02,1262,1263,
jgn,Juggernaut,0x73374ea518de7addd4c2b624c0e8b113955ee041,success,2020-10-11,2025-12-02,1879,1880,
$juice,Juice,0xde5d2530a877871f6f0fc240b9fce117246dadae,success,2024-03-12,2025-12-02,615,616,
jbx,Juicebox,0x4554cc10898f92d45378b98d6d6c2dd54c687fb2,success,2021-12-01,2025-11-30,1395,1396,
jmpt,JumpToken,0x420a24c9c65bd44c48bfb1cc8d6cd1ea8b1ac840,success,2022-01-14,2025-12-02,1419,1420,
jngl,Jungle Labz,0x4c45bbec2ff7810ef4a77ad7bd4757c446fe4155,success,2023-09-14,2025-12-02,753,754,
jup,Jupiter Project,0x4b1e80cac91e2216eeb63e29b957eb91ae9c2be8,success,2020-01-09,2025-12-02,2149,2150,
chillguy,Just a chill guy (ETH),0x60215db40b04fe029c42c56ff2e02221c1f288ef,success,2024-12-01,2025-12-02,367,368,
iryna,Justice for Iryna,0x5a93cf1fa07566f7e505640923413ebfb9fc20d1,success,2025-09-09,2025-10-05,12,170,
memecoin,just memecoin,0x108f9fe948e7f07a42bf8957de773f5d2c97a00d,success,2025-07-27,2025-12-02,87,88,
jm,JustMoney,0x388d819724dd6d71760a38f00dc01d310d879771,success,2022-05-07,2025-12-02,1299,1300,
k21,K21,0xb9d99c33ea2d86ec5ec6b8a4dd816ebba64404af,success,2021-03-22,2025-12-02,1717,1718,
knine,K9 Finance DAO,0x91fbb2503ac69702061f1ac6885759fc853e6eae,success,2024-03-08,2025-12-02,635,636,
kabo,KaboChan,0x0c5cb676e38d6973837b9496f6524835208145a2,success,2024-01-19,2025-11-25,549,550,
kabosu,Kabosu ERC20,0xd86571bfb6753c252764c4ae37fd54888774d32e,success,2025-05-19,2025-12-02,151,152,
kabosu,Kabosu Inu,0xbadff0ef41d2a68f22de21eabca8a59aaf495cf0,success,2023-01-01,2025-12-02,1048,1048,
kabosu,Kabosu,0xb3e41d6e0ea14b43bc5de3c314a408af171b03dd,success,2024-10-18,2025-12-02,408,409,
kaeru,Kaeru The Frog,0x6987e0304d1b26a311e68e3f3da26b1c885a4e83,success,2024-06-12,2025-12-02,419,420,
estee,Kaga No Fuuka Go Sapporo Kagasou,0x8bd35250918ed056304fa8641e083be2c42308bb,success,2024-09-26,2025-12-02,304,304,
kage,KAGE NETWORK,0x64945165255bcb83f2ef9f31a575975832ca4db4,success,2024-09-04,2025-12-02,455,456,
kaiju,KAIJUNO8,0x4fe8d4775b7cb2546b9ee86182081cdf8f77b053,success,2024-03-04,2025-12-02,606,607,
kai,Kai Ken,0xa045fe936e26e1e1e1fb27c1f2ae3643acde0171,success,2024-06-14,2025-12-02,537,538,
kzen,Kaizen.Finance,0x4550003152f12014558e5ce025707e4dd841100f,success,2022-04-26,2025-12-02,1317,1318,
kat,Kambria,0x14da230d6726c50f759bc1838717f8ce6373509c,success,2018-12-20,2025-12-02,2507,2508,
kan,KAN,0x1410434b0346f5be678d0fb554e5c7ab620f8f4a,success,2018-06-20,2025-12-02,2723,2724,
okinami,Kanagawa Nami,0x1c4853ec0d55e420002c5efabc7ed8e0ba7a4121,success,2023-08-15,2025-12-02,841,842,
kng,Kanga Exchange,0x471d113059324321749e097705197a2b44a070fc,success,2021-12-03,2025-12-02,1452,1453,
kangal,Kangal,0x6e765d26388a17a6e86c49a8e41df3f58abcd337,success,2021-03-08,2025-12-02,1716,1717,
kang,Kangamoon,0xb1c9d42fa4ba691efe21656a7e6953d999b990c4,success,2024-06-28,2025-12-02,523,524,
kaai,KanzzAI,0xa7d48da33cf6ac74ed2ba71b7e33005dc51adbb7,success,2024-11-19,2025-12-01,313,314,
kap,KAP Games,0x9625ce7753ace1fa1865a47aae2c5c2ce4418569,success,2022-10-14,2025-11-25,1127,1128,
karate,Karate Combat,0x80008bcd713c38af90a9930288d446bc3bd2e684,success,2023-05-17,2025-12-02,931,932,
karrat,Karrat,0xacd2c239012d17beb128b0944d49015104113650,success,2024-04-23,2025-12-02,589,590,
kata,Katana Inu,0x2e85ae1c47602f7927bcabc2ff99c40aa222ae15,success,2021-12-23,2025-12-02,1441,1442,
ktn,Kattana,0x491e136ff7ff03e6ab097e54734697bb5802fc1c,success,2021-04-09,2025-12-02,1699,1700,
kavr,Kavari,0x867585e3dd8fc996ab220ea9009c091fd948595f,success,2025-07-26,2025-10-22,48,49,
kami,Kawakami,0xb909bfec653a0b1883769ca9ac255eb57d4fed09,success,2025-09-07,2025-12-02,81,1560,
kdag,King DAG,0x95e40e065afb3059dcabe4aaf404c1f92756603a,success,2020-03-12,2025-12-02,2090,2091,
kp3r,Keep3rV1,0x1ceb5cb57c4d4e2b2433641b95dd330a33185a44,success,2020-10-28,2025-12-02,1862,1863,
keep,Keep Finance,0xbf40440703a3f7092b2e73c2f7868727275dbbda,success,1970-01-01,1970-01-01,1,1,
keep,Keep Network,0x85eee30c52b0b379b046fb0f85f4f3dc3009afec,success,2020-05-09,2025-12-02,2033,2034,
kee,Keeshond,0xd89cc9d79ad3c49e2cd477a8bbc8e63dee53f82e,success,2025-02-19,2025-12-02,279,280,
keke,KEK,0xf7168c8abb0ff80116413a8d95396bbdc318a3ff,success,2023-05-09,2025-12-02,939,940,
kek,Kek,0x7beb8f36650e9327d8c52735e3b3c9d1521576e3,success,2025-08-21,2025-12-02,104,105,
kek,Kekcoin (ETH),0xe9514a6eba63a0bbbe2faea919e773ebe0f527c1,success,2023-11-27,2025-11-29,540,541,
kek,Kekistan,0x4ade2b180f65ed752b6f1296d0418ad21eb578c0,success,2024-10-22,2025-12-02,407,408,
kekius,Kekius Maximus,0x26e550ac11b26f78a04489d5f20f24e3559f7dd9,success,2024-12-15,2025-12-02,353,354,
kekiusa,Kekius Maximusa,0x7ee089ebb18771caf5bf483a4ee49c4de04295f2,success,2025-04-04,2025-12-02,189,190,
keko,Keko,0x2c7f442aab99d5e18cfae2291c507c0b5f3c1eb5,success,2023-04-25,2025-11-21,492,493,
rseth,Kelp DAO Restaked ETH,0xa1290d69c65a6fe4df752f95823fae25cb99e5a7,success,2024-01-12,2025-12-02,691,692,
ageth,Kelp Gain,0xe1b4d34e8754600962cd944b535180bd758e6c2e,success,2024-09-03,2025-12-02,456,457,
kel,KelVPN,0xda6a3876ad460194cd7ba28062d838c98ee2fd1d,success,2021-04-19,2025-12-02,1688,1689,
ken,Ken,0x7316d973b0269863bbfed87302e11334e25ea565,success,2024-08-05,2025-12-01,476,477,
knda,Kenda,0xb40c535c8899f95e3b722df2f0619ebd28c4a4ea,success,2023-09-11,2025-12-02,814,815,
kendu,Kendu,0xaa95f26e30001251fb905d264aa7b00ee9df6c18,success,2024-04-08,2025-12-02,604,605,
kns,Kenshi,0xf1264873436a0771e440e2b28072fafcc5eebd01,success,2023-06-15,2025-12-02,889,890,
kermit,Kermit,0x53250b5dfa8c911547afeaf18db025024c8e919a,success,2023-04-19,2025-12-02,878,879,
kernel,KernelDAO,0x3f80b1c54ae920be41a77f8b902259d48cf24ccf,success,2025-04-14,2025-12-02,233,234,
kerosene,Kerosene,0xf3768d6e78e65fc64b8f12ffc824452130bd5394,success,2024-04-01,2025-12-02,611,612,
ethereum,Ketaicoin,0xdc5e9445169c73cf21e1da0b270e8433cac69959,success,2023-08-18,2025-12-02,720,720,
keyfi,KeyFi,0xb8647e90c0645152fccf4d9abb6b59eb4aa99052,success,2021-04-29,2025-12-02,1649,1650,
keys,Keys,0xe0a189c975e4928222978a74517442239a0b86ff,success,2021-11-19,2025-12-02,1331,1332,
$khamoo,Khamoo,0x8f66cf0f1db84f8ee2a46352409370a69ae4e059,success,2024-12-28,2025-11-22,273,274,
kiba,Kiba Inu,0x005d1123878fc55fbd56b54c73963b234a64af3c,success,2021-10-27,2025-12-02,1498,1499,
kibshi,KiboShib,0x02e7f808990638e9e67e1f00313037ede2362361,success,2023-03-07,2025-12-02,1001,1002,
bean,Bean Coin,0x6958c870a6d9a7a7cca58fede8acfdf1280c12d5,success,2025-08-11,2025-12-02,111,112,
kimchi,KIMCHI.finance,0x1e18821e69b9faa8e6e75dffe54e7e25754beda0,success,2020-09-01,2025-12-02,1914,1915,
kine,Kine Protocol,0xcbfef8fdd706cde6f208460f2bf39aa9c785f05d,success,2021-03-11,2025-12-02,1699,1699,
kb-kda,Kinesis Bridged KDA (Ethereum),0x7786f1eb2ec198a04d8f5e3fc36fab14da370076,success,2025-08-14,2025-10-23,71,72,
kai,Kinetix Finance Token,0x0bbcefa5f3630cae34842cb9d9b36bc0d4257a0d,success,2024-06-20,2025-12-02,526,526,
king,KING Coin,0xe28027c99c7746ffb56b0113e5d9708ac86fae8f,success,2023-05-09,2025-12-02,939,940,
lion,King Of Meme,0xf3c3745894d979f8f85761bd060520bddbc464e9,success,2024-06-19,2025-12-02,532,533,
xnk,Kinka,0x722a89f1b925fe41883978219c2176aecc7d6699,success,2024-03-19,2025-12-02,604,605,
kip,KIP,0x946fb08103b400d1c79e07acccdef5cfd26cd374,success,2024-12-10,2025-12-02,358,359,
kira,Kira AI,0x0d7c10ffcaef0bf9f8bbfc44ea437beeb5a36976,success,2025-08-07,2025-11-13,61,62,
kex,KIRA Network,0x16980b3b4a3f9d89e33311b5aa8f80303e5ca4f8,success,2020-11-28,2025-12-02,1831,1832,
kishu,Kishu Inu,0xa2b4c0af19cc16a6cfacce81f192b024d625817d,success,2021-04-20,2025-12-02,1688,1689,
kite,Kite,0x904567252d8f48555b7447c67dca23f0372e16be,success,2025-11-03,2025-12-02,30,708,
koin,Kittekoin,0x7b0df1cd724ec34ec9bc4bd19749b01afb490761,success,2024-08-21,2025-11-26,311,312,
kif,KittenFinance,0x177ba0cac51bfc7ea24bad39d81dcefd59d74faa,success,2020-09-03,2025-11-22,1819,1820,
kiwi,Kiwi,0xdef1245f98fedd2e0108acc185eb3eca2c106ef6,success,2025-07-23,2025-12-02,133,134,
kizuna,Kizuna,0x470c8950c0c3aa4b09654bc73b004615119a44b5,success,2023-10-06,2025-12-02,789,790,
klaus,KLAUS,0xb612bfc5ce2fb1337bd29f5af24ca85dbb181ce2,success,2024-10-11,2025-12-02,418,419,
klee,KleeKai,0xa67e9f021b9d208f7e3365b2a155e3c55b27de71,success,2021-05-16,2025-12-02,1653,1654,
pnk,Kleros,0x93ed3fbe21207ec2e8f2d3c3de6e058cb73bc04d,success,2018-08-17,2025-12-02,2661,2662,
kft,Knit Finance,0xef53462838000184f35f7d991452e5f25110b207,success,2021-09-02,2025-12-02,1551,1552,
knuxx,KNUXX,0xa795dadcadbe937c0c67430a2ce56d256cd6f62f,success,2025-10-09,2025-12-02,52,989,
kobe,Kobe the Shiba Inu,0xdecd530d9403c5b4716be6b9494d229c12ccf409,success,2025-09-25,2025-10-17,23,367,
kobushi,Kobushi,0xd86830e9c56785e2b703eb0029ae71a943e4d442,success,2025-05-11,2025-12-02,206,207,
kochi,Kochi Inu,0x5cbfe0b628858e3aaae7dbc81b0ce09ff2c80550,success,2025-06-12,2025-12-02,151,152,
kochi,Kochi Ken ETH,0x6fba952443be1de22232c824eb8d976b426b3c38,success,2024-06-15,2025-11-15,381,382,
kohaku,KOHAKU,0xbd821d84770b65f679a47452367258cf86579d02,success,2025-08-31,2025-12-02,94,95,
koi,Koi,0x9d14bce1daddf408d77295bb1be9b343814f44de,success,2024-03-07,2025-12-02,636,637,
koai,KOI,0x7e331b55e4fbba7cb9c1fc855ed0dac2983e7798,success,2024-09-27,2025-11-21,409,410,
kbt,KoinBay Token,0x41b13e815308485f7f1af5afcc64a01519085609,success,1970-01-01,1970-01-01,1,1,
kok,KOK,0x9b9647431632af44be02ddd22477ed94d14aacaa,success,2020-01-29,2025-12-02,2106,2106,
kltr,Kollector,0xa92c49c403386111c1629aee00936eed2a9e74a6,success,2021-11-07,2025-12-02,1487,1488,
$ksco,Kolscope,0x73470eda64048ee2646261755a34602af03a4490,success,2025-07-08,2025-10-07,48,49,
kolt,Kolytics,0xe4ad6e3a254d545215089c972056494dfc12406c,success,2025-05-23,2025-12-02,192,193,
kolz,KOLZ,0x288741b45ad4042f7b124e38b53cec5e9cca0376,success,2024-12-05,2025-12-02,363,364,
koma,Komari,0x5a12975bf0158c9c3b23622f44917d113f31842d,success,2024-10-05,2025-11-05,240,241,
kome,Kome Chan,0x7413c3c28c8e483035c121be16641c3a37872e83,success,2025-09-07,2025-09-25,11,160,
kompete,KOMPETE,0x1e0b2992079b620aa13a7c2e7c88d2e1e18e46e9,success,2022-03-14,2025-12-02,1360,1361,
kai,Komputai,0xe75f2acafba1ad56c5ed712ffbc1d31910e74396,success,2024-04-18,2025-12-02,589,590,
kndx,KONDUX,0x7ca5af5ba3472af6049f63c1abc324475d44efc1,success,2022-11-16,2025-12-02,1106,1107,
kong,CyberKongz,0x8db036f007841c21b97eff7dfc2c187241d59baf,success,2025-09-10,2025-12-02,84,2003,
kct,Konnect,0x63230728bc219d991d2995ce92e96c16fcf8beb6,success,2022-05-25,2025-12-02,1287,1288,
kono,Konomi Network,0x850aab69f0e0171a9a49db8be3e71351c8247df4,success,2021-03-16,2025-11-30,1636,1637,
koro,Koro Go,0xebd3f05f77c456d59852da12ac764dc975eca91b,success,2025-06-23,2025-12-02,158,159,
kto,Kounotori,0x616ef40d55c0d2c506f4d6873bda8090b79bf8fc,success,2021-12-06,2025-11-30,1353,1354,
koy,Koyo,0x198065e69a86cb8a9154b333aad8efe7a3c256f8,success,2023-03-18,2025-12-02,917,918,
kozue,Kozue,0x3abe404faa776d2a833d554a068ef1a58193f080,success,2024-09-21,2025-12-01,258,259,
kpk,kpk,0xbf3f63d8ac133b16d7d50c015036b33219dd8d23,success,1970-01-01,1970-01-01,1,1,
kpop,KPOP Coin,0x7b7983967409fce461ea8bbdf9ed37631b1d59c9,success,2021-05-31,2025-11-08,1333,1334,
kbtc,Kraken Wrapped BTC,0x73e0c0d45e048d25fc26fa3159b0aa04bfa4db98,success,2024-10-29,2025-12-02,253,254,
krazy,krazy n.d.,0x187df9748016da82578c83a61c3b3093ac6b8669,success,2024-07-18,2025-11-28,441,442,
kai,Kreaitor,0xd8695414822e25ab796c1d360914ddf510a01138,success,2024-01-22,2025-12-02,677,677,
krom,Kromatika,0x3af33bef05c2dcb3c7288b77fe1c8d2aeba4d789,success,2021-11-18,2025-12-02,1476,1477,
krw,KROWN,0x499568c250ab2a42292261d6121525d70691894b,success,2021-06-22,2025-12-02,1574,1575,
krwq,KRWQ,0xc00db6b41473d065027f5ed6fada20fde75f142e,success,2025-10-08,2025-12-02,55,1274,
krl,KRYLL,0x464ebe77c293e473b48cfe96ddcf88fcf7bfdac0,success,2018-07-21,2025-12-02,2692,2693,
kuji,Kujira,0x96543ef8d2c75c26387c1a319ae69c0bee6f3fe7,success,2021-11-26,2025-12-02,1427,1428,
kūka,KŪKA,0xe9942930a2e3a8a096a8a9637d62219f3159cf4d,success,2025-06-06,2025-10-16,95,96,
kuku,KuKu,0x27206f5a9afd0c51da95f20972885545d3b33647,success,2023-08-04,2025-12-02,608,609,
kuma,Kuma,0x95ad53e32942c0cf9fd60208964782af8bedb709,success,2025-01-12,2025-12-02,280,281,
dkuma,KumaDex Token,0x3f5dd1a1538a4f9f82e543098f01f22480b0a3a8,success,2022-08-16,2025-12-02,1133,1133,
kuma,Kuma Inu,0x48c276e8d03813224bb1e55f953adb6d02fd3e02,success,2021-05-16,2025-12-02,1662,1663,
kumaneene,Kumaneene,0x48d41fc014865c32be82c50ee647b6a4bfab38a8,success,2025-08-10,2025-12-02,115,116,
ku-chan,KURUMI,0x341ea9d0e5c9a2a7781aff398117846ea2fff2ab,success,2025-10-19,2025-12-02,45,1050,
kncl,Kyber Network Crystal Legacy,0xdd974d5c2e2928dea5f71b9825b8b646686bd200,success,2017-10-28,2025-12-02,2958,2959,
knc,Kyber Network Crystal,0xdefa4e8a7bcba345f687a2f1456f5edd9ce97202,success,2021-04-22,2025-12-02,1661,1662,
kylo,Kylo The Doge,0xa2188f44f0d265558c615aae242400923f9aa1d4,success,2025-09-03,2025-11-29,26,349,
kyra,KYRA,0x4b41a481a7a3e0396751aa49bee970b842fdaede,success,2024-10-25,2025-11-09,205,206,
l,L,0xf8c76dbea329ec4fa987afc514f805b21b249d79,success,2023-06-27,2025-11-29,744,745,
l2t,L2 Token,0x3f79e800db889dabdd998c071ced6a0d11e307e0,success,2025-09-10,2025-12-02,84,2009,
l3usd,L3USD,0x2c2d8a078b33bf7782a16acce2c5ba6653a90d5f,success,2022-08-19,2025-12-02,942,943,
lbl,LABEL AI,0x2162f572b25f7358db9376ab58a947a4e45cede1,success,2021-12-17,2025-11-18,1433,1434,
memeless,Lack Of Memes,0xacc5f95ead9874c21b6e83f4c051045a133e1b94,success,2025-09-06,2025-10-06,17,251,
la,Lagrange,0x0fc2a55d5bd13033f1ee0cdd11f60f7efe66f467,success,2025-06-04,2025-12-02,182,183,
laika,Laika,0x77f9cf0bd8c500cffdf420e72343893aecc2ec0b,success,2022-08-23,2025-11-28,1086,1087,
laika,Laïka,0x19e1f2f837a3b90ebd0730cb6111189be0e1b6d6,success,2024-11-15,2025-12-02,383,384,
lak3,LAKE,0x13d074303c95a34d304f29928dc8a16dec797e9e,success,2025-01-22,2025-12-02,315,316,
lvm,LakeViewMeta,0x5bb15141bb6def6d2bafeed8ff84bf889c0c573b,success,2022-09-01,2025-12-02,1126,1127,
lambo,$LAMBO,0x3d2b66bc4f9d6388bd2d97b95b565be1686aefb3,success,2023-05-06,2025-12-02,920,921,
wolf,LandWolf,0xf6afc05fccea5a53f22a3e39ffee861e016bd9a0,success,2023-07-14,2025-11-29,810,811,
wolf,LandWolf,0x67466be17df832165f8c80a5a120ccc652bd7e69,success,2024-04-29,2025-12-02,583,584,
wolf,Landwolf,0x9c7d4fb43919def524c1a9d92fe836169eaf0615,success,2024-03-11,2025-12-02,628,629,
wolf,Landwolf,0x33abe795f9c1b6136608c36db211bd7590f5fdae,success,2024-04-13,2025-12-02,599,600,
landwu,Land Wu,0x67c4d14861f9c975d004cfb3ac305bee673e996e,success,2024-06-13,2025-12-02,538,539,
lndx,LandX Governance Token,0x08a1c30bbb26425c1031ee9e43fa0b9960742539,success,2023-12-16,2025-12-02,718,719,
lanlan,LanLan Cat,0xecca809227d43b895754382f1fd871628d7e51fb,success,2025-05-27,2025-12-02,188,189,
lai,Larp AI,0xf3c83a2aa05f9201533737c1efa2fe5d9416f128,success,2025-08-08,2025-12-02,117,118,
larry,Larry,0xd08623fb2a1f044025eec65886011cf5d0f06b01,success,2023-05-21,2025-11-29,735,736,
lgas,Laser Gas,0xd9b9f72d6f5cdec754243d7d3cefd5b4370af094,success,1970-01-01,1970-01-01,1,1,
la,LA,0xe50365f5d679cb98a1dd62d6f6e58e59321bcddf,success,2017-10-28,2025-12-02,2956,2957,
ltx,Lattice,0xa393473d64d2f9f026b60b6df7859a689715d092,success,2020-11-07,2025-12-02,1852,1853,
l,Launch On USD1,0xd014cb8d4bbccb75fc3a7c941528fd5e891259cf,success,2025-05-25,2025-12-02,188,189,
laura,Laura AI,0xa39819b999b2471bfdf03d1d8b6f93c83fe8caba,success,2025-09-05,2025-11-27,35,436,
lst,Law Service Token,0xa78cdb9a2e3ff8f24ef76e23a9fb858045d24d32,success,2025-07-18,2025-09-02,41,42,
l3,Layer3,0x88909d489678dd17aa6d9609f89b0419bf78fd9a,success,2024-07-30,2025-12-02,491,492,
lbrett,Layer Brett,0xa896871b0348bd4cf9c456ab20208fe7635733a9,success,2025-11-10,2025-12-01,22,441,
l1x,Layer One X,0x399ef659fdead53b3e7f97e9491e727925667945,success,2025-01-23,2025-12-02,314,315,
zro,LayerZero,0x6985884c4392d348587b19cb9eaaf157f13271cd,success,2024-06-20,2025-12-02,531,532,
sei,LayerZero Bridged Sei,0xbdf43ecadc5cef51b7d1772f722e40596bc1788b,success,2025-03-17,2025-12-02,261,262,
lcx,LCX,0x037a54aab062628c9bbae1fdb1583c195585fe41,success,2019-11-22,2025-12-02,2203,2204,
loka,League of Kingdoms,0x61e90a50137e1f645c9ef4a0d3a4f01477738406,success,2022-01-20,2025-12-02,1413,1414,
leash,Doge Killer,0x27c70cd1946795b66be9d954418546998b546634,success,2021-05-25,2025-12-02,1653,1654,
ledger,Ledger AI,0xd1f2586790a5bd6da1e443441df53af6ec213d83,success,2024-09-22,2025-12-02,437,438,
ldy,Ledgity Token,0x482df7483a52496f4c65ab499966dfcdf4ddfdbc,success,2024-06-04,2025-12-02,547,548,
dog,LEDOG (DOG),0x864cb5194722d5a1596f4be8b899916d30dad8d8,success,2024-10-14,2025-12-01,414,415,
leeroy,LEEROY JENKINS,0x1e971b5b21367888239f00da16f0a6b0effecb03,success,2023-11-07,2025-12-02,643,643,
ichi,Legacy ICHI,0x903bef1736cddf2a537176cf3c64579c3867a881,success,2022-06-15,2025-12-02,1250,1251,
lgct,Legacy Token,0xd38b305cac06990c0887032a02c03d6839f770a8,success,2025-01-09,2025-12-02,328,329,
legal,LEGAL,0xa3b71add41c9e4e1034fe665f946baebfe9c07c4,success,2025-04-06,2025-12-02,229,230,
legend,Legend,0x1b1ff83ae0751ffb7ce0224e9c330e859e95dd16,success,2025-01-15,2025-12-02,322,323,
lgndx,LegendX,0xdb04fb08378129621634c151e9b61fef56947920,success,2024-09-10,2025-12-02,400,400,
lm,LeisureMeta,0xc064f4f215b6a1e4e7f39bd8530c4de0fc43ee9d,success,2022-05-26,2025-12-02,1287,1288,
lbai,Lemmy The Bat,0x4ae149fd6059af772b962efac6bf0236872d6940,success,2025-05-29,2025-12-02,188,189,
lemd,Lemond,0xf45f6c8bb3d77ea762175b8f7ca4d251941649fa,success,2021-04-23,2025-12-02,1685,1686,
lemon,Lemonrocks,0x898843fb909e3562c82f2b96f4e3d0693af041df,success,2024-09-21,2025-11-29,383,384,
lends,Lends,0x2c06ba9e7f0daccbc1f6a33ea67e85bb68fbee3a,success,2024-02-08,2025-12-02,636,636,
( ͡° ͜ʖ ͡°),Lenny Face,0xdadb4ae5b5d3099dd1f586f990b845f2404a1c4c,success,2023-02-21,2025-11-27,751,752,
leo,LEO Token,0x2af5d2ad76741191d15dfe7bf6ac92d4bd912ca3,success,2019-05-21,2025-12-02,2388,2389,
leox,LEOX,0xa444ec96ee01bb219a44b285de47bf33c3447ad5,success,2023-04-25,2025-12-02,953,954,
leslie,Leslie,0xcc9e0bd9438ca0056653d134de794abeaff8c676,success,2023-11-25,2025-12-02,738,739,
lester,Lester,0xf5809f3348ff40906bb509f936aba43e6d1961ab,success,2024-11-14,2025-11-27,319,320,
letsgo,Lets Go Brandon,0xa6586e19ef681b1ac0ed3d46413d199a555dbb95,success,2022-03-01,2025-12-02,1290,1291,
slvlusd,Staked Level USD,0x4737d9b4592b40d51e110b94c9c043c6654067ae,success,2025-01-30,2025-12-02,306,307,
lvlusd,Level USD,0x7c1156e515aa1a2e851674120074968c905aaf37,success,2024-12-28,2025-12-02,340,341,
lever,LeverFi,0x4b5f49487ea7b3609b1ad05459be420548789f1f,success,2022-07-13,2025-12-02,1239,1240,
xcvx,Leveraged CVX,0xb90d347e10a085b591955cbd0603ac7866fcadc8,success,2024-08-09,2025-12-02,481,482,
xeeth,Leveraged eETH,0xacb3604aadf26e6c0bb8c720420380629a328d2c,success,2024-08-09,2025-12-02,481,482,
xezeth,Leveraged ezETH,0x2e5a5af7ee900d34bcfb70c47023bf1d6be35cf5,success,2024-08-09,2025-12-02,481,482,
xfrxeth,Leveraged frxETH,0x2bb0c32101456f5960d4e994bac183fe0dc6c82c,success,2024-08-09,2025-12-02,481,482,
xsteth,Leveraged stETH,0x5a097b014c547718e79030a077a91ae37679eff5,success,2024-08-09,2025-12-02,481,482,
xwbtc,Leverage WBTC,0x9f23562ec47249761222ef7ac02b327a8c45ba7d,success,2024-08-09,2025-12-02,481,482,
l2,Leverj Gluon,0xbbff34e47e559ef680067a6b1c980639eeb64d24,success,2020-10-27,2025-11-29,1396,1397,
lvva,Levva Protocol,0x6243558a24cc6116abe751f27e6d7ede50abfc76,success,2025-03-11,2025-12-02,267,268,
lf,LF,0x957c7fa189a408e78543113412f6ae1a9b4022c4,success,2025-02-19,2025-12-02,287,288,
lgcy,LGCY Network,0xae697f994fc5ebc000f8e22ebffee04612f98a0d,success,2020-08-20,2025-12-02,1895,1896,
lld,Liberland LLD,0x054c9d4c6f4ea4e14391addd1812106c97d05690,success,2024-04-10,2025-12-02,602,603,
licker,Licker,0x1b3be8fcd2e7c5ce9c5c242e0066fdd9740220d0,success,2024-09-15,2025-11-29,328,329,
ldo,Lido DAO,0x5a98fcbea516cf06857215779fd812ca3bef1b32,success,2021-01-05,2025-12-02,1793,1794,
stmatic,Lido Staked Matic,0x9ee91f9f426fa633d227f7a9b000e28b9dfd8599,success,2022-03-29,2025-12-02,1345,1346,
lien,Lien,0xab37e1358b639fd877f015027bb62d3ddaa7557e,success,2020-08-24,2025-11-27,1817,1818,
lif3,Lif3,0x7138eb0d563f3f6722500936a11dcae99d738a2c,success,2023-09-27,2025-12-02,691,692,
life,Life Crypto,0x6c936d4ae98e6d2172db18c16c4b601c99918ee6,success,2021-09-08,2025-12-02,1547,1548,
lfdog,lifedog,0x425087bf4969f45818c225ae30f8560ce518582e,success,2024-11-29,2025-12-02,347,347,
lifi,LIFI,0x359fb8b204ae2eb94c1e887fbbbda616986d4b66,success,2025-09-22,2025-11-26,44,621,
usdl,Lift Dollar,0xbdc7c08592ee4aa51d06c27ee23d5087d65adbcd,success,2024-08-14,2025-12-02,458,459,
lcai,Lightchain AI,0x9ca8530ca349c966fe9ef903df17a75b8a778927,success,1970-01-01,1970-01-01,1,1,
ll,LightLink,0x0921799cb1d702148131024d18fcde022129dc73,success,2024-04-24,2025-12-02,588,589,
speed,Lightspeed,0xb01cf1be9568f09449382a47cd5bf58e2a9d5922,success,2024-11-08,2025-12-02,390,391,
lilai,LilAI,0x85cf7f10683c73359e7b06c082eef5851ff2956d,success,2023-06-03,2025-12-02,900,901,
lilfrog,Lil Frog,0x8e7009a281a7190deddfca2fbf48e4706f141208,success,2025-09-09,2025-09-30,9,157,
manyu,LilManyu,0xd460a96231e2aa497eca601f526913654fbd4977,success,2025-06-11,2025-11-28,140,141,
lily,Lily's Coin,0x7ce89243cc0d9e746609c57845eccbd9bb4b7315,success,2024-10-27,2025-12-02,402,403,
lmwr,LimeWire,0x628a3b2e302c7e896acc432d2d0dd22b6cb9bc88,success,2023-05-16,2025-12-02,932,933,
linda,Linda,0x039d2e8f097331278bd6c1415d839310e0d5ece4,success,2023-12-17,2025-12-02,717,718,
linon,Linde plc (Ondo Tokenized Stock),0x01b19c68f8a9ee3a480da788ba401cfabdf19b93,success,2025-09-02,2025-11-22,62,63,
linx,Linde xStock,0x15059c599c16fd8f70b633ade165502d6402cd49,success,2025-11-19,2025-12-02,12,157,
linea,Linea,0x1789e0043623282d5dcc7f213d703c6d8bafbb04,success,2025-09-10,2025-12-02,84,2002,
lina,Linear,0x3e9bc21c9b189c09df3ef1b824798658d5011937,success,2020-09-17,2025-12-02,1903,1904,
lpl,LinkPool,0x99295f1141d58a99e939f7be6bbe734916a875b8,success,2021-03-29,2025-12-02,1702,1703,
yvlink,LINK yVault,0x671a912c10bba0cfa74cfc2d6fba9ba1ed9530b2,success,2023-01-20,2025-12-02,1048,1049,
lnq,LinqAI,0xd4f4d0a10bcae123bb6655e8fe93a30d01eebd04,success,2024-03-02,2025-12-02,641,642,
liquid,Liquid Agent,0x11dfc652eb62c723ad8c2ae731fcede58ab07564,success,2025-06-29,2025-12-02,157,158,
lqdx,Reddex,0x872952d3c1caf944852c5adda65633f1ef218a26,success,2023-12-20,2025-12-02,711,712,
lila,LiquidLayer,0x96add417293a49e80f024734e96cfd8b355bcc14,success,2023-10-28,2025-11-23,719,720,
merc,Liquid Mercury,0x6ee2f71049dde9a93b7c0ee1091b72acf9b46810,success,2023-03-04,2025-12-02,970,971,
lsdai,Liquid Savings DAI,0xe1a70b24e109f7a8b39806c554e123efc6769e91,success,1970-01-01,1970-01-01,1,1,
lseth,Liquid Staked ETH,0x8c1bed5b9a0928467c9b1341da1d7bd5e10b6549,success,2023-03-07,2025-12-02,1002,1003,
lsd,Liquid Staking Derivative,0x97d4f49eeb0e2c96d5ebaa71ab8418e563ecd9fd,success,2023-02-24,2025-11-21,883,884,
liqui,LiquiHub,0x332aa1163c4bcccc158d58ace9b2f621ad47d5fd,success,2025-09-07,2025-11-23,33,572,
lqty,Liquity,0x6dea81c8171d0ba574754ef6f8b412f2ed88c54d,success,2021-04-05,2025-12-02,1703,1704,
bold,Legacy BOLD,0xb01dd87b29d187f3e3a4bf6cdaebfb97f3d9ab98,success,2025-01-23,2025-11-25,275,276,
bold,BOLD,0x6440f144b7e50d6a8439336510312d2f54beb01d,success,2025-05-26,2025-12-02,191,192,
lusd,Liquity USD,0x5f98805a4e8be255a32880fdec7f6728c6568ba0,success,2021-04-05,2025-12-02,1703,1704,
lsk,Lisk,0x6033f7f88332b8db6ad452b7c6d5bb643990ae3f,success,2016-04-06,2025-12-02,3508,3509,
lit,LIT,0xc5b3d3231001a776123194cf1290068e8b0c783b,success,2021-12-08,2025-11-29,1281,1282,
litas,LITAS,0xfa63503f9e61fd59cbea137c122fa55c2daff14a,success,2025-08-01,2025-12-02,124,125,
lit,Litentry,0xb59490ab09a0f526cc7305822ac65f2ab12f9723,success,2021-02-04,2025-12-02,1763,1764,
lith,Lithium Finance,0x188e817b02e635d482ae4d81e25dda98a97c4a42,success,2021-08-05,2025-12-02,1581,1582,
litkey,Lit Protocol,0x4d4eb0e8b160f6ebf63cc6d36060ffec09301b42,success,2025-10-30,2025-12-02,34,815,
lilpepe,Little Pepe,0xef6ef7d2e4d1ff7ebe0ce7d179e510e11e745429,success,2025-09-05,2025-12-02,88,2072,
lilpepe,Little Pepe,0x6462e7842b95cdf81041d8fb4f5084210fffac41,success,2025-10-26,2025-11-21,10,151,
lilpepe,Little Pepe,0xa2209a2b7cdb0a15457322199fe45bdbad72c48f,success,2025-11-17,2025-12-02,16,377,
litusd,litUSD,0x3b5f2810fb2168ffa9c73160f97bf9f2461ffa5c,success,2025-11-24,2025-12-02,6,68,
lau,Live Ai,0x6604c7d7e343e2abd10aa66f6c496abee875cf71,success,2025-07-01,2025-11-30,135,136,
lpt,Livepeer,0x58b6a8a3302369daec383334672404ee733ab239,success,2018-12-11,2025-12-02,2549,2550,
ltd,Living the Dream,0x1fdb29ad49330b07ae5a87483f598aa6b292039e,success,2024-08-30,2025-12-02,454,455,
liz,Lizcoin,0xaf4144cd943ed5362fed2bae6573184659cbe6ff,success,2024-11-06,2025-12-02,392,393,
lmeow,lmeow,0x1ae7e1d0ce06364ced9ad58225a1705b3e5db92b,success,2024-03-07,2025-12-02,636,637,
lmgx,LMGroupToken,0x6505f1cc7c08061c6d77a62f59cb501e7550cd50,success,2025-05-20,2025-12-02,196,197,
lcs,LocalCoinSwap,0xaa19961b6b858d9f18a115f25aa1d98abc1fdba8,success,2018-08-06,2025-12-02,2591,2592,
loc,LockTrip,0x5e3346444010135322268a4630d2ed5f8d09446c,success,2017-12-20,2025-12-02,2859,2860,
lmi,Lockheed Martin Inu,0xaf05ce8a2cef336006e933c02fc89887f5b3c726,success,2023-10-26,2025-12-02,766,767,
lmton,Lockheed (Ondo Tokenized Stock),0x691b126cf619707ed5d16cab1b27c000aa8de300,success,2025-09-02,2025-12-02,72,73,
locus,Locus Chain,0xc64500dd7b0f1794807e67802f8abbf5f8ffb054,success,2018-11-17,2025-12-02,1909,1910,
logx,LogX Network,0xa3f4341c3fef5963ab04135d2014ac7d68222e19,success,2024-09-24,2025-12-02,435,436,
lkr,Lokr,0x80ce3027a70e0a928d9268994e9b85d03bd4cdcf,success,2021-04-07,2025-11-30,1590,1591,
bomb,LollyBomb,0x6b6ee7393f07b3dd1427b6848d3576f31c313127,success,2024-06-13,2025-12-02,426,426,
bard,Lombard,0xf0db65d17e30a966c2ae6a21f6bba71cea6e9754,success,2025-09-18,2025-12-02,76,1814,
lbtc,Lombard Staked BTC,0x8236a87084f8b84306f72007f36f2618a5634494,success,2024-08-29,2025-12-02,461,462,
nobiko,Longcat,0xccccc74ac972e08a0f4c62e9369576a6f6722002,success,2025-08-05,2025-12-02,115,116,
looks,LooksRare,0xf4d2888d29d722226fafa5d9b24f9164c092421e,success,2022-01-10,2025-12-02,1423,1424,
loomold,Loom Network (OLD),0xa4e8c3ec456107ea67d3075bf9e3df3a75823db0,success,2018-03-20,2025-11-10,2751,2752,
loom,Loom Network (NEW),0x42476f744292107e34519f9c357927074ea3f75d,success,2021-04-09,2025-12-02,1699,1700,
lpeth,Loop ETH,0xa684eaf215ad323452e2b2bf6f817d4aa5c116ab,success,2024-12-07,2025-11-19,87,88,
loopin,LooPIN Network,0x975da7b2325f815f1de23c8b68f721fb483b8071,success,2024-11-19,2025-12-02,379,380,
lrc,Loopring,0xbbbbca6a901c926f240b89eacb641d8aec7aeafd,success,2017-10-30,2025-12-02,2956,2957,
loot,Lootex,0x721a1b990699ee9d90b6327faad0a3e840ae8335,success,2022-01-24,2025-12-02,1409,1410,
loot,LootBot,0xb478c6245e3d85d6ec3486b62ea872128d562541,success,2023-07-16,2025-11-30,826,827,
looter,Looter,0x000000000a1c6659ac226dbb1c5bdc648df72e9e,success,2024-03-08,2025-12-02,570,571,
logt,Lord of Dragons,0xba58444c8050ed9385b7417533a73644036d21eb,success,2023-03-18,2025-12-02,991,992,
lords,LORDS,0x686f2404e77ab0d9070a46cdfb0b7fecdd2318b0,success,2022-01-03,2025-12-02,1430,1431,
lss,Lossless,0x3b9be07d622accaed78f479bc0edabfd6397e320,success,2021-06-03,2025-12-02,1644,1645,
love,Love.io,0xb55ee890426341fe45ee6dc788d2d93d25b59063,success,2023-11-16,2025-12-02,748,749,
lovely,Lovely Inu Finance,0x0f6d4d4643a514132f84f4a270946db3c7cb701c,success,2021-10-15,2025-12-02,1454,1455,
3crv,LP 3pool Curve,0x6c3f90f043a72fa612cbac8115ee7e52bde6e490,success,2020-10-29,2025-12-02,1861,1862,
renbtccurve,LP renBTC Curve,0x49849c98ae39fff122806c06791fa73784fb3675,success,2020-08-03,2025-12-02,1943,1944,
scurve,LP-sCurve,0xc25a3a3b969415c80451098fa907ec722572917f,success,2020-07-28,2025-12-02,1954,1955,
lp-ycrv,LP Yearn CRV Vault,0xc97232527b62efb0d8ed38cf3ea103a6cca4037e,success,2023-10-25,2025-12-02,760,761,
king,King Protocol,0x8f08b70456eb22f6109f57b8fafe862ed28e6040,success,2024-10-25,2025-12-02,404,405,
lblock,Lucky Block,0x2b867efd2de4ad2b583ca0cb3df9c4040ef4d329,success,2022-01-27,2025-12-02,1406,1407,
lucky,Luckyinu,0xd1c8fa30fded3e0031dc24c1646d74108b096cc2,success,2024-02-05,2025-11-20,403,404,
luckymoon,Lucky Moon,0x78069e97c5a1c4a92da4c577dbcfd86cfd83da53,success,2025-08-03,2025-12-02,118,118,
luckyslp,LuckysLeprecoin,0x357c915d7c12dc506d13332bb06c932af13e99a0,success,2023-10-13,2025-12-02,782,783,
ludus,Ludus,0x24ace0aa510a4cf8d892e70d538001f84f5b5f3a,success,2025-05-15,2025-12-02,125,126,
luffy,Luffy,0x54012cdf4119de84218f7eb90eeb87e25ae6ebd7,success,2021-08-16,2025-12-02,1570,1571,
lyxe,LUKSO [OLD],0xa8b919680258d369114910511cc87595aec0be6d,success,2020-05-22,2025-12-02,2021,2022,
lyx,LUKSO,0xc210b2cb65ed3484892167f5e05f7ab496ab0598,success,2023-07-24,2025-12-02,863,864,
lulux,lululemon xStock,0x847deb9c78fb00319bc7a006dff729c11428e537,success,1970-01-01,1970-01-01,1,1,
lmr,Lumerin,0x4b1d0b9f081468d780ca1d5d79132b64301085d1,success,2022-03-29,2025-12-02,1345,1346,
luchow,LunaChow,0xa5ef74068d04ba0809b7379dd76af5ce34ab7c57,success,2021-10-05,2025-12-02,1505,1506,
linu,Luna Inu,0x78132543d8e20d2417d8a07d9ae199d458a0d581,success,2022-05-18,2025-12-02,1288,1289,
lunc,Terra Classic (Wormhole),0xbd31ea8212119f94a611fa969881cba3ea06fa3d,success,2022-02-28,2025-12-02,1367,1368,
lnex,Lunex Network,0x6d3c9269bd1bc9426798a752ecebbd749e5edaa8,success,1970-01-01,1970-01-01,1,1,
lunr,LunarCrush,0xa87135285ae208e22068acdbff64b11ec73eaa5a,success,2021-10-21,2025-11-30,1357,1358,
$luntra,Luntra Infrastructure,0x924d9492e010856a07cfbd2a6999f69dcee7d041,success,2025-07-23,2025-11-22,80,81,
lusd,LUSD,0x31a2e08f4232329e4eddb025c0275f43c9cd56d7,success,2023-12-13,2025-11-20,677,678,
yvlusd,LUSD yVault,0x378cb52b00f9d0921cb46dfc099cff73b42419dc,success,2023-01-20,2025-12-02,1048,1049,
lush,LushAI,0xec9333e7dadeebf82d290d6cb12e66cc30ce46b0,success,2024-02-19,2025-12-02,652,653,
ltt,Luxury Travel Token,0x3f91ad19af450b44cf5176b4de719d77cb19eec7,success,2024-05-03,2025-12-02,548,549,
lbr,Lybra,0xed1167b6dc64e8a366db86f2e952a482d0981ebd,success,2023-04-25,2025-12-02,953,954,
lyfe,Lyfe,0xd87de4ccef2c2fe651bc4d130cb1a365248f21fa,success,2023-02-28,2025-12-02,1007,1008,
lbt,Lyfebloc,0x5ac83bfbfcebb3397a40fd259dbe7a4be04237d3,success,1970-01-01,1970-01-01,1,1,
lym,Lympo,0xc690f7c7fcffa6a82b79fab7508c466fefdfc8c5,success,2018-03-28,2025-12-01,2760,2761,
lmt,Lympo Market,0x327673ae6b33bd3d90f0096870059994f30dc8af,success,2021-05-02,2025-12-02,1491,1492,
lyra,Lyra Finance,0x01ba67aac7f75f647d94220cc98fb30fcc5105bf,success,2021-12-16,2025-12-02,1447,1448,
m2,M2,0x965d79f1a1016b574a62986e13ca8ab04dfdd15c,success,2021-09-08,2025-12-02,1542,1543,
m,M by M0,0x866a2bf4e572cbcf37d5071a7a58503bfb36be1b,success,1970-01-01,1970-01-01,1,1,
mmx,MMX,0x614da3b37b6f66f7ce69b4bbbcf9a55ce6168707,success,2023-11-24,2025-12-02,740,741,
mxna,Machina,0x0a2a015a15a8e019abc386fee88b8a6d7a0d90df,success,2025-01-17,2025-12-02,320,321,
macke,Mackerel,0xd69a0a9682f679f50e34de40105a93bebb2ff43d,success,2023-12-14,2025-12-02,506,507,
$macro,Macro,0x9a170a4854cd3dcc86aa916c47e38a9498d82569,success,2025-11-04,2025-12-02,29,566,
mhrd,MacroHard,0x10ee9f68ee4e4d311e854ae14c53f5b25a917f85,success,2025-08-14,2025-12-02,111,112,
madai,Morpho-Aave Dai Stablecoin,0x36f8d0d0573ae92326827c4a82fe4ce4c244cab6,success,1970-01-01,1970-01-01,1,1,
trump,MAGA,0x6aa56e1d98b3805921c170eb4b3fe7d4fda6d89b,success,2023-08-30,2025-12-02,826,827,
maga,MAGA Coin ETH,0xc9b6a17ebb43491635f603a01f8bb3e4b5d22228,success,2022-09-25,2025-12-02,598,598,
maga,MAGA Hat,0xd29da236dd4aac627346e1bba06a619e8c22d7c5,success,2024-05-20,2025-12-02,562,563,
mape,MAGA Pepe,0x683a4ac99e65200921f556a19dadf4b0214b5938,success,2024-07-17,2025-12-02,484,484,
magapepe,MAGA PEPE (ETH),0x8e7bd91f7d51d58145365341fdb37e0edfc8397f,success,2024-06-04,2025-12-02,532,533,
magatrump,MAGA Trump,0x225e5b78f289c6d7d7757ad2b9d23b6ab31a5eea,success,2024-06-21,2025-12-02,527,528,
mvp,MAGA VP,0x766d2fcece1e3eef32aae8711ab886ee95fd5b2a,success,2024-04-30,2025-12-02,582,583,
$mgnt,MAGENTA,0xdc569024fe7dee9adc4d1a88712a704e0c52a920,success,2025-10-07,2025-12-02,55,1112,
mblk,Magical Blocks,0xf47245e9a3ba3dca8b004e34afc1290b1d435a52,success,2023-11-25,2025-12-02,739,740,
mic,Magic Internet Cash,0x285db79fa7e0e89e822786f48a7c98c6c1dc1c7d,success,2023-08-24,2025-12-02,795,796,
mim,Magic Internet Money (Ethereum),0x99d8a9c45b2eca8864373a26d1459e3dff1e17f3,success,2021-07-01,2025-12-02,1616,1617,
mring,MagicRing,0xd59d7d2e955533fcd21641da8a70eae9624a3c49,success,2024-04-10,2025-11-27,546,547,
mgr,Magmar,0xbca23cc4b274a0e7e6f64dbc7e739cf5aaa6a3e1,success,2025-07-04,2025-11-27,88,89,
magic,Magnificent 7777,0x435cbf7c09e01d6a07b9997770f7b9d1ab754020,success,2024-10-30,2025-11-28,230,231,
mag,Magnify Cash,0x71da932ccda723ba3ab730c976bc66daaf9c598c,success,2024-07-29,2025-11-29,477,478,
mag,Magnum,0xb9d4b6dc1e1ee3577cc442de015cc11f238b35ed,success,2023-12-11,2025-12-02,702,703,
maha,Maha,0x745407c86df8db893011912d3ab28e68b62e49b0,success,2020-12-17,2025-12-02,1812,1813,
mai,MAI,0x71d898c440af10566cea48e12c01f435ec788c7a,success,2025-02-08,2025-12-02,298,299,
emaid,MaidSafeCoin,0x329c6e459ffa7475718838145e5e85802db2a303,success,2014-04-28,2025-11-16,4065,4066,
mft,Mainframe,0xdf2c7238198ad8b389666574f2d8bc411a4b7428,success,2018-07-05,2025-12-02,2636,2637,
maha,Make America Healthy Again,0xf7554eac0bf20d702e69d08c425e817abb976aea,success,2024-11-11,2025-11-29,322,323,
mega,Make ETH Great Again,0xc06bf3589345a81f0c2845e4db76bdb64bbbbc9d,success,2024-05-30,2025-12-02,549,550,
mkr,Maker,0x9f8f72aa9304c8b593d555f12ef6589cc3a579a2,success,2017-12-20,2025-12-02,2905,2906,
mama,Mama Coin,0x67d4fe3a284a1c86226494bbec3409f55a663c94,success,2025-10-16,2025-11-12,28,653,
mambo,Mambo,0x404d3295c8b1c61662068db584125a7ebcc0d651,success,2025-05-23,2025-12-02,194,195,
mdx,Mandala Exchange,0x947aeb02304391f8fbe5b25d7d98d649b57b1788,success,2021-01-22,2025-11-12,1272,1273,
mandox,MandoX,0x7a8adcf432ebcc2311b955d176ee4bfed13bb9a7,success,2022-04-10,2025-11-29,1311,1312,
hono,HONO Protocol,0x0e16bd2cd962fadb4a23ec961bb170ffa25208a8,success,2025-10-11,2025-11-21,17,143,
fold,Manifold Finance,0xd084944d3c05cd115c09d072b9f44ba3e0e45921,success,2021-06-01,2025-12-02,1646,1647,
mnt,Mantle,0x3c3a81e81dc49a522a592e7622a7e711c06bf354,success,2023-07-17,2025-12-02,870,871,
cmeth,Mantle Restaked ETH,0xe6829d9a7ee3040e1276fa75293bde931859e8fa,success,2024-10-28,2025-12-02,401,402,
meth,Mantle Staked Ether,0xd5f7838f5c461feff7fe49ea5ebaf7728bb0adfa,success,2023-12-08,2025-12-02,726,727,
om,MANTRA,0x3593d125a4f7849a1b059e64f4517a86dd60c95d,success,2020-08-18,2025-12-02,1933,1934,
manyu,Manyu,0x95af4af910c28e8ece4512bfe46f1f33687424ce,success,2025-07-04,2025-12-02,152,153,
mfest,Manyufest,0x9df9b5a26a5b62a2090cd0ebc6df626e0d4ead09,success,2025-10-15,2025-12-02,49,1162,
manyu,Manyu the Shiba Inu,0x72e228cdfdc77a36048a7ef62485be11b6d3b25e,success,2025-06-09,2025-12-02,163,164,
mpl,Maple,0x33349b282065b0284d756f0577fb39c158f935e6,success,2021-04-30,2025-12-02,1678,1679,
maraon,MARA Holdings (Ondo Tokenized Stock),0x4604b0b581269843ac7a6b70a5fc019e7762e511,success,2025-09-02,2025-12-02,92,93,
marax,MARA xStock,0x9d692bffef6f6bedf4274053ff9998efe3b2539e,success,1970-01-01,1970-01-01,1,1,
mapo,MAP Protocol,0x66d79b8f60ec93bfce0b56f5ac14a2714e509a99,success,2019-12-09,2025-12-02,2186,2187,
mfi,Marginswap,0xaa4e3edb11afa93c41db59842b29de64b72e355b,success,2021-02-08,2025-12-02,1718,1719,
md,Market Dominance,0x0a9e3dde12e4519c9d89df69bd738490c9466bf4,success,2024-10-26,2025-12-02,403,404,
peak,PEAKDEFI,0x630d98424efe0ea27fb1b3ab7741907dffeaad78,success,2020-02-10,2025-12-02,2121,2122,
stlkr,Market Stalker,0x522ec96bced6dc26325120edf3931d34e417a620,success,2025-07-20,2025-12-02,136,137,
pond,Marlin,0x57b946008913b82e4df85f501cbaed910e58d26c,success,2020-12-21,2025-12-02,1808,1809,
mars,Mars,0xb8d6196d71cdd7d90a053a7769a077772aaac464,success,2024-09-25,2025-12-02,434,435,
mars4,MARS4,0x16cda4028e9e872a38acb903176719299beaed87,success,2021-10-01,2025-12-02,1524,1525,
mars,MARS,0x407eca46ff515cde14410cdc868c7f82e8c4f41d,success,2025-07-22,2025-12-02,134,135,
martin,Martin,0xb015701c17830aa4a4c96f7bc1a57c3a5edd7c86,success,2025-08-29,2025-12-02,96,97,
msi,Martin Shkreli Inu,0xc4c75f2a0cb1a9acc33929512dc9733ea1fd6fde,success,2022-07-12,2025-11-23,791,792,
$maru,Marutaro,0x7afd0d633e0a2b1db97506d97cadc880c894eca9,success,2024-12-07,2025-12-01,325,326,
maru,Marutaro,0xe6f4567c330625f3488ec69266f5ddd3f3841f33,success,2025-07-11,2025-12-02,145,146,
marv,Marv,0x3bb1be077f3f96722ae92ec985ab37fd0a0c4c51,success,2024-05-30,2025-12-02,552,553,
mrvlon,Marvell Technology (Ondo Tokenized Stock),0xf404e5f887dbd5508e16a1198fcdd5de1a4296b8,success,2025-09-02,2025-12-02,84,85,
mrvlx,Marvell xStock,0xeaad46f4146ded5a47b55aa7f6c48c191deaec88,success,2025-11-20,2025-12-02,11,173,
marvin,Marvin Inu,0x55a380d134d722006a5ce2d510562e1239d225b1,success,2021-12-28,2025-12-02,1386,1386,
marvin,Marvin Inu,0x85bea4ee627b795a79583fcede229e198aa57055,success,2024-09-21,2025-12-02,438,439,
marvin,Marvin The Robot,0x00f5b16c8d28e20dac8674fc96b232b72c6c6cfa,success,2025-09-10,2025-12-02,80,1380,
masa,Masa,0x944824290cc12f31ae18ef51216a223ba4063092,success,2024-04-11,2025-12-02,601,602,
mask,Mask Network,0x69af81e73a73b40adf4f3d4223cd9b1ece623074,success,2021-02-24,2025-12-02,1743,1744,
masq,MASQ,0x06f3c323f0238c72bf35011071f2b5b7f43a054c,success,2021-01-19,2025-12-02,1779,1780,
mvl,MVL,0xa849eaae994fb86afa73382e9bd88c2b6b18dc71,success,2018-07-28,2025-12-02,2685,2686,
maon,Mastercard (Ondo Tokenized Stock),0xa29dc2102dfc2a0a4a5dcb84af984315567c9858,success,2025-09-02,2025-12-02,92,93,
max,Mastercard xStock,0xb365cd2588065f522d379ad19e903304f6b622c6,success,2025-08-07,2025-12-02,118,119,
mdex,MasterDEX,0xf0610eb7d8ee12d59412da32625d5e273e78ff0b,success,2025-01-27,2025-12-02,307,308,
meslbr,Match Finance esLBR,0x0af0e83d064f160376303ac67dd9a7971af88d4c,success,1970-01-01,1970-01-01,1,1,
mtrm,Materium,0xcd17fa52528f37facb3028688e62ec82d9417581,success,2022-03-27,2025-12-02,1318,1318,
math,MATH,0x08d967bb0134f2d07f7cfb6e246680c53927dd30,success,2020-05-20,2025-12-02,2023,2024,
maticpo,MATIC (Wormhole),0x7c9f4c87d911613fe9ca58b579f737911aad2d43,success,2022-02-28,2025-12-02,1369,1370,
mato,Mato The Mouse,0xfc7ea2eb0e0ba0d1d1951ce0a12999f761cfdb98,success,2025-05-11,2025-12-02,196,197,
max,Matr1x,0xb7109df1a93f8fe2b8162c6207c9b846c1c68090,success,2024-08-05,2025-12-02,485,486,
matrix,MATRIX,0x362033a25b37603d4c99442501fa7b2852ddb435,success,2024-11-26,2025-12-01,365,366,
xaum,Matrixdock Gold,0x2103e845c5e135493bb6c2a4f0b8651956ea8682,success,2024-11-29,2025-12-02,368,369,
mdf,MatrixETF,0x1a57367c6194199e5d9aea1ce027431682dfb411,success,2021-09-24,2025-12-02,1527,1528,
matrix,Matrix Labs,0xc8d3dcb63c38607cb0c9d3f55e8ecce628a01c36,success,2021-09-11,2025-12-02,1405,1406,
matrix,Matrix.Win,0xf2fc894381792ded27a7f08d9f0f246363cbe1ea,success,2025-01-06,2025-12-02,328,329,
matt,Matt Furie,0x790814cd782983fab4d7b92cf155187a865d9f18,success,2024-07-15,2025-12-02,506,507,
boysclub,Matt Furie's Boys Club,0x6968676661ac9851c38907bdfcc22d5dd77b564d,success,2024-06-10,2025-12-02,538,539,
mattstr,Matt Strategy,0xa37f4d2dc3d3c136b68fcf52be3afa09d4dfc38d,success,2025-10-17,2025-11-18,24,377,
mausdc,Morpho-Aave USD Coin,0xa5269a8e31b93ff27b887b56720a25f844db0529,success,1970-01-01,1970-01-01,1,1,
mausdt,Morpho-Aave Tether USD,0xafe7131a57e44f832cb2de78ade38cad644aac2f,success,1970-01-01,1970-01-01,1,1,
mav,Maverick Protocol,0x7448c7456a97769f6cd04f1e83a4a23ccdc46abd,success,2023-06-28,2025-12-02,889,890,
maxi,Maxi Doge,0x9f8b00407e5095cf0af0fe9688384472293d1a19,success,2025-09-06,2025-12-02,80,1514,
maxi,Maxi Doge,0xaf35c5c0a140baadc82f88f278893835d9c608c0,success,2025-10-15,2025-12-02,29,471,
maxi,Maxi Doge,0xf245964bd0a73128e10c4f7c96d0664ea2e436d8,success,2025-10-23,2025-11-09,18,409,
maxi,Maximize AI,0xf5174c9752c46208c30d0f1870b326c9a20c0679,success,2025-06-14,2025-12-02,172,173,
base,Maximus BASE,0xe9f84d418b008888a992ff8c6d22389c2c3504e0,success,2022-10-08,2025-12-02,1151,1152,
maxi,Maximus DAO,0x0d86eb9f43c57f6ff3bc9e23d8f9d82503f0e84b,success,2022-06-09,2025-11-16,1019,1020,
deci,Maximus DECI,0x6b32022693210cd2cfc466b9ac0085de8fc34ea6,success,2022-10-08,2025-12-02,1102,1102,
lucky,Maximus LUCKY,0x6b0956258ff7bd7645aa35369b55b61b8e6d6140,success,2022-10-08,2025-12-02,1152,1153,
party,Maximus Pool Party,0x4581af35199bbde87a89941220e04e27ce4b0099,success,2024-02-20,2025-12-02,462,462,
trio,Maximus TRIO,0xf55cd1e399e1cc3d95303048897a680be3313308,success,2022-10-08,2025-12-02,1152,1153,
maxeth,Max on ETH,0x68ad75469db9181a1144e769c16adf47f2f32cae,success,2024-12-05,2025-12-02,363,364,
max,MAX,0xe7976c4efc60d9f4c200cc1bcef1a1e3b02c73e7,success,2018-10-18,2025-12-02,2603,2604,
cat,Maxwell the spinning cat,0x122303734c898e9d233affc234271f04e42e77ad,success,2024-03-08,2025-12-02,541,541,
mpra,Maya Preferred PRA,0xec1227bfb3e76d7a2a9bca24d9e98f68de8bf808,success,2019-04-06,2025-12-02,1939,1940,
mazze,Mazze,0x4a029f7bcf33acb03547d8fa7be840347973e24e,success,2024-03-12,2025-12-02,631,632,
mbd,MBD Financials,0xaaf449bf8a33a32575c31ba8cbb90612dd95acfa,success,2022-05-18,2025-12-02,1289,1290,
mbg,MBG By Multibank Group,0x45e02bc2875a2914c4f585bbf92a6f28bc07cb70,success,2025-07-22,2025-12-02,134,135,
mcb,MUX Protocol,0x4e352cf164e64adcbad318c3a1e222e9eba4ce42,success,2020-07-13,2025-12-02,1969,1970,
mcdon,McDonald's (Ondo Tokenized Stock),0x4c82c8cd9a218612dce60b156b73a36705645e3b,success,2025-09-02,2025-12-02,92,93,
mcdx,McDonald's xStock,0x80a77a372c1e12accda84299492f404902e2da67,success,2025-07-07,2025-12-02,149,150,
mcf,MCFinance,0xe33ae4e795114279721047484e5ad5cc7df24fcb,success,2021-08-11,2025-11-15,1558,1559,
mchc,MCH Coin,0xd69f306549e9d96f183b1aeca30b8f4353c2ecc3,success,2021-05-11,2025-12-02,1667,1668,
mcontent,MContent,0xd3c51de3e6dd9b53d7f37699afb3ee3bf9b9b3f4,success,2021-07-12,2025-12-02,1605,1606,
pepes,McPepe's,0x6bf765c43030387a983f429c1438e9d2025b7e12,success,2023-03-01,2025-12-02,927,927,
mean,Mean DAO,0x9b25889c493ae6df34ceef1ecb10d77c1ba73318,success,2021-12-28,2025-12-02,1436,1437,
mdt,Measurable Data,0x814e0908b12a99fecf5bc101bb5d0b8b5cdf7d26,success,2018-02-15,2025-12-02,2848,2849,
mecha,MechaOs,0xa6a8f8d8d8e7987c473b1e56a80ff3591a324f5a,success,2025-09-19,2025-12-02,75,1752,
mlt,Media Licensing Token,0x9506d37f70eb4c3d79c398d326c871abbf10521d,success,2021-05-20,2025-12-02,1658,1659,
media,Media Network,0xdb726152680ece3c9291f1016f1d36f3995f6941,success,2021-04-30,2025-12-02,1678,1679,
mveda,MedicalVeda,0xcbe7142f5c16755d8683ba329efa1abf7b54482d,success,2020-11-09,2025-12-02,1737,1738,
mdi,Medicle,0x848896470d989f30503d8f883c331f63b73b66ea,success,2023-07-26,2025-12-02,860,861,
fakt,Medifakt,0x0262e9374e95b9667b78136c3897cb4e4ef7f0c2,success,2022-04-27,2025-12-02,1316,1317,
mdtx,Medtronic xStock,0x0588e851ec0418d660bee81230d6c678daf21d46,success,2025-11-20,2025-12-02,11,170,
medusa,Medusa,0xe34ba9cbdf45c9d5dcc80e96424337365b6fe889,success,2024-11-13,2025-11-29,361,362,
medxt,MEDXT,0x755d61b9acbc7fcc935e280291cd86cc1913af93,success,2025-08-06,2025-12-02,119,120,
meebstr,MeebitStrategy,0xc9b2c00f31b210fcea1242d91307a5b1e3b2be68,success,2025-09-22,2025-12-02,72,1627,
meeb,MEEB Vault (NFTX),0x641927e970222b10b2e8cdbc96b1b4f427316f16,success,2021-07-13,2025-12-02,1382,1382,
meed,Meeds DAO,0x8503a7b00b4b52692cc6c14e5b96f142e30547b7,success,2022-03-14,2025-11-23,1314,1315,
meg,Meg4mint,0x0ede75b5f548e0d37f494368f4fa4982b6d0630a,success,1970-01-01,1970-01-01,1,1,
megadeath,MEGADEATH (PEPE),0x6c3d78e55fc939da4ca94760f6b27c3425a7a865,success,2024-05-23,2025-11-17,366,367,
myc,Mega Yacht Cult,0xd939212f16560447ed82ce46ca40a63db62419b5,success,2023-10-26,2025-12-02,768,769,
meh,Meh,0x1f38d22f4ec3479c8268c85476b9418716bdb115,success,2024-11-07,2025-11-20,234,235,
meld,MELD,0x333000333b26ee30214b4af6419d9ab07a450400,success,2023-05-08,2025-11-29,856,857,
mellow,Mellow Man,0x6942040b6d25d6207e98f8e26c6101755d67ac89,success,2024-08-19,2025-12-01,470,471,
melo,Melo,0x0da2082905583cedfffd4847879d0f1cf3d25c36,success,2024-09-30,2025-11-28,414,415,
mln,Enzyme,0xec67005c4e498ec7f55e092bd1d35cbc47c91892,success,2017-02-22,2025-12-02,3205,3206,
melon,MELON,0x37dba54fdc402aff647ce06c66972f5d662c326d,success,2023-09-13,2025-11-28,594,595,
melos,Melos Studio,0x1afb69dbc9f54d08dab1bd3436f8da1af819e647,success,2022-03-17,2025-11-17,1299,1300,
memeai,Meme AI Coin,0x695d38eb4e57e0f137e36df7c1f0f2635981246b,success,2024-01-08,2025-12-02,691,692,
mma,Meme Alliance,0x9b3a8159e119eb09822115ae08ee1526849e1116,success,2023-12-19,2025-12-02,715,716,
mclip,MemeClip,0x0e6ce4dccd760b7c29a678d6fa779d83067d5cbc,success,2025-09-08,2025-10-07,26,405,
mem,Memecoin,0x42dbbd5ae373fea2fc320f62d44c058522bb3758,success,2021-06-16,2025-12-02,1453,1453,
meme,Memecoin,0xb131f4a55907b10d1f0a50d8ab8fa09ec342cd74,success,2023-11-03,2025-12-02,761,762,
miko,MemeCoinGirl,0x4e09ac09eb332f4dd167b8bfb90c7f247f7350ac,success,2024-11-09,2025-11-23,304,305,
memd,MemeDAO,0x7a786dac1f315c8a0e9962172ad8ae0c04d9c9b6,success,2023-05-21,2025-11-28,799,800,
toybox,Memefi Toybox 404,0xb9f69c75a3b67425474f8bcab9a3626d8b8249e1,success,2024-02-10,2025-11-14,441,442,
mmtr,Memeinator,0xb8a4350edafd7af34164dd5870e49e28393ff3ec,success,2024-05-31,2025-12-01,510,511,
memex,Meme Index,0xb214b79eac9378a56d14d6e6d452150c80d6ad79,success,2025-04-08,2025-12-02,239,240,
mk,Meme Kombat,0x9fdfb933ee990955d3219d4f892fd1f786b47c9b,success,2024-03-06,2025-12-02,637,638,
mk,Memelinked,0xca76bf98b6e44df7360da8650e701f6d9d94bb58,success,2025-01-29,2025-12-02,308,309,
$mememe,MEMEME,0x1a963df363d01eebb2816b366d61c917f20e1ebe,success,2023-04-25,2025-11-25,888,889,
mgls,Meme Moguls,0xda251891e21e6edb0e6828e77621c7b98ea4e8ba,success,2024-03-13,2025-12-02,594,595,
memes,Memes Street,0x19af07b52e5faa0c2b1e11721c52aa23172fe2f5,success,2023-12-13,2025-12-02,686,686,
meow,Meow Meme,0xd561a593d9dd8b9a0e3a487dfb517c9371d6dda7,success,2024-03-16,2025-11-28,264,265,
melion,MercadoLibre (Ondo Tokenized Stock),0x2816169a49953c548bfeb3948dcf05c4a0e4657d,success,2025-09-02,2025-12-02,78,79,
mto,Merchant,0xe66b3aa360bb78468c00bebe163630269db3324f,success,2021-07-19,2025-12-02,1579,1580,
mrchr,MerchMinter,0x94a21565c923d2f75b3fcef158960a8b7e6ed07d,success,2025-04-23,2025-12-02,224,225,
mrkx,Merck xStock,0x17d8186ed8f68059124190d147174d0f6697dc40,success,2025-11-20,2025-12-02,11,178,
mc,Merit Circle,0x949d48eca67b17269629c7194f4b727d4ef9e5d6,success,2021-11-03,2025-12-02,1490,1491,
merl,Merlin Chain,0xa0c56a8c0692bd10b3fa8f8ba79cf5332b7107f9,success,2024-04-19,2025-12-02,593,594,
m-btc,Merlin's Seal BTC,0x2f913c820ed3beb3a67391a6eff64e70c4b20b19,success,2024-04-01,2025-12-02,611,612,
aimr,MeromAI,0xcfd16933cb1579eee9fe6031686534e87353b148,success,2024-06-06,2025-11-30,459,460,
msn,Meson Network,0xaa247c0d81b83812e1abf8bab078e4540d87e3fb,success,2024-04-29,2025-12-02,583,584,
msia,Messiah,0x4b6d60361faebf0cfe06c442cd0eb151bc261a7a,success,2025-08-05,2025-12-02,120,121,
m87,MESSIER,0x80122c6a83c8202ea365233363d3f4837d13e888,success,2022-06-10,2025-12-02,1272,1273,
mta,mStable Governance: Meta,0xa3bed4e1c75d00fa6f4e5e6922db7261b5e9acd2,success,2020-07-18,2025-12-02,1964,1965,
mbx,MetaBlox,0x144805be43c48ef85435c94e0da4cb4efb1ab4f3,success,2023-11-16,2025-12-01,561,562,
$brawl,Metabrawl,0xf38deb975d9a34bc2b8f678de0c1d53692363851,success,2025-01-23,2025-11-27,276,277,
mak,MetaCene,0xd073e6341a3aa6c4d94c4f8f20fbd1ede572b0da,success,2024-09-05,2025-12-02,454,455,
meta,Metadium,0xde2f7766c8bf14ca67193128535e5c7454f8387c,success,2018-10-10,2025-12-02,2611,2612,
metadoge,Meta Doge,0x8530b66ca3ddf50e0447eae8ad7ea7d5e62762ed,success,2021-11-01,2025-12-02,1418,1419,
fox,Metafox,0x005e6fd1610302018dcd9caf29b8bc38ff6efd98,success,2025-08-15,2025-12-02,110,111,
met,Met.AI,0x858b4d5df158fdf4b6dcd4b080841b27030178d5,success,2025-08-01,2025-11-13,53,54,
metal,Metal Blockchain,0x294559fa758c88d639fd085751e463fee7806eab,success,2022-09-09,2025-12-02,1181,1182,
xmt,MetalSwap,0x3e5d9d8a63cc8a88748f229999cf59487e90721e,success,2021-12-29,2025-12-02,1429,1430,
musd,MetaMask USD,0xaca92e438df0b2401ff60da7e4337b687a2435da,success,2025-09-03,2025-12-02,91,2165,
monopoly,Meta Monopoly,0x7d4a7be025652995364e0e232063abd9e8d65e6e,success,2024-08-01,2025-12-02,467,467,
metano,Metano,0x9d9e399e5385e2b9a58d4f775a1e16441b571afb,success,2022-11-12,2025-11-23,1003,1004,
metaon,Meta Platforms (Ondo Tokenized Stock),0x59644165402b611b350645555b50afb581c71eb2,success,2025-09-02,2025-12-02,92,93,
mpdao,Meta Pool DAO,0x798bcb35d2d48c8ce7ef8171860b8d53a98b361d,success,2022-03-12,2025-12-02,1334,1335,
mvi,Metaverse Index,0x72e364f2abdc788b7e918bc238b21f109cd634d7,success,2021-04-07,2025-12-02,1701,1702,
metax,Meta xStock,0x96702be57cd9777f835117a809c7124fe4ec989a,success,2025-07-01,2025-12-02,155,156,
mzero,MetaZero,0x328a268b191ef593b72498a9e8a481c086eb21be,success,2023-12-25,2025-12-02,709,710,
mzm,MetaZooMee,0x61b57bdc01e3072fab3e9e2f3c7b88d482734e05,success,2023-09-13,2025-12-02,654,655,
cook,mETH Protocol,0x9f0c013016e8656bc256f948cd4b79ab25c7b94d,success,2024-10-29,2025-12-02,400,401,
metis,Metis,0x9e32b13ce7f2e80a01932b42553652e053d6ed8e,success,2021-05-18,2025-12-02,1660,1661,
met,Metronome,0x2ebd53d035150f328bd754d6dc66b99b0edb89aa,success,2018-06-28,2025-12-02,2701,2702,
mseth,Metronome Synth ETH,0x64351fc9810adad17a690e4e1717df5e7e085160,success,2025-07-20,2025-12-02,136,137,
msusd,Metronome Synth USD,0xab5eb14c09d416f0ac63661e57edb7aecdb9befa,success,2025-07-20,2025-12-02,136,137,
mtlx,Mettalex,0x2e1e15c44ffe4df6a0cb7371cd00d5028e571d14,success,2020-10-07,2025-12-02,1883,1884,
mccbbtc,MEV Capital cbBTC,0x98cf0b67da0f16e1f8f1a1d23ad8dc64c0c70e0b,success,1970-01-01,1970-01-01,1,1,
mc.eusdc,MEV Capital Elixir USDC,0x1265a81d42d513df40d0031f8f2e1346954d665a,success,1970-01-01,1970-01-01,1,1,
mc.wm,MEV Capital M^0 Morpho Vault,0xfbdee8670b273e12b019210426e70091464b02ab,success,1970-01-01,1970-01-01,1,1,
pwbtc,MEV Capital Pendle WBTC,0x2f1abb81ed86be95bcf8178ba62c8e72d6834775,success,1970-01-01,1970-01-01,1,1,
mc.usd0,MEV Capital USD0 Morpho Vault,0xc0a14627d6a23f70c809777ced873238581c1032,success,2024-11-29,2025-12-02,369,370,
usualusdc+,MEV Capital Usual Boosted USDC Morpho Vault,0xd63070114470f685b75b74d60eec7c1113d33a3d,success,2024-11-28,2025-12-02,370,371,
usualusdt,MEV Capital Usual Boosted USDT,0x225c119ffaf1caddcfcdb493283edf4b816bf773,success,1970-01-01,1970-01-01,1,1,
mcwbtc,MEV Capital WBTC,0x1c530d6de70c05a81bf1670157b9d928e9699089,success,1970-01-01,1970-01-01,1,1,
mcweth,MEV Capital wETH,0x9a8bc3b04b7f3d87cfc09ba407dced575f2d61d8,success,2025-01-21,2025-12-02,316,317,
mev,MEVerse,0xb3cb8d5aeff0f4d1f432f353309f47b885e404e3,success,2022-03-25,2025-12-02,1349,1350,
wmxn,Mexican Peso,0x337e7456b420bd3481e7fa61fa9850343d610d34,success,2025-11-29,2025-12-02,4,55,
mxnt,Mexican Peso Tether,0xed03ed872159e199065401b6d0d487d78d9464aa,success,2022-06-21,2025-12-02,1168,1169,
musd,Mezo USD,0xdd468a1ddc392dcdbef6db6e34e89aa338f9f186,success,2025-08-14,2025-12-02,111,112,
mfers,MFERS,0xad913dcd987fe54ce823e4b755f90598cd62bb15,success,2024-03-14,2025-11-23,495,496,
mai,Micro AI,0x24d73bca2bd9c3a61e99dfc7cb86d3c379ebded7,success,2023-11-09,2025-12-02,753,754,
mberry,MicroBerry,0x334bd3375fe5bb8aa003e0e6ce880abada57ac89,success,2024-12-17,2025-11-15,179,180,
$micro,Micro GPT,0x8cedb0680531d26e62abdbd0f4c5428b7fdc26d5,success,2024-11-21,2025-12-02,377,378,
muon,Micron Technology (Ondo Tokenized Stock),0x050362ab1072cb2ce74d74770e22a3203ad04ee5,success,2025-09-02,2025-12-02,92,93,
mux,Micron Technology xStock,0xf6a873bae4ba1b304e45df52a4b7d176e1c6a8c4,success,1970-01-01,1970-01-01,1,1,
msfton,Microsoft (Ondo Tokenized Stock),0xb812837b81a3a6b81d7cd74cfb19a7f2784555e5,success,2025-09-02,2025-12-02,92,93,
msftx,Microsoft xStock,0x5621737f42dae558b81269fcb9e9e70c19aa6b35,success,2025-09-29,2025-12-02,65,1510,
mstron,MicroStrategy (Ondo Tokenized Stock),0xcabd955322dfbf94c084929ac5e9eca3feb5556f,success,2025-09-02,2025-12-02,92,93,
mstrx,MicroStrategy xStock,0xae2f842ef90c0d5213259ab82639d5bbf649b08e,success,2025-06-30,2025-12-02,156,157,
mct,MicroTuber,0x6876eba317272fe221c67405c5e8eb3b24535547,success,2021-05-15,2025-12-02,1549,1549,
mbasis,Midas mBASIS,0x2a8c22e3b10036f3aef5875d04f8441d4188b656,success,2024-10-27,2025-12-02,402,403,
mbtc,Midas mBTC,0x007115416ab6c266329a03b09a8aa39ac2ef7d9d,success,2024-12-18,2025-12-02,350,351,
mevusd,Midas Everstake USD,0x548857309befb6fb6f20a9c5a56c9023d892785b,success,1970-01-01,1970-01-01,1,1,
mapollo,Midas mAPOLLO,0x7cf9dec92ca9fd46f8d86e7798b72624bc116c05,success,2025-09-12,2025-12-02,82,1962,
medge,Midas mEDGE,0xbb51e2a15a9158ebe2b0ceb8678511e063ab7a55,success,2025-03-05,2025-12-02,273,274,
mevbtc,Midas mevBTC,0xb64c014307622eb15046c66ff71d04258f5963dc,success,1970-01-01,1970-01-01,1,1,
mfarm,Midas mFARM,0xa19f6e0df08a7917f2f8a33db66d0af31ff5eca6,success,1970-01-01,1970-01-01,1,1,
mf-one,Midas mF-ONE,0x238a700ed6165261cf8b2e544ba797bc11e466ba,success,2025-07-21,2025-12-02,135,136,
mhyper,Midas mHYPER,0x9b5528528656dbc094765e2abb79f293c21191b9,success,2025-09-12,2025-12-02,82,1962,
mmev,Midas mMEV,0x030b69280892c888670edcdcd8b69fd8026a0bf3,success,2025-03-05,2025-12-02,273,274,
mre7btc,Midas mRe7BTC,0x9fb442d6b612a6dcd2acc67bb53771ef1d9f661a,success,2025-11-03,2025-12-02,30,719,
mre7yield,Midas mRe7YIELD,0x87c9053c819bb28e0d73d33059e1b3da80afb0cf,success,2025-03-05,2025-12-02,273,274,
msyrupusd,Midas msyrupUSD,0x20226607b4fa64228abf3072ce561d6257683464,success,1970-01-01,1970-01-01,1,1,
msyrupusdp,Midas msyrupUSDp,0x2fe058ccf29f123f9dd2aec0418aa66a877d8e50,success,2025-09-18,2025-12-02,76,1814,
mtbill,Midas mTBILL,0xdd629e5241cbc5919847783e6c96b2de4754e438,success,2024-10-27,2025-12-02,396,397,
midas,Midas of DeFi,0x5accb2e5c22d84bc2e34decd9b769a0c46b0deba,success,2025-04-25,2025-12-02,199,200,
cult,Milady Cult Coin,0x0000000000c5dc95539589fbd24be07c6c14eca4,success,2024-12-09,2025-12-02,359,360,
ladys,Milady Meme Coin,0x12970e6868f88f6557b76120662c1b3e50a646bf,success,2023-05-09,2025-12-02,939,940,
mldstr,MiladyStrategy,0xa67ff247d595301cbd04fcf06a497a12cfc3b263,success,2025-09-16,2025-10-03,9,151,
milady,Milady Vault (NFTX),0x227c7df69d3ed1ae7574a1a7685fded90292eb48,success,2022-07-25,2025-12-02,1221,1222,
milei,MILEI Token,0x1a11ea9d61588d756d9f1014c3cf0d226aedd279,success,2024-01-21,2025-12-01,646,647,
mvc,MileVerse,0x581911b360b6eb3a14ef295a83a91dc2bce2d6f7,success,2020-11-18,2025-12-02,1841,1842,
milk,MILK Coin,0xf31826269ac7f452b1274cc884812f426c18ddca,success,1970-01-01,1970-01-01,1,1,
mm,Million,0x6b4c7a5e3f0b99fcd83e9c089bddd6c7fce5c611,success,2021-07-04,2025-12-02,1613,1614,
milo,Milo Token,0x8b8f9419ed9fd8c168128bf05c5d5fe7b17fe11d,success,2024-10-19,2025-11-12,278,279,
prl,Parallel Governance,0x6c0aeceedc55c9d55d8b99216a670d85330941c3,success,2021-06-21,2025-12-02,1473,1474,
mnto,Minato,0x97a9bac06f90940bce9caec2b880ff17707519e4,success,2022-03-28,2025-12-02,1205,1205,
mdai,MindAI,0xb549116ac57b47c1b365a890e1d04fd547dfff97,success,2024-03-18,2025-12-02,624,625,
mindfak,Mindfak By Matt Furie,0x78cbec65c55f143a9178b63243119806a659d2ef,success,2025-08-01,2025-12-02,124,125,
mnd,Mind,0xa0dd6dd7775e93eb842db0aa142c9c581031ed3b,success,2023-12-12,2025-12-02,721,722,
fhe,Mind Network,0xd55c9fb62e176a8eb6968f32958fefdd0962727e,success,2025-04-10,2025-12-02,237,238,
mind,Mind of Pepe,0xefc814a4c676a7314a13954e283de6cef597e6b2,success,2025-06-04,2025-12-02,182,183,
minds,Minds,0xb26631c6dda06ad89b93c71400d25692de89c068,success,2020-05-27,2025-12-02,1709,1710,
dar,Mines of Dalarnia,0x081131434f93063751813c619ecca9c4dc7862a3,success,2021-11-04,2025-12-02,1490,1491,
woolly,Miniature Woolly Mammoth,0x9f277edfc463ebaa3d2a6274b01177697e910391,success,2025-06-19,2025-12-02,167,168,
barron,Mini Donald,0x1f70300bce8c2302780bd0a153ebb75b8ca7efcb,success,2024-07-12,2025-12-02,509,510,
mtd,Minted,0x809e130e10e787139c54e1d12d3d1971b7a675bf,success,2022-08-17,2025-12-02,1204,1205,
mnte,Mintera,0x94d40b49f020bfebba1a80a0191eb3737b90e8d3,success,1970-01-01,1970-01-01,1,1,
minty,Minterest,0x149cac67f1cd5d80651e7c9bb359ec285d821a05,success,1970-01-01,1970-01-01,1,1,
ml,Mintlayer,0x059956483753947536204e89bfad909e1a434cc6,success,2023-03-25,2025-12-02,984,985,
mntx,Minutes Network Token,0x5c697fee285b513711a816018dbb34dc0cfc4875,success,2025-04-15,2025-12-02,232,233,
miprami,Mi Prami Le Kibro,0x6f49ee65d1f7953b8724c0c15e22ad189fecd579,success,2025-04-10,2025-12-02,235,236,
mirx,Mirada AI,0xec12e2d7acd850fe3953d1dbf860f523914654a7,success,2024-09-16,2025-11-20,363,364,
mirai,MIRAI,0x42c83a91b3a79de5488cd9280a4df564e13a79ee,success,2024-08-16,2025-12-02,474,475,
mirai,Mirai The WhiteRabbit,0x81987681443c156f881b70875724cc78b08ada26,success,2025-06-01,2025-12-02,179,180,
mir,Mirror Protocol,0x09a3ecafa817268f77be1283176b946c4ff2e608,success,2020-12-04,2025-12-02,1825,1826,
misha,MISHA,0x0ccae1bc46fb018dd396ed4c45565d4cb9d41098,success,2024-09-29,2025-12-02,408,409,
mis,Mithril Share,0x024b6e7dc26f4d5579bdd936f8d7bc31f2339999,success,2020-12-30,2025-12-02,1791,1792,
xin,Mixin,0xa974c709cfb4566686553a20790685a47aceaa33,success,2018-01-16,2025-12-02,2878,2879,
mix,MixMarvel,0x5d285f735998f36631f678ff41fb56a10a4d0429,success,2019-05-10,2025-12-02,2399,2400,
mnee,MNEE USD Stablecoin,0x8ccedbae4916b79da7f3f612efb2eb93a2bfd6cf,success,2024-07-31,2025-12-02,486,487,
moaner,Moaner by Matt Furie,0xb8c35e66b4faafdccace27e8b5062f45cb381e31,success,2025-08-17,2025-11-30,106,107,
moaner,Moaner Melter Slime,0x74023ba6cb9e085eb563e55243c2fa858b6900b9,success,2025-08-17,2025-12-02,108,109,
moby,Moby,0x40a7df3df8b56147b781353d379cb960120211d7,success,2024-02-11,2025-12-02,661,662,
moca,Moca Network,0xf944e35f95e819e752f3ccb5faf40957d311e8c5,success,2024-07-11,2025-12-02,510,511,
moma,Mochi Market,0xbd1848e1491d4308ad18287a745dd4db2a4bd55b,success,2021-04-25,2025-11-25,1561,1562,
mode,Mode,0x084382d1cc4f4dfd1769b1cc1ac2a9b1f8365e90,success,2024-05-07,2025-12-02,575,576,
mod,Modefi,0xea1ea0972fa092dd463f2968f9bb51cc4c981d71,success,2021-02-17,2025-11-23,1654,1655,
modex,Modex,0x4bcea5e4d0f6ed53cf45e7a28febb2d3621d7438,success,2019-02-28,2025-12-02,2252,2252,
module,Module,0xb01b6a7ef8560017aa59a990e39f26b8df29f80f,success,2025-05-03,2025-11-17,107,108,
emdr,Modulr,0x468eabcb5c914ac59e72691f8fc970880a94f4b3,success,2025-08-28,2025-12-02,97,98,
moe,MOE,0xcba78d126f0b1feda0c538bcaf4c852a7a171099,success,2023-08-03,2025-11-25,734,735,
moe,Moe,0x7d3b4f8d5dd14a0c263c4bee7be434c15e188d3e,success,2023-11-02,2025-11-24,453,454,
mog,Mog Coin,0xaaee1a9723aadb7afa2810263653a34ba2c21c7a,success,2023-07-21,2025-12-02,866,867,
moge,Moge,0x433f62964edd67d7349088fe44544f822f863a6c,success,2024-06-15,2025-12-02,535,536,
stars,Mogul Productions [OLD],0xc55c2175e90a46602fd42e931f62b3acc1a013ca,success,2021-04-23,2025-12-02,1646,1647,
mogu,Mogutou,0x3256cade5f8cb1256ac2bd1e2d854dec6d667bdf,success,2024-06-26,2025-11-27,384,385,
salman,Mohameme Bit Salman,0x69bb12b8ee418e4833b8debe4a2bb997ab9ce18e,success,2024-07-19,2025-11-27,311,312,
mojo,Mojo,0x07ddacf367f0d40bd68b4b80b4709a37bdc9f847,success,2024-07-10,2025-11-28,479,480,
moka,Mokens League,0x79eddec7f9648cf9953db39507efa9f772c83c6e,success,1970-01-01,1970-01-01,1,1,
vita-fast,Molecules of Korolchuk IP-NFT,0x6034e0d6999741f07cb6fb1162cbaa46a1d33d36,success,2023-11-28,2025-12-02,619,620,
mollars,MollarsToken,0x385d65ed9241e415cfc689c3e0bcf5ab2f0505c2,success,2024-06-04,2025-12-02,539,540,
molly,Molly,0xbdbe9f26918918bd3f43a0219d54e5fda9ce1bb3,success,2024-07-16,2025-11-23,466,467,
molten,Molten,0x66e535e8d2ebf13f49f3d49e5c50395a97c137b1,success,2024-04-03,2025-12-02,609,610,
momo v2,Momo v2,0x08d0222a206d1aee59a9b66969c04fd1e8a0f864,success,2023-08-30,2025-11-20,504,505,
monai,Monai,0x8c282c35b5e1088bb208991c151182a782637699,success,2024-03-03,2025-11-25,633,634,
mona,Monavale,0x275f5ad03be0fa221b4c6649b8aee09a42d9412a,success,2020-12-06,2025-12-02,1823,1824,
eure,Monerium EUR emoney [OLD],0x3231cb76718cdef2155fc47b5286d82e6eda273f,success,2022-02-23,2025-12-02,1166,1167,
eure,Monerium EUR emoney,0x39b8b6385416f4ca36a20319f70d28621895279d,success,2025-02-17,2025-12-02,289,290,
mth,Monetha,0xaf4dce16da2877f8c9e00544c93b62ac40631f16,success,2017-11-10,2025-12-02,2913,2914,
bips,Moneybrain BiPS,0x5cb888182fbffdb62c08fb4b5a343914f00fdfee,success,2021-05-16,2025-12-02,1429,1430,
mong,MongCoin,0x1ce270557c1f68cfb577b856766310bf8b47fd9c,success,2023-05-02,2025-12-02,946,947,
mnft,Mongol NFT,0x3235b13708f178af6f110de7177ed5de10c1093d,success,2022-02-18,2025-11-21,1131,1132,
mongoose,Mongoose,0xa1817b6d8d890f3943b61648992730373b71f156,success,2021-12-12,2025-12-02,1321,1321,
monkas,Monkas,0xdc7ac5d5d4a9c3b5d8f3183058a92776dc12f4f3,success,2024-05-24,2025-12-02,556,557,
monke,Monke,0x18cc2ba8995c6307e355726244adb023cf00522f,success,2023-05-09,2025-11-29,806,807,
monke,MONKE,0x22fb1d972e2d37f5e8ff6ff3655aa225e3485de1,success,2025-07-18,2025-12-01,125,126,
monke,Monke,0xc8168d5665f4418353728ac970713e09c0b7c20e,success,2023-12-08,2025-12-02,724,725,
monke,Monke Coin,0xb624960aaad05d433075a5c9e760adec26036934,success,2024-05-12,2025-11-16,405,406,
monkeys,Monkeys,0xf2a22b900dde3ba18ec2aef67d4c8c1a0dab6aac,success,2023-04-14,2025-11-24,908,909,
monkeys,Monkeys Token,0x9ce07410673206c693bcec9b07710767637a564c,success,2023-04-12,2025-12-02,857,858,
mononoke-inu,Mononoke Inu,0x4da08a1bff50be96bded5c7019227164b49c2bfc,success,2021-10-04,2025-12-02,1499,1500,
mononoke,Mononoke Inu,0x35889b9e7bb4d2890eb346ac243297a1b05f87ce,success,2025-08-31,2025-11-28,76,77,
mon,MON Protocol,0xc555d625828c4527d477e595ff1dd5801b4a600e,success,2024-05-27,2025-12-02,555,556,
mnstx,Monster xStock,0x8499b26bbfc8c3830a37b92e47df2d7cbc0154e9,success,1970-01-01,1970-01-01,1,1,
moocow,Moo Cow,0x67d9c7daecc5b87c3e68ac89f33ee924fac88c05,success,2025-04-27,2025-12-02,220,221,
mood,MOOD AI,0xed61755893418c11a0e1c3137147f93b956cb5c4,success,2025-05-21,2025-11-22,130,131,
moodeng,MOO DENG,0x28561b8a2360f463011c16b6cc0b0cbef8dbbcad,success,2024-09-25,2025-12-02,434,435,
mlh,Moolahverse,0xdf87270e04bc5ac140e93571d0dd0c6f4a058b41,success,2023-12-18,2025-12-02,634,635,
moon,r/CryptoCurrency Moons,0xb2490e357980ce57bf5745e181e537a64eb367b1,success,2020-10-22,2025-12-02,1865,1866,
app,RWAX,0xc5d27f27f08d1fd1e3ebbaa50b3442e6c0d50439,success,2024-01-13,2025-12-02,690,691,
mbag,MoonBag,0xa7f4195f10f1a62b102bd683eab131d657a6c6e4,success,2024-10-12,2025-12-02,417,418,
mooncat,MOONCAT Vault (NFTX),0x98968f0747e0a261532cacc0be296375f5c08398,success,2021-07-13,2025-11-30,1121,1122,
mooney,Moon DAO,0x20d4db1946859e2adb0e5acc2eac58047ad41395,success,2022-01-23,2025-12-02,1410,1411,
aaa,Moon Rabbit,0x8c6bf16c273636523c29db7db04396143770f6a0,success,2021-07-26,2025-11-08,1551,1552,
mnry,Moonray,0x06904a21f2db805487fcbdc3b3fe9607daaa5d54,success,2024-12-18,2025-12-02,350,351,
cpai,Moontax,0x6ef69ba2d051761afd38f218f0a3cf517d64a760,success,2025-01-08,2025-12-02,312,312,
cah,Moon Tropica,0x8e0e57dcb1ce8d9091df38ec1bfc3b224529754a,success,2022-12-14,2025-12-02,1082,1083,
mops,Mops,0x602f65bb8b8098ad804e99db6760fd36208cd967,success,2022-08-19,2025-12-02,1075,1076,
moros,MOROS NET,0xab85fc558d722a2b7c040ffb77db676bd9e7d322,success,2023-11-24,2025-11-30,735,736,
morphai,Morph AI,0x683989afc948477fd38567f8327f501562c955ac,success,2024-12-08,2025-12-02,360,361,
mph,Morpher,0x6369c3dadfc00054a42ba8b2c09c48131dd4aa38,success,2020-09-28,2025-12-02,1889,1890,
morph,Morpheus,0x4687f007da484efe20d7a17e5b1d105cdbfca0eb,success,2024-11-12,2025-12-02,386,387,
mor,Morpheus AI,0xcbb8f1bda10b9696c57e13bc128fe674769dcec0,success,2024-05-20,2025-12-02,562,563,
mind,Morpheus Infrastructure Node,0xc9eb61ffb66d5815d643bbb8195e17c49687ae1e,success,2018-05-06,2025-12-02,2768,2769,
mnw,Morpheus Network,0xd3e4ba569045546d09cf021ecc5dfe42b1d7f6e4,success,2018-05-24,2025-12-02,2750,2751,
morpho,Morpho,0x58d97b57bb95320f9a05dc918aef65434969c2b2,success,2024-11-20,2025-12-02,378,379,
morpho,Legacy Morpho,0x9994e35db50125e0df82e4c2dde62496ce330999,success,1970-01-01,1970-01-01,1,1,
macrv,Morpho-Aave Curve DAO Token,0x9dc7094530cb1bcf5442c3b9389ee386738a190c,success,1970-01-01,1970-01-01,1,1,
xmw,Morphware,0x391cf4b21f557c935c7f670218ef42c21bd8d686,success,2024-09-22,2025-12-02,437,438,
morti,Morti,0x6969e5cfe7578ac5f06d313c1a25578927a5bbc9,success,2024-10-02,2025-11-27,340,341,
mco2,Moss Carbon Credit,0xfc98e825a2264d890f9a1e68ed50e1526abccacd,success,2021-03-17,2025-12-02,1722,1723,
moc,Mossland,0x8bbfe65e31b348cd823c62e02ad8c19a84dd0dab,success,2018-07-13,2025-12-02,2700,2701,
usdm,Mountain Protocol USD,0x59d9356e565ab3a36dd77763fc0d87feaf85508c,success,2023-10-11,2025-12-02,783,784,
move,Movement,0x3073f7aaa4db83f95e9fff17424f71d4751a3073,success,2024-12-09,2025-12-02,359,360,
mpendle,mPendle,0x83e817e1574e2201a005ec0f7e700ed5606f555e,success,2024-01-02,2025-12-02,701,702,
mpro,Metapro,0xd88611a629265c9af294ffdd2e7fa4546612273e,success,2024-04-18,2025-12-02,594,595,
mstr,MSTR2100,0x42069026eac8eee0fd9b5f7adfa4f6e6d69a2b39,success,2024-10-09,2025-12-02,420,421,
mps,Mt Pelerin Shares,0x96c645d3d3706f793ef52c19bbace441900ed47d,success,2020-05-24,2025-12-02,1899,1900,
mu,Mu-Chan,0xb6d369faf21cda1b281013ea83badf6bb26b884d,success,2025-05-29,2025-12-02,187,188,
muffin,Muffin,0x68aae81b4241ffe03d3552d42a69940604fe28bf,success,2024-04-15,2025-12-02,435,436,
mugi,Mugi,0x04c293144acc45a19da9c2817c08d1352e5be70e,success,2024-09-19,2025-11-28,368,369,
dna,Muhdo Hub,0x7d3e4165fd7d8590fb2a415a550f7bdece5c4f52,success,2024-12-24,2025-12-02,344,345,
maiv,Multi Asset Investment Vehicle,0x39903a1a6f289a67e0de94096915c4ccd506ab2a,success,2024-12-08,2025-12-02,360,361,
mubi,Multibit,0x38e382f74dfb84608f3c1f10187f6bef5951de93,success,2023-11-20,2025-12-02,744,745,
multi,Multichain,0x65ef703f5594d2573eb71aaf55bc0cb548492df4,success,2022-01-04,2025-12-02,1429,1430,
inus,MultiPlanetary Inus,0x39207d2e2feef178fbda8083914554c59d9f8c00,success,2022-01-17,2025-12-02,1403,1403,
mtv,MultiVAC,0x6226e00bcac68b0fe55583b90a1d727c14fab77f,success,2019-04-11,2025-12-02,2428,2429,
ai,Multiverse,0xc91b523a59acc63a64f61fc7bbfb4bfc82dd25f2,success,2021-06-15,2025-12-02,1586,1587,
mmon,MULTIVERSE MONKEY,0x5bc93bab1291885a76644a49f52050cf73e1dca8,success,2025-07-31,2025-12-02,125,126,
mumu,Mumu,0x2f573070e6090b3264fe707e2c9f201716f123c7,success,2023-04-21,2025-12-02,957,958,
mctp,MUMUBIT TOKEN,0x98509e66fbf5a68d18ebb01dc4a52ce020fc8d1f,success,2025-03-02,2025-12-02,276,277,
bull,Mumu the Bull,0x9b7331c6e98bad1dc8f096ff3d98c93b3b9b1173,success,2023-11-15,2025-12-02,606,607,
munky,Munky,0x6992e2f8e29139cc16683228a4a4ca602e49e048,success,2025-07-21,2025-10-25,40,41,
muratiai,MuratiAI,0x69c2fcae7e30b429166bd616a322e32bec036bcf,success,2023-05-19,2025-12-02,910,910,
musd,mStable USD,0xe2f2a5c287993345a840db3b0845fbc70f5935a5,success,2020-07-08,2025-12-02,1854,1855,
muse,Muse DAO,0xb6ca7399b4f9ca56fc27cbff44f4d2e4eef1fc81,success,2020-11-27,2025-12-02,1832,1833,
moca,Museum of Crypto Art,0x9ac07635ddbde5db18648c360defb00f5f22537e,success,2021-05-27,2025-12-02,1651,1652,
musk,MUSK Gold,0x6069c9223e8a5da1ec49ac5525d4bb757af72cd8,success,2021-12-17,2025-12-02,1423,1424,
must,Must,0x9c78ee466d6cb57a4d01fd887d2b5dfb2d46288f,success,2021-01-18,2025-12-02,1780,1781,
mute,Mute,0xa49d7499271ae71cd8ab9ac515e6694c755d400c,success,2021-03-11,2025-12-02,1728,1729,
muzz,MUZZLE,0xef3daa5fda8ad7aabff4658f1f78061fd626b8f0,success,2024-02-27,2025-12-02,509,510,
mx,MX,0x11eef04c884e24d9b7b4760e7476d06ddf797f36,success,2019-05-31,2025-12-02,2378,2379,
mxy,MXY6900,0x4ba765ee44597d4986c3fbe9eab1535de3b3c3b6,success,2025-06-21,2025-12-02,165,166,
myb,MyBit,0x5d60d8d7ef6d37e16ebabc324de3be57f135e0bc,success,2017-12-08,2025-12-02,2785,2786,
grok,My life as Grok,0x1c95519d3fc922fc04fcf5d099be4a1ed8b15240,success,2025-03-31,2025-12-02,203,203,
alice,My Neighbor Alice,0xac51066d7bec65dc4589368da368b212745d63e8,success,2021-03-15,2025-12-02,1724,1725,
mnt,Mynth,0x26d3c0d9f4cc4c130097b6afdebe4f5e497e6bdf,success,2024-10-04,2025-12-02,419,420,
myria,Myria,0xa0ef786bf476fe0810408caba05e536ac800ff86,success,2023-04-06,2025-12-02,972,973,
shell,MyShell,0xf2c88757f8d03634671208935974b60a2a28bdb3,success,2025-02-13,2025-12-02,293,294,
myst,Mysterium,0x4cf89ca06ad997bc732dc876ed2a7f26a9e7f361,success,2017-07-15,2025-12-02,3057,3058,
mystery,Mystery,0x64c5cba9a1bfbd2a5faf601d91beff2dcac2c974,success,2024-12-13,2025-12-02,355,356,
myth,Mythos,0xba41ddf06b7ffd89d1267b5a93bfef2424eb2003,success,2022-11-01,2025-12-02,1128,1129,
nabox,Nabox,0x03d1e72765545729a035e909edd9371a405f77fb,success,2021-06-21,2025-12-02,1626,1627,
naka,Naka Go,0x6967b9a8c0b14849cfe8f9e5732b401433fd2898,success,2025-06-13,2025-12-02,173,174,
nakastr,NakamotoStrategy,0xd3d3f901b2d9c587988333f00b154d57fce9dd07,success,2025-11-09,2025-12-02,24,560,
nala,NALA,0xb74f399aac8335e44a50ffb8f7ece74b9db8c30e,success,2025-07-08,2025-12-02,146,147,
⌘,NANI,0x00000000000007c8612ba63df8ddefd9e6077c97,success,2025-01-12,2025-12-02,286,287,
nbt,NanoByte,0x446f2a8a39cc730ef378be759a3c57f1a3fe824c,success,2022-02-27,2025-12-02,1375,1376,
naoris,Naoris Protocol,0x1b379a79c91a540b2bcd612b4d713f31de1b80cc,success,2025-07-31,2025-12-02,125,126,
naos,NAOS Finance,0x4a615bb7166210cce20e6642a6f8fb5d4d044496,success,2021-04-30,2025-12-02,1678,1679,
naruto,Naruto,0xad8d0de33c43eefe104a279cdb6ae250c12e6214,success,2023-04-25,2025-11-29,689,690,
qqqx,Nasdaq xStock,0xa753a7395cae905cd615da0b82a53e0560f250af,success,2025-07-01,2025-12-02,155,156,
navi,Navigator by MetaWin,0x86e1714dca461a66b24193cbc902515ddcb2d12c,success,2025-09-23,2025-12-02,71,1697,
navyseal,Navy seal,0x34df29dd880e9fe2cec0f85f7658b75606fb2870,success,2023-08-24,2025-12-02,523,524,
near,NEAR Protocol,0x85f17cf997934a597031b2e18a9ab6ebd4b9f6a4,success,2020-10-14,2025-12-02,1876,1877,
pad,Pad.Fi,0xea7cc765ebc94c4805e3bff28d7e4ae48d06468a,success,2021-09-02,2025-12-02,1553,1554,
naix,Nebula Ai,0x701c7542cd5d69494ef9fc8829a7f6093ad8084c,success,2025-04-12,2025-12-01,151,152,
ned,NED,0x8d9d725aaa3f6236763ff548051657a342c37623,success,1970-01-01,1970-01-01,1,1,
neirei,Neirei,0x1d4fb9bfa1967be6ca74819e28b98c2aa5ae8b59,success,2024-09-18,2025-12-02,385,386,
neiro,Neiro,0x812ba41e071c7b7fa4ebcfb62df5f45f6fa853ee,success,2024-08-01,2025-12-02,489,490,
neiro,Neiro,0xa6180029845469e89c507fe3eafedfa242687822,success,2024-10-14,2025-12-02,393,394,
neko,Neko,0x4aad14eccf012bb370bd755726f369ff53045d36,success,2025-07-21,2025-11-26,75,76,
neko,NEKO,0x74697d4fd0536c6885334b11d5c6dbf58729369f,success,2025-10-14,2025-11-29,36,508,
asg,Nekoverse: City of Greed Anima Spirit Gem,0xb533687ef77459093368c43e95f8df1c2b5a1f7a,success,2023-11-02,2025-11-24,598,599,
nemo,Nemo Sum,0xb60fdf036f2ad584f79525b5da76c5c531283a1b,success,2024-05-05,2025-12-02,577,578,
naai,NeoAudit AI,0x7865ec47bef9823ad0010c4970ed90a5e8107e53,success,2023-11-25,2025-12-02,477,477,
nex,Nash,0xe2dc070524a6e305ddb64d8513dc444b6a1ec845,success,2018-11-08,2025-12-02,2521,2522,
neos,Neos.ai,0xd2a08ff5f31d2f2d70c91960323c2ed31268ae25,success,2024-12-04,2025-12-02,363,364,
ncr,Neos Credits,0xdb5c3c46e28b53a39c255aa39a411dd64e5fed9c,success,2021-08-25,2025-12-02,1543,1544,
bytes,Neo Tokyo,0xa19f5264f7d7be11c451c093d8f92592820bea86,success,2023-01-29,2025-12-02,1018,1019,
nest,Nest Protocol,0xcd6926193308d3b371fdd6a6219067e550000000,success,2020-05-19,2025-12-02,1970,1971,
nalpha,Nest Alpha Vault,0x593ccca4c4bf58b7526a4c164ceef4003c6388db,success,2025-05-08,2025-12-02,209,210,
inalpha,Nest Alpha Vault (LP),0x64ab176c545bb85eca75d53c3ffcb361deafb855,success,2025-07-10,2025-12-02,146,147,
nacrdx,Nest Apollo ACRDX Vault,0x2a3e301dbd45c143dfbb7b1ce1c55bf0bbf161cb,success,1970-01-01,1970-01-01,1,1,
nbasis,Nest Basis Vault,0x11113ff3a60c2450f4b22515cb760417259ee94b,success,2025-05-08,2025-12-02,209,210,
nopal,Nest BlackOpal LiquidStone II Vault,0x119dd7daff816f29d7ee47596ae5e4bdc4299165,success,1970-01-01,1970-01-01,1,1,
nbtc,Nest BTC Vault,0x02cdb5ccc97d5dc7ed2747831b516669eb635706,success,2025-05-12,2025-12-02,168,169,
ncredit,Nest Credit Vault,0xa5f78b2a0ab85429d2dfbf8b60abc70f4cec066c,success,2025-05-08,2025-12-02,209,210,
inelixir,Nest Elixir Vault (LP),0xd3bfd6e6187444170a1674c494e55171587b5641,success,2025-05-08,2025-12-02,209,210,
netf,Nest ETF Vault,0xdea736937d464d288ec80138bcd1a2e109a200e3,success,2025-05-12,2025-12-02,205,206,
ngprime,Nest Goldfinch Prime Vault,0x2b89048d45e9eff64bc5ff563b8ba40a2f0aa83e,success,1970-01-01,1970-01-01,1,1,
nelixir,Nest Elixir Vault,0x9fbc367b9bb966a2a537989817a088afcaffdc4c,success,2025-05-08,2025-12-02,209,210,
ninsto,Nest Institutional Vault,0xbfc5770631641719cd1cf809d8325b146aed19de,success,2025-05-08,2025-12-02,209,210,
nmnrl,Nest Mineral Vault,0x9d08946ca5856f882a56c29042fbedc5142663b9,success,1970-01-01,1970-01-01,1,1,
npayfi,Nest PayFi Vault,0xb52b090837a035f93a84487e5a7d3719c32aa8a9,success,2025-05-08,2025-12-02,209,210,
egg,Nestree,0x65ccd72c0813ce6f2703593b633202a0f3ca6a0c,success,2019-08-24,2025-12-02,2293,2294,
ntbill,Nest Treasury Vault,0xe72fe64840f4ef80e3ec73a1c749491b5c938cb9,success,2025-05-08,2025-12-02,209,210,
nwisdom,Nest WisdomTree Vault,0x29bf22381a5811dec89dc7b46a5ce57ad02c0240,success,1970-01-01,1970-01-01,1,1,
nflxon,Netflix (Ondo Tokenized Stock),0x032dec3372f25c41ea8054b4987a7c4832cdb338,success,2025-09-02,2025-12-02,92,93,
nflxx,Netflix xStock,0xa6a65ac27e76cd53cb790473e4345c46e5ebf961,success,2025-07-11,2025-12-02,130,131,
nmt,NetMind Token,0x03aa6298f1370642642415edc0db8b957783e8d6,success,2024-02-18,2025-12-02,654,655,
nao,Nettensor,0x72f713d11480dcf08b37e1898670e736688d218d,success,2024-03-01,2025-12-01,624,625,
netvr,Netvrk,0x52498f8d9791736f1d6398fe95ba3bd868114d10,success,2021-05-21,2025-12-02,1657,1658,
ncat,Neuracat,0x2b7c0fa747611d4412b54076c62119926474edb3,success,2024-06-21,2025-11-26,476,477,
neura,Neurahub,0x3d1c949a761c11e4cc50c3ae6bdb0f24fd7a39da,success,2024-03-27,2025-12-02,616,617,
neural,NEURALAI,0x32b053f2cba79f80ada5078cb6b305da92bde6e1,success,2024-03-23,2025-12-02,620,621,
neurai,Neuralis AI,0x25517010a154ec41f76d203ab221019a37c2dab6,success,2025-06-10,2025-11-15,95,96,
nerf,Neural Radiance Field,0xaf8942831f3a096f708b8b31f191b8958cf176c5,success,2023-03-22,2025-12-02,695,695,
ntd,Neural Tensor Dynamics,0x1e354f9ab5bcc9fb981f31b794c5fe13f7a89218,success,2024-03-29,2025-12-02,247,248,
$vox,Neuravox,0xb5274d9f803b4b15607c6e180ef8f68fe990f73b,success,2025-01-25,2025-11-22,260,261,
ncn,NeurochainAI,0xbb8954f008016055fda6aa1c27fa769578cae213,success,2024-08-09,2025-12-02,481,482,
ntmpi,Neutaro,0x53be7be0ce7f92bcbd2138305735160fb799be4f,success,2024-03-25,2025-12-02,618,619,
xtn,Neutrino Index Token,0x674c6ad92fd080e4004b2312b45f796a192d27a0,success,2020-02-01,2025-12-02,2132,2133,
neuy,NEUY,0xa80505c408c4defd9522981cd77e026f5a49fe63,success,2022-06-03,2025-12-02,1272,1273,
neva,Neva,0x3ada3bf9a5c5c59523d6193381c0d14787070e54,success,2024-06-12,2025-12-01,443,444,
remus,New Ancient DNA,0x391883a5d2438716796336f2e420a92e52b45efe,success,2025-04-10,2025-12-02,233,234,
newo,New Order,0x98585dfc8d9e7d48f0b1ae47ce33332cf4237d96,success,2021-12-10,2025-12-01,1267,1268,
pepe,NEWPEPE,0xa57ed6e54be8125bbe45d6ca330e45ebb71ef11e,success,2023-09-14,2025-12-02,621,621,
nwc,Numerico,0x968f6f898a6df937fc1859b323ac2f14643e3fed,success,2019-10-30,2025-12-02,2226,2227,
newt,Newton Protocol,0xd0ec028a3d21533fdd200838f39c85b03679285d,success,2025-06-24,2025-12-02,162,163,
state,New World Order,0x00c2999c8b2adf4abc835cc63209533973718eb1,success,2022-09-22,2025-12-02,1166,1167,
nwo,NEW WORLD ORDER,0xb4c42d3ecb9cf5811e7cf21a81d0bf3fee21a6f3,success,2024-11-19,2025-12-02,260,261,
xfloki,NEW X CEO IS BACK,0x76fc5dd3360479b1669e7996ff9b1d35f978078f,success,2025-10-20,2025-11-21,11,197,
nex,NexAI,0x2c623d3cc9a2cc158951b8093cb94e80cf56deea,success,2023-07-21,2025-11-29,526,527,
nxr,Nexara,0xbb8ecf8d1342e086c9a751ee1b31a8320007379f,success,2024-12-05,2025-12-02,219,220,
nexo,NEXO,0xb62132e35a6c13ee1ee0f84dc5d40bad8d815206,success,2018-05-03,2025-12-02,2771,2772,
nex,Nexora,0x58412ae274f2764b71c66315d97662d47d930d94,success,2025-08-15,2025-12-02,110,111,
nexm,Nexum,0xe831f96a7a1dce1aa2eb760b1e296c6a74caa9d5,success,2022-02-07,2025-12-02,1340,1341,
nex,NEXUS,0xc01154b4ccb518232d6bbfc9b9e6c5068b766f82,success,2024-03-07,2025-12-02,615,616,
nexusai,NexusAI,0xe96edd48cf0c6e930ce55f171a721017b28e0f08,success,2024-03-20,2025-11-21,377,378,
nbtc,NexusBTC,0x8bb97a618211695f5a6a889fac3546d1a573ea77,success,1970-01-01,1970-01-01,1,1,
useu,Nexus Pro USEU,0xe07ecc676daf0b24b24a1c46c966d9c463984b38,success,2024-07-06,2025-12-01,460,461,
nezuko,Nezuko,0x049715c70fdbdd2be4814f76a53dc3d6f4367756,success,2023-04-26,2025-12-01,613,614,
nfnt,nfinityAI,0x82d36570842fc1ac2a3b4dbe0e7c5c0e2e665090,success,2024-07-06,2025-12-02,515,516,
nfm,NFMart,0x9df03fba103491fffde4fbc5fea15efaa43c67a5,success,2024-07-23,2025-12-02,498,499,
nftfi,NFTFI,0x09d6f0f5a21f5be4f59e209747e2d07f50bc694c,success,2024-06-10,2025-12-02,541,542,
nftfn,NFTFN,0x9a64977ebf739dff35ed4281a4b5e833bfdb1314,success,1970-01-01,1970-01-01,1,1,
n1,NFTify,0xacbd826394189cf2623c6df98a18b41fc8ffc16d,success,2021-06-04,2025-11-13,1192,1193,
nftl,NFTLaunch,0xe7f72bc0252ca7b16dbb72eeee1afcdb2429f2dd,success,2021-09-03,2025-12-02,1547,1548,
gem,NFTmall,0x9b17baadf0f21f03e35249e0e59723f34994f806,success,2021-06-11,2025-11-26,1580,1581,
nft,NFT Protocol,0xcb8d1260f9c92a3a545d409466280ffdd7af7042,success,2020-08-19,2025-12-02,1702,1702,
nftd,NFTrade,0x8e0fe2947752be0d5acf73aae77362daf79cb379,success,2021-09-24,2025-12-02,1529,1530,
nfts,NFT Stars,0x08037036451c768465369431da5c671ad9b37dbc,success,2021-06-08,2025-11-26,1526,1527,
wrld,NFT Worlds,0xd5d86fc8d5c0ea1ac1ac5dfab6e529c9967a45e9,success,2021-12-30,2025-12-02,1421,1422,
nftx,NFTX,0x87d73e916d7057945c9bcd8cdd94e42a6f47f776,success,2021-01-05,2025-12-02,1780,1781,
nfty,NFTY,0xe1d7c7a4596b038ced2a84bf65b8647271c53208,success,2021-10-04,2025-12-02,1308,1308,
shib,NicCageWaluigiElmo42069Inu,0xfcaf0e4498e78d65526a507360f755178b804ba8,success,2023-08-22,2025-12-02,648,648,
nftl,Nifty League,0x3c8d2fce49906e11e71cb16fa0ffeb2b16c29638,success,2021-10-20,2025-12-01,1468,1469,
crow,CROW,0x6325cf7b3b645de6355e37e0e88f6ff0030f9e97,success,2024-03-12,2025-12-02,631,632,
nvg,NightVerse Game,0x08f40811c7d6c013744166f3d4cb1a9a92d3d54e,success,2023-02-14,2025-12-02,1023,1024,
nihao,Nihao,0xc3681a720605bd6f8fe9a2fabff6a7cdecdc605d,success,2023-06-03,2025-11-30,815,816,
nihao,Nihao Coin,0xa672b803e807ab9b7cb8514350523cd6d2e4d5cc,success,2024-06-09,2025-11-11,374,375,
niifi,NiiFi,0x852e5427c86a3b46dd25e5fe027bb15f53c4bcb8,success,2021-06-02,2025-11-29,1522,1523,
nkeon,Nike (Ondo Tokenized Stock),0xd8e26fcc879b30cb0a0b543925a2b3500f074d81,success,2025-09-02,2025-12-02,87,87,
nil,Nillion,0x7cf9a80db3b29ee8efe3710aadb7b95270572d47,success,2025-03-24,2025-12-02,254,255,
nai,Nimbus AI,0x32f4768fc4a238a58fc9da408d9a0da4333012e4,success,2025-01-17,2025-12-02,282,282,
nina,Nina,0xe94db607eba8f76a377d9bcc327c9856ed90fbde,success,2025-02-12,2025-12-02,294,295,
nina,NinaPumps,0x697a79af2de4af9e9aa0d08905374556ad1353bb,success,2023-09-25,2025-12-02,566,567,
nst,Ninja Squad Token,0x70bef3bb2f001da2fddb207dae696cd9faff3f5d,success,2022-01-04,2025-12-02,1338,1339,
nitefeeder,Nitefeeder,0x85f7cfe910393fb5593c65230622aa597e4223f1,success,2024-04-17,2025-12-02,595,596,
nitro,Nitro,0x76887cb94cf29ec539b3219ba62104be04f26a5c,success,2025-01-23,2025-12-02,314,315,
nitro,Nitro League,0x0335a7610d817aeca1bebbefbd392ecc2ed587b8,success,2021-12-17,2025-12-02,1447,1448,
niza,Niza Global,0x373f323d21b38004d17386c18680c57657f78040,success,2025-09-11,2025-12-02,73,1715,
nkn,NKN,0x5cf04716ba20127f1e2297addcf4b5035000c9eb,success,2018-05-28,2025-12-02,2746,2747,
nobl,NobleBlocks,0xe3e72ae23dd5bb0efd7dfe733a58bf6ad57c3945,success,2024-05-23,2025-12-02,559,560,
node,NodeOps,0x2f714d7b9a035d4ce24af8d9b6091c07e37f43fb,success,2025-06-30,2025-12-02,156,157,
gpu,NodeAI,0x1258d60b224c0c5cd888d37bbf31aa5fcfb7e870,success,2024-02-22,2025-12-02,650,651,
nodl,Nodelight,0x63a4faa0edc59811f9d3fd8b9aae5131a9488437,success,2025-05-25,2025-11-04,121,122,
$node,NodelyAI,0xff284f2e8cce4cd2f4537d8a9369482b545908fb,success,2024-10-04,2025-12-02,422,423,
nqai,NodeQAI,0x5ead27fcc5bc50aa100da635f8d1e6198acee71c,success,2025-07-31,2025-10-22,61,62,
nogs,Noggles,0x5fa20d59d2a907e5fed9fb80b4a8d9f0d069a48d,success,2024-04-23,2025-12-02,589,590,
enqai,enqAI,0x710287d1d39dcf62094a83ebb3e736e79400068a,success,2023-04-20,2025-12-02,940,941,
nls,Nolus,0xb34e17562e4f1f63a2d4cf684ed8bc124e519771,success,2023-07-03,2025-12-02,884,885,
nom,Nomina,0x6e6f6d696e61decd6605bd4a57836c5db6923340,success,2025-10-01,2025-12-02,63,1503,
nkp,NonKyotoProtocol,0x11fa1193743061591cbe47c9e0765eaebaa3a046,success,2025-05-31,2025-12-02,186,187,
nox,NONOS,0x0a26c80be4e060e688d7c23addb92cbb5d2c9eca,success,2025-09-04,2025-12-02,90,2139,
npc,Non-Playable Coin,0x8ed97a637a790be1feff5e888d43629dc05408f6,success,2023-08-04,2025-12-02,852,853,
npi,Non-Playable Inu,0x80034f803afb1c6864e3ca481ef1362c54d094b9,success,2024-06-18,2025-12-02,531,532,
noob,Blast Royale,0x06561dc5cedcc012a4ea68609b17d41499622e4c,success,2024-11-13,2025-11-07,318,319,
noob,Noob cult,0x284c0a369613a83080cebdbf253e596a7fc7594c,success,2025-09-16,2025-12-01,54,963,
noodle,Noodleface,0xb2016f85a96a3ea5139b0a6e6ef762167bf99c8c,success,2025-09-13,2025-12-02,78,1771,
usn,Noon USN,0xda67b4284609d2d48e5d10cfac411572727dc1ed,success,2025-01-25,2025-12-02,312,313,
nord,Nord Finance,0x6e9730ecffbed43fd876a264c982e254ef05a0de,success,2021-01-12,2025-12-02,1707,1708,
nrx,Norexa,0xde860ac02d0f22363da499577ca7894afd8c98b4,success,2025-07-02,2025-12-02,154,155,
cocaine,Nose Candy,0x3595e426a7808e2482667ee4e453ef280fbb9cf4,success,2024-10-07,2025-11-13,298,299,
nstr,Nostra,0x610dbd98a28ebba525e9926b6aaf88f9159edbfd,success,2024-06-13,2025-12-02,538,539,
thing,Nothing Token,0xffd822149fa6749176c7a1424e71a417f26189c8,success,2023-05-15,2025-11-22,738,739,
noti,Noti,0xffb1018eff5fc021e15215290732f02a89b008e7,success,2024-12-05,2025-11-25,249,250,
note,Notional Finance,0xcfeaead4947f0705a14ec42ac3d44129e1ef3ed5,success,2021-11-15,2025-12-02,1476,1476,
nova,Nova AI,0x79fe521199697c9cf94d16d5d49277c933ccc38b,success,2025-08-11,2025-12-02,114,115,
nova,Nova Chain,0xbce98a44161a9f593fdc231b422943cd3cc7c22b,success,2025-10-28,2025-12-02,30,540,
novaq,NovaQ,0xf2b733bdddb8e12f0b3e15781b319389d499dad6,success,2025-05-25,2025-12-02,111,112,
audd,Australian Digital Dollar,0x4cce605ed955295432958d8951d0b176c10720d5,success,2023-11-30,2025-12-02,734,735,
vachi,NOVAWCHI,0x337af08bb6980ecb68389c5ed8876d08643abf8a,success,1970-01-01,1970-01-01,1,1,
nvoon,Novo Nordisk (Ondo Tokenized Stock),0x28151f5888833d3d767c4d6945a0ee50d1b193e3,success,2025-09-02,2025-12-02,88,89,
nvox,Novo Nordisk xStock,0xf9523e369c5f55ad72dbaa75b0a9b92b3d8b147e,success,2025-11-20,2025-12-02,11,178,
nsdq,NSDQ420,0x615987d46003cc37387dbe544ff4f16fa1200077,success,2024-10-22,2025-12-02,398,399,
n,nsurance,0xc7bb03ddd9311fc0338be013e7b523254092fda9,success,2023-10-23,2025-11-29,687,688,
nsure,Nsure Network,0x20945ca1df56d237fd40036d47e866c7dccd2114,success,2020-10-28,2025-12-02,1862,1863,
nth,NTHCHAIN,0x671b710a006040cd82a8070abd497a7215ce6f67,success,2022-09-23,2025-12-02,194,195,
nuai,Nucleus AI,0x594f8a64d01abea062eee634e627b1b085f99ef3,success,2025-07-25,2025-12-02,120,121,
ncash,Nucleus Vision,0x809826cceab68c387726af962713b64cb5cb3cca,success,2018-03-02,2025-12-02,2749,2749,
nu,NuCypher,0x4fe83213d56308330ec302a8bd641f1d0113a4cc,success,2020-10-15,2025-12-02,1863,1864,
nugx,Nugget Rush,0x75fa2a76e5ec2269cf507b9296ac108373c72a6e,success,2024-09-03,2025-12-02,429,430,
ngtg$$,Nugget Trap Gold Token,0x810296898a4f870619b015c0b13c8c6e65b305e3,success,2024-11-12,2025-11-25,308,309,
nai,Nuklai,0x5ac34c53a04b9aaa0bf047e7291fb4e8a48f2a18,success,2024-04-17,2025-12-02,595,596,
nlk,NuLink,0x744030ad4e6c10faf5483b62473d88a254d62261,success,2024-05-16,2025-12-02,566,567,
nmr,Numeraire,0x1776e1f26f98b1a5df9cd347953a26dd3cb46671,success,2017-07-13,2025-12-02,3065,3066,
numi,NUMINE Token,0xa29c9a740de8194e4016747e9a04a84946ada0a5,success,2025-03-31,2025-12-02,247,248,
ntx,NuNet,0xf0d33beda4d734c72684b5f9abbebf715d0a7935,success,2021-11-28,2025-12-02,1466,1467,
nura,Nura Labs,0x926759a8eaecfadb5d8bdc7a9c7b193c5085f507,success,2025-06-19,2025-12-02,167,168,
susd,Synthetix sUSD,0x57ab1ec28d129707052df4df418d58a2d46d5f51,success,2018-07-18,2025-12-02,2693,2694,
nusd,Neutrl USD,0xe556aba6fe6036275ec1f87eda296be72c811bce,success,2025-11-09,2025-12-02,24,547,
ncash,Nutcash,0xd105c45bcc7211f847ae73b187a41b7d8184ade2,success,2024-12-08,2025-12-02,359,360,
nut,NutCoin,0x473f4068073cd5b2ab0e4cc8e146f9edc6fb52cc,success,2024-05-05,2025-12-02,577,578,
nvdaon,NVIDIA (Ondo Tokenized Stock),0x2d1f7226bd1f780af6b9a49dcc0ae00e8df4bdee,success,2025-09-02,2025-12-02,92,93,
nvdax,NVIDIA xStock,0xc845b2894dbddd03858fd2d643b4ef725fe0849d,success,2025-06-27,2025-12-02,159,160,
nvir,NvirWorld,0x9d71ce49ab8a0e6d2a1e7bfb89374c9392fd6804,success,2021-12-09,2025-12-02,1455,1456,
nxm,Nexus Mutual,0xd7c49cee7e9188cca6ad8ff264c1da2e69d4cf3b,success,2020-07-12,2025-12-02,1970,1971,
nya,Nya,0x38f9bf9dce51833ec7f03c9dc218197999999999,success,2024-09-05,2025-12-02,454,455,
nyan,Nyan Meme Coin,0x0ebe30595a44e5288c24161ddfc1e9fa08e33a0c,success,2023-05-09,2025-12-02,933,934,
nym,Nym,0x525a8f6f3ba4752868cde25164382bfbae3990e1,success,2022-04-15,2025-12-02,1328,1329,
nxcp,Nyx Cipher,0x96665680f4889891f3209713cb9a8205dce7278d,success,2024-09-24,2025-11-19,414,415,
o3,O3 Swap,0xee9801669c6138e84bd50deb500827b776777d28,success,2021-05-13,2025-12-02,1665,1666,
obol,Obol,0x0b010000b7624eb9b3dfbc279673c76e9d29d5f7,success,2025-05-07,2025-12-02,210,211,
ten,TEN,0xea9bb54fc76bfd5dd2ff2f6da641e78c230bb683,success,2025-11-28,2025-12-02,5,117,
occ,OccamFi,0x2f109021afe75b949429fe30523ee7c0d5b27207,success,2021-04-16,2025-12-02,1691,1692,
ocean,Ocean Protocol,0x967da4048cd07ab37855c090aaf366e4ce1b9f48,success,2019-05-04,2025-12-02,2405,2406,
och,Orchai,0x19373ecbb4b8cc2253d70f2a246fa299303227ba,success,2024-02-23,2025-12-02,649,650,
unidata,UNIDATA,0x1eba268081ce1b673b39b39ca423cb8e7cb8e6d1,success,2025-01-31,2025-12-02,252,253,
oct,OctanePay,0xf7b2e24c53476899357d205c7923958ca85e49b4,success,2025-05-18,2025-11-15,78,79,
octa,OctaSpace,0xfa704148d516b209d52c2d75f239274c8f8eaf1a,success,2023-04-05,2025-12-02,973,974,
octo,OctoFi,0x7240ac91f01233baaf8b064248e80feaa5912ba3,success,2020-09-25,2025-12-02,1895,1896,
oct,Omnity Convertible Token,0xf5cfbc74057c610c8ef151a439252680ac68c6dc,success,2021-08-30,2025-12-02,1556,1557,
ocw,OctopusWallet,0x26c75c7d815efe6bf5a6decd17d20d1fdad96a08,success,2024-03-15,2025-11-13,299,300,
octa,OCTORA AI,0x06e2d2ede26c5479c36dd310a04971604f077994,success,2025-06-28,2025-09-18,72,73,
odds,OddsNotify,0x81de7654a08b0a37d136eb6e31a54543cdabeb15,success,2024-12-10,2025-11-28,304,305,
oddz,Oddz,0xcd2828fc4d8e8a0ede91bb38cf64b1a81de65bf6,success,2021-03-18,2025-12-02,1721,1722,
ode,ODEM,0xbf52f2ab39e26e0951d2a02b49b7702abe30406a,success,2018-04-18,2025-11-22,2574,2575,
ocisly,Of Course I Still Love You,0x356e17967206efb413b60ab0ba44e269063a26c9,success,2023-10-02,2025-12-02,604,604,
kpop,OFFICIAL K-POP,0xea36af87df952fd4c9a05cd792d370909bbda8db,success,2025-07-16,2025-12-02,140,141,
xft,Offshift,0x76bc677d444f1e9d57daf5187ee2b7dc852745ae,success,2020-08-05,2025-11-28,1939,1940,
oggie,Oggie,0x11a001dc777f5bf8a5d63f246664d3bb67be496c,success,2025-06-11,2025-12-02,175,176,
roar,Roaring Kitty,0xd8c978de79e12728e38aa952a6cb4166f891790f,success,2024-06-11,2025-12-02,540,541,
ogsm,OG SMINEM,0x9778ac3d5a2f916aa9abf1eb85c207d990ca2655,success,2023-10-29,2025-12-01,760,761,
ogz,OGzClub,0xb7bda6a89e724f63572ce68fddc1a6d1d5d24bcf,success,2023-07-31,2025-11-29,526,527,
ok,Okcash,0xd3ac016b1b8c80eeadde4d186a9138c9324e4189,success,2014-12-14,2025-12-02,4004,4005,
oklox,Oklo xStock,0x4b0ee7c047d43ca403239f28f42115bedb7c0076,success,1970-01-01,1970-01-01,1,1,
ola,Ola,0x2353f7e7b74c045a5dfbaafee5d21bfd948dc170,success,2024-11-18,2025-11-21,369,370,
bc,Old Bitcoin,0xe03b2642a5111ad0efc0cbce766498c2dd562ae9,success,2023-01-27,2025-11-28,807,808,
ohm,Olympus,0x64aa3364f17a4d01c6f1751fd97c2bd3d7e7f1d5,success,2021-03-24,2025-12-02,1715,1716,
ohm,Olympus v1,0x383518188c0c6d7730d91b2c03a03c837814a899,success,2021-12-16,2025-12-02,1438,1439,
oly,Olyverse,0x6595b8fd9c920c81500dca94e53cdc712513fb1f,success,2021-02-16,2025-12-02,1724,1725,
omira,Omira,0x06113abcef9d163c026441b112e70c82ee1c4a79,success,2024-12-04,2025-12-01,360,361,
omg,OMG Network,0xd26114cd6ee289accf82350c8d8487fedb8a0c07,success,2017-07-16,2025-12-02,3062,3063,
omnia,Omnia Protocol,0x2e7e487d84b5baba5878a9833fb394bc89633fd7,success,2022-06-27,2025-12-02,415,416,
omni,OmniCat,0x9e20461bc2c4c980f62f1b279d71734207a6a356,success,2023-12-23,2025-12-02,711,712,
omnis,OmniMinds,0x0478f82a19269e7593a6f99e2865e6f026997b74,success,2025-05-21,2025-12-02,190,191,
omnit,OmniTensor,0x6f2ee0e1ebfa00015d3040760f6c039f46b6c662,success,2024-12-12,2025-11-25,193,194,
omochi,Omochi the Frog,0x888888ae2c4a298efd66d162ffc53b3f2a869888,success,2024-06-18,2025-12-02,506,507,
ocai,Onchain AI,0x4309e88d1d511f3764ee0f154cee98d783b61f09,success,2023-08-07,2025-12-02,849,850,
ocb,OnChain Battles,0xba8fa89ee8c713a6758f9c7bb3cc23cc033aab1c,success,2025-07-24,2025-10-02,55,56,
ocp404,OnChain Pepe 404,0xb87b96868644d99cc70a8565ba7311482edebf6e,success,2024-02-15,2025-11-12,352,353,
ondoai,Ondo DeFAI,0xfa1b1f13080857bf373de0de93970c96d2c29fd0,success,2025-01-25,2025-11-29,276,277,
ondo,Ondo,0xfaba6f8e4a5e8ab82f62fe7c39859fa577269be3,success,2024-01-18,2025-12-02,685,686,
usdon,Ondo U.S. Dollar Token,0xace8e719899f6e91831b18ae746c9a965c2119f1,success,2025-08-27,2025-12-02,98,99,
usdy,Ondo US Dollar Yield,0x96f6ef951840721adbf46ac996b59e0235cb985c,success,2023-11-08,2025-12-02,756,757,
one,One,0x946551dd05c5abd7cc808927480225ce36d8c475,success,2018-07-11,2025-12-02,2702,2703,
onc,One Cash,0xd90e69f67203ebe02c917b5128629e77b4cd92dc,success,2020-12-31,2025-12-02,1798,1799,
ohmi,One Hundred Million Inu,0x4159862bcf6b4393a80550b1ed03dffa6f90533c,success,2023-01-03,2025-12-02,892,893,
olt,OneLedger,0x64a60493d888728cf42616e034a0dfeae38efcf0,success,2018-07-13,2025-12-02,2699,2700,
ons,One Share,0x5bb29c33c4a3c29f56f8aca40b4db91d8a5fe2c5,success,2020-12-31,2025-12-02,1797,1798,
owct,One World Chain,0xbc68ff3b062bc588603d71ec8d4273391edf152c,success,2025-01-27,2025-12-02,246,247,
oni,Onigiri,0x7777cec341e7434126864195adef9b05dcc3489c,success,2024-08-04,2025-12-02,481,482,
ontact,OnTact,0x41b723c73fe13e8f979d5fa80229ce7f24ebedb8,success,2024-12-16,2025-12-02,352,353,
onus,ONUS,0x4184aa04215e5d716dd4c213fed519acadc68f92,success,2022-03-27,2025-11-22,1250,1251,
onx,OnX Finance,0xe0ad1806fd3e7edf6ff52fdb822432e847411033,success,2020-12-22,2025-12-02,1807,1808,
oort,OORT,0x5651fa7a726b9ec0cad00ee140179912b6e73599,success,2024-01-15,2025-12-02,688,689,
opal,Opal,0x199e2cfaf8b4f2cc5423971ef3749d1c89cf815c,success,2025-10-03,2025-12-02,61,1457,
$opcat,OPCAT,0xdaa7699352ac8709f3d2fd092226d3dd7da40474,success,2024-02-01,2025-11-26,587,588,
oax,OAX,0x701c244b988a513c945973defa05de933b23fe1d,success,2017-10-29,2025-12-02,2957,2958,
obx,OpenBlox,0x188fb5f5ae5bbe4154d5778f2bbb2fb985c94d25,success,2022-07-01,2025-11-20,1134,1135,
sos,OpenDAO,0x3b484b82567a09e2588a13d54d032153f0c0aee0,success,2021-12-24,2025-12-02,1440,1441,
eden,OpenEden,0x24a3d725c37a8d1a66eb87f0e5d07fe67c120035,success,2025-09-30,2025-12-02,64,1526,
usdo,OpenEden OpenDollar,0x8238884ec9668ef77b90c6dff4d1a9f4f4823bfe,success,2025-03-27,2025-12-02,247,248,
tbill,OpenEden TBILL,0xdd50c053c096cb04a3e3362e2b622529ec5f2e8a,success,2023-10-24,2025-12-02,760,761,
ogpu,OPEN GPU,0x067def80d66fb69c276e53b641f37ff7525162f6,success,2024-04-12,2025-12-02,600,601,
open,OpenLedger,0xa227cc36938f0c9e09ce0e64dfab226cad739447,success,2025-09-08,2025-12-02,86,2053,
ole,OpenLeverage,0x1b6e9c73bee68102d9dd4a2627f97bff4183ab0a,success,2022-07-07,2025-12-02,1245,1246,
ol,OPENLOOT,0x1f57da732a77636d913c9a75d685b26cc85dcc3a,success,2024-11-19,2025-12-02,379,380,
serv,OpenServ,0x40e3d1a4b2c47d9aa61261f5606136ef73e28042,success,2024-11-09,2025-12-02,389,390,
open,Open Stablecoin Index,0x323c03c48660fe31186fa82c289b0766d331ce21,success,2025-05-04,2025-12-02,211,212,
openx,OpenSwap.One,0x57d579f483854c62fef850b8a5332b0d8424b7e2,success,2021-10-22,2025-12-02,1472,1473,
opn,OPEN Ticketing Ecosystem,0xc28eb2250d1ae32c7e74cfb6d6b86afc9beb6509,success,2024-04-01,2025-12-02,611,612,
vision,OpenVision,0xe6f98920852a360497dbcc8ec895f1bb1f7c8df4,success,2025-06-20,2025-12-02,166,167,
ovpp,OpenVPP,0xb4c6fedd984bc983b1a758d0875f1ea34f81a6af,success,2025-08-24,2025-12-02,101,102,
openx,OPEN xStock,0xbee6b69345f376598fe16abd5592c6f844825e66,success,2025-11-20,2025-12-02,11,205,
ozk,OpenZK Network,0x737d461917ccf0fa28a52da30672e2ddc214f0bf,success,2025-04-24,2025-12-02,223,224,
operon,Operon Network,0x4fdadf176c4d9c9686d7b965bde95758fed63184,success,2025-10-09,2025-11-30,24,285,
wpe,OpesAI,0xd075e95423c5c4ba1e122cae0f4cdfa19b82881b,success,2021-07-08,2025-12-02,1605,1606,
opium,Opium,0x888888888889c00c67689029d7856aac1065ec11,success,2021-01-27,2025-12-02,1771,1772,
opm,OpMentis,0xeda8db2f0f8f00f0aedd6fdd756402ed86cd002f,success,2024-11-27,2025-12-02,371,372,
oprv,Opriva AI,0x938f2774e307a71882009a27e0e40e615415fe54,success,2024-12-25,2025-11-07,131,132,
opsec,OpSec,0x8be8c50e7d7acff6084899e71a6db085ff7134c8,success,2024-01-05,2025-12-02,698,699,
opch,Opticash,0x4d4d883f920f7c0c36a1be71a02aa0cde2aa22d1,success,1970-01-01,1970-01-01,1,1,
opti,Optimus AI,0x562e362876c8aee4744fc2c6aac8394c312d215d,success,2023-03-07,2025-12-02,1002,1003,
option,OptionsAI,0xb67cf01958b1a06c330f5a46501fe1fb2ec82aaa,success,2024-12-12,2025-11-25,187,188,
opai,Optopia AI,0xf8e57ac2730d3088d98b79209739b0d5ba085a03,success,2024-07-23,2025-12-02,498,499,
optr,opTrade AI,0x72b658bd674f9c2b4954682f517c17d14476e417,success,2025-03-07,2025-12-02,270,271,
opul,Opulous,0x80d55c03180349fff4a229102f62328220a96444,success,2021-09-23,2025-12-02,1532,1533,
osqth,Opyn Squeeth,0xf1b99e3e573a1a9c5e6b2ce818b617f0e664e86b,success,2022-01-20,2025-12-02,1381,1382,
opz,OPZ,0x18e1b6aa7ef866eba192f2817d43bae92d75c817,success,1970-01-01,1970-01-01,1,1,
oracle,Oracle AI,0x57b49219614859176ddb029298486b6c30193cbd,success,2024-02-23,2025-12-02,644,645,
orclon,Oracle (Ondo Tokenized Stock),0x8a23c6baadb88512b30475c83df6a63881e33e1e,success,2025-09-02,2025-12-02,87,88,
orclx,Oracle xStock,0x548308e91ec9f285c7bff05295badbd56a6e4971,success,2025-09-29,2025-12-02,64,1252,
ora,ORA Coin,0x33333333fede34409fb7f67c6585047e1f653333,success,2024-11-19,2025-12-02,379,380,
orai,Oraichain,0x4c11249814f11b9346808179cf06e71ac328c1b5,success,2020-10-26,2025-12-02,1864,1865,
oraix,OraiDEX,0x2d869ae129e308f94cc47e66eaefb448cee0d03e,success,2022-11-04,2025-12-02,1121,1122,
olm,OpenLM RevShare Token,0xe5018913f2fdf33971864804ddb5fca25c539032,success,2024-04-20,2025-11-08,509,510,
orbit,OrbitAI,0x6499999951f0b5ba8b9187958884f9f5b50e45fd,success,2024-12-12,2025-12-02,354,355,
orc,Orbit Chain,0x662b67d00a13faf93254714dd601f5ed49ef2f51,success,2019-10-23,2025-12-02,2201,2202,
obt,Orbiter Finance,0x4af322ff4a6f2858f6b51e546b9ec499654493c5,success,2025-01-20,2025-12-02,317,318,
orbr,Orbler,0xda30f261a962d5aae94c9ecd170544600d193766,success,2022-03-02,2025-12-02,1372,1373,
obi,Orbofi AI,0xbb3a8fd6ec4bf0fdc6cd2739b1e41192d12b1873,success,2023-05-29,2025-12-02,919,920,
orbs,Orbs,0xff56cc6b1e6ded347aa0b7676c85ab0b3d08b0fa,success,2019-04-09,2025-12-02,2430,2431,
oxt,Orchid Protocol,0x4575f41308ec1483f3d399aa9a2826d74da13deb,success,2019-12-18,2025-12-02,2177,2178,
wbrge,Wrapped OrdBridge,0x6602e9319f2c5ec0ba31ffcdc4301d7ef03b709e,success,2023-12-16,2025-12-01,627,628,
order,ORDER,0x551e5d59e4c061984fdcc292b03a20c4741bbbdf,success,1970-01-01,1970-01-01,1,1,
order,Orderly,0xabd4c63d2616a5201454168269031355f4764337,success,2024-08-26,2025-12-02,464,465,
odgn,OrdiGen,0xc3cc3076cb304494775b3193ef1aa080ba6bf962,success,2024-01-29,2025-11-30,498,499,
ord,ordinex,0xbe00734799a67a62af2819825580318ac1b1e4ec,success,2023-02-15,2025-12-02,985,986,
ords,Ordiswap,0x8ab2ff0116a279a99950c66a12298962d152b83c,success,2023-12-29,2025-12-02,705,706,
hohm,Origami hOHM,0x1db1591540d7a6062be0837ca3c808add28844f6,success,2025-07-24,2025-12-02,132,133,
ori,Origent Ai,0x3e43efbfa058d351a926fc611e997f2338adc2a4,success,2025-01-07,2025-11-27,157,158,
ousd,Origin Dollar,0x2a8e1e676ec238d8a992307b495b45b3feaa5e86,success,2020-09-24,2025-12-02,1889,1890,
oeth,Origin Ether,0x856c4efb76c1d1ae02e20ceb03a2a6a08b0b8dc3,success,2023-05-17,2025-12-02,931,932,
ogn,Origin Token,0x8207c1ffc5b6804f6024322ccf34f29c3541ae26,success,2020-01-10,2025-12-02,2154,2155,
trac,OriginTrail,0xaa7a9ca87d3694b5755f213b5d04094b8d0f0a6f,success,2018-02-02,2025-12-02,2861,2862,
orion,Orion Money,0x727f064a78dc734d33eec18d5370aef32ffd46e4,success,2021-09-30,2025-12-02,1525,1526,
orn,Orion,0x0258f474786ddfd37abce6df6bbb1dd5dfc4434a,success,2020-07-16,2025-12-02,1966,1967,
eco,Ormeus Ecosystem,0x191557728e4d8caa4ac94f86af842148c0fa8f7e,success,2019-07-14,2025-12-02,2286,2287,
on,Orochi Network,0x33f6be84becff45ea6aa2952d7ef890b44bfb59d,success,2025-10-24,2025-12-02,40,953,
osak,Osaka Protocol,0xa21af1050f7b26e0cff45ee51548254c41ed6b5c,success,2023-07-07,2025-12-02,880,881,
oscar,OSCAR,0xebb66a88cedd12bfe3a289df6dfee377f2963f12,success,2024-10-11,2025-12-02,418,419,
osca,OSCA Stack,0xfb9f255788e6743a6fecaa5de55ec0ee86ab4bdb,success,2025-05-28,2025-12-02,161,161,
osean,Osean,0x50d5118fb90d572b9d42ba65e0addc4900867809,success,2023-07-13,2025-12-02,760,761,
osmi,OSMI,0x5485a469faea1492191cfce7528ab6e58135aa4d,success,2024-11-13,2025-12-02,371,372,
deedstr,OtherdeedStrategy,0xe8cbeccf2140238c5358e60c69203303f3a91732,success,2025-10-26,2025-12-02,38,859,
own,Otherworld,0x2d81f9460bd21e8578350a4f06e62848ed4bb27e,success,2024-06-27,2025-12-02,524,525,
otsea,OTSea,0x5da151b95657e788076d04d56234bd93e409cb09,success,2023-09-25,2025-11-11,760,761,
otx,OTX EXCHANGE,0x7717f2828fe4dac8558d23ee4cdfed9544e9321f,success,2023-11-24,2025-12-02,529,530,
orx,Ouroboros,0xd536e7a9543cf9867a580b45cec7f748a1fe11ec,success,2024-10-22,2025-12-02,407,408,
ousg,OUSG,0x1b19c19393e2d034d8ff31ff34c81252fcbbee92,success,2023-03-22,2025-12-02,793,794,
over,Overtime,0x90ce5720c17587d28e4af120ae2d313b3bad1722,success,2025-03-27,2025-12-02,251,252,
ovo,OVO,0xbfc66d8cce39e668fd5d3c10fd1b1eabb82c27b7,success,2023-03-23,2025-12-02,986,987,
ovr,Ovr,0x21bfbda47a0b4b5b1248c767ee49f7caa9b23697,success,2020-12-21,2025-12-02,1808,1809,
owo,Owo,0x806a72273b961145cf5c5f040ad1fcd112b3f11a,success,2025-06-16,2025-12-02,170,171,
0xbtc,0xBitcoin,0xb6ed7644c69416d67b522e20bc294a9a9b405b31,success,2018-06-06,2025-12-02,2654,2655,
ox,OX Coin,0xba0dda8762c24da9487f5fa026a9b64b695a07ea,success,2024-02-20,2025-12-02,652,653,
oxy,Oxygen (Ethereum),0x965697b4ef02f0de01384d0d4f9f782b1670c163,success,2025-07-24,2025-12-02,46,47,
p2ps,P2P solutions foundation,0x4527a3b4a8a150403090a99b87effc96f2195047,success,2020-02-25,2025-12-02,1942,1943,
paal,PAAL AI,0x14fee680690900ba0cccfc76ad70fd1b95d10e16,success,2023-06-23,2025-12-02,890,891,
padre,Terminal,0xb36cf340a35f9860d0bb59afb0355580f0000dad,success,2024-03-14,2025-12-02,629,630,
page,Page,0x60e683c6514edd5f758a55b6f393bebbafaa8d5e,success,2021-10-14,2025-11-18,894,895,
painstr,PainStrategy,0xdfc3af477979912ec90b138d3e5552d5304c5663,success,2025-10-07,2025-12-02,57,1323,
paint,MurAll,0x4c6ec08cf3fc987c6c4beb03184d335a2dfc4042,success,2021-02-26,2025-11-17,1678,1679,
pairs,Pairs,0xfb70859efec2ceb84dd4935a0842aa69290020bc,success,2025-05-10,2025-12-02,203,204,
pal,Paladin,0xab846fb6c81370327e784ae7cbb6d6a6af6ff4bf,success,2022-03-25,2025-12-02,1317,1318,
pltron,Palantir Technologies (Ondo Tokenized Stock),0x0c666485b02f7a87d21add7aeb9f5e64975aa490,success,2025-09-02,2025-12-02,92,93,
pltrx,Palantir xStock,0x6d482cec5f9dd1f05ccee9fd3ff79b246170f8e2,success,2025-11-20,2025-12-02,12,210,
plpa,Palapa,0x2eb05470a5b54065569ba1ef0fb94509538fbaf2,success,2025-08-14,2025-12-02,111,112,
palcoin,PALCOIN Ventures,0x0994bd54cde8f83eab517d833a581b4be5b6f919,success,2024-11-21,2025-12-02,332,333,
plt,Palette,0x553afe6468949e0685959022217336717df5fbe8,success,2024-03-01,2025-12-02,611,612,
plld,Palladium Network,0xfc8dcfca8a37a855e352098af205b3a537b6b026,success,2025-07-03,2025-12-02,132,133,
palm,PaLM AI,0xf1df7305e4bab3885cab5b1e4dfc338452a67891,success,2023-11-22,2025-12-02,742,743,
panwon,Palo Alto Networks (Ondo Tokenized Stock),0x34bfdff25f0fda6d3ad0c33f1e06c0d40bd68885,success,2025-09-02,2025-12-02,59,59,
panwx,Palo Alto Networks xStock,0xe12bb32d77be4db10ddc82088b230d35d097e9c5,success,1970-01-01,1970-01-01,1,1,
gcake,Pancake Games,0x5f944b0c4315cb7c3a846b025ab4045da44abf6c,success,2021-11-11,2025-11-30,1478,1479,
cake,PancakeSwap,0x152649ea73beab28c5b49b26eb48f7ead6d4c898,success,2020-09-29,2025-12-02,1891,1892,
pando,Pando,0x252b9f56359901a0bde52d0675b1f1130d86f471,success,2021-03-02,2025-12-02,1737,1738,
pandora,Pandora,0x9e9fbde7c7a83c43913bddc8779158f1368f0413,success,2024-02-05,2025-12-02,667,668,
pano,PanoVerse,0x3850952491606a0e420eb929b1a2e1a450d013f1,success,2023-11-09,2025-12-02,737,738,
eon,Pantheon,0xdd3878ac92166d6c4e46b26ddd162b72c00d1623,success,2025-03-16,2025-11-07,185,186,
zkp,Panther Protocol,0x909e34d3f6124c324ac83dcca84b74398a6fa173,success,2022-02-01,2025-12-02,1401,1402,
papi,PAPI (ETH),0x6dc469a3ef387ad9619df7774388ae26439ac8d4,success,2024-06-05,2025-12-02,366,366,
par,Parachute,0x1beef31946fbbb40b877a72e4ae04a8d1a5cee06,success,2019-01-30,2025-12-02,2184,2185,
pdt,ParagonsDAO,0x375abb85c329753b1ba849a601438ae77eec9893,success,2022-01-20,2025-12-02,1413,1414,
pai,ParallelAI,0x13e4b8cffe704d3de6f19e52b201d92c21ec18bd,success,2024-09-29,2025-12-02,430,431,
usdp,Parallel USDp,0x9b3a8f7cec208e247d97dee13313690977e24459,success,2025-09-30,2025-12-02,64,1528,
param,Param,0x69a1e699f562d7af66fc6cc473d99f4430c3acd2,success,2024-05-29,2025-12-01,494,495,
psp,ParaSwap,0xcafe001067cdef266afb7eb5a286dcfd277f3de5,success,2021-11-15,2025-12-02,1479,1480,
para,Para,0xd16fd95d949f996e3808eeea0e3881c59e76ef1e,success,2022-03-29,2025-12-02,1167,1168,
susp,Pareto Staked USP,0x271c616157e69a43b4977412a64183cf110edf16,success,2025-07-09,2025-12-02,147,148,
usp,Pareto USP,0x97ccc1c046d067ab945d3cf3cc6920d3b1e54c88,success,2025-07-14,2025-12-02,99,100,
pbx,Paribus,0xd528cf2e081f72908e086f8800977df826b5a483,success,2021-09-16,2025-12-02,1539,1540,
prq,PARSIQ,0x362bc847a3a9637d3af6624eec853618a43ed7d2,success,2020-08-05,2025-12-02,1946,1947,
sona,Parsona,0xd570bd9f7993e94b5af964fcf6b2027966d5b728,success,2025-08-27,2025-11-23,50,51,
par,Parallel,0x68037790a0229e9ce6eaa8a99ea92964106c4703,success,2021-03-03,2025-12-02,1734,1735,
patex,Patex,0xfd4f2caf941b6d737382dce420b368de3fc7f2d4,success,2024-03-13,2025-12-02,630,631,
ptc,PATIC,0x27cf096db452425c51daa356e7d9c574c75e8737,success,2025-05-01,2025-12-02,216,217,
ptoy,Patientory,0x8ae4bf2c33a8e667de34b54938b0ccd03eb8cc06,success,2017-07-09,2025-12-02,2887,2888,
patriot,Patriot,0xe9732d4b1e7d3789004ff029f032ba3034db059c,success,2024-11-05,2025-12-02,393,394,
patton,Patton,0x2a961d752eaa791cbff05991e4613290aec0d9ac,success,2024-05-11,2025-11-25,548,549,
paw,PAW,0x419777d3e39aa9b00405724eace5ea57620c9062,success,2023-10-06,2025-12-02,663,663,
paw,PAW,0xc11158c5da9db1d553ed28f0c2ba1cbedd42cfcb,success,2023-02-05,2025-12-02,1032,1033,
upi,Pawtocol,0x70d2b7c19352bb76e4409858ff5746e500f2b67c,success,2020-08-20,2025-12-02,1907,1908,
paw,PAWZONE,0x1aa51bc7eb181ce48ce626bf62f8956fa9555136,success,2023-03-28,2025-12-02,981,982,
paxu,Pax Unitas,0x4e452b391a86c9240e98df7277ce0bea5be08e43,success,2023-09-08,2025-12-02,711,712,
payb,PayB,0xdcb5645eda1ed34c5641d81b927d33ebae9cf2a4,success,2022-05-31,2025-12-02,1096,1097,
pyplon,PayPal (Ondo Tokenized Stock),0x4efd92f372898b57f292de69fce377dd7d912bdd,success,2025-09-02,2025-12-02,90,91,
pyplx,PayPal xStock,0xf706585e7e8900be0267bee3b9a2f70835ec6628,success,1970-01-01,1970-01-01,1,1,
pe,PE,0xbd32bec7c76d28aa054fc0c907d601b9263e22c7,success,2024-06-04,2025-11-21,431,432,
pfrog,Peace Frog,0xa44136dc2e7a1543abbbf1c2a97e57c8d885e0be,success,2024-11-30,2025-11-30,327,328,
nux,Peanut,0x89bd2e7e388fab44ae88bef4e1ad12b4f1e0911c,success,2021-02-15,2025-12-02,1752,1753,
peanut,Peanut,0x4947b72fed037ade3365da050a9be5c063e605a7,success,2024-11-03,2025-12-02,395,395,
pnut,Peanut,0xe69ccaaaea33ebfe5b76e0dd373cd9a1a31fd410,success,2024-11-04,2025-12-02,393,394,
peas,Peapods Finance,0x02f92800f57bcd74066f5709f1daa1a4302df875,success,2023-12-17,2025-12-02,717,718,
pear,Pear Swap,0x5dcd6272c3cbb250823f0b7e6c618bce11b21f90,success,2023-05-18,2025-11-26,741,742,
gpectra,Pectra Giraffe,0xc7f380530c789f61dff8b022874e5185076cc1fb,success,2025-05-10,2025-12-02,207,208,
peepa,Peepa,0x88417754ff7062c10f4e3a4ab7e9f9d9cbda6023,success,2024-05-16,2025-12-01,553,554,
peepo,Peepo,0xaada04204e9e1099daf67cf3d5d137e84e41cf41,success,2023-04-26,2025-12-02,949,950,
pepo,Peepo,0xd1b89856d82f978d049116eba8b7f9df2f342ff3,success,2024-06-07,2025-12-02,543,544,
ppc,Peercoin,0x044d078f1c86508e13328842cc75ac021b272958,success,2013-04-28,2025-12-02,4594,4595,
peezy,Peezy,0xc9bd7011ee97a13dc07087e01499a769ab7e75b4,success,2024-05-27,2025-12-02,541,542,
peezy,Peezy,0x698b1d54e936b9f772b8f58447194bbc82ec1933,success,2024-12-14,2025-12-02,354,355,
peipei,PeiPei,0x3ffeea07a27fab7ad1df5297fa75e77a43cb5790,success,2024-06-07,2025-12-02,544,545,
pek,Pek,0x77781231850881cf48e6701ba9197fb954af1567,success,2025-09-11,2025-12-02,78,1537,
pell,Pell Network Token,0xc65d8d96cdddb31328186efa113a460b0af9ec63,success,2025-03-14,2025-12-02,264,265,
pendle,Pendle,0x808507121b80c02388fad14726482e061b8da827,success,2021-04-28,2025-12-02,1680,1681,
pnp,Penpie,0x7dedbce5a2e31e4c75f87fea60bf796c17718715,success,2023-06-22,2025-12-02,895,896,
pc,Pentagon Chain,0xa1aa371e450c5aee7fff259cbf5cca9384227272,success,2025-06-16,2025-11-29,100,101,
pen,Pentagon Games,0x5ee3188a3f8adee1d736edd4ae85000105c88f66,success,2024-12-20,2025-12-02,348,349,
pepa,Pepa ERC,0x577fee283e776eec29c9e4d258431982780a38a8,success,2023-04-19,2025-12-02,608,609,
pepe,Pepe,0x6982508145454ce325ddbe47a25d4ec3d2311933,success,2023-04-18,2025-12-02,960,961,
pepe,The Original Pepe,0x4dfae3690b93c47470b03036a17b23c1be05127c,success,2024-03-04,2025-12-02,605,605,
pepe2.0,Pepe 2.0,0x0305f515fa978cf87226cf8a9776d25bcfb2cc0b,success,2023-07-03,2025-12-02,884,885,
pepe,Pepe 2nd Chance,0x2fb3842189fc7a699d047d9e647474f27779331d,success,2024-06-05,2025-11-29,360,361,
pepe,PepeApuKekiusSimonPepuHoppyMysteryGroyperFefe6900,0x6a82b057425fb4396793bd163e6a7b87963efe83,success,2025-09-18,2025-09-23,6,95,
beef,PepeBull,0xbeef698bd78139829e540622d5863e723e8715f1,success,2024-06-20,2025-12-02,530,531,
pepecash,PEPECASH,0x3230d8e0ac4d6887cf3bddd57e9d8c1a06f33b62,success,2025-07-08,2025-12-02,140,140,
pc,Pepe Chain,0x4f311c430540db1d64e635eb55f969f1660b2016,success,2023-07-20,2025-12-02,548,548,
pepecoin,PepeCoin,0xa9e8acf069c58aec8825542845fd754e41a9489a,success,2023-05-09,2025-12-02,939,940,
ppdex,Pepedex,0xf1f508c7c9f0d1b15a76fba564eef2d956220cf7,success,2020-11-03,2025-11-30,1264,1265,
pepedoge,Pepe Doge,0xb8c55c80a1cb7394088a36c6b634dc2bf3c6fb67,success,2023-04-25,2025-11-30,740,741,
pepd,Pepe Dollar,0x8745a1eac4e22454fd5b9386995fae949221042e,success,1970-01-01,1970-01-01,1,1,
pepd,Pepe Dollar,0x70b5fa2c02a63b1a90d23bd8166fa81614b6d463,success,2025-09-11,2025-10-09,26,377,
pork,PepeFork,0xb9f599ce614feb2e1bbe58f180f370d05b39344e,success,2024-01-30,2025-12-02,673,674,
pepega,Pepega,0x9634bdb20bbab07bb52d279fa6e0c53ccc89c879,success,2024-05-27,2025-12-02,477,478,
pepeg,Pepe Girl,0x8bcbef61acd66537362f38167f11875134ffcd63,success,2023-04-20,2025-12-01,863,864,
pehem,Pepe Heimer,0x32e6d2e1eab694d55911aa378a48c5f5a53d85ae,success,2025-09-12,2025-10-12,31,596,
pew,pepe in a memes world,0x382ea807a61a418479318efd96f1efbc5c1f2c21,success,2024-05-28,2025-12-02,554,555,
ǝԁǝԁ,Pepe Inverted,0x69d29f1b0cc37d8d3b61583c99ad0ab926142069,success,2023-09-26,2025-12-02,730,731,
pepe,Pepe King Prawn,0x51a59a02ba906194285e81eb1f98ffa28e7cf4c9,success,2023-09-26,2025-11-23,552,553,
ppblz,Pepemon Pepeballs,0x4d2ee5dae46c86da2ff521f7657dad98834f97b8,success,2020-10-15,2025-12-01,1078,1079,
pepenode,PepeNode,0xf5e3479c876711a64f26838024875128d3b2c0ab,success,2025-09-09,2025-11-13,66,1454,
pom,Pepe on Memeland,0x5a7471876df6e7da32207ee4e50b0a61ff81e312,success,2025-09-09,2025-09-14,6,106,
snake,Pepe Predator,0x1032abe2902a23ddcbab085c20e0e69c33ceb8fa,success,2024-04-25,2025-12-02,456,457,
kek,Pepe Prophet,0xa6345ffadfa23dfc9014bce72ff2fa8712e54231,success,2023-09-26,2025-12-01,657,658,
zeus,Pepes Dog,0x0f7dc5d02cc1e1f5ee47854d534d332a1081ccc8,success,2025-05-23,2025-12-02,194,195,
pepestr,Pepe Strategy,0xa89f4ca08f729364f0e1ce657c4b6d5ea60e1f91,success,2025-10-02,2025-12-02,30,450,
pepeto,PEPETO,0x0fb1f1ef7eafc3d05b5fe4a0f1cd6a6852a8b6ed,success,2025-09-18,2025-11-29,54,975,
pepe,Pepe Community,0xbe042e9d09cb588331ff911c2b46fd833a3e5bd6,success,2023-08-29,2025-12-02,827,828,
pepu,Pepe Unchained [OLD],0xadd39272e83895e7d3f244f696b7a25635f34234,success,2024-12-12,2025-12-02,356,357,
pepu,Pepe Unchained,0x93aa0ccd1e5628d3a841c4dbdf602d9eb04085d6,success,2025-06-19,2025-12-02,167,168,
pepinu,Pepinu,0x68f108fb7141ffe36b832c5c225d9e7e474bd664,success,2024-03-16,2025-11-25,366,367,
honk,Pepoclown,0xd8e8438cf7beed13cfabc82f300fb6573962c9e3,success,2024-06-06,2025-12-02,545,546,
peppa,PEPPA,0xf4172630a656a47ece8616e75791290446fa41a0,success,2023-05-22,2025-12-01,556,557,
pepon,PepsiCo (Ondo Tokenized Stock),0x3ce219d498d807317f840f4cb0f03fa27dd65046,success,2025-09-02,2025-12-02,92,93,
pepx,PepsiCo xStock,0x36c424a6ec0e264b1616102ad63ed2ad7857413e,success,2025-07-29,2025-12-02,127,128,
pepurai,PEPURAI,0x9863bcc2fb23dfdf5fe275aa4c5575a32a580911,success,2023-09-13,2025-12-02,699,700,
pepy,Pepy coin,0xa1e349fac47e50b42cd323c4285ef4622b60a5e0,success,2024-04-12,2025-12-02,384,384,
percy,Percy Verence,0x4448726b23483927c492f09c1dbfdffd3967b452,success,2025-01-05,2025-11-29,314,315,
perc,Perion,0x60be1e1fe41c1370adaf5d8e66f07cf1c2df2268,success,2022-02-03,2025-11-29,1386,1387,
perl,PERL.eco,0xeca82185adce47f39c684352b0439f030f860318,success,2019-08-27,2025-12-02,2290,2291,
perp,Perpetual Protocol,0xbc396689893d065f41bc2c6ecbee5e0085233447,success,2020-09-09,2025-12-02,1911,1912,
perq,PERQ,0x2a414884a549ef5716bc1a4e648d3dc03f08b2cf,success,2024-12-06,2025-12-02,362,363,
jotchua,PERRO DINERO,0x808c16ace7404777fe24a6777a9cb2335aa82451,success,2024-03-04,2025-12-02,631,631,
xprt,Persistence One,0xd454b59f16d42667be2fa55292d16647e27f40c4,success,2021-04-01,2025-12-02,1707,1708,
pbron,Petrobras (Ondo Tokenized Stock),0xd08ddb436e731f32455fe302723ee0fd2e9e8706,success,2025-09-02,2025-12-02,83,84,
petrok,Petrok,0x8a4b65d4c6faf9d404f332a80634284c5b8c6f37,success,2025-09-05,2025-11-18,19,278,
pfeon,Pfizer (Ondo Tokenized Stock),0x06954faa913fa14c28eb1b2e459594f22f33f3de,success,2025-09-02,2025-12-02,90,91,
pfex,Pfizer xStock,0x1ac765b5bea23184802c7d2d497f7c33f1444a9e,success,2025-11-20,2025-12-02,11,204,
pha,PHALA,0x6c5ba91642f10282b576d91922ae6448c9d52f4e,success,2020-09-12,2025-12-02,1908,1909,
soul,Phantasma Phoenix,0x75858677e27c930fb622759feaffee2b754af07f,success,2018-05-28,2025-12-02,2746,2747,
phm,Phantom Protocol,0x3f9bec82c776c47405bcb38070d2395fd18f89d3,success,2021-09-08,2025-11-27,1393,1394,
pt,Phemex Token,0xbbb32f99e6f2cb29337eebaa43c5069386de6e6c,success,2023-12-01,2025-12-02,733,734,
phil,Phil,0xc328a59e7321747aebbc49fd28d1b32c1af8d3b2,success,2024-08-29,2025-12-03,462,462,
pmx,Philip Morris xStock,0x02a6c1789c3b4fdb1a7a3dfa39f90e5d3c94f4f9,success,2025-11-20,2025-12-02,11,184,
phx,PHOENIX,0xfe3f988a90dea3ee537bb43ec1aca7337a15d002,success,2024-12-19,2025-12-02,342,343,
phnx,PhoenixDAO,0x38a2fdc11f526ddd5a607c1f251c065f40fbf2f7,success,2020-05-28,2025-12-02,1753,1754,
pmw,Photon Milky Way,0x47b751e318fe7e9769f4b56fabbffb05d530a88c,success,1970-01-01,1970-01-01,1,1,
pht,PHT Stablecoin,0xbe370ad45d44eb45174c4ec60b88839fef32c077,success,2025-08-12,2025-12-03,101,101,
phunk,PHUNK Vault (NFTX),0xb39185e33e8c28e0bb3dbbce24da5dea6379ae91,success,2021-07-13,2025-12-02,1339,1339,
phtr,Phuture,0xe1fc4455f62a6e89476f1072530c20cf1a0622da,success,2021-06-04,2025-12-03,1642,1642,
pib,Pibble,0x1864ce27e9f7517047933caae530674e8c70b8a7,success,2018-08-01,2025-12-03,2682,2682,
pica,Picasso,0xbb63a9b64a80e9338b8ea298c51765e57c4f159c,success,2023-08-10,2025-12-02,846,847,
pinu,Piccolo Inu,0x3a1311b8c404629e38f61d566cefefed083b9670,success,2021-10-24,2025-11-29,1401,1402,
pickle,Pickle,0x6942016b8de9d18a5831eeda915e48b27cc8e23d,success,2024-07-02,2025-12-02,429,430,
pickle,Pickle Finance,0x429881672b9ae42b8eba0e26cd9c73711b891ca5,success,2020-09-11,2025-12-03,1910,1910,
pika,Pikaboss,0xa9d54f37ebb99f83b603cc95fc1a5f3907aaccfd,success,2023-10-02,2025-12-03,794,794,
pika,Pika,0x60f5672a271c7e39e787427a18353ba59a4a3578,success,2021-03-25,2025-12-02,1633,1634,
piku,Piku Utility Token,0x2e4039e8e31475d65dc00293c366fdbfbbc02dc3,success,1970-01-01,1970-01-01,1,1,
plr,Pillar,0xe3818504c1b32bf1557b16c238b2e01fd3149c17,success,2017-09-12,2025-12-03,3005,3006,
pillar,PillarFi,0x6a1d6a577b17b425f3437c8a7c2c4d3a161816d8,success,2025-01-21,2025-11-19,121,122,
pilso,PILSO OS,0x0de76c2e3f53f6f957cab29e2d0261846b702bc2,success,2025-06-29,2025-11-30,138,139,
pine,Pine,0x569424c5ee13884a193773fdc5d1c5f79c443a51,success,2023-02-09,2025-12-03,1029,1030,
papple,Pineapple,0x129e5915326ed86f831b0e035acda34b209633d5,success,2025-02-19,2025-12-03,288,289,
pineowl,Pineapple Owl,0x79c6ffe2ccbca761e9e289a69432bffb0b744876,success,2023-10-04,2025-11-15,519,520,
pin,PinLink,0x2e44f3f609ff5aa4819b323fd74690f07c3607c4,success,2024-11-14,2025-12-03,385,386,
pipi,Pipi on ETH,0x6977597bbbdcc453636bd67a161a96d85098f327,success,2024-06-11,2025-12-01,473,474,
pirate,PirateCash,0xb990d93c308a31c737aa91839e8ba8eaf4017d7a,success,2018-12-13,2025-12-03,2548,2549,
pirate,Pirate Nation Token,0x7613c48e0cd50e42dd9bf0f6c235063145f6f8dc,success,2024-06-13,2025-12-03,539,540,
pirb,PIRB,0x7ad16874759348f04b6b6119463d66c07ae54899,success,2023-09-08,2025-12-03,784,785,
pitchfxs,Pitch FXS,0x11ebe21e9d7bf541a18e1e3ac94939018ce88f0b,success,2022-12-07,2025-12-02,881,882,
pixel,Pixels,0x3429d03c6f7521aec737a0bbf2e5ddcef2c3ae31,success,2024-02-19,2025-12-03,654,655,
pixel,PixelVerse,0x65e6b60ea01668634d68d0513fe814679f925bad,success,2021-11-07,2025-12-03,1487,1488,
pixfi,Pixelverse,0xd795eb12034c2b77d787a22292c26fab5f5c70aa,success,2024-07-18,2025-12-03,504,505,
pizza,Pizza,0x3c1e2cce6af05d4adf0a9d40a64f1a3dbb47a7b0,success,2024-11-26,2025-11-26,313,314,
plx,Planet Labs xStock,0x536825370f1159cba953055f5c2f16ddc7b5a348,success,1970-01-01,1970-01-01,1,1,
mojo,Planet Mojo,0xed2d13a70acbd61074fc56bd0d0845e35f793e5e,success,2024-04-12,2025-12-03,598,599,
planet,Planet Token,0x2ad9addd0d97ec3cdba27f92bf6077893b76ab0b,success,2023-06-16,2025-12-03,902,903,
ppay,Plasma Finance,0x054d64b73d3d8a21af3d764efd76bcaa774f3bb2,success,2020-12-10,2025-12-03,1695,1696,
pth,PlasticHero,0x8ab98330473101309db94b625f9997366a518223,success,2023-11-07,2025-12-03,758,759,
play,PLAY,0x7404ac09adf614603d9c16a7ce85a1101f3514ba,success,2024-12-11,2025-12-03,358,359,
pc,Playable Coin,0x30303101104100c397c069e0642acac518420205,success,2024-07-26,2025-11-19,334,335,
pcnt,Playcent,0x657b83a0336561c8f64389a6f5ade675c04b0c3b,success,2021-03-11,2025-12-02,1713,1714,
pda,PlayDapp,0x0d3cbed3f69ee050668adf3d9ea57241cba33a2b,success,2021-03-10,2025-12-03,1730,1731,
$play,Playdoge,0x6551698ee65f5db726e49f9ab0ff1ce9419003a7,success,2024-08-30,2025-12-03,461,462,
ply,PlayNity,0x20d60c6eb195868d4643f2c9b0809e4de6cc003d,success,2021-12-12,2025-11-20,1264,1265,
nsfw,Pleasure Coin,0x8f006d1e1d9dc6c98996f50a4c810f17a47fbf19,success,2021-05-07,2025-12-03,1672,1673,
pleb,Plebbit,0xea81dab2e0ecbc6b5c4172de4c22b6ef6e55bd8f,success,2023-09-25,2025-11-29,758,759,
pleb,PLEB Token,0xe19f85c920b572ca48942315b06d6cac86585c87,success,2023-04-22,2025-12-03,883,883,
pleb,Plebz,0x740a5ac14d0096c81d331adc1611cf2fd28ae317,success,2024-03-18,2025-12-03,593,594,
pledge,Pledge,0x910812c44ed2a3b611e4b051d9d83a88d652e2dd,success,2024-12-08,2025-12-03,329,330,
plug,PL^Gnet,0x47da5456bc2e1ce391b645ce80f2e97192e4976a,success,2021-05-26,2025-12-03,1647,1648,
plot,PlotX,0x72f020f8f3e8fd9382705723cd26380f8d0c66bb,success,2020-10-14,2025-12-03,1877,1878,
plume,Plume,0x4c1746a800d224393fe2470c70a35717ed4ea5f1,success,2025-01-21,2025-12-03,317,318,
pusd,Plume USD,0xdddd73f5df1f0dc31373357beac77545dc5a6f3f,success,2025-05-08,2025-12-03,210,210,
plums,PLUMS,0x666cbfaa3baa2faccfac8854fea1e5db140fb104,success,2023-05-02,2025-11-26,524,525,
plur,PLURcoin,0xfcfcb729e45f7037362ba61f6dfbcdaefacfd55e,success,2025-07-13,2025-10-21,21,22,
plu,Pluton,0xd8912c10681d8b21fd3742244f44658dba12264e,success,2017-12-08,2025-12-03,2918,2919,
pnt,pNetwork,0x89ab32156e46f46d02ade3fecbe5fc4243b9aaed,success,2020-06-19,2025-12-03,1985,1986,
pochita,Pochita,0x92d001c60df1c2248ae9020bbac559331cefcdec,success,2024-10-13,2025-12-03,386,387,
pochita,Pochita on Ethereum,0x4e6221c07dae8d3460a46fa01779cf17fdd72ad8,success,2024-10-10,2025-12-03,416,417,
pokt,Pocket Network,0x764a726d9ced0433a8d7643335919deb03a9a935,success,2022-01-12,2025-12-03,1422,1423,
pofu,Pofu,0xae53d5bdc95e83e956a2f29771b18175abb8273f,success,2025-10-16,2025-12-02,44,970,
pxp,PointPay,0x15fa5d3dbd11a831b72b92c1705bc9f801e233cb,success,2024-04-16,2025-12-03,597,598,
points,Points,0xd7c1eb0fe4a30d3b2a846c04aa6300888f087a5f,success,2023-12-16,2025-11-26,541,542,
pkn,Poken,0xdf09a216fac5adc3e640db418c0b956076509503,success,2021-12-14,2025-12-03,1432,1433,
pola,Polaris Share,0xc691bc298a304d591ad9b352c7a8d216de9f2ced,success,2021-01-31,2025-12-03,1767,1768,
poli,Polinate,0xa1a36d3537bbe375cc9694795f663ddc8d516db9,success,2021-09-01,2025-12-02,1418,1419,
pbr,PolkaBridge,0x298d492e8c1d909d3f63bc4a36c66c64acb3d695,success,2021-01-23,2025-12-03,1752,1753,
polc,Polkacity,0xaa8330fb2b4d5d07abfe7a72262752a8505c6b37,success,2021-02-24,2025-12-03,1744,1745,
pdex,Polkadex,0xf59ae934f6fe444afc309586cc60a84a0f89aaea,success,2021-04-16,2025-12-03,1693,1694,
dot,Polkadot,0x196c20da81fbc324ecdf55501e95ce9f0bd84d14,success,2020-08-19,2025-12-03,1933,1933,
pkf,Red Kite,0x8b39b70e39aa811b69365398e0aace9bee238aeb,success,2021-03-17,2025-12-02,1709,1710,
polk,Polkamarkets,0xd478161c952357f05f0292b56012cd8457f1cfbf,success,2021-02-24,2025-12-03,1744,1745,
pets,PolkaPet World,0x6afcff9189e8ed3fcc1cffa184feb1276f6a82a5,success,2021-10-29,2025-12-03,1275,1276,
prare,Polkarare,0x2c2f7e7c5604d162d75641256b80f1bf6f4dc796,success,2021-05-11,2025-12-03,1667,1668,
pols,Polkastarter,0x83e6f1e41cdd28eaceb20cb649155049fac3d5aa,success,2020-09-29,2025-12-03,1892,1893,
pswap,Polkaswap,0x519c1001d550c0a1dae7d1fc220f7d14c2a521bb,success,2021-05-14,2025-12-03,1665,1666,
pmon,Protocol Monsters,0x1796ae0b0fa4862485106a0de9b654efe301d0b2,success,2021-04-01,2025-12-03,1708,1709,
pgen,Polygen,0xf6719e1a8fcbb1b9c290019e37e004966a8916c9,success,2021-12-12,2025-12-03,1136,1137,
pol,POL (ex-MATIC),0x455e53cbb86018ac2b8092fdcd39d8444affc3f6,success,2023-10-25,2025-12-03,771,772,
zkj,Polyhedra Network,0xc71b5f631354be6853efe9c3ab6b9590f8302e81,success,2024-03-19,2025-12-03,625,626,
poly,Polymath,0x9992ec3cf6a55b00978cddf2b27bc6882d88d1ec,success,2018-02-09,2025-12-03,2855,2856,
nct,PolySwarm,0x9e46a38f5daabe8683e10793b06749eef7d733d1,success,2018-04-07,2025-12-03,2798,2799,
trade,Polytrade,0x6e5970dbd6fc7eb1f29c6d2edf2bc4c36124c0c1,success,2021-08-19,2025-12-03,1568,1569,
pndc,PondCoin,0x423f4e6138e475d85cf7ea071ac92097ed631eea,success,2023-08-08,2025-12-03,849,850,
pongo,Pongo,0x7c68e725b0b2ffcba8947fded4198c3d1db041e6,success,2024-05-03,2025-12-03,580,581,
toon,Pontoon,0xaee433adebe0fbb88daa47ef0c1a513caa52ef02,success,2021-10-29,2025-12-03,1492,1493,
poodl,Poodl Inu,0x4b7c762af92dbd917d159eb282b85aa13e955739,success,2024-04-16,2025-12-02,569,570,
pooh,POOH,0xb69753c06bb5c366be51e73bfc0cc2e3dc07e371,success,2023-05-05,2025-12-03,944,945,
pool,PoolTogether,0x0cec1a9154ff802e7934fc916ed7ca50bde6844e,success,2021-02-17,2025-12-03,1748,1749,
popg,POPG,0xdac070102b0cfde1493026454c9c608924f6db71,success,2025-03-07,2025-12-03,213,214,
popo,POPO,0x195be8ee12aa1591902c4232b5b25017a9cbbdea,success,2024-05-22,2025-12-03,410,411,
poppy,Poppy,0xca4f53e6117623992126a9a45ce61682fe8678df,success,2025-01-08,2025-12-01,293,294,
ppt,Populous,0xd4fa1460f537bb9085d22c7bccb5dd450ef28e3a,success,2017-07-13,2025-12-03,3064,3065,
portal,Portal,0x1bbe973bef3a977fc51cbed703e8ffdefe001fed,success,2024-02-29,2025-12-03,644,645,
ptb,Portal to Bitcoin,0x30a25cc9c9eade4d4d9e9349be6e68c3411367d3,success,2025-09-03,2025-12-03,92,2173,
psm,Possum,0xcb69b067d9d8d6dd1209fe4557c43586e54f9045,success,2023-12-13,2025-12-03,722,723,
powr,Powerledger,0x595832f8fc6bf59c85c527fec3740a1b7a361269,success,2017-11-08,2025-12-03,2948,2949,
power,Powerloom,0x429f0d8233e517f9acf6f0c8293bf35804063a83,success,2025-01-10,2025-12-03,328,329,
ptf,PowerTrade Fuel,0xc57d533c50bc22247d49a368880fb49a1caa39f7,success,2020-09-24,2025-12-03,1897,1898,
prxs,Praxis,0x9f49034409ae6813d2c70ae5117fd23cdff2d190,success,2025-08-29,2025-12-03,97,98,
prcy,PRivaCY Coin,0xdfc3829b127761a3218bfcee7fc92e1232c9d116,success,2021-03-02,2025-12-03,1738,1739,
rain,Precipitate.ai,0xe3944ab788a60ca266f1eec3c26925b95f6370ad,success,2023-12-08,2025-12-03,727,728,
preai,Predict Crypto,0xabd0e3535ecfbf6959b1798220335faf1b7ada3a,success,2024-04-26,2025-11-30,416,417,
premia,Premia,0x6399c842dd2be3de30bf99bc7d1bbf6fa3650e70,success,2021-02-15,2025-12-03,1753,1754,
prtg,Pre-Retogeum,0xbd04ccc050058a6a422851fa6c0f92bb65eb06ca,success,2022-09-22,2025-12-03,1112,1113,
pre,Presearch,0xec213f83defb583af3a000b1c0ada660b1902a0f,success,2017-12-07,2025-12-03,2909,2910,
prdx,Pridexa,0x92b7c1c801ca615aa845238d5fe4e50712358fa7,success,2025-07-11,2025-11-25,56,57,
primal,PRIMAL,0xdd13dedecebda566322195bc4451d672a148752c,success,2022-12-09,2025-12-03,1091,1092,
primate,Primate,0x46e98ffe40e408ba6412beb670507e083c8b95ff,success,2022-04-27,2025-12-03,1277,1278,
d2d,Prime,0x43d4a3cd90ddd2f8f4f693170c9c8098163502ad,success,2021-12-15,2025-12-03,1024,1025,
prfi,Prime Numbers Labs,0x7bbcf1b600565ae023a1806ef637af4739de3255,success,2025-04-25,2025-12-03,221,222,
pmx,Primex Finance,0x0b3eaead748facdb9d943d3407011f16eb17d0cf,success,2025-02-01,2025-12-03,306,307,
prisma,Prisma Governance Token,0xda47862a83dac0c112ba89c6abc2159b95afd71c,success,2023-11-02,2025-12-03,763,764,
prsai,Prism AI,0xdbbbb379a5df5815384182fe3822d1a145b7416c,success,2025-07-19,2025-11-28,61,62,
mkusd,Prisma mkUSD,0x4591dbff62656e7859afe5e45f6f47d3669fbb28,success,2023-09-01,2025-12-03,824,825,
privix,Privix,0xb1205f513c0f157363f79ffb5455907685ab34ce,success,2025-09-20,2025-12-03,75,1715,
pgon,Procter & Gamble (Ondo Tokenized Stock),0x339ce23a355ed6d513dd3e1462975c4ecd86823a,success,2025-09-02,2025-12-03,87,88,
pgx,Procter & Gamble xStock,0xa90424d5d3e770e8644103ab503ed775dd1318fd,success,2025-07-30,2025-12-03,127,128,
pro,Prodigy Bot,0xbd7e92cf6f857be8541fca6abfb72aef8e16c307,success,2023-08-04,2025-12-03,752,753,
profit,PROFIT AI,0xeb3127a8f1aa9ae9c9ef2459657c3f4fa1f192de,success,2025-06-15,2025-12-03,168,169,
project89,Project 89,0x6907ad44fa86ffb35a7e078e8b58638e69398cbb,success,2025-09-09,2025-10-08,9,142,
aeon,Project AEON,0x871b7c4ec80cace3372016c30be62d8bc28bf65b,success,2025-08-14,2025-12-02,108,109,
dojo,Project Dojo,0x34bc13de8e5124a7c47d4b7ff7c5ade6ee34faba,success,2023-11-24,2025-12-03,548,549,
gal,GAL (migrated to Gravity - G),0x5faa989af96af85384b8a938c2ede4a7378d9875,success,2022-05-05,2025-12-03,1309,1310,
rocket,Project Rocket,0xe6d07e1a7c9f8f9826aa82e6faf7feab698dd4fe,success,2025-05-28,2025-12-02,175,176,
gxe,PROJECT XENO,0x510975eda48a97e0ca228dd04d1217292487bea6,success,2023-04-11,2025-12-03,968,969,
prom,Prom,0xfc82bb4ba86045af6f327323a46e80412b91b27d,success,2019-06-29,2025-12-03,2350,2351,
promptide,PromptIDE,0xf3e66b03d098d0482be9cb3d6999787231a93ed9,success,2023-11-06,2025-12-03,604,605,
pop,Proof of Pepe Art,0x7f75aa2274273f4d41267a0e2cd6c9b96c5b7510,success,2024-06-12,2025-12-02,273,274,
proof,PROOF Platform,0x9b4a69de6ca0defdd02c0c4ce6cb84de5202944e,success,2023-10-26,2025-12-03,765,766,
propc,Propchain,0x9ff58067bd8d239000010c154c6983a325df138e,success,2023-05-19,2025-12-03,930,931,
pel,Propel,0xa75e7928d3de682e3f44da60c26f33117c4e6c5c,success,2021-12-07,2025-11-26,1247,1248,
propht,Prophet,0x0138f5e99cfdffbacf36e543800c19ef16fa294b,success,2024-11-27,2025-12-03,191,192,
prophet,Prophet of Ethereum,0x3fa55eb91be2c5d72890da11a4c0269e7f786555,success,2024-09-04,2025-12-03,456,457,
pro,Propy,0x226bb599a12c826476e3a771454697ea52e9e220,success,2017-10-29,2025-12-03,2958,2959,
pros,Prospective,0xbe1936a67f503e0eaf2434b0cf9f4e3d7100008a,success,2025-08-29,2025-12-03,97,98,
pros,Prosper [OLD],0x8642a849d0dcb7a15a974794668adcfbe4794b56,success,2021-01-15,2025-12-03,1784,1785,
pros,Prosper,0x915424ac489433130d92b04096f3b96c82e92a9d,success,2025-02-04,2025-12-03,303,304,
kol,ProtoKOLs,0xd888a5460fffa4b14340dd9fe2710cbabd520659,success,2024-10-22,2025-12-03,406,407,
xpr,XPR Network,0xd7efb00d12c2c13131fd319336fdf952525da2af,success,2020-04-07,2025-12-03,2067,2067,
pstake,pSTAKE Finance,0xfb5c6815ca3ac72ce9f5006869ae67f18bf77006,success,2022-02-24,2025-12-03,1379,1379,
ybtc,pSTAKE Staked Bitcoin,0x4b6d20acfc764ef6b60f0339e7cbad83284e7d6e,success,1970-01-01,1970-01-01,1,1,
psy,PsyDAO,0x2196b84eace74867b73fb003aff93c11fce1d47a,success,2024-12-02,2025-12-03,367,368,
psyop,PSYOP,0x3007083eaa95497cd6b2b809fb97b6a30bdf53d3,success,2023-05-22,2025-12-03,894,895,
pbtc,pTokens BTC [OLD],0x5228a22e72ccc52d415ecfd199f99d0665e7733b,success,2020-03-12,2025-12-03,2051,2052,
ore,ORE Network,0x4f640f2529ee0cf119a2881485845fa8e61a782a,success,2021-10-15,2025-12-03,1509,1510,
mint,Public Mint,0x0cdf9acd87e940837ff21bb40c9fd55f68bba059,success,2021-02-26,2025-11-28,1568,1569,
pengu,Pudgy Penguins,0x6418c0dd099a9fda397c766304cdd918233e8847,success,2024-12-17,2025-12-03,352,353,
pudgystr,PudgyStrategy,0xb3d6e9e142a785ea8a4f0050fee73bcc3438c5c5,success,2025-09-22,2025-12-03,73,1722,
pufeth,pufETH,0xd9a442856c234a39a81a089c06451ebaa4306a72,success,2024-02-12,2025-12-03,661,661,
puffer,Puffer,0x4d1c297d39c5c1277964d0e3f8aa901493664530,success,2024-10-14,2025-12-03,416,417,
puff,Puff The Dragon,0x31b6100f5f4466e6daeb1edb2f2ce6e548cf8938,success,2024-03-12,2025-12-03,632,633,
pfvs,Puffverse,0x3157874a7508fcf972379d24590c6806522b784f,success,2025-05-27,2025-12-03,191,192,
puge,Puge,0x2d3a55be8267effc7c6f41035b3d8d71f3a9c1af,success,2025-07-06,2025-12-03,151,152,
plx,Pullix,0x1cc7047e15825f639e0752eb1b89e4225f5327f2,success,2024-03-14,2025-12-03,629,630,
plsb,PulseBitcoin,0x5ee84583f67d5ecea5420dbb42b462896e7f8d06,success,2023-01-11,2025-12-03,1056,1057,
pulse,PulseMarkets,0x52a047ee205701895ee06a375492490ec9c597ce,success,2021-10-14,2025-12-03,1476,1477,
pma,PumaPay,0x846c66cf71c43f80403b51fe3906b3599d63336f,success,2018-08-10,2025-11-26,2413,2414,
pumlx,PUMLx,0x8c088775e4139af116ac1fa6f281bbf71e8c1c73,success,2022-10-07,2025-12-03,1097,1098,
pumpbtc,pumpBTC,0xf469fbd2abcd6b9de8e169d128226c0fc90a012e,success,2024-07-17,2025-11-30,493,494,
pumpkin,Pumpkinhead,0x8a80b082df7bd96677ab7a0498836cbfb0e1465b,success,2025-10-09,2025-12-02,55,1164,
pundiai,Pundi AI,0x075f23b9cdfce2cc0ca466f4ee6cb4bd29d83bef,success,2025-02-26,2025-12-03,278,279,
npxs,Pundi X [OLD],0xa15c7ebe1f07caf6bff097d8a589fb8ac49ae5b3,success,2018-03-24,2025-12-03,2762,2762,
pundix,Pundi X,0x0fd10b9899882a6f2fcb5c371e17e70fdee00c38,success,2021-03-30,2025-12-03,1710,1711,
purse,Pundi X PURSE,0x95987b0cdc7f65d989a30b3b7132a38388c548eb,success,2021-11-15,2025-12-03,1480,1481,
punk,PunkCity,0xaf6a1125d4cc55a4110dc63cd2ff6e005afb8676,success,2023-08-14,2025-12-03,843,844,
past,Punk Auction,0x38778e6d4d0dbe9becef3ae8b938570209efa48b,success,2025-10-06,2025-12-03,59,1259,
pnkstr,PunkStrategy,0xc50673edb3a7b94e8cad8a7d4e0cd68864e33edf,success,2025-09-15,2025-12-03,80,1882,
punk,Punk Vault (NFTX),0x269616d549d7e8eaa82dfb17028d0b212d11232a,success,2021-07-12,2025-12-03,1558,1559,
ufi,PureFi,0xcda4e840411c00a614ad9205caec807c7458a0e3,success,2021-07-27,2025-12-03,1591,1592,
pai,Purple AI,0xa0cc4428fbb652c396f28dce8868b8743742a71c,success,2024-01-03,2025-12-03,642,643,
pussy,Pussy Financial,0x9196e18bc349b1f64bc08784eae259525329a1ad,success,2021-05-04,2025-12-03,1635,1636,
qace,Qace Dynamics,0x696025fab2f3e2ade78e57a3f553e993d2996615,success,2025-09-17,2025-12-03,78,1831,
qanx,QANplatform,0xaaa9214f675316182eaa21c85f0ca99160cc3aaa,success,2021-06-03,2025-12-03,1601,1602,
qwla,Qawalla,0x1d96fd43ee07aa79f8fd003cbdf404fb5ce41ad2,success,2021-05-05,2025-12-03,1674,1675,
qbx,QBX,0x72fdc31f4a9a1edf6b6132d3c1754f1cdcf5d9b1,success,2024-12-14,2025-12-03,355,356,
qi,Qi Dao,0x559b7bfc48a5274754b08819f75c5f27af53d53b,success,2021-06-04,2025-12-03,1565,1566,
qlix,QLix,0x0a907b0bbff60702b29a36b19718d99253cfbd9f,success,2024-05-13,2025-11-26,524,525,
qmall,Qmall,0x2217e5921b7edfb4bb193a6228459974010d2198,success,2022-02-15,2025-12-03,1388,1389,
qorpo,QORPO WORLD,0x22514ffb0d7232a56f0c24090e7b68f179faa940,success,2024-02-29,2025-12-03,644,645,
q*,QSTAR,0x9abfc0f085c82ec1be31d30843965fcc63053ffe,success,2023-11-25,2025-12-03,740,741,
qto,Qtoken,0xea01906843ea8d910658a2c485ffce7c104ab2b6,success,2022-06-17,2025-12-03,1177,1178,
qu3,QU3ai,0x8cf5f383fd3a5a730813c61371f90b6ecddf2d3e,success,2025-05-11,2025-12-03,207,208,
q,Quack AI,0xc07e1300dc138601fa6b0b59f8d0fa477e690589,success,2025-09-02,2025-12-03,93,94,
quad,Quad Terminal,0xab2a7b5876d707e0126b3a75ef7781c77c8877ee,success,2022-03-21,2025-12-03,1050,1051,
equad,Quadrant Protocol,0xc28e931814725bbeb9e670676fabbcb694fe7df2,success,2018-11-23,2025-12-03,2401,2402,
qcomon,Qualcomm (Ondo Tokenized Stock),0xe3419710c1f77d44b4dab02316d3f048818c4e59,success,2025-09-02,2025-12-03,79,80,
quant,QUANT,0xd692cb29aa3958a7f5c583323be2990903a57977,success,2024-10-19,2025-12-02,283,284,
qai,QuantaAI,0x123fb3dfa7d082291d822ceedaabe3aa0c3f7758,success,2025-01-06,2025-12-03,251,252,
qai,QuantixAI,0xcb21311d3b91b5324f6c11b4f5a656fcacbff122,success,2024-03-18,2025-12-03,625,626,
qlk,Quantlink,0xe226b7ae83a44bb98f67bea28c4ad73b0925c49e,success,2025-08-22,2025-11-18,65,66,
qnt,Quant,0x4a220e6096b25eadb88358cb44068a3248254675,success,2018-06-30,2025-12-03,2714,2714,
qns,QuantoSwap,0x37a2f8701856a78de92dbe35df2200c355eae090,success,1970-01-01,1970-01-01,1,1,
eurq,Quantoz EURQ,0x8df723295214ea6f21026eeeb4382d475f146f9f,success,2024-11-21,2025-12-03,378,379,
usdq,Quantoz USDQ,0xc83e27f270cce0a3a3a29521173a83f402c1768b,success,2024-11-21,2025-12-03,378,379,
qbio,Quantum Biology DAO,0x3e6a1b21bd267677fa49be6425aebe2fc0f89bde,success,2025-01-19,2025-12-03,319,320,
$qtdao,Quantum DAO,0x26869045311fc5e5353eadcfa654cd47ddc20356,success,2024-07-26,2025-11-25,297,298,
qf,Quantum Fusion,0x6019dcb2d0b3e0d1d8b0ce8d16191b3a4f93703d,success,2024-06-23,2025-12-03,529,529,
quantz,Quantz,0x738c3acec1a7002d7574b73e43319f86603dcfd6,success,2025-07-07,2025-10-31,50,51,
qkc,QuarkChain,0xea26c4ac16d4a5a106820bc8aee85fd0b7b2b664,success,2018-06-05,2025-12-03,2739,2740,
qua,Quasacoin,0x4daeb4a06f70f4b1a5c329115731fe4b89c0b227,success,2021-12-26,2025-12-03,1424,1425,
qbit,Qubit,0xb17be9a85d1e04d1aa6ea4b83c0bb6a2030c261f,success,2025-06-28,2025-12-03,159,160,
quick,Quickswap [OLD],0x6c28aef8977c9b773996d0e8376d2ee379446f2f,success,2021-02-15,2025-12-03,1732,1733,
qkntl,Quick Intel,0xbcd4d5ac29e06e4973a1ddcd782cd035d04bc0b7,success,2023-03-28,2025-12-03,973,974,
quick,Quickswap,0xd2ba23de8a19316a638dc1e7a9adda1d74233368,success,2022-05-04,2025-12-03,1310,1311,
qs,Quick Sync,0xebfa41da8978bb4554ef119c403e6cdb2e63aed3,success,2025-02-28,2025-12-03,279,280,
qdx,Quidax,0x1780933e83b09371cf716f3630fe5a422a66a39e,success,2021-06-02,2025-12-03,1545,1546,
quidd,Quidd,0xda9fdab21bc4a5811134a6e0ba6ca06624e67c07,success,2021-11-19,2025-11-16,1376,1377,
qrx,QuiverX,0x6e0dade58d2d89ebbe7afc384e3e4f15b70b14d8,success,2020-10-24,2025-12-03,1691,1692,
1r0r,R0AR Token,0xb0415d55f2c87b7f99285848bd341c367feac1ea,success,2025-05-30,2025-12-03,188,189,
r34p,R34P,0xcaeaf8381d4b20b43afa42061d6f80319a8881f6,success,2020-12-16,2025-12-02,1540,1541,
rbx,RabbitX,0x3ba925fdeae6b46d0bb4d424d829982cb2f7309e,success,2023-05-02,2025-11-28,923,924,
rada,RADA Foundation,0x7aa2f174fbc4d0a17b34adfb9b3e1dc029b46d76,success,2023-09-08,2025-11-08,669,670,
radar,Radar,0xf9fbe825bfb2bf3e387af0dc18cac8d87f29dea8,success,2021-02-09,2025-12-03,1560,1561,
rdnt,Radiant Capital,0x137ddb47ee24eaa998a535ab00378d6bfa84f893,success,2022-07-26,2025-12-03,1227,1228,
rad,Radworks,0x31c8eacbffdd875c74b94b077895bd78cf1e64a3,success,2021-02-25,2025-12-03,1743,1744,
raca,Radio Caca,0x12bb890508c125661e03b09ec06e404bc9289040,success,2021-08-20,2025-12-03,1567,1568,
radio,RadioShack,0x7a5d3a9dcd33cb8d527f7b5f96eb4fef43d55636,success,2022-04-29,2025-12-03,1281,1282,
rage,Rage.Fan,0x94804dc4948184ffd7355f62ccbb221c9765886f,success,2021-03-31,2025-12-03,1709,1710,
dogecoin,RagingElonMarsCoin,0xf257a2783f6633a149b5966e32432b5bb3462c96,success,2023-08-25,2025-12-01,618,619,
rai,Rai Reflex Index,0x03ab458634910aad20ef5f1c8ee96f1d6ac54919,success,2021-02-17,2025-12-03,1750,1751,
sharx,RaidSharksBot,0x64d3c2817a22b78cacabe4baa2525065ebdf4012,success,2024-03-14,2025-11-27,534,535,
raid,Raid,0x154e35c2b0024b3e079c5c5e4fc31c979c189ccb,success,2021-09-03,2025-12-03,1512,1513,
sofi,RAI Finance,0xb49fa25978abf9a248b8212ab4b87277682301c0,success,2021-04-07,2025-11-11,1680,1681,
rail,Railgun,0xe76c6c83af64e4c60245d8c7de953df673a7a33d,success,2021-07-03,2025-12-03,1615,1616,
rainbow,Rainbow,0xe657d49abae3ea21618bb481f1dab4322855f60e,success,2024-07-31,2025-11-26,299,300,
$raini,Raini,0xeb953eda0dc65e3246f43dc8fa13f35623bdd5ed,success,2021-03-23,2025-12-03,1682,1683,
rst,Raini Studios Token,0xbe03e60757f21f4b6fc8f16676ad9d5b1002e512,success,2023-11-27,2025-12-03,738,739,
rain,Rainmaker Games,0x71fc1f555a39e0b698653ab0b475488ec3c34d57,success,2021-12-21,2025-12-03,1444,1445,
yvrai,RAI yVault,0x873fb544277fd7b977b196a826459a69e27ea4ea,success,2023-01-20,2025-12-03,1049,1050,
rly,Rally,0xf1f955016ecbcd7321c7266bccfb96c68ea5e49b,success,2020-10-18,2025-12-03,1873,1874,
rally,RALLY,0x19640000000ba88d36206beb10d0e86011c8d08c,success,2025-06-24,2025-12-03,163,164,
ramp,RAMP [OLD],0x33d0568941c0c64ff7e0fb4fba0b11bd37deed9f,success,2020-10-20,2025-12-03,1870,1871,
rdx,RandomDEX,0xf222b0e892f419c35e61892cddf0a8ec190c4b9d,success,2024-12-15,2025-12-03,293,294,
rari,RARI,0xfca59cd816ab1ead66534d82bc21e7515ce441cf,success,2020-07-17,2025-12-03,1966,1967,
rgt,Rari Governance,0xd291e7a03283640fdc51b121ac401383a46cc623,success,2020-10-22,2025-12-03,1864,1865,
rasto,Rastopyry,0x5408d3883ec28c2de205064ae9690142b035fed2,success,2024-06-30,2025-12-02,498,499,
rato,Rato The Rat,0xf816507e690f5aa4e29d164885eb5fa7a5627860,success,2025-05-09,2025-12-03,209,210,
rave,RaveDAO,0x17205fab260a7a6383a81452ce6315a39370db97,success,1970-01-01,1970-01-01,1,1,
quest,RavenQuest,0x1fc122fe8b6fa6b8598799baf687539b5d3b2783,success,2025-04-02,2025-12-03,246,247,
raven,Ravenra,0xab9e60754e27099b93f8e59b50d2238047f1a38c,success,2025-09-15,2025-11-25,29,428,
rls,Rayls,0xb5f7b021a78f470d31d762c1dda05ea549904fbd,success,2025-12-01,2025-12-03,3,37,
razor,Razor Network,0x50de6856358cc35f3a9a57eaaa34bd4cb707d2cd,success,2021-02-04,2025-12-03,1764,1765,
rbx,RBX,0x8254e26e453eb5abd29b3c37ac9e8da32e5d3299,success,2021-10-21,2025-11-30,1266,1267,
rch,RCH Token,0x57b96d4af698605563a4653d882635da59bf11af,success,2024-06-10,2025-12-03,542,543,
re7cbbtc,Re7 cbBTC,0xa02f5e93f783baf150aa1f8b341ae90fe0a772f7,success,2025-02-14,2025-12-03,293,294,
re7frax,Re7 FRAX,0xbe40491f3261fd42724f1aeb465796eb11c06ddf,success,2024-12-18,2025-12-03,351,352,
re7tbtc,Re7 tBTC,0x43fd147d5319b8cf39a6e57143684efca9cf3613,success,2024-12-16,2025-12-03,353,354,
re7usda,Re7 USDA,0x89d80f5e9bc88d8021b352064ae73f0eaf79ebd8,success,1970-01-01,1970-01-01,1,1,
re7usdc,Re7 USDC,0x60d715515d4411f7f43e4206dc5d4a3677f0ec78,success,2024-12-16,2025-12-03,353,354,
re7usdt,Re7 USDT Morpho Vault,0x95eef579155cd2c5510f312c8fa39208c3be01a8,success,2025-01-21,2025-12-03,317,318,
re7wbtc,Re7 WBTC Morpho Vault,0xe0c98605f279e4d7946d25b75869c69802823763,success,2024-11-28,2025-12-03,371,372,
re7weth,Re7 WETH Morpho Vault,0x78fc2c2ed1a4cdb5402365934ae5648adad094d0,success,1970-01-01,1970-01-01,1,1,
$reach,Reach,0x8b12bd54ca9b2311960057c8f3c88013e79316e3,success,2023-12-19,2025-12-03,689,690,
react,Reactive Network,0x817162975186d4d53dbf5a7377dd45376e2d2fc5,success,2025-03-05,2025-12-03,274,275,
rtf,Ready to Fight,0xa89e2871a850e0e6fd8f0018ec1fc62fa75440d4,success,2024-04-24,2025-12-03,589,590,
rkr,Reaktor,0xb970e14df2161c0a2f32eba35901f2446581b482,success,2023-12-01,2025-11-19,665,666,
fevr,RealFevr,0x9fb83c0635de2e815fd1c21b3a292277540c2e8d,success,2021-07-16,2025-12-03,1567,1567,
rio,Realio Network Token,0x94a8b4ee5cd64c79d0ee816f467ea73009f51aa0,success,2020-09-16,2025-12-03,1905,1906,
rmv,Reality Metaverse,0x423352f2c6e0e72422b69af03aba259310146d90,success,2023-04-13,2025-12-03,966,967,
rsp,Reality Spiral,0x90e3532cf06d567ef7e6385be532311f10c30096,success,2024-12-18,2025-12-03,351,352,
realm,Realm,0x464fdb8affc9bac185a7393fd4298137866dcfb8,success,2021-09-15,2025-12-03,1535,1536,
smurfcat,Real Smurf Cat,0xff836a5821e69066c87e268bc51b849fab94240c,success,2023-09-15,2025-12-03,811,812,
reg,RealToken Ecosystem Governance,0x0aa1e96d2a46ec6beb2923de1e61addf5f5f1dce,success,2024-05-13,2025-12-03,570,571,
btrfly,Redacted,0xc55126051b22ebb829d00368f4b12bde432de5da,success,2022-08-09,2025-12-01,1187,1188,
rdo,Reddio,0x57240c3e140f98abe315ca8e0213c7a77f34a334,success,2025-05-29,2025-12-03,189,190,
reddit,Reddit,0x86eab36585eddb7a949a0b4771ba733d942a8aa7,success,2023-06-21,2025-12-03,846,847,
rddton,Reddit (Ondo Tokenized Stock),0xa9431d354cfad3c6b76e50f0e73b43d48be80cd0,success,2025-09-02,2025-12-03,86,87,
rfox,RFOX,0xa1d6df714f91debf4e0802a542e13067f31b8262,success,2020-10-27,2025-12-03,1864,1865,
rpill,Red Pill,0x43fe2b0c5485c10e772a1843e32a7642ace5b88c,success,2023-12-22,2025-12-03,697,698,
red,RedStone,0xc43c6bfeda065fe2c4c11765bf838789bd0bb5de,success,2025-03-06,2025-12-03,273,274,
red,RED TOKEN,0xc744df3419a8c9bd4d6b9852a503eb1c5308a326,success,2022-09-03,2025-11-30,1065,1066,
ree,REECOIN,0x4e6415bac66d5c66efeb0ded7494ae3c648d68cf,success,2024-11-29,2025-12-03,142,143,
reef,Reef,0xfe3e6a25e6b192a42a44ecddcd13796471735acf,success,2020-12-29,2025-12-03,1801,1802,
rfr,Refereum,0xd0929d411954c47438dc1d871dd6081f5c5e149c,success,2018-03-28,2025-12-03,2808,2809,
rfx,Reflex,0x159a1dfae19057de57dfffcbb3da1ae784678965,success,2020-12-21,2025-11-27,1642,1643,
flx,Reflexer Ungovernance,0x6243d8cea23066d098a15582d81a598b4e8391f4,success,2021-04-15,2025-12-03,1692,1693,
rfrm,Reform DAO,0xea3eed8616877f5d3c4aebf5a799f2e8d6de9a5e,success,2024-08-29,2025-12-03,462,463,
rfd,Refund,0x955d5c14c8d4944da1ea7836bd44d54a8ec35ba1,success,2023-05-22,2025-12-03,927,928,
regen,Regentics,0x775e8647b21606a21ee7f4a1efa1fc9be515666b,success,2025-06-27,2025-12-01,68,69,
renc,RegularEverydayNormalCoin,0x44e22c1b859a3f613276a0ff28af1a4d1a3b5c5e,success,2025-08-15,2025-12-03,64,65,
rjv,Rejuve.AI,0xa1f410f13b6007fca76833ee7eb58478d47bc5ef,success,2023-03-16,2025-12-03,994,995,
rekt,Rekt,0xdd3b11ef34cd511a2da159034a05fcb94d806686,success,2024-11-22,2025-12-03,377,378,
rektstr,RektStrategy,0xb40ede070d9d9f37e32a106b04b29e20ef6ee26e,success,2025-11-02,2025-12-03,32,721,
rel,Relation Native Token,0xe45dfc26215312edc131e34ea9299fbca53275ca,success,2023-06-13,2025-12-03,782,783,
reusdc,Relend USDC,0x0f359fd18bda75e9c49bc027e7da59a4b01bf32a,success,2024-12-16,2025-12-03,353,354,
rena,RENA Finance,0x56de8bc61346321d4f2211e3ac3c0a7f00db9b76,success,2021-05-20,2025-12-03,1487,1488,
renbtc,renBTC,0xeb4c2781e4eba804ce9a9803c67d0893436bb27d,success,2020-06-08,2025-12-03,2005,2006,
renq,Renq Finance,0xff8c479134a18918059493243943150776cf8cf2,success,2023-05-26,2025-12-03,923,924,
renta,Renta Network,0x792905a8b7c0a22d56e78e849f95c162018a4e2d,success,2025-04-02,2025-12-03,246,247,
berry,Rentberry,0x6aeb95f06cda84ca345c2de0f3b7f96923a44f4c,success,2018-04-08,2025-12-01,2518,2519,
rnb,Rentible,0x20a62aca58526836165ca53fe67dd884288c8abf,success,2021-05-03,2025-11-30,1402,1403,
rez,Renzo,0x3b50805453023a91a8bf641e279401a0b23fa6f9,success,2024-04-30,2025-12-03,583,584,
ezeth,Renzo Restaked ETH,0xbf5495efe5db9ce00f80364c8b423567e58d2110,success,2024-01-25,2025-12-03,679,680,
pzeth,Renzo Restaked LST,0x8c9532a60e0e7c6bbd2b2c1303f63ace1c3e9811,success,2024-07-10,2025-12-03,512,513,
ezbtc,Renzo Restaked WBTC,0xedd5c6f4526ea6fdea31e56d206e94e966257b70,success,1970-01-01,1970-01-01,1,1,
rai,Reploy,0xc575bd129848ce06a460a19466c30e1d0328f52c,success,2024-12-24,2025-12-03,345,346,
repx,RepoSwap,0x3261902514414a131202e792a5ef763db795e639,success,1970-01-01,1970-01-01,1,1,
reusd,Re Protocol reUSD,0x5086bf358635b81d8c47c66d1c8b9e567db70c72,success,2025-06-18,2025-12-03,159,160,
reusde,Re Protocol reUSDe,0xddc0f880ff6e4e22e4b74632fbb43ce4df6ccc5a,success,2025-04-14,2025-12-03,176,177,
ren,Ren,0x408e41876cccdc0f92210600ef50372656052a38,success,2018-03-02,2025-12-03,2834,2835,
rpk,RepubliK,0x313cae7ad4454aac7b208c1f089da2b0e5825e46,success,2023-11-14,2025-11-29,747,748,
req,Request,0x8f8221afbb33998d8584a2b05749ba73c37a938a,success,2017-10-30,2025-12-03,2957,2958,
rsc,ResearchCoin,0xd101dcc414f310268c37eeb4cd376ccfa507f571,success,2022-11-08,2025-12-03,1096,1097,
eth+,ETHPlus,0xe72b141df173b999ae7c1adcbf60cc9833ce56a8,success,2024-05-23,2025-12-03,560,561,
rsr,Reserve Rights,0x320623b8e4ff03373931769a31fc52a4e78b5d70,success,2019-05-23,2025-12-03,2387,2388,
dam,Reservoir,0x0fedba9178b70e8b54e2af08ebffcf28a1e5a43b,success,2025-08-18,2025-12-03,108,109,
rusd,Reservoir rUSD,0x09d4214c03d01f49544c0448dbe3a27f768f2b34,success,2025-01-31,2025-12-03,307,308,
srusd,Reservoir srUSD,0x738d1115b90efa71ae468f1287fc864775e23a31,success,2025-03-28,2025-12-03,167,168,
rstr,Resister,0x55db4801e4d9781e99b9cc2ceea1b4bcfe2f85dc,success,2025-09-25,2025-12-03,60,1360,
resolv,Resolv,0x259338656198ec7a76c729514d3cb45dfbf768a1,success,2025-06-10,2025-12-03,177,178,
rlp,Resolv Liquidity Provider Token,0x4956b52ae2ff65d74ca2d61207523288e4528f96,success,2024-09-03,2025-12-03,441,441,
usr,Resolv USR,0x66a1e37c9b0eaddca17d3662d6c05f4decf3e110,success,2024-09-01,2025-12-03,457,458,
wstusr,Resolv wstUSR,0x1202f5c7b4b9e47a1a484e8b270be34dbbc75055,success,2025-01-11,2025-12-03,224,225,
rsweth,Restaked Swell ETH,0xfae103dc9cf190ed75350761e95403b7b8afa6c0,success,2024-01-30,2025-12-03,674,675,
rstk,Restake Finance,0x12ef10a4fc6e1ea44b4ca9508760ff51c647bb71,success,2023-12-21,2025-12-03,696,697,
rsteth,Restaking Vault ETH,0x7a4effd87c2f3c55ca251080b1343b605f327e3a,success,2025-08-12,2025-11-23,104,105,
rsup,Resupply,0x419905009e4656fdc02418c7df35b1e61ed5f726,success,2025-03-20,2025-12-03,259,260,
reusd,Resupply USD,0x57ab1e0003f623289cd798b1824be09a793e4bec,success,2025-04-07,2025-12-03,241,242,
retard,Retard Coin,0x9749ac257e5c7ee59a87cd1a2e93fdb9678a64e6,success,2024-05-10,2025-11-28,451,452,
reth2,rETH2,0x20bc832ca081b91433ff6c17f85701b6e92486c5,success,2021-06-24,2025-12-03,1367,1368,
retik,Retik Finance,0x26ebb8213fb8d66156f1af8908d43f7e3e367c1d,success,2024-05-21,2025-12-03,562,563,
rfsteth,Return Finance Lido stETH,0x2c2f0ffbfa1b8b9c85400f1726e1bc0892e63d9f,success,2025-02-05,2025-12-03,302,303,
rev,Revain,0x2ef52ed7de8c5ce03a4ef0efbe9b7450f2d7edc9,success,2017-11-20,2025-11-08,2801,2802,
rvsl,Reversal,0x6aa3ecec75ceb388d2e929814ead4fc4cd0648fc,success,2024-02-23,2025-11-30,456,457,
rvst,Revest Finance,0x120a3879da835a5af037bb2d1456bebd6b54d4ba,success,2021-09-27,2025-12-03,1528,1529,
revv,REVV,0x557b933a7c2c45672b610f8954a3deb39a51a8ca,success,2020-09-06,2025-12-03,1915,1916,
rzr,Rezerve Money,0xb4444468e444f89e1c2cac2f1d3ee7e336cbd1f5,success,2025-07-26,2025-12-03,131,132,
ribbit,Ribbit Meme,0xb794ad95317f75c44090f64955954c3849315ffe,success,2023-05-07,2025-12-03,942,943,
rbn,Ribbon Finance,0x6123b0049f904d730db3c36a31167d9d4121fa6b,success,2021-10-07,2025-12-03,1519,1519,
rdt,Ridotto,0x4740735aa98dc8aa232bd049f8f0210458e7fca3,success,2021-09-29,2025-12-03,1526,1527,
rif,Rootstock Infrastructure Framework,0x01b603be3d545f096015741e6503440282bf45fb,success,2019-01-16,2025-12-03,2513,2514,
rgp,Rigel Protocol,0x4af5ff1a60a6ef6c7c8f9c4e304cd9051fca3ec0,success,2021-05-27,2025-12-03,1636,1637,
grg,RigoBlock,0x4fbb350052bca5417566f188eb2ebce5b19bc964,success,2019-11-07,2025-12-03,2160,2161,
ring,Ring AI,0xc092a137df3cf2b9e5971ba1874d26487c12626d,success,2024-03-13,2025-12-03,631,632,
sceth,Rings scETH,0x3bce5cb273f0f148010bbea2470e7b5df84c7812,success,2025-02-18,2025-12-03,289,290,
scusd,Rings scUSD,0xd3dce716f3ef535c5ff8d041c1a41c3bd89b97ae,success,2025-01-09,2025-12-03,329,330,
usdr,Ring USD,0x4ea40dcee961675683e0a2e1721bd49cb9bca913,success,2025-10-03,2025-12-03,43,895,
rino,Rino,0x616254b3c79639f89e756495ac687735b27b5e17,success,2024-10-19,2025-12-03,400,401,
rintaro,Rintaro,0x53229609f907be495704fca99ad0835c5f3abd3a,success,2024-09-19,2025-11-26,308,309,
rfuel,RioDeFi,0xaf9f549774ecedbd0966c52f250acc548d3f36e5,success,2020-09-28,2025-12-03,1893,1894,
rioton,Riot Platforms (Ondo Tokenized Stock),0x21deafd91116fce9fe87c8f15bde03f99a309b72,success,2025-09-02,2025-12-03,92,93,
riotx,Riot Platforms xStock,0x6ac47387f0a2798df4c4ee5bb31ab9517ac97cb8,success,1970-01-01,1970-01-01,1,1,
rcn,Ripio Credit Network,0xf970b8e36e23f7fc3fd752eea86f8be8d83375a6,success,2017-10-28,2025-12-03,2959,2960,
rlusd,Ripple USD,0x8292bb45bf1ee4d140127049757c2e0ff06317ed,success,2024-12-17,2025-12-03,352,353,
rita,Rita Elite Order,0xc114d80a2a188f30400b3cd545c5e296f0b04c3f,success,2025-06-22,2025-12-03,164,165,
riz,Rivalz Network,0x058d411ab9911f90c74f471bdc9d2bb4cf9b309c,success,2025-02-21,2025-12-03,286,287,
river,River,0xda7ad9dea9397cffddae2f8a052b82f1484252b3,success,2025-09-22,2025-12-03,73,1720,
welle,Welle,0x1376a81fe3ee7d0e431f1ac24286b00f3ccf44e7,success,2023-11-03,2025-12-03,762,763,
rivus,RivusDAO,0x60e254e35dd712394b3aba7a1d19114732e143dd,success,2024-04-12,2025-11-29,518,519,
rize,RIZE,0x9f1e8f87c6321b84bad7dda7dfb86d5115a47605,success,2025-05-15,2025-12-03,203,204,
rizo,Rizo,0x74e9fee3fcb56bccac22e726cce7a78ca90185e1,success,2024-02-22,2025-12-02,607,608,
rizz,RIZZ,0x8a944bb731e302fdb3571350513f149f15fcbe34,success,2023-11-15,2025-12-03,568,568,
rizz,Rizz,0x582dd5e7c8af79d45a96de4af5d1152a061abb50,success,2024-10-09,2025-11-28,383,384,
rmrk,RMRK,0x524d524b4c9366be706d3a90dcf70076ca037ae3,success,2021-09-28,2025-12-03,1526,1527,
roar,Roaring Kitty,0x569d0e52c3dbe95983bcc2434cb9f69d905be919,success,2023-12-26,2025-12-03,639,640,
jim,Jim,0xd807f7e2818db8eda0d28b5be74866338eaedb86,success,2023-05-10,2025-12-03,931,932,
robco,RobCo Network,0x64ab897b7ad47dcb0d231fa9055b92b83ef75fe8,success,2025-09-19,2025-11-16,37,648,
robert,Robert,0xbae2a140b80d85c17678e4a75413039d863cba07,success,2025-08-04,2025-11-30,95,96,
$robie,Robie,0x2025bf4e0c1117685b1bf2ea2be56c7deb11bc99,success,2024-11-03,2025-12-01,260,261,
hoodon,Robinhood Markets (Ondo Tokenized Stock),0x998f02a9e343ef6e3e6f28700d5a20f839fd74e6,success,2025-09-02,2025-12-03,93,94,
hoodx,Robinhood xStock,0xe1385fdd5ffb10081cd52c56584f25efa9084015,success,2025-07-02,2025-12-03,155,156,
rblxx,Roblox xStock,0x5d8da1417e3565eb02c9ca8cc588be5d8f65b1c5,success,1970-01-01,1970-01-01,1,1,
$rfq,RoboFlux,0x73414fb788f8a98e099f3642c94747d69e35201c,success,2025-06-17,2025-10-08,76,77,
xrt,Robonomics Network,0x7de91b204c1c737bcee6f000aaa6569cf7061cb7,success,2019-09-04,2025-12-03,2168,2169,
rbr,Robora,0x2c431766e48ec4a17dc052d9d3fef6b6a9ae8d62,success,2025-08-27,2025-12-03,99,100,
taxi,Robotaxi,0x2597342ff387b63846eb456419590781c4bfcdaf,success,2024-10-08,2025-12-03,400,401,
rox,Robotexon,0x32d4c7ecee527a84d11250597a0725858a607369,success,2025-09-17,2025-12-03,78,1774,
rock,ROCK,0x724af984b63fd53fdedb5ded17063001e3afc3e5,success,2024-07-04,2025-12-02,453,454,
rklbx,Rocket Lab xStock,0xe17ce7dd2afb6da3488fd9ef2558523d569e17b4,success,1970-01-01,1970-01-01,1,1,
rpl,Rocket Pool,0xd33526068d116ce69f19a9ee46f0bd304f21a51f,success,2018-07-19,2025-12-03,2627,2628,
reth,Rocket Pool ETH,0xae78736cd615f374d3085123a210448e74fc6393,success,2021-11-23,2025-12-03,1472,1473,
rvf,RocketX Exchange,0x2fb652314c3d850e9049057bbe9813f1eee882d3,success,2021-04-14,2025-12-03,1695,1696,
rocki,Rocki,0xff44b937788215eca197baaf9af69dbdc214aa04,success,2020-12-24,2025-12-03,1806,1807,
rock.reth,RockSolid rETH,0x936facdf10c8c36294e7b9d28345255539d81bc7,success,2025-10-16,2025-10-29,11,151,
rog,ROGin AI,0x5d43b66da68706d39f6c97f7f1415615672b446b,success,2022-06-08,2025-12-03,1274,1275,
rmav,Rogue MAV,0x8f0f56472c3e5730b1ea2f444e7829288da261e6,success,1970-01-01,1970-01-01,1,1,
roko,Roko Network,0x6f222e04f6c53cc688ffb0abe7206aac66a8ff98,success,2023-03-14,2025-12-03,996,997,
roll,Rollback,0xa563ae4f348e93c7f50e8fcbffafa44f5aed0b36,success,2025-07-31,2025-11-24,111,112,
rlb,Rollbit Coin,0x046eee2cc3188071c02bfc1745a6b17c656e3f3d,success,2022-03-24,2025-12-03,1351,1352,
roobee,Roobee,0xa31b1767e09f842ecfd4bc471fe44f830e3891aa,success,2019-10-08,2025-12-03,2249,2250,
rook,Rook,0xfa5047c9c78b8877af97bdcb85db743fd7313d4a,success,2020-11-08,2025-12-03,1852,1853,
rbtc,Rootstock Bitcoin,0x1e44f98cc78d505a61f63b26d13b116cf51dbb87,success,2018-11-24,2025-12-03,2567,2568,
rouge,Rouge Studio,0xf2478a732e5232acd0acef5e410e230b49b35a12,success,2025-01-27,2025-12-01,282,283,
route,Router Protocol [OLD],0x16eccfdbb4ee1a85a33f3a9b21175cd7ae753db4,success,2021-01-19,2025-12-03,1780,1781,
route,Router Protocol,0x60f67e1015b3f069dd4358a78c38f83fe3a667a9,success,2024-07-31,2025-12-03,491,492,
rpgmai,RPG Maker Ai,0x96362879529c15c484eabc861c435940e7af22bb,success,2023-12-21,2025-11-13,230,231,
rserg,rsERG,0x6c060ba738af39a09f3b45ac6487dfc9ebb885f6,success,2024-10-23,2025-12-03,407,408,
rss3,RSS3,0xc98d64da73a6616c42117b582e832812e7b8d57f,success,2022-02-14,2025-12-03,1389,1390,
rbc,Rubic,0x3330bfb7332ca23cd071631837dc289b09c33333,success,2020-09-28,2025-12-03,1893,1894,
rubi,Rubicon,0x7483e83b481c69a93cb025395194e0dc4f32d9c4,success,2025-05-21,2025-12-03,197,198,
rng,RuniGun,0x8c85f830bea7d21c71cbd0047aa6de0d7acf3262,success,2024-07-22,2025-12-02,319,320,
runner,Runner on ETH,0x6fd46112c8ec76e7940dbfdc150774ee6eff27b2,success,2024-11-11,2025-11-19,334,335,
iwmx,Russell 2000 xStock,0xdadfb355c6110eda0908740d52c834d6c2bcddc7,success,1970-01-01,1970-01-01,1,1,
rwa,RWA-AI,0xfcf7985661d2c3f62208970cbe25e70bcce73e7c,success,2024-05-20,2025-12-03,361,361,
suirwapin,RWADepin Protocol,0xd444b0d1dceedd7b0993ed04351a491d47048fc4,success,2025-05-15,2025-12-03,201,202,
mvrwa,RWA Index,0xa5cdea03b11042fc10b52af9eca48bb17a2107d2,success,2025-03-01,2025-12-03,260,261,
ryo,RYO Coin,0x4c7fe8f97db97cbccc76989ab742afc66ca6e75c,success,2024-07-25,2025-12-03,497,498,
ryoshi,Ryoshis Vision,0x777e2ae845272a2f540ebf6a3d03734a5a8f618e,success,2021-08-11,2025-12-01,1553,1554,
ryuji,Ryuji,0x323a495d18c6a93ab1111a09ae7e1f9fdaddfa6b,success,2025-10-06,2025-11-27,34,534,
ryu,RyuJin,0xca530408c3e552b020a2300debc7bd18820fb42f,success,2024-05-31,2025-12-03,552,553,
ryze,Ryze,0x44e3ae622c1570dc6e492adb8de92d01ca923d26,success,2024-12-03,2025-12-03,366,367,
skr,Saakuru,0xe2dca969624795985f2f083bcd0b674337ba130a,success,2024-05-30,2025-11-27,529,530,
saas,SaaSGo,0x350e52bb0f874f3b558a3679aac24268ee37a699,success,2024-12-23,2025-12-03,346,347,
sabai,Sabai Protocol,0xb5d730d442e1d5b119fb4e5c843c48a64202ef92,success,2023-07-25,2025-12-03,863,864,
safe,Safe,0x5afe3855358e112b5647b952709e6165e1c1eeee,success,2024-04-23,2025-12-03,590,591,
blast,SafeBlast,0x614d7f40701132e25fe6fc17801fbd34212d2eda,success,2021-05-21,2025-12-03,1658,1659,
sha,Safe Haven,0x40fed5691e547885cabd7a2990de719dcc8497fc,success,2018-11-17,2025-12-03,2551,2552,
smi,SafeMoon Inu,0xcd7492db29e2ab436e819b249452ee1bbdf52214,success,2021-06-04,2025-12-03,1617,1618,
sfp,SafePal,0x12e2b8033420270db2f3b328e32370cb5b2ca134,success,2021-02-08,2025-12-03,1760,1761,
sqw,Safe Quantum Wallet,0xd30e5c58c01cc0ec828051664e45f51f38c27b11,success,2025-06-17,2025-11-14,104,105,
dvt,SafeStake,0x29fa1fee0f4f0ab0e36ef7ab8d7a35439ec6be75,success,2023-06-07,2025-12-03,783,784,
sfi,saffron.finance,0xb753428af26e81097e7fd17f40c88aaa3e04902c,success,2020-11-15,2025-12-03,1845,1846,
safu,SafuLauncher,0x7c19ccadb685b873bc7b99cd7308c00a9b9bae7c,success,2025-09-01,2025-11-23,71,72,
sage,Sage Market,0xa71261c2b51cb8030700f5601ca597c522dc232e,success,2024-06-22,2025-11-28,509,510,
sahara,Sahara AI,0xfdffb411c4a70aa7c95d5c981a6fb4da867e1111,success,2025-06-26,2025-12-03,161,162,
sai,Sai,0x89d24a6b4ccb1b6faa2625fe562bdd9a23260359,success,2017-12-27,2025-12-03,2613,2614,
saitabit,SaitaBit,0x927402ab67c0cda3c187e9dfe34554ac581441f2,success,2024-07-10,2025-11-26,406,407,
saito,Saito,0xfa14fa6958401314851a17d6c5360ca29f74b57b,success,2021-04-22,2025-12-03,1687,1688,
sake,SakeSwap,0x066798d9ef0833ccc719076dab77199ecbd178b0,success,2020-09-10,2025-12-03,1911,1912,
sald,Salad,0x5582a479f0c403e207d2578963ccef5d03ba636f,success,2023-07-19,2025-12-03,863,864,
crmon,Salesforce (Ondo Tokenized Stock),0x55720ef5b023fd043ae5f8d2e526030207978950,success,2025-09-02,2025-12-03,77,78,
crmx,Salesforce xStock,0x4a4073f2eaf299a1be22254dcd2c41727f6f54a2,success,2025-11-24,2025-12-03,9,123,
salt,SALT,0x4156d3342d5c385a87d264f90653733592000581,success,2017-10-30,2025-12-03,2957,2958,
sanchan,San Chan,0xb1c491f833b6ddb7a67b1dbad37d58715439de07,success,2025-09-10,2025-10-09,12,162,
quartz,Sandclock,0xba8a621b4a54e61c442f5ec623687e2a942225ef,success,2021-10-25,2025-12-02,1327,1328,
sandy,SANDY,0xc033f6932f71c6ff1de3177f90dff24b70e50618,success,2024-04-21,2025-11-22,320,321,
sanin,Sanin,0xd3c5bdbc6de5ea3899a28f6cd419f29c09fa749f,success,2024-10-21,2025-11-26,384,385,
sani,Sanin Inu,0x4521c9ad6a3d4230803ab752ed238be11f8b342f,success,2022-04-25,2025-12-02,1311,1312,
sanji,Sanji,0x8e0b3e3cb4468b6aa07a64e69deb72aea8eddc6f,success,2025-04-03,2025-12-01,229,230,
sanke,Sanke Wallet,0x72943fb986c7cc044740ff7bbf4ec722cd7d5436,success,2025-11-26,2025-12-03,8,170,
sanshu!,SANSHU!,0x0026dfbd8dbb6f8d0c88303cc1b1596409fda542,success,2024-03-06,2025-12-02,563,564,
sanshu,Sanshu Inu (OLD),0xc73c167e7a4ba109e4052f70d5466d0c312a344d,success,2021-05-10,2025-11-28,1510,1511,
san,Santiment Network,0x7c5a0ce9267ed19b22f8cae653f198e3e8daf098,success,2017-07-30,2025-12-03,2986,2987,
pixl,PIXL,0x427a03fb96d9a94a6727fbcfbba143444090dd64,success,2023-12-31,2025-12-03,704,705,
sashimi,Sashimi,0xc28e27870558cf22add83540d2126da2e4b464c2,success,2020-09-10,2025-12-03,1883,1884,
doge-1,Satellite Doge-1 Mission,0xffe203b59393593965842439ce1e7d7c78109b46,success,2023-12-01,2025-12-03,734,735,
slay,SatLayer,0x51477a3002ee04b7542adfe63ccdb50c00ee5147,success,2025-08-11,2025-12-03,115,116,
satunibtc,SatLayer Restaked uniBTC,0xf7de2b7afdb07aa5dd143180ed758165821e076e,success,2025-08-22,2025-11-30,58,59,
sao,Sator,0x3ef389f264e07fff3106a3926f2a166d1393086f,success,2021-11-07,2025-12-03,1488,1489,
satoshi,Satoshi Nakamoto,0xcbf4d5efa82e32a9187385480a7c74cb062b956c,success,2024-05-07,2025-12-03,576,577,
satusd,Satoshi Stablecoin,0x1958853a8be062dc4f401750eb233f5850f0d0d2,success,2024-05-15,2025-12-03,568,569,
sats,Satoshis Vision,0x6c22910c6f75f828b305e57c6a54855d8adeabf8,success,2023-03-04,2025-11-26,906,907,
ssnc,SatoshiSync,0x6715515f5aa98e8bd3624922e1ba91e6f5fc4402,success,2024-04-09,2025-11-15,558,559,
satoshit,SatoshitCoin,0xaccfd598ef801178ed6c816c234b16ec51ae9f32,success,2025-08-16,2025-11-30,70,71,
savm,SatoshiVM,0x15e6e0d4ebeac120f9a97e71faa6a0235b85ed12,success,2024-01-19,2025-12-03,685,686,
satoz,Satozhi,0x845e2e8b42dced7dedcdba9bde32c9e338224f97,success,2021-04-14,2025-12-03,1695,1696,
satt,SaTT,0xdf49c9f599a0a9049d97cff34d0c30e468987389,success,2020-09-29,2025-11-08,1632,1633,
satai,Saturn AI,0x90f4e6bb3b49c33c30a5729ec0fed283d0e5b005,success,2025-09-09,2025-09-28,9,144,
saudibonk,Saudi Bonk,0x4e4990e997e1df3f6b39ff49384e2e7e99bc55fe,success,2024-01-24,2025-11-27,493,494,
spe,SavePlanetEarth,0x4b91dfa774acde7ed70e93a6438363feaaa40f54,success,2021-11-02,2025-12-03,1207,1208,
scrvusd,Savings crvUSD,0x0655977feb2f289a4ab78af67bab0d17aab84367,success,2024-11-18,2025-12-03,381,382,
sdai,Savings Dai,0x83f20f44975d03b1b09e64809b757c47f942beea,success,2023-10-11,2025-12-03,784,785,
seur0,Savings EUR0,0x35f43c6604b0de814abaa2d94c878bd1f5165478,success,1970-01-01,1970-01-01,1,1,
susd0,Savings USD0,0xd861be82dee3223cfbed160791f6550b0704d406,success,1970-01-01,1970-01-01,1,1,
susx,Savings USX,0xbc404429558292ee2d769e57d57d6e74bbd2792d,success,2024-08-29,2025-12-03,422,423,
sbold,sBOLD by K3 Capital,0x50bd66d59911f5e086ec87ae43c811e0d059dd11,success,1970-01-01,1970-01-01,1,1,
scale,Scalia Infrastructure,0x8a0a9b663693a22235b896f70a229c4a22597623,success,2024-03-02,2025-12-03,630,631,
scalr,Scalr,0xb160fb3265be197287e647c82fef7913d5491e11,success,2025-08-29,2025-11-14,35,36,
scm,ScamFari,0x8353b92201f19b4812eee32efd325f7ede123718,success,2023-09-06,2025-12-03,808,809,
scx,Scarcity,0x1b8568fbb47708e9e9d31ff303254f748805bf21,success,2021-10-15,2025-11-27,1290,1291,
cat,Scat,0x02d7a93829b365b7ad4c582dace1493aac50a290,success,2023-05-19,2025-11-24,555,556,
schrodi,Schrodi,0x35ca1e5a9b1c09fa542fa18d1ba4d61c8edff852,success,2024-03-20,2025-11-29,517,518,
meow,Schrodinger,0x74d2d73b455540b037298c0e0925bc702aedbe4a,success,2021-11-01,2025-12-03,1122,1122,
sgr,Schrodinger,0x478156deabfac918369044d52a6bdb5cc5597994,success,2024-03-21,2025-12-03,619,620,
europ,EURØP,0x888883b5f5d21fb10dfeb70e8f9722b9fb0e5e51,success,2025-01-14,2025-12-03,324,325,
scinet,SciNet,0x3902d5f4213a6b8c434a470026e0c23709a5bb39,success,2024-12-12,2025-11-14,235,236,
scorch,SCORCH,0x6b2e4f25fa8d8c9a0c77477de50c166147bd891d,success,1970-01-01,1970-01-01,1,1,
scot,Scotcoin,0x0cf7356e2d13ae2b57e77286284984a5fc8f88b3,success,2025-02-12,2025-12-03,220,221,
scotty,ScottyTheAi,0xc0db17bc219c5ca8746c29ee47862ee3ad742f4a,success,2024-03-23,2025-12-03,621,622,
$scratch,Scratch,0x2fa39203cb335d08e0af7731a8b9ae23d5a59449,success,2024-12-21,2025-12-01,324,325,
scrx,Screx,0xa20f1b74822f0c88f1bbff3bfd7ccd535a8ae6b8,success,1970-01-01,1970-01-01,1,1,
scriv,SCRIV,0xd76050f75627e508fa14b84036fbf40b8cc549bd,success,2018-08-31,2025-11-07,2124,2125,
sdola,sDOLA,0xb45ad160634c528cc3d2926d9807104fa3157305,success,2024-03-29,2025-12-03,615,616,
seam,Seamless Protocol,0x6b66ccd1340c479b07b390d326eadcbb84e726ba,success,2023-12-12,2025-12-03,723,724,
smp,Seamoon Protocol,0x7d36f7d8e9220f021305b8f13414c87df688aa8b,success,1970-01-01,1970-01-01,1,1,
wscrt,Secret (ERC20),0x2b89bf8ba858cd2fcee1fada378d5cd6936968be,success,2021-01-26,2025-11-30,1562,1563,
ss,Secret Society,0xe4b4c008ff36e3c50c4299c223504a480de9c833,success,2024-04-09,2025-12-03,549,550,
sect,SECT BOT,0x59a73bef0f729761bc3b9aa7f41872077e4bf300,success,2024-10-21,2025-11-26,322,323,
scai,SecureChain AI,0x0f13fc8a93ab8edc9fde0a1e19aac693161599a5,success,2025-05-06,2025-12-03,212,213,
seda,SEDA,0x14862c03a0caccc1ab328b062e64e31b2a1afcd7,success,2024-05-08,2025-12-03,575,576,
susdn,seed USDN,0xf67e2dc041b8a3c39d066037d29f500757b1e886,success,2024-11-22,2025-11-28,297,298,
sworld,Seedworld,0x968be3f7bfef0f8edc3c1ad90232ebb0da0867aa,success,2024-10-23,2025-12-03,407,408,
share,Seigniorage Shares,0x39795344cbcc76cc3fb94b9d1b15c23c2070c66d,success,2020-09-02,2025-12-03,1918,1919,
skrt,Sekuritance,0x887168120cb89fb06f3e74dc4af20d67df0977f6,success,2021-05-15,2025-12-03,1643,1644,
skya,Sekuya Multiverse,0x623cd3a3edf080057892aaf8d773bbb7a5c9b6e9,success,2024-05-24,2025-12-03,559,560,
key,SelfKey,0x4cc19356f2d37338b9802aa8e8fc58b0373296e7,success,2018-01-15,2025-12-03,2771,2772,
senate,SENATE,0x34be5b8c30ee4fde069dc878989686abe9884470,success,2021-12-15,2025-12-03,1450,1451,
snsy,Sensay,0x82a605d6d9114f4ad6d5ee461027477eeed31e34,success,2024-04-03,2025-12-03,610,611,
senso,SENSO,0xc19b6a4ac7c7cc24459f08984bbd09664af17bd1,success,2020-04-26,2025-12-03,2048,2049,
sent,Sentient,0x56a3ba04e95d34268a19b2a4474dc979babdaf76,success,1970-01-01,1970-01-01,1,1,
sen,Sentio AI,0x421b05cf5ce28cb7347e73e2278e84472f0e4a88,success,2024-12-28,2025-12-03,341,342,
seraph,Seraph,0xd6b48ccf41a62eb3891e58d0f006b19b01d50cca,success,2025-01-06,2025-12-03,332,333,
srm,Serum,0x476c5e26a75bd202a9683ffd34359c0cc15be0ff,success,2020-08-11,2025-12-03,1941,1942,
serv0,Serv0 Protocol,0xc84f28350e4667dfd759614d2c94c7a5c257954d,success,2025-07-16,2025-11-24,45,46,
nowon,ServiceNow (Ondo Tokenized Stock),0x8bcf9012f4b0c1c3d359edb7133c294f82f80790,success,2025-09-02,2025-12-03,64,65,
sesh,Session Token,0x10ea9e5303670331bdddfa66a4cea47dae4fcf3b,success,2025-05-27,2025-12-03,191,192,
seth,sETH,0x5e74c9036fb86bd7ecdcb084a0673efc32ea31cb,success,2019-07-04,2025-12-03,2345,2346,
seth2,sETH2,0xfe2e637202056d30016725477c5da089ab0a043a,success,2021-06-24,2025-12-03,1600,1601,
sexy,Settled EthXY Token,0xc52fafdc900cb92ae01e6e4f8979af7f436e2eb2,success,2023-11-19,2025-12-03,746,747,
seur,sEUR,0xd71ecff9342a5ced620049e616c5035f1db98620,success,2021-01-13,2025-12-03,1701,1702,
sgyd,sGYD,0xea50f402653c41cadbafd1f788341db7b7f37816,success,1970-01-01,1970-01-01,1,1,
shadowcats,Shadowcats,0x0018d5e01e53878f90feab02f1b2019a21adf8b1,success,2023-02-21,2025-11-17,578,579,
$shadow,Shadowladys DN404,0x46305b2ebcd92809d5fcef577c20c28a185af03c,success,2024-02-15,2025-12-03,501,501,
svpn,Shadow Node,0xc668695dcbcf682de106da94bde65c9bc79362d3,success,2024-03-15,2025-12-03,629,630,
shang,Shanghai Inu,0xee772cec929d8430b4fa7a01cd7fbd159a68aa83,success,2023-04-20,2025-12-03,945,946,
shao,SHAO,0xaf0db65b7296c02ab043f5cb17300c8ee949f247,success,2025-02-02,2025-12-03,288,289,
fox,ShapeShift FOX,0xc770eefad204b5180df6a14ee197d99d808ee52d,success,2020-06-19,2025-12-03,1986,1987,
ult,Shardus,0x09617f6fd6cf8a71278ec86e23bbab29c04353a7,success,2019-05-16,2025-12-03,2218,2219,
sgtv2,SharedStake Governance v2,0x24c19f7101c1731b85f1127eaa0407732e36ecdd,success,2021-02-13,2025-12-03,1264,1265,
shr,ShareToken,0x192675d1e131b9e339f16603e21b01a845d8c21e,success,2019-06-21,2025-12-03,2358,2359,
sharp,Sharp AI [OLD],0xaddb6dc7e2f7caea67621dd3ca2e8321ade33286,success,2024-10-14,2025-11-28,261,262,
sai,Sharpe AI,0x3567aa22cd3ab9aef23d7e18ee0d7cf16974d7e6,success,2024-08-27,2025-12-03,464,465,
sbeton,"SharpLink Gaming, Inc (Ondo Tokenized Stock)",0xfdb46864a7c476f0914c5e82cded3364a9f56f8a,success,2025-09-02,2025-12-03,93,94,
sbetx,SharpLink Gaming xStock,0x338791c58fded314b81eab139a1a2fb7967d90d6,success,1970-01-01,1970-01-01,1,1,
sheb,SHEBOSHIS,0x6930450a416252c7206fbce76c01ecc850a36cb9,success,2024-02-16,2025-11-22,561,562,
sheb,Sheboshis,0x5de869e3e62b0fb2c15573246ba3bb3fd97a2275,success,2024-06-27,2025-12-03,524,525,
sheesha,Sheesha Finance (ERC20),0x232fb065d9d24c34708eedbf03724f2e95abe768,success,2022-01-25,2025-12-03,1404,1405,
shei,SheiShei,0xb9d09bc374577dac1ab853de412a903408204ea8,success,2024-07-03,2025-12-02,486,487,
shezmu,Shezmu,0x5fe72ed557d8a02fff49b3b826792c765d5ce162,success,2023-09-15,2025-12-03,811,812,
shib2,SHIB2,0x2de7b02ae3b1f11d51ca7b2495e9094874a064c0,success,2023-09-15,2025-12-03,761,762,
shib2.0,Shib2.0,0x34ba042827996821cffeb06477d48a2ff9474483,success,2023-07-11,2025-12-03,630,630,
shiba,Shiba,0xfd1450a131599ff34f3be1775d8c8bf79e353d8c,success,2023-10-13,2025-12-03,781,782,
shibc,Shiba Classic,0x9562e2063122eaa4d7c2d786e7ca2610d70ca8b8,success,2024-11-14,2025-12-03,385,386,
shibdoge,ShibaDoge,0x6adb2e268de2aa1abf6578e4a8119b960e02928f,success,2021-12-27,2025-12-03,1412,1413,
burn,BURN,0xa2fe5e51729be71261bcf42854012827bc44c044,success,2023-11-02,2025-12-03,667,668,
shib,Shiba Inu,0x95ad61b0a150d79219dcf64e1e6cc01f0b64c4ce,success,2020-08-01,2025-12-03,1937,1938,
treat,Shiba Inu Treat,0xa02c49da76a085e4e1ee60a6b920ddbc8db599f4,success,2025-01-15,2025-12-03,323,324,
shibaken,Shibaken Finance,0xa4cf2afd3b165975afffbf7e487cdd40c894ab6b,success,2021-05-11,2025-12-03,1489,1490,
qom,Shiba Predator,0xa71d0588eaf47f12b13cf8ec750430d21df04974,success,2022-03-19,2025-12-03,1356,1357,
sns,Shibarium Name Service,0xea4a2327e75252517535fd013b7c6706609819db,success,2023-03-18,2025-11-29,731,732,
shia,Shiba Saga,0x43d7e65b8ff49698d9550a7f315c87e67344fb59,success,2023-08-24,2025-12-03,832,833,
verse,Shibaverse,0x7ae0d42f23c33338de15bfa89c7405c068d9dc0a,success,2021-09-16,2025-11-30,1472,1473,
shepe,Shiba V Pepe,0x0b0a8c7c34374c1d0c649917a97eee6c6c929b1b,success,2023-09-06,2025-12-03,711,712,
shibgf,SHIBGF,0x505a84a03e382331a1be487b632cf357748b65d6,success,2021-11-01,2025-12-02,1457,1458,
sov,Shib Original Vision,0x2c5bc2ba3614fd27fcc7022ea71d9172e2632c16,success,2023-03-28,2025-12-01,914,915,
shido,Shido Network,0xe2512a2f19f0388ad3d7a5263eaa82acd564827b,success,2023-10-03,2025-12-03,783,784,
shifu,Shifu,0x2cc7a972ebc1865b346085655f929abfa74cd4dc,success,2024-12-20,2025-12-03,349,350,
shih,Shih Tzu,0x841fb148863454a3b3570f515414759be9091465,success,2021-05-07,2025-12-03,1646,1647,
shik,Shikoku,0x24da31e7bb182cb2cabfef1d88db19c2ae1f5572,success,2022-12-22,2025-12-03,1078,1079,
shik,Shikoku Inu,0xf480f819766c024defc0e8a333b324350174ff71,success,2025-08-25,2025-12-02,85,86,
shil,Shila Inu,0x20c3fa331a385b63ee39137e99d0cf2db142fce1,success,2023-01-27,2025-12-02,922,923,
sgt,Shill Guard Token,0xa0e7626287bd02cbe3531c65148261bf0c0ed98b,success,2023-11-25,2025-11-30,694,695,
shi,Shina Inu,0x243cacb4d5ff6814ad668c3e225246efa886ad5a,success,2022-04-24,2025-12-03,1319,1320,
shin,Shina Inu,0xa0bbbe391b0d0957f1d013381b643041d2ca4022,success,2024-06-09,2025-12-03,524,525,
shiro,Shiro Neko,0xb0ac2b5a73da0e67a8e5489ba922b3f8d582e058,success,2024-12-04,2025-12-03,365,366,
shiro,Shiro Neko CTO,0x6c38f26eaee4e1bdf7d2b4d42467b7a8a6082f5a,success,2024-12-05,2025-11-15,286,287,
shi,Shirtum,0xad996a45fd2373ed0b10efa4a8ecb9de445a4302,success,2021-07-09,2025-12-03,1609,1610,
shiryo-inu,Shiryo,0x1e2f15302b90edde696593607b6bd444b64e8f02,success,2021-11-01,2025-12-03,1493,1494,
suzume,Shita-kiri Suzume,0x0b452278223d3954f4ac050949d7998e373e7e43,success,2024-04-11,2025-12-03,580,581,
shiv,Shiva Inu,0xeb51b8dc2d43469c0f0b7365c8a18438907bdf21,success,2024-03-27,2025-12-03,617,618,
shoe,ShoeFy,0x0fd67b4ceb9b607ef206904ec73459c4880132c9,success,2021-10-19,2025-12-03,1503,1504,
shog,SHOG,0xc8388e437031b09b2c61fc4277469091382a1b13,success,2024-07-23,2025-11-25,469,470,
shoot,Mars Battle,0xbc61e13ca6830fc7f035fd0e90a01cd08be6dcaa,success,2024-04-17,2025-12-03,577,578,
shopon,Shopify (Ondo Tokenized Stock),0x908266c1192628371cff7ad2f5eba4de061a0ac5,success,2025-09-02,2025-12-03,80,81,
spi,Shopping.io,0x4feea34369a00740ba41b2d7cabe121f076ffe6e,success,2025-10-21,2025-12-03,44,968,
shop,Shopping.io,0x64b78325d7495d6d4be92f234fa3f3b8d8964b8b,success,2022-09-10,2025-12-03,1108,1109,
shping,Shping,0x7c84e62859d0715eb77d1b1c4154ecd6abb21bec,success,2018-10-19,2025-12-03,2195,2196,
shrap,Shrapnel,0x31e4efe290973ebe91b3a875a7994f650942d28f,success,2023-11-08,2025-12-03,757,758,
shroom,Niftyx Protocol,0xed0439eacf4c4965ae4613d77a5c2efe10e5f183,success,2020-09-03,2025-12-03,1918,1919,
shrub,Shrub,0x3b991130eae3cca364406d718da22fa1c3e7c256,success,2024-06-26,2025-12-03,523,524,
shrubius,Shrubius Maximus,0x47000bd34d9a7b7cdbeef4ec2ae452e73280a8b5,success,2025-01-04,2025-12-03,329,330,
shfl,Shuffle,0x8881562783028f5c1bcb985d2283d5e170d88888,success,2024-03-15,2025-12-03,629,630,
shu,Shutter,0xe485e2f1bab389c08721b291f6b59780fec83fd7,success,2024-02-27,2025-12-03,646,647,
shft,Shyft Network,0xb17c88bda07d28b3838e0c1de6a30eafbcf52d85,success,2021-03-26,2025-12-03,1714,1715,
k,Sidekick,0xfb072b42907da2bf7a8e8cb5dcaa790d45fd81a8,success,2025-08-08,2025-12-03,118,119,
xai,SideShift,0x35e78b3982e87ecfd5b3f3265b601c046cdbe232,success,2021-05-21,2025-12-03,1658,1659,
sidus,Sidus,0x549020a9cb845220d66d3e9c6d9f9ef61c981102,success,2021-12-15,2025-12-03,1450,1451,
sierra,Sierra,0x6bf7788eaa948d9ffba7e9bb386e2d3c9810e0fc,success,2025-10-24,2025-12-03,37,559,
erowan,Sifchain,0x07bac35846e5ed502aa91adf6a9e7aa210f2dcbe,success,2021-02-22,2025-11-17,1726,1727,
sifu,Sifu Vision,0x8dd09822e83313adca54c75696ae80c5429697ff,success,2024-04-17,2025-11-26,494,495,
sigma,SIGMA,0x18a8d75f70eaead79b5a55903d036ce337f623a5,success,2024-10-10,2025-11-28,365,366,
sata,Signata,0x3ebb4a4e91ad83be51f8d596533818b246f4bee1,success,2021-04-08,2025-12-03,1595,1596,
sign,Sign,0x868fced65edbf0056c4163515dd840e9f287a4c3,success,2025-04-28,2025-12-03,220,221,
silen,Silensio,0x9157e4b8b6b3b83297a6a7ecf2cdb486542c5136,success,2025-06-27,2025-11-23,123,124,
ubsn,Silent Notary,0x86efc496dca70bcfd92d19194290e8457a375773,success,2018-05-25,2025-11-15,2427,2428,
silo,Silo Finance [OLD],0x6f80310ca7f2c654691d1383149fa1a57d8ab1f8,success,2021-12-12,2025-12-03,1451,1452,
silo,Silo Finance,0xf0b2dd79324a66d2108c961d680f7616e1486bb0,success,2025-05-09,2025-12-03,197,198,
bars,Silver Standard,0x777b6d4730a8a890dc64bf202514ce03ab001c02,success,2024-07-30,2025-12-03,457,458,
sms,SimiliScan,0x3df6336c7b98b2a07e26089eed6f693b04cc0687,success,2025-09-06,2025-12-01,85,1828,
simon,Simon the Gator,0x2328434559f7dec44373822cf68052de0d671b7f,success,2025-08-15,2025-12-03,111,112,
smpl,Simple AI,0xfdd070e34cbd0923d307f3af481be5bddac4f487,success,2025-06-05,2025-12-03,182,183,
src,Simracer Coin,0x16587cf43f044aba0165ffa00acf412631194e4b,success,2020-11-04,2025-12-03,1449,1450,
sing,Singularity,0x9de21c9aa0f0a7e5fdc9262c3a4d925f017fbc8c,success,2025-07-27,2025-12-03,129,130,
sdao,SingularityDAO,0x993864e43caa7f7f12953ad6feb1d1ca635b875f,success,2021-05-13,2025-12-03,1666,1667,
sfi,Singularity Finance,0x7636d8722fdf7cd34232a915e48e96aa3eb386bf,success,2025-02-07,2025-12-03,300,301,
agix,SingularityNET,0x5b7533812759b45c2b44c19e320ba2cd2681b542,success,2018-01-22,2025-12-03,2872,2873,
sipher,SIPHER,0x9f52c8ecbee10e00d9faaac5ee9ba0ff6550f511,success,2021-12-09,2025-12-03,1456,1457,
si,Siren,0xd23ac27148af6a2f339bd82d0e3cff380b5093de,success,2021-03-03,2025-12-03,1502,1503,
srn,Sirin Labs,0x68d57c9a1c35f63e2c83ee8e49a64e9d70528d25,success,2017-12-31,2025-12-03,2845,2846,
skai,Skillful AI,0xcf078da6e85389de507ceede0e3d217e457b9d49,success,2024-05-31,2025-12-03,552,553,
skl,SKALE,0x00c83aecc790e8a4453e5dd3b0b4b3680501a7a7,success,2020-12-01,2025-12-03,1829,1830,
skate,Skate,0x61dbbbb552dc893ab3aad09f289f811e67cef285,success,2025-06-09,2025-12-03,178,179,
skeb,Skeb,0x6d614686550b9e1c1df4b2cd8f91c9d4df66c810,success,2022-09-08,2025-12-03,1183,1184,
skey,Skey Network,0x06a01a4d579479dd5d884ebf61a31727a3d8d442,success,2020-12-21,2025-12-03,1809,1810,
skibidi,Skibidi Dop Dop,0xfab13732ae25267a5f47f6f31660c9a82b5fa9f1,success,2024-12-09,2025-12-03,360,361,
$skol,Skol,0xb369daca21ee035312176eb8cf9d88ce97e0aa95,success,2024-03-12,2025-12-03,632,633,
skm,Skrumble Network,0x048fe49be32adfc9ed68c37d32b5ec9df17b3603,success,2018-05-11,2025-12-03,2764,2765,
sky,Sky,0x56072c95faa701256059aa122697b133aded9279,success,2024-09-24,2025-12-03,435,436,
skyops,Skyops,0x42168a285252bd00e4930e2f9dc01d496b14c90a,success,2025-06-26,2025-11-26,103,104,
slippy,SLIPPY,0x696a1012a7f694a6f34a95872f806eda633ea463,success,2025-07-10,2025-12-03,147,148,
sdex,SMARDEX,0x5de8ab7e27f6e7a1fff3e5b337584aa43961beef,success,2023-03-18,2025-12-03,992,993,
usdn,SMARDEX USDN,0xde17a000ba631c5d7c2bd9fb692efea52d90dee2,success,2025-01-23,2025-12-03,315,316,
wusdn,SMARDEX WRAPPED USDN,0x99999999999999cc837c997b882957dafdcb1af9,success,2025-01-28,2025-12-03,310,311,
smartcredit,SmartCredit,0x72e9d9038ce484ee986fea183f8d8df93f9ada13,success,2020-11-05,2025-12-03,1661,1662,
sgi,SmartGolf Token,0x0418fa3488d7e13f0c06ac5f8485d306b5748f4f,success,2025-10-07,2025-12-03,58,1289,
sln,Smart Layer Network,0xdb82c0d91e057e05600c8f8dc836beb41da6df14,success,2024-02-23,2025-12-03,650,651,
slai,Smart Lending AI,0x72c440b5a41cd48e4c362c706e3f42000de1d8f7,success,2025-06-10,2025-11-17,113,114,
mfg,Smart MFG,0x6710c63432a2de02954fc0f851db07146a6c0312,success,2018-04-20,2025-12-03,2612,2613,
sqmg,Smart Quantum Game,0x13b22eba36493772b3a75b7217dcbb258ea8b1da,success,1970-01-01,1970-01-01,1,1,
swt,Smart Wallet,0x45cb6aa4d4b2b51444b5f1a345bc5f9ff1973ed4,success,2024-11-18,2025-11-21,350,351,
swgt,SmartWorld Global Token,0xc8bf8bc34874e07f6a0d4abc8be22ba9e372631b,success,2024-06-28,2025-12-03,524,525,
smidge,Smidge,0xea3665e272f14052442e433fb0059424d16cc6c7,success,2024-06-04,2025-12-03,504,505,
smiley,Smiley Coin,0x4c6e2c495b974b8d4220e370f23c7e0e1da9b644,success,2023-06-22,2025-12-03,882,883,
miharu,Smiling Dolphin,0x5981e98440e41fa993b26912b080922b8ed023c3,success,2024-10-13,2025-11-29,389,390,
smog,Smog,0x89e8e084cc60e6988527f0904b4be71656e8bfa9,success,2024-02-08,2025-12-03,665,666,
sfrog,Smokin Frog,0x285bc4ec96a0482c77b20a6df79fcf2b128b0131,success,2025-09-08,2025-11-27,65,1132,
scf,Smoking Chicken Fish,0x723abbea6e985fb21c57f550d9cceba1c676a6a9,success,2024-10-15,2025-11-25,337,338,
smol,SMOL,0x53cce6d10e43d1b3d11872ad22ec2acd8d2537b8,success,2025-02-04,2025-12-03,293,294,
su,Smol Su,0x064797ac7f833d01faeeae0e69f3af5a52a91fc8,success,2023-05-09,2025-11-28,857,858,
slp,Smooth Love Potion,0xcc8fa225d80b9c7d42f96e9570156c65d6caaa25,success,2020-01-11,2025-12-03,2154,2155,
smty,Smoothy,0xbf776e4fca664d791c4ee3a71e2722990e003283,success,2021-04-27,2025-12-03,1682,1683,
smudge,Smudge Lord,0x516e2758b044433371076a48127b8cfa7b0bdb43,success,2023-05-11,2025-12-01,805,806,
snm,SnailMoon,0x77571a64342667f7818520ef004b2b91f47a266b,success,2023-06-20,2025-12-01,544,545,
snap,Snap: first space coin,0x284b25d8f199125da962abc9ee6e6b1b6715cae3,success,2024-09-30,2025-11-23,339,340,
snardler,Snardler Wormfriend,0x66d13dc0e8c2428c9ff4bc0bd93e934110d17fce,success,2025-05-21,2025-12-02,186,187,
snibbu,Snibbu,0xaee9ba9ce49fe810417a36408e34d9962b653e78,success,2024-03-12,2025-12-03,632,633,
snibbu,Snibbu,0x2a9db31f0f0329b03ddd7a8a4b5297815bba0124,success,2025-06-04,2025-12-03,180,181,
snort,Snorter,0x21f5b2bacb67c94aa0982ce7428f7d1b3c9ceb53,success,2025-10-28,2025-12-03,37,856,
snowon,Snowflake (Ondo Tokenized Stock),0x5d1a9a9b118ff19721e0111f094f2360b6ef7a2f,success,2025-09-02,2025-12-03,79,80,
snow,Snowswap,0xfe9a29ab92522d14fc65880d817214261d8479ae,success,2020-10-09,2025-11-29,1858,1859,
snpad,SNPad,0x772358ef6ed3e18bde1263f7d229601c5fa81875,success,2024-06-05,2025-12-03,547,548,
snusd,sNUSD,0x08efcc2f3e61185d0ea7f8830b3fec9bfa2ee313,success,1970-01-01,1970-01-01,1,1,
yvsnx,SNX yVault,0xf29ae508698bdef169b89834f76704c3b205aedf,success,2023-01-20,2025-12-03,1049,1050,
sg,SocialGood,0xddf7fd345d54ff4b40079579d4c4670415dbfd0a,success,2020-08-05,2025-12-03,1947,1948,
growai,SocialGrowAI,0x1c9b158e71bc274ea5519ca57a73e337cac72b3a,success,2025-01-26,2025-12-03,312,313,
lens,Social Lens Ai,0x782f97c02c6ace8a3677c4a4c495d048ad67dba2,success,2025-01-09,2025-12-01,214,215,
eurcv,EUR CoinVertible,0x5f7827fdeb7c20b443265fc2f40845b715385ff2,success,2023-12-07,2025-12-03,664,665,
comfy,SOCOMFY,0xd00ea70e8e7b4cbd084284b029fa5590472d788b,success,2024-01-07,2025-12-03,697,698,
sohot,SOHOTRN,0xc3f8143212871014b472ea83285af7f25928dee4,success,2024-01-22,2025-11-26,372,373,
soil,Soil,0x54991328ab43c7d5d31c19d1b9fa048e77b5cd16,success,2023-10-11,2025-12-03,785,786,
soku,SokuSwap,0x4c3a8eceb656ec63eae80a4ebd565e4887db6160,success,2021-09-15,2025-12-03,1492,1493,
slr,Solarcoin,0x4e9e4ab99cfc14b852f552f5fb3aa68617825b6c,success,2014-03-29,2025-12-03,3408,3409,
solx,Solaxy,0xe0b7ad7f8f26e2b00c8b47b5df370f15f90fcf48,success,2025-06-23,2025-12-03,164,165,
solid,Solidly,0x777172d858dc1599914a1c4c6c9fc48c99a60990,success,2023-01-09,2025-12-03,1051,1052,
solo,Solo,0xd61a8bbd5c6d8cd9690a89616b33dc939c9fbda9,success,2024-12-04,2025-12-03,357,358,
solvbtc,Solv Protocol BTC,0x7a56e1c57c7475ccf742a1832b028f0456652f97,success,2024-04-07,2025-12-03,606,607,
solve,SOLVE,0x446c9033e7516d820cc9a2ce2d0b7328b579406f,success,2018-01-08,2025-12-03,2565,2566,
xsolvbtc,Solv Protocol Staked BTC,0xd9d920aa40f578ab794426f5c90f6c731d159def,success,2024-08-02,2025-12-03,489,490,
solvbtc.bera,Solv Protocol SolvBTC.BERA,0xe7c253ead50976caf7b0c2cbca569146a7741b50,success,1970-01-01,1970-01-01,1,1,
wsol,Wormhole Bridged WSOL,0xd31a59c85ae9d8edefec411d448f90841571b89c,success,2022-01-21,2025-12-03,1413,1414,
soma,SOMA.finance,0x77163c968c2506077dbe74838dea72314a2d5760,success,1970-01-01,1970-01-01,1,1,
somm,Sommelier,0xa670d7237398238de01267472c6f13e5b8010fd1,success,2022-02-01,2025-12-03,1400,1401,
cube,Somnium Space CUBEs,0xdf801468a808a32656d2ed2d2d80b72a129739f4,success,2020-02-21,2025-12-03,2084,2085,
sona,Sonata Network,0xcefde37817da4fc51ddc24e3820ad316784ee04b,success,2024-01-12,2025-11-30,522,523,
sonik,SONIK,0x9f891b5ecbd89dd8a5ee4d1d80efc3fe78b306cb,success,2023-09-11,2025-12-02,761,762,
sop,SoPay,0x076641af1b8f06b7f8c92587156143c109002cbe,success,2018-11-10,2025-12-03,2577,2578,
soph,SophiaVerse,0x73fbd93bfda83b111ddc092aa3a4ca77fd30d380,success,2023-07-26,2025-12-03,862,863,
soph,Sophon,0x6b7774cb12ed7573a7586e7d0e62a2a563ddd3f0,success,2025-05-28,2025-12-03,190,191,
xor,Sora,0x40fd72257597aa14c7231a7b1aaa29fce868f677,success,2020-04-30,2025-12-03,2041,2042,
sora,Sora AI,0xb8a87405d9a4f2f866319b77004e88dff66c0d92,success,2024-02-16,2025-12-03,657,658,
val,Sora Validator,0xe88f8313e61a97cec1871ee37fbbe2a8bf3ed1e4,success,2020-12-06,2025-12-03,1824,1825,
sor,Sorcery Finance,0x5197ab79b03f1479cbf391a2030b8883546ff251,success,2023-09-08,2025-12-03,772,773,
sor,Sorra,0xe021baa5b70c62a9ab2468490d3f8ce0afdd88df,success,2024-12-14,2025-12-01,143,144,
sorya,Sorya,0x848d969588d6592842d071cad4f15778dd84344a,success,2025-08-18,2025-09-07,21,22,
soso,SoSoValue,0x76a0e27618462bdac7a29104bdcfff4e6bfcea2d,success,2025-01-24,2025-12-03,314,315,
sdlx,SoundLinX,0x352a4b34b8e9f43b869f6f80728978cccdced406,success,2024-11-27,2025-11-19,327,328,
soup,soup.game,0x28cfe98c33b8a8bb5f5ac5068a95d9db6bee5ffd,success,2025-02-10,2025-11-29,192,193,
sovrn,Sovrun,0x031b8d752d73d7fe9678acef26e818280d0646b4,success,2024-12-01,2025-12-03,368,369,
sov,Sovryn,0xbdab72602e9ad40fc6a6852caf43258113b8f7a5,success,2021-06-11,2025-12-03,1637,1638,
swk,Sowaka,0xddfbe9173c90deb428fdd494cb16125653172919,success,2024-06-06,2025-12-03,542,543,
soy,Soyjak,0xad78d154baec2e9b4e78182d02388981b5093f80,success,2023-11-19,2025-11-20,347,348,
spyx,SP500 xStock,0x90a2a4c76b5d8c0bc892a69ea28aa775a8f2dd48,success,2025-07-01,2025-12-03,156,157,
sxt,Space and Time,0xe6bfd33f52d82ccb5b37e16d3dd81f9ffdabb195,success,2025-05-08,2025-12-03,210,211,
spc,SpaceChain (ERC-20),0x86ed939b500e121c0c5f493f399084db596dad20,success,2018-11-03,2025-12-03,2588,2589,
dawgs,SpaceDawgs,0x64a77277e37d44957fe5815d6ff442ab8b16cc29,success,2021-07-13,2025-12-02,1187,1188,
spdg,SPACEDOGE,0xf46ccb9e08fb7e32eed560c87d5e583a59a43420,success,2025-07-16,2025-12-03,141,142,
id,SPACE ID,0x2dff88a56767223a5529ea5960da7a3f5f766406,success,2023-03-22,2025-12-03,988,989,
space,Spacelens,0xcc7ab8d78dba187dc95bf3bb86e65e0c26d0041f,success,2021-07-10,2025-12-03,1606,1607,
oik,Space Nation Oikos,0x6e7f11641c1ec71591828e531334192d622703f7,success,2025-03-13,2025-12-03,266,267,
spacepi,SpacePi Token,0x69b14e8d3cebfdd8196bfe530954a0c226e5008e,success,2024-02-20,2025-11-30,642,643,
milk2,Spaceswap MILK2,0x80c8c3dcfb854f9542567c8dac3f44d709ebc1de,success,2020-10-12,2025-12-02,1804,1805,
shake,Spaceswap SHAKE,0x6006fc2a849fedaba8330ce36f5133de01f96189,success,2020-10-12,2025-11-28,1739,1740,
space,Space Token,0x1d1498166ddceee616a6d99868e1e0677300056f,success,2021-11-22,2025-12-03,1473,1474,
spk,Spark,0xc20059e0317de91738d13af027dfc4a50781b066,success,2025-06-17,2025-12-03,170,171,
srk,SparkPoint,0x0488401c3f535193fa8df029d9ffe615a06e74e6,success,2019-05-15,2025-12-03,2395,2396,
cmpt,Spatial Computing,0x3d000462fb9826804a45c0ea869b83b69587f2db,success,2024-03-07,2025-12-03,618,619,
spyon,SPDR S&P 500 ETF (Ondo Tokenized ETF),0xfedc5f4a6c38211c1338aa411018dfaf26612c08,success,2025-09-02,2025-12-03,93,94,
spectra,Spectra,0x6a89228055c7c28430692e342f149f37462b478b,success,2024-12-18,2025-12-03,351,352,
spec,Spectral,0xadf7c35560035944e805d98ff17d58cde2449389,success,2024-05-06,2025-12-03,577,578,
spctr,Spectre,0xb29e475b69f843046a757747943c00dce8a3d982,success,2024-10-02,2025-12-03,419,420,
spectre,Spectre AI,0x9cf0ed013e67db12ca3af8e7506fe401aa14dad6,success,2023-11-20,2025-12-03,745,746,
speth,Spectrum ETH,0xf96d4b1e0a0b129e1471e88df6f1281b933bc474,success,1970-01-01,1970-01-01,1,1,
spec,Speculate DAO,0xab0ceb816ad51168ea61545316ee0b3387122243,success,2024-04-25,2025-12-02,374,375,
speedy,Speedy,0xc8f69a9b46b235de8d0b77c355fff7994f1b090f,success,2024-10-08,2025-12-03,422,423,
spellfire,Spellfire,0x3a0b022f32b3191d44e5847da12dc0b63fb07c91,success,2022-01-27,2025-12-03,1407,1408,
spell,Spell,0x090185f2135308bad17527004364ebcc2d37e5f6,success,2021-05-28,2025-12-03,1651,1652,
spa,Sperax,0xb4a3b0faf0ab53df58001804dda5bfc6a3d59008,success,2020-08-25,2025-12-03,1927,1928,
spgion,S&P Global (Ondo Tokenized Stock),0xbc843b147db4c7e00721d76037b8b92e13afe13f,success,2025-09-02,2025-12-03,69,70,
spgix,S&P Global xStock,0xd3c5af6b2f0f754b2141f368cfc5ea99c3594d3a,success,1970-01-01,1970-01-01,1,1,
sph,Spheroid Universe,0xa0cf46eb152656c7090e769916eb44a138aaa406,success,2020-08-04,2025-12-03,1934,1935,
sphynx,Sphynx Labs,0x1901f826dfcbfd9d3138936932366b3493a50893,success,2023-05-05,2025-12-03,767,768,
spike,Spike,0x19848077f45356b21164c412eff3d3e4ff6ebc31,success,2024-06-13,2025-12-03,538,539,
ustbl,Spiko US T-Bills Money Market Fund,0xe4880249745eac5f1ed9d8f7df844792d560e750,success,2024-08-20,2025-12-03,471,472,
coil,SpiralDAO Coil,0x823e1b82ce1dc147bbdb25a203f046afab1ce918,success,2023-04-12,2025-12-03,729,730,
boo,SpookySwap [Old],0x55af5865807b196bd0197e0902746f31fbccfa58,success,2021-05-04,2025-12-03,1672,1673,
spo,Spores Network,0xcbe771323587ea16dacb6016e269d7f08a7acc4e,success,2021-07-30,2025-12-03,1588,1589,
spork,SporkDAO,0xb624fde1a972b1c89ec1dad691442d5e8e891469,success,2022-02-04,2025-12-03,1073,1074,
sbet,Sports Bet,0x2ed2cc2c858a8a8219fd2f2d9e170285dbd02756,success,2022-06-10,2025-12-03,1246,1247,
spot,Spot,0xc1f33e0cf7e40a67375007104b929e49a581bafe,success,2022-12-09,2025-12-03,1085,1086,
spoton,Spotify (Ondo Tokenized Stock),0x590f21186489ca1612f49a4b1ff5c66acd6796a9,success,2025-09-02,2025-12-03,75,76,
spring,Spring Token,0xf04af3f4e4929f7cd25a751e6149a3318373d4fe,success,2022-04-30,2025-12-03,1298,1299,
sprstr,SprotoStrategy,0x2e0e7dd22ad56705237a59759918e20267b111f2,success,2025-09-18,2025-12-01,43,587,
ijrx,S&P Small Cap xStock,0xaa28cb97d7f7e172f54dee950743886d2d65447d,success,1970-01-01,1970-01-01,1,1,
spurdo,Spurdo,0x59c6766de1dc50a9c9db86cb0461b5ce07408ab7,success,2023-08-21,2025-12-03,754,755,
spurdo,Spurdo,0x42069e779838929495ed0152ffc27145ce5c7f98,success,2025-07-28,2025-12-03,129,130,
spurdo,SPURDO,0x74c00c26e0ace673313aebf749a1a9644eeefdea,success,2025-09-12,2025-12-03,83,1960,
spurdo,SPURDO ON ETH,0x3927fb89f34bbee63351a6340558eebf51a19fb8,success,2024-06-12,2025-11-30,537,538,
spx,SPX6900,0xe0f63a424a4439cbe457d80e4f4b51ad25b2c56c,success,2023-08-24,2025-12-03,828,829,
spx2.0,SPX6900 2.0,0x230ea9aed5d08afdb22cd3c06c47cf24ad501301,success,2024-10-26,2025-12-03,404,405,
spyro,SPYRO,0x6d7497751656618fc38cfb5478994a20f7e235df,success,2024-02-13,2025-12-03,569,570,
squid,Squid Game,0x561cf9121e89926c27fa1cfc78dfcc4c422937a4,success,2023-11-21,2025-11-29,696,697,
sqgrow,SquidGrow,0xb72e76ccf005313868db7b48070901a44629da98,success,2024-09-13,2025-12-03,447,448,
squigstr,SquiggleStrategy,0x742fd09cbbeb1ec4e3d6404dfc959a324deb50e6,success,2025-09-26,2025-12-03,69,1520,
squill,Squill,0x7ebab7190d3d574ce82d29f2fa1422f18e29969c,success,2025-06-26,2025-12-03,149,150,
squirrel,Squirrel By 𝓜𝓪𝓽𝓽 𝓕𝓾𝓻𝓲𝓮,0xf32d61b55a0704e52a12963c4b71315847b0d04e,success,2025-09-05,2025-10-18,6,79,
nuts,Squirrel Wallet,0x195f5c217b96cd3dd75d39327161b8911a42e509,success,2025-09-28,2025-12-03,67,1445,
squirry,Squirry,0xbfa7cb34879167e982206fabf6ced5e2ba5cd496,success,2024-07-10,2025-12-02,350,351,
srune,sRUNE,0x0352557b007a4aae1511c114409b932f06f9e2f4,success,2021-05-01,2025-12-03,1647,1648,
ssv,SSV Network,0x9d65ff81a3c488d585bbfb0bfe3c7707c7917f54,success,2021-10-19,2025-12-03,1507,1508,
sbc,Stable Coin,0xf9fb20b8e097904f0ab7d12e9dbee88f2dcd0f16,success,2025-08-20,2025-12-03,106,107,
scomp,Stablecomp,0xd94a8f9caed25e63ecc90edfefaf3635ea1e182a,success,2023-12-24,2025-12-03,646,647,
eurr,StablR Euro,0x50753cfaf86c094925bf976f218d043f8791e408,success,2025-01-17,2025-12-03,321,322,
usdr,StablR USD,0x7b43e3875440b44613dc3bc08e7763e6da63c8f8,success,2025-01-19,2025-12-03,317,318,
stabul,Stabull Finance,0x6a43795941113c2f58eb487001f4f8ee74b6938a,success,2025-05-19,2025-12-03,199,200,
$stack,STACKER AI,0x4c0f743928ca8fa7fb24ad89669c8a7838f34917,success,2023-11-11,2025-11-16,686,687,
sd,Stader,0x30d20208d987713f46dfd34ef128bb16c404d10f,success,2022-03-15,2025-12-03,1360,1361,
ethx,Stader ETHx,0xa35b1b31ce002fbf2058d22f30f95d405200a15b,success,2023-07-07,2025-12-03,877,878,
maticx,Stader MaticX,0xf03a7eb46d01d9ecaa104558c732cf82f6b6b645,success,2022-05-03,2025-12-03,1311,1312,
fis,Stafi,0xef3a930e1ffffacd2fc13434ac81bd278b0ecc8d,success,2020-09-11,2025-12-03,1910,1911,
stkaave,Staked Aave,0x4da27a545c0c5b758a6ba100e3a049001de870f5,success,2025-12-02,2025-12-03,2,12,
stkabpt,Staked Aave Balancer Pool Token,0xa1116930326d21fb917d5a27f1e9943a9595fb47,success,2021-06-30,2025-12-03,1618,1619,
steur,Angle Staked EURA,0x004626a008b1acdc4c74ab51644093b155e59a23,success,2023-12-03,2025-12-03,732,733,
sdt,Stake DAO,0x73968b9a57c6e53d41345fd57a6e6ae27d6cdb2f,success,2021-01-21,2025-12-03,1778,1779,
sdcrv,Stake DAO CRV,0xd1b5651e55d4ceed36251c61c50c889b36f6abb5,success,2022-10-13,2025-12-03,1133,1134,
sdfxn,Stake DAO FXN,0xe19d1c837b8a1c83a56cd9165b2c0256d39653ad,success,2025-03-08,2025-12-03,271,272,
sdpendle,Stake DAO sdPENDLE,0x5ea630e00d6ee438d3dea1556a110359acdc10a9,success,2025-12-03,2025-12-03,1,1,
stavail,Deq Staked AVAIL,0x3742f3fcc56b2d46c7b8ca77c23be60cd43ca80a,success,2024-11-05,2025-12-03,371,372,
moobifi,Staked BIFI,0xbeef8e0982874e0292e6c5751c5a4092b3e1beef,success,2023-11-13,2025-12-03,752,753,
stcusd,Staked Cap USD,0x88887be419578051ff9f4eb6c858a951921d8888,success,2025-10-15,2025-10-15,1,10,
sfrxeth,Staked Frax Ether,0xac3e018457b222d93114458476f3e3416abbe38f,success,2022-12-01,2025-12-03,1065,1066,
sfrxusd,Staked Frax USD,0xcf62f905562626cfcdd2261162a51fd02fc9c5b6,success,2025-02-17,2025-12-03,290,291,
sinv,Staked INV,0x08d23468a467d2bb86fae0e32f247a26c7e2e994,success,1970-01-01,1970-01-01,1,1,
xogn,Staked OGN,0x63898b3b6ef3d39332082178656e9862bee45c57,success,1970-01-01,1970-01-01,1,1,
spiku,Staked PIKU,0x5da17ca137f1128d4be7ce574bc61f3ac4839df8,success,1970-01-01,1970-01-01,1,1,
shusd,Staked Sherpa USD,0x96043804d00dcec238718eedad9ac10719778380,success,1970-01-01,1970-01-01,1,1,
xusd,Staked Stream USD,0xe2fc85bfb48c4cf147921fbe110cf92ef9f26f94,success,2025-07-16,2025-12-03,68,69,
sthusd,Staked Tharwa USD,0xf7af0a8079f12f19533b0df69ce7ee6718b0c46f,success,1970-01-01,1970-01-01,1,1,
susn,Staked USN,0xe24a3dc889621612422a64e6388927901608b91d,success,2025-03-21,2025-12-03,258,259,
st-ycrv,Staked Yearn CRV Vault,0x27b5739e22ad9033bcbf192059122d163b60349d,success,2023-01-20,2025-12-03,767,768,
st-yeth,Staked Yearn Ether,0x583019ff0f430721ada9cfb4fac8f06ca104d0b4,success,2023-10-09,2025-12-03,787,788,
syusd,Staked YUSD,0xfe0ccc9942e98c963fe6b4e5194eb6e3baa4cb64,success,2025-10-13,2025-12-02,27,274,
keth,Stakehouse kETH,0xe0c28a5a2da3920946e8bf821f61f7bea311048b,success,1970-01-01,1970-01-01,1,1,
sdl,stake.link,0xa95c5ebb86e0de73b4fb8c47a45b792cfea28c23,success,2022-12-06,2025-12-03,1085,1086,
stlink,Staked LINK,0xb8b295df2cd735b15be5eb419517aa626fc43cd5,success,2024-02-04,2025-12-03,664,665,
sql,StakeQuest Legends,0xff0d55e4ace7cfbd07c7d15515d84e15b25325ab,success,2025-09-10,2025-12-03,85,2004,
sto,StakeStone,0x1d88713b483a8e45cff0e5cd7c2e15e5fab4534d,success,2025-04-03,2025-12-03,245,246,
berastone,StakeStone Berachain Vault Token,0x97ad75064b20fb2b2447fed4fa953bf7f007a706,success,2025-01-18,2025-12-03,320,321,
stone,StakeStone ETH,0x7122985656e38bdc0302db86685bb972b145bd3c,success,2023-11-22,2025-12-03,743,744,
stpeth,Stake Together,0x218de5e6324c5351c3a2bf0c40d76f585b8de04d,success,1970-01-01,1970-01-01,1,1,
svn,StakeVault.Network,0xce872db165d4f5623af9c29e03afd416bc5f67bc,success,2024-04-29,2025-12-03,584,585,
swise,StakeWise,0x48c3399719b582dd63eb5aadf12a40b4c3f52fa2,success,2021-04-27,2025-12-03,1678,1679,
oseth,StakeWise Staked ETH,0xf1c9acdc66974dfb6decb12aa385b9cd01190e38,success,2023-12-11,2025-12-03,724,725,
stnd,Standard Protocol,0x9040e237c3bf18347bb00957dc22167d0f2b999d,success,2021-04-29,2025-11-13,1660,1661,
sbuxon,Starbucks (Ondo Tokenized Stock),0xf15fbc1349ab99abad63db3f9a510bf413be3bef,success,2025-09-02,2025-12-03,77,78,
stg,Stargate Finance,0xaf5191b0de278c7286d6c7cc6ab6bb8a73ba2cd6,success,2022-03-18,2025-12-03,1357,1358,
star,StarHeroes,0xb299751b088336e165da313c33e3195b8c6663a6,success,2024-03-12,2025-12-03,632,633,
strk,Starknet,0xca14007eff0db1f8135f4c25b34de49ab0d42766,success,2024-02-20,2025-12-03,653,653,
starl,StarLink,0x8e6cd950ad6ba651f6dd608dc70e5886b1aa6b24,success,2021-07-01,2025-12-03,1617,1618,
stars,STARS,0x04f121600c8c47a754636fc9d75661a9525e05d5,success,2024-12-25,2025-12-03,344,345,
eurs,STASIS EURO,0xdb25f211ab05b1c97d595516f45794528a807ad8,success,2018-07-31,2025-12-03,2683,2684,
stat,STAT,0x4fc15c91a9c4a9efb404174464687e8e128730c2,success,2022-07-28,2025-12-03,1225,1226,
sta,Statera,0xa7de087329bfcda5639247f96140f9dabe3deed1,success,2020-05-25,2025-12-02,1751,1752,
snt,Status,0x744d70fdbe2ba4cf95131626614a1763df805b9e,success,2017-07-29,2025-12-03,3050,3051,
stax,STAX Token,0xd70030cb861be7a7788f699e4f5ca8d51b31102d,success,2025-09-25,2025-12-03,70,1652,
steaketh,Steakhouse ETH Morpho Vault,0xbeef050ecd6a16c4e7bffbb52ebba7846c4b8cd4,success,2024-11-29,2025-12-03,370,371,
steakeurcv,Steakhouse EURCV Morpho Vault,0xbeef07e929f84466a591de130e4154667214f491,success,2024-12-06,2025-12-03,363,364,
steakm,Steakhouse M Morpho Vault,0xbeef0075e03a5ce0d84d4accf3481363e0584f5c,success,1970-01-01,1970-01-01,1,1,
steakpyusd,Steakhouse PYUSD Morpho Vault,0xbeef02e5e13584ab96848af90261f0c8ee04722a,success,2024-12-09,2025-12-03,360,361,
steakrusd,Steakhouse RUSD Morpho Vault,0xbeef11ecb698f4b5378685c05a210bdf71093521,success,1970-01-01,1970-01-01,1,1,
steakusdc,Steakhouse USDC Morpho Vault,0xbeef01735c132ada46aa9aa4c54623caa92a64cb,success,2024-12-09,2025-12-03,360,361,
steakusdl,Steakhouse USDL Morpho Vault,0xbeefd1c0c6c1f7c94dc6b989dba2e983a47a26a8,success,1970-01-01,1970-01-01,1,1,
steakusdt,Steakhouse USDT Morpho Vault,0xbeef047a543e45807105e51a8bbefcc5950fcfba,success,2024-12-06,2025-12-03,363,364,
steakwbtc,Steakhouse WBTC Morpho Vault,0xbeef094333aedd535c130958c204e84f681fd9fa,success,2024-12-06,2025-12-03,363,364,
stealth,Stealth AI,0xe27f31b020f95f90f0db2ae0a5fae3b505df7a3e,success,2024-12-12,2025-11-26,330,331,
stm,Steam22,0x65b3f4a4694b125ada8f9ebc2b79d6c7d4015d1b,success,2025-08-10,2025-12-03,116,117,
mickey,Steamboat Willie,0x9609b540e5dedddb147abbf9812ade06b1e61b2c,success,2024-02-19,2025-12-03,652,653,
stelai,StellaryAI,0xcd4ee6c8052df6742e4b342cf720ff3ac74f415e,success,2024-03-18,2025-11-30,597,598,
gmt,GMT,0xe3c408bd53c31c085a1746af401a4042954ff740,success,2022-03-09,2025-12-03,1366,1367,
arm-weth-steth,stETH ARM LP Token,0x85b78aca6deae198fbf201c82daf6ca21942acc6,success,2025-09-23,2025-12-03,72,1690,
steve,Steve,0x6e068796ba34613eb9b285affe0283fef3f4d66f,success,2024-07-04,2025-11-17,241,242,
stfx,STFX,0x9343e24716659a3551eb10aff9472a2dcad5db2d,success,2023-01-25,2025-11-26,1035,1036,
stbu,Stobox Token,0xa6422e3e219ee6d4c1b18895275fe43556fd50ed,success,2020-09-29,2025-12-03,1890,1891,
stops,Stockops AI,0x0b90ab67c353e1b4956ca3b13c3a1dbdec169655,success,2025-07-31,2025-10-25,44,45,
ston,Ston,0xdc47f2ba852669b178699449e50682d6ceaf8c07,success,2020-11-02,2025-11-13,1644,1645,
stonks,STONKSDAO,0x3d9a4d8ab4f5bd1d5d08ae3a95e8ed8bb4d7e3b9,success,2023-04-25,2025-11-25,796,797,
stonks,Stonks on ETH,0x7d4a23832fad83258b32ce4fd3109ceef4332af4,success,2024-06-11,2025-12-03,541,542,
wstor,StorageChain,0x346b46280f559def274f80c5d16471b4b7ef2f14,success,2023-12-21,2025-12-03,638,639,
storj,Storj,0xb64ef51c888972c908cfacf59b47c1afbc0ab8ac,success,2017-10-02,2025-12-03,2985,2986,
stmx,StormX,0xa62cc35625b0c8dc1faea39d33625bb4c15bd71c,success,2018-01-04,2025-12-03,2891,2892,
jan,Storm Warfare,0x5a9261b023692405f2f680240c6b010638e416dd,success,2024-02-06,2025-12-03,627,627,
sbr,Strategic Bitcoin Reserve,0xd6203889c22d9fe5e938a9200f50fdffe9dd8e02,success,2024-11-07,2025-12-03,392,393,
sξr,Strategic ETH Reserve,0x2fd23a21c52fff0535328a7177da1fb31b8a819e,success,2025-09-15,2025-12-03,73,1355,
shib,Strategic Hub for Innovation in Blockchain,0xf4b7b9ab55a2eeb3bd6123b8f45b0abffd5089c7,success,2024-11-08,2025-11-21,353,354,
$strpnk,Strategy Punks,0x24b5664083b89ae7c2b7a4a6efea472a6d47314c,success,2025-10-10,2025-12-03,55,1280,
stos,Stratos,0x08c32b0726c5684024ea6e141c50ade9690bbdcc,success,2021-06-10,2025-12-03,1638,1639,
stack,StratoStack,0x6b6ed968c266de0e9b24ed055f5eaf44072c1730,success,2025-07-09,2025-11-09,86,87,
svm,StratoVM,0x2bc46eb4ae80ddd9c8a6e064c74327c8244d88e2,success,2024-10-07,2025-12-03,397,398,
berry,Strawberry AI,0xcb76314c2540199f4b844d4ebbc7998c604880ca,success,2024-08-15,2025-12-03,476,477,
صباح الفر,Strawberry Elephant,0xd22a61e8503bea5842e5e0126ca9ffc4dd492084,success,2023-09-20,2025-12-02,433,434,
berry,Strawberry In Bloom,0x962c8a85f500519266269f77dffba4cea0b46da1,success,2025-05-11,2025-12-03,207,208,
straydog,Stray Dog,0xe15ed6cad89cb6d71b1f18eff938c65fbc59b371,success,2025-08-26,2025-12-03,100,101,
strm,Streamer Inu,0x8162b5bc8f651007cc38a09f557bab2bf4cefb5b,success,2022-10-28,2025-11-23,831,832,
data,Streamr,0x8f693ca8d21b157107184d29d398a8d082b38b76,success,2021-08-23,2025-12-03,1564,1565,
xdata,Streamr XDATA,0x0cf0ee63788a0849fe5297f3407f701e122cc023,success,2017-11-08,2025-12-03,2948,2949,
strike,Strike,0x74232704659ef37c08995e386a2e26cc27a8d7b1,success,2021-04-01,2025-12-03,1708,1709,
strx,StrikeX,0x4ed257678fc4e76df9642a416b223729fdedbefd,success,2021-05-27,2025-12-03,1651,1652,
stpr,Strike Protocol,0x1c74d8c8fe37b0fa47debc82e0ab6925a3dc4a2f,success,2024-09-17,2025-12-02,241,242,
strong,Strong,0x990f341946a3fdb507ae7e52d17851b87168017c,success,2020-08-10,2025-12-03,1942,1943,
strngr,Stronger,0xdc0327d50e6c73db2f8117760592c8bbf1cdcf38,success,2022-04-08,2025-12-03,1194,1195,
shx,Stronghold,0x516d31321928700c6b4fb0db0c8c6bc5d6799787,success,2019-04-19,2025-12-03,2417,2418,
strdy,Sturdy,0xaeb3607ec434454ceb308f5cd540875efb54309a,success,2024-02-22,2025-12-03,651,652,
style,STYLE Token,0x9e91f79070926a191e41367d40ad582686f9e66d,success,2024-05-02,2025-11-29,525,526,
sqt,SubQuery Network,0x09395a2a58db45db0da254c7eaa5ac469d8bdc85,success,2024-02-23,2025-12-03,650,651,
sccn,Succession,0xdfddf7a69716124bc346ba556d4b9f9e74c4a8bc,success,2022-05-01,2025-12-03,1313,1314,
prove,Succinct,0x6bef15d938d4e72056ac92ea4bdd0d76b1c4ad29,success,2025-08-05,2025-12-03,121,122,
sudo,sudoswap,0x3446dd70b2d52a6bf4a5a192d9b0a161295ab7f9,success,2023-02-19,2025-12-03,1019,1020,
suiai,SUI Agents,0xd19b72e027cd66bde41d8f60a13740a26c4be8f3,success,2024-12-07,2025-12-03,362,363,
desci,SUI Desci Agents,0xaec613188b1e178d42a05d352044d54854c3196a,success,2024-12-27,2025-12-03,342,343,
suigx,SUI xStock,0x311c27827ea53894aa40ad7fab72b43e26fb34b0,success,1970-01-01,1970-01-01,1,1,
skt,Sukhavati Network,0x012e0e6342308b247f36ee500ecb14dc77a7a8c1,success,2021-08-13,2025-12-03,1573,1574,
suki,SUKI,0x696733ce8f387c7a648443d9e21c6c1ee8519b94,success,2024-09-17,2025-12-01,268,269,
suku,SUKU,0x0763fdccf1ae541a5961815c0872a8c5bc6de4d7,success,2020-08-04,2025-12-03,1948,1949,
summer,Summer,0x4d4f3715050571a447fffa2cd4cf091c7014ca5c,success,2022-04-30,2025-12-03,1277,1278,
snc,SunContract,0xf4134146af2d511dd5ea8cdb1c4ac88c57d60404,success,2017-11-19,2025-12-03,2937,2938,
sunc,Sunrise,0x692accdd8b86692427e0aa4752ae917df01cc56f,success,2021-08-10,2025-11-25,1234,1235,
tzu,Sun Tzu,0x13dbd5394c2c7e4bdb85b1838286faa66532a262,success,2023-06-09,2025-12-03,710,710,
superbid,SuperBid,0x0563dce613d559a47877ffd1593549fb9d3510d6,success,2021-03-04,2025-12-03,1555,1556,
champ,Super Champs,0x4af1bc87e43ddb22188bb3791ae00341586fe8fc,success,2024-11-20,2025-12-03,379,380,
closedai,Super Closed Source,0x571d9b73dc04ed88b4e273e048c8d4848f83b779,success,2024-03-13,2025-12-03,559,560,
super,SuperVerse,0xe53ec727dbdeb9e2d5456c3be40cff031ab40a55,success,2021-02-22,2025-12-03,1746,1747,
sup,Superfluid,0xd05001db979ff2f1a3b2105875d3454e90dd2961,success,2025-11-19,2025-12-03,15,323,
supergrok,SuperGrok,0x00869e8e2e0343edd11314e6ccb0d78d51547ee5,success,2025-07-17,2025-12-03,140,141,
silkroad,SuperMarioPorsche911Inu,0x1142866f451d9d5281c5c8349a332bd338e552a1,success,2023-09-08,2025-12-03,736,737,
smcion,Super Micro Computer (Ondo Tokenized Stock),0x2ca12a3f9635fd69c21580def14f25c210ca9612,success,2025-09-02,2025-12-03,85,86,
rare,SuperRare,0xba5bde662c17e2adff1075610382b9b691296350,success,2021-08-17,2025-12-03,1570,1571,
ssuperusd,SuperReturn sSuperUSD,0x139450c2dcef827c9a2a0bb1cb5506260940c9fd,success,2025-07-31,2025-12-03,126,127,
supr,Superseed,0x17906b1cd88aa8efaefc5e82891b52a22219bd45,success,2025-05-05,2025-12-03,213,214,
ustb,Superstate Short Duration U.S. Government Securities Fund (USTB),0x43415eb6ff9db7e26a15b704e7a3edce97d31c4e,success,2024-11-01,2025-12-03,398,399,
uscc,Superstate USCC,0x14d60e7fdc0d71d8611742720e4c50e7a974020c,success,2024-11-01,2025-12-03,398,399,
strump,Super Trump,0x7039cd6d7966672f194e8139074c3d5c4e6dcf65,success,2024-03-14,2025-12-03,630,631,
susda,sUSDa,0x2b66aade1e9c062ff411bd47c44e0ad696d43bd9,success,2024-11-19,2025-12-03,288,288,
susds,sUSDS,0xa3931d71877c0e7a3148cb7eb4463524fec27fbd,success,2024-12-13,2025-12-03,356,357,
yvsusd,sUSD yVault,0xa5ca62d95d24a4a350983d5b8ac4eb8638887396,success,2023-01-20,2025-12-03,1049,1050,
sushi,Sushi,0x6b3595068778dd592e39a122f4f5a5cf09c90fe2,success,2020-08-28,2025-12-03,1924,1925,
yvsushi,SUSHI yVault,0x6d765cbe5bc922694afe112c140b8878b9fb0390,success,2023-01-20,2025-12-03,1049,1050,
sgt,AI Avatar,0x5b649c07e7ba0a1c529deaabed0b47699919b4a2,success,2023-05-25,2025-12-03,924,925,
$swag,Swag,0x36c7188d64c44301272db3293899507eabb8ed43,success,2024-07-19,2025-12-03,503,504,
swpr,Swapr,0x6cacdb97e3fc8136805a9e7c342d866ab77d0957,success,2021-10-06,2025-12-03,1446,1447,
swm,Swarm Network,0x3505f494c3f0fed0b594e01fa41dd3967645ca39,success,2014-09-16,2025-12-03,3391,3392,
bzz,Swarm,0x19062190b1925b5b6689d7073fdfc8c2976ef8cb,success,2021-06-21,2025-12-03,1627,1628,
smt,Swarm Markets,0xb17548c7b510427baac4e267bea62e800b247173,success,2021-08-03,2025-12-03,1579,1580,
swash,Swash,0xa130e3a33a4d84b04c3918c4e5762223ae252f80,success,2021-10-31,2025-12-03,1495,1496,
sweat,SWEAT,0xb4b9dc1c77bdbb135ea907fd5a08094d98883a35,success,2022-09-13,2025-12-03,1178,1179,
swell,Swell,0x0a6e7ba5042b38349e437ec6db6214aec7b35676,success,2024-11-07,2025-12-03,392,393,
sweth,Swell Ethereum,0xf951e335afb289353dc249e82926178eac7ded78,success,2023-05-15,2025-12-03,934,935,
swftc,SWFTCOIN,0x0bb217e40f8a5cb79adf04e1aab60e5abd0dfc1e,success,2018-02-13,2025-12-03,2851,2852,
swingby,Swingby,0x8287c7b963b405b7b8d467db9d79eec40625b13a,success,2020-07-24,2025-12-03,1956,1957,
$swing,Swing.xyz,0xd8dd38ca016f3e0b3bc545d33cce72af274ce075,success,2024-12-19,2025-12-03,319,320,
sxp,Solar,0x8ce9137d39326ad0cd6491fb5cc0cba0e089b6a9,success,2019-08-24,2025-12-03,2294,2295,
borg,SwissBorg,0x64d0f55cd8c7133a9d7102b13987235f486f2224,success,2018-02-15,2025-12-03,2849,2850,
swth,Carbon Protocol,0xb4371da53140417cbb3362055374b10d97e420bb,success,2018-04-04,2025-12-03,2789,2790,
switch,Switch Token,0xb10cc888cb2cce7036f4c7ecad8a57da16161338,success,2023-05-09,2025-12-03,940,941,
swat,SWTCoin,0xc0f1728d9513efc316d0e93a0758c992f88b0809,success,2018-09-13,2025-11-19,2329,2330,
swusd,Swerve.fi USD,0x77c6e4a580c0dce4e5c7a17d0bc077188a83a059,success,2020-10-25,2025-12-03,1866,1867,
sx,SX Network (OLD),0x99fe3b1391503a1bc1788051347a1324bff41452,success,2021-01-27,2025-12-03,1772,1773,
sx,SX Network,0xbe9f61555f50dd6167f2772e9cf7519790d96624,success,2024-01-31,2025-12-03,673,674,
sylo,Sylo,0xf293d23bf2cdc05411ca0eddd588eb1977e8dcd4,success,2020-05-15,2025-12-03,2029,2030,
sis,Symbiosis,0xd38bb40815d2b0c2d2c866e0c72c5728ffc76dd9,success,2021-12-02,2025-12-03,1463,1464,
syn,Synapse,0x0f2d719407fdbeff09d87557abb7232601fd9f29,success,2021-08-30,2025-12-03,1557,1558,
syn,Synari,0x1bd1bc78a183c0547cdc2dcea12c0a8c05bdc034,success,2025-05-31,2025-11-10,65,66,
sync,Sync Network,0xb6ff96b8a8d214544ca0dbc9b33f7ad6503efd32,success,2020-11-27,2025-12-03,1808,1808,
snc,Syncoin,0x6b8952d61e2cd41a284ffd250deb021a709bdc1c,success,2025-09-04,2025-12-03,88,2020,
synd,Syndicate,0x1bab804803159ad84b8854581aa53ac72455614e,success,2025-09-18,2025-12-03,77,1825,
f,SynFutures,0x6e15a54b5ecac17e58dadeddbe8506a7560252f9,success,2024-12-06,2025-12-03,363,364,
synk,Synk,0x048d07bd350ba516b84587e147284881b593eb86,success,2024-09-24,2025-12-03,436,437,
synt,Synternet,0xda987c655ebc38c801db64a8608bc1aa56cd9a31,success,2024-06-27,2025-12-03,525,526,
tor,Syntor Ai,0x21e133e07b6cb3ff846b5a32fa9869a1e5040da1,success,2025-05-24,2025-12-02,193,194,
syrup,Maple Finance,0x643c4e15d7d62ad0abec4a9bd4b001aa3ef52d66,success,2024-11-13,2025-12-03,386,387,
syrupusdc,syrupUSDC,0x80ac24aa929eaf5013f6436cda2a7ba190f5cc0b,success,2025-03-02,2025-12-03,277,278,
syrupusdt,syrupUSDT,0x356b8d89c1e1239cbbb9de4815c39a1474d5ba7d,success,2025-09-29,2025-12-03,66,1555,
t3,T3 AI,0xf60899b5d7239d0868520d9b6fec14976a37795b,success,2025-09-14,2025-10-04,9,131,
tkai,TAIKAI,0x7c5b267ed81009aa7374b5ca7e5137da47045ba8,success,2024-01-25,2025-12-03,678,679,
taiki,TAIKI INU,0xe533c2480983e46664b15717d6fc02c0a1dad537,success,2025-06-04,2025-12-03,183,184,
taiko,Taiko,0x10dea67478c5f8c5e2d90e5e9b26dbe60c54d800,success,2024-06-05,2025-12-03,547,548,
tsmon,Taiwan Semiconductor Manufacturing (Ondo Tokenized Stock),0x3cafdbfe682aec17d5ace2f97a2f3ab3dcf6a4a9,success,2025-09-02,2025-12-03,93,94,
tako,Tako,0x0ee375090f423934ebfbb241a3eb2ee4e01eaf0a,success,2025-07-09,2025-12-03,148,149,
talk,Talken,0xcaabcaa4ca42e1d86de1a201c818639def0ba7a7,success,2021-09-03,2025-12-03,1553,1554,
tanssi,Tanssi,0x553f4cb7256d8fc038e91d36cb63fa7c13b624ab,success,2025-07-09,2025-12-03,148,149,
tanuki,Tanuki,0x0b2fa18342d38909e3e44d7103cf3f37b0a0403a,success,2025-07-18,2025-12-03,139,140,
tas,Tao Accounting System,0x64d5fea7d2d600918b76159285994d6ed218f264,success,2024-02-29,2025-11-25,427,428,
tbank,TaoBank,0x95ccffae3eb8767d4a941ec43280961dde89f4de,success,2024-03-01,2025-11-28,635,636,
taobot,tao.bot,0x49fb8ad7578148e17c3ef0c344ce23a66ed372c4,success,2024-03-08,2025-12-03,636,637,
ceti,Tao Ceτi,0x1bfce574deff725a3f483c334b790e25c8fa9779,success,2024-03-15,2025-11-28,624,625,
taonu,TAO INU,0x4e9fcd48af4738e3bf1382009dc1e93ebfce698f,success,2023-11-24,2025-12-03,741,742,
tpad,TaoPad,0x5483dc6abda5f094865120b2d251b5744fc2ecb5,success,2023-12-15,2025-12-03,541,541,
xtp,XTP,0x6368e1e18c4c419ddfc608a0bed1ccb87b9250fc,success,2019-12-25,2025-12-03,1975,1976,
tap (bitcoin),Tapify,0x5e7f6e008c6d9d7ad4c7eb75bd4ce62864cc7454,success,2024-11-27,2025-12-03,372,373,
taproot,Taproot,0x07b701ac44aacb03d8bed42eb85ec38210bdf513,success,2024-02-20,2025-12-03,653,654,
tara,Taraxa,0x2f42b7d686ca3effc69778b6ed8493a7787b4d6e,success,2021-03-22,2025-12-03,1718,1719,
trdg,TRDGtoken,0x92a42db88ed0f02c71d439e55962ca7cab0168b5,success,2021-03-15,2025-12-02,1371,1372,
twb,TargetWatch Bot,0xacdbfcbd4d6d4e9fe72c3ba4280d728ab2ace30f,success,1970-01-01,1970-01-01,1,1,
tgtx,Target xStock,0xab6a44ad34d083f463fa6f64d0619f11eb2cb48d,success,1970-01-01,1970-01-01,1,1,
taro,Taro,0xae9f227a68a307afa799fa024198ba6d1d83da4b,success,2025-05-20,2025-12-03,194,195,
tarot,Tarot V1,0x837d904a3799c0769079be9ecbaddf1abd4ccd6e,success,2021-08-23,2025-12-03,1564,1565,
tarot,Tarot,0xa10bf0aba0c7953f279c4cb8192d3b5de5ea56e8,success,2023-09-19,2025-12-03,807,808,
tate,TATE,0xa589d8868607b8d79ee4288ce192796051263b64,success,2023-04-28,2025-12-01,904,905,
tatsu,Tatsu,0x92f419fb7a750aed295b0ddf536276bf5a40124f,success,2024-02-29,2025-12-03,644,645,
txt,Taxa Network,0x547b2f82cecfab9c2b1d36fdda96ef9f58c63b8c,success,2021-09-29,2025-12-03,1527,1528,
tbllx,TBLL xStock,0x4cbf89ed7bb30b8a860fa86d3c96e9c72931299b,success,1970-01-01,1970-01-01,1,1,
tbtc,tBTC,0x18084fba666a33d37592fa2633fd49a74dd93a88,success,2020-09-23,2025-12-03,1898,1899,
tea,Tea Protocol,0x7eaa67f8d365bbe27d6278fdc2ba24a1aa71c8e5,success,1970-01-01,1970-01-01,1,1,
tear,TEAR,0x299a1503e88433c0fd1bd68625c25c5a703eb64f,success,2024-02-21,2025-12-03,459,460,
tet,Tectum,0x68a47fe1cf42eba4a030a10cd4d6a1031ca3ca0a,success,2023-07-04,2025-12-03,884,885,
teddy,Teddy the Tile Doge,0x6377d23a56c10a39bf4363e33e5515f1ef62a3c2,success,2025-07-28,2025-12-03,129,130,
tone,TE-FOOD,0x2ab6bb8408ca3199b8fa6c92d5b455f820af03c4,success,2018-03-17,2025-12-03,2807,2808,
tgr,Tegro,0xc7026a20a640bc71b9074f7aed52a00cd9147091,success,2022-07-26,2025-12-03,954,955,
bag,tehBag,0x235c8ee913d93c68d2902a8e0b5a643755705726,success,2023-02-05,2025-11-28,964,965,
tel,Telcoin,0x467bccd9d29f223bce8043b84e8c8b282827790f,success,2018-02-02,2025-12-03,2861,2862,
tst,Teleport System Token,0x0828096494ad6252f0f853abfc5b6ec9dfe9fdad,success,2024-06-27,2025-12-03,525,526,
tlos,Telos,0x193f4a4a6ea24102f49b931deeeb931f6e32405d,success,2019-01-30,2025-12-03,2500,2501,
temco,TEMCO,0x2fc246aa66f0da5bb1368f688548ecbbe9bdee5d,success,2019-02-02,2025-12-03,2497,2498,
temple,TempleDAO,0x470ebf5f030ed85fc1ed4c2d36b9dd02e77cf1b7,success,2021-12-23,2025-11-29,1316,1317,
temx,Tempus AI xStock,0x61aee4f4e6b62806c26eaff921e7f41782ca2e03,success,1970-01-01,1970-01-01,1,1,
tbc,Ten Best Coins,0x03042ae6fcfd53e3a0baa1fab5ce70e0cb74e6fb,success,2022-09-16,2025-12-03,1175,1176,
tenshi,Tenshi,0x52662717e448be36cb54588499d5a8328bd95292,success,2021-07-19,2025-12-02,1210,1211,
thub,TensorHub,0x7fed466b893c716235e1b8d685c913f7d2797463,success,2024-04-05,2025-11-28,247,248,
sttao,Tensorplex Staked TAO,0xb60acd2057067dc9ed8c083f5aa227a244044fd6,success,2024-02-18,2025-12-03,645,646,
tsa,TensorScan AI,0xf02c2dc9b3cb7f1ba21ccd82dff4ebc92da8996f,success,2024-03-18,2025-11-26,567,568,
tpu,TensorSpace,0xd9812f24f34e0d727bbf6ea7caaee05b7f7a2603,success,2024-03-09,2025-12-03,552,553,
tup,Tenup,0x7714f320adca62b149df2579361afec729c5fe6a,success,2018-12-04,2025-12-03,2469,2470,
pay,TenX,0xb97048628db6b661d4c2aa833e95dbe1a905b280,success,2017-07-16,2025-12-03,3063,3064,
wulfx,TeraWulf xStock,0xc0c2150cf0870e2d7abc7cde17c20a542fafbb9b,success,1970-01-01,1970-01-01,1,1,
term,Term Finance,0xc3d21f79c3120a4ffda7a535f8005a7c297799bf,success,2025-03-26,2025-12-03,253,254,
tmns,Terminus,0x70054a18e57bd9e21e8b6361f6a8dfcd86cdc7d0,success,2024-09-22,2025-11-26,231,232,
terminus,Terminus,0xcbde0453d4e7d748077c1b0ac2216c011dd2f406,success,2024-09-23,2025-12-03,437,438,
terminus,Terminus,0x44e18207b6e98f4a786957954e462ed46b8c95be,success,2024-10-01,2025-12-03,420,420,
trr,Terran Coin,0x490e3f4af13e1616ec97a8c6600c1061a8d0253e,success,2021-05-10,2025-12-03,1669,1670,
ust,TerraUSD (Wormhole),0xa693b19d2931d498c5b318df961919bb4aee87a5,success,2021-12-02,2025-12-03,1463,1464,
tslaon,Tesla (Ondo Tokenized Stock),0xf6b1117ec07684d3958cad8beb1b302bfd21103f,success,2025-09-02,2025-12-03,93,94,
tslax,Tesla xStock,0x8ad3c73f833d3f9a523ab01476625f269aeb7cf0,success,2025-06-29,2025-12-03,158,159,
test,Test,0x807534b396919783b7e30383fe57d857bc084338,success,2023-08-04,2025-12-02,725,726,
usdt,Tether,0xdac17f958d2ee523a2206206994597c13d831ec7,success,2015-02-25,2025-12-03,3912,3913,
eurt,Euro Tether,0xc581b735a1688071a1746c968e0798d642ede491,success,2021-07-29,2025-12-03,1589,1590,
xaut,Tether Gold,0x68749665ff8d2d112fa859aa293f07a622782f38,success,2020-01-26,2025-12-03,2139,2140,
usdtso,Bridged Tether (Wormhole),0x1cdd2eab61112697626f7b4bb0e23da4febf7b7c,success,2022-01-21,2025-12-03,1381,1382,
texan,Texan,0xcfcffe432a48db53f59c301422d2edd77b2a88d7,success,2023-01-14,2025-12-03,971,972,
txr,Texor.cloud,0x64589f24c6986fb84f07adbad16abbfda1ff804c,success,2025-08-28,2025-11-22,32,33,
tgc,TG.Casino,0x25b4f5d4c314bcd5d7962734936c957b947cb7cf,success,2024-01-11,2025-12-03,693,694,
thales,Thales,0x8947da500eb47f82df21143d0c01a29862a8c3c5,success,2021-09-16,2025-12-03,1540,1541,
trwa,Tharwa,0x7b10d50b5885be4c7985a88408265c109bd1eec8,success,2025-07-01,2025-12-03,156,157,
thusd,Tharwa USD,0x76972f054ab43829064d31ff5f3acc5fabe57fe8,success,2025-07-08,2025-12-03,128,129,
that,THAT,0xd2e57e7019a8faea8b3e4a3738ee5b269975008a,success,2024-10-21,2025-12-03,409,410,
four,4th Pillar FOUR,0x4730fb1463a6f1f44aeb45f6c5c422427f37f4d0,success,2019-05-11,2025-11-26,2090,2091,
abyss,Abyss,0x0e8d6b471e332f140e7d9dbb99e5e3822f728da6,success,2018-06-09,2025-12-03,2735,2736,
tap,The America Party,0x8080779e8366ea28cd1c99bd66ac6d04fce73bf9,success,2025-06-08,2025-12-03,179,180,
tap,The America Party,0x594dd710e3bef17cb0585ffb863e0fc9e0f257ab,success,2025-06-09,2025-11-30,161,162,
$kekec,The Balkan Dwarf,0x8c7ac134ed985367eadc6f727d79e8295e11435c,success,2024-03-14,2025-12-03,630,631,
blox,The Blox Project,0x320ed4c7243e35a00f9ca30a1ae60929d15eae37,success,2023-11-08,2025-12-03,556,556,
emrld,The Emerald Company,0xebb1afb0a4ddc9b1f84d9aa72ff956cd1c1eb4be,success,2024-03-31,2025-12-03,613,614,
grt,The Graph,0xc944e90c64b2c07662a292be6244bdf05cda44a7,success,2020-12-17,2025-12-03,1813,1814,
husl,The HUSL,0xa2881f7f441267042f9778ffa0d4f834693426be,success,2021-09-27,2025-12-02,1523,1524,
eth,The Infinite Garden,0x5e21d1ee5cf0077b314c381720273ae82378d613,success,2024-01-15,2025-12-02,638,639,
joker,The Joker Coin,0x113c65707c530502fef959308197353f6df97867,success,2024-04-08,2025-12-03,442,443,
marvin,The Martian Dog,0x70c29e99ca32592c0e88bb571b87444bb0e08e33,success,2024-09-30,2025-12-03,428,429,
neko,The Neko,0x1e9d0bb190ac34492aa11b80d28c1c86487a341f,success,2022-01-17,2025-11-30,965,966,
gemai,The Next Gem AI,0xfbe44cae91d7df8382208fcdc1fe80e40fbc7e9a,success,2024-04-15,2025-12-03,577,578,
tnr,The Night Riders,0x14bfc34b292aa3f8afa0c366244ffb77f72761f6,success,2024-06-24,2025-11-30,382,383,
ton,Toncoin,0x582d872a1b094fc48f5de31d3b73f2d9be47def1,success,2021-08-27,2025-12-03,1560,1561,
theos,Theos,0x9e10f61749c4952c320412a6b26901605ff6da1d,success,2021-09-04,2025-12-03,1457,1458,
thbill,Theo Short Duration US Treasury Fund,0x5fa487bca6158c64046b2813623e20755091da0b,success,2025-08-07,2025-12-03,119,120,
pod,The Other Party,0xe90ce7764d8401d19ed3733a211bd3b06c631bc0,success,2023-12-08,2025-12-01,490,491,
p33l,THE P33L,0x7528bd0f620d1568c307cc8d5db481a29e8d4e37,success,2025-06-19,2025-12-03,155,156,
the,The Protocol,0x0cba60ca5ef4d42f92a5070a8fedd13be93e2861,success,2022-10-18,2025-12-03,1138,1139,
gop,The Republican Party,0x80810a9c31e7243a0bfb9919b0b4020378d1c134,success,2024-10-31,2025-11-19,280,281,
tmox,Thermo Fisher xStock,0xaf072f109a2c173d822a4fe9af311a1b18f83d19,success,2025-09-29,2025-12-03,30,316,
root,The Root Network,0xa3d4bee77b05d4a0c943877558ce21a763c4fa29,success,2023-11-23,2025-12-03,742,743,
trg,The Rug Game,0x93eeb426782bd88fcd4b48d7b0368cf061044928,success,2023-01-17,2025-12-03,1052,1053,
runix,THE•RUNIX•TOKEN,0xf6ccfd6ef2850e84b73adeace9a075526c5910d4,success,2024-04-24,2025-11-16,402,403,
sand,The Sandbox,0x3845badade8e6dff049820680d1f14bd3903a5d0,success,2020-08-14,2025-12-03,1938,1939,
euros,The Standard EURO,0xb399511642fe1666c6a07f83483e6e4feaed9a00,success,2023-10-10,2025-12-01,773,774,
nuts,Thetanuts Finance,0x23f3d4625aef6f0b84d50db1d53516e6015c0c9b,success,2024-05-20,2025-12-03,563,564,
tvk,Virtua,0xd084b83c305dafd76ae3e1b4e1f1fe2ecccb3988,success,2020-12-11,2025-12-03,1819,1820,
think,THINK Protocol,0xf9ff95468cb9a0cd57b8542bbc4c148e290ff465,success,2025-07-23,2025-12-03,134,135,
fine,This Is Fine - Ethereum,0x1634e10c9155be623b5a52d6ca01c7a904d89b0a,success,2024-10-13,2025-11-19,325,326,
thol,AngelBlock,0x207e14389183a94343942de7afbc607f57460618,success,2023-02-19,2025-12-02,988,989,
xrune,Thorstarter,0x69fa0fee221ad11012bab0fdb45d444d3d2ce71c,success,2021-07-04,2025-12-03,1614,1615,
thor,THORSwap,0xa5f2211b9b8170f694421f2046281775e8468044,success,2021-11-06,2025-12-03,1489,1490,
tgt,THORWallet DEX,0x108a850856db3f85d0269a2693d896b394c80325,success,2021-12-21,2025-12-02,1443,1444,
$three,THREE,0xa059b81568fee88791de88232e838465826cf419,success,2024-04-30,2025-12-02,576,577,
thnd,Three Hundred AI,0x7567d006f6be77e3d87aa831855cb4102e37b17d,success,2024-01-03,2025-11-22,590,591,
t,Threshold Network,0xcdf7028ceab81fa0c6971208e83fa7872994bee5,success,2022-01-03,2025-12-03,1431,1432,
thusd,Threshold USD,0xcfc5bd99915aaa815401c5a41a927ab7a38d29cf,success,2024-05-16,2025-12-03,484,485,
thn,Throne,0x2e95cea14dd384429eb3c4331b776c4cfbb6fcd9,success,2021-07-09,2025-12-03,1584,1585,
thug,Thug Life,0xce9de5365739b1bed5c8546867aee4209fbb8538,success,2023-07-20,2025-11-04,653,654,
stflip,Thunderhead Staked FLIP,0x961d4921e1718e633bac8ded88c4a1cae44b785a,success,2025-12-03,2025-12-03,1,1,
tia,Tiamonds [OLD],0x824e35f7a75324f99300afac75ecf7354e17ea26,success,2022-02-27,2025-12-03,1263,1264,
tidal,Tidal Finance,0x29cbd0510eec0327992cd6006e63f9fa8e7f33b7,success,2021-03-25,2025-12-03,1710,1711,
tking,Tiger King Coin,0x24e89bdf2f65326b94e36978a7edeac63623dafa,success,2021-05-18,2025-12-02,1637,1638,
tigra,Tigra,0xbe8eff45293598919c99d1cbe5297f2a6935bc64,success,2024-03-21,2025-11-30,586,587,
trix,TikTrix,0xda5d03f441e13ad74876e5fa1851cbfadab1f332,success,2025-07-04,2025-12-03,153,154,
time,Time Alliance Guild Time,0xef89c37fe9e5c906b404cd7edae4a2992b5d25fa,success,1970-01-01,1970-01-01,1,1,
lit,Timeless,0xfd0205066521550d7d7ab19da8f72bb004b4c341,success,2023-01-13,2025-12-03,1049,1050,
tinu,Trump Inu,0xd3fb8597d260efb2e693efd500d62a330a00f1eb,success,2024-06-05,2025-11-23,470,471,
tip,Tipcoin,0x0176b898e92e814c06cc379e508ceb571f70bd40,success,2023-09-21,2025-12-03,805,806,
tipja,Tipja,0x8e235f491ae66b82296d58332adc2a021c449c10,success,2023-05-09,2025-11-28,502,503,
titan,Titan,0xc135a4bbf0d5005f4db3b79b84e8861d22003752,success,2024-09-26,2025-11-25,218,219,
blaze,Titan Blaze,0xfcd7ccee4071aa4ecfac1683b7cc0afecaf42a36,success,2024-06-30,2025-12-03,522,523,
ti,Titanium22,0xc5170dd7386247cdb8c48545c803f5d0e3347022,success,2023-08-04,2025-11-14,603,604,
titanx,TitanX,0xf19308f923582a6f7c465e5ce7a9dc1bec6665b1,success,2023-11-07,2025-12-03,758,759,
tmusx,T-Mobile xStock,0x68f3ddee8bae33691e7cd0372984fd857e842760,success,1970-01-01,1970-01-01,1,1,
toad,TOAD,0x01e1d7cbd3bc0eb1030485f33708421011459459,success,2023-12-18,2025-12-03,683,684,
$toad,Toad Killer,0x370a366f402e2e41cdbbe54ecec12aae0cce1955,success,2023-05-09,2025-12-03,940,941,
toadstr,ToadzStrategy,0x92cedfdbce6e87b595e4a529afa2905480368af4,success,2025-09-27,2025-12-03,68,1525,
tokabu,Tokabu,0x9acb099a6460dead936fe7e591d2c875ae4d84b8,success,2025-08-13,2025-12-03,113,114,
ton,Tokamak Network,0x2be5e8c109e2197d077d13a82daead6a9b3433c5,success,2020-08-27,2025-12-03,1925,1926,
toke,Auto Finance,0x2e9d63788249371f1dfc918a52f8d799f4a38c94,success,2021-08-07,2025-12-03,1580,1581,
t6900,Token6900,0xdf4c0665e67cf0698447ca9e454ed56cc6f2df1e,success,2025-09-04,2025-12-03,91,2153,
tkn,Monolith,0xaaaf91d9b90df800df4f55c205fd6989c977e73a,success,2017-05-07,2025-12-02,2871,2872,
tct,TokenClub,0x4824a7b64e3966b0133f4f4ffb1b9d6beb75fff7,success,2018-02-15,2025-12-03,2844,2845,
usx,dForce USD,0x0a5e677a6a24b2f1a2bf4f3bffc443231d2fdec8,success,2021-07-29,2025-12-03,1578,1579,
token,TokenFi,0x4507cef57c46789ef8d1a19ea45f4216bae2b528,success,2023-10-27,2025-12-03,769,770,
tgbp,Tokenised GBP,0x27f6c8289550fce67f6b50bed1f519966afe5287,success,2025-11-12,2025-12-03,22,451,
tkx,Tokenize Xchange,0x667102bd3413bfeaa3dffb48fa8288819e480a88,success,2019-04-12,2025-12-03,2415,2416,
lon,Tokenlon,0x0000000000095413afc295d19edeb1ad7b71c952,success,2020-12-23,2025-12-03,1807,1808,
tkn,Token Name Service,0x82d09e30d5d682d69b4a5d97c61b7ba651457625,success,2024-08-26,2025-12-03,465,466,
ten,Tokenomy,0xdd16ec0f66e54d453e6756713e533355989040e4,success,2018-02-24,2025-12-03,2840,2841,
tkst,TokenSight,0x7cdbfc86a0bfa20f133748b0cf5cea5b787b182c,success,2023-10-28,2025-12-03,738,738,
toki,Toki,0x65086e9928d297ebae6a7d24d8c3aea6f8f6b5d7,success,2024-12-13,2025-11-29,350,351,
toko,Tokoin,0xa0f0546eb5e3ee7e8cfc5da12e5949f3ae622675,success,2019-08-24,2025-12-03,2294,2295,
toku,Toku,0x9eec1a4814323a7396c938bc86aec46b97f1bd82,success,2023-03-27,2025-12-01,723,724,
tomi,TOMI,0x4385328cc4d643ca98dfea734360c0f596c83449,success,2023-01-16,2025-12-03,1052,1053,
tomo,Tomo Cat,0x6a4402a535d74bd0c9cdb5ce2d51822fc9f6620e,success,2024-11-30,2025-11-27,257,258,
tomoe,TomoChain ERC-20,0x05d3606d5c81eb9b7b18530995ec9b29da05faba,success,2020-09-29,2025-12-03,1830,1831,
twif,Tomwifhat,0x62760e76dce6b500349ec5f6119228d047913350,success,2024-05-20,2025-12-03,555,556,
ton,TON Community,0x6a6c2ada3ce053561c2fbc3ee211f23d9b8c520a,success,2020-09-03,2025-12-03,1918,1919,
tonxx,TON xStock,0xe95ab205e333443d7970336d5fd827ef9ed97608,success,2025-11-20,2025-12-03,12,185,
tora,TORA NEKO,0x1bb4afbf2ce0c9ec86e6414ad4ba4d9aab1c0de4,success,2024-09-18,2025-12-03,432,433,
torn,Tornado Cash,0x77777feddddffc19ff86db637967013e6c6a116c,success,2021-02-08,2025-12-03,1760,1761,
dis,TosDis,0x220b71671b649c03714da9c621285943f3cbcdc6,success,2021-01-23,2025-12-03,1776,1777,
totakeke,Totakeke,0x69a80a841f3385ec8ddc6c24d2ad2f615d2ad1f2,success,2025-07-30,2025-12-03,127,128,
toto,TOTO,0x973e00eee6d180b5a0eb08ce3047ac4ea7a45cd5,success,2024-02-14,2025-12-03,636,637,
toto,Toto Finance,0xc214a0b73ce4c30594b4173219e885691254801b,success,2025-03-11,2025-12-03,268,269,
toweli,Towelie,0x420698cfdeddea6bc78d59bc17798113ad278f9d,success,2024-06-24,2025-12-03,500,501,
tower,Tower,0x1c9922314ed1415c95b9fd453c3818fd41867d0b,success,2021-03-01,2025-12-03,1739,1740,
towns,Towns,0x000000fa00b200406de700041cfc6b19bbfb4d13,success,2025-08-05,2025-12-03,121,122,
tmon,Toyota (Ondo Tokenized Stock),0xab02fc332e9278ebcbbc6b4a8038050c01d15f69,success,2025-09-02,2025-12-03,89,90,
tpro,TPRO Network,0x3540abe4f288b280a0740ad5121aec337c404d15,success,2022-08-10,2025-12-03,1180,1181,
tqqqx,TQQQ xStock,0xfdddb57878ef9d6f681ec4381dcb626b9e69ac86,success,2025-08-02,2025-12-03,124,125,
tai,Trace AI,0x267eb2a9a13dc304a9deff4277abe850d0852c5f,success,2023-07-21,2025-11-20,534,535,
toai,Traceon AI,0xed291c4ea45be02481e7f8359caada27d5909f42,success,2025-05-12,2025-11-27,174,175,
trcv,Traceva,0xd7264c9a5bd13aba25ec7724e72629edb9e92e46,success,2025-09-10,2025-10-10,20,337,
tkus,Trackius.ai,0xaa509b02b71782645d2b124e3b073c9ae5f971f5,success,2025-07-04,2025-11-27,106,107,
onic,Trade Bionic,0xcdd0d11de0225b528b3a20d6436392c8260969d0,success,2023-10-24,2025-11-29,659,660,
xblaze,Trailblaze,0x989fa855ce126275bc269e0ec8f04a57b4af02b4,success,2024-06-05,2025-11-28,499,500,
trala,TRALA TOKEN,0xd5e0eda0214f1d05af466e483d9376a77a67448b,success,2024-06-27,2025-12-03,525,526,
slice,Tranche Finance,0x0aee8703d34dd9ae107386d3eff22ae75dd616d1,success,2021-03-01,2025-12-03,1739,1740,
trava,Trava Finance,0x186d0ba3dfc3386c464eecd96a61fbb1e2da00bf,success,2021-08-06,2025-12-03,1581,1582,
traxx,Traxx,0xd43be54c1aedf7ee4099104f2dae4ea88b18a249,success,2022-03-21,2025-12-03,1354,1355,
treat,Treat Token,0xfbd5fd3f85e9f4c5e8b40eec9f8b8ab1caaa146b,success,2023-08-30,2025-12-03,827,828,
tree,Tree,0xba25b2281214300e4e649fead9a6d6acd25f1c0a,success,2023-12-18,2025-12-03,717,718,
tree,Treehouse,0x77146784315ba81904d654466968e3a7c196d1f3,success,2025-07-29,2025-12-03,128,129,
teth,Treehouse ETH,0xd11c452fc99cf405034ee446803b6f6c1f6d5ed8,success,2024-09-25,2025-12-03,432,433,
trench,Trench Digger,0xd199e23e2396b4ad8734b7321ca0d435a97017a0,success,2025-07-06,2025-12-02,149,150,
trendbot,TrendBot,0x5f8223c9904b3aa8ad20efa518e58eeb9dba3b3e,success,2025-09-11,2025-10-04,9,102,
trevee,Trevee,0xe90fe2de4a415ad48b6dcec08ba6ae98231948ac,success,2025-10-20,2025-12-03,40,704,
trias,TriasLab,0x3a856d4effa670c54585a5d523e96513e148e95d,success,2021-02-17,2025-12-03,1751,1752,
tribl,Tribal Token,0x6988a804c74fd04f37da1ea4781cea68c9c00f86,success,2022-10-14,2025-11-28,1012,1013,
tribe,Tribe,0xc7283b66eb1eb5fb86327f08e1b5816b0720212b,success,2021-04-03,2025-12-03,1706,1707,
tnq,TNQ,0x47e5c76f155083f1aee39578311a2a5faa938a82,success,2024-09-24,2025-12-03,382,383,
trog,Trog,0x2077d81d0c5258230d5a195233941547cb5f0989,success,2024-06-03,2025-12-03,549,550,
troll,Troll,0xf8ebf4849f1fa4faf0dff2106a173d3a6cb2eb3a,success,2023-04-20,2025-12-03,945,946,
troll 2.0,TROLL 2.0,0x2f5fa8adf5f09a5f9de05b65fe82a404913f02c4,success,2024-01-18,2025-11-23,373,374,
tronx,Tron xStock,0xecf59a3fd0224d33429920f8fa6de493abc4efc0,success,1970-01-01,1970-01-01,1,1,
troppy,TROPPY,0x7eeab3de47a475fd2dec438aef05b128887c6105,success,2024-12-03,2025-12-03,366,367,
trrue,TRRUE,0x36e45dcfe1d3d85a78c65c3bad4068dee4f2a25e,success,2025-01-03,2025-12-03,325,326,
tru,Truebit Protocol,0xf65b5c5104c4fafd4b709d9d60a185eae063276c,success,2021-04-28,2025-12-03,1681,1682,
trumatic,TruFin Staked MATIC,0xa43a7c62d56df036c187e1966c03e2799d8987ed,success,2023-12-29,2025-11-07,606,607,
truf,TRUF.Network,0x243c9be13faba09f945ccc565547293337da0ad7,success,2024-04-10,2025-12-03,603,604,
djt,TrumpChain,0x968496dd59efc1caa11e94fda99ea67db7be5cd9,success,2024-10-18,2025-12-01,362,363,
trump,TrumpEffect69420,0x69420cb71f5fa439a84545e79557977c0600c46e,success,2024-11-13,2025-11-25,338,339,
trumpius,Trumpius Maximus,0x47000a7b27a75d44ffadfe9d0b97fa04d569b323,success,2025-01-02,2025-12-03,336,337,
$trumaga,TrumpMAGA,0x328ea6e5ba4cc4b58799f2aec3d8ba839f4314ba,success,2024-06-24,2025-11-28,413,414,
trumpe,Trump Pepe,0xa3e4bc24177fb99b373202c9bc012496d6592fe2,success,2025-06-04,2025-11-13,105,106,
swap,TrustSwap,0xcc4304a31d09258b0029ea7fe63d032f52e44efe,success,2020-07-09,2025-12-03,1974,1975,
truu,Truth,0xdae0fafd65385e7775cf75b1398735155ef6acd2,success,2025-02-21,2025-12-03,286,287,
truth,TruthGPT,0xaf75d880b3128981d1fed3292fc02e3fb37acd53,success,2023-04-19,2025-11-19,837,838,
$truth,Truth Inu,0xcf4c91ecafc43c9f382db723ba20b82efa852821,success,2024-05-21,2025-11-22,411,412,
tryc,TRYC,0x0000000005c6b7c1fd10915a05f034f90d524d6e,success,2021-12-27,2025-12-03,1438,1439,
tsla,TSLA6900,0xa3bc09171c009f05df7f0b8aaa818ee42d8a91bc,success,2024-10-13,2025-12-03,405,406,
tsmx,TSMC xStock,0x9e3bf4ecfc44eedd624f26656b6736a3f093b073,success,1970-01-01,1970-01-01,1,1,
tkinu,Tsuki Inu,0xda23d301761e4e2bf474951f978f6dfb6f3c9f14,success,2021-05-20,2025-11-15,1099,1100,
tsuji,Tsutsuji Doge's Sister,0x2e6a60492fb5b58f5b5d08c7cafc75e740e6dc8e,success,2024-08-08,2025-12-02,455,456,
tucker,TUCKER CARLSON,0x50b806c5fe274c07e46b96be8c68d2fd2d9597b4,success,2024-01-24,2025-12-02,608,609,
tuggin,Tuggin,0xed93a0bcbd7793b4dd6ca0033b813344512c106d,success,2025-06-09,2025-11-19,144,145,
tuggin,Tuggin,0x8135690743518466d1a414208038c92f9e57abc6,success,2025-06-30,2025-09-29,71,72,
tuit,Tuition Coin,0x963cd3e835d81ce8e4ae4836e654336dab4298e9,success,2024-06-05,2025-12-02,523,524,
tupelo,tupelothedog,0xb15a5aab2a65745314fcd0d7f5080bfa65bd7c03,success,2024-01-29,2025-11-26,526,527,
turbo,Turbo,0xa35923162c49cf95e6bf26623385eb431ad920d3,success,2023-05-04,2025-12-03,945,946,
turbo,TURBO.WIN,0x109ba5f0230b7b39e4a8ab56e7361db89fa0e108,success,2024-12-02,2025-12-03,344,345,
turtle,Turtle,0x66fd8de541c0594b4dccdfc13bf3a390e50d3afd,success,2025-10-22,2025-12-03,43,996,
turt,TurtSat,0x0800394f6e23dd539929c8b77a3d45c96f76aefc,success,2023-11-20,2025-12-03,745,746,
yvtusd,TUSD yVault,0xfd0877d9095789caf24c98f7cce092fa8e120775,success,2023-01-20,2025-12-03,1049,1050,
tuzki,Tuzki,0x6d68015171eaa7af9a5a0a103664cf1e506ff699,success,2024-07-14,2025-12-01,484,485,
tweet,TWEET,0x004f747a91e05d0e2fbe8bf3cd39cdb2bcfab02c,success,2024-12-16,2025-11-28,321,322,
twin,Twin Protocol,0x48fd84c0dfc47f1b61ed6a86367895aaa6ad2a45,success,2024-10-23,2025-12-03,407,408,
type,TypeAI,0x443459d45c30a03f90037d011cbe22e2183d3b12,success,2024-01-12,2025-12-03,692,693,
type,Typerium,0xeaf61fc150cd5c3bea75744e830d916e60ea5a9f,success,2018-10-25,2025-12-03,2274,2275,
ua1,UA1,0x25ed873e64edc5d9769e2037f7098c110efd6111,success,2025-06-17,2025-11-26,110,111,
uberon,Uber (Ondo Tokenized Stock),0x5bcd8195e3ef58f677aef9ebc276b5087c027050,success,2025-09-02,2025-12-03,82,83,
uberx,Uber xStock,0xdb9783ca04bbd64fe2c6d7b9503a979b3de30729,success,1970-01-01,1970-01-01,1,1,
ubx,UBIX Network,0xf5b5efc906513b4344ebabcf47a04901f99f09f3,success,2020-11-02,2025-12-03,1858,1859,
u,U Coin,0xe07710cdcd1c9f0fb04bfd013f9854e4552671ce,success,2024-11-06,2025-12-03,393,394,
ucm,UCROWDME,0x722f97a435278b7383a1e3c47f41773bebf3232c,success,2020-08-07,2025-11-08,1575,1576,
ucx,UCX,0x3d3af44cf092a49280e316f09c8f20ecf97bc933,success,2019-12-14,2025-12-03,2132,2133,
uerii,UERII,0xc1abb8c93be6811affc70675b0432926c4bfbb5d,success,2024-03-25,2025-12-03,618,619,
ufo,UFO Gaming,0x249e38ea4102d0cf8264d3701f1a0e39c4f2dc3b,success,2021-06-30,2025-12-03,1618,1619,
ugold,UGOLD Inc.,0xa6089dbfed19d1bcd43146bbdca2b8f9d9f84a9a,success,2024-03-12,2025-12-03,632,633,
hve2,Uhive,0xd487892bb4c57edbe7ab401d9fe801c8fe6473f5,success,2021-03-24,2025-11-15,1400,1401,
ui,UIUI,0x50dd9ce3e599c3209582f0429d6896ecc1dae732,success,2025-08-09,2025-12-02,109,110,
ulti,Ultiverse,0x0e7779e698052f8fe56c415c3818fcf89de9ac6d,success,2024-06-03,2025-12-03,549,550,
uos,Ultra,0xd13c7342e1ef687c5ad21b27c2b65d772cab5c8c,success,2019-07-18,2025-12-03,2331,2332,
ulx,ULTRON,0x5aa158404fed6b4730c13f49d3a7f820e14a636f,success,2022-08-22,2025-12-03,1200,1201,
uma,UMA,0x04fa0d235c4abf4bcf4787af4cf447de572ef828,success,2020-04-29,2025-12-03,2045,2046,
umb,Umbrella Network,0x6fc13eace26590b80cccab1ba5d51890577d83b2,success,2021-02-10,2025-12-03,1758,1759,
ux,UX Chain,0xc0a4df35568f116c370e6a6a6022ceb908eeddac,success,2022-02-16,2025-12-03,1387,1388,
umi,Umi Digital,0x61107a409fffe1965126aa456af679719695c69c,success,2021-08-23,2025-12-02,1364,1365,
udai,Unagii Dai,0x4ad0b81f92b16624bbcf46fc0030cfbbf8d02376,success,2021-01-27,2025-12-03,1772,1773,
ueth,Unagii ETH,0x77607588222e01bf892a29abab45796a2047fc7b,success,2021-04-01,2025-12-03,1708,1709,
uusdt,Unagii Tether USD,0x178bf8fd04b47d2de3ef3f6b3d112106375ad584,success,2021-01-27,2025-12-03,1772,1773,
uusdc,Unagii USD Coin,0xbc5991ccd8caceba01edc44c2bb9832712c29cab,success,2021-01-27,2025-12-03,1772,1773,
uwbtc,Unagii Wrapped Bitcoin,0x3af5ba94c29a8407785f5f6d90ef5d69a8eb2436,success,2021-04-06,2025-12-03,1703,1704,
una,Unagi Token,0x0b6f3ea2814f3fff804ba5d5c237aebbc364fba9,success,2024-06-12,2025-12-03,540,541,
unbnk,Unbanked,0x06b884e60794ce02aafab13791b59a2e6a07442f,success,2021-11-11,2025-12-03,1255,1256,
usam,Uncle Sam,0x0f79dff082b6f4324528f5ded2d6b8aa6d576277,success,2025-04-19,2025-11-29,191,192,
undead,Undead Blocks,0x310c8f00b9de3c31ab95ea68feb6c877538f7947,success,2022-05-04,2025-12-03,1309,1310,
uds,Undeads Games,0x712bd4beb54c6b958267d9db0259abdbb0bff606,success,2024-05-02,2025-12-03,581,582,
udw,Underworld,0x00000000e88649dd6aab90088ca25d772d4607d0,success,2024-05-20,2025-11-05,344,345,
ersdl,Residual Token,0x5218e472cfcfe0b64a064f055b43b4cdc9efd3a6,success,2020-10-29,2025-12-03,1861,1862,
ub,Unibase,0x6944e1df6bf5972305f9ab25df47ef10de01bcc8,success,2025-09-12,2025-12-03,83,1961,
unibot,Unibot,0xf819d9cb1c2a819fd991781a822de3ca8607c3c9,success,2023-05-21,2025-12-03,928,929,
ubt,Unibright,0x8400d94a5cb0fa0d041a3788e395285d61c9ee5e,success,2018-05-23,2025-12-03,2752,2753,
w🍖,Unicorn Meat,0xdfa208bb0b811cfbb5fa3ea98ec37aa86180e668,success,2025-07-29,2025-12-03,128,129,
universe,Unicorn Metaverse,0xf6f31b8afbf8e3f7fc8246bef26093f02838da98,success,2023-11-21,2025-11-22,487,488,
uni,UNICORN,0x2730d6fdc86c95a74253beffaa8306b40fedecbb,success,2019-08-27,2025-12-03,2286,2287,
u2u,U2U Network,0x558e7139800f8bc119f68d23a6126fffd43a66a6,success,2024-12-10,2025-12-03,359,360,
uncx,UNCX Network,0xadb2437e6f65682b85f814fbc12fec0508a7b1d0,success,2020-10-20,2025-12-03,1868,1869,
udo,Unido,0xea3983fc6d0fbbc41fb6f6091f68f3e08894dc06,success,2021-03-03,2025-12-03,1734,1735,
fund,Unification,0xe9b076b476d8865cdf79d1cf7df420ee397a7f75,success,2019-02-27,2025-12-03,2465,2466,
unfi,Unifi Protocol DAO,0x441761326490cacf7af299725b6292597ee822c2,success,2020-11-19,2025-12-03,1841,1842,
layer,UniLayer,0x0ff6ffcfda92c53f615a4a75d982f399c989366b,success,2020-08-18,2025-11-30,1930,1931,
unio,Unio Coin,0x01aac2b594f7bdbec740f0f1aa22910ebb4b74ab,success,2024-09-30,2025-12-03,430,431,
u,Union,0xba5ed44733953d79717f6269357c77718c8ba5ed,success,2025-09-04,2025-12-03,91,2153,
unn,UNION Protocol Governance,0x226f7b842e0f0120b7e194d05432b3fd14773a9d,success,2020-12-18,2025-12-03,1812,1813,
unp,Unipoly,0x23d7ff057c696fee679c60cef61fee6614218f04,success,2023-11-01,2025-12-03,764,765,
rare,Unique One,0x93dfaf57d986b9ca77df9376c50878e013d9c7c8,success,2020-12-23,2025-12-01,1436,1437,
unqt,Unique Utility,0xa80f2c8f61c56546001f5fc2eb8d6e4e72c45d4c,success,2022-02-04,2025-11-29,1033,1034,
socks,Unisocks,0x23b608675a2b2fb1890d3abbd85c5775c51691d5,success,2020-02-25,2025-12-03,1963,1964,
unistake,Unistake,0x9ed8e7c9604790f7ec589f99b94361d8aab64e5e,success,2020-10-15,2025-12-03,1796,1797,
uni,Uniswap,0x1f9840a85d5af5bf1d1762f925bdaddc4201f984,success,2020-09-17,2025-12-03,1904,1905,
$unit,UNIT,0xbc4c5dff630a86b864bebf48f55faa626ef12323,success,2025-04-23,2025-12-03,225,226,
unit0,Unit0,0x48b847cf774a5710f36f594b11fc10e2e59bba72,success,2024-11-06,2025-12-03,393,394,
un,UNIT DAO,0x93109af5638be68ed2d0e094f618777ff1051d28,success,1970-01-01,1970-01-01,1,1,
unhon,UnitedHealth (Ondo Tokenized Stock),0x075756f3b6381a79633438faa8964946bf40163d,success,2025-09-02,2025-12-03,93,94,
unhx,UnitedHealth xStock,0x167a6375da1efc4a5be0f470e73ecefd66245048,success,2025-07-30,2025-12-03,127,128,
memerica,United States of Memerica,0xad0b2fcd6314e9cf8c0873d5129dde3ead1dcc65,success,2025-09-23,2025-12-03,63,1159,
trade,Unitrade,0x6f87d756daf0503d08eb8993686c7fc01dc44fb1,success,2020-08-05,2025-12-02,1881,1882,
ubi,Universal Basic Income,0xdd1ad9a21ce722c151a836373babe42c868ce9a4,success,2021-05-06,2025-12-03,1643,1644,
unibtc,Universal BTC,0x004e9c3ef86bc1ca1f0bb5c7662861ee93350568,success,2024-08-08,2025-12-03,483,484,
unieth,Universal ETH,0xf1376bcef0f78459c0ed0ba5ddce976f1ddf51f4,success,2023-11-16,2025-12-03,676,677,
xyz,Universe.XYZ,0x618679df9efcd19694bb1daa8d00718eacfa2883,success,2021-06-07,2025-12-03,1511,1512,
unix,UniX,0xddd6a0ecc3c6f6c102e5ea3d8af7b801d1a77ac8,success,2021-11-28,2025-12-02,1448,1449,
yvuni,UNI yVault,0xfbeb78a723b8087fd2ea7ef1afec93d35e8bed42,success,2023-01-20,2025-12-03,1049,1050,
zcx,Unizen,0xc52c326331e9ce41f04484d3b5e5648158028804,success,2021-04-16,2025-12-03,1693,1694,
unleash,UnleashClub,0x0e9cc0f7e550bd43bd2af2214563c47699f96479,success,2023-06-22,2025-12-03,888,888,
uft,UniLend Finance,0x0202be363b8a4820f3f4de7faf5224ff05943ab1,success,2020-10-15,2025-12-03,1876,1877,
marsh,Unmarshal,0x5a666c7d92e5fa7edcb6390e4efd6d0cdd69cf37,success,2021-03-30,2025-12-03,1710,1711,
uno,Uno,0x4604151d4c98d1eea200b0d6bffb79a2613182aa,success,2025-03-09,2025-12-01,256,257,
uno,Lunos,0x474021845c4643113458ea4414bdb7fb74a01a77,success,2021-04-28,2025-12-03,1681,1682,
ugt,Unreal Finance,0x9cf98eb8a8b28c83e8612046cf55701ce3eb0063,success,2021-08-25,2025-11-30,1462,1463,
ush,unshETHing_Token,0xe60779cc1b2c1d0580611c526a8df0e3f870ec48,success,2023-03-07,2025-11-30,931,932,
usduc,Unstable Coin,0xecedb6f8108b9f7bbf499da843dced6c2bb6e270,success,2025-05-23,2025-12-03,195,196,
usc,Unstable Cult,0x3be8d80f4c85f59ad9c95387354cb89351820811,success,2025-09-04,2025-10-19,9,146,
unv,Unvest,0xdcb2fa7eab2507613417bb9762efa73093fc6b65,success,2021-09-02,2025-12-02,1062,1063,
uomi,UOMI,0x6b4bcfeccf80ab79eae40475af34cd986e583090,success,2025-09-11,2025-12-03,84,1983,
up,TonUP,0x40a32606a4ce9b4f350421642ebf65c052d5389b,success,2023-12-27,2025-12-03,705,706,
upc,UPCX,0x487d62468282bd04ddf976631c23128a425555ee,success,2023-12-01,2025-12-03,734,735,
sparklet,Upland,0x0bc37bea9068a86c221b8bd71ea6228260dad5a2,success,2024-07-24,2025-12-03,498,499,
lift,Uplift,0x513c3200f227ebb62e3b3d00b7a83779643a71cf,success,2021-11-22,2025-12-03,1192,1192,
uqc,Uquid Coin,0x8806926ab68eb5a7b909dcaf6fdbe5d93271d6e2,success,2017-12-20,2025-12-03,2906,2907,
uranus,URANUS,0x355c46eebbcbe1fc2844ade63ee565204addd37c,success,2024-09-30,2025-11-20,381,382,
urqa,UREEQA,0x1735db6ab5baa19ea55d0adceed7bcdc008b3136,success,2021-04-01,2025-12-03,1707,1708,
urus,Aurox,0xc6dddb5bc6e61e0841c54f3e723ae1f3a807260b,success,2021-03-01,2025-12-02,1710,1711,
usacoin,USAcoin,0x5e3f09ab25548616b4b97f6163ff19cf6027930d,success,2024-12-21,2025-12-03,348,349,
usd0++,Staked USD0,0x35d8949372d46b7a3d5a56006ae77b215fc69bc0,success,2024-07-26,2025-12-03,496,497,
usd1,USD1,0x8d0d000ee44948fc98c9b98a4fa4921476f08b0d,success,2025-04-11,2025-12-03,237,238,
usda,USDa,0x8a60e489004ca22d775c5f2c657598278d17d9c2,success,2024-11-14,2025-12-03,385,386,
usdcv,USD CoinVertible,0x5422374b27757da72d5265cc745ea906e0446634,success,2025-10-02,2025-12-03,60,1371,
yvusdc,USDC yVault,0xa354f35829ae975e850e23e9615b11da1b3dc4de,success,2023-01-20,2025-12-03,1049,1050,
usdd,USDD,0x4f8e5de400de08b164e7421b3ee387f461becd1a,success,2022-05-02,2025-12-03,1312,1313,
usdebt,USDEBT,0x00c5ca160a968f47e7272a0cfcda36428f386cb6,success,2023-08-25,2025-12-03,781,782,
dxy,US Degen Index 6900,0x6900f7b42fb4abb615c938db6a26d73a9afbed69,success,2024-10-09,2025-12-03,421,422,
usdfi,USDFI,0xa7a0b3fe94121e366d774d60d075f6386f750884,success,2023-08-03,2025-12-03,854,855,
stable,Stable,0x60b9c41d99fe3eb64ecc1344bad31d87f1bced6d,success,2023-08-03,2025-12-03,852,853,
usdm,USD Mapped Token,0xbbaec992fc2d637151daf40451f160bf85f3c8c1,success,2024-05-10,2025-12-03,570,571,
usds,USDS,0xdc035d45d973e3ec169d2276ddab16f1e407384f,success,2024-09-24,2025-12-03,435,436,
usdtb,USDtb,0xc139190f447e929f090edeb554d95abb8b18ac1c,success,2024-12-16,2025-12-03,351,352,
yvusdt,USDT yVault,0x3b27f92c0e212c671ea351827edf93db27cc0c65,success,2023-01-20,2025-12-03,1049,1050,
usdv,USDV,0x20b3b07e9c0e37815e2892ab09496559f57c3603,success,2023-09-20,2025-12-03,779,780,
usdv,USDV,0x05a275ed9edf4378ac54928379ee6bc6e8900e4c,success,1970-01-01,1970-01-01,1,1,
susdx,Stables Labs Staked USDX,0x7788a3538c5fc7f9c7c8a74eac4c898fc8d87d92,success,2024-10-18,2025-12-03,410,411,
usdx,Stables Labs USDX,0xf3527ef8de265eaa3716fb312c12847bfba66cef,success,2024-09-26,2025-12-03,434,435,
ushi,Ushi,0x6dca182ac5e3f99985bc4ee0f726d6472ab1ec55,success,2022-10-25,2025-12-03,1002,1002,
uspepe,Uspepe,0x27bbb7e6d8b8b9a4c36e67c5d7ce7fa8d51628e1,success,2025-09-17,2025-09-29,9,142,
uspd,US Permissionless Dollar,0x476ef9ac6d8673e220d0e8bc0a810c2dc6a2aa84,success,2025-10-10,2025-12-03,40,461,
usp,USP Yield Optimized Stablecoin,0x098697ba3fee4ea76294c5d6a466a4e3b3e95fe6,success,2025-12-01,2025-12-03,3,25,
usual,Usual,0xc4441c2be5d8fa8126822b9929ca0b81ea0de38e,success,2024-12-18,2025-12-03,351,352,
eur0,Usual EUR,0x3c89cd1884e7bef73ca3ef08d2ef6ec338fd8e49,success,2025-10-16,2025-12-02,39,469,
usual*,USUAL Star,0x094b360ae512a65584d4f5be33d68b2e08677b89,success,1970-01-01,1970-01-01,1,1,
usd0,Usual USD,0x73a15fed60bf67631dc6cd7bc5b6e8da8190acf5,success,2024-07-10,2025-12-03,512,513,
usualx,USUALx,0x06b964d96f5dcf7eae9d7c559b09edce244d4b8e,success,2024-12-21,2025-12-03,348,349,
usud,USUD,0x8e2557f09af4a44779499bf7559720464febdde4,success,2025-06-22,2025-10-17,84,85,
utk,Utrust,0xdc9ac3c20d1ed0b540df9b1fedc10039df13f99c,success,2017-12-31,2025-12-03,2895,2896,
utu,UTU Coin,0xa58a4f5c4bb043d2cc1e170613b74e767c94189b,success,2020-10-16,2025-12-03,1765,1766,
uwon,UWON,0x438e48ed4ce6beecf503d43b9dbd3c30d516e7fd,success,2024-03-10,2025-12-03,634,635,
uxlink,UXLINK,0x3991b07b2951a4300da8c76e7d2c7edde861fef3,success,2024-07-17,2025-12-03,485,486,
vader,Vader Protocol,0x2602278ee1882889b946eb11dc0e810075650983,success,2021-11-26,2025-12-03,1432,1433,
vai,VAIOT,0xd13cfd3133239a3c73a9e535a5c4dadee36b395c,success,2021-02-16,2025-12-03,1752,1753,
valentine,Valentine,0x6dcc10db1b1a7f7a49f6cd3669114aff053295fc,success,2025-07-17,2025-12-03,140,141,
valentine,Valentine Michael Smith,0x69cc017cc1bd6c171aed88413dd7b36f6464ccd5,success,2025-07-21,2025-12-03,115,116,
odin,Odin Liquidity Network,0xdfc5964141c018485b4d017634660f85aa667714,success,2024-10-22,2025-12-03,408,409,
vdo,ValiDAO,0x2ef8a2ccb058915e00e16aa13cc6e36f19d8893b,success,2023-12-19,2025-12-03,716,717,
vat,ValidNet,0x2e61ba3212c4dccb4f688fc38c35c2764ee310c9,success,2025-11-15,2025-12-03,14,242,
vy,Valinity,0x40e5a14e1d151f34fea6b8e6197c338e737f9bf2,success,2024-09-25,2025-12-03,413,414,
grow,ValleyDAO,0x761a3557184cbc07b7493da0661c41177b2f97fa,success,2023-11-21,2025-12-03,744,745,
value,Value DeFi,0x49e833337ece7afe375e44f4e3e8481029218e5c,success,2020-09-19,2025-12-03,1900,1901,
valyr,Valyr,0x8a853b3d639202c64ae700a0c89e4cfd4b31f7f4,success,2025-09-13,2025-11-08,48,1017,
vana,Vana,0x7ff7fa94b8b66ef313f7970d4eebd2cb3103a2c0,success,2024-12-16,2025-12-03,353,354,
vanry,Vanar Chain,0x8de5b80a0c1b02fe4976851d030b36122dbb8624,success,2023-12-07,2025-12-03,728,729,
vbill,VanEck Treasury Fund,0x2255718832bc9fd3be1caf75084f4803da14ff01,success,2025-05-29,2025-12-03,189,190,
vtix,Vanguard xStock,0xbd730e618bcd88c82ddee52e10275cf2f88a4777,success,2025-07-29,2025-12-03,128,129,
vatan,Vatan,0xbad6c59d72d44512616f25b3d160c79db5a69ddf,success,2025-03-31,2025-12-03,226,227,
luce,Vatican Mascot,0xba62856e16cb3283d3b8e670b196b9bb02902f30,success,2024-11-06,2025-11-28,359,360,
vlt,Vaultec,0x32c1b3c43317cba8185d65227a54ae416dacc338,success,2025-07-03,2025-11-18,109,110,
$vault,Vault AI,0x7f9b09f4717072cf4dc18b95d1b09e2b30c76790,success,2023-10-29,2025-11-29,664,665,
vcg,VCGamers,0x1f36fb2d91d9951cf58ae4c1956c0b77e224f1e9,success,2022-01-09,2025-12-03,1425,1426,
vcw,VCW,0x588d467b92bd2d08a2961ba681e2c75f1ad7c5b0,success,1970-01-01,1970-01-01,1,1,
vector,Vector AI,0x569dd3298e114da858415ee5672c8f2ab57938bf,success,2025-06-26,2025-11-30,126,127,
chat,VectorChat.ai,0xbb3d7f42c58abd83616ad7c8c72473ee46df2678,success,2023-12-26,2025-12-01,706,707,
veth,Vector ETH,0x38d64ce1bdf1a9f24e0ec469c9cade61236fb4a0,success,2024-02-07,2025-11-29,484,485,
vaix,Vectorspace AI X,0xb7b37b81d4497ab317fc9d4a370cf243043d6bbe,success,2018-10-28,2025-12-03,2534,2535,
sbio,"Vector Space Biosciences, Inc.",0x9b5c38cc2d1ba05ed87c8f8a2418475bacb20073,success,2023-09-20,2025-12-02,773,774,
vega,Vega Protocol,0xcb84d72e61e383767c4dfeb2d8ff7f4fb89abc6e,success,2021-09-03,2025-12-03,1551,1552,
veil,Veil Exchange,0xb244b3574a5627849fca2057e3854340def63071,success,2023-11-01,2025-12-01,740,741,
velar,Velar,0x033bbde722ea3cdcec73cffea6581df9f9c257de,success,2024-04-03,2025-12-03,610,611,
vlx,Velas,0x8c543aed163909142695f2d2acd0d55791a9edb9,success,2019-10-05,2025-12-03,2252,2253,
vlxpad,VelasPad,0xb8e3bb633f7276cc17735d86154e0ad5ec9928c0,success,2021-09-22,2025-11-30,1516,1517,
vext,Veloce,0xb2492e97a68a6e4b9e9a11b99f6c42e5accd38c7,success,2023-09-04,2025-12-03,822,823,
vecai,Velocis AI,0xe8846f3b6cf124554a42125d24068cb85e84221b,success,2025-09-06,2025-11-10,37,508,
vlr,Velora,0x4e107a0000db66f0e9fd2039288bf811dd1f9c74,success,2025-09-16,2025-12-03,79,1862,
ybusd,Veno Yield Bearing USD,0xfa59075dfce274e028b58bddfcc3d709960f594a,success,1970-01-01,1970-01-01,1,1,
venom,Venom,0x46f84dc6564cdd93922f7bfb88b03d35308d87c9,success,2024-03-25,2025-12-03,619,620,
ybeth,Veno Yield Bearing ETH,0x76bf2d1e6dfda645c0c17440b17eccc181dfc351,success,1970-01-01,1970-01-01,1,1,
vent,Vent Finance,0x5f0bc16d50f72d10b719dbf6845de2e599eb5624,success,2021-09-10,2025-11-24,1483,1484,
xvs,Venus,0xd3cc9d8f3689b83c91b7b59cab4946b063eb894a,success,2020-10-06,2025-12-03,1885,1886,
vera,Vera,0xd7f0cc50ad69408ae58be033f4f85d2367c2e468,success,2021-09-24,2025-12-03,1528,1529,
vro,VeraOne,0x10bc518c32fbae5e38ecb50a612160571bd81e44,success,2020-05-06,2025-11-26,2015,2016,
vra,Verasity,0xf411903cbc70a74d22900a5de66a2dda66507255,success,2021-02-20,2025-12-03,1748,1749,
xvg,Verge (ETH),0x85614a474dbeed440d5bbdb8ac50b0f22367f997,success,2023-10-29,2025-12-03,767,768,
veri,Veritaseum,0x8f3470a7388c05ee4e7af3d01d8c722b0ff52374,success,2017-06-18,2025-12-03,2602,2603,
vrx,Verox,0x87de305311d5788e8da38d19bb427645b09cb4e5,success,2021-01-15,2025-12-03,1784,1785,
verse,Verse,0x249ca82617ec3dfb2589c4c17ab7ec9765350a18,success,2022-12-08,2025-12-03,1092,1093,
vertai,Vertical AI,0xcdbddbdefb0ee3ef03a89afcd714aa4ef310d567,success,2024-11-12,2025-12-03,387,388,
vsp,Vesper Finance,0x1b40183efb4dd766f11bda7a7c3ad8982e998421,success,2021-02-17,2025-12-03,1751,1752,
vusd,Vesper V-Dollar,0x677ddbd918637e5f2c79e164d402454de7da8619,success,2021-06-11,2025-12-03,1014,1015,
ves,Vestate,0x1f557fb2aa33dce484902695ca1374f413875519,success,2024-02-24,2025-12-03,636,637,
vstr,Vestra DAO,0x92d5942f468447f1f21c2092580f15544923b434,success,2024-11-06,2025-12-03,393,394,
vibe,VIBE,0xe8ff5c9c75deb346acac493c463c8950be03dfba,success,2017-12-04,2025-11-28,2716,2717,
vibe,VIBE AI,0x8e7a9f9817ecf2649c0316b22fea274d522c7b9b,success,2025-06-25,2025-12-03,162,163,
vib,Viberate,0x2c974b2d0ba1716e644c1fc59982a89ddd2ff724,success,2017-10-26,2025-11-21,2936,2937,
vibestr,VibeStrategy,0xd0cc2b0efb168bfe1f94a948d8df70fa10257196,success,2025-10-09,2025-12-03,56,1303,
vct,VibingCatToken,0x42dae489f1ca3764aabe1907c22bc18776415fcd,success,1970-01-01,1970-01-01,1,1,
vice,VICE,0xfd409bc96d126bc8a56479d4c7672015d539f96c,success,2025-01-28,2025-12-03,310,311,
vcnt,ViciCoin,0x3be775b699fee916e7de117994358ff8f48e4569,success,2023-08-18,2025-12-03,839,840,
vr,Victoria VR,0x7d5121505149065b562c789a0145ed750e6e8cdd,success,2021-12-03,2025-12-03,1462,1463,
vidt,VIDT DAO,0x3be7bf1a5f23bd8336787d0289b70602f1940875,success,2022-11-15,2025-11-07,1072,1073,
vidya,Vidya,0x3d3d35bb9bec23b06ca00fe472b50e7a4c692c30,success,2020-08-24,2025-12-03,1928,1929,
ojee,VIMworld OJEE,0x31c5dec1f10dc084b95c239734dea0adb9c97c9c,success,2024-09-04,2025-12-03,381,382,
vip,Viper Cash,0x128ec47d961e5ad39455ff071d7931195586f38c,success,2025-10-06,2025-11-30,51,879,
spcex,Virgin Galactic xStock,0x7f8ba411ecbc0a135d669d5eae5d15b0ca0b0ea1,success,1970-01-01,1970-01-01,1,1,
virtual,Virtuals Protocol,0x44ff8620b8ca30902395a7bd3f2407e1a091bf73,success,2023-12-28,2025-12-03,707,708,
vta,Virtual Trade Agent,0x9b5390fa690721f8c7a6464222eddac886fc9e7b,success,2025-07-09,2025-12-03,55,56,
virtue,VIRTUE,0xbcc711e8ed39b3ca38364f4135571c9877155875,success,2025-07-05,2025-11-28,80,81,
vpp,Virtue Poker Points,0x5eeaa2dcb23056f4e8654a349e57ebe5e76b5e6e,success,2021-05-28,2025-12-03,1651,1652,
virtu,Virtu Network,0x520140d71129434635899eca07f845bb23b27987,success,2024-11-15,2025-11-25,346,347,
von,Visa (Ondo Tokenized Stock),0xac37c20c1d0e5285035e056101a64e263ff94a41,success,2025-09-02,2025-12-03,79,80,
vx,Visa xStock,0x2363fd1235c1b6d3a5088ddf8df3a0b3a30c5293,success,2025-10-08,2025-12-03,53,852,
vsn,Vision,0x699ccf919c1dfdfa4c374292f42cadc9899bf753,success,2025-07-16,2025-12-03,141,142,
vsn,Vision,0x03c285e96b929983854cb75875f772627c0f6159,success,2025-10-17,2025-11-22,29,486,
vstx,Vistra xStock,0x7ab6c97f65e4227adc5090bd31a376d1f36f39fa,success,1970-01-01,1970-01-01,1,1,
vita,VitaDAO,0x81f8f0bb1cb2a06649e51913a151f0e7ef6fa321,success,2021-06-24,2025-12-03,1624,1625,
vitalek,vitalek buteren,0xf5264e1673c9365e7c5d4d1d8b440bbf131ff435,success,2024-03-12,2025-11-11,295,296,
vsg,Vector Smart Gas,0x58aea10748a00d1781d6651f9d78a414ea32ca46,success,2024-02-16,2025-12-03,657,658,
vitarna,VitaRNA,0x7b66e84be78772a3afaf5ba8c1993a1b5d05f9c2,success,2024-06-12,2025-12-03,472,473,
wvtrs,Vitreus,0x74950fc112473caba58193c6bf6412a6f1e4d7d2,success,2024-06-19,2025-12-03,533,534,
vix,VIX777,0x283d480dfd6921055e9c335fc177bf8cb9c94184,success,2024-10-13,2025-12-03,417,418,
vmpx,VMPX,0xb48eb8368c9c6e9b0734de1ef4ceb9f484b80b9c,success,2023-09-29,2025-12-03,436,437,
vmc,VMS Classic,0x009ba50496d2b0936c5bdf299db2f7e0d6e10469,success,2025-10-23,2025-12-03,42,979,
vndc,VNDC,0x1f3f677ecc58f6a1f9e2cf410df4776a8546b5de,success,2019-10-09,2025-12-03,2240,2241,
vnxau,VNX Gold,0x6d57b2e05f26c26b549231c866bdd39779e4a488,success,2022-10-29,2025-12-03,1132,1133,
vchf,VNX Swiss Franc,0x79d4f0232a66c4c91b89c76362016a1707cfbf4f,success,2023-03-27,2025-12-03,983,984,
vocl,Vocalad,0xfea2e874c0d06031e65ea7e275070e207c2746fd,success,2025-07-24,2025-11-16,61,62,
vst,Voice Street,0x77a1f4e744d810239f465043e35d067ca33de259,success,2022-01-28,2025-11-27,1341,1342,
vdz,Voidz,0x93c5a00b41fb5f3906b421b2399ac64b79fdbd42,success,2024-03-27,2025-11-25,516,517,
ethereum,VoldemortTrumpRobotnik-10Neko,0xc32db1d3282e872d98f6437d3bcfa57801ca6d5c,success,2023-07-24,2025-12-03,859,860,
volt,Volt Inu,0x7f792db54b0e580cdc755178443f0430cf799aca,success,2022-04-22,2025-12-03,1322,1323,
volt,VOLT.WIN,0x66b5228cfd34d9f4d9f03188d67816286c7c0b74,success,2024-10-01,2025-12-03,429,430,
vmint,VoluMint,0xd7b2c1a7f3c67fb0ea57a7ef29bc1f18d7be3195,success,2023-12-18,2025-12-03,717,718,
vdot,Voucher DOT,0xbc33b4d48f76d17a1800afcb730e8a6aaada7fe5,success,2023-09-27,2025-12-03,799,800,
vow,Vow,0x1bbf25e71ec48b84d773809b4ba55b6f4be946fb,success,2021-09-07,2025-12-03,1549,1550,
voy,Voy Finance,0x45df9fb545eca3a16982dccc0b8a21d0489a0047,success,1970-01-01,1970-01-01,1,1,
vps,VPS Ai,0x00b78238925c320159023c2ac9ef89da8f16d007,success,2024-03-20,2025-12-03,624,625,
vtrading,Vtrading,0x69cade383df52ec02562869da8aa146be08c5c3c,success,2024-05-30,2025-12-03,553,554,
vu,Vu,0x6f99ad269c84e0e80318f6cfb01323c7bda4b087,success,2025-10-30,2025-12-03,35,650,
pyr,Vulcan Forged,0x430ef9263e76dae63c84292c3409d61c598e9682,success,2021-04-14,2025-12-03,1695,1696,
vult,Vultisig,0xb788144df611029c60b859df47e79b7726c4deba,success,2025-10-27,2025-12-03,38,875,
vuzz,VuzzMind,0xe469699f617bfd0fbffcd575970d34c2cecffa9f,success,2024-01-07,2025-12-01,531,532,
vvs,VVS Finance,0x839e71613f9aa06e5701cf6de63e303616b0dde3,success,2021-11-15,2025-12-03,1480,1481,
vxdefi,vXDEFI,0xe1a3864dbf62fb94834b108ff6bf439ce70183ac,success,1970-01-01,1970-01-01,1,1,
vyper,VYPER.WIN,0xd7fa4cfc22ea07dfced53033fbe59d8b62b8ee9e,success,2024-11-08,2025-12-03,391,392,
waba,WABA,0xbc53e54ee9b39d6347e49566ea0edaf1da107288,success,2025-09-30,2025-11-27,42,729,
wgr,Wagerr,0xc237868a9c5729bdf3173dddacaa336a0a5bb6e0,success,2017-07-15,2025-12-03,3045,3046,
wagiebot,Wagie Bot,0xd2c869382c7ac9f87ff73548d029d67c0f9dee31,success,2023-07-13,2025-12-03,562,563,
wagmi,Wagmi,0x92cc36d66e9d739d50673d1f27929a371fb83a67,success,2023-09-22,2025-12-03,804,805,
wagmi,WAGMI,0x77791a1f85b8c67f17c43ba4a324f9bcd6e83113,success,2024-10-22,2025-12-02,338,339,
wagmi,WAGMICOIN,0x5f4ab80c2c7755d565371236f090597921d18ee5,success,2024-11-26,2025-11-23,240,241,
wagmi,Wagmi Coin,0xef8e456967122db4c3c160314bde8d2602ad6199,success,2023-05-21,2025-12-03,907,908,
wagmigames,WAGMI Games,0x3b604747ad1720c01ded0455728b62c0d2f100f0,success,2022-06-07,2025-12-03,1276,1277,
wfai,WaifuAI,0x8a001303158670e284950565164933372807cd48,success,2023-06-01,2025-11-29,830,831,
wsb,Wall Street Baby,0x15f20f9dfdf96ccf6ac96653b7c0abfe4a9c9f0f,success,2021-04-27,2025-12-03,1175,1176,
wsb,WallStreetBets DApp,0xe1590a6fa0cff9c960181cb77d8a873601772f64,success,2021-04-29,2025-12-03,1680,1681,
wepe,Wall Street Pepe,0xccb365d2e11ae4d6d74715c680f56cf58bf4bf10,success,2025-02-17,2025-12-03,290,291,
stiba,Wall Street Shiba,0x9614bfb1dde843f379a86a0e7efd1eb9a4300962,success,2025-09-09,2025-10-09,30,596,
wmton,Walmart (Ondo Tokenized Stock),0x82106347ddbb23ce44cf4ce4053ef1adf8b9323b,success,2025-09-02,2025-12-03,75,76,
wmtx,Walmart xStock,0x7aefc9965699fbea943e03264d96e50cd4a97b21,success,1970-01-01,1970-01-01,1,1,
wander,WANDER,0x25c31b1f93f846c7c8debfd05898f162740a4581,success,2025-01-12,2025-12-03,318,319,
xrp,WarioXRPDumbledoreYugioh69Inu,0xb1c064c3f2908f741c9dea4afc5773238b53e6cc,success,2023-08-03,2025-12-03,755,756,
war,War Legends,0x983d8edb44ca96c0595f3c456ebdd47855911f34,success,1970-01-01,1970-01-01,1,1,
wbdx,Warner Bros. Discovery xStock,0xc435b3c41ae56d9bc57b8525f4d522c978f168e8,success,1970-01-01,1970-01-01,1,1,
warped,Warped Games,0x6af53c6ec427525f7240e211941223288a0e7c66,success,2023-12-01,2025-12-03,734,735,
was,Wasder,0x0c572544a4ee47904d54aaa6a970af96b6f00e1b,success,2021-05-11,2025-12-03,1653,1654,
wasd,WASD Studios,0xbdcd291c32e06bbf2d7b1ffc823959e3258e3583,success,2024-03-26,2025-12-03,617,618,
wassie,WASSIE,0x2c95d751da37a5c1d9c5a7fd465c1d50f3d96160,success,2023-05-06,2025-12-03,942,943,
waco,Waste Digital Coin,0x910c4da718caf4ee38ce5c2490cddaeca689204e,success,2021-10-14,2025-11-30,1378,1379,
wat,Wat,0x636bd98fc13908e475f56d8a38a6e03616ec5563,success,2024-06-20,2025-12-03,532,533,
waves,Waves,0x1cf4592ebffd730c7dc92c1bdffdfc3b9efcf29a,success,2016-06-02,2025-12-03,3472,3473,
egg,Waves Ducks,0xc2708a3a4ba7f64bddc1a49f92f941bc77cad23a,success,2021-07-26,2025-12-03,1565,1566,
waxp,WAX,0x2a79324c19ef2b89ea98b23bc669b7e7c9f8a517,success,2018-01-08,2025-12-03,2887,2888,
waxe,WAXE,0x7a2bc711e19ba6aff6ce8246c546e8c4b4944dfd,success,2020-12-29,2025-12-02,1778,1779,
prompt,Wayfinder,0x28d38df637db75533bd3f71426f3410a82041544,success,2025-04-11,2025-12-03,237,238,
yvwbtc,WBTC yVault,0xa696a63cc78dffa1a63e9e50587c197387ff6c7e,success,2023-01-20,2025-12-03,1049,1050,
wcd,WcDonalds,0x79349edd0b8e83ffaa1af2e6ba0c8ce87731c267,success,2024-03-11,2025-11-28,391,392,
wxm,WeatherXM,0xde654f497a563dd7a121c176a125dd2f11f13a83,success,2024-05-30,2025-12-03,553,554,
wx,Weave6,0x2817cecf94465a9f7becf43d9b7c8025e88a4213,success,2024-03-07,2025-12-03,637,638,
web,Web,0x2b81945875f892aff04af0a298d35fb2cf848c7b,success,2023-11-14,2025-12-03,751,752,
usd3,Web 3 Dollar,0x0d86883faf4ffd7aeb116390af37746f45b6f378,success,2024-05-23,2025-12-03,520,521,
wlai,Weblume AI,0x767a98a4f0ac1d1c09e93e97c752f357b8f86976,success,2025-06-19,2025-11-30,154,155,
webs,Websync,0x5a84fa4033b865543c5208f8c9786eda476a4102,success,2025-07-15,2025-11-18,66,67,
wcx,WeCoOwn,0xc014186cf1ba36032aaec7f96088f09eb3934347,success,2021-03-24,2025-12-03,1716,1717,
wxt,WEEX Token,0x1b66474c8eca3827f16202907f41f63785579716,success,2024-07-06,2025-12-03,516,517,
wefi,Wefi,0xffa188493c15dfaf2c206c97d8633377847b6a52,success,2023-05-25,2025-12-03,924,925,
weld,WELD,0xdd2a36ae937bc134ea694d77fc7e2e36f5d86de0,success,2021-09-23,2025-12-01,1405,1406,
welf,WELF,0x2a92525fda8d3ab481f8e2a913b64b64bd1c9fdd,success,2024-12-20,2025-12-03,349,350,
$well,WELL3,0x63696fc66795b51d02c1590b536484a41fbddf9a,success,2024-07-03,2025-12-03,519,520,
wfcon,Wells Fargo (Ondo Tokenized Stock),0x4ad2118da8a65eaa81402a3d583fef6ee76bdf3f,success,2025-09-02,2025-12-03,82,83,
dogs,We Love Dogs,0xf9962329a1e9fa84836d2f37640d7012fb588e9d,success,2025-10-02,2025-12-02,61,1287,
wel,Welshare Health Token,0x1e762e1fac176bbb341656035daf5601b1c69be5,success,2024-10-24,2025-12-03,406,407,
wenx,Wendy's xStock,0xfeee18422f8f1cd6193c12aafad7123dbff15517,success,1970-01-01,1970-01-01,1,1,
wenlambo,wenlambo,0x340d7adda2a709e488faf443612ca69eac063a80,success,2025-05-23,2025-11-28,127,128,
wen,WEN Token,0x830a8512db4f6fca51968593e2667156c2c483a8,success,2023-05-18,2025-12-03,899,900,
wpr,WePower,0x4cf488387f035ff08c371515562cba712f9015d4,success,2018-02-11,2025-12-02,2652,2653,
weth,WETH,0xc02aaa39b223fe8d0a0e5c4f27ead9083c756cc2,success,2018-02-14,2025-12-03,2840,2841,
hedz,Weth Hedz,0x2015bc0be96be4aea2aabc95522109acfec84c30,success,2025-07-15,2025-10-29,90,91,
yvweth,WETH yVault,0xa258c4606ca8206d8aa700ce2143d7db854d168c,success,2023-01-20,2025-12-03,1049,1050,
wwy,WeWay,0x9ab70e92319f0b9127df78868fd3655fb9f1e322,success,2022-01-12,2025-12-03,1422,1423,
wexo,Wexo,0xf31698ddad0d11160fe85c500397a470cd3d492e,success,2023-12-30,2025-12-03,705,706,
wfca,World Friendship Cash,0xae4533189c7281501f04ba4b7c37e3aded402902,success,2023-09-29,2025-12-03,722,723,
whale,WHALE,0x9355372396e3f6daf13359b7b607a3374cc638e0,success,2020-07-17,2025-12-03,1965,1966,
whai,WhaleAI,0xb5c5fc6d3576ae31b24dc18e5bcb8a4822f13333,success,2025-08-14,2025-12-03,111,112,
whl,WhaleRoom,0x2af72850c504ddd3c1876c66a914caee7ff8a46a,success,2021-03-11,2025-11-19,1426,1427,
whirl,Whirl,0xb7037457de15fed6cbecc0c62d5d610834b958ec,success,2024-02-01,2025-11-28,550,551,
$dcay,Whispers Of Decay,0x0db56f603e754f3539157e2b207eff10a4ebd641,success,2024-09-18,2025-12-03,409,410,
wbt,WhiteBIT Coin,0x925206b8a707096ed26ae47c84747fe0bb734f59,success,2022-08-26,2025-12-03,1183,1184,
white,Whiteheart,0x5f0e628b693018f639d10e4a4f59bd4d8b2b6b44,success,2020-12-27,2025-12-01,1665,1666,
white,WhiteRock,0x9cdf242ef7975d8c68d5c1f5b6905801699b1940,success,2024-12-06,2025-12-03,363,364,
wbx,Wibx,0xbb97e381f1d1e94ffa2a5844f6875e6146981009,success,2020-04-18,2025-12-03,2056,2057,
wicked,Wicked,0xed2d1ef84a6a07dd49e8ca934908e9de005b7824,success,2024-10-08,2025-12-03,422,423,
wik,WickedBet Casino,0xa9049425b938c46ac3e312d4cdaeccb26282aeb2,success,2023-09-13,2025-12-03,789,790,
wai,WienerAI,0xfe8526a77a2c3590e5973ba81308b90bea21fbff,success,2024-08-05,2025-12-03,486,487,
wif,WIF on ETH,0x886c869cdc619214138c87f1db0ada522b16dfa3,success,2024-05-13,2025-12-03,567,568,
wifpepemog,WIFPEPEMOGINU,0x0f0bbaf936f7ada2aca5b80bed7b655758d66950,success,2024-03-04,2025-12-02,374,375,
wigger,Wigger,0x170dec83c7753aaad20c01a0016b5a2e143990d4,success,2023-10-06,2025-12-03,653,654,
wigl,Wigl,0xf8206a19fca5999425358de4e4cdefc7f5c5d4ca,success,2024-09-13,2025-12-03,447,448,
wiki,Wiki Agent,0x6964ae9753df7f79c5db6006a13c22c934623570,success,2025-06-29,2025-11-25,92,93,
wild,Wilder World,0x2a3bff78b79a009976eea096a51a948a3dc00e34,success,2021-05-11,2025-12-03,1668,1669,
win,Win,0xb10cb07ca2cdac77fbb5707f6690301f9d036f45,success,2025-08-30,2025-12-03,96,97,
wnz,Winnerz,0x02795795196f563fdafce8dd97fca4871ded51c3,success,2024-01-31,2025-12-03,661,662,
winter,Winter,0xccba0b2bc4babe4cbfb6bd2f1edc2a9e86b7845f,success,2022-04-30,2025-12-03,1302,1303,
wxt,WXT Token,0xa02120696c7b8fe16c09c749e4598819b2b0e915,success,2019-07-02,2025-12-03,2347,2348,
wise,Wise,0x66a0f676479cee1d7373f3dc2e2952778bff5bd6,success,2021-01-04,2025-12-03,1795,1796,
witch,Witch Token,0xdc524e3c6910257744c1f93cf15e9f472b5bd236,success,2021-07-21,2025-12-03,1582,1583,
wit,Witnet,0xcafe5de18756817d98f4603f6828397406d4cafe,success,2021-12-01,2025-12-03,1449,1450,
wizard,Wizard Cat,0x4a7c9897ae01ff08d6e3820507a6b967bdbffa29,success,2024-10-16,2025-11-23,211,212,
wizard,WIZARD Vault (NFTX),0x87931e7ad81914e7898d07c68f145fc0a553d8fb,success,2021-07-28,2025-12-03,1482,1483,
wlf,WLF TOKEN,0xd1bb58e1f2ee11ff62aea1225a6f210467863031,success,2025-08-29,2025-12-03,97,98,
wojak,Wojak,0x5026f006b85729a8b14553fae6af249ad16c9aab,success,2023-04-18,2025-12-03,961,962,
wope,WojakPepe,0xb2e0f591191ee5f6fb8a7f1777a733b6aa92bb55,success,2024-04-15,2025-11-29,358,359,
$wolf,Wolf of Wall Street,0x8365332d4baf69bc24ca2401b90c3853ab9f818e,success,2023-08-25,2025-11-27,642,643,
skull,WOLF SKULL,0x7022fe5fedbd54b40fdc52be30c1c578fb55c2bf,success,2024-07-10,2025-12-02,445,446,
skull,Wolf Skull,0x70ef0df8b656403fc8c632c52661f19fc9934471,success,2024-11-09,2025-12-02,383,384,
wolt,Wolt,0x3d288a54e08fe41796556efdfc24c015fe47f74e,success,2024-10-23,2025-12-01,306,307,
wolverinu,Wolverinu,0x7cc97bf17c5adabe25f9d19d15a1ec8a1ad65f14,success,2022-10-19,2025-12-03,911,912,
wombat,Wombat,0x0c9c7712c83b3c70e7c5e11100d33d9401bdf9dd,success,2022-07-29,2025-12-03,1208,1209,
wom,Wombat Exchange,0xc0b314a8c08637685fc3dafc477b92028c540cfb,success,2022-09-01,2025-12-03,1190,1191,
wom,WOM Protocol,0xbd356a39bff2cada8e9248532dd879147221cf76,success,2019-11-07,2025-12-03,2219,2220,
wfo,WoofOracle,0x97d2fc7d16bc34121c3311f2e2e05d298c19956f,success,2024-03-07,2025-11-26,465,466,
woof,WoofWork.io,0x6bc08509b36a98e829dffad49fde5e412645d0a3,success,2023-02-01,2025-12-03,1023,1023,
woo,WOO,0x4691937a7508860f876c9c0a2a617e7d9e945d4b,success,2020-10-30,2025-12-03,1861,1862,
loop,Workloop AI,0x371d62f8ac252db7f88786e39f0880c35146c6c5,success,2025-08-21,2025-12-03,105,106,
wqt,Work Quest,0x06677dc4fe12d3ba3c7ccfd0df8cd45e4d4095bf,success,2023-04-28,2025-12-03,940,941,
inc,WorldAssets,0x7575c2e267a1a2ff98ac65bc26d40c948989031b,success,2025-10-01,2025-12-03,64,1504,
wld,Worldcoin,0x163f8c2467924be0ae7b5347228cabf260318753,success,2023-07-24,2025-12-03,864,865,
wcm,World Computer Money,0x692353f0bebb3e53301b626edb10eee6040b45fe,success,2025-08-18,2025-12-03,104,105,
wlfi,World Liberty Financial,0xda5e1988097297dcdc1f90d4dfe7909e847cbef6,success,2025-09-01,2025-12-03,94,95,
wmtx,World Mobile Token,0xdbb5cf12408a3ac17d668037ce289f9ea75439d7,success,2021-12-23,2025-12-03,1442,1443,
shards,WorldShards,0x6efe65c2426b51e9aa0427b96c313e5d8715fd06,success,2025-09-05,2025-12-03,90,2125,
wusd,Worldwide USD,0x7cd017ca5ddb86861fa983a34b5f495c6f898c41,success,2024-02-19,2025-12-03,654,655,
w,Wormhole,0xb0ffa8000886e57f86dd5264b9582b2ad87b2b91,success,2024-04-03,2025-12-03,610,611,
!,WOW,0x4efce4c758ddfb3911a1a1282a29ce0bdb16ef86,success,2023-12-02,2025-12-01,528,529,
wow,WOWswap,0x3405a1bd46b85c5c029483fbecf2f3e611026e45,success,2021-02-26,2025-12-03,1702,1703,
wozx,Efforce,0x34950ff2b487d9e5282c5ab342d08a2f712eb79f,success,2020-12-07,2025-12-03,1823,1824,
wa7a5,Wrapped A7A5,0xf442ff10b8def89514560a66c0ad28777094636a,success,2025-09-26,2025-12-03,69,1617,
waethlidogho,Wrapped Aave Ethereum Lido GHO,0xc71ea051a5f82c67adcf634c36ffe6334793d24c,success,2025-08-12,2025-12-03,114,115,
waethlidoweth,Wrapped Aave Ethereum Lido WETH,0x0fe906e030a44ef24ca8c7dc7b7c53a6c4f00ce9,success,2025-08-11,2025-12-03,115,116,
waethlidowsteth,Wrapped Aave Ethereum Lido wstETH,0x775f661b0bd1739349b9a2a3ef60be277c5d2d29,success,2025-08-12,2025-12-03,114,115,
waethusdc,Wrapped Aave Ethereum USDC,0xd4fa2d31b7968e448877f69a96de69f5de8cd23e,success,2025-08-12,2025-12-03,114,115,
waethusdt,Wrapped Aave Ethereum USDT,0x7bc3485026ac48b6cf9baf0a377477fff5703af8,success,2025-08-12,2025-12-03,114,115,
waethweth,Wrapped Aave Ethereum WETH,0x0bfc9d54fc184518a81162f8fb99c2eaca081202,success,2025-08-12,2025-12-03,114,115,
wacme,Wrapped Accumulate,0xdf4ef6ee483953fe3b84abd08c6a060445c01170,success,2022-11-10,2025-12-03,1117,1118,
wampl,Wrapped Ampleforth,0xedb171c18ce90b633db442f2a6f72874093b49ef,success,2021-11-25,2025-12-03,1464,1465,
wape,Wrapped ApeCoin,0x4d224452801aced8b2f0aebe155379bb5d594381,success,2024-10-22,2025-12-03,404,405,
21avax,21.co Wrapped AVAX,0x399508a43d7e2b4451cd344633108b4d84b33b03,success,1970-01-01,1970-01-01,1,1,
waac,Wrapped AyeAyeCoin,0x30ae41d5f9988d359c733232c6c693c0e645c77e,success,2024-05-31,2025-12-03,552,553,
wban,Wrapped Banano,0xe20b9e246db5a0d21bf9209e4858bc9a3ff7a034,success,2023-10-31,2025-12-03,765,766,
21bch,21.co Wrapped BCH,0xff4927e04c6a01868284f5c3fb9cba7f7ca4aec0,success,1970-01-01,1970-01-01,1,1,
wbcoin,Wrapped Backed Coinbase Global,0xdec933e2392ad908263e70a386fbf34e703ffe8f,success,2025-02-19,2025-12-03,279,280,
wbtc,Wrapped Bitcoin,0x2260fac5e5542a773aa44fbcfedf7c193bc2c599,success,2019-02-01,2025-12-03,2498,2499,
wbmstr,Wrapped bMSTR,0x1a4f71b0ff3c22540887bcf83b50054a213c673d,success,2025-03-12,2025-12-03,267,268,
21bnb,21.co Wrapped BNB,0x1be9d03bfc211d83cff3abdb94a75f9db46e1334,success,1970-01-01,1970-01-01,1,1,
wbnvda,Wrapped bNVDA,0x7e8101a1c322d394b3961498c7d40d2dfa94c392,success,2025-03-12,2025-12-03,267,268,
21btc,21.co Wrapped BTC,0x3f67093dffd4f0af4f2918703c92b60acb7ad78b,success,2024-05-30,2025-12-03,549,550,
wbtsla,Wrapped bTSLA,0x1f82284c1658ad71c576f7230e6c2dee7901c1fa,success,2025-03-12,2025-12-03,267,268,
wcfg,Wrapped Centrifuge,0xc221b7e65ffc80de234bbb6667abdd46593d34f0,success,2021-07-14,2025-12-03,1604,1605,
wctc,Wrapped CTC,0xeb32ad88b09fb94129a8b972876ad02eaac91e53,success,2025-03-09,2025-12-03,270,271,
wdag,Wrapped DAG,0x2e3cfe45e3ee7c017277f22e35d2f29edc99d570,success,2024-08-07,2025-12-03,470,471,
dione,Wrapped Dione,0x65278f702019078e9ab196c0da0a6ee55e7248b7,success,2025-07-23,2025-12-03,134,135,
weeth,Wrapped eETH,0xcd5fe23c85820f7b72d0926fc9b05b43e359b7ee,success,2023-12-04,2025-12-03,701,702,
wftm,Wrapped Fantom,0x4e15361fd6b4bb609fa63c81a2be19d873717870,success,2021-06-12,2025-12-03,1636,1637,
wfio,Wrapped FIO,0xbea269038eb75bdab47a9c04d0f5c572d94b93d5,success,2023-02-24,2025-12-03,737,738,
wfrax,Wrapped FRAX,0x04acaf8d2865c0714f79da09645c13fd2888977f,success,2025-04-30,2025-12-03,218,219,
whns,Wrapped HNS,0xa771b49064da011df051052848477f18dba1d2ac,success,1970-01-01,1970-01-01,1,1,
whydra,Wrapped Hydra,0x96c3530bfd0a906a123a4e26cebb635636b41f9d,success,2025-06-30,2025-12-03,157,158,
tensor,Wrapped Hypertensor,0x16a3543fa6b32cac3b0a755f64a729e84f89a75c,success,2024-05-20,2025-12-03,563,564,
kas,Wrapped Kaspa,0x112b08621e27e10773ec95d250604a041f36c582,success,2023-07-20,2025-12-03,868,869,
wlyx,Wrapped LYX (SigmaSwap),0x0808e6c4400bde1d70db0d02170b67de05e07ef5,success,2024-01-08,2025-12-03,634,635,
wm,WrappedM by M^0,0x437cc33344a0b27a429f795ff6b469c72698b291,success,2025-04-02,2025-12-03,246,247,
wmemo,Wonderful Memories,0x3b79a28264fc52c7b4cea90558aa0b162f7faf57,success,2022-01-10,2025-12-03,1424,1425,
wminima,Wrapped Minima,0x669c01caf0edcad7c2b8dc771474ad937a7ca4af,success,2023-03-21,2025-12-03,985,986,
wxtm,Wrapped MinoTari,0xfd36fa88bb3fea8d1264fc89d70723b6a2b56958,success,2025-07-30,2025-12-03,127,128,
wmc,Wrapped MistCoin,0x7fd4d7737597e7b4ee22acbf8d94362343ae0a79,success,2023-10-26,2025-12-03,770,771,
wmpc,Wrapped MPC,0x36a0e44c73e5a6a7727817377c0127f320a9456e,success,1970-01-01,1970-01-01,1,1,
wncg,Wrapped NCG,0xf203ca1769ca8e9e8fe1da9d147db68b6c919817,success,2021-08-17,2025-12-03,1570,1571,
wnxm,Wrapped NXM,0x0d438f3b5175bebc262bf23753c1e53d03432bde,success,2020-07-27,2025-12-03,1956,1957,
woas,Wrapped OAS,0x03b4bd7d900defe84098665e3d96dca73a1f608b,success,2022-12-16,2025-12-03,1084,1085,
woeth,Wrapped OETH,0xdcee70654261af21c44c093c300ed3bb97b78192,success,2023-11-14,2025-11-11,674,675,
wousd,Wrapped OUSD,0xd2af830e8cbdfed6cc11bab697bb25496ed6fa62,success,2024-01-09,2025-12-03,695,696,
wpeaq,Wrapped Peaq,0x1eef208926667594e5136e89d0e9dd6907959197,success,2025-08-28,2025-12-03,98,99,
wpokt,Wrapped POKT,0x67f4c72a50f8df6487720261e188f2abe83f57d7,success,2023-10-09,2025-12-03,787,788,
wpls,Wrapped Pulse,0xa882606494d86804b5514e07e6bd2d6a6ee6d68a,success,2023-05-19,2025-12-03,930,931,
quil,Wrapped QUIL,0x8143182a775c54578c8b7b3ef77982498866945d,success,2024-05-20,2025-12-03,563,564,
wrbnt,Wrapped RBNT,0xb45ffb51984d626ee758b336c61cf20990c6bf13,success,2025-07-04,2025-12-03,153,154,
saga,Wrapped SAGA,0xf42fcffc27a5b8d0afec45659407b82f9f32fa98,success,2025-03-19,2025-12-03,260,261,
wsrusd,Wrapped Savings rUSD,0xd3fd63209fa2d55b07a0f6db36c2f43900be3094,success,2025-06-18,2025-12-03,91,92,
21sol,21.co Wrapped SOL,0xb80a1d87654bef7ad8eb6bbda3d2309e31d4e598,success,1970-01-01,1970-01-01,1,1,
wsomi,Wrapped SOMI,0x1b0f6590d21dc02b92ad3a7d00f8884dc4f1aed9,success,2025-09-08,2025-12-03,87,2057,
wstlink,Wrapped Staked LINK,0x911d86c72155c33993d594b0ec7e6206b4c803da,success,2024-04-25,2025-12-03,588,589,
wsteth,Wrapped stETH,0x7f39c581f595b53c5cb19bd0b3f8da6c935e2ca0,success,2021-10-07,2025-12-03,1519,1520,
wtao,Wrapped TAO,0x77e06c9eccf2e797fd462a92b6d7642ef85b0a44,success,2023-02-16,2025-12-03,1022,1023,
wtlos,Wrapped Telos,0x7825e833d495f3d1c28872415a4aee339d26ac88,success,2023-02-03,2025-12-03,1035,1036,
lunc,Wrapped LUNC,0xd2877702675e6ceb975b4a1dff9fb7baf4c91ea9,success,2021-01-12,2025-12-03,1787,1788,
wtrx,Wrapped Tron,0x50327c6c5a14dcade707abad2e27eb517df87ab5,success,2022-04-08,2025-12-03,1336,1337,
wusdm,Wrapped USDM,0x57f5e098cad7a3d1eed53991d4d66c45c9af7812,success,2023-12-28,2025-12-03,428,429,
ustc,Wrapped USTC,0xa47c8bf37f92abed4a126bda807a7b7498661acd,success,2021-05-13,2025-12-03,1666,1667,
wvg0,Wrapped Virgin Gen-0 CryptoKittties,0x25c7b64a93eb1261e130ec21a3e9918caa38b611,success,2020-10-20,2025-12-03,1283,1284,
wxoc,Wrapped XOC,0x83915de0d525bb57a38cd97d9f508cabead6a0d5,success,2025-09-18,2025-12-03,77,1823,
wxtz,Wrapped XTZ,0xc9b53ab2679f573e480d01e0f49e2b5cfb7a3eab,success,2024-11-04,2025-12-03,395,396,
wreath,Wreath,0xe5823202be971dbe7e7c4395053943b242f5fedc,success,2025-06-04,2025-09-30,51,52,
wsbc,WSB Classic,0xe46091dce9c67691bcf22768bbee0bc9e20d4beb,success,2023-05-10,2025-11-28,672,673,
wsb,WSB Coin,0x0414d8c87b271266a5864329fb4932bbe19c0c49,success,2023-05-02,2025-11-29,896,897,
wukong,Wukong Musk,0x1039bae6254178ee2f6123cd64cde9e4ca79d779,success,2024-09-10,2025-12-02,323,324,
x,X,0x7f3141c4d6b047fb930991b450f1ed996a51cb26,success,2022-01-07,2025-12-03,1358,1359,
x2y2,X2Y2,0x1e4ede388cbc9f4b5c79681b7f94d36a11abebc9,success,2022-02-15,2025-12-03,1388,1389,
x7r,X7R,0x70008f18fc58928dce982b0a69c2c21ff80dca54,success,2022-10-09,2025-11-22,926,927,
x8x,X8X,0x910dfc18d6ea3d6a7124a6f8b5458f281060fa4c,success,2018-08-10,2025-12-03,2514,2515,
x,XAI,0xafe53eea0cfe20198328890b69107d5fd8159a77,success,2023-07-28,2025-12-03,860,861,
xai,XAI Corp,0x0a13a5929e5f0ff0eaba4bd9e9512c91fce40280,success,2023-07-17,2025-12-03,870,871,
xalpha,XALPHA.AI,0x369733153e6e08d38f2bc72ae2432e855cfbe221,success,2024-01-15,2025-12-01,680,681,
xeta,XANA,0x967fb0d760ed3ce53afe2f0a071674cccae73550,success,2022-07-20,2025-12-03,1233,1234,
xau,XAU9999,0x999903502c1c7fea3591fb17315544c6bdde7699,success,2025-07-22,2025-12-03,135,136,
xavier,Xavier: Renegade Angel,0x69b1ac639c0153b8eae75e4c19a176d07071683c,success,2025-05-19,2025-12-03,199,200,
xb,XBANKING,0x33e80a92a9ea73dd02f6e732d1702d58c68388ca,success,2023-09-10,2025-11-29,737,738,
xbg,XBorg,0xeae00d6f9b16deb1bd584c7965e4c7d762f178a1,success,2024-08-21,2025-12-03,470,471,
xbo,$XBO Token,0x167e6fcd728cdd00d012d8862934c2c333cb0839,success,2025-08-22,2025-12-03,104,105,
xcad,XCAD Network,0x7659ce147d0e714454073a5dd7003544234b6aa0,success,2021-05-31,2025-12-03,1648,1649,
xcl,Xcellar,0xca5e50710f656f2e537ce2fc8504db6e24ed3515,success,2025-10-05,2025-12-03,60,1408,
xcept,XCeption,0xac506c7dc601500e997cad42ea446624ed40c743,success,2023-12-01,2025-12-03,576,577,
x,CruxDecussata,0xabec00542d141bddf58649bfe860c6449807237c,success,2023-08-11,2025-12-03,846,847,
xcredi,xCREDI,0x3bbfb303842dd4a76da4c927be644e9cf3170afd,success,2025-01-16,2025-12-03,322,323,
stake,STAKE,0x0ae055097c6d159879521c384f1d2123d1f195e6,success,2020-04-30,2025-12-03,2044,2045,
xdefi,XDEFI,0x72b886d09c117654ab7da13a14d603001de0b777,success,2021-11-18,2025-12-03,1438,1439,
xdoge,XDOGE,0xd2b274cfbf9534f56b59ad0fb7e645e0354f4941,success,2023-07-28,2025-12-03,820,821,
xd,XDoge,0x01eeffcd9a10266ed00946121df097eed173b43d,success,2023-11-05,2025-12-03,742,743,
xdoge,XDOGE,0xff054e7550dbb28b9b0777d6d64c425e16865159,success,2025-09-10,2025-10-21,42,922,
xels,XELS,0x397deb686c72384fad502a81f4d7fdb89e1f1280,success,2021-04-09,2025-12-03,1700,1701,
xen,XEN Crypto,0x06450dee7fd2fb8e39061434babcfc05599a6fb8,success,2022-10-11,2025-12-03,1150,1151,
rwa,Xend Finance,0x4563554284aa7148d6e6d0351519e954ba3b6e02,success,2021-03-24,2025-12-03,1716,1717,
xeno,Xeno,0x451fd37983d494bce294295f78a426832376b7df,success,2024-01-21,2025-11-26,627,628,
xera,Xera,0xd24c0f14142aaf45ff995bc84ebf6a06add01b8d,success,2025-11-17,2025-12-03,17,381,
x,X,0xa62894d5196bc44e4c3978400ad07e7b30352372,success,2023-08-03,2025-12-03,854,855,
xerai,XERO AI,0x72bb0df29b6c595d0636bf028c3093a0d7fd9403,success,2025-07-04,2025-10-13,67,68,
xetra,Xetra AI,0x0f48e776a4d983c0dddf4c0c946d66e3786f134f,success,2024-12-27,2025-11-21,226,227,
xfi,Xfinance,0x5befbb272290dd5b8521d4a938f6c4757742c430,success,2020-09-12,2025-12-02,1743,1744,
xfit,XFai,0x4aa41bc1649c9c3177ed16caaa11482295fc7441,success,2021-04-21,2025-12-03,1619,1620,
xfund,xFUND,0x892a6f9df0147e5f079b0993f486f9aca3c87881,success,2021-01-26,2025-12-03,1773,1774,
xiaobai,XiaoBai,0xcb69e5750f8dc3b69647b9d8b1f45466ace0a027,success,2025-07-11,2025-12-03,146,147,
小白,小白,0x642ee4b1f054da33bc6003ad0278f9a27478caf5,success,2025-09-04,2025-11-20,56,994,
xio,Blockzero Labs,0x0f7f961648ae6db43c75663ac7e5414eb79b5704,success,2019-11-29,2025-12-03,2024,2025,
xion,XION,0x24d7ad9402717f429a81925fe7643b78918eda8b,success,2024-12-06,2025-12-03,363,364,
xi,Xi,0x295b42684f90c77da7ea46336001010f2791ec8c,success,2021-09-27,2025-12-03,1529,1530,
xl1,XL1,0xf72ae3e0da743033abd7a407557d684c1ae66aed,success,2025-09-16,2025-12-03,79,1860,
xmx,XMax,0x0f8c45b896784a1e408526b9300519ef8660209c,success,2018-06-19,2025-11-10,2554,2555,
xmon,XMON,0x3aada3e213abf8529606924d8d1c55cbdc70bf74,success,2021-02-18,2025-12-03,1750,1751,
xmoney,X Money,0x21cd589a989615a9e901328d3c089bbca16d00b2,success,2025-01-06,2025-12-03,332,333,
xox,XOX Labs,0x0f5c78f152152dda52a2ea45b0a8c10733010748,success,2024-01-19,2025-11-30,525,526,
xpass,X-PASS,0xb0df0e6133ce2bae93f1bb1737ed3f39593c67f5,success,1970-01-01,1970-01-01,1,1,
xers,X Project ERC,0x6c10d1611a5a95cb967e4bcab5791fd101194949,success,2024-02-05,2025-12-03,668,669,
ort,XREATORS,0x5c59a5b139b0538cb106d775a022cad98dd14b5a,success,2022-05-26,2025-12-03,1280,1281,
xrgb,XRGB,0x5cc5e64ab764a0f1e97f23984e20fd4528356a6a,success,2024-02-22,2025-12-03,410,410,
xrp20,XRP20,0xe4ab0be415e277d82c38625b72bd7dea232c2e7d,success,2023-08-24,2025-12-03,830,831,
xrun,XRun,0x5833dbb0749887174b254ba4a5df747ff523a905,success,2022-04-28,2025-12-03,1188,1189,
xshib,XSHIB,0xb61ebb6bceb7635ecd7e59884ee2e2bcdfd810ba,success,2023-11-10,2025-11-05,614,615,
xsushi,xSUSHI,0x8798249c2e607446efb7ad49ec89dd1865ff4272,success,2021-01-21,2025-12-03,1778,1779,
xswap,XSwap,0x8fe815417913a93ea99049fc0718ee1647a2a07c,success,2024-05-06,2025-12-03,577,578,
xt,XT.com,0x4be10da47a07716af28ad199fbe020501bddd7af,success,2019-05-17,2025-12-03,2382,2383,
xtk,xToken,0x7f3edcdd180dbe4819bd98fee8929b5cedb3adeb,success,2021-02-25,2025-11-20,1434,1435,
xtreme,Xtremeverse,0x000000000503be77a5ed27bef2c19943a8b5ae73,success,2024-03-18,2025-12-03,527,528,
xv,XV,0x34dce75a3d1910cc9d188aa5a75fb9addcae0fcc,success,2023-12-05,2025-12-03,690,691,
xwg,X World Games,0x0a77ef9bf662d62fbf9ba4cf861eaa83f9cc4fec,success,2021-08-20,2025-12-03,1565,1566,
xx,XX Network,0x171120219d3223e008558654ec3254a0f206edb2,success,2022-08-03,2025-12-03,1219,1220,
xx,XX,0x642ac912a58428767fa14a26a749f9a1b001ba92,success,2023-09-28,2025-12-02,604,605,
xyb,Xybertic,0xb64c4379ae2d03ce6b7df0ca5135d3b7e9bb0a89,success,2025-06-12,2025-11-15,104,105,
xyo,XYO Network,0x55296f69f40ea6d20e478533c15a6b08b654e758,success,2018-06-12,2025-12-03,2732,2733,
xyro,XYRO,0x4eddb15a0abfa2c349e8065af9214e942d9a6d36,success,2025-01-23,2025-12-03,315,316,
xzk,Expand,0xe8fc52b1bb3a40fd8889c0f8f75879676310ddf0,success,2024-06-18,2025-12-03,534,535,
yai,Ÿ,0x477a3d269266994f15e9c43a8d9c0561c4928088,success,2024-04-01,2025-12-03,612,613,
yak,YAK,0xe842e272a18625319cc36f64eb9f97e5ad0c32af,success,2024-03-03,2025-12-02,421,422,
yaku,Yaku,0x1155db64b59265f57533bc0f9ae012fffd34eb7f,success,2024-01-12,2025-12-03,692,693,
yaku,Yakushima Inu,0xffd228cf984815b071ceb20c368dc98a122b56a7,success,2025-09-05,2025-09-18,7,101,
yala,Yala,0xf970706063b7853877f39515c96932d49d5ac9cd,success,2025-07-22,2025-12-03,135,136,
ybtc,Yala BTC,0x27a70b9f8073efe5a02998d5cc64acdc9e0ba589,success,2025-07-16,2025-11-24,61,62,
yam,YAM,0x0aacfbec6a24756c20d41914f2caba817c0d8521,success,2020-09-19,2025-12-03,1881,1882,
yapp,Yapp Ai,0xbb820cdc399d93b614023cae612f85eaa0db944f,success,2025-08-12,2025-11-13,35,36,
yawn,Yawn's World,0x88ce174c655b6d11210a069b2c106632dabdb068,success,2024-09-14,2025-11-28,305,306,
yayageth,Yay Kelp DAO’s Airdrop Gain ETH,0x0341d2c2ce65b62af8887e905245b8cfea2a3b97,success,2025-02-17,2025-12-03,288,289,
yaystone,Yay StakeStone Ether,0xe86142af1321eaac4270422081c1eda31eecff0c,success,2025-02-17,2025-12-03,290,291,
ydr,YDragon,0x3757232b55e60da4a8793183ac030cfce4c3865d,success,2021-08-18,2025-11-08,1204,1205,
ycrv,Yearn CRV,0xfcc5c47be19d06bf83eb04298b026f81069ff65b,success,2022-12-20,2025-12-03,1065,1066,
yeth,Yearn Ether,0x1bed97cbc3c24a4fb5c069c6e311a967386131f7,success,2023-10-09,2025-12-01,721,722,
yfi,yearn.finance,0x0bc529c00c6401aef6d220be8c6ea1667f6ad93e,success,2020-07-18,2025-12-03,1965,1966,
yee,Yee Token,0x9ac9468e7e3e1d194080827226b45d0b892c77fd,success,2025-04-16,2025-12-03,232,233,
ylay,Yelay,0xaee5913ffd19dbca4fd1ef6f3925ed0414407d37,success,2024-10-22,2025-12-03,408,409,
yel,Yel.Finance,0x949185d3be66775ea648f4a306740ea9eff9c567,success,2021-07-30,2025-12-03,1577,1578,
yes,YES,0xfc10cd3895f2c66d6639ec33ae6360d6cfca7d6d,success,2023-11-13,2025-12-03,719,720,
yes,Yes Chad,0x5da42c37dea61d1c31e7a810e7d2aff736a41643,success,2024-11-14,2025-12-03,365,366,
yes,Yes Chad,0x2526ae18c3beeabb248e401368ef0f4515d24f9d,success,2025-07-24,2025-12-03,133,134,
yeti,Yeti the Abominable,0x7af8e99e7adafd299bdab66081dc1662a3f5d552,success,2025-09-12,2025-09-25,7,135,
yf-dai,YfDAI.finance,0xf4cd3d3fda8d7fd6c5a500203e38640a70bf9577,success,2020-09-08,2025-12-03,1913,1914,
yfii,DFI.money,0xa1d0e215a23d7030842fc67ce582a6afa3ccab83,success,2020-07-29,2025-12-03,1954,1955,
yvyfi,YFI yVault,0xdb25ca703181e7484a155dd612b06f57e12be5f0,success,2023-01-20,2025-12-03,1049,1050,
yfx,Your Futures Exchange,0xf55a93b613d172b86c2ba3981a849dae2aecde2f,success,2021-05-20,2025-11-13,1591,1592,
yld,Yield App,0xf94b5c5651c888d928439ab6514b93944eee6f48,success,2020-12-14,2025-12-03,1685,1686,
yb,Yield Basis,0x01791f726b4103694969820be083196cc7c045ff,success,2025-10-15,2025-12-03,50,1167,
ybr,YieldBricks,0x9d9535dae62f5f12ab83f1183dca1ead244b0db3,success,2024-11-12,2025-12-03,387,388,
vybtc,YieldFi vyBTC,0x1e2a5622178f93efd4349e2eb3dbdf2761749e1b,success,2025-11-21,2025-12-03,13,278,
vyeth,YieldFi vyETH,0x3073112c2c4800b89764973d5790ccc7fba5c9f9,success,2025-11-21,2025-12-03,13,280,
vyusd,YieldFi vyUSD,0x2e3c5e514eef46727de1fe44618027a9b70d92fc,success,2025-11-09,2025-12-03,18,316,
ybtc,YieldFi yBTC,0xa01200b2e74de6489cf56864e3d76bbc06fc6c43,success,2025-11-21,2025-12-03,13,280,
yeth,YieldFi yETH,0x8464f6ecae1ea58ec816c13f964030eab8ec123a,success,2025-09-29,2025-12-03,15,302,
yusd,YieldFi yToken,0x19ebd191f7a24ece672ba13a302212b5ef7f35cb,success,2025-01-14,2025-12-03,316,317,
ygg,Yield Guild Games,0x25f8087ead173b73d6e8b84329989a8eea16cf73,success,2021-07-28,2025-12-03,1590,1591,
ydf,Yieldification,0x30dcba0405004cf124045793e1933c798af9e66a,success,2022-10-05,2025-11-29,996,997,
ynd,YieldNest,0x7159cc276d7d17ab4b3beb19959e1f39368a45ba,success,2025-06-05,2025-12-03,182,183,
yneth,YieldNest Restaked ETH,0x09db87a538bd693e9d08544577d5ccfaa6373a48,success,2024-07-26,2025-12-03,477,478,
ynrwax,YieldNest RWA MAX,0x01ba69727e2860b37bc1a2bd56999c1afb4c15d8,success,2025-10-17,2025-12-03,28,486,
yogold,Yield Optimizer Gold,0x586675a3a46b008d8408933cf42d8ff6c9cc61a1,success,2025-10-11,2025-12-03,54,1265,
yield,Yield Protocol,0xa8b61cff52564758a204f841e636265bebc8db9b,success,2021-03-06,2025-11-26,1657,1658,
$yield,YieldStone,0x4a35feae3378298d65f123576c61acd62b52a920,success,2024-06-19,2025-12-03,454,455,
ynethx,ynETH MAX,0x657d9aba1dbb59e53f9f3ecaa878447dcfc96dcb,success,2024-12-14,2025-12-03,316,317,
ynusdx,ynUSD Max,0x3db228fe836d99ccb25ec4dfdc80ed6d2cddcb4b,success,2025-06-21,2025-12-02,70,71,
yobi,Yobi,0x98931a97a62ff3a8e2b42b7ea186cff193c2a67f,success,2025-06-26,2025-12-03,159,160,
yng,Young,0xa26cbb76156090f4b40a1799a220fc4c946afb3c,success,2025-07-18,2025-12-03,134,135,
peezy,Young Peezy,0xf14dd7b286ce197019cba54b189d2b883e70f761,success,2024-05-17,2025-11-16,344,345,
peezy,Young Peezy,0x69ee720c120ec7c9c52a625c04414459b3185f23,success,2024-07-20,2025-12-02,457,458,
yourai,YOUR AI,0xc5ba042bf8832999b17c9036e8212f49dce0501a,success,2024-03-20,2025-12-03,624,625,
you,Youwho,0xb92ba0a6a843379499770de82aa936d6ba0fd8ca,success,2022-04-30,2025-12-03,1274,1275,
yu,Yala Stablecoin,0xe868084cf08f3c3db11f4b73a95473762d9463f7,success,2025-05-26,2025-12-03,192,193,
yuge,Yuge,0x8854d278bdb3140c161bf011888d9dc7a5918e77,success,2024-05-27,2025-11-30,383,384,
yum,Yum,0xce682c89c63d2850cb2ca898e44d6c7c30d897a6,success,2024-08-08,2025-12-03,452,453,
yup,Yup,0x69bbc3f8787d573f1bbdd0a5f40c7ba0aee9bcc9,success,2020-09-03,2025-11-29,1765,1766,
yvboost,Yearn Compounding veCRV yVault,0x9d409a0a012cfba9b15f6d4b36ac57a46966ab9a,success,2021-05-02,2025-11-20,1163,1164,
yvdai,yvDAI,0xda816459f1ab5631232fe5e97a05bbbb94970c95,success,2023-01-16,2025-12-03,1053,1054,
zaddy,Zaddy Coin,0x981293a7928638939d126207f7aca94e2f164806,success,2025-10-28,2025-11-15,8,123,
zai,Zaibot,0x68449870eea84453044bd430822827e21fd8f101,success,2024-03-13,2025-12-03,629,630,
zai,ZAIHO,0x67037abcfefd566aeff31c240168c25d65a0754d,success,2023-12-28,2025-12-03,703,704,
zam,Zam.io,0xd373576a9e738f37dc6882328358ff69c4caf4c6,success,2021-11-03,2025-12-03,1492,1493,
zap,Zap,0x6781a0f84c7e9e846dcb84a9a5bd49333067b104,success,2018-01-12,2025-12-03,2883,2884,
zapi,Zapicorn,0xc434268603ca8854e0be1a3ff15cad73bd6ec49a,success,2023-11-24,2025-12-03,671,671,
zarp,ZARP Stablecoin,0xb755506531786c8ac63b756bab1ac387bacb0c04,success,2022-09-20,2025-12-03,800,801,
zazzles,Zazzles,0x44a023a4c32bdd2c89ee87ee76a2332b1a883012,success,2024-07-06,2025-11-24,253,254,
zco,Zebi,0x2008e3057bd734e10ad13c9eae45ff132abc1722,success,2018-04-30,2025-12-03,2653,2653,
zedxion,Zedxion,0xbafdabadcf19d0cfbbe0ab9c69cf050d86ff888c,success,2021-10-07,2025-12-03,1519,1520,
zbu,Zeebu,0xe77f6acd24185e149e329c1c0f479201b9ec2f4b,success,2023-08-03,2025-12-03,854,855,
zelix,ZELIX,0x0257ffd7ea2ebba4aaa090c7adbdd032a08c1f74,success,2023-10-25,2025-11-26,764,765,
zlw,Zelwin,0x5319e86f0e41a06e49eb37046b8c11d78bcad68c,success,2020-06-01,2025-12-03,2012,2013,
zcore,Zencore AI,0xc295a421d6cb1752c6c218e98794e4ade68ca8a9,success,2025-08-30,2025-11-24,49,50,
znx,ZENEX,0x9471d30d78a3c9f076ce206d14867a8d8be1efde,success,2023-03-30,2025-12-03,829,830,
zeniq,ZENIQ,0x5b52bfb8062ce664d74bbcd4cd6dc7df53fd7233,success,2023-03-02,2025-12-03,1007,1008,
zen,Zenith,0x3bbbb6a231d0a1a12c6b79ba5bc2ed6358db5160,success,2024-03-08,2025-12-03,633,634,
zenith,Zenith Chain,0x0343131c0257ac21ea5a8dc83841f071efd9285c,success,2021-12-07,2025-11-24,1214,1215,
znk,Zenk AI,0xeeea5086ae38df6c1f46f6f56011501d373731ab,success,2025-07-10,2025-11-18,78,79,
znn,Zenon,0xb2e96a63479c2edd2fd62b382c89d5ca79f572d3,success,2023-06-14,2025-12-03,887,888,
zent,Zentium Tech,0x2b37127988e4e5e9576b7a533d873c23cfbdb1e9,success,2025-07-08,2025-11-28,68,69,
zent,Zentry,0xdbb7a34bf10169d6d2d0d02a6cbb436cf4381bfa,success,2024-04-26,2025-12-03,587,588,
zent,ZENTU,0x3e985250cb137fc1ff55922116934c5982d29f85,success,2024-09-03,2025-12-03,457,458,
zeon,ZEON Network,0xe5b826ca2ca02f09c1725e9bd98d9a8874c30532,success,2018-11-13,2025-11-12,2458,2459,
deai,Zero1 Labs,0x1495bc9e44af1f8bcb62278d2bec4540cf0c05ea,success,2024-03-22,2025-12-03,622,623,
zbt,ZEROBASE,0xfab99fcf605fd8f4593edb70a43ba56542777777,success,2025-10-17,2025-12-03,48,1118,
zero,0.exchange,0xf0939011a9bb95c3b791f0cb546377ed2693a574,success,2021-01-19,2025-12-03,1385,1386,
0g,0G,0x4b948d64de1f71fcd12fb586f4c776421a35b3ee,success,2025-09-22,2025-12-03,73,1721,
zeth,ZeroLiquid ETH,0x776280f68ad33c4d49e6846507b7dbaf7811c89f,success,1970-01-01,1970-01-01,1,1,
zee,ZeroSwap,0x2edf094db69d6dcd487f1b3db9febe2eec0dd4c5,success,2020-10-19,2025-12-03,1872,1873,
meow,MEOW,0x0ec78ed49c2d27b315d462d43b5bab94d2c79bf8,success,2021-12-13,2025-12-03,1444,1445,
zai,Zesh AI Layer,0x51129dad3db1c28d693616308ae1062e43280ed7,success,1970-01-01,1970-01-01,1,1,
zeta,ZetaChain,0xf091867ec603a6628ed83d274e835539d82e9cc8,success,2024-02-01,2025-12-03,672,673,
zeus,Zeus,0x4d4574f50dd8b9dbe623cf329dcc78d76935e610,success,2025-05-25,2025-12-03,193,194,
zeus,Zeus AI,0x6ef460eb3563cfcc73f8147b0a77daffee71f867,success,2023-03-27,2025-12-03,569,570,
zeusd,ZeUSD,0x7dc9748da8e762e569f9269f48f69a1a9f8ea761,success,1970-01-01,1970-01-01,1,1,
zeus,Zeus,0x7137e8a3b069c3f787c4ffbb901b91e4ba47d082,success,2024-04-08,2025-12-03,598,599,
zsc,Zeusshield,0x7a41e0517a5eca4fdbc7fbeba4d4c47b9ff6dc63,success,2017-12-27,2025-12-03,2899,2900,
zig,ZIGChain,0xb2617246d0c6c0087f18703d576831899ca94f01,success,2021-04-15,2025-12-03,1694,1695,
zik,ZIK coin,0xd4419c2d3daa986dc30444fa333a846be44fd1eb,success,2024-07-19,2025-12-03,503,504,
zrc,Zircuit,0xfd418e42783382e86ae91e445406600ba144d162,success,2024-11-25,2025-12-03,374,375,
candy,ZKcandy,0xc92fe380bf07fedc239a4b53639a6479fde8d30b,success,1970-01-01,1970-01-01,1,1,
z,zkCLOB,0x1c13522ca36e5e13c591c0803083d5bb9282fe48,success,2025-11-12,2025-12-03,22,474,
zkai,ZKCrypt AI,0x5959e94661e1203e0c8ef84095a7846bacc6a94f,success,2024-11-12,2025-12-01,381,382,
zkex,zkExchange,0xec2bc2b25ab6ed8e669e202cd0ee533e24c9a068,success,2025-01-17,2025-11-21,262,263,
zkgpt,ZKGPT,0x733fd1b5aa477d55070546922ba1bd3751c167c7,success,2024-12-19,2025-12-03,288,289,
zkhive,zkHive,0x750c3a0a0ce9984eeb8c5d146dff024b584e5e33,success,2024-03-12,2025-12-03,575,576,
$zkitty,ZKitty Bot,0x7df18e4efd6e6f73cfb462937dac40fe42533016,success,2023-08-28,2025-12-03,815,816,
zkl,zkLink,0xfc385a1df85660a7e041423db512f779070fcede,success,2024-07-22,2025-12-03,500,501,
zkml,zKML,0xe92344b4edf545f3209094b192e46600a19e7c2d,success,2024-02-14,2025-12-03,659,660,
zkb,ZKBase,0xbbbbbbbb46a1da0f0c3f64522c275baa4c332636,success,2021-01-06,2025-11-08,1731,1732,
zk,ZKsync,0x66a5cfb2e9c529f14fe6364ad1075df3a649c0a5,success,2024-06-17,2025-12-03,535,536,
znd,ZND Token,0x2d8ea194902bc55431420bd26be92b0782dce91d,success,2024-10-30,2025-12-03,400,401,
zodia,ZODIA,0xe1270268fa6fcef965958bf2f24e09d70deed06f,success,2025-08-24,2025-11-23,43,44,
zod,Zodor,0x8258df28cbaa51199c0a8b7e1de1d669e4be9fc1,success,2025-05-16,2025-11-26,163,164,
zon,Zon Token,0x25d29fa7cf5cd5a11102b793f1a0149546e026e4,success,2025-07-16,2025-10-28,105,106,
zoo,ZooCoin,0x0c08638473cafbca3beb113616a1871f4bfad4f9,success,1970-01-01,1970-01-01,1,1,
zoomer,Zoomer,0x0d505c03d30e65f6e9b4ef88855a47a89e4b7676,success,2023-07-05,2025-12-03,880,880,
zoot,Zoo,0x1341a2257fa7b770420ef70616f888056f90926c,success,2021-05-19,2025-12-03,1620,1621,
zulu,Zulu Network,0x7b67d8b4da0b17a9b98eddc21230b60c8ede69a4,success,2024-11-12,2025-12-03,387,388,
zum,ZUM,0xe0b9bcd54bf8a730ea5d3f1ffce0885e911a502c,success,2019-10-17,2025-12-03,1913,1913,
zuzalu,Zuzalu Inu,0xd1f17b7a6bff962659ed608bcd6d318bb5fbb249,success,2024-01-16,2025-12-03,676,676,
zyn,ZynCoin,0x58cb30368ceb2d194740b144eab4c2da8a917dcb,success,2024-03-06,2025-12-03,638,639,
$coffee,Coffee AI,0x18ef464fd73ed484c12339eaa5d5e3c8f6c48180,success,2024-11-18,2025-04-09,143,144,
$dojo,Dojo Supercomputer,0x8260328d0c405d9ca061d80199102ddc9089e43c,success,2023-04-10,2025-04-29,619,620,
$fmb,FlappyMoonbird,0x52284158e02425290f6b627aeb5fff65edf058ad,success,2023-06-20,2025-08-16,789,790,
$grl,Greelance,0xa067237f8016d5e3770cf08b20e343ab9ee813d5,success,2024-01-17,2025-12-01,510,510,
$icons,SportsIcon,0x3f68e7b44e9bcb486c2feadb7a2289d9cdfc9088,success,2021-11-25,2025-07-01,1315,1316,
$insora,INSORA AI,0x94c6625371a59f3abe3b810c5d6f4e7c965d1b88,success,2024-10-01,2025-09-20,275,276,
$locg,LOCG,0x60eb57d085c59932d5faa6c6026268a4386927d0,success,2021-05-03,2025-05-30,1489,1490,
$luna,Luna28,0x416cdaf616a82d7dd46e0dbf36e7d6fe412bc40e,success,2024-01-23,2025-12-03,368,368,
$mecha,Mechanium,0xc5bcc8ba3f33ab0d64f3473e861bdc0685b19ef5,success,2022-03-22,2025-11-20,1105,1105,
$moxi,MOX AI,0x456ff1fbb87ec74165a11460f9d1864775dc227a,success,2025-01-29,2025-07-28,166,167,
$muu,MUU,0x849c479d7a90eb378dbd00e8f166371176244eb1,success,2022-05-18,2025-03-28,863,864,
$myst,MYST,0xc7068fff81f3a5b8c49cf6d35b3bc524c3f045e9,success,2024-12-21,2025-10-06,290,291,
$number,NUMBER,0x6965fb688861c004f4f0117980c519b342419941,success,2024-12-28,2025-07-27,181,182,
$pear,PEAR AI,0xfc40b76cdd4e62ef0c8273fdbdbc458253776015,success,2024-12-05,2025-08-05,229,230,
$pivot,Pivot AI,0xa72b67f84460b689f1a3054549ab926c9ad88a41,success,2025-01-13,2025-08-09,107,108,
$pixe,Pixel,0x6a26edf3bbc9f154ca9175216ceb9812f5305e6e,success,2024-02-15,2025-11-18,305,305,
$pp,Print The Pepe,0x8442e0e292186854bb6875b2a0fc1308b9ded793,success,2023-04-25,2025-11-18,457,457,
$shibashoot,Shibashootout,0xdbcc27ecc60cff70bd483f79b039f680f1f8af0b,success,2024-11-23,2025-05-24,183,184,
$sponge,Sponge (OLD),0x25722cd432d02895d9be45f5deb60fc479c8781e,success,2023-05-10,2025-11-26,771,771,
$stra,Sentra,0x93181f0625329fc0f5c35d1670ceb541867acc65,success,2024-10-28,2025-10-22,264,265,
$tos,Cryptopia,0x68ccaca9adf1552b3316d6067690ec27397c8ea8,success,2024-07-04,2025-10-13,408,408,
$xai,Xspectra Ai,0xc15c94f460c6a01a93b8f9ba919fadcec9310f54,success,2024-12-30,2025-09-30,230,231,
0dog,Bitcoin Dogs,0xaa6624d7363ef8284aa8ce4e18146ded5f421b2c,success,2024-08-22,2025-08-12,356,357,
0kn,0 Knowledge Network,0x4594cffbfc09bc5e7ecf1c2e1c1e24f0f7d29036,success,2023-09-07,2025-09-28,672,673,
0xc,0xCalls,0x5ca83216fae72717332469e6a2eb28c4bf9af9ec,success,2024-01-04,2025-07-28,410,411,
0xdev,DEVAI,0xf7498c98789957f4ee53b3e37ff5b7ef8a6cfc7b,success,2023-12-01,2025-07-21,545,546,
0xp,0xPrivacy,0x46b7cb31a4a6375c69a6d0b9ed9261fb649adb83,success,2024-10-09,2025-12-02,145,145,
1ex,1ex,0x668d78571f124415581b38d32fa9a16f1aaa8417,success,2024-01-31,2025-07-09,526,527,
1sol,1Sol,0x009178997aff09a67d4caccfeb897fb79d036214,success,2021-12-15,2025-07-01,1254,1255,
2dai,2DAI.io,0xb44b653f147569d88a684cbf6549e1968e8b2a1d,failure,,,,,"HTTP 404: {""error"":""coin not found""}"
3ac,Three Arrowz Capitel,0x2de1218c31a04e1040fc5501b89e3a58793b3ddf,success,2024-09-29,2025-10-02,268,269,
3d3d,3d3d,0xfe60fba03048effb4acf3f0088ec2f53d779d3bb,success,2023-05-09,2025-12-02,488,488,
:zkt:,ZkTsunami,0x76fca1adb104770b38581b64d55e67fa5a0f3966,success,2023-03-01,2025-11-03,634,634,
@lfg,LFG,0x40a9a694197a0b4b92f2aad48da6bc1b6ff194e9,success,2023-07-06,2025-08-16,692,693,
ab,Arma Block,0x84fad63f8f26335f4f1bebc9fbf5ba277fd23c9e,success,2024-04-17,2025-10-14,324,325,
abtc,American Bitcoin,0x64b3b21ee104f434380270749d8d5bfd481fdcf6,success,2025-04-05,2025-12-03,117,117,
accord,Accord AI,0x755f57af4c14aabfe5fbc92b27b015dcdbd30c15,success,2024-08-16,2025-10-28,207,207,
adult,Adult Playground,0x565d3902d6a5a2d5ce28ff427423e88933334dd2,success,2023-10-02,2025-11-03,524,525,
advt,Advantis X,0x69e37422cb87d963367f73a119c8ce9a4d529b72,success,2022-12-21,2025-11-09,690,690,
adx,AnyDex,0x83389cb4e4f0bff39915efa839cb827460e70d26,success,2024-10-10,2025-09-15,157,158,
afs,Aktionariat Alan Frei Company Tokenized Shares,0x56528c1df17fd5451451eb6efde297758bc8f9a1,success,2023-12-04,2025-06-24,206,207,
agg,AGG,0xfb0489e9753b045ddb35e39c6b0cc02ec6b99ac5,success,2024-04-05,2025-04-25,386,387,
ags,Aegis,0xdb2f2bcce3efa95eda95a233af45f3e0d4f00e2a,success,2020-09-08,2025-09-24,1842,1843,
agts,AgenTensor,0x55bd5f6a1caea02c4f1eae6119b2ac0babab2c9f,success,2024-11-30,2025-06-12,184,185,
agv,AgentVerse,0x31ef6148cae611421c5d5c58649faf6b412f6422,success,2025-01-06,2025-09-21,213,214,
ais,AISociety,0x42a7797351dfd281a80807196c8508eb70bb2af9,success,2023-11-11,2025-09-11,635,635,
aither,Aither,0x6f365eb3686ee95bdefbae71f1728d62c0af7ab1,success,2025-01-11,2025-08-03,204,205,
aitt,Aittcoin,0xeec2e29ff5cd4cecea61de09e9f28fae74c70ddd,success,2024-03-15,2025-10-05,552,553,
aken,ALTOKEN,0xfe3aaf3b1dd087331ec68c4dd86e8fe542598d5e,success,2024-06-04,2025-08-12,198,198,
alca,AliceNet,0xbb556b0ee2cbd89ed95ddea881477723a3aa8f8b,success,2023-03-13,2025-11-11,732,732,
alfa,alfa.society,0x128ad1ad707c3b36e6f2ac9739f9df7516fdb592,success,2023-07-20,2025-08-20,693,694,
alphr,Alphr,0xaa99199d1e9644b588796f3215089878440d58e0,success,2021-04-27,2025-10-27,1514,1514,
amas,Amasa,0x65a8fba02f641a13bb7b01d5e1129b0521004f52,success,2021-10-05,2025-12-03,1036,1036,
amo,Amino [OLD],0x1a2eb478fa07125c9935a77b3c03a82470801e30,success,2023-11-03,2025-06-25,563,563,
anc,Anchor Protocol,0x0f3adc247e91c3c50bc08721355a41037e89bc20,success,2021-03-17,2025-08-16,1562,1563,
andi,Andi,0xe5e880b7a3e3cceca841584be21b290535eba606,success,2024-06-09,2025-12-02,180,180,
anim,Animalia,0xfbcb5cbedeebcc55dcd136d34db1daaf74cf67e8,success,2024-02-17,2025-07-08,488,489,
anvl,Anvil,0x2ca9242c1810029efed539f1c60d68b63ad01bfc,failure,,,,,"HTTP 404: {""error"":""coin not found""}"
ape,Ape,0xc5f3bc77d4762258c99b8a80677d27f71b519398,success,2024-09-19,2025-11-29,124,124,
apn,Apron,0xd4342a57ecf2fe7ffa37c33cb8f63b1500e575e6,success,2021-04-21,2025-05-17,1488,1489,
arai,Archi AI,0xce9dcc28791a98edfd4175a7d55da9f86c560199,success,2025-01-10,2025-06-19,83,84,
arata,Arata AGI,0x554fb3b6c1cf4a3cef49779ced321ca51c667d7d,success,2024-11-13,2025-10-07,308,309,
arbot,Alpha Radar AI,0x723696965f47b990dff00064fcaca95f0ee01123,success,2023-09-22,2025-11-28,512,512,
arbx,Arbitrax AI,0xcac88fbd9b3fb2b018be2b68e3c55aa90628be6e,success,2025-01-20,2025-07-12,24,25,
arc,Arc,0xc82e3db60a52cf7529253b4ec688f631aad9e7c2,failure,,,,,"HTTP 404: {""error"":""coin not found""}"
arg,Aragon Protocol,0xf23114fa21af278fa342d980740cb8b89fc82105,success,2024-12-12,2025-10-21,310,311,
arki,ArkiTech,0xd3210f246ae54c5a45a7b4a83315bf718f591bfc,success,2023-12-05,2025-06-07,504,504,
ars,Arris,0x58a6d42d91f5995c9f76884d56271fb97d0561e7,success,2024-11-27,2025-06-14,200,201,
art,Genify ART,0xca6e4ac78cd8f0226faeabf3b1a3500af2ebff2b,success,2024-11-15,2025-09-11,216,216,
artx,ARTX,0x741b0428efdf4372a8df6fb54b018db5e5ab7710,success,2021-04-04,2025-11-28,1160,1160,
asap,Asap Sniper Bot,0x6522f491df42651cf5e6636b7261adaa096d095f,success,2023-06-12,2025-07-22,520,521,
ascn,AlphaScan AI,0x378e97d19cf319eb311748ff4d9971dc349c8ad4,success,2023-08-22,2025-09-13,628,629,
astrafer,Astrafer,0xb51b97dd5569fab69495316b5a065cccff4b829d,success,2022-07-14,2025-08-26,1094,1095,
astro,AstroTools,0xcbd55d4ffc43467142761a764763652b48b969ff,success,2020-09-04,2025-11-03,1383,1384,
asw,AdaSwap,0x56694577564fdd577a0abb20fe95c1e2756c2a11,success,2022-04-05,2025-09-19,1179,1179,
atc,Aster,0x0eb3032bcac2be1fa95e296442f225edb80fc3cd,success,2021-07-26,2025-03-29,1340,1341,
atec,AnonTech,0x49c8efd98ac8114de2fce73d57e2944aebd5613d,success,2024-04-12,2025-08-06,203,203,
ath,Athens,0x2f9411088cef82fd9fb904eb8092f28eb485c8f6,success,2022-03-23,2025-04-17,938,939,
atnt,Artizen,0xaa2d8c9a8bd0f7945143bfd509be3ff23dd78918,success,2022-09-13,2025-05-17,969,970,
audf,Forte AUD,0xd2a530170d71a9cfe1651fb468e2b98f7ed7456b,success,2024-05-15,2025-10-31,141,141,
auri,Aurivis,0x32fcde91cf683212299eb054f8a62b705892cb60,success,2024-09-12,2025-09-01,191,192,
avent,Aventa,0xd9641fc2826ecc9bebf4f3852fe4ed92a5239f02,success,2024-10-05,2025-10-05,358,359,
aver,Aver AI,0xd347514c12d6acbbec08ceea127bc5e57ddb2847,success,2025-01-11,2025-11-30,203,203,
ax,AurusX,0xcb0d82f4dfa503c9e3b8abc7a3caa01175b2da39,success,2022-11-10,2025-11-10,948,948,
axe,Axe Cap,0x070e984fda37dd942f5c953f6b2375339adac308,success,2023-08-21,2025-05-30,615,616,
axis,Axis DeFi,0xecc0f1f860a82ab3b442382d93853c02d6384389,success,2020-08-21,2025-06-04,1748,1749,
azee,SurrealVerse,0x686d1596e5632fe0471961e7977e8efe371b0b21,success,2023-10-26,2025-12-01,514,514,
babyfloki,BabyFloki,0xdf35988d795d90711e785b488bb2127692e6f956,success,2021-06-27,2025-11-27,858,858,
bank,BANK AI,0xe18ab3568fa19e0ed38bc1d974eddd501e61e12d,success,2023-08-24,2025-05-13,598,599,
bara,Capybara Memecoin,0xf190dbd849e372ff824e631a1fdf199f38358bcf,success,2023-05-17,2025-10-11,699,700,
bark,Bark Gas Token,0x72fc1c1c926bd26712f62e7485392cd405478f05,success,2024-01-16,2025-04-05,282,283,
bart,ReptilianZuckerBidenBartcoin,0xa89b728708be04f57c7a33c6f790b6f077298e26,success,2023-10-31,2025-05-10,446,447,
bbcc,Bitcoin Black Credit Card,0xbbcc7c16d56fc3b0c0a9a2ced36c74bcf73e683e,success,2024-07-20,2025-07-18,314,315,
bbf,Bubblefong,0xde075d9adbd0240b4462f124af926452ad0bac91,success,2022-03-28,2025-07-12,1203,1204,
bbl,Beoble,0xd979c468a68062e7bdff4ba6df7842dfd3492e0f,success,2024-02-28,2025-08-30,542,543,
bbonk,BitBonk,0xbbbbbbe1da5eab142b32f8887ee8d3872d847c20,success,2024-10-17,2025-10-15,358,359,
bbtc,BounceBit BTC,0xf5e11df1ebcf78b6b6d26e04ff19cd786a1e81dc,failure,,,,,"HTTP 404: {""error"":""coin not found""}"
bbusd,BounceBit USD,0x77776b40c3d75cb07ce54dea4b2fd1d07f865222,success,2024-05-21,2025-10-16,514,515,
bean,BloomBeans BEAN,0xd152e68e055021fac32818c68601e437eb4105a6,success,2024-09-03,2025-05-12,208,209,
bear,Bear Inu,0x17837004ea685690b32dbead02a274ec4333a26a,success,2023-03-21,2025-08-28,892,893,
berry,Berry,0x2d787d4f5005bd66ac910c2e821241625c406ed5,success,2020-04-18,2025-08-19,1802,1802,
bgpt,BlockGPT,0x089729b0786c8803cff972c16e402f3344d079ea,success,2023-07-03,2025-11-05,507,507,
biai,BlockInsightAI,0x880eeea0637f91bb259dfd7bb261638a42bddb25,success,2024-10-25,2025-10-27,351,352,
bitg,BitGate,0x3973c606b493eee0e14b2b5654d5c4049ce9c2d9,success,2024-05-24,2025-05-18,132,133,
bix,Bibox,0x009c43b42aefac590c719e971020575974122803,success,2018-01-23,2025-06-16,2621,2622,
bkc,FACTS,0x34bdf48a8f753de4822a6cfb1fee275f9b4d662e,success,2019-05-25,2025-06-17,2212,2213,
bl00p,BL00P,0x2156cd781c5e77323d92a4487a0ec45f128e165e,success,2024-09-13,2025-11-28,251,251,
blast,BlastAI,0x62431de84c503e152a8957ff51c8945aaaa7d929,success,2024-04-09,2025-10-15,242,242,
blkc,BlackHat Coin,0x8bcd06492416a749c9369009b3429861b7f27f6e,success,2021-06-01,2025-05-15,1356,1357,
blob,Blob,0x72831eebef4e3f3697a6b216e3713958210ae8cd,success,2024-02-17,2025-04-03,321,322,
block,Block Browser,0x226d6d842d49b4d757bef1632053a198d5d9c8aa,success,2023-09-04,2025-05-08,567,568,
blues,Blueshift,0xce108380c39e4fe9dace9d5597e048bcc5ef743b,success,2022-04-13,2025-04-23,1107,1108,
bluesparrow,BlueSparrow [OLD],0x4d67edef87a5ff910954899f4e5a0aaf107afd42,success,2021-11-08,2025-10-03,1229,1230,
bn,TNA Protocol,0xf385905e56db4d8a208b20aa8a88dbb225f773d4,success,2024-08-21,2025-09-20,396,397,
bna,BananaTok,0x20910e5b5f087f6439dfcb0dda4e27d1014ac2b8,success,2019-12-23,2025-09-19,1908,1908,
bnk,Bankera,0x7707aada3ce7722ac63b91727daf1999849f6835,success,2018-06-05,2025-07-17,2595,2596,
boa,BOSagora,0x746dda2ea243400d5a63e0700f190ab79f06489e,success,2019-08-07,2025-07-07,2162,2163,
boba,BOBA,0x337c8a3f0cd0580b29e9ee5d7829645709c8f6d2,success,2024-04-18,2025-11-17,292,292,
bobby,Kennedy Memecoin,0xa462bde22d98335e18a21555b6752db93a937cff,success,2024-04-17,2025-11-28,437,437,
bonkbest,BONKBEST,0xd836d22531d810f192ba6bd0ba3c28c35d4606c2,success,2024-01-09,2025-04-11,247,248,
bonzai,BonzAI DePIN,0xdda9ff241c7160be8295ef9eca2e782361467666,success,2024-03-14,2025-12-02,453,453,
booh,Booh World (ETH),0xc18b4c1e0b4d4d0f1e9627f25399f5073079ac3d,success,2024-11-15,2025-08-25,186,187,
boom,Bomb Shelter Inu,0x4c73c1c8c95de5674d53604b15d968485414cb32,success,2024-03-12,2025-10-31,344,345,
boom,BOOM,0xda8a1f5eccabc80c26ec9ab493715d5b9ce8fef9,success,2024-06-06,2025-11-21,431,431,
bor,BoringDAO [OLD],0x3c9d6c1c73b31c837832c72e04d3152f051fc1a9,success,2020-10-25,2025-12-03,1779,1779,
boton,Boton AI,0x984ac33e3c6031b7190444aed92d617b92ef2c37,success,2024-12-02,2025-10-24,327,328,
brain,BrAIngent,0xd2aa35f6d376a9f1cc391db157e3eeb08819479c,success,2024-06-04,2025-11-04,256,256,
brain,Sebra AI,0x3ddebf2ead6325b1923ba5ff8fd239325c70e9a2,success,2024-06-16,2025-05-26,249,249,
brct,BRC App,0x455ad1bc4e18fd4e369234b6e11d88acbc416758,success,2024-01-04,2025-10-04,516,516,
brd,Bread,0x558ec3152e2eb2174905cd19aea4e34a23de9ad6,success,2018-01-11,2025-10-20,2602,2603,
brln,Brillion,0x3a872ae95f645acdd17db8aa961f4d39e0f5bc39,success,2023-04-11,2025-09-12,754,754,
bs9000,BabySmurf9000,0x0058c8581b9fed6864faa654505bc89890cdb2dd,success,2023-10-04,2025-11-29,474,474,
bsim,BloxSIM,0xeaebb6cd3a1f9b9cad725d0189ba5bfea25a9d76,success,2024-10-07,2025-04-07,139,140,
bsp,BallSwap,0xe51b8ab09008285a0380dd2680cd9dd5e13924d3,failure,,,,,"HTTP 404: {""error"":""coin not found""}"
btb,Bitball,0x06e0feb0d74106c7ada8497754074d222ec6bcdf,failure,,,,,"HTTP 404: {""error"":""coin not found""}"
btc,BlackrockTradingCurrency,0xbd6323a83b613f668687014e8a5852079494fb68,success,2024-01-19,2025-07-17,515,516,
btl,Bitlocus,0x93e32efafd24973d45f363a76d73ccb9edf59986,success,2021-12-03,2025-07-12,1311,1312,
bto,Bottos,0x36905fc93280f52362a1cbab151f25dc46742fb5,success,2018-02-02,2025-06-25,2701,2702,
btrs,Bitball Treasure,0x73c9275c3a2dd84b5741fd59aebf102c91eb033f,failure,,,,,"HTTP 404: {""error"":""coin not found""}"
bull,ETH BULL,0x8c41455aaa8d6aba3150058d4964349294bf78a3,success,2024-12-13,2025-10-31,189,189,
bulla,BULLA,0x896c767371e2d2255f1c33301d29e5577a7aca11,success,2024-10-13,2025-10-02,165,166,
bullet,Bullet Gate Betting Token,0x8ef32a03784c8fd63bbf027251b9620865bd54b6,success,2023-08-11,2025-11-26,306,306,
bunni,Bunni,0x000000c396558ffbab5ea628f39658bdf61345b3,success,2025-03-08,2025-10-16,126,127,
byte,ByteAI,0x9c2b4b0da5ebd20c29ef20758064554a55a88b68,success,2024-03-26,2025-08-24,488,489,
c2h6,Ethane,0x6ad9a31f02f1e790ff85584ea3c3d0001e45cd64,success,2023-07-28,2025-07-18,722,723,
care,CareCoin,0x329cf160f30d21006bcd24b67eade561e54cde4c,success,2022-12-02,2025-07-09,951,952,
cart,CryptoArt.Ai,0x5c8c8d560048f34e5f7f8ad71f2f81a89dbd273e,success,2021-08-10,2025-05-01,1295,1295,
castle,bitcastle,0xf9d4daae1300cff251979722c4a3c45857973079,success,2022-09-24,2025-09-05,996,996,
catboy,Catboy,0xca9b8d6df0729d85dcfc8ef8bb18af1ad1990786,success,2023-12-22,2025-10-28,655,656,
cbk,Coinback,0x2e19067cbeb38d6554d31a1a83aefc4018a1688a,success,2023-09-04,2025-07-19,394,394,
cbu,Banque Universal,0xcef46305d096fa876dd23048bf80f9345282e3fc,success,2019-04-26,2025-09-01,1408,1409,
cby,Carbify,0xb9d27bc093ed0a3b7c18366266704cfe5e7af77b,success,2023-06-05,2025-09-07,826,827,
ccash,C-Cash,0xe925aa77d51746b865e5c05165a879820cb4b720,failure,,,,,"HTTP 404: {""error"":""coin not found""}"
ccd,Copycat DAO,0xd8684adc4664bc2a0c78ddc8657dc005e804af15,success,2023-06-13,2025-04-22,499,500,
cdfi,CeDeFiAi,0x527856315a4bcd2f428ea7fa05ea251f7e96a50a,success,2024-04-09,2025-04-21,378,379,
cdn,CEDEN,0xc29bbe89e98250ee2eee3ac677bbed542a049efb,success,2024-06-13,2025-08-19,432,433,
celo,Celo (Wormhole),0x3294395e62f4eb6af3f1fcf89f5602d90fb3ef69,success,2023-10-23,2025-06-28,560,561,
cennz,CENNZnet,0x1122b6a0e00dce0563082b6e2953f3a943855c1f,success,2018-03-21,2025-08-31,2721,2722,
cep,CEREAL,0x4168bbc34baea34e55721809911bca5baaef6ba6,success,2020-01-23,2025-11-01,1891,1892,
ceres,Ceres,0x2e7b0d4f9b2eaf782ed3d160e3a0a4b1a7930ada,success,2021-08-26,2025-11-29,1311,1311,
cex,ChainEx,0xd01d133166820557db7138963bcd9009c54e4c33,success,2023-12-08,2025-05-17,428,429,
cgpu,CloudGPU,0x49d1372124f9b018f32f13b81de6f4c83d89fcc3,success,2024-10-20,2025-10-23,218,219,
chad,CHAD,0x68d009f251ff3a271477f77acb704c3b0f32a0c0,success,2024-02-23,2025-12-01,408,408,
chap,Chappie,0x414cbf31c62d99515bfd66497b495a585b52f703,success,2023-08-22,2025-09-26,338,338,
chef,Chefdotfun,0x8f2bf2f59cdf7be4aee71500b9419623202b8636,success,2024-09-03,2025-10-07,253,254,
cherry,cherrypicksAI,0x001823d353a2d71ad744599390cbb2f8240afda9,success,2024-11-02,2025-05-01,136,137,
chft,Crypto Holding Frank,0x58002a6b6e659a16de9f02f529b10536e307b0d9,success,2020-05-15,2025-05-10,1775,1776,
cia,Cat Intelligence Agency,0x1f7505f486c22f4338ac2bde67a3e93a547644b9,success,2024-01-22,2025-11-12,286,286,
cifi,CIFI,0x7efbac35b65e73484764fd00f18e64929e782855,success,2024-05-13,2025-10-19,260,260,
cind,Cindrum,0xac0968a3e2020ac8ca83e60ccf69081ebc6d3bc3,success,2021-11-16,2025-05-06,1212,1213,
citadel,The Citadel,0x6cadf6abbceb53e631c288778daacf125481c1bb,success,2021-11-16,2025-11-15,793,793,
cku,Cryptoku,0x08f7be99ed83369541501d60f4e66f8e34c3f736,success,2022-05-31,2025-12-03,860,860,
clh,ClearDAO,0xd7d8f3b8bc8bc48d3acc37879eaba7b85889fa52,success,2022-01-10,2025-10-26,1330,1330,
clips,Clips,0xecbee2fae67709f718426ddc3bf770b26b95ed20,success,2023-05-08,2025-11-16,785,785,
clny,Colony Network,0x3e828ac5c480069d4765654fb4b8733b910b13b2,success,2022-01-29,2025-11-22,889,889,
cnd,Coinhound,0xec505c81d6a7567b5bde804870b1038832fe6da1,success,2023-05-02,2025-10-28,525,525,
cntm,Connectome,0x0e5f00da8aaef196a719d045db89b5da8f371b32,success,2019-05-30,2025-04-11,2097,2098,
cnv,Concave,0x000000007a58f5f58e697e51ab0357bc9e260a04,success,2022-04-01,2025-07-31,1116,1117,
coc,Coin of the champions,0xc4bb7277a74678f053259cb1f96140347efbfd46,success,2021-09-20,2025-10-30,1219,1219,
coco,0xCoco,0xcb50350ab555ed5d56265e096288536e8cac41eb,success,2023-07-28,2025-06-24,498,499,
codex,Codex Multichain,0xfd26e39807772251c3bb90fb1fcd9ce5b80c5c24,success,2023-12-26,2025-09-13,597,598,
cofi,CoinFi,0x3136ef851592acf49ca4c825131e364170fa32b3,success,2018-03-01,2025-04-25,2613,2614,
coin,BrianArmstrongTrumpYellenGTA6,0x3e70f6806171873d17d4bfc984a6f9d20f5a9018,success,2023-12-20,2025-11-19,252,252,
coinbt,CoinBot,0x6fa5e1c43b5a466cbd1cae7993b67c982400d481,success,2023-08-10,2025-06-22,583,584,
combo,COMBO,0xc03fbf20a586fa89c2a5f6f941458e1fbc40c661,success,2019-08-03,2025-11-02,2250,2251,
coomer,COOMER,0x494930dabcfa57748a4c4788c0054f723a789047,success,2024-07-18,2025-08-26,156,156,
cor,Coreto,0x9c2dc0c3cc2badde84b0025cf4df1c5af288d835,success,2020-10-19,2025-10-11,1728,1729,
core,CoreAI,0x8b91f277501cf8322ebe34f137dd35b384b353c7,success,2024-02-08,2025-09-01,422,423,
core,CoreConnect,0x90edf25b14393350f0c1b5b12b6cb3cd3781fb4a,success,2024-08-23,2025-11-20,151,151,
cosmic,Cosmic Network,0x55a05cf8898dd1c582eef939df645d5d235c6f74,success,2024-04-14,2025-06-11,339,340,
cov,Covesting,0xada86b1b313d1d5267e3fc0bb303f0a2b66d0ea7,success,2018-01-27,2025-11-14,2408,2408,
covn,Covenant,0x19ac2659599fd01c853de846919544276ad26f50,success,2022-01-05,2025-06-06,1202,1202,
cprx,Crypto Perx,0xc6e145421fd494b26dcf2bfeb1b02b7c5721978f,success,2021-11-23,2025-11-08,1171,1171,
cracer,Coinracer Reloaded,0x1c92c0295807f1f7c0726cf51a1d26298563f14a,success,2024-03-11,2025-06-16,320,321,
craze,Craze,0x5c162ec1c1679c67728d824defc0b415a97539e5,success,2024-12-19,2025-10-17,263,264,
create,Create AI,0xa2d4af83f7403285bc1041700737663f8ac43380,success,2024-09-26,2025-09-18,131,131,
credit,PROXI DeFi,0xc4cb5793bd58bad06bf51fb37717b86b02cbe8a4,success,2020-08-24,2025-04-25,1706,1707,
crfi,CrossFi,0x8848812bd31aeee33313c10a840ffc3169078c5b,success,2021-05-03,2025-06-28,1392,1393,
crippl,Wheelchair Cat,0xbb712c77b69256934cdf2f630a2317ac82570388,success,2024-10-27,2025-08-25,87,87,
crx,CREATX,0x0d66a792c63b682fd3f6bbbbcde8d3029f90e939,success,2024-12-31,2025-04-09,59,60,
crypt,Cryptify,0x5f8b6827ec4c0de4787e19c30d9eda1e264a7858,success,2024-09-25,2025-10-18,299,300,
cti,ClinTex CTi,0xcb8fb2438a805664cd8c3e640b85ac473da5be87,success,2020-12-03,2025-10-17,1688,1688,
ctk,Cryptyk,0x42a501903afaa1086b5975773375c80e363f4063,success,2019-07-11,2025-10-25,1518,1519,
ctok,Codyfight,0xf1acfb5d95bc090bc55d8ae58a8df4081d73e009,success,2024-05-17,2025-06-06,386,387,
cult,CULT,0x7434a5066dc317fa5b4d31aaded5088b9c54d667,success,2024-07-04,2025-11-08,263,263,
cup,CouponBay,0x3209d14ff61766359e64aceff91877cec2ad968e,success,2022-03-30,2025-08-26,1124,1124,
cvg,Convergence Finance,0x97effb790f2fbb701d88f89db4521348a2b77be8,success,2024-02-03,2025-06-23,432,433,
cyba,Cybria,0x1063181dc986f76f7ea2dd109e16fc596d0f522a,success,2023-09-11,2025-09-01,714,715,
cyce,Crypto Carbon Energy,0x9681ee0d91e737c3b60aceba7fbdae61b5462f42,success,2023-05-18,2025-11-29,632,632,
cydoge,Cyberdoge,0x6dc6a27822ae2ca3a47da39a2f2bbd525dd693f8,success,2023-12-30,2025-11-25,304,304,
cyfm,CyberFM,0x4a621d9f1b19296d1c0f87637b3a8d4978e9bf82,success,2018-08-16,2025-07-25,2260,2260,
cypher,Cypher AI,0x8110af6bd2af3f5c4586032ff813c8934451abbe,success,2024-03-12,2025-08-14,180,180,
dad,DAD,0x5b322514ff727253292637d9054301600c2c81e8,success,2019-11-01,2025-05-09,2017,2018,
daeta,DÆTA,0x641c0f8b889f8336a69f464ddae3733e3de3788a,success,2024-11-27,2025-08-14,233,234,
dapp,Pencils Protocol,0x5fc429110a64bc51b57ca86dce1714fd0fbec303,success,2024-09-27,2025-10-21,390,391,
dappx,dAppstore,0x00d8318e44780edeefcf3020a5448f636788883c,success,2021-05-24,2025-08-30,1560,1561,
dawn,Dawn Protocol,0x580c8520deda0a441522aeae0f9f7a5f29629afa,success,2020-06-02,2025-08-03,1688,1689,
dbnb,DecentraBNB,0x99f618edcfedca1fcc8302e14daa84802114a8c5,success,2023-08-10,2025-10-29,522,523,
dbuy,Doont Buy,0x4ece5c5cfb9b960a49aae739e15cdb6cfdcc5782,success,2021-08-23,2025-11-26,1160,1160,
dcard,DECENTRACARD,0x2f3d0d2317802a65faac6e4cd94067c37b4d4804,success,2024-01-15,2025-04-07,432,433,
dci,Decentralized Cloud Infra,0xc6221ac4e99066ea5443acd67d6108f874e2533d,success,2024-04-01,2025-04-26,391,392,
dcn,Compute Network,0x0f8958c757b65881cec98028cae0c4ee45726eae,success,2024-05-27,2025-11-17,160,160,
dcnt,Decanect,0x4ce4c025692b3142dbde1cd432ef55b9a8d18701,success,2022-09-15,2025-11-24,661,661,
ddd,Scry.info,0x9f5f3cfd7a32700c93f971637407ff17b91c7342,success,2018-01-23,2025-07-01,2715,2716,
ddim,DuckDaoDime,0xfbeea1c75e4c4465cb2fccc9c6d6afe984558e20,success,2020-08-16,2025-12-03,1471,1471,
deda,DedaCoin,0x15f9eb4b9beafa9db35341c5694c0b6573809808,success,2024-09-10,2025-08-22,251,251,
dede,Dede,0x9d7b68970d2be6dc93124477b4e2e1c9a6b180aa,success,2023-07-14,2025-11-17,518,518,
defy,DEFY,0x205ed31c867bf715e4182137af95afe9177cd8e7,success,2022-08-16,2025-11-29,926,926,
degen,DegenAds,0x7b20798866fe3320ec5395e9978a3c98195c7c36,success,2024-09-16,2025-11-26,253,253,
degen,Degen.Food,0x1580bfe88f772116fd59b042189746af8f78f00d,success,2024-10-04,2025-09-03,86,86,
delay,DegenLayer,0x40d4e93b888d5ee9ec61a29a018b199070ffc280,success,2024-11-15,2025-04-12,149,150,
derp,Derp,0x5dfc78c4d073fd343bc6661668948178522a0de5,success,2023-11-21,2025-10-11,648,648,
devt,DeHorizon,0xb5c578947de0fd71303f71f2c3d41767438bd0de,success,2021-12-10,2025-11-27,1139,1139,
dgi,DGI Game,0xe453c3409f8ad2b1fe1ed08e189634d359705a5b,success,2024-01-19,2025-11-13,494,494,
dgk,DIGIKA,0xf4445049080ae2fde75aaf0c6e603fb55875f02c,success,2025-05-03,2025-06-23,52,53,
dinoshi,DINOSHI,0x249fc40d68a3a55dac335550b64c1a03b4c0ed72,success,2024-06-15,2025-12-01,307,307,
diom,DIOM,0x8e456c9e283aaa67b2164feae82d3e2082687d94,success,2024-12-03,2025-08-26,103,103,
dlt,Agrello,0x07e3c70653548b04f0a75970c1f81b4cbbfb606f,success,2017-11-10,2025-06-08,2458,2459,
dmcc,Decentralized Music Chain,0x148255a3b10666d9788ec48bc61ea3e48974bf2c,failure,,,,,"HTTP 404: {""error"":""coin not found""}"
dog,dog,0x162bb2bb5fb03976a69dd25bb9afce6140db1433,success,2023-10-25,2025-11-29,459,459,
dop,Data Ownership Protocol,0x97a9a15168c22b3c137e6381037e1499c8ad0978,failure,,,,,"HTTP 404: {""error"":""coin not found""}"
dop,D-Drops,0x2a7cad775fd9c5c43f996a948660ffc21b4e628c,success,2022-07-29,2025-05-09,954,955,
dope,DogePepe,0xb8e3e431ffb17dac4bedec04b901a3c03179fd1b,success,2024-04-15,2025-04-29,248,249,
dora,Dora Factory [OLD],0xbc4171f45ef0ef66e76f979df021a34b46dcc81d,success,2021-03-22,2025-10-03,1609,1610,
dpt,Depicted,0xf0259b72c74d97b3be6c4c48a9a1b111efa3ddaf,success,2024-10-26,2025-07-08,129,129,
draft,Draft,0x8004c2935cbf88a318c0cf3a2f6458361d2f7015,success,2024-12-12,2025-12-01,162,162,
drep,Drep,0x3ab6ed69ef663bd986ee59205ccad8a20f98b4c2,success,2021-03-30,2025-11-29,1585,1585,
drx,DREYERX NETWORK,0x2232f65655c7c41d8b6c8592da3a0e32586273ea,success,2024-12-15,2025-06-05,116,117,
dsq,DollarSqueeze,0x7340ea46360576dc46ef49bce99bc5072c32421d,success,2023-06-16,2025-07-28,656,657,
duckey,Duckey,0xdc69c06e796ddbe2ca5e3d99f6fd8c40dfd9584a,success,2024-11-19,2025-12-03,217,217,
ducks,Ducks,0x8666cb197af5103f7a3a0295b50efea47f3df78b,success,2023-05-08,2025-10-24,471,471,
dung,Scarab Tools,0x84412819ae69b10250d0d54d58f454018f1c8a42,success,2023-06-12,2025-08-14,685,686,
dwif,dragon wif hat,0xd775997452923437ca96065ba15ed02f4a33ed39,success,2024-03-14,2025-09-23,164,164,
dyad,Dyad,0xfd03723a9a3abe0562451496a9a394d2c4bad4ab,success,2024-07-14,2025-11-17,364,364,
dysto,DystoWorld AI,0xde466831fde62e5141d49ba9d962d3fa3fae466f,success,2024-06-29,2025-04-11,287,288,
d三g三n,Degen,0xca7013ba4bf76bcdc3ffc71735896682644f47c2,success,2023-09-07,2025-11-26,469,469,
early,EarlyFans,0x7135b32e9903bdb4e19a8b1d22fc2038964b8451,success,2024-05-07,2025-07-30,450,451,
earn,Earn Network,0x12ed0641242e4c6c220e3ca8f616e9d5470ac99a,success,2023-12-03,2025-09-18,599,599,
earth,PaleBlueDot,0xbf5badfae2d219943dcd9652d1ce65960b8a1e0c,success,2024-05-14,2025-11-24,168,168,
ebit,eBit,0x4f14ba78a51925ee934c373a2cf56b2d8da63f7f,success,2024-06-09,2025-05-26,235,236,
edlc,Edelcoin,0xc47ef9b19c3e29317a50f5fbe594eba361dada4a,success,2023-09-07,2025-09-27,752,753,
eefs,Eefs,0x63f718c15f4500326dd5015f95ccbde770ad21af,success,2025-04-15,2025-10-26,62,62,
eeth,EverETH,0xe46a1d19962ea120765d3139c588ffd617be04a8,success,2024-01-15,2025-12-03,223,223,
egold,Aryze's Digital Gold,0xa7dfba2dfd3ad9bc0a30d69db439957e92daf1bc,success,2024-11-19,2025-06-29,127,127,
ehash,EHash,0x2942e3b38e33123965bfbc21e802be943a76bbc6,success,2021-03-04,2025-04-25,1512,1513,
ekta,Ekta,0x2f75113b13d136f861d212fa9b572f2c79ac81c4,success,2022-01-10,2025-08-09,1305,1306,
ele,EigenElephant,0xe1e1e2dd585c0b10995c4ef292aa9a0795f95811,success,2024-05-14,2025-11-23,332,332,
elec,Electrify.Asia,0xd49ff13661451313ca1553fd6954bd1d9b6e02b9,success,2018-03-21,2025-06-25,2654,2655,
elf,THE LAND ELF Crossing,0x8a13f32e2a556830f3a5e97a96ae941abfcb1d5c,success,2024-05-15,2025-04-11,332,333,
elo,Elosys,0x61b34a012646cd7357f58ee9c0160c6d0021fa41,success,2023-12-27,2025-09-26,588,589,
em,Eminer,0x35b08722aa26be119c1608029ccbc976ac5c1082,success,2019-08-03,2025-04-08,2066,2067,
eml,EML Protocol,0x03dde9e5bb31ee40a471476e2fccf75c67921062,success,2023-07-17,2025-06-06,691,692,
emoti,EmotiCoin,0x9b0e1c344141fb361b842d397df07174e1cdb988,success,2023-09-07,2025-05-08,453,454,
eno,ENO,0x1c3d163219bb74f430411b95d66b72056f366ec1,success,2022-07-21,2025-11-07,930,930,
entr,EnterDAO,0xd779eea9936b4e323cddff2529eb6f13d0a4d66e,success,2021-09-30,2025-12-02,971,971,
eon,Hyper,0x60158131416f5e53d55d73a11be2e203cb26abcc,success,2024-02-15,2025-11-02,401,402,
eosdac,eosDAC,0x7e9e431a0b8c4d532c745b1043c7fa29a48d4fba,success,2018-04-20,2025-10-22,2654,2654,
ependle,Equilibria Finance ePENDLE,0x22fc5a29bd3d6cce19a06f844019fd506fce4455,success,2023-12-04,2025-12-02,531,531,
epic,EPICBOTS,0x680c89c40de9d14aa608a1122363cad18783f837,success,2024-04-01,2025-08-16,392,393,
epiko,Epiko,0xb62e24b747eaa41454857cf6011832117df59cb8,success,2023-09-25,2025-10-19,566,566,
eqz,Equalizer,0x1da87b114f35e1dc91f72bf57fc07a768ad40bb0,success,2021-04-09,2025-09-14,1426,1426,
eth2x,Index Coop Ethereum 2x Index,0x65c4c0517025ec0843c9146af266a2c5a2d148a2,success,2024-03-19,2025-05-10,387,388,
ethinu,Ethereum Inu,0x1ef846ce0da79d8d4e111bf8c5117cd1209a0478,success,2024-01-29,2025-11-24,322,322,
euroe,EUROe Stablecoin,0x820802fa8a99901f52e39acd21177b0be6ee2974,success,2023-02-02,2025-10-27,887,887,
eva,Evanesco Network,0xd6caf5bd23cf057f5fccce295dcc50c01c198707,success,2021-06-28,2025-10-26,1454,1454,
evai,EVA Intelligence,0x84f171f4c7b43966231847cc6e60416e6c3a7360,success,2024-10-21,2025-11-15,134,134,
evilpepe,Evil Pepe,0x7bd44cf5c0566aab26150a0cd5c3d20c5535686f,success,2023-08-07,2025-09-15,559,559,
evire,Evire,0x7ceec758dfe5ef8c32cde7b2259cc79b1891e8ed,success,2024-06-27,2025-11-17,224,224,
evry,Evrynet,0xd7dcd9b99787c619b4d57979521258d1a7267ad7,success,2021-10-20,2025-05-08,1297,1298,
exd,Exorde,0x02de007d412266a2e0fa9287c103474170f06560,success,2023-03-21,2025-09-24,815,815,
eyz,EyzoAI,0xf59c6767dfb5aa9e908cb8d1831d02e53312e8ff,success,2024-12-12,2025-10-19,143,144,
ezeigen,Renzo Restaked EIGEN,0xd4fcde9bb1d746dd7e5463b01dd819ee06af25db,success,2024-10-12,2025-12-02,181,181,
ezrez,Renzo Restaked REZ,0x77b1183e730275f6a8024ce53d54bcc12b368f60,success,2025-01-24,2025-06-15,90,91,
factory,ChainFactory,0xd05d90a656fc375ac1478689d7bcd31098f2dd1f,success,2024-01-03,2025-11-02,551,552,
factr,Defactor,0xe0bceef36f3a6efdd5eebfacd591423f8549b9d5,failure,,,,,"HTTP 404: {""error"":""coin not found""}"
farm,TaxFarm.ing,0x6db6fdb5182053eecec778afec95e0814172a474,success,2024-09-05,2025-11-27,149,149,
fatguy,FAT GUY,0x5277f67a2be2e1a241613c357f26ae12458bf2c9,success,2024-08-17,2025-06-24,204,205,
fbx,Finblox,0x5de597849cf72c72f073e9085bdd0dadd8e6c199,success,2023-05-18,2025-09-30,811,812,
fcl,Fractal,0xf4d861575ecc9493420a3f5a14f85b13f0b50eb3,success,2021-02-25,2025-09-01,1581,1582,
fco,Fanatico,0x41a1ef3d81d091465f22e8ed2a7e06d59a8532b7,success,2024-11-13,2025-12-03,104,104,
felix,FELIX,0x6f3cbe18e9381dec6026e6cb8166c13944fcfee1,success,2023-11-12,2025-04-30,507,508,
film,Gala Film,0xe344fb85b4fab79e0ef32ce77c00732ce8566244,success,2024-12-12,2025-08-29,254,255,
fit,Fit,0x9b01637302b6adfc2c82678e2a8d680cff6337b7,success,2023-07-10,2025-12-03,643,643,
flex,FLEX Coin,0xfcf8eda095e37a41e002e266daad7efc1579bc0a,success,2019-07-30,2025-11-26,1887,1887,
flochi,Flochi Inu,0xd05f33b4fa630d6ba8a3ce75f7785439e6a3bb00,success,2024-06-09,2025-11-20,205,205,
fly,Butterfly Ai,0x27c78a7c10a0673c3509ccf63044aab92e09edac,success,2024-10-05,2025-10-07,209,210,
fnc,Fancy Games,0x7f280dac515121dcda3eac69eb4c13a52392cace,success,2021-12-17,2025-03-27,1043,1044,
fnf,FunFi,0xacf8d5e515ed005655dfefa09c22673a37a7cdee,success,2022-06-03,2025-11-22,1089,1089,
fnt,Falcon Project,0xdc5864ede28bd4405aa04d93e05a0531797d9d59,success,2020-06-05,2025-11-28,1364,1364,
fog,FOGnet,0x503cd987998824192578d0d7950148445667287c,failure,,,,,"HTTP 404: {""error"":""coin not found""}"
fomeow,fomeow,0x53b38ebd32bde4293423234939f6555cb7975f1e,success,2024-06-19,2025-11-22,107,107,
fomo,FOMO Network,0x9028c2a7f8c8530450549915c5338841db2a5fea,success,2024-04-25,2025-06-24,300,300,
foox,Foox (Ordinals),0x20fcefa41045080764c48c2b9429e44c644e5dea,success,2023-12-17,2025-11-23,270,270,
fore,FORE Protocol,0xb2ee0adbe0ef1281025d0676511bb1df14600f4d,success,2023-07-17,2025-11-29,629,629,
form,Form,0xe7dee4823ee18f1347f1cf7997f70b94efde2e1f,success,2025-02-27,2025-10-20,200,200,
form,Formation FI,0x21381e026ad6d8266244f2a583b35f9e4413fa2a,success,2021-06-18,2025-12-03,1406,1406,
foy,Fund Of Yours,0xaf91e8afbe87642dc628786188a54b78580a4d76,success,2021-06-25,2025-05-20,1102,1103,
freedom,FREEDOM,0xb49bf1dbdc567b997733093880734f030174474c,success,2024-10-24,2025-11-07,124,124,
frog,FrogSwap,0x4fee21439f2b95b72da2f9f901b3956f27fe91d5,success,2021-12-10,2025-05-02,1240,1241,
froglic,Pink Hood Froglicker,0x4abd5745f326932b1b673bfa592a20d7bb6bc455,success,2024-06-30,2025-06-28,349,350,
ft,Fracton Protocol,0xee9e7bb7e55bbc86414047b61d65c9c0d91ffbd0,success,2022-08-11,2025-07-01,1056,1057,
fti,FansTime,0x943ed852dadb5c3938ecdc6883718df8142de4c8,success,2018-07-17,2025-06-17,2526,2527,
fu,FU Money,0x6c05b8141cefb64502b6dfcaae7c77babbac18fa,success,2024-06-19,2025-11-01,453,453,
fuel,Etherparty,0xea38eaa3c86c8f9b751533ba2e562deb9acded40,success,2017-11-08,2025-07-17,2809,2810,
fug,FUG,0xc4b9e3aa1071741220a548832c887b39cb621970,success,2024-11-06,2025-10-26,172,173,
fwb,Friends with Benefits Network,0x269877f972622d3c293fca595c65cf34b7f527ce,success,2023-12-19,2025-08-15,335,335,
fwt,Freeway,0x20e7125677311fca903a8897042b9983f22ea295,success,2020-11-03,2025-09-29,1659,1659,
fx,Function X,0x8c15ef5b4b21951d50e53e4fbda8298ffad25057,success,2019-04-25,2025-10-31,2382,2383,
fxf,FINXFLO,0x8a40c222996f9f3431f63bf80244c36822060f12,success,2021-02-09,2025-05-30,1572,1573,
game,GameCredits,0x63f88a2298a5c4aee3c216aa6d926b184a4b2437,success,2014-09-01,2025-10-31,3633,3634,
gang,Shadow Wizard Money Gang,0xff00644ca76def7a3f7501a281ffe45934aefbfe,success,2023-10-25,2025-11-18,272,272,
gate,NexGATE,0xf33136452828e8f2dd2b9d8d591ca692f8edaf3c,success,2025-01-03,2025-06-18,67,68,
gdao,Governor DAO,0x515d7e9d75e2b76db60f8a051cd890eba23286bc,success,2020-11-17,2025-11-25,1629,1629,
gec,Geometric Energy Corporation,0x3001f57f8308b189eb412a64322aad5ef9951290,success,2023-12-01,2025-12-02,617,617,
gem,Gems,0xc7bba5b765581efb2cdd2679db5bea9ee79b201f,success,2018-04-24,2025-04-25,2546,2547,
gem,Opal,0x0447d3454b25935eed47f65b4bd22b9b23be326a,success,2024-03-13,2025-07-04,315,316,
gen,Genesis,0x8888888888888e0ff220b240499e30430458e568,success,2024-07-12,2025-10-27,299,300,
genie,GENIE AI,0x60d95823f795f1972dbdbcd886955095e36e04cd,success,2024-12-24,2025-07-09,182,183,
gfn,GameFinity,0xf90924b4064d88fdf9189d6ffd737ed85c01b9b7,success,2024-09-08,2025-09-05,123,123,
gg,GrimGold,0x0c7ecdb459111cd806e54adc9da1f4a03b43b64a,success,2024-11-13,2025-02-13,93,94,
ggmt,GG MetaGame,0x76aab5fd2243d99eac92d4d9ebf23525d3ace4ec,success,2024-04-15,2025-11-26,350,350,
ghub,The GameHub,0x58c896fa6857a9d67d02bc264c2b04cea47e20e7,success,2024-04-03,2025-10-01,363,363,
gizmo,GIZMO,0xb538d9f3e1ae450827618519acd96086fc4c0a59,success,2024-08-31,2025-11-21,136,136,
gls,Glacier Network,0x68e2e5c9dff32419a108713f83274a4fb5e194ca,success,2024-12-19,2025-06-23,187,188,
gm,GM,0xe5597f0723eeaba1b26948e06f008bf0fc1e37e6,success,2021-11-09,2025-11-05,1258,1258,
gmat,GoWithMi,0xb13de094cc5cee6c4cc0a3737bf0290166d9ca5d,success,2019-06-11,2025-04-11,2132,2133,
gme,DumbMoney,0x8e3fa615392688ddd9bf8f25d1f8dc744ac1a12c,success,2024-01-31,2025-10-13,332,332,
gmeme,GoodMeme,0x238cefec182679c27a3035713416fa0a8198b302,success,2023-05-15,2025-11-30,255,255,
gnx,Genaro Network,0x6ec8a24cabdc339a06a172f8223ea557055adaa5,success,2017-12-20,2025-04-25,2684,2685,
goatseus,Goatseus Act II,0x6953dcedb9fdfa31fe630d3dd1e9bcf893060260,success,2024-11-13,2025-05-02,115,116,
golc,GOLCOIN,0x095797fd4297fb79883cc912a5ba6313b15c445d,success,2022-09-19,2025-06-08,981,982,
gold,Swords & Dungeons GOLD,0xa78bcbb74b822e74a847897d2d1d2d5ee2c76bd8,success,2024-08-31,2025-09-05,366,367,
goldcat,GOLD CAT,0x607496f14918891594177c24a983e901c1896e63,success,2024-04-23,2025-06-12,237,238,
goldn,GoLondon,0xfe402841227213adebd67ec42921bf7b76415f6c,success,2024-10-21,2025-10-05,75,75,
gon,GOLFIN,0x513d3246a54148192d6bef4de81885c8f4bfe96c,success,2024-12-21,2025-09-20,246,247,
gos,Gelios,0xc4b7af50644c661e270fbb8da770049c9fc0bbe1,success,2024-03-18,2025-08-04,299,300,
gotg,Got Guaranteed,0xceeb07dd26b36287b6d109f0b06d7e8202ce8c1d,success,2022-06-22,2025-04-19,1033,1034,
gov,SubDAO,0x274e7eb07b485cfde53d02270555213447570ac6,success,2022-12-02,2025-06-17,929,930,
gpt,GPT Protocol,0xcdb4a8742ed7d0259b51e3454c46c9d6c48d5e88,success,2024-03-12,2025-11-03,398,398,
gpul,GPULABS,0x979e030a78a540e78ac33c1b7745a298fbfa18b3,success,2024-10-06,2025-09-25,159,159,
gr,GROM,0xce593a29905951e8fc579bc092eca72577da575c,success,2020-11-25,2025-08-01,1707,1708,
graf,Graffiti,0x5138ebe7acaae209d6f0b651e4d02a67ef61f436,success,2024-05-07,2025-04-19,290,291,
grid,OpenGRID,0x3ddd90ba2c4b028334c08b0adc6352ac9e50f2d7,success,2024-09-18,2025-09-30,136,136,
grok1.5,Grok1.5,0xa711bcc2b6f5c4fc3dfaccc2a01148765cbbab1c,success,2024-01-26,2025-11-10,321,321,
gslam,GramSlams,0xed40ab79a3225902435c26233ed84fb74bd8ffb8,success,2024-08-03,2025-07-09,166,166,
gst-eth,STEPN Green Satoshi Token on ETH,0x473037de59cf9484632f4a27b509cfe8d4a31404,success,2022-07-22,2025-10-06,1096,1097,
gtm,ColonizeMars,0xe8b1e79d937c648ce1fe96e6739ddb2714058a18,success,2024-02-16,2025-04-06,305,306,
hai,Hacken,0x05fb86775fd5c16290f1e838f5caaa7342bd9a63,failure,,,,,"HTTP 404: {""error"":""coin not found""}"
hao,HistoryDAO,0x3c4008eca800ec1283e4cf500e68d06bfabc00a8,success,2022-10-10,2025-04-25,929,930,
heel,Good Dog,0xf941d3aabf2ee0f5589e68ba6047b8329592b366,success,2022-09-01,2025-11-26,720,720,
henlo,Henlo [OLD],0x90d1964873ddd741f49ed3ca9c47ceb470313a09,success,2024-11-16,2025-03-28,25,26,
herb,Herbalist,0x04a020325024f130988782bd5276e53595e8d16e,success,2018-11-17,2025-11-15,2188,2189,
here,SphereX Token,0xd722424cf94b583752dfc80c08e2531ab3b762dc,success,2024-12-26,2025-05-09,118,119,
hfun,Hold.fun,0x6bec5f1c594af73202cd3e5c1f699d440959954c,success,2024-07-04,2025-10-19,145,145,
hgai,Hygea AI,0xdb9bd37c6d5fe195923d7487ad50a1e3c5b9bd42,success,2025-01-08,2025-07-01,102,103,
hgeth,High Growth ETH,0xc824a08db624942c5e5f330d56530cd1598859fd,success,2025-06-01,2025-06-10,10,11,
higher,HIgher IMO,0x8b802513d4aa6f349b197a4ea4c26563cd6fd5b2,success,2023-12-09,2025-11-27,294,294,
hikari,Hikari Protocol,0xd4126f195a8de772eeffa61a4ab6dd43462f4e39,success,2023-02-05,2025-07-08,749,750,
hipp,El Hippo,0x7b744eea1deca2f1b7b31f15ba036fa1759452d7,success,2023-08-23,2025-10-29,797,798,
hit,HitChain,0x7995ab36bb307afa6a683c24a25d90dc1ea83566,success,2018-08-19,2025-09-19,2545,2546,
hmq,Humaniq,0xcbcc0f036ed4788f63fc0fee32873d6a7487b908,success,2017-05-11,2025-11-27,2681,2681,
hmx,Hermes DAO,0xb012be90957d70d9a070918027655f998c123a88,success,2023-03-02,2025-10-27,923,924,
hood,wagmicatgirlkanye420etfmoon1000x,0x04815313e9329e8905a77251a1781cfa7934259a,success,2023-12-21,2025-04-09,375,376,
horus,HORUS,0xf23e25286b7abf0458746c098a847fdba3dd9633,success,2024-11-26,2025-11-18,145,145,
hostai,Host AI,0x07e128e823d2b9b22edbda43820aa1a72de99613,success,2024-03-08,2025-10-31,278,278,
hpo,Hippocrat,0xfe39c384d702914127a005523f9915addb9bd59b,success,2018-11-10,2025-06-04,2399,2400,
hq,HyperQuant,0x986df267bb88a0a0be06dd4a1052e1bdec1a6172,success,2024-07-30,2025-07-25,195,196,
hsc,HashCoin,0x2bba3cf6de6058cc1b4457ce00deb359e2703d7f,success,2018-07-17,2025-04-11,2459,2460,
hseth,hsETH,0x4d8d9f6ced39288a1e8961621bbbc2b698a3b102,success,2025-04-21,2025-10-19,166,167,
hub,Crypto Hub,0x6923f9b683111dcc0e20124e9a031deeae5dad93,success,2023-11-05,2025-07-25,303,304,
huge,HugeWin,0xec12ba5ac0f259e9ac6fc9a3bc23a76ad2fde5d9,success,2024-03-12,2025-09-29,551,552,
husby,HUSBY,0x41d06390b935356b46ad6750bda30148ad2044a4,success,2024-09-08,2025-09-30,301,302,
hvn,Hiveterminal,0xc0eb85285d83217cd7c891702bcbc0fc401e2d9d,success,2017-10-18,2025-05-30,2516,2517,
ibit,InfinityBit Token,0xa3cb87080e68ad54d00573983d935fa85d168fde,success,2023-09-04,2025-10-30,672,673,
idyp,iDypius,0xbd100d061e120b2c67a24453cf6368e63f1be056,success,2021-12-27,2025-08-17,1316,1317,
imgnai,imgnAI,0xa735a3af76cc30791c61c10d585833829d36cbe0,success,2023-01-06,2025-08-26,848,848,
ineth,Inception Restaked ETH,0xf073bac22dab7faf4a3dd6c6189a70d54110525c,success,2024-04-21,2025-10-29,499,500,
infi,Infinet,0xfc21540d6b89667d167d42086e1feb04da3e9b21,success,2024-09-12,2025-09-10,220,221,
innbc,Innovative Bioresearch Coin,0xb67718b98d52318240c52e71a898335da4a28c42,success,2018-07-25,2025-07-04,2057,2058,
insteth,Inception stETH,0x7fa768e035f956c41d6aeaa3bd857e7e5141cad5,success,2024-04-20,2025-10-17,171,171,
intx,Intel X,0xed1aecc815c00073ba6707b1cd4bd7f833da7a38,success,2024-09-03,2025-08-17,134,134,
intx,INTEXCOIN,0x7533d63a2558965472398ef473908e1320520ae2,success,2020-07-19,2025-10-03,1618,1619,
inu,HachikoInu,0xf32aa187d5bc16a2c02a6afb7df1459d0d107574,success,2021-06-17,2025-11-29,1206,1206,
inu,INUGAMES,0x64669032f612ae608671853ff8871df0889870a9,success,2024-12-06,2025-09-28,37,37,
inva,InnoviaTrust,0x1814b8a33446549ed5766ab3250b670498699bd6,failure,,,,,"HTTP 404: {""error"":""coin not found""}"
inwsteths,Inception Restaked stETH Symbiotic,0x8e0789d39db454dbe9f4a77acef6dc7c69f6d552,success,2025-01-03,2025-08-07,122,123,
inxt,Internxt,0x4a8f5f96d5436e43112c2fbc6a9f70da9e4e16d4,success,2017-10-18,2025-11-15,2780,2780,
io,Ideal Opportunities,0x7468d234a8db6f1085dbf4e403553bfed41df95c,success,2023-11-08,2025-11-03,376,376,
ioc,Intelligence On Chain,0xed1ddc491a2c8b1f7d6e8933580a47e124ea38db,success,2023-10-24,2025-11-20,344,344,
ipor,IPOR,0x1e4746dc744503b53b4a082cb3607b169a289090,success,2023-01-19,2025-07-20,852,852,
ishnd,StrongHands Finance,0x9e6b19874e97fe8e8cad77f2c0ab5e7a693e5dbf,success,2021-11-11,2025-11-02,1371,1372,
isme,Root Protocol,0x87c22db324b8b0637c8f09d2670ae7777651dbb8,success,2024-03-31,2025-06-17,444,445,
ixt,iXledger,0xfca47962d45adfdfd1ab2d972315db4ce7ccf094,success,2017-09-16,2025-10-15,2693,2694,
jab,Jable,0x9aaf731799e824a74a4d3a14e6b00bcc28c327db,success,2023-10-06,2025-06-27,555,555,
jacy,JACY,0x916c5de09cf63f6602d1e1793fb41f6437814a62,success,2021-11-02,2025-11-20,1058,1058,
jdc,JD Coin,0x2fe39f22eac6d3c1c86dd9d143640ebb94609fce,success,2019-11-20,2025-10-14,1964,1964,
jefe,Jefe,0x9fd22a17b4a96da3f83797d122172c450381fb88,success,2022-04-30,2025-10-13,1043,1044,
jpgc,JPGoldCoin,0x5891599664ed15c6e88041b4f5bc08594f026f0e,success,2022-09-16,2025-11-20,910,910,
kalis,Kalichain,0x9802296cc5b76ff2fc6dd6de372f47f96bc0347a,success,2024-03-19,2025-12-03,588,588,
kei,KEI Finance,0xac87d4cbb82ce7f4bcf31dbdc0024306cfd3ec5a,success,2023-04-17,2025-12-03,439,439,
keke,Freaky KEKE,0x28e67eb7aaa8f5dd9cb7be2b2e3dad6b25edb1ab,success,2024-04-23,2025-11-25,426,426,
ken,Keysians Network,0x6a7ef4998eb9d0f706238756949f311a59e05745,success,2020-08-16,2025-11-30,1185,1185,
kfc,Chicken,0xe63684bcf2987892cefb4caa79bd21b34e98a291,success,2020-09-23,2025-06-08,1708,1709,
kgc,Krypton Galaxy Coin,0xa8262eb913fccea4c3f77fc95b8b4043b384cfbb,success,2019-08-03,2025-04-25,2093,2094,
king,Kingdomverse,0x149d8290f653deb8e34c037d239d3d8eee9de5ad,success,2023-02-10,2025-06-24,852,853,
kira,KIRA,0xf98ab0874b13a7fdc39d7295dedd49850a5d426b,success,2022-11-13,2025-11-26,527,527,
kiro,KIRO,0xb1191f691a355b43542bea9b8847bc73e7abb137,success,2020-10-02,2025-12-01,1559,1559,
kitty,Kitty Inu,0x61a35258107563f6b6f102ae25490901c8760b12,success,2021-10-25,2025-08-26,1376,1377,
klear,Klear,0x18eff407bf611ffaab8d8e97e88bf840b8337a35,success,2024-12-10,2025-03-23,104,105,
kmon,Kryptomon,0xc4170fd71eced3c80badca77f4e12e8aac1e3436,success,2021-08-26,2025-06-06,1381,1382,
knto,Kento,0xc740181345c65552333e1edc797e03f11852b1c8,success,2023-08-21,2025-07-03,585,586,
kron,Kronos Bot,0x37f5ac1b0c1a07d19270983d6889c181a0a3d6f7,success,2024-11-19,2025-11-04,94,94,
ksc,KStarCoin,0x990e081a7b7d3ccba26a2f49746a68cc4ff73280,success,2019-08-08,2025-03-29,2057,2058,
kusunoki,Kusunoki Samurai,0x36919a60a2b67b6d2329863093d180d23d5a0308,success,2022-03-30,2025-10-29,941,942,
lab,Labda,0x5f973ffd42499224b0a7a16dffb3abc25f04ef24,success,2025-01-14,2025-12-03,176,176,
lan,Lanify,0xc01b1979e2244dc94e67891df0af4f7885e57fd4,success,2024-04-25,2025-08-08,378,379,
lba,Libra Credit,0xfe5f141bf94fe84bc28ded0ab966c16b17490657,success,2018-05-24,2025-06-14,2579,2580,
lbk,LBK,0x9cb1aeafcc8a9406632c5b084246ea72f62d37b6,success,2019-09-10,2025-07-25,2146,2147,
lcr,LaunchR,0xba00357fd9348da1adbae9b2867b6b596eba4f24,success,2024-07-11,2025-11-15,253,253,
lemo,LemoChain,0x60c24407d01782c2175d32fe7c8921ed732371d1,success,2018-07-21,2025-05-02,2478,2479,
lemon,Black Lemon AI,0xaf8b894229bc800658ab0faf744e97c8c74c4321,success,2024-12-08,2025-10-09,144,145,
let,Linkeye,0xfa3118b34522580c35ae27f6cf52da1dbb756288,success,2018-02-02,2025-11-07,2617,2617,
lev,Lever Network,0xbc194e6f748a222754c3e8b9946922c09e7d4e91,success,2021-05-08,2025-11-24,1450,1450,
lexi,LexiAI,0x1caf237d7a2d103e3e9b1855988c01ac10344600,success,2024-08-01,2025-08-01,335,336,
lfg,Gamerse,0x969786c4a8884013d1c9ff18dcca2aedbbbfaa8f,success,2021-10-29,2025-06-24,1279,1279,
lgold,Lyfe Gold,0x27778e14ce36d3b85e1effeb43816a17bbb7088a,success,2021-04-22,2025-05-06,1467,1468,
limon,LimoncelloAI,0x6d3f7af0ba8003a2de0335bccd957921380b2d9e,success,2024-09-24,2025-09-22,200,201,
lina,LINA,0xc05d14442a510de4d3d71a3d316585aa0ce32b50,success,2018-08-11,2025-05-10,2228,2229,
linq,Linq,0x3e34eabf5858a126cb583107e643080cee20ca64,success,2023-08-18,2025-08-31,587,587,
lisa,Mona Token,0xb94acdf8662cd955f137e0c9c9fba535c87b57b4,success,2023-10-23,2025-11-26,455,455,
liza,LIZA,0x8b227d72570d3ead66014bca8305cbef7f90d1ee,success,2023-11-10,2025-04-11,510,511,
lmi,Lucky Mio,0xefc3f1ecff8b9e9389323ef610bb9149236e62fd,success,2024-07-09,2025-11-29,184,184,
loon,Loon Network,0x7c5d5100b339fe7d995a893af6cb496b9474373c,success,2020-06-19,2025-05-23,1792,1793,
loong,Loong,0xcaeda9650ccd356af7776057a105f9e6ffe68213,success,2023-10-08,2025-10-20,500,501,
lott,Beauty Bakery Linked Operation Transaction Technology,0xba93ef534094f8b7001ece2691168140965341ab,success,2022-10-08,2025-05-31,940,941,
lotty,Lotty,0xb459f7204a8ac84f9e7758d6d839ebd01670e35c,success,2023-07-20,2025-11-21,516,516,
lotus,LOTUS,0xcc42b2b6d90e3747c2b8e62581183a88e3ca093a,success,2024-10-27,2025-10-29,360,361,
love,Love Power Coin,0x504624040e0642921c2c266a9ac37cafbd8cda4e,success,2024-05-05,2025-06-06,398,399,
lovesnoopy,I LOVE SNOOPY,0xf0edac27aa3e85e2d176f689b0025f90c154393a,success,2023-05-15,2025-10-05,735,735,
lpu,Lender Network,0x97c0acfd62ba29f70b6fe272efaae0942c8263b5,success,2024-11-13,2025-08-24,58,58,
lsd,LSDx Finance,0xfac77a24e52b463ba9857d6b758ba41ae20e31ff,success,2023-03-22,2025-11-30,672,672,
lshare,LIF3 LSHARE,0x8e01397163b21f64cec1f06ca6cc7d9aa8f718e9,success,2024-10-01,2025-10-28,235,236,
lto,LTO Network,0xd01409314acb3b245cea9500ece3f6fd4d70ea30,failure,,,,,"HTTP 404: {""error"":""coin not found""}"
lun,Lunyr,0xfa05a73ffe78ef8f1a739473e462c54bae6567d9,success,2017-06-27,2025-06-08,2718,2719,
lunch,LunchDAO,0x71a28feaee902966dc8d355e7b8aa427d421e7e0,success,2022-05-31,2025-12-03,1041,1041,
maai,Mars AI,0x716457d3ee671231e3a9fd320940e88ac247a733,success,2025-01-06,2025-06-18,129,130,
magaa,MAGA Again,0x9ebb0895bd9c7c9dfab0d8d877c66ba613ac98ea,success,2024-06-14,2025-08-18,413,414,
manc,Mancium,0xe0c05ec44775e4ad62cdc2eecdf337aa7a143363,success,2022-04-25,2025-07-05,1165,1166,
marks,Marksman,0x0a8f4c4f23d72857745e26695dcd8dedf8e349b9,success,2023-12-14,2025-10-17,294,294,
marvin,MARVIN,0xe3f03cef497c81d2b28a2fae63ae84b373028718,success,2024-01-15,2025-11-17,375,375,
mask,Wojak Mask,0x2b8aac1630f7bc0c4b1ed8036c0fe0d71cb44709,success,2024-06-07,2025-12-01,285,285,
mate,Virtumate,0x62126ec407eae34393ab88b1f5d57e8566e570be,success,2024-02-27,2025-11-03,266,266,
matic,Polygon,0x7d1afa7b718fb893db30a3abc0cfc608aacfebb0,failure,,,,,"HTTP 404: {""error"":""coin not found""}"
matt,MATT,0x7087c92ec764e75e7be7701eba15cd95d90f501f,success,2024-07-15,2025-09-27,238,239,
max,Maxity,0x63f7b1b538a78cb699e5399621b3d2e047c40de4,success,2023-05-17,2025-12-03,712,712,
max,UPMAX,0x8805792d41facb22b6f47d468b06af36ff3fc1c5,success,2024-05-07,2025-07-20,410,411,
mbase,Minebase,0x291aa47c58558adfc2bcd6f060578fdae1f6570c,success,2022-09-16,2025-08-07,1027,1028,
md,MetaDeck,0xefb2beb3b6325855bc257bad9166bf2687c68cc1,success,2024-10-19,2025-10-18,121,121,
mds,MediShares,0x66186008c1050627f979d464eabb258860563dbe,success,2017-12-20,2025-04-18,2677,2678,
mdx,MultiDEX AI,0x8edc6f7d2f23c10653972e611f707ce0562d61b1,success,2024-02-21,2025-11-18,298,298,
mega,MEGALODON,0x99cffb50aad37d17955253f3a4070556b5127a0b,success,2023-12-03,2025-11-22,399,399,
mega,MEGAonEth,0x5c2d8b2c6c0289aa514f42e0b5423f20b99177ac,success,2025-01-13,2025-05-06,78,79,
memagx,Meta Masters Guild Games,0x857de36f92330e1b9a21e8745c692f2ce13866cb,success,2024-04-09,2025-08-07,389,389,
memecup,MEME CUP,0xa2b8e02ce95b54362f8db7273015478dd725d7e7,success,2024-06-21,2025-11-25,295,295,
memelon,Meme Elon Doge Floki,0x2c8ea636345a231e4b1a28f6eeb2072ed909c406,failure,,,,,"HTTP 404: {""error"":""coin not found""}"
meow,Meow,0xfe4ee5ea324cda81fef5973f3cfc0a213879f2b2,success,2024-11-14,2025-10-29,79,79,
mesa,metavisa,0x5afff9876c1f98b7d2b53bcb69eb57e92408319f,success,2022-01-28,2025-10-31,1287,1288,
meveth,mevETH,0x24ae2da0f361aa4be46b48eb19c91e02c5e4f27e,success,2023-10-06,2025-10-28,585,586,
mezz,MEZZ,0xc4c346edc55504574cceb00aa1091d22404a4bc3,success,2023-03-08,2025-11-21,622,622,
mf,MonkeyFi,0x6768d4d4957a2ba2ef3f6d4a8883c0042e230bec,success,2024-11-28,2025-01-23,54,55,
mftu,Mainstream For The Underground,0xba745513acebcbb977497c569d4f7d340f2a936b,success,2018-08-19,2025-12-02,2149,2149,
mgg,MetaGaming Guild,0x7237c0b30b1355f1b76355582f182f6f04b08740,success,2022-02-10,2025-09-23,1243,1243,
mgga,Mgga,0x5a1bcfa16e3edff07dfa60427bd0b51736ea8d37,success,2024-10-23,2025-05-05,55,55,
mimir,Mimir,0x71dc40668682a124231301414167e4cf7f55383c,success,2021-11-05,2025-09-04,1270,1270,
misty,Misty Meets Pepe,0x329cae8c175ac6773d5e79bd30624b953c68a308,success,2024-05-08,2025-05-10,264,265,
mm,Millimeter,0xc3c221fe28c33814c28c822b631fd76047ef1a63,success,2020-10-27,2025-09-16,1786,1787,
mmai,MetamonkeyAi,0xaa0c5b3567fd1bac8a2a11eb16c3f81a49eea90f,success,2022-09-20,2025-12-03,914,914,
mnb,Mineable,0x42b91f1d05afea671a2da3c780eda2abf0a2a366,success,2023-03-02,2025-10-03,844,845,
mndcc,Mondo Community Coin,0xcdb9d30a3ba48cdfcb0ecbe19317e6cf783672f1,success,2021-09-30,2025-09-03,1125,1126,
mns,Monnos,0x53884b61963351c283118a8e1fc05ba464a11959,success,2020-06-16,2025-10-26,1901,1902,
mnta,Moneta,0x5b342f03d126314d925fa57a45654f92905e6451,success,2024-08-21,2025-08-06,178,178,
moc,Mossland,0x865ec58b06bf6305b886793aa20a2da31d034e68,failure,,,,,"HTTP 404: {""error"":""coin not found""}"
mofi,MobiFi,0xb2dbf14d0b47ed3ba02bdb7c954e05a72deb7544,success,2021-04-07,2025-11-24,1411,1411,
mogul,Mogul Productions,0x88fd59e1dd3715a98bb66149da9c944d9e795c12,success,2024-08-09,2025-10-05,297,297,
mojo,MOJO The Gorilla,0x8b95fe1c06e58c269f1267e0f0093b7b26b85481,success,2024-05-31,2025-11-29,280,280,
monkei,Monkei,0x28b7f370a2b0fd04a9f420c8863b12f35c0f791a,success,2024-06-14,2025-11-30,219,219,
mootun,Moo Tun,0x2bcbec0296cddda988ea88031e43fe247fa6d341,success,2024-10-08,2025-11-23,173,173,
moox,MOOxMOO,0x77ebcf0659bbf4e68d8ce6d84bb25c5cde207b97,success,2023-10-26,2025-07-21,633,634,
morra,Morra,0xd9adfb67381d392c6e9671f64cdd9014bfcd74f2,success,2023-11-25,2025-11-02,708,709,
motg,MetaOctagon,0x171d76d931529384639bc9aad5b77b77041ed604,success,2022-07-20,2025-06-17,1064,1065,
motion,MOTION,0x1945e804b8a25b98ab140e58295404d768ca3f6b,success,2024-10-09,2025-11-10,111,111,
move,Mover,0x3fa729b4548becbad4eab6ef18413470e6d5324c,success,2021-01-24,2025-12-01,1371,1371,
mrch,MerchDAO,0xbed4ab0019ff361d83ddeb74883dac8a70f5ea1e,success,2021-03-28,2025-06-25,1551,1552,
msb,Misbloc,0x84c722e6f1363e8d5c6db3ea600bef9a006da824,success,2020-11-03,2025-06-21,1692,1693,
msi,Monkey Shit Inu,0x2be8e422cb4a5a7f217a8f1b0658952a79132f28,success,2024-07-06,2025-07-30,353,354,
msm,MusmeCoin,0x2c3b62cdeab213ff58ad24fe8bbdf224c7f66dce,success,2024-12-05,2025-12-01,327,327,
msweth,Eigenpie swETH,0x32bd822d615a3658a68b6fdd30c2fcb2c996d678,success,2024-04-19,2025-04-03,342,343,
mtk,MetaToken,0x0e7375c46a0552520ce6c976dc268ae1b341f45f,success,2024-07-26,2025-05-08,287,288,
mtk,Moonland Metaverse Token,0xac9d70aebd49555b033751e311044becf3513c0f,success,2024-09-12,2025-09-02,227,228,
mtn,Medicalchain,0x41dbecc1cdc5517c6f76f6a6e836adbee2754de3,success,2018-02-10,2025-06-05,2671,2672,
mua,MUA DAO,0x527f788aeaf856ad2e2c7096b5aab634bff281b8,success,2024-10-11,2025-06-06,239,240,
munchy,Boys Club Munchy,0x9a0d1b52e0684ab42aa0c2613abb4c04217e8aa6,success,2024-06-18,2025-11-30,349,349,
mvd,Metavault DAO,0x788b6d2b37aa51d916f2837ae25b05f0e61339d1,success,2022-02-23,2025-05-20,840,840,
mverse,MindVerse,0xf67366e83cc9b115ef8cca93baed1f03e6d3ca9a,success,2024-03-09,2025-07-25,440,441,
mxh,Metroxynth,0x95640a134721475bc78594c8ea66c0182c7b9a50,success,2024-01-08,2025-04-07,310,311,
myt,MYSO Token,0x5fde99e121f3ac02e7d6acb081db1f89c1e93c17,success,2024-05-30,2025-04-18,324,325,
n,Ncoin,0xd54619e0b9899d74cc9b981354eb6b59732c43b1,success,2023-03-09,2025-11-04,659,659,
n.e.r.d,Never Experienced Real Daylight,0xafd4f9e5909bfa438c9d064f1851cdc98ab85936,success,2024-11-12,2025-03-03,78,79,
n3,Network3,0x9b79ea20a8258649401f8c58973281081d905b9f,success,2025-01-22,2025-06-25,155,156,
naka,NakaChain,0xfae30394a76796dc3df37c2714f5fc12083dfdb0,success,2024-03-21,2025-10-22,267,267,
ndx,Indexed Finance,0x86772b1409b61c639eaac9ba0acfbb6e238e5f83,success,2021-01-14,2025-12-03,1697,1697,
nebula,Nebula,0x541f9ac587be412ba0486ea3dbcf09dc11db76ce,success,2024-09-22,2025-10-10,116,116,
neiro,Neiro on ETH,0xee2a03aa6dacf51c18679c516ad5283d8e7c2637,success,2024-07-30,2025-10-06,428,428,
nems,The Nemesis,0xb435a47ecea7f5366b2520e45b9bed7e01d2ffae,success,2023-05-31,2025-04-07,678,679,
neot,NeoTech,0xd0e6d04c2f105344860d07912a857ad21204fc97,success,2024-12-20,2025-08-10,228,229,
nerd,NerdBot,0xed1273928ba97eed7b49e82c2f39d512d7591112,success,2023-10-25,2025-06-17,599,600,
net,Nektar Network,0x6e6b7adfc7db9feeb8896418ac3422966f65d0a5,success,2024-12-03,2025-09-13,182,182,
neuroni,Neuroni AI,0x922e2708462c7a3d014d8344f7c4d92b27ecf332,success,2023-01-31,2025-08-12,881,882,
nexis,Nexis Tools,0x7ca9403ba20ac9e649c8dba53f920663540985a9,success,2024-11-11,2025-11-10,65,65,
nfai,Not Financial Advice,0x17c50d62e6e8d20d2dc18e9ad79c43263d0720d9,success,2023-01-17,2025-06-24,817,817,
ngc,NAGA,0x72dd4b6bd852a3aa172be4d6c5a6dbec588cf131,success,2017-12-27,2025-10-31,2866,2867,
nht,Neighbourhoods,0x84342e932797fc62814189f01f0fb05f52519708,success,2021-12-28,2025-11-01,1273,1273,
nimbus,Nimbus Network,0xbe4d9c8c638b5f0864017d7f6a04b66c42953847,success,2024-05-17,2025-05-13,300,301,
niza,Niza Global,0xb58e26ac9cc14c0422c2b419b0ca555ee4dcb7cb,failure,,,,,"HTTP 404: {""error"":""coin not found""}"
nmai,NomotaAI,0x837ee5a664d51bc2e7d26eb63cffeb48e037bde2,success,2024-04-15,2025-04-15,351,352,
nnt,Nunu Spirits,0x19193f450086d0442157b852081976d41657ad56,success,2022-04-05,2025-08-13,958,959,
noai,Nord Ai,0x0575bf910466b306afb07e4544203d9e21413c56,success,2024-12-24,2025-04-23,73,74,
node,Nodez,0x3b24ed67481a80609af2f8913a45da2049547cfd,success,2024-09-30,2025-09-28,233,233,
noone,No One,0x296233e84c1d7bff11121bf6d60f0ffa39c3f0cf,success,2021-10-25,2025-11-29,1156,1156,
nothing,NOTHING,0x7ab7d54f8cb054141142f04ba0b3d41ac4c4d61c,success,2023-12-24,2025-12-02,353,353,
nova,Nova,0xd0b3a986fff305854a7238a8e099cce1ced01a3d,success,2023-07-11,2025-07-27,653,654,
nrch,Enreach,0x69fa8e7f6bf1ca1fb0de61e1366f7412b827cc51,success,2021-04-07,2025-10-23,1367,1367,
nrdc,Nordic Ai,0x1eb7bd905855c483db19f53c8c4d42db42a159fc,success,2024-04-06,2025-06-22,367,368,
nrfb,NuriFootBall,0x00281dfce4cfd72c0b6fda2aaaf077258743f9e8,success,2022-02-04,2025-04-18,1170,1171,
nsbt,Neutrino System Base,0x9d79d5b61de59d882ce90125b18f74af650acb93,success,2020-12-04,2025-11-27,1633,1633,
ntx,NitroEX,0xfdb15e5e6799be72798b1ccfaecbf186bf73a0c4,success,2021-02-19,2025-09-06,1400,1401,
o3d,Origin3D,0xb14df3954fcb59a2b3c7fad1e9a24988e339ff78,success,2024-11-20,2025-11-03,163,164,
oath,OATH,0xd20523b39faf1d6e9023a4d6085f87b7b0de7926,success,2022-03-02,2025-11-02,1336,1337,
obt,Oobit,0x07f9702ce093db82dfdc92c2c6e578d6ea8d5e22,success,2021-11-04,2025-11-13,1470,1471,
ocai,OcNest AI,0xe0396ef787f8b0385f0e73d30acf8b922b1761f1,failure,,,,,"HTTP 404: {""error"":""coin not found""}"
ocd,On-Chain Dynamics,0x017e9db34fc69af0dc7c7b4b33511226971cddc7,success,2023-09-08,2025-09-26,675,676,
ocn,Odyssey,0x4092678e4e78230f46a1534c0fbc8fa39780892b,success,2018-01-25,2025-06-06,2682,2683,
oggy,Oggy Inu [ETH],0x7e877b99897d514da01bd1d177e693ec639961af,success,2023-10-31,2025-05-17,565,566,
ogv,Origin DeFi Governance,0x9c354503c38481a7a7a51629142963f98ecc12d0,success,2022-07-12,2025-06-30,1011,1012,
oishii,Dog Food Token,0xa1b014878d47c0836ed79163ddec55985adb7023,success,2024-10-12,2025-11-25,104,104,
omagent,OmniAgent,0x9e456714f6d4101d230b1f0aa9d9a25f72780ca6,success,2024-12-13,2025-09-23,270,271,
ome,O-MEE,0xbd89b8d708809e7022135313683663911826977e,success,2023-09-25,2025-06-08,623,624,
omusd,OpenMoney USD,0xd3043d66afe00344c115f7f81d18277c5c718ff8,success,2024-05-17,2025-11-28,321,321,
omz,Open Meta City,0xd7d9babf56a66daff2ac5dc96f7e886c05124676,success,2024-08-11,2025-08-30,384,385,
onai,Onchain AI,0x6aaeb26b663e37c4d0c995758c69d5e54bbe9984,success,2025-01-17,2025-07-12,57,58,
ooks,Onooks,0x69d9905b2e5f6f5433212b7f3c954433f23c1572,success,2021-06-14,2025-08-01,1401,1401,
open,Open Custody Protocol,0x4123a133ae3c521fd134d7b13a2dec35b56c2463,success,2021-08-31,2025-12-03,1371,1371,
openli,OpenLiquidity,0xfa955ec865f51c55e3b6ce02528a6844c2eb9c26,success,2024-07-19,2025-06-19,178,179,
opta,OPTA Global,0x2e1cb26689a0b8763d15ffe9d7b1c637cd9282d4,failure,,,,,"HTTP 404: {""error"":""coin not found""}"
orao,ORAO Network,0xee1cea7665ba7aa97e982edeaecb26b59a04d035,success,2021-05-03,2025-04-11,1440,1441,
orb,Deroute AI,0x3c917054e03485808137eb306eafa8da0ab695cd,success,2022-03-21,2025-06-14,1182,1183,
orbk,Ordibank,0xce6e54daa1ea95fb3530859d69d4bdb978dd821b,success,2024-03-12,2025-10-03,443,443,
ordibridge,Ordinal Bridge,0xd3843c6be03520f45871874375d618b3c7923019,success,2023-12-22,2025-11-04,238,238,
oro,ORO,0xc3eb2622190c57429aac3901808994443b64b466,success,2020-11-14,2025-11-21,1386,1386,
osea,Omnisea,0xc72633f995e98ac3bb8a89e6a9c4af335c3d6e44,success,2023-09-15,2025-08-25,687,688,
otacon,Otacon AI,0x0f17eeccc84739b9450c88de0429020e2dec05eb,success,2023-10-26,2025-04-21,518,519,
ox old,Open Exchange Token,0x78a0a62fba6fb21a83fe8a3433d44c73a4017a6f,success,2023-05-31,2025-06-07,621,622,
oxn,0xNumber,0x9012744b7a564623b6c3e40b144fc196bdedf1a9,success,2023-12-21,2025-07-20,527,528,
oxyz,Oxya Origin,0xd0623da373f754c4b6762209ea77de59b21dd667,success,2024-12-19,2025-04-25,128,129,
paf,Pacific,0x6a969d379700b2e5ea4e684d273d63c1c050ba49,success,2021-11-30,2025-06-06,1285,1286,
paired,PairedWorld,0xa7f3508cfcf054cc9cf1440580b78784e07382db,success,2024-05-21,2025-10-04,245,245,
palai,PaladinAI,0x3cb48aeb3d1abadc23d2d8a6894b3a68338381c2,success,2023-12-17,2025-10-22,675,676,
pan,Pantos,0x536381a8628dbcc8c70ac9a30a7258442eab4c92,success,2019-10-04,2025-08-07,2060,2061,
panda,PandaDAO,0x3cbb7f5d7499af626026e96a2f05df806f2200dc,success,2022-04-08,2025-11-28,1079,1079,
para,Paragon Network,0x8f43ee50942e96d84052253ab13f59c1d942fb98,success,2024-04-12,2025-04-16,228,229,
para,Paralink Network,0x3a8d5bc8a8948b68dfc0ce9c14ac4150e083518c,success,2021-05-24,2025-11-08,1497,1497,
paul,Paul,0x86b874397ecc811c5d9c1db2d8b68f3425d61a61,success,2024-12-17,2025-09-23,59,59,
pausd,Parallel USD,0x571f54d23cdf2211c83e9a0cbd92aca36c48fa02,success,2024-05-21,2025-11-09,235,235,
pc,Pepechain,0xe1ec350ea16d1ddaff57f31387b2d9708eb7ce28,success,2023-05-02,2025-10-31,588,589,
pelo,PepElon,0xb5ce43fe2fcffffb2eece95ec413d08def28046f,success,2023-08-22,2025-10-26,794,795,
pepe,PEPEGOLD,0x4a27e9aab8f8ba9de06766c8476ed1d16494e35f,success,2022-08-15,2025-12-03,412,412,
pepejr,Pepe Junior,0x5dfbf02313e1be7e8db5aa6f660433588338f201,success,2024-05-27,2025-11-26,146,146,
pepenomics,Pepenomics,0x696969ade0cc455414fc4800ebea505d690b2429,success,2024-06-27,2025-12-02,132,132,
pepetr,Pepe Treasure,0xffb032d971469fd358f11a4192c4e0b852df5190,success,2024-06-24,2025-10-10,116,116,
pepi,Pepito,0xb2cb83e8e1b326373b7f1068d10c50ebfa04f070,success,2023-05-02,2025-07-20,532,532,
peri,PERI Finance,0x5d30ad9c6374bf925d0a75454fa327aacf778492,success,2021-05-10,2025-05-16,1468,1469,
perpx,Perpex,0x53f7535cc14ff028de181f9789d403c838b5f885,success,2024-05-17,2025-11-29,268,268,
pet,Hello Pets,0xb870679a7fa65b924026f496de7f27c1dd0e5c5f,success,2021-03-12,2025-04-25,1506,1507,
peth,pETH,0x821a278dfff762c76410264303f25bf42e195c0c,success,2022-12-02,2025-11-19,684,684,
peusd,peg-eUSD,0xd585aaafa2b58b1cd75092b51ade9fa4ce52f247,success,2023-09-07,2025-06-10,592,593,
pft,PolarFighters,0x0b49707fb9706428d1bb51a2906617aeaba82346,success,2024-11-27,2025-06-25,211,212,
phonon,Phonon DAO,0x758b4684be769e92eefea93f60dda0181ea303ec,success,2022-01-06,2025-12-03,1017,1017,
pika,Pikamoon,0xd1e64bcc904cfdc19d0faba155a9edc69b4bcdae,failure,,,,,"HTTP 404: {""error"":""coin not found""}"
pipo,Pipo,0xa73b792906c79509d73fdfaaa78561e195010706,success,2025-02-19,2025-10-26,175,176,
plt,Palette,0x0944d5848bd9f60a34ba92aea300d4286696eb76,success,2021-12-31,2025-04-02,1189,1190,
pmpy,Prometheum Prodigy,0x1123d17fcf93ed2b41440317503346a0fdfe3ed7,success,2023-10-27,2025-10-03,600,601,
pogs,Pog Coin,0x906c012fa4c30d580537c2b72d1789f56f488a80,success,2024-05-02,2025-09-19,506,507,
ponzie,Ponzi Express,0x4166673521e31ed98801e45e8b068b4bc227a110,success,2024-10-22,2025-11-29,93,93,
ponzio,PonzioTheCat,0x873259322be8e50d80a4b868d186cc5ab148543a,success,2024-06-20,2025-05-22,285,285,
poolz,Poolz Finance [OLD],0x69a95185ee2a045cdc4bcd1b1df10710395e4e23,success,2021-01-16,2025-12-02,1397,1397,
pop,POP Network,0x5d858bcd53e085920620549214a8b27ce2f04670,success,2019-01-10,2025-10-26,1847,1848,
pop,Proof Of Pepe,0x265f542c1e78068f13d87c6fe0df54f3e9562a48,success,2023-07-17,2025-07-09,562,563,
popkat,POPKAT,0x0d3e106b9555c8c7052da0e7909956d640ac2c69,success,2024-11-02,2025-04-24,163,164,
port3,Port3 Network,0xb4357054c3da8d46ed642383f03139ac7f090343,failure,,,,,"HTTP 404: {""error"":""coin not found""}"
poshi,Poshi World,0x1ed5cf624240296d941796970ac745bc24bd4a06,success,2024-09-20,2025-11-01,103,103,
power,Power Play,0x9bbe8f42b9c2333fe2a80323028ab107379646c7,success,2025-03-19,2025-11-19,80,80,
powerai,Power AI,0x3a781d792ca81b52363f91b1f251f94a8eba4b4b,success,2024-10-22,2025-05-24,215,216,
ppizza,PPizza,0xab306326bc72c2335bd08f42cbec383691ef8446,success,2023-05-02,2025-07-31,675,676,
prai,Produce AI,0x0e6d98de664a28a32b584c72e606ff7dea898dc6,success,2024-03-08,2025-11-27,356,356,
prai,ProtonAI,0x13439d2ec5aee05f52712ad9fb9fcadd300bb608,success,2024-05-21,2025-04-20,139,140,
prf,Parifi,0xcffcfdada28ab44d5440301470dcd410e75c4765,success,2024-03-23,2025-12-02,471,471,
privix,Privix,0xafb942e2a12ac0861ad81b5c37682f588912c1d9,failure,,,,,"HTTP 404: {""error"":""coin not found""}"
prmx,PREMA,0xe4dae00bc1c46ea2f44ae71b1beb8b171c15d812,success,2022-10-02,2025-06-17,990,991,
prob,Probit,0xfb559ce67ff522ec0b9ba7f5dc9dc7ef6c139803,success,2019-06-07,2025-12-02,2371,2372,
psdn,Poseidon,0xa5b947687163fe88c3e6af5b17ae69896f4abccf,success,2022-04-29,2025-10-03,819,819,
psl,Pastel,0xc775c0c30840cb9f51e21061b054ebf1a00acc29,success,2021-03-09,2025-06-23,1538,1538,
psps,BobaCat,0x03049b395147713ae53c0617093675b4b86dde78,failure,,,,,"HTTP 404: {""error"":""coin not found""}"
pst,Primas,0xe3fedaecd47aa8eab6b23227b0ee56f092c967a9,success,2017-11-10,2025-05-23,2695,2696,
ptc,Patriots Coin,0x1776c8ba4883b7e8f710e8f7b68646788340c177,success,2024-07-13,2025-11-27,181,181,
publx,PUBLC,0x1a6658f40e51b372e593b7d2144c1402d5cf33e8,success,2023-02-15,2025-10-16,611,612,
pulse,Pulse3D,0xc5b1aa70410a86383f93d807d02b75f1c34cddb8,success,2024-12-31,2025-06-10,159,160,
pvgo,Privago AI,0x0d85693b4cb4b8bb4d407e33ba1d9de861db80ca,success,2024-04-08,2025-03-26,159,160,
pyges,Pyges,0x96e99106d9c58573171dd6c19d767d2ae7ec0435,success,2024-05-07,2025-11-27,244,244,
pyra,Pyramid Financial,0x77777bf11ab5b96753ea48e0401667a70675841e,success,2024-11-12,2025-10-25,4,4,
qai,Quant AI,0x64d93cf499054170f4c211f91f867f902afaece6,success,2024-04-12,2025-12-02,388,388,
qash,QASH,0x618e75ac90b12c6049ba3b27f5d5f8651b0037f6,success,2017-11-24,2025-04-25,2710,2711,
qlindo,QLINDO,0xc18c07a18198a6340cf4d94855fe5eb6dd33b46e,success,2022-08-14,2025-12-03,1093,1093,
qmind,QMind,0x1d2b8fa9b730fa7eb0fbf0f3c527b2381beed2b2,success,2024-12-18,2025-11-28,125,125,
qqq,QQQ6900,0x690031313d70c2545357f4487c6a3f134c434507,success,2024-11-07,2025-12-01,315,315,
qtc,Quantum Cloak,0x22c158a3f3ea3419176c083aa11eb593e94965dc,success,2024-06-14,2025-11-25,173,173,
qtcon,Quiztok,0x1bf7fd22709733ccd7c45ab27dd02c7ec8e50078,success,2019-04-30,2025-08-26,2186,2187,
quantum,QUANTUM HUB,0x7086e014fd59e66567a986e7b401a5810c2361ce,success,2024-03-12,2025-08-22,292,293,
qudefi,Qudefi,0x1842f548295b222c56939745d8ddf74981d40030,success,2024-10-19,2025-10-18,228,229,
qwan,The QWAN,0xeee0fe52299f2de8e2ed5111cd521ab67dcf0faf,success,2023-06-02,2025-06-06,736,737,
race,Race to a Billion,0x006e730a6c36ff47a31a99931bedbddccf3de81c,success,2025-02-21,2025-08-06,149,150,
raft,Raft,0x4c5cb5d87709387f8821709f7a6664f00dcf0c93,success,2023-10-11,2025-06-17,615,616,
rak,Rake Finance,0xa8b0f154a688c22142e361707df64277e0a0be66,success,2020-11-09,2025-04-02,1606,1607,
rake,Rake.com,0x6553565eac5daa9bfc5e2892b36291634c9b2ad6,success,2024-01-01,2025-11-03,515,515,
ranker,RankerDao,0x6431fa4b812a2dcc062a38cb55cc7d18135adead,success,2022-02-24,2025-12-03,1199,1199,
raze,Raze Network,0x5eaa69b29f99c84fe5de8200340b4e9b4ab38eac,success,2021-04-16,2025-10-15,1506,1506,
rb,RunesBridge,0xe91598331a36a78f7fefe277ce7c1915da0afb93,success,2024-04-12,2025-04-23,369,370,
rbt,Reboot World,0x902169d471b62f22ffadc690ca292ec454d0b260,success,2024-03-20,2025-06-17,455,456,
reap,ReapChain,0x1fc5ef0337aea85c5f9198853a6e3a579a7a6987,success,2020-11-13,2025-07-09,1700,1701,
rem,Remme,0x83984d6142934bb535793a82adb0a46ef0f66b6d,success,2018-03-28,2025-04-18,2578,2579,
rent,RentAI,0xe13cf110176e0dd6590536cd391b8a3522475f82,success,2024-03-26,2025-07-07,302,303,
reset,MetaReset,0xb70eaf5d316192881aac8786c90b7907b83f02e8,success,2023-10-15,2025-04-04,398,399,
reth,StaFi Staked ETH,0x9559aaa82d9649c7a7b220e7c461d2e74c9a3593,success,2021-03-19,2025-11-28,1194,1194,
reuni,Reunit Wallet,0x9ed7e4b1bff939ad473da5e7a218c771d1569456,success,2023-05-22,2025-10-26,678,678,
rev,REV,0x93d91003af5e6beffd574036f98d166c12ae6e32,success,2025-01-08,2025-08-04,50,50,
rgusd,Revenue Generating USD,0x78da5799cf427fee11e9996982f4150ece7a99a7,success,2024-05-25,2025-04-23,320,321,
riot,Riot Racers,0xf56408077487cb879c992909c5b5c66d68c02eb4,success,2021-10-21,2025-08-11,1234,1234,
rise,AdRise,0x89ca762f778c82120c13c79a9bfbdf6e8e663ab4,success,2025-01-29,2025-08-16,193,194,
rixen,Rixen Finance,0xf8676dee37a9ad404ff58ed03b1a145ad66836bb,success,2024-10-30,2025-05-17,200,201,
rkc,RAKUICHI Token,0xf976fc699eb81a302a29bac6590d1565e8e5da0d,success,2024-09-04,2025-04-11,220,221,
rmner,Mner Club,0x4fd67c2d9e8c4fdd9c66954bafe124ca50fc1819,failure,,,,,"HTTP 404: {""error"":""coin not found""}"
rnbw,HaloDAO,0xe94b97b6b43639e238c851a7e693f50033efd75c,success,2021-06-29,2025-11-30,1288,1288,
rpg,Rangers Protocol Gas,0x1f16d41f9b3db03b462bdd6c92245ee708d1c103,success,2021-10-07,2025-05-24,1315,1316,
rsft,ROYAL SMART FUTURE TOKEN,0x78223d31298107f3e310b09797b07967832046a6,success,2024-02-06,2025-10-24,290,290,
rsn,Resonator,0xf8a0a167bea66247425ef9cb9b622a4b320b8bb6,success,2024-10-21,2025-04-14,176,177,
rsveth,Reddio Vault Ethereum,0xca9de1f80df74331c5fcb7eee2d05e746d47bfb2,success,2025-02-23,2025-07-24,123,124,
rsvusdt,RedSonic Vault Tether USD,0x2e5d4e2a2336045471bfe446caa407f0c3a2419c,success,2025-05-30,2025-06-01,3,4,
rtbl,Rolling T-bill,0x526be1c610616be0e8e69893fc6766fddfbada61,success,2024-11-27,2025-04-30,31,32,
rth,Rotharium,0x3fd8f39a962efda04956981c31ab89fab5fb8bc8,success,2018-06-05,2025-10-09,2537,2537,
ruby,Ruby Protocol,0xb30240d48c05a4b950c470e2d6aefc9117a50624,success,2024-06-04,2025-07-09,401,402,
ruff,Ruff,0xf278c1ca969095ffddded020290cf8b5c424ace2,success,2018-02-11,2025-07-30,2727,2728,
runevm,RUNEVM,0x72d4bc91fbd9b257eae62a5758288d9797c9a76a,success,2024-09-21,2025-09-14,155,155,
rwd,REWARD,0x5daa087714cb169f605c673a00aef62a9a7236a6,success,2024-06-12,2025-06-11,175,176,
ryno,Ryno AI,0x82e229f145aa61000e523f97e5e8174107414897,success,2024-09-25,2025-12-01,145,145,
s4f,S4FE,0xaec7d1069e3a914a3eb50f0bfb1796751f2ce48a,success,2019-01-11,2025-06-26,1962,1962,
sabr,SatsBridge,0x9ca98c8b217c3b45074834908555d36af2ac6449,success,2024-01-24,2025-05-21,360,360,
sail,Clipper SAIL,0xd8f1460044925d2d5c723c7054cd9247027415b7,success,2023-08-22,2025-11-20,737,737,
sam,SAM,0xb5b543c1b43fd9077152e6d155102514e0f3012a,success,2024-10-24,2024-10-25,2,3,
sarco,Sarcophagus,0x7697b462a7c4ff5f8b55bdbc2f4076c2af9cf51a,success,2021-04-29,2025-11-07,1286,1286,
sasha,Bitcoin Cat,0x93c2bd80cadcfeb541eb5af4052375bde8d6f24f,success,2024-10-08,2025-11-22,181,181,
sat,Super Athletes Token,0x5abf88cf3444611d13f6d1b39f3f3ee8575c91a2,success,2022-12-15,2025-05-08,876,877,
sca,Scaleswap,0x1fbd3df007eb8a7477a1eab2c63483dcc24effd6,success,2021-07-27,2025-07-10,1359,1360,
scai,SecureChain AI,0xe35009059cb55ded065027e9832a2c564aff7512,success,2023-11-27,2025-05-06,495,496,
scalex,SCALEX,0xd1d2c1bc0d97880b67c504e20ae6f4fa2e03b823,success,2024-08-29,2025-08-15,71,71,
scan,0xScans,0x10703ca5e253306e2ababd68e963198be8887c81,success,2024-02-05,2025-07-12,482,483,
seai,ServeFi AI,0x6fcd2db93082e85d662173a70feaf59b97860c3e,success,2024-12-17,2025-04-26,71,72,
sedge,Social Edge,0xa79aceef0a240d651948fbecfa38966ad18b446d,success,2024-12-20,2025-11-21,156,156,
self,SELFCrypto [OLD],0x4af8aa621df6dd3e2d653188a357fc2b35c6a037,success,2023-06-22,2025-04-13,662,663,
senc,Sentinel Chain,0xa13f0743951b4f6e3e3aa039f682e17279f52bc3,success,2018-04-03,2025-10-20,2712,2712,
sent,SentimentAI,0x8dbd1331b1de57835b24657ed21d0691e2e7362a,success,2024-01-25,2025-11-11,264,264,
sent,Sentiment,0x97abee33cd075c58bfdd174e0885e08e8f03556f,success,2021-06-17,2025-11-23,1419,1419,
sentai,SentAI,0x877f035c83df617b6c901891f90eebc78f8ce050,success,2024-12-22,2025-09-30,186,186,
sfai,SupportFi AI,0x544f7ba526dc4e835f674c585a478c142dd8cca1,success,2024-12-14,2025-11-22,165,165,
sfg,S.Finance,0x8a6aca71a218301c7081d4e96d64292d3b275ce0,success,2020-09-25,2025-10-28,1835,1836,
sfil,Filecoin Standard Full Hashrate,0x965b85d4674f64422c4898c8f8083187f02b32c0,success,2021-12-17,2025-11-28,1237,1237,
sfrax,Staked FRAX,0xa663b02cf0a4b149d2ad41910cb81e23e1c41c32,success,2024-02-20,2025-10-03,563,564,
sfund,Seedify.fund,0x560363bda52bc6a44ca6c8c9b4a5fadbda32fa60,failure,,,,,"HTTP 404: {""error"":""coin not found""}"
shares,shares.finance,0xebb82c932759b515b2efc1cfbb6bf2f6dbace404,success,2023-08-22,2025-09-17,427,428,
shezusd,ShezmuUSD,0x634ed807647e07a7c038ef1956a58adbc6695f88,success,2024-08-05,2025-04-25,85,86,
shield,Chatter Shield,0x46c0f8259c4e4d50320124e52f3040cb9e4d04c7,success,2024-04-19,2025-12-01,411,411,
shk,iShook,0xebe4a49df7885d015329c919bf43e6460a858f1e,success,2019-04-06,2025-11-25,642,642,
shnj,Shinji,0xde0a515d133397d62eb3fcdfcc68ba4904ac49c0,success,2024-11-15,2025-11-15,72,72,
shr,Share,0xd98f75b1a3261dab9eed4956c93f33749027a964,failure,,,,,"HTTP 404: {""error"":""coin not found""}"
shx,Stronghold,0xee7527841a932d2912224e20a405e1a1ff747084,failure,,,,,"HTTP 404: {""error"":""coin not found""}"
sig,Signet,0x000000000075f13bcf2e6652e84821e8b544f6f9,success,2025-04-28,2025-04-29,2,3,
sika,SikaSwap,0xfefe274de1983102d4565b7f14018602d2c830b9,success,2024-09-07,2025-07-14,189,190,
silv2,Escrowed Illuvium 2,0x7e77dcb127f99ece88230a64db8d595f31f1b068,success,2023-01-29,2025-12-03,939,939,
simai,Simian AI,0x90f29ccd18c9181a9243eff8f7546eef4b64994c,success,2024-12-18,2025-05-15,134,135,
simpson,Homer,0x44aad22afbb2606d7828ca1f8f9e5af00e779ae1,success,2023-05-10,2025-12-03,826,826,
skyrim,Skyrim Finance,0x2610f0bfc21ef389fe4d03cfb7de9ac1e6c99d6e,success,2021-09-02,2025-06-14,1382,1383,
smart,Smart AI,0xfe7290b932cd0d5aec29c57394e87cdaa41cc054,success,2024-04-26,2025-10-23,300,300,
smart,Smart Game Finance,0xce20bb92ccf9bbf5091ef85649e71e552819ad8c,success,2023-02-15,2025-06-06,841,842,
smbswap,SimbCoin Swap,0x53bd789f2cdb846b227d8ffc7b46ed4263231fdf,success,2021-07-01,2025-10-17,1178,1178,
smetx,SpecialMetalX,0x0bcc26e40d87873615e082c1b5df15e487f94737,success,2024-06-19,2025-07-15,343,344,
smrt,SmartMoney,0xddcc69879e1d2376ce799051afa98c689f234cca,success,2024-02-16,2025-08-10,471,472,
smt,SmartMesh,0x21f15966e07a10554c364b988e91dab01d32794a,success,2017-12-20,2025-07-01,2751,2752,
snm,SONM,0x46d0dac0926fa16707042cadc23f1eb4141fe86b,success,2017-10-28,2025-06-06,2779,2780,
snn,SeChain,0xf5717f5df41ea67ef67dfd3c1d02f9940bcf5d08,success,2020-08-03,2025-11-29,1470,1470,
sob,Secured On Blockchain,0x142f4330ab3eda738cb373791c2e99cc325bed20,success,2024-04-03,2025-07-15,419,420,
social,Phavercoin,0xd3c68968137317a57a9babeacc7707ec433548b4,success,2024-09-24,2025-06-14,264,265,
soul,Soulsaver,0x992d339532a9c42f1b0e59a57e95f38da38c66f6,success,2022-09-27,2025-05-24,971,972,
sparko,Sparko,0x2c540c3c7be7af98278dc6963e092cd450009d1f,success,2023-11-15,2025-11-19,417,417,
spay,SpaceY 2025,0x58fad9e3c3ae54c9ba98c3f0e4bf88ab3e8cf3c5,success,2021-11-21,2025-07-30,1348,1349,
spct,Spectra Chain,0x02020595e6a34a03a8e9c1f5624b1b7713810083,success,2024-04-06,2025-04-12,372,373,
sphri,Spherium,0x8a0cdfab62ed35b836dc0633482798421c81b3ec,success,2021-08-18,2025-10-22,1304,1304,
spillways,Spillways,0x8790f2fc7ca2e7db841307fb3f4e72a03baf7b47,success,2022-11-30,2025-11-03,668,668,
spiz,SPACE-iZ,0xa7a5c1058194af8f00c187adb7fcc0c95f1c6c2d,success,2020-08-24,2025-04-11,1692,1693,
spume,Spume,0xa16a609ff4e1a15b6ccb469e7a5dd14e89305283,success,2022-08-30,2025-06-08,1013,1014,
spurdo,Spurdo Spärde,0xd3999188ff689b99d8097a4876f61e70b22f7881,success,2024-06-03,2025-12-01,292,292,
sqgl,SQGL Vault (NFTX),0x8d137e3337eb1b58a222fef2b2cc7c423903d9cf,success,2021-07-13,2025-11-24,991,991,
squares,SquaresAI,0x3f962f6325e61b90bae9971f110863c4e67036e2,success,2024-12-17,2025-06-18,106,107,
srt,Smart Reward Token,0x22987407fd1fc5a971e3fda3b3e74c88666cda91,success,2022-04-13,2025-05-02,1116,1117,
ssdx,SpunkySDX,0x5eeecb13a98e2019aaaca47df17683431f5cab04,success,2024-12-05,2025-06-18,172,173,
sst,SmartsetToken,0x15f73a3ab443ee6ebf36c605c7868159ce5d028c,success,2024-01-09,2025-09-02,427,427,
stak,Jigstack,0x1f8a626883d7724dbd59ef51cbd4bf1cf2016d13,success,2021-04-23,2025-11-14,1351,1351,
standard,Construct,0xda0c94c73d127ee191955fb46bacd7ff999b2bcd,success,2021-11-10,2025-12-01,1093,1093,
star,Sponstar,0x04cd37283e0f921b4a8838fee72e4264c87a692b,success,2024-12-19,2025-08-26,177,177,
star,Starbot,0x6953f27db0701e22616e701dba91acc2e4b6deca,success,2024-01-31,2025-10-23,426,426,
stc,Student Coin,0x15b543e986b8c34074dfc9901136d9355a537e7e,success,2021-01-18,2025-11-16,1171,1171,
stilt,Stilton,0xb5f1457d6fba1956fb8d31b0b7caca14bde0be4b,success,2022-06-23,2025-11-27,656,656,
stima,STIMA,0xd2e5decc08a80be6538f89f9ab8ff296e2f724df,success,2022-07-18,2025-12-03,1040,1040,
streeth,STREETH,0xb840d10d840ef47c233fec1fd040f5b145a6dfa5,success,2022-04-09,2025-06-07,1151,1152,
strp,Strips Finance,0x97872eafd79940c7b24f7bcc1eadb1457347adc9,success,2021-10-14,2025-10-10,1251,1251,
stusd,Angle Staked USDA,0x0022228a2cc5e7ef0274a7baa600d44da5ab5776,success,2025-04-11,2025-11-25,37,37,
stx,Stox,0x006bea43baa3f7a6f765f14f10a1a1b08334ef45,success,2018-04-07,2025-12-03,2650,2650,
sub,Substratum,0x8d75959f1e61ec2571aa72798237101f084de63a,success,2017-11-19,2025-11-26,2622,2622,
subf,Super Best Friends,0x564a80d0123bdd750fb6a9993834968fc595c09a,success,2024-03-25,2025-07-19,451,452,
sudo,Sudo Labs,0x48129b305a94d68ce4773ca1f0b55782ac735eac,success,2024-12-18,2025-06-21,154,155,
sup,SAKURA UNITED PLATFORM,0xf5ec1a08902ae0ae5323466c35ea49a37409e4ca,success,2023-10-09,2025-12-03,569,569,
swbtc,Swell Restaked BTC,0x8db2350d78abc13f5673a411d4700bcf87864dde,success,2024-08-14,2025-06-29,258,259,
sweet,Sweet,0x2df7d0e4903029717c949cad204075a3d75c8806,success,2023-09-26,2025-04-22,390,391,
swipes,Bndr,0x4cb1e6c430bb4b874869fd6049ed07ae975b02f1,success,2024-04-30,2025-11-29,303,303,
swot,Swot AI,0xb39364b51d2c97b62b838bc5213b8627eb469101,success,2024-02-16,2025-07-08,274,275,
swrv,Swerve,0xb8baa0e4287890a5f79863ab62b7f175cecbd433,success,2020-09-05,2025-09-25,1847,1848,
sxs,SphereSXS,0x259ce0cb3581995d40cbb03fd4badeaaba1edaff,success,2023-06-08,2025-11-18,495,495,
sync,Syncus,0xa41d2f8ee4f47d3b860a149765a7df8c3287b7f0,success,2023-12-13,2025-10-07,580,581,
synr,MOBLAND,0xbc6e06778708177a18210181b073da747c88490a,success,2022-01-25,2025-12-02,1156,1156,
t2t2,T2T2,0x390e61f798267fe7aa9bbe61be8bb1776250d44c,success,2023-11-11,2025-03-25,501,502,
tai,TaiNet,0x5becd80848e096d065f27c3b1498553c705c77ed,success,2024-10-21,2025-10-30,203,204,
tales,Tales of Pepe,0x16950673c9817537e7cda10b482b90c0584c9101,success,2024-09-04,2025-11-20,124,124,
taoshard,TAO Subnet Sharding,0x693170bd3c37dcd46168d8b399aa7551a32de2af,success,2024-03-14,2025-11-21,227,227,
taotools,TAOTools,0x01043bf843b88e1182b1db27bdcc93999aa74c56,success,2024-10-23,2025-10-22,237,238,
tcp,The Crypto Prophecies,0x06576eb3b212d605b797dc15523d9dc9f4f66db4,success,2021-04-30,2025-06-17,1510,1511,
tech,Cryptomeda,0x6286a9e6f7e745a6d884561d88f94542d6715698,success,2021-08-27,2025-11-18,1317,1317,
tenet,TENET,0x788d86e00ab31db859c3d6b80d5a9375801d7f2a,success,2023-05-25,2025-10-29,889,890,
tera,Terareum [OLD],0x009668a9691e456972c8ec4cc84e99486308b84d,success,2022-02-23,2025-10-31,936,936,
tether,Hpohs888inu,0x4d9b0b7a6db042cb990d36a0df5aa2960e552f16,success,2023-08-21,2025-11-24,351,351,
tgpu,TonGPU,0x4346139e71ba7b4b6abd405782703006cc180988,success,2024-07-14,2025-06-20,203,203,
thx,THX Network,0xe632ea2ef2cfd8fc4a2731c76f99078aef6a4b31,success,2021-12-08,2025-09-12,1206,1206,
titan,TitanSwap,0x3a8cccb969a61532d1e6005e2ce12c200caece87,success,2020-09-25,2025-12-02,1731,1731,
tkp,TOKPIE,0xd31695a1d35e489252ce57b129fd4b1b05e6acac,success,2019-06-11,2025-10-25,2314,2315,
tnt,Tierion,0x08f5a9235b08173b7569f83645d2c7fb55e8ccd8,success,2017-10-18,2025-06-08,2348,2349,
torg,TORG,0xcfa0885131f602d11d4da248d2c65a62063567a9,success,2021-08-10,2025-05-24,1131,1132,
tpt,TokenPocket Token,0x4161725d019690a3e0de50f6be67b07a86a9fae1,failure,,,,,"HTTP 404: {""error"":""coin not found""}"
tpy,Thrupenny,0x968cbe62c830a0ccf4381614662398505657a2a9,success,2022-08-18,2025-05-08,995,996,
tr3,Tr3zor,0xf61bf4d1a948487d61b8fa63808aac06bda55f98,success,2022-01-06,2025-10-02,1067,1067,
trace,Trace Network Labs,0x9f7fc686cfd64aa5ae15b351d03071e91533094b,success,2022-01-28,2025-06-17,1237,1238,
track,Tracker AI,0xda558a295e8d2c1438f7b4806e283940dec7e6db,success,2024-03-16,2025-07-02,474,475,
trdm,TradeMaster.ninja,0xc8dfb57d83bf561457b1a3f6ce22956bb554bcab,success,2024-03-18,2025-10-07,498,499,
triton,Triton,0x8c6691704d0c3630d6a4fbd5383e0f8e59e10616,success,2024-08-30,2025-08-28,189,190,
trn,Tereon,0xa6c1a66a3ac742f1885207253fc776d94c8beed5,success,2024-12-10,2025-05-29,69,70,
trumpcoin,MAGA: Fight for Trump,0x03dcee0d21ab39614c768dab67bfc33b0fc0a047,success,2024-07-31,2025-12-03,372,372,
trxc,TronClassic,0xad5fe5b0b8ec8ff4565204990e4405b2da117d8e,success,2018-09-25,2025-10-11,2436,2437,
tsai,TesseractAI,0xe1c8d908f0e495cf6d8459547d1d28b72bf04bf2,success,2024-09-05,2025-10-05,361,362,
tuna,Tunachain,0xadd353fb2e2c563383ff3272a500f3e7134dafe4,success,2024-03-19,2025-07-18,405,405,
twg,The Wally Group,0x6eb64894cfb6a7d00749781ad01975584822dd5f,success,2025-03-25,2025-10-05,195,196,
txa,TXA,0x4463e6a3ded0dbe3f6e15bc8420dfc55e5fea830,success,2021-08-17,2025-09-06,1434,1435,
txau,tGOLD,0xe4a6f23fb9e00fca037aa0ea0a6954de0a6c53bf,success,2022-11-10,2025-11-10,829,829,
txn,TXN Club,0x7236a7ad67976ee07961ab26ed6f4cd23f7a9bd1,success,2023-11-24,2025-10-26,491,492,
txn,TXNScan,0x247e3866f743cce280433b865a669c9361421ecc,success,2025-01-16,2025-11-24,173,173,
ucash,U.CASH,0x92e52a1a235d9a103d970901066ce910aacefd37,success,2018-02-11,2025-09-19,2240,2240,
ufarm,UniFarm,0x40986a85b4cfcdb054a6cbfb1210194fee51af88,success,2021-05-05,2025-10-27,1310,1310,
uhosu,Uhosu,0xd537e3fc08f6d966a0f024c924f358fb15ed2dd9,success,2024-10-17,2025-12-02,157,157,
ultra,ULTRA,0x35282d87011f87508d457f08252bc5bfa52e10a0,success,2024-02-22,2025-11-28,299,299,
ultraeths,Affine ultraETHs 2.0,0xf0a949b935e367a94cdfe0f2a54892c2bc7b2131,success,2024-08-23,2025-07-24,240,241,
unai,Unknown AI,0x2a762b4587197119539ca675f7c8b214cf9eda73,success,2024-09-19,2025-11-01,276,277,
unb,Unbound Finance,0x8db253a1943dddf1af9bcf8706ac9a0ce939d922,success,2021-12-14,2025-11-03,1209,1209,
unidx,UniDex,0xf0655dcee37e5c0b70fffd70d85f88f8edf0aff6,success,2020-11-21,2025-10-11,1747,1748,
unm,UNIUM,0x6570ffe19da7e2b425329b157d9109b87f18304b,success,2022-03-25,2025-05-17,1134,1135,
unreal,Unreal AI,0xb39a0dae3c2afd1f3c55ad47d1c7a0bb6c1ca260,success,2024-08-30,2025-11-16,154,154,
unsheth,unshETH Ether,0x0ae38f7e10a43b5b2fb064b42a2f4514cba909ef,success,2023-05-16,2025-04-20,656,657,
upload,UPLOAD,0xd3cc3b3e226cf187181c57f8bcc2fa84250df651,success,2024-06-13,2025-06-24,314,315,
usd3,Stable.com USD3,0x046029f68b0e00ebec2e394d17f70ec848fcf1d2,success,2024-08-23,2025-04-17,238,239,
usdd,USDD,0x3d7975eccfc61a2102b08925cbba0a4d4dbb6555,failure,,,,,"HTTP 404: {""error"":""coin not found""}"
usdv,Verified USD,0x0e573ce2736dd9637a0b21058352e1667925c7a8,success,2023-11-15,2025-12-03,637,637,
usdz,USD ZEE,0x8baef8c9568c21b1a2b2fd048f8b4da835691fd0,success,2022-04-06,2025-06-03,822,823,
usk,USK,0x1b3c515f58857e141a966b33182f2f3feecc10e9,success,2022-09-13,2025-10-12,1111,1112,
ustb,Re.al US T-Bill,0x83fedbc0b85c6e29b589aa6bdefb1cc581935ecd,success,2024-06-04,2025-04-04,305,306,
uts,Unitus,0x3b6564b5da73a41d3a66e6558a98fd0e9e1e77ad,success,2023-11-25,2025-11-05,446,446,
uwu,UwU Lend,0x55c08ca52497e2f1534b59e2917bf524d4765257,success,2022-09-22,2025-11-25,978,978,
val,Valeria,0x011e128ec62840186f4a07e85e3ace28858c5606,success,2023-10-28,2025-08-26,532,532,
valor,Smart Valor,0x297e4e5e59ad72b1b0a2fd446929e76117be0e0a,success,2019-04-23,2025-12-03,2239,2239,
vatr,Vatra INU,0x3d234a9d23f01c5556ad3dfa88f470f8982ab1b4,success,2024-04-22,2025-04-11,355,356,
vck,28VCK,0xfa5b75a9e13df9775cf5b996a049d9cc07c15731,success,2021-11-09,2025-09-03,998,998,
vcx,VaultCraft,0xce246eea10988c495b4a90a905ee9237a0f91543,success,2023-12-04,2025-08-31,494,495,
ved,VedoraAI,0x6282727946325daa05636adec103b385b7c995bf,success,2025-04-04,2025-08-25,109,110,
verx,Vero-X,0xd27418c366ccfc4bec6b66e6f08fe22bb7f09552,success,2025-04-19,2025-07-05,78,79,
vest,DAO Invest,0x1f19f83fc9a25f3c861260143e36c17706257986,success,2021-08-24,2025-08-27,1331,1331,
vetme,VetMe,0xe7ef051c6ea1026a70967e8f04da143c67fa4e1f,success,2023-01-20,2025-10-31,1016,1017,
vic,Victory Impact,0x1e3778dd6dbfdc1c5b89f95f7c098b21e80ec4fa,success,2023-11-10,2025-06-05,330,331,
vidy,VIDY,0xc77b230f31b517f1ef362e59c173c2be6540b5e8,success,2019-07-19,2025-09-20,2251,2252,
vite,Vite,0xadd5e881984783dd432f80381fb52f45b53f3e70,success,2018-06-25,2025-11-14,2534,2534,
vmc,VMS Classic,0xd0f3c49297a85c81bfe98bc0bdc966964c0e7173,success,2025-01-07,2025-12-02,86,86,
volta,Volta Club,0x9b06f3c5de42d4623d7a2bd940ec735103c68a76,success,2023-11-22,2025-11-25,480,480,
vrn,Varen,0x72377f31e30a405282b522d588aebbea202b4f23,success,2021-08-12,2025-11-26,1053,1053,
vrsw,VirtuSwap,0x99a01a4d6a4d621094983050d9a2f10b2912e53d,success,2023-07-13,2025-07-31,743,744,
vrtx,VORTEX,0x5c7cc28ff152c397dc2e17349661db67113d6ce3,success,2025-01-30,2025-07-29,134,135,
vxl,Voxel X Network,0x16cc8367055ae7e9157dbcb9d86fd6ce82522b31,success,2021-12-10,2025-11-25,1234,1234,
vxr,Vox Royale,0xcf16287a869ac8397815aba9b8c962c0f18ba6ea,success,2024-07-23,2025-10-16,391,392,
wanna,Wanna Bot,0xa76cec201e939660f8afb1fb8d5865d069df0750,success,2024-03-18,2025-09-06,448,449,
watt,WATTTON,0xe67f943af5eb6051ef56f05979cc30b732717fa6,success,2022-09-08,2025-05-30,996,997,
wctc,Wrapped CTC,0xaafec8e08d524d534327fa13fb306f440b5f88eb,failure,,,,,"HTTP 404: {""error"":""coin not found""}"
wepc,World Earn & Play Community,0x94b2d91aa89ba30f2e080205c14e83fcdee310dd,success,2024-09-15,2025-10-05,342,343,
wgc,Wild Goat Coin,0xc53ac24320e3a54c7211e4993c8095078a0cb3cf,failure,,,,,"HTTP 404: {""error"":""coin not found""}"
what,WhatAI,0x3f98ee6644b2c68a800c08fefa97e6ecfbdba248,success,2024-11-07,2025-10-22,90,90,
wjaura,Wrapped Jones AURA,0x198d7387fa97a73f05b8578cdeff8f2a1f34cd1f,success,2023-05-21,2025-11-15,488,488,
wne,Winee3,0x46971fc433d90cf2ff1da4a66abe320dfb0ce3b1,success,2024-07-01,2025-10-21,478,479,
wool,Wolf Game Wool,0x8355dbe8b0e275abad27eb843f3eaf3fc855e525,success,2021-11-23,2025-11-12,1406,1406,
wooooo!,Wooooo! Coin,0x9b73ff728d7d4a423e2166a8dfaa1e79d30cdde9,success,2024-09-13,2025-12-02,95,95,
wpc,WORLD PEACE COIN,0xc7c53760375530e5af29fded5e13989325299382,success,2023-10-16,2025-04-09,503,504,
wruni,Wrapped RUNI,0xec56840be7c495cbf98c0157b458cd207ff85da1,success,2024-07-05,2025-06-05,306,307,
wsb,Wall Street Bets,0x6f91d21de4e40b3b80636b6b3ba425b636b798cf,success,2023-10-04,2025-06-14,354,354,
wsienna,Sienna [ERC-20],0x9b00e6e8d787b13756eb919786c9745054db64f9,success,2021-05-12,2025-11-27,1525,1525,
wskr,Wiskers,0xfd4ca4a692f14d88af3e7ae13cf00d5095213b25,success,2023-10-06,2025-11-27,379,379,
wtc,Waltonchain,0xb7cb1c96db6b22b0d3d9536e0108d062bd488f74,success,2017-11-08,2025-11-04,2733,2733,
wtk,WadzPay,0x4cff49d0a19ed6ff845a9122fa912abcfb1f68a6,success,2020-11-10,2025-11-02,1561,1561,
wusd,Wrapped USD,0x068e3563b1c19590f822c0e13445c4fa1b9eefa5,success,2024-06-01,2025-03-27,222,223,
wusdr,Wrapped USDR,0xc03b43d492d904406db2d7d57e67c7e8234ba752,success,2023-02-15,2025-08-23,874,875,
wzm,Woozoo Music,0xd15a1a2a3211b58113e45809f05934252e34e2f8,success,2021-12-23,2025-04-18,1213,1214,
xai,XAI Stablecoin,0xd7c9f0e536dc865ae858b0c0453fe76d13c3beac,success,2022-11-19,2025-12-02,665,665,
xav,Xave,0x1db06f39c14d813d7b1ccb275a93f5b052de1cac,success,2024-04-12,2025-10-01,386,386,
xeroai,Xero AI,0xc5842df170b8c8d09eb851a8d5db3dfa00669e3f,success,2024-03-29,2025-05-28,426,427,
xgpt,X-GPT,0x51fe05eac152494908ff1ebbd50e116e960baf64,success,2023-09-04,2025-09-22,472,472,
xido,Xido Finance,0xf6650117017ffd48b725b4ec5a00b414097108a7,success,2021-06-08,2025-04-07,1399,1400,
xlab,XCELTOKEN PLUS,0x8c4e7f814d40f8929f9112c5d09016f923d34472,success,2019-05-29,2025-11-23,1965,1965,
xls,ELIS,0x6c862f803ff42a97d4a483ab761256ad8c90f4f8,success,2021-01-10,2025-06-21,1421,1422,
xno,Xeno,0x05bbe7240de66f6480c9aeda77c1376b13393f83,success,2021-02-01,2025-09-18,1675,1676,
xodex,XODEX,0xb81408a1cc2f4be70a6a3178d351ca95a77c5a06,success,2022-05-13,2025-10-29,1117,1117,
xy,XY Finance,0x77777777772cf0455fb38ee0e75f38034dfa50de,success,2021-12-14,2025-11-29,1227,1227,
yawn,YAWN,0x881d4c8618d68872fa404518b2460ea839a02a6a,success,2024-08-02,2025-08-01,365,366,
yesp,Yesports,0x46cca329970b33e1a007dd4ef0594a1cedb3e72a,success,2023-04-17,2025-07-22,828,829,
yieldeth,YieldETH (Sommelier),0xb5b29320d2dde5ba5bafa1ebcd270052070483ec,success,2023-10-10,2025-09-26,629,630,
ynlsde,YieldNest Restaked LSD - Eigenlayer,0x35ec69a77b79c255e5d47d5a3bdbefefe342630c,success,2025-06-14,2025-11-30,5,5,
yprisma,Yearn yPRISMA,0xe3668873d944e4a949da05fc8bde419eff543882,success,2024-04-25,2025-11-20,427,427,
zai,ZAI Stablecoin,0x69000dfd5025e82f48eb28325a2b88a241182ced,success,2024-08-17,2025-09-30,231,231,
zapex,ZapExchange,0x396de8bb0a1745b531bf5cd5952539a1b5fe66e0,success,2023-10-25,2025-07-11,355,356,
zend,zkLend,0xb2606492712d311be8f41d940afe8ce742a52d44,success,2024-03-15,2025-09-26,425,425,
zeta,stoicDAO,0xb281d84989c06e2a6ccdc5ea7bf1663c79a1c31a,success,2023-12-02,2025-11-28,372,372,
zgen,Zegent AI,0x5972169d49654dda92af57d11d4362fa72c15b03,success,2024-09-27,2025-10-01,370,371,
zik,Ziktalk,0x88303fed02b31db9c7a9eafb711da9ef4a03e5d3,success,2019-07-20,2025-08-26,2054,2055,
zke,zkEra Finance,0x9bd69bc59118ce0fbce9b03551a765a779bd25cf,success,2023-12-24,2025-08-13,495,495,
zkgun,zkGUN,0x6873c95307e13beb58fb8fcddf9a99667655c9e4,success,2024-06-06,2025-07-22,206,207,
zklk,ZkLock,0x96884fcaac082db4b32601ada5b177fd6cbffa88,success,2024-04-01,2025-04-02,346,347,
zora,Zora AI,0x3f31f59f7307a0468501f39b6c1175ff9b6cd927,success,2025-01-09,2025-10-13,135,135,
zrs,Zaros,0x75e88b8c2d34a52a6d36deada664d7dc9116e4ef,success,2024-06-04,2025-10-30,446,447,
zun,Zunami Governance Token,0x6b5204b0be36771253cc38e88012e02b752f0f36,success,2024-05-29,2025-06-12,374,375,
zunusd,Zunami USD,0x8c0d76c9b18779665475f3e212d9ca1ed6a1a0e6,success,2024-05-13,2025-05-22,369,370,
zusd,ZUSD,0xc56c2b7e71b54d38aab6d52e94a04cbfa8f604fa,success,2021-03-04,2025-12-02,1085,1085,
zz,ZigZag,0xc91a71a1ffa3d8b22ba615ba1b9c01b2bbbf55ad,success,2022-06-25,2025-12-02,1011,1011,
$yield,YieldStone,0x8c19f7854b27758ddffdcdc8908f22bf55e00736,failure,,,,,"HTTP 404: {""error"":""coin not found""}"
arcx,Architex,0x8e4d27d772099e18900caf5dcc36cb612dcee886,failure,,,,,"HTTP 404: {""error"":""coin not found""}"
audai,AuditAI,0xa26b04b41162b0d7c2e1e2f9a33b752e28304a49,failure,,,,,"HTTP 404: {""error"":""coin not found""}"
brg,Bridge Oracle,0xc9c4fd7579133701fa2769b6955e7e56bb386db1,failure,,,,,"HTTP 404: {""error"":""coin not found""}"
cyg,Cyclix Games,0x6b15602f008a05d9694d777dead2f05586216cb4,failure,,,,,"HTTP 404: {""error"":""coin not found""}"
dck,DexCheck AI,0x672f4fa517894496b8a958b4b3fca068ce513a39,failure,,,,,"HTTP 404: {""error"":""coin not found""}"
kel,KelVPN,0x4abb9cc67bd3da9eb966d1159a71a0e68bd15432,failure,,,,,"HTTP 404: {""error"":""coin not found""}"
knd,Kindred,0x044a3bad20573bbe5895b873ecbfd4e283bc9102,success,2024-09-25,2025-05-05,90,91,
koin,Koinos,0xed11c9bcf69fdd2eefd9fe751bfca32f171d53ae,failure,,,,,"HTTP 404: {""error"":""coin not found""}"
mak,MetaCene,0xc283c54df1d858570071a053057806ae73cb6a64,failure,,,,,"HTTP 404: {""error"":""coin not found""}"
merl,Merlin Chain,0x0f3a12b78fee11ee088e454a0547bdbc5a253a6d,failure,,,,,"HTTP 404: {""error"":""coin not found""}"
mimo,Mimo Governance,0x90b831fa3bebf58e9744a14d638e25b4ee06f9bc,failure,,,,,"HTTP 404: {""error"":""coin not found""}"
next,Everclear,0xfe67a4450907459c3e1fff623aa927dd4e28c67a,failure,,,,,"HTTP 404: {""error"":""coin not found""}"
nobl,NobleBlocks,0x88b9f5c66342ebaf661b3e2836b807c8cb1b3195,failure,,,,,"HTTP 404: {""error"":""coin not found""}"
qqq.d,Dinari QQQ,0xbb19ea4de2fcd217ca5e4bd413adc49b52855b2b,success,1970-01-01,1970-01-01,1,1,
qs,Quick Sync,0x8b7cf3a97c1f840bcf490dfd7d6a16a96dd5dd0c,failure,,,,,"HTTP 404: {""error"":""coin not found""}"
qswap,Quantum Network,0x6a8b188fadbe8b52a2c23ea2d0df74f8956e7730,failure,,,,,"HTTP 404: {""error"":""coin not found""}"
solvbtc.ena,Solv Protocol SolvBTC.ENA,0x325dc9ebcec31940c658acaca45f8293418d811e,failure,,,,,"HTTP 404: {""error"":""coin not found""}"
stpt,STP,0xde7d85157d9714eadf595045cc12ca4a5f3e2adb,failure,,,,,"HTTP 404: {""error"":""coin not found""}"
usdx,Hex Trust USD,0x7a486f809c952a6f8dec8cb0ff68173f2b8ed56c,failure,,,,,"HTTP 404: {""error"":""coin not found""}"
xyxyx,Xyxyx,0x382e57ca8e4c4db9649884ca77b0a355692d14ac,success,2024-02-25,2025-12-02,368,368,
yusd,YieldFi yToken,0x1ce7d9942ff78c328a4181b9f3826fee6d845a97,failure,,,,,"HTTP 404: {""error"":""coin not found""}"
apxeth,Dinero apxETH,0x9ba021b0a9b958b5e75ce9f6dff97c7ee52cb3e6,success,2025-08-01,2025-08-02,2,3,
bnq,BitNasdaq,0xeaa78305c19a292e5c141108f0880333a840a2bc,success,1970-01-01,1970-01-01,1,1,
eko,EchoLinkV8,0xb1f8302ee205bfe27514cd7185a3fc69bbbdb284,success,1970-01-01,1970-01-01,1,1,
fusdt,Flux USDT,0x81994b9607e06ab3d5cf3afff9a67374f05f27d7,success,2025-08-10,2025-11-12,8,8,
gmcs,Aktionariat Green Monkey Club AG Tokenized Shares,0x0f4dc5ada841cf5a7652e52d04ae786070cc9472,success,2025-02-12,2025-02-12,1,1,
lvlwausdc,Level Wrapped aUSDC,0x78c6b27be6db520d332b1b44323f94bc831f5e33,success,1970-01-01,1970-01-01,1,1,
lvlwausdt,Level Wrapped aUSDT,0xb723377679b807370ae8615ae3e76f6d1e75a5f2,success,1970-01-01,1970-01-01,1,1,
ampl,Ampleforth,0xd46ba6d942050d489dbd938a2c909a5d5039a161,success,2019-06-29,2025-12-16,2363,2364,
axcnh,AxCNH,0x2925ac3be7d585874b88ea51ed50add376ad8239,success,2025-11-11,2025-12-16,36,844,
bbtc,Binance Wrapped BTC,0x9be89d2a4cd102d8fecc6bf9da793be995c22541,success,2021-04-19,2025-12-16,1700,1701,
busd,BUSD,0x4fabb145d64652a948d72533023f6e7a623c7c53,success,2019-09-21,2025-12-16,2279,2280,
cadc,CAD Coin,0xcadc0acd4b445166f12d2c07eac6e2544fbe2eef,success,2021-03-02,2025-12-16,1127,1128,
card,Cardstack,0x954b890704693af242613edef1b603825afcd708,success,2018-07-04,2025-12-16,2719,2720,
cbbtc,Coinbase Wrapped BTC,0xcbb7c0000ab88b473b1f5afd9ef808440eed33bf,success,2024-09-12,2025-12-16,461,462,
cbeth,Coinbase Wrapped Staked ETH,0xbe9895146f7af43049ca1c1ae358b0541ea49704,success,2022-08-25,2025-12-16,1210,1211,
cdceth,Crypto.com Staked ETH,0xfe18ae03741a5b84e39c295ac9c856ed7991c38e,success,2023-12-12,2025-12-16,736,737,
coval,Circuits of Value,0x3d658390460295fb963f54dc0899cfb1c30776df,success,2015-01-23,2025-12-16,3914,3915,
digau,Dignity Gold,0x394d14d78850e516fa5eb88f843ef43196e136b0,success,2024-09-10,2025-12-16,434,435,
dsla,DSLA Protocol,0x3affcca64c2a6f4e3b6bd9c64cd2c969efd1ecbe,success,2019-08-31,2025-12-16,2289,2290,
emtrg,Meter Governance mapped by Meter.io,0xbd2949f67dcdc549c6ebe98696449fa79d988a9f,success,2020-08-19,2025-12-16,1942,1943,
eurc,EURC,0x1abaea1f7c830bd89acc67ec4af516284b1bc33c,success,2022-06-30,2025-12-16,1259,1260,
fluid,Fluid,0x6f40d4a6237c257fff2db00fa0510deeecd303eb,success,2021-06-16,2025-12-16,1645,1646,
hsk,HashKey Platform Token,0xe7c6bf469e97eeb0bfb74c8dbff5bd47d4c1c98a,success,2024-11-26,2025-12-16,386,387,
idrt,Rupiah Token,0x998ffe1e43facffb941dc337dd0468d52ba5b48a,success,2019-09-11,2025-12-16,2283,2284,
jrt,Jarvis Reward,0x8a9c67fee641579deba04928c4bc45f66e26343a,success,2020-01-15,2025-12-16,2163,2164,
kaon,Kaon,0x8ab7404063ec4dbcfd4598215992dc3f8ec853d7,success,2019-07-17,2025-12-16,2345,2346,
mazi,MaziMatic,0x5b8650cd999b23cf39ab12e3213fbc8709c7f5cb,success,2023-05-22,2025-12-05,751,752,
mxnb,MXNB,0xf197ffc28c23e0309b5559e7a166f2c6164c80aa,success,2024-07-23,2025-12-16,242,243,
ncdt,nuco.cloud,0xe0c8b298db4cffe05d1bea0bb1ba414522b33c1b,success,2020-09-17,2025-12-16,1871,1872,
num,Numbers Protocol,0x3496b523e5c00a4b4150d6721320cddb234c3079,success,2021-11-18,2025-12-16,1490,1491,
okb,OKB,0x75231f58b43240c9718dd58b4967c5114342a86c,success,2018-06-07,2025-12-16,2750,2751,
ooki,Ooki,0x0de05f6447ab4d22c8827449ee4ba2d5c288379b,success,2021-12-21,2025-12-16,1438,1439,
paxg,PAX Gold,0x45804880de22913dafe09f4980848ece6ecbaf78,success,2019-09-16,2025-12-16,2284,2285,
pbtc35a,pBTC35A,0xa8b12cc90abf65191532a12bb5394a714a46d358,success,2021-01-13,2025-12-16,1739,1740,
pdx,PDX Coin,0x6a8fee0e33cb65a7e8d21badca62e87639ef74b3,success,2022-04-18,2025-12-16,1317,1318,
pyusd,PayPal USD,0x6c3ea9036406852006290770bedfcaba0e23a0e8,success,2023-08-16,2025-12-16,850,851,
render,Render,0x6de037ef9ad2725eb40118bb1702ebb27e4aeb24,success,2020-06-15,2025-12-16,2011,2012,
steth,Lido Staked Ether,0xae7ab96520de3a18e5e111b5eaab095312d7fe84,success,2020-12-22,2025-12-16,1821,1822,
stusdt,Staked USDT,0x25ec98773d7b4ced4cafab96a2a1c0945f145e10,success,2023-08-24,2025-12-16,755,756,
tft,ThreeFold,0x395e925834996e558bdec77cd648435d620afb5b,success,2018-11-10,2025-12-16,2354,2355,
trb,Tellor Tributes,0x88df592f8eb5d7bd38bfef7deb0fbc02cf3778a0,success,2019-10-06,2025-12-16,2264,2265,
tru,TrueFi,0x4c19596f5aaff459fa38b0f7ed92f11ae6543784,success,2020-11-22,2025-12-16,1851,1852,
tryb,BiLira,0x2c537e5624e4af88a7ae4060c022609376c8d0eb,success,2019-12-16,2025-12-16,2166,2167,
tt,ThunderCore,0x1e053d89e08c24aa2ce5c5b4206744dc2d7bd8f5,success,2019-05-03,2025-12-16,2420,2421,
tusd,TrueUSD,0x0000000000085d4780b73119b644ae5ecd22b376,success,2018-03-23,2025-12-16,2826,2827,
usdc,USDC,0xa0b86991c6218b36c1d19d4a2e9eb0ce3606eb48,success,2018-10-05,2025-12-16,2630,2631,
usdlr,Stable USDLR,0x68592c5c98c4f4a8a4bc6da2121e65da3d1c0917,success,1970-01-01,1970-01-01,1,1,
usdp,Pax Dollar,0x8e870d67f660d95d5be530380d0ec0bd388289e1,success,2018-09-26,2025-12-16,2639,2640,
wbeth,Wrapped Beacon ETH,0xa2e3356610840701bdf5611a53974510ae27e2e1,success,2023-05-02,2025-12-16,960,961,
wecan,Wecan,0xea60cd69f2b9fd6eb067bddbbf86a5bdeffbbc55,success,2023-12-21,2025-12-16,727,728,
wstusdt,Wrapped Staked USDT,0x572975ff6d5136c81c8d7448b6361ef9eefe1ab0,success,2023-08-03,2025-12-16,867,868,
xidr,XIDR,0xebf2096e01455108badcbaf86ce30b6e5a72aa52,success,2021-12-01,2025-12-16,1432,1433,
xsgd,XSGD,0x70e8de73ce538da2beed35d14187f6959a8eca96,success,2020-10-16,2025-12-16,1888,1889,
xusd,StraitsX XUSD,0xc08e7e23c235073c6807c2efe7021304cb7c2815,success,2024-07-13,2025-12-16,522,523,

