symbol,name,contract_address,is_erc_20,creation_block,price_data_status,first_date,last_date,num_points,error_message,trading_volume_status,fdv_mcap_lt_eth
!,WOW,0x4efce4c758ddfb3911a1a1282a29ce0bdb16ef86,True,18672421.0,success,2023-12-02,2025-12-01,529.0,,good,TRUE
$ads,Alkimi [OLD],0x3106a0a076bedae847652f42ef07fd58589e001f,True,13089604.0,success,2021-08-27,2025-12-02,1560.0,,good,TRUE
$blk,BLK2100,0x210028b5a1e9effb93ce31006a18629f31131093,True,21142771.0,success,2024-11-09,2025-11-30,272.0,,good,TRUE
$boo,BOO,0x32e7c8a6e920a3cf224b678112ac78fdc0fb09d1,True,18871885.0,success,2024-01-03,2025-12-02,666.0,,good,TRUE
$brawl,Metabrawl,0xf38deb975d9a34bc2b8f678de0c1d53692363851,True,21674243.0,success,2025-01-23,2025-11-27,277.0,,good,TRUE
$brett,BRETT0X66,0x66e564819340cc2f54abceb4e49941fa07e426b4,True,19708042.0,success,2024-05-28,2025-12-02,552.0,,good,TRUE
$bssb,BitStable Finance,0xda31d0d1bc934fc34f7189e38a413ca0a5e8b44f,True,18667343.0,success,2023-12-12,2025-12-02,723.0,,good,TRUE
$bud,Big Bud,0x420b879b0d18cc182e7e82ad16a13877c3a88420,True,20185784.0,success,2024-06-30,2025-11-28,503.0,,good,TRUE
$bull,Bull Market,0x9be776559fed779cabd67042a7b8987aae592541,True,17109750.0,success,2023-04-25,2025-12-02,931.0,,good,TRUE
$cramer,Cramer Coin,0x64df3aab3b21cc275bb76c4a581cf8b726478ee0,True,15590035.0,success,2022-09-26,2025-12-02,1128.0,,good,TRUE
$cultur,CULTUR,0x6cb25129314123bcd5adcdc844ceaeead65a0896,True,21223262.0,success,2024-11-22,2025-11-15,294.0,,good,TRUE
$dave,Dave Coin,0x7f4c5447af6a96d8eeaee1d932338cfc57890dbd,True,17390222.0,success,2023-06-12,2025-11-18,548.0,,good,TRUE
$dcay,Whispers Of Decay,0x0db56f603e754f3539157e2b207eff10a4ebd641,True,20766172.0,success,2024-09-18,2025-12-03,410.0,,good,TRUE
$dmp,Dmarketplace,0x164f12c8d7d16b905cc4f11e819a9fc5b183ef71,True,21023063.0,success,2024-10-24,2025-12-02,404.0,,good,TRUE
$drip,DRIP,0xb8a914a00664e9361eae187468eff94905dfbc15,True,20331173.0,success,2024-10-22,2025-12-02,408.0,,good,TRUE
$emoji,emoji ERC20,0xf12ccd17759367cf139776710b47b00c43d1ac2b,True,17179914.0,success,2024-01-19,2025-11-26,421.0,,good,TRUE
$eva,eVa-ai,0x3566c8ee9780245e974e759a7716ea6ba0702588,True,20668747.0,success,2024-09-26,2025-12-02,434.0,,good,TRUE
$fame,FAME- Rumble Kong League,0x26827f7f51769ea21f94ba98ba64f5d0dc8988f9,True,22016903.0,success,2025-03-14,2025-11-29,232.0,,good,TRUE
$flork,Flork,0xdb0238975ce84f89212ffa56c64c0f2b47f8f153,True,20191686.0,success,2024-07-01,2025-11-29,410.0,,good,TRUE
$frogs,Frogs,0x3e9c3dc19efe4271d1a65facfca55906045f7b08,True,20977507.0,success,2024-10-23,2025-12-02,374.0,,good,TRUE
$g,GoodDollar,0x67c5870b4a41d4ebef24d2456547a03f1f3e094b,True,10561463.0,success,2023-11-10,2025-12-02,750.0,,good,TRUE
$gappy,Gap Tooth Lizard,0xb253ade07051c71be64c235f38fdd5db6753f3bd,True,23016583.0,success,2025-08-24,2025-12-02,102.0,,good,TRUE
$gene,GenomesDAO GENE,0x21413c119b0c11c5d96ae1bd328917bc5c8ed67e,True,,success,2021-11-25,2025-12-02,1334.0,,good,TRUE
$haram,Haram,0xc961da88bb5e8ee2ba7dfd4c62a875ef80f7202f,True,17253567.0,success,2023-05-17,2025-12-02,790.0,,good,TRUE
$hex,Hexly,0xfe76e97a44184dd660503514cd44ed3b04fb1fdd,True,22868596.0,success,2025-07-16,2025-10-08,79.0,,good,TRUE
$hokk,Hokkaidu Inu,0xc40af1e4fecfa05ce6bab79dcd8b373d2e436c4e,True,12253587.0,success,2024-02-09,2025-12-02,664.0,,good,TRUE
$ito,ITO,0x465dbc39f46f9d43c581a5d90a43e4a0f2a6ff2d,True,20407111.0,success,2024-09-24,2025-12-02,435.0,,good,TRUE
$jones,$JONES,0x9f5e508182e1cbd23ea5ef65d1d6c342beb7d6d3,True,18749975.0,success,2024-01-16,2025-11-22,356.0,,good,TRUE
$juice,Juice,0xde5d2530a877871f6f0fc240b9fce117246dadae,True,19365132.0,success,2024-03-12,2025-12-02,616.0,,good,TRUE
$kekec,The Balkan Dwarf,0x8c7ac134ed985367eadc6f727d79e8295e11435c,True,18443523.0,success,2024-03-14,2025-12-03,631.0,,good,TRUE
$khamoo,Khamoo,0x8f66cf0f1db84f8ee2a46352409370a69ae4e059,True,21484707.0,success,2024-12-28,2025-11-22,274.0,,good,TRUE
$ksco,Kolscope,0x73470eda64048ee2646261755a34602af03a4490,True,22838710.0,success,2025-07-08,2025-10-07,49.0,,good,TRUE
$luntra,Luntra Infrastructure,0x924d9492e010856a07cfbd2a6999f69dcee7d041,True,22968774.0,success,2025-07-23,2025-11-22,81.0,,good,TRUE
$macro,Macro,0x9a170a4854cd3dcc86aa916c47e38a9498d82569,True,,success,2025-11-04,2025-12-02,566.0,,good,TRUE
$maru,Marutaro,0x7afd0d633e0a2b1db97506d97cadc880c894eca9,True,20872456.0,success,2024-12-07,2025-12-01,326.0,,good,TRUE
$mememe,MEMEME,0x1a963df363d01eebb2816b366d61c917f20e1ebe,True,17085014.0,success,2023-04-25,2025-11-25,889.0,,good,TRUE
$mgnt,MAGENTA,0xdc569024fe7dee9adc4d1a88712a704e0c52a920,True,23392198.0,success,2025-10-07,2025-12-02,1112.0,,good,TRUE
$micro,Micro GPT,0x8cedb0680531d26e62abdbd0f4c5428b7fdc26d5,True,19581214.0,success,2024-11-21,2025-12-02,378.0,,good,TRUE
$node,NodelyAI,0xff284f2e8cce4cd2f4537d8a9369482b545908fb,True,20362973.0,success,2024-10-04,2025-12-02,423.0,,good,TRUE
$opcat,OPCAT,0xdaa7699352ac8709f3d2fd092226d3dd7da40474,True,19044450.0,success,2024-02-01,2025-11-26,588.0,,good,TRUE
$play,Playdoge,0x6551698ee65f5db726e49f9ab0ff1ce9419003a7,True,,success,2024-08-30,2025-12-03,462.0,,good,TRUE
$qtdao,Quantum DAO,0x26869045311fc5e5353eadcfa654cd47ddc20356,True,20326935.0,success,2024-07-26,2025-11-25,298.0,,good,TRUE
$raini,Raini,0xeb953eda0dc65e3246f43dc8fa13f35623bdd5ed,True,12054334.0,success,2021-03-23,2025-12-03,1683.0,,good,TRUE
$reach,Reach,0x8b12bd54ca9b2311960057c8f3c88013e79316e3,True,18814421.0,success,2023-12-19,2025-12-03,690.0,,good,TRUE
$rfq,RoboFlux,0x73414fb788f8a98e099f3642c94747d69e35201c,True,22703701.0,success,2025-06-17,2025-10-08,77.0,,good,TRUE
$ripper,Bush Ripper,0xbe445f5ef7edb8829203ab0a3298d9eff4560616,True,22452048.0,success,2025-08-20,2025-12-02,106.0,,good,TRUE
$robie,Robie,0x2025bf4e0c1117685b1bf2ea2be56c7deb11bc99,True,21090140.0,success,2024-11-03,2025-12-01,261.0,,good,TRUE
$scratch,Scratch,0x2fa39203cb335d08e0af7731a8b9ae23d5a59449,True,21061184.0,success,2024-12-21,2025-12-01,325.0,,good,TRUE
$shadow,Shadowladys DN404,0x46305b2ebcd92809d5fcef577c20c28a185af03c,True,19221581.0,success,2024-02-15,2025-12-03,501.0,,good,TRUE
$skol,Skol,0xb369daca21ee035312176eb8cf9d88ce97e0aa95,True,17814504.0,success,2024-03-12,2025-12-03,633.0,,good,TRUE
$stack,STACKER AI,0x4c0f743928ca8fa7fb24ad89669c8a7838f34917,True,18473194.0,success,2023-11-11,2025-11-16,687.0,,good,TRUE
$strpnk,Strategy Punks,0x24b5664083b89ae7c2b7a4a6efea472a6d47314c,True,23500419.0,success,2025-10-10,2025-12-03,1280.0,,good,TRUE
$swag,Swag,0x36c7188d64c44301272db3293899507eabb8ed43,True,20322718.0,success,2024-07-19,2025-12-03,504.0,,good,TRUE
$swing,Swing.xyz,0xd8dd38ca016f3e0b3bc545d33cce72af274ce075,True,21419576.0,success,2024-12-19,2025-12-03,320.0,,good,UNKNOWN
$three,THREE,0xa059b81568fee88791de88232e838465826cf419,True,19762650.0,success,2024-04-30,2025-12-02,577.0,,good,TRUE
$toad,Toad Killer,0x370a366f402e2e41cdbbe54ecec12aae0cce1955,True,17198951.0,success,2023-05-09,2025-12-03,941.0,,good,TRUE
$trumaga,TrumpMAGA,0x328ea6e5ba4cc4b58799f2aec3d8ba839f4314ba,True,19962577.0,success,2024-06-24,2025-11-28,414.0,,good,TRUE
$trump,FreeTrump,0xd015422879a1308ba557510345e944b912b9ab73,True,16855694.0,success,2024-01-21,2025-11-29,650.0,,good,TRUE
$truth,Truth Inu,0xcf4c91ecafc43c9f382db723ba20b82efa852821,True,19911756.0,success,2024-05-21,2025-11-22,412.0,,good,TRUE
$unit,UNIT,0xbc4c5dff630a86b864bebf48f55faa626ef12323,True,,success,2025-04-23,2025-12-03,226.0,,good,TRUE
$vault,Vault AI,0x7f9b09f4717072cf4dc18b95d1b09e2b30c76790,True,18438466.0,success,2023-10-29,2025-11-29,665.0,,good,TRUE
$vox,Neuravox,0xb5274d9f803b4b15607c6e180ef8f68fe990f73b,True,,success,2025-01-25,2025-11-22,261.0,,good,TRUE
$well,WELL3,0x63696fc66795b51d02c1590b536484a41fbddf9a,True,20163139.0,success,2024-07-03,2025-12-03,520.0,,good,TRUE
$wolf,Wolf of Wall Street,0x8365332d4baf69bc24ca2401b90c3853ab9f818e,True,17692767.0,success,2023-08-25,2025-11-27,643.0,,good,TRUE
$yield,YieldStone,0x4a35feae3378298d65f123576c61acd62b52a920,True,22573802.0,success,2024-06-19,2025-12-03,455.0,,good,TRUE
$zkitty,ZKitty Bot,0x7df18e4efd6e6f73cfb462937dac40fe42533016,True,17985730.0,success,2023-08-28,2025-12-03,816.0,,good,TRUE
( ͡° ͜ʖ ͡°),Lenny Face,0xdadb4ae5b5d3099dd1f586f990b845f2404a1c4c,True,16590268.0,success,2023-02-21,2025-11-27,752.0,,good,TRUE
.com,.com (Ordinals),0xff9c1f21c621696c4f91cf781ec31bd913ee2c26,True,18847752.0,success,2023-12-17,2025-12-02,689.0,,good,TRUE
0g,0G,0x4b948d64de1f71fcd12fb586f4c776421a35b3ee,True,23400722.0,success,2025-09-22,2025-12-03,1721.0,,good,TRUE
0ne,Civfund Stone,0x73a83269b9bbafc427e76be0a2c1a1db2a26f4c2,True,14646360.0,success,2022-04-27,2025-12-02,1278.0,,good,TRUE
0x0,0x0.ai: AI Smart Contract,0x5a3e6a77ba2f983ec0d371ea3b475f8bc0811ad5,True,16480746.0,success,2023-01-31,2025-12-02,1038.0,,good,TRUE
0xbtc,0xBitcoin,0xb6ed7644c69416d67b522e20bc294a9a9b405b31,True,5039000.0,success,2018-06-06,2025-12-02,2655.0,,good,TRUE
0xgas,0xGasless,0x5fc111f3fa4c6b32eaf65659cfebdeed57234069,True,18683557.0,success,2023-12-19,2025-12-02,716.0,,good,TRUE
0xs,0xShadow,0x6748cde4ebabdba761e67172415d72b499d1d75b,True,22740509.0,success,2025-06-22,2025-12-02,165.0,,good,TRUE
1984,1984,0x4278a8944cf63753b13e9f726bbc1192412988d8,True,20971690.0,success,2024-11-21,2025-11-28,238.0,,good,TRUE
1art,OneArt,0xd3c325848d7c6e29b574cb0789998b2ff901f17e,True,13479325.0,success,2021-10-26,2025-12-02,1500.0,,good,TRUE
1cat,Bitcoin Cats,0x508e00d5cef397b02d260d035e5ee80775e4c821,True,18811499.0,success,2023-12-28,2025-12-02,707.0,,good,TRUE
1earth,EarthFund,0x9e04f519b094f5f8210441e285f603f4d2b50084,True,13557393.0,success,2021-11-24,2025-12-02,1471.0,,good,TRUE
1inch,1INCH,0x111111111117dc0aa78b770fa6a738034120c302,True,11511393.0,success,2020-12-25,2025-12-02,1805.0,,good,TRUE
1mil,1MillionNFTs,0xa4ef4b0b23c1fc81d3f9ecf93510e64f58a4a016,True,12296065.0,success,2021-04-25,2025-12-02,1419.0,,good,TRUE
1r0r,R0AR Token,0xb0415d55f2c87b7f99285848bd341c367feac1ea,True,21525233.0,success,2025-05-30,2025-12-03,189.0,,good,TRUE
21btc,21.co Wrapped BTC,0x3f67093dffd4f0af4f2918703c92b60acb7ad78b,True,,success,2024-05-30,2025-12-03,550.0,,good,TRUE
3crv,LP 3pool Curve,0x6c3f90f043a72fa612cbac8115ee7e52bde6e490,True,10809467.0,success,2020-10-29,2025-12-02,1862.0,,good,TRUE
4chan,4Chan,0xe0a458bf4acf353cb45e211281a334bb1d837885,True,17168904.0,success,2023-05-05,2025-12-02,944.0,,good,TRUE
4ever,4EVERLAND,0xe355de6a6043b0580ff5a26b46051a4809b12793,True,21283700.0,success,2024-12-15,2025-12-02,354.0,,good,TRUE
4token,Ignore Fud,0x8db4beaccd1698892821a9a0dc367792c0cb9940,True,17308234.0,success,2023-04-03,2025-12-02,950.0,,good,TRUE
5ire,5ire,0x3bd7d4f524d09f4e331577247a048d56e4b67a7f,True,18605931.0,success,2023-12-05,2025-12-02,730.0,,good,TRUE
69420,69420,0x69cbaf6c147086c3c234385556f8a0c6488d3420,True,18500041.0,success,2023-11-10,2025-12-01,612.0,,good,TRUE
8pay,8Pay,0x06ddb3a8bc0abc14f85e974cf1a93a6f8d4909d9,True,17899911.0,success,2021-04-05,2025-11-30,1673.0,,good,TRUE
99btc,99 Bitcoins,0xc2eb40516ecaac04ae9964934983d1e9ebdf51fd,True,19568043.0,success,2024-08-10,2025-12-02,481.0,,good,TRUE
@g,Graphite Network,0x440017a1b021006d556d7fc06a54c32e42eb745b,True,21388194.0,success,2025-02-26,2025-12-02,281.0,,good,TRUE
a1inch,Aave v3 1INCH,0x71aef7b30728b9bb371578f36c5a1f1502a5723e,True,,success,2023-11-13,2025-12-02,752.0,,bad,UNKNOWN
a2z,Arena-Z,0x08dcb9b5989fb09ef80e85567ec1f49577a70d29,True,22665178.0,success,2025-07-30,2025-12-02,127.0,,good,TRUE
a3a,3A,0x3f817b28da4940f018c6b5c0a11c555ebb1264f9,True,17692584.0,success,2023-11-24,2025-11-26,625.0,,good,TRUE
a7a5,A7A5,0x6fa0be17e4bea2fcfa22ef89bf8ac9aab0ab0fc9,True,22080045.0,success,2025-06-17,2025-12-02,170.0,,good,TRUE
a8,Ancient8,0x3e5a19c91266ad8ce2477b91585d1856b84062df,True,14722546.0,success,2024-07-17,2025-12-02,505.0,,good,TRUE
aaa,Moon Rabbit,0x8c6bf16c273636523c29db7db04396143770f6a0,True,12884233.0,success,2021-07-26,2025-11-08,1552.0,,good,TRUE
aaave,Aave AAVE,0xffc97d72e13e01096502cb8eb52dee56f74dad7b,True,,success,2021-07-22,2025-12-02,1596.0,,good,TRUE
aaave,Aave v3 AAVE,0xa700b4eb416be35b2911fd5dee80678ff64ff6c9,True,,success,2023-11-13,2025-12-02,752.0,,good,UNKNOWN
aag,AAG,0x5ba19d656b65f1684cfea4af428c23b9f3628f97,True,13735301.0,success,2021-12-15,2025-11-10,1333.0,,good,TRUE
aammbptbalweth,Aave AMM BptBALWETH,0xd109b2a304587569c84308c55465cd9ff0317bfb,True,,success,2021-07-22,2025-12-02,1596.0,,bad,UNKNOWN
aammbptwbtcweth,Aave AMM BptWBTCWETH,0x358bd0d980e031e23eba9aa793926857703783bd,True,,success,2021-07-22,2025-12-02,1596.0,,bad,UNKNOWN
aammdai,Aave AMM DAI,0x79be75ffc64dd58e66787e4eae470c8a1fd08ba4,True,,success,2021-07-21,2025-12-02,1597.0,,bad,UNKNOWN
aammuniaaveweth,Aave AMM UniAAVEWETH,0xe59d2ff6995a926a574390824a657eed36801e55,True,,success,2021-07-22,2025-12-02,1596.0,,bad,UNKNOWN
aammunibatweth,Aave AMM UniBATWETH,0xa1b0edf4460cc4d8bfaa18ed871bff15e5b57eb4,True,,success,2021-07-21,2025-12-02,1597.0,,bad,UNKNOWN
aammunicrvweth,Aave AMM UniCRVWETH,0x0ea20e7ffb006d4cfe84df2f72d8c7bd89247db0,True,,success,2021-07-21,2025-12-02,1597.0,,bad,UNKNOWN
aammunidaiusdc,Aave AMM UniDAIUSDC,0xe340b25fe32b1011616bb8ec495a4d503e322177,True,,success,2021-07-21,2025-12-02,1597.0,,bad,UNKNOWN
aammunidaiweth,Aave AMM UniDAIWETH,0x9303eabc860a743aabcc3a1629014cabcc3f8d36,True,,success,2021-07-22,2025-12-02,1596.0,,bad,UNKNOWN
aammunilinkweth,Aave AMM UniLINKWETH,0xb8db81b84d30e2387de0ff330420a4aaa6688134,True,,success,2021-07-21,2025-12-02,1597.0,,bad,UNKNOWN
aammunimkrweth,Aave AMM UniMKRWETH,0x370adc71f67f581158dc56f539df5f399128ddf9,True,,success,2021-07-21,2025-12-02,1597.0,,bad,UNKNOWN
aammunirenweth,Aave AMM UniRENWETH,0xa9e201a4e269d6cd5e9f0fcbcb78520cf815878b,True,,success,2021-07-21,2025-12-02,1597.0,,bad,UNKNOWN
aammunisnxweth,Aave AMM UniSNXWETH,0x38e491a71291cd43e8de63b7253e482622184894,True,,success,2021-07-21,2025-12-02,1597.0,,bad,UNKNOWN
aammuniuniweth,Aave AMM UniUNIWETH,0x3d26dcd840fcc8e4b2193ace8a092e4a65832f9f,True,,success,2021-07-21,2025-12-02,1597.0,,bad,UNKNOWN
aammuniusdcweth,Aave AMM UniUSDCWETH,0x391e86e2c002c70dee155eaceb88f7a3c38f5976,True,,success,2021-07-21,2025-12-02,1597.0,,bad,UNKNOWN
aammuniwbtcusdc,Aave AMM UniWBTCUSDC,0x2365a4890ed8965e564b7e2d27c38ba67fec4c6f,True,,success,2021-07-22,2025-12-02,1596.0,,bad,UNKNOWN
aammuniwbtcweth,Aave AMM UniWBTCWETH,0xc58f53a8adff2fb4eb16ed56635772075e2ee123,True,,success,2021-07-22,2025-12-02,1596.0,,bad,UNKNOWN
aammuniyfiweth,Aave AMM UniYFIWETH,0x5394794be8b6ed5572fcd6b27103f46b5f390e8f,True,,success,2021-07-22,2025-12-02,1596.0,,bad,UNKNOWN
aammusdc,Aave AMM USDC,0xd24946147829deaa935be2ad85a3291dbf109c80,True,,success,2021-07-21,2025-12-02,1597.0,,bad,UNKNOWN
aammusdt,Aave AMM USDT,0x17a79792fe6fe5c95dfe95fe3fcee3caf4fe4cb7,True,,success,2021-07-21,2025-12-02,1597.0,,bad,UNKNOWN
aammwbtc,Aave AMM WBTC,0x13b2f6928d7204328b0e8e4bcd0379aa06ea21fa,True,,success,2021-07-21,2025-12-02,1597.0,,bad,UNKNOWN
aammweth,Aave AMM WETH,0xf9fb4ad91812b704ba883b11d2b576e890a6730a,True,,success,2021-07-22,2025-12-02,1596.0,,bad,UNKNOWN
aaplon,Apple (Ondo Tokenized Stock),0x14c3abf95cb9c93a8b82c1cdcb76d72cb87b2d4c,True,,success,2025-09-02,2025-12-02,93.0,,good,TRUE
aaplx,Apple xStock,0x9d275685dc284c8eb1c79f6aba7a63dc75ec890a,True,,success,2025-06-27,2025-12-02,160.0,,good,TRUE
aave,Aave,0x7fc66500c84a76ad7e9c93437bfc5ac33e2ddae9,True,,success,2020-10-03,2025-12-02,1888.0,,good,TRUE
abal,Aave BAL,0x272f97b7a56a387ae942350bbc7df5700f8a4576,True,,success,2021-07-22,2025-12-02,1596.0,,bad,UNKNOWN
abal,Aave v3 BAL,0x2516e7b3f76294e03c42aa4c5b5b4dce9c436fb8,True,,success,2023-11-14,2025-12-02,751.0,,bad,UNKNOWN
abat,Aave BAT,0x05ec93c0365baaeabf7aeffb0972ea7ecdd39cf1,True,,success,2021-03-12,2025-12-02,1728.0,,bad,UNKNOWN
abat,Aave BAT v1,0xe1ba0fb44ccb0d11b80f92f4f8ed94ca3ff51d00,True,9241085.0,success,2020-06-25,2025-12-02,1988.0,,good,TRUE
abbvx,AbbVie xStock,0xfbf2398df672cee4afcc2a4a733222331c742a6a,True,,success,2025-07-29,2025-12-02,128.0,,good,TRUE
abds,ABDS Token,0xb56aaac80c931161548a49181c9e000a19489c44,True,18745767.0,success,2024-09-11,2025-12-02,445.0,,good,TRUE
abe,Abe,0x475b72cb2a45324329d16d4ddf14240a1f35b159,True,,success,2025-08-24,2025-12-02,102.0,,good,TRUE
abnbon,Airbnb (Ondo Tokenized Stock),0xb035c3d5083bdc80074f380aebc9fcb68aba0a28,True,,success,2025-09-02,2025-12-02,86.0,,good,TRUE
abond,ApeBond,0xe6828d65bf5023ae1851d90d8783cc821ba7eee1,True,18716222.0,success,2023-12-19,2025-12-02,716.0,,good,TRUE
abpt,Aave Balancer Pool Token,0x41a08648c3766f9f9d85598ff102a08f4ef84f84,True,,success,2021-06-30,2025-12-02,1618.0,,good,TRUE
abr,Allbridge,0xa11bd36801d8fa4448f0ac4ea7a62e3634ce8c7c,True,13164927.0,success,2021-09-30,2025-12-02,1526.0,,good,TRUE
abt,Arcblock,0xb98d4c97425d9908e66e53a6fdf673acca0be986,True,4896670.0,success,2018-03-28,2025-12-02,2808.0,,good,TRUE
abton,Abbott (Ondo Tokenized Stock),0x3859385363f7bb4dfe42811ccf3f294fcd41dd1d,True,,success,2025-09-02,2025-12-02,93.0,,good,TRUE
abtx,Abbott xStock,0x89233399708c18ac6887f90a2b4cd8ba5fedd06e,True,,success,2025-08-02,2025-12-02,124.0,,good,TRUE
abu,Abuwtiyuw,0x2800144a491136d025b8dab17b11df2aa4e700ea,True,23042650.0,success,2025-08-02,2025-12-02,110.0,,good,TRUE
abusd,Aave BUSD,0xa361718326c15715591c299427c62086f69923d9,True,,success,2021-03-12,2025-12-02,1728.0,,bad,UNKNOWN
abusd,Aave BUSD v1,0x6ee0f7bb50a54ab5253da0667b0dc2ee526c30a8,True,9747321.0,success,2020-06-25,2025-12-02,1987.0,,good,TRUE
abyss,Abyss,0x0e8d6b471e332f140e7d9dbb99e5e3822f728da6,True,5460380.0,success,2018-06-09,2025-12-03,2736.0,,good,TRUE
ac,ArtCoin,0x1250b98cbde9f99f4c42dcdacee193221f17eb50,True,18012514.0,success,2022-06-23,2025-11-27,740.0,,good,TRUE
acbeth,Aave v3 cbETH,0x977b6fc5de62598b08c85ac8cf2b745874e8b78c,True,,success,2023-11-14,2025-12-02,751.0,,bad,UNKNOWN
ace,Acent,0xec5483804e637d45cde22fa0869656b64b5ab1ab,True,11588248.0,success,2021-05-04,2025-12-02,1675.0,,good,TRUE
ach,Alchemy Pay,0xed04915c23f00a313a544955524eb7dbd823143d,True,8482162.0,success,2020-09-08,2025-12-02,1913.0,,good,TRUE
acm,acmFinance,0x1bd9abf284e893705104e64b564b414620b722f1,True,,success,2024-01-03,2025-11-26,648.0,,good,TRUE
acnon,Accenture (Ondo Tokenized Stock),0xaba9ae731aad63335c604e5f6e6a5db2e05f549d,True,,success,2025-09-02,2025-12-02,93.0,,good,TRUE
acnx,Accenture xStock,0x03183ce31b1656b72a55fa6056e287f50c35bbeb,True,,success,2025-07-31,2025-12-02,126.0,,good,TRUE
acore,ACORE AI Token,0x7849241ccff81511f26c2a86ef9d96624e948975,True,23018843.0,success,2025-08-16,2025-12-02,110.0,,good,TRUE
acp,Arena Of Faith,0x104e363ac6521e55a24ae724855362acec3febe6,True,21335225.0,success,2025-01-21,2025-12-02,317.0,,good,TRUE
acq,Acquire.Fi,0x4bdcb66b968060d9390c1d12bd29734496205581,True,15589470.0,success,2022-09-28,2025-12-02,1163.0,,good,TRUE
acred,Apollo Diversified Credit Securitize Fund,0x17418038ecf73ba4026c4f428547bf099706f27b,True,,success,2025-03-14,2025-12-02,265.0,,bad,UNKNOWN
acrv,Aave CRV,0x8dae6cb04688c62d939ed9b68d32bc62e49970b1,True,,success,2021-07-22,2025-12-02,1596.0,,bad,UNKNOWN
acrv,Aave v3 CRV,0x7b95ec873268a6bfc6427e7a28e396db9d0ebc65,True,,success,2023-11-14,2025-12-02,751.0,,bad,UNKNOWN
acx,Across Protocol,0x44108f0223a3c3028f5fe7aec7f9bb2e66bef82f,True,15790016.0,success,2022-11-28,2025-12-02,1102.0,,good,TRUE
ad,ADreward,0xe973e453977195422b48e1852a207b7ee9c913c7,True,16597985.0,success,2023-04-24,2025-12-02,854.0,,good,TRUE
adai,Aave DAI,0x028171bca77440897b824ca71d1c56cac55b68a3,True,,success,2021-03-12,2025-12-02,1728.0,,good,UNKNOWN
adai,Aave DAI v1,0xfc1e690f61efd961294b3e1ce3313fbd8aa4f85d,True,9241063.0,success,2020-03-21,2025-12-02,2084.0,,good,UNKNOWN
adai,Aave v3 DAI,0x018008bfb33d285247a21d44e50697654f754e63,True,,success,2023-11-13,2025-12-02,752.0,,good,TRUE
adapad,ADAPad,0xdb0170e2d0c1cc1b2e7a90313d9b9afa4f250289,True,,success,2021-09-09,2025-12-02,1546.0,,good,TRUE
adbeon,Adobe (Ondo Tokenized Stock),0x7042a8ffc7c7049684bfbc2fcb41b72380755a43,True,,success,2025-09-02,2025-12-02,89.0,,good,TRUE
adco,Advertise Coin,0xb6c3dc857845a713d3531cea5ac546f6767992f4,True,11817980.0,success,2021-03-11,2025-12-02,1636.0,,good,TRUE
addon,AddOn Ai,0xa579472f17b6e1b6c5ded2a785067a89ec536ce8,True,21588190.0,success,2025-01-11,2025-11-06,180.0,,good,TRUE
adex,AstraDex AI,0x5fd48ca1212a409ca1020ea43b49f7ec40010435,True,21277288.0,success,2024-12-03,2025-12-02,362.0,,good,TRUE
ado,ADO Protocol,0xf9902edfca4f49dcaebc335c73aebd82c79c2886,True,21860000.0,success,2022-09-20,2025-12-02,811.0,,good,TRUE
adp,Adappter,0xc314b0e758d5ff74f63e307a86ebfe183c95767b,True,8381389.0,success,2021-03-05,2025-12-02,1734.0,,good,TRUE
ads,Adshares,0xcfcecfe2bd2fed07a9145222e8a7ad9cf1ccd22a,True,12349193.0,success,2017-10-29,2025-12-02,2955.0,,good,TRUE
adx,AdEx,0xade00c28244d5ce17d72e40330b1c318cd12b7c3,True,10587380.0,success,2017-09-16,2025-12-02,3001.0,,good,TRUE
aeg,Aether Games,0xf0187b76be05c1fcaa24f39c0a3aab4434099c4f,True,19626808.0,success,2024-03-07,2025-12-02,637.0,,good,TRUE
aegis,Aegis Ai,0x55a8f6c6b3aa58ad6d1f26f6afeded78f32e19f4,True,18579782.0,success,2023-11-25,2025-12-02,736.0,,good,TRUE
aenj,Aave ENJ,0xac6df26a590f08dcc95d5a4705ae8abbc88509ef,True,,success,2021-03-12,2025-12-02,1728.0,,bad,UNKNOWN
aenj,Aave ENJ v1,0x712db54daa836b53ef1ecbb9c6ba3b9efb073f40,True,10471941.0,success,2020-09-15,2025-12-02,1904.0,,good,TRUE
aens,Aave v3 ENS,0x545bd6c032efdde65a377a6719def2796c8e0f2e,True,,success,2023-11-13,2025-12-02,752.0,,bad,UNKNOWN
aeon,Project AEON,0x871b7c4ec80cace3372016c30be62d8bc28bf65b,True,20958655.0,success,2025-08-14,2025-12-02,109.0,,good,TRUE
aergo,Aergo,0x91af0fbb28aba7e31403cb457106ce79397fd4e6,True,10954411.0,success,2018-12-19,2025-12-02,2542.0,,good,TRUE
aethra,Aethra AI,0xaacbc3725e0af980e8aa9df4c4441a625b387a91,True,21567408.0,success,2025-01-09,2025-12-02,324.0,,good,TRUE
aeur,Anchored Coins AEUR,0xa40640458fbc27b6eefedea1e9c9e17d4cee7a21,True,,success,2023-12-07,2025-12-02,632.0,,good,UNKNOWN
aevo,Aevo,0xb528edbef013aff855ac3c50b381f253af13b997,True,19120852.0,success,2024-03-13,2025-12-02,631.0,,good,TRUE
afi 802v2,aarna afi 802v2,0xb68e430c56ed9e548e864a68a60f9d41f993b32c,True,,success,2025-08-02,2025-12-02,124.0,,bad,UNKNOWN
afrax,Aave v3 FRAX,0xd4e245848d6e1220dbe62e155d89fa327e43cb06,True,,success,2023-11-14,2025-12-02,751.0,,bad,UNKNOWN
ag,Alpha Gardeners,0xcc8e21f599995d1c8367054841b8af5024ddf01b,True,17793062.0,success,2023-08-03,2025-11-27,640.0,,good,TRUE
aga,AGA,0x2d80f5f5328fdcb6eceb7cacf5dd8aedaec94e20,True,10480438.0,success,2020-08-20,2025-12-02,1925.0,,good,TRUE
aga,AgoraHub,0x87b46212e805a3998b7e8077e9019c90759ea88c,True,,success,2024-06-13,2025-12-02,539.0,,good,TRUE
agb,Apes Go Bananas,0xbddf903f43dc7d9801f3f0034ba306169074ef8e,True,17271025.0,success,2023-05-21,2025-11-28,868.0,,good,TRUE
age,AgentForge,0x546f0b82f332b59ef26cf93d9f2482689a692fd2,True,22918186.0,success,2025-07-16,2025-10-07,52.0,,good,TRUE
agentic,Agentic Studio,0xa0b70a1e3a5cd766907def0eae1a9cc63a0b9c1e,True,22883535.0,success,2025-07-09,2025-12-02,70.0,,good,TRUE
ageth,Kelp Gain,0xe1b4d34e8754600962cd944b535180bd758e6c2e,True,,success,2024-09-03,2025-12-02,457.0,,good,TRUE
agf,Agentify AI,0xeb1d87ffec280e7832bcb47b8756aa0d29589fa6,True,23540659.0,success,2025-10-10,2025-12-02,979.0,,good,TRUE
aggon,iShares Core US Aggregate Bond ETF (Ondo Tokenized ETF),0xff7cf16aa2ffc463b996db2f7b7cf0130336899d,True,,success,2025-09-02,2025-11-28,68.0,,good,TRUE
agi,Agently,0xb8690004604b0352b3832408ba7e02fe717e9cfd,True,21589300.0,success,2025-01-12,2025-12-02,194.0,,good,TRUE
agi,Agility,0x5f18ea482ad5cc6bc65803817c99f477043dce85,True,16980995.0,success,2023-04-12,2025-11-25,830.0,,good,TRUE
agi,Ambient AGI,0x418e9cdd368818334d2a97470f77e0ebf1b8224a,True,22518577.0,success,2025-05-21,2025-11-27,156.0,,good,TRUE
agi,Artificial General Intelligence,0xd1a6616f56221a9f27eb9476867b5bdb2b2d101d,True,20065989.0,success,2024-11-12,2025-12-02,326.0,,good,TRUE
agi,Delysium,0x7da2641000cbb407c329310c461b2cb9c70c3046,True,16774972.0,success,2023-04-11,2025-12-02,968.0,,good,TRUE
agii,AGII,0x75d86078625d1e2f612de2627d34c7bc411c18b8,True,18771104.0,success,2023-10-23,2025-12-02,773.0,,good,TRUE
agix,SingularityNET,0x5b7533812759b45c2b44c19e320ba2cd2681b542,True,12326815.0,success,2018-01-22,2025-12-03,2873.0,,good,TRUE
agla,Angola,0x1f7e5118521b550bb1a9b435727c003eb033fc51,True,15395617.0,success,2022-09-30,2025-12-02,1161.0,,good,TRUE
agld,Adventure Gold,0x32353a6c91143bfd6c7d363b546e62a9a2489a20,True,13142655.0,success,2021-09-02,2025-12-02,1554.0,,good,TRUE
agn,Agnus AI,0x550775e17ed6767621a1aed580e6eb29ede981e9,True,18942732.0,success,2024-01-09,2025-11-23,578.0,,good,TRUE
agnt,Agentory,0x1492f93d9df1d01c92d753ce55d09d9d3e5ccc9d,True,23068841.0,success,2025-08-07,2025-12-02,51.0,,good,TRUE
agrs,Agoras: Tau Net,0x738865301a9b7dd80dc3666dd48cf034ec42bdda,True,11656458.0,success,2015-08-24,2025-12-02,3520.0,,good,TRUE
ags,Collector Coin,0x667fd83e24ca1d935d36717d305d54fa0cac991c,True,12835925.0,success,2021-07-07,2025-12-02,1508.0,,good,TRUE
agsys,AGENTSYS AI,0x9ba77c059b5a59a220aa648a6bd97986fb1bf0a9,True,21564202.0,success,2025-01-08,2025-11-28,130.0,,good,TRUE
aguri,Aguri-Chan,0x8e42fe26fc1697f57076c9f2a8d1ff69cf7f6fda,True,20489588.0,success,2024-09-17,2025-12-02,441.0,,good,TRUE
agusd,Aave GUSD,0xd37ee7e4f452c6638c96536e68090de8cbcdb583,True,,success,2021-07-22,2025-12-02,1596.0,,bad,UNKNOWN
agx,AGIX,0xe2432110c32d0717e33c245fe0cfa2b26c07f47a,True,20821226.0,success,2023-09-21,2025-12-02,805.0,,good,TRUE
ai,AI PIN,0xbc544207ff1c5b2bc47a35f745010b603b97e99e,True,18810647.0,success,2024-01-03,2025-12-02,690.0,,good,TRUE
ai,Any Inu,0x2598c30330d5771ae9f983979209486ae26de875,True,,success,2024-01-02,2025-12-02,702.0,,good,TRUE
ai,Flourishing AI,0x6ab4ce36260f201e4e2391eca2fd7538f71e4131,True,16432149.0,success,2021-09-23,2025-12-02,1503.0,,good,TRUE
ai,Multiverse,0xc91b523a59acc63a64f61fc7bbfb4bfc82dd25f2,True,12557246.0,success,2021-06-15,2025-12-02,1587.0,,good,TRUE
ai.com,AI.COM,0x9d1a74967eca155782edf8e84782c74db33fc499,True,18575711.0,success,2023-11-28,2025-12-02,372.0,,good,TRUE
aiaf,AI Agent Factory,0x92d3447e956613ee066ad5b4077a8c6e66424d5d,True,22468107.0,success,2025-05-14,2025-11-28,188.0,,good,TRUE
aiat,AI Analysis Token,0x0501b9188436e35bb10f35998c40adc079003866,True,17569690.0,success,2024-01-18,2025-12-02,686.0,,good,TRUE
aicm,AICM Marketplace,0x87904be82bc1c29e94a0b99474d183b4e08a7e47,True,21332427.0,success,2024-12-05,2025-12-02,364.0,,good,TRUE
aidausdc,Gaib AI Dollar Alpha USDC,0xd5255cc08ebaf6d54ac9448822a18d8a3da29a42,True,22465042.0,success,2025-09-30,2025-11-22,1233.0,,good,TRUE
aidi,Aidi Finance,0xe3e24b4ea87935e15bbe99a24e9ace9998e4614d,True,18662868.0,success,2023-04-04,2025-11-26,726.0,,good,TRUE
aiepk,EpiK Protocol,0xac5b038058bcd0424c9c252c6487c25f032e5ddc,True,17691241.0,success,2021-05-03,2025-12-02,1672.0,,good,TRUE
aii,Artificial idiot,0x3c0bb14e8367c384885a97bac6d5cceab474ed75,True,19409013.0,success,2024-03-14,2025-11-22,506.0,,good,TRUE
aikek,Alphakek,0x8dce83eca4af45dbe618da1779f9aaca43201084,True,17941600.0,success,2024-02-22,2025-12-02,651.0,,good,TRUE
aim,AiTradeusMaximus,0x55baa11e5b004f8aeeec7f78e1070d0156c13057,True,23018559.0,success,2025-07-30,2025-12-02,117.0,,good,TRUE
aimbot,Aimbot AI,0x0c48250eb1f29491f1efbeec0261eb556f0973c7,True,17829271.0,success,2023-08-07,2025-11-20,720.0,,good,TRUE
aimr,MeromAI,0xcfd16933cb1579eee9fe6031686534e87353b148,True,19485553.0,success,2024-06-06,2025-11-30,460.0,,good,TRUE
ain,AI Network,0x3a810ff7211b40c4fa76205a14efe161615d0385,True,6785412.0,success,2020-11-24,2025-12-02,1705.0,,good,TRUE
ainti,AIntivirus,0x686c5961370db7f14f57f5a430e05deae64df504,True,22187413.0,success,2025-01-23,2025-12-02,315.0,,good,TRUE
aioz,AIOZ Network,0x626e8036deb333b408be468f951bdb42433cbf18,True,12153040.0,success,2021-04-03,2025-12-02,1706.0,,good,TRUE
aipad,AIPad,0xe55d97a97ae6a17706ee281486e98a84095d8aaf,True,,success,2023-03-01,2025-12-02,1009.0,,good,TRUE
air,AIRian,0x294b9da569c0d694870239813bbe7b5824fd2339,True,19182652.0,success,2024-07-17,2025-12-02,505.0,,good,TRUE
aisig,AISignal,0x508b27902c6c14972a10a4e413b9cfa449e9cedb,True,18760633.0,success,2023-12-16,2025-11-30,603.0,,good,TRUE
ait,AICHAIN,0x79650799e7899a802cb96c0bc33a6a8d4ce4936c,True,,success,2018-01-23,2025-12-01,2717.0,,good,TRUE
ait,AIT Protocol,0x89d584a1edb3a70b3b07963f9a3ea5399e38b136,True,18839954.0,success,2023-12-26,2025-12-02,709.0,,good,TRUE
aita,AITA,0xa9f94f19abf3089d535b1de2cc058a365ea716c7,True,21437629.0,success,2023-04-20,2025-12-02,939.0,,good,TRUE
aitax,AITaxBot,0x9f04c2bd696a6191246144ba762456a24c457520,True,19762779.0,success,2024-05-07,2025-12-02,549.0,,good,TRUE
aitv,AITV,0x04e69ff14a86e1ca9a155a8563e95887973ee175,True,,success,2025-07-01,2025-12-02,156.0,,good,TRUE
aius,Arbius,0x8afe4055ebc86bd2afb3940c0095c9aca511d852,True,19293862.0,success,2024-02-15,2025-12-02,658.0,,good,TRUE
aiva,AIVA,0x6b9a58a87a05c4fdcc87b73c52b868bc6996e8de,True,22795761.0,success,2025-07-01,2025-10-26,40.0,,good,TRUE
aix,AIX Network,0x4df60203af863de8511eedef49aa4610e6ef3426,True,22885134.0,success,2025-07-13,2025-11-20,72.0,,good,TRUE
aixbt,aixbt,0x0d37af9d8ae74f35f3a38bd2a08fcb29890ca6d2,True,22832330.0,success,2024-11-19,2025-12-02,380.0,,good,TRUE
ajna,Ajna Protocol,0x9a96ec9b57fb64fbc60b423d1f4da7691bd35079,True,15478977.0,success,2024-01-19,2025-12-02,685.0,,good,TRUE
akita,Akita Inu,0x3301ee63fb29f863f2333bd4466acb46cd8323e6,True,11762260.0,success,2021-02-27,2025-12-02,1741.0,,good,TRUE
aknc,Aave KNC,0x39c6b3e42d6a679d7d776778fe880bc9487c2eda,True,,success,2021-03-12,2025-12-02,1728.0,,bad,UNKNOWN
aknc,Aave KNC v1,0x9d91be44c06d373a8a226e1f3b146956083803eb,True,9241097.0,success,2020-06-25,2025-12-02,1987.0,,good,TRUE
aknc,Aave v3 KNC,0x5b502e3796385e1e9755d7043b9c945c3accec9c,True,,success,2023-11-13,2025-12-02,752.0,,bad,UNKNOWN
al,ArchLoot,0x046bad07658f3b6cad9a396cfcbc1243af452ec1,True,19710634.0,success,2023-02-03,2025-12-02,1035.0,,good,TRUE
alcx,Alchemix,0xdbdb4d16eda451d0503b854cf79d55697f90c8df,True,11937199.0,success,2021-02-27,2025-12-02,1741.0,,good,TRUE
ald,Aladdin DAO,0xb26c4b3ca601136daf98593feaeff9e0ca702a8d,True,12241829.0,success,2021-09-10,2025-12-02,1546.0,,good,TRUE
aldo,Aave v3 LDO,0x9a44fd41566876a39655f74971a3a6ea0a17a454,True,,success,2023-11-15,2025-12-02,750.0,,bad,UNKNOWN
alea,Alea,0x24bff4fe25b5807bad49b2c08d79bb271766e68a,True,19194282.0,success,2024-02-13,2025-11-27,654.0,,good,TRUE
aleph,Aleph Cloud,0x27702a26126e0b3702af63ee09ac4d1a084ef628,True,10939076.0,success,2020-06-20,2025-12-02,1993.0,,good,TRUE
aleth,Alchemix ETH,0x0100546f2cd4c9d97f798ffc9755e47865ff7ee6,True,12613774.0,success,2021-06-13,2025-12-02,1208.0,,good,TRUE
alex,ALEX Lab,0xa831a4e181f25d3b35949e582ff27cc44e703f37,True,19997233.0,success,2022-09-07,2025-12-02,1183.0,,good,TRUE
alf,ALF TOKEN,0x0885f91c72a8de62a5349d4c89ca31b4ef650929,True,21410652.0,success,2025-03-16,2025-12-02,263.0,,good,TRUE
algt,AlgoTrade,0xcb39637e7c03c2ac25405adb8d95035f2668b0d6,True,21251747.0,success,2024-12-01,2025-12-02,368.0,,good,TRUE
ali,Artificial Liquid Intelligence,0x6b0b3a982b4634ac68dd83a4dbf02311ce324181,True,13405500.0,success,2022-02-14,2025-12-02,1389.0,,good,TRUE
alice,My Neighbor Alice,0xac51066d7bec65dc4589368da368b212745d63e8,True,11958870.0,success,2021-03-15,2025-12-02,1725.0,,good,TRUE
alink,Aave LINK,0xa06bc25b5805d5f8d82847d191cb4af5a3e873e0,True,,success,2021-03-12,2025-12-02,1728.0,,bad,UNKNOWN
alink,Aave LINK v1,0xa64bd6c70cb9051f6a9ba1f163fdc07e0dfb5f84,True,9241091.0,success,2020-06-25,2025-12-02,1987.0,,good,TRUE
alink,Aave v3 LINK,0x5e8c8a7243651db1384c0ddfdbe39761e8e7e51a,True,,success,2023-11-13,2025-12-02,752.0,,good,UNKNOWN
allin,All In,0x9b2b931d6ab97b6a887b2c5d8529537e6fe73ebe,True,15925372.0,success,2022-12-07,2025-11-26,1063.0,,good,TRUE
allo,Allora,0x8408d45b61f5823298f19a09b53b7339c0280489,True,,success,2025-11-11,2025-12-02,516.0,,good,TRUE
aln,Aluna,0x8185bc4757572da2a610f887561c32298f1a5748,True,,success,2021-03-15,2025-11-29,1612.0,,good,TRUE
alpa,Alpaca City,0x7ca4408137eb639570f8e647d9bd7b7e8717514a,True,11122695.0,success,2020-11-09,2025-12-02,1851.0,,good,TRUE
alph,Alephium,0x590f820444fa3638e022776752c5eef34e2f89a6,True,,success,2022-01-20,2025-12-02,1414.0,,good,TRUE
alpha,Stella,0xa1faa113cbe53436df28ff0aee54275c13b40975,True,10943736.0,success,2020-10-10,2025-12-02,1881.0,,good,TRUE
alpha,Alpha Shards,0x38f9bb135ea88033f4377b9ea0fb5cfb773fec2f,True,17516136.0,success,2023-09-29,2025-12-02,482.0,,good,TRUE
alt,AltLayer,0x8457ca5040ad67fdebbcc8edce889a335bc0fbfb,True,18940164.0,success,2024-01-26,2025-12-02,678.0,,good,TRUE
altd,Altitude,0x8929e9dbd2785e3ba16175e596cdd61520fee0d1,True,17641085.0,success,2023-08-30,2025-11-22,604.0,,good,TRUE
alusd,Aave v3 LUSD,0x3fe6a295459fae07df8a0cecc36f37160fe86aa9,True,,success,2023-11-14,2025-12-02,751.0,,bad,UNKNOWN
alusd,Alchemix USD,0xbc6da0fe9ad5f3b0d58160288917aa56653660e9,True,11937214.0,success,2021-03-19,2025-12-02,1710.0,,good,TRUE
alva,Alvara Protocol,0x8e729198d1c59b82bd6bba579310c40d740a11c2,True,,success,2024-03-05,2025-12-02,639.0,,good,TRUE
amana,Aave MANA,0xa685a61171bb30d4072b338c80cb7b2c865c873e,True,,success,2021-03-12,2025-12-02,1728.0,,bad,UNKNOWN
amana,Aave MANA v1,0x6fce4a401b6b80ace52baaefe4421bd188e76f6f,True,9241110.0,success,2020-06-25,2025-12-02,1986.0,,good,TRUE
amb,Ascendia (ex AirDAO),0xf4fb9bf10e489ea3edb03e094939341399587b0c,True,19663358.0,success,2017-10-28,2025-12-02,2957.0,,good,TRUE
ambrx,Amber xStock,0x2f9a35ab5ddfbc49927bfdeab98a86c53dc6e763,True,,success,2025-07-06,2025-12-02,151.0,,good,TRUE
amc,AMC,0x426a688ee72811773eb64f5717a32981b56f10c1,True,20092096.0,success,2024-06-20,2025-12-02,531.0,,good,TRUE
amc.d,Dinari AMC,0x800ee7b69dce0f6649bb0c879b468a665b1a44ce,True,,success,2024-10-03,2025-10-09,282.0,,bad,UNKNOWN
amdon,AMD (Ondo Tokenized Stock),0x0c1f3412a44ff99e40bf14e06e5ea321ae7b3938,True,,success,2025-09-02,2025-12-02,93.0,,good,TRUE
america,America1776,0x1776b223ff636d0d76adf2290821f176421dd889,True,19763656.0,success,2024-06-11,2025-12-02,468.0,,good,TRUE
america,America Party,0xb03eef386a61b5b462051636001485fffdd3d843,True,22865092.0,success,2025-07-09,2025-12-02,144.0,,good,TRUE
america,America Party,0xe6f2e92dfb7ac55a13b2056fc0b37dbc9fcee733,True,22648444.0,success,2025-07-10,2025-12-02,142.0,,good,TRUE
amino,Amino,0x4dfd742c6e5e28f11bcbcf6c5e51a965d15ea315,True,21584121.0,success,2025-01-15,2025-12-02,323.0,,good,TRUE
amkr,Aave MKR,0xc713e5e149d5d0715dcd1c156a020976e7e56b88,True,,success,2021-03-12,2025-12-02,1728.0,,bad,UNKNOWN
amkr,Aave MKR v1,0x7deb5e830be29f91e298ba5ff1356bb7f8146998,True,9241106.0,success,2020-06-25,2025-12-02,1986.0,,good,TRUE
amkr,Aave v3 MKR,0x8a458a9dc9048e005d22849f470891b840296619,True,,success,2023-11-13,2025-12-02,752.0,,bad,UNKNOWN
amkt,Alongside Crypto Market Index,0xf17a3fe536f8f7847f1385ec1bc967b2ca9cae8d,True,,success,2023-01-13,2025-12-02,1056.0,,good,TRUE
amon,AmonD,0x00059ae69c1622a7542edc15e8d17b060fe307b6,True,7081051.0,success,2019-07-17,2025-12-02,2117.0,,good,TRUE
amp,Amp,0xff20817765cb7f73d4bde2e66e067e58d11095c2,True,10635417.0,success,2020-09-09,2025-12-02,1912.0,,good,TRUE
amped,Amped Finance,0x761adda96819c4b31640679cd784594766f2681f,True,22845631.0,success,2025-07-25,2025-12-02,132.0,,good,TRUE
ampl,Ampleforth,0xd46ba6d942050d489dbd938a2c909a5d5039a161,True,,success,2019-06-29,2025-12-16,2364.0,,good,TRUE
amu,Amulet Protocol,0x174c47d6a4e548ed2b7d369dc0ffb2e60a6ac0f8,True,,success,2024-01-23,2025-12-02,661.0,,good,TRUE
amznon,Amazon (Ondo Tokenized Stock),0xbb8774fb97436d23d74c1b882e8e9a69322cfd31,True,,success,2025-09-02,2025-12-02,93.0,,good,TRUE
amznx,Amazon xStock,0x3557ba345b01efa20a1bddc61f573bfd87195081,True,,success,2025-07-04,2025-12-02,153.0,,good,TRUE
anarchy,Anarchy,0x53fd2342b43ecd24aef1535bc3797f509616ce8c,True,15115808.0,success,2022-07-27,2025-11-21,894.0,,good,TRUE
anb,Angryb,0x2c9aceb63181cd08a093d052ec041e191f229692,True,12838982.0,success,2021-07-23,2025-12-02,1459.0,,good,TRUE
andwu,Chinese Andy,0x2e2e7a1f05946ecb2b43b99e3fc2984fa7d7e3bc,True,20078395.0,success,2024-07-10,2025-12-02,512.0,,good,TRUE
andy,aNDY,0xc4058f6a829ddd684e1b7589b33312827f0a47bb,True,17102705.0,success,2024-06-11,2025-11-19,375.0,,good,TRUE
andy,Andy on ETH,0x748509433ef209c4d11ada51347d5724a5da0ca5,True,17682239.0,success,2024-04-25,2025-12-02,577.0,,good,TRUE
andy,ANDY ETH,0x68bbed6a47194eff1cf514b50ea91895597fc91e,True,19394353.0,success,2024-03-11,2025-12-02,633.0,,good,TRUE
andyman,Andyman,0x68aaa0d94ea163b9bbf659dc3766defb4c0ac7be,True,20227153.0,success,2024-10-22,2025-12-02,407.0,,good,TRUE
angl,ANGL TOKEN,0x61c8e619ae7c8cbefbcceb9fb718135afb5d0d93,True,,success,2025-06-19,2025-12-02,168.0,,good,TRUE
angle,ANGLE,0x31429d1856ad1377a8a0079410b297e1a9e214c2,True,13472962.0,success,2021-11-04,2025-12-02,1491.0,,good,TRUE
ani,Anime,0x75cb71325a44fb102a742626b723054acb7e1394,True,,success,2021-01-28,2025-12-02,1771.0,,good,TRUE
anime,Animecoin,0x4dc26fc5854e7648a064a4abd590bbe71724c277,True,21617124.0,success,2025-01-23,2025-12-02,315.0,,good,TRUE
anju,Anju,0xd588099529386028455ab8d91dc82552e9e5aaf0,True,22327288.0,success,2025-05-03,2025-12-02,210.0,,good,TRUE
ankr,Ankr Network,0x8290333cef9e6d528dd5618fb97a76f268f3edd4,True,7246755.0,success,2019-03-07,2025-12-02,2464.0,,good,TRUE
ankreth,Ankr Staked ETH,0xe95a203b1a91a908f9b9ce46459d101078c2c3cb,True,,success,2020-12-17,2025-12-02,1813.0,,good,TRUE
ankrmatic,Ankr Staked MATIC,0x26dcfbfa8bc267b250432c01c982eaf81cc5480c,True,,success,2022-06-08,2025-11-30,1173.0,,good,TRUE
anml,Animal Concerts,0x38b0e3a59183814957d83df2a97492aed1f003e2,True,13989110.0,success,2022-03-29,2025-12-02,1346.0,,good,TRUE
anoa,ANOA,0x44a8701fb5c8c22b90d839363e6c2b2c1a58a525,True,22146031.0,success,2025-10-02,2025-12-02,1481.0,,good,TRUE
anon,Anonium,0x2c5ee6c29e933daf4def84a1b67e8a2f7daa5799,True,22830676.0,success,2025-07-05,2025-11-17,67.0,,good,TRUE
anon,Hey Anon,0x79bbf4508b1391af3a0f4b30bb5fc4aa9ab0e07c,True,21401659.0,success,2024-12-27,2025-12-02,342.0,,good,TRUE
ant,Aragon,0xa117000000f279d81a1d3cc75430faa017fa5a2e,True,11060110.0,success,2017-06-14,2025-11-28,3081.0,,good,TRUE
anva,AlphaNova,0x209a78d23f825950a5df4d6d21288e5212b44f2c,True,18906050.0,success,2024-02-14,2025-11-21,558.0,,good,TRUE
anvl,Anvil,0xaeeaa594e7dc112d67b8547fe9767a02c15b5597,True,23493198.0,success,2024-10-18,2025-12-02,404.0,,good,TRUE
any,Anyswap,0xf99d58e463a2e07e5692127302c20a191861b4d6,True,11267788.0,success,2020-08-26,2025-12-02,1926.0,,good,TRUE
anyone,ANyONe Protocol,0xfeac2eae96899709a43e252b6b92971d32f9c0f9,True,20142574.0,success,2023-04-05,2025-12-02,974.0,,good,TRUE
ap,America Party,0xe60e9bd04ccc0a394f1fdf29874e35a773cb07f4,True,22648446.0,success,2025-07-07,2025-12-02,150.0,,good,TRUE
apad,AlphPad,0x5aa7b9be58d4001a7065718641ce7b121b41ef9b,True,,success,2024-08-28,2025-12-02,458.0,,good,TRUE
ape,Ape,0xa0385e7283c83e2871e9af49eec0966088421ddd,True,20137315.0,success,2024-06-24,2025-12-02,399.0,,good,TRUE
aped,Aped,0xe0151763455a8a021e64880c238ba1cff3787ff0,True,17076077.0,success,2023-04-20,2025-12-02,959.0,,good,TRUE
apeman,Ape Man,0xabab3b0db38f2303acbcab672905e41a18e396d8,True,21499463.0,success,2025-01-14,2025-12-02,314.0,,good,TRUE
apes,ApeScreener,0x09675e24ca1eb06023451ac8088eca1040f47585,True,20077075.0,success,2024-06-23,2025-12-02,527.0,,good,TRUE
apestr,ApeStrategy,0x9ebf91b8d6ff68aa05545301a3d0984eaee54a03,True,23398558.0,success,2025-09-22,2025-12-02,1704.0,,good,TRUE
apex,APEX,0x52a8845df664d76c69d2eea607cd793565af42b8,True,14287880.0,success,2022-04-27,2025-12-02,1317.0,,good,TRUE
apfc,APF coin,0x8ed955a2b7d2c3a17a9d05daca95e01818f8c11e,True,14578039.0,success,2023-07-17,2025-12-02,871.0,,good,TRUE
api3,Api3,0x0b38210ea11411557c13457d4da7dc6ea731b88a,True,11203771.0,success,2020-11-30,2025-12-02,1830.0,,good,TRUE
apis,aiAPIS,0x1078a104e8ae6a339db8e6c018b9a095423d47f7,True,22682980.0,success,2025-07-07,2025-11-18,79.0,,good,TRUE
apm,apM Coin,0xc8c424b91d8ce0137bab4b832b7f7d154156ba6c,True,7571149.0,success,2019-12-05,2025-12-02,2191.0,,good,TRUE
apoon,Apollo Global Management (Ondo Tokenized Stock),0x4d21affd27183b07335935f81a5c26b6a5a15355,True,,success,2025-09-02,2025-12-02,76.0,,good,TRUE
app,RWAX,0xc5d27f27f08d1fd1e3ebbaa50b3442e6c0d50439,True,18320128.0,success,2024-01-13,2025-12-02,691.0,,good,TRUE
appon,AppLovin (Ondo Tokenized Stock),0xd5c5b2883735fa9b658dd52e2fcc8d7c0f1a42ce,True,,success,2025-09-02,2025-12-02,87.0,,good,TRUE
appx,AppLovin xStock,0x50a1291f69d9d3853def8209cfb1af0b46927be1,True,,success,2025-11-19,2025-12-02,218.0,,good,TRUE
apr,aPriori,0x5a9610919f5e81183823a2be4bd1beb2b4da2a20,True,,success,2025-10-23,2025-12-02,972.0,,good,TRUE
aptr,Aperture Finance,0xbeef01060047522408756e0000a90ce195a70000,True,19613603.0,success,2024-06-01,2025-12-02,551.0,,good,TRUE
apu,Apu Apustaja,0x594daad7d77592a2b97b725a7ad59d7e188b5bfa,True,19368487.0,success,2024-03-13,2025-12-02,631.0,,good,TRUE
apuff,Airpuff,0x2be056e595110b30ddd5eaf674bdac54615307d9,True,19524777.0,success,2024-04-12,2025-12-02,600.0,,good,TRUE
apugurl,Apu Gurl,0x069f01cdd1e32d7bab5fc81527df191835136c9d,True,19984056.0,success,2024-06-05,2025-12-02,522.0,,good,TRUE
apw,Spectra [OLD],0x4104b135dbc9609fc1a9490e61369036497660c8,True,,success,2021-05-19,2025-12-02,1660.0,,good,TRUE
apx,AstroPepeX,0xed4e879087ebd0e8a77d66870012b5e0dffd0fa4,True,18172865.0,success,2023-09-21,2025-12-02,805.0,,good,TRUE
apy,APY.Finance,0x95a4492f028aa1fd432ea71146b433e7b4446611,True,,success,2020-11-05,2025-12-02,1724.0,,good,TRUE
apys,APYSwap,0xf7413489c474ca4399eee604716c72879eea3615,True,11947052.0,success,2021-03-02,2025-12-02,1738.0,,good,TRUE
aqt,Alpha Quark,0x2a9bdcff37ab68b95a53435adfd8892e86084f93,True,10922443.0,success,2020-10-20,2025-12-02,1871.0,,good,TRUE
arai,Aave RAI,0xc9bc48c72154ef3e5425641a3c747242112a46af,True,,success,2021-07-22,2025-12-02,1596.0,,bad,UNKNOWN
arai,Arbion AI,0xed61d3e74e0dcd2d73dbd46ebb1bb19ba93bc482,True,22530798.0,success,2025-05-23,2025-11-24,122.0,,good,TRUE
arb,Arbitrum,0xb50721bcf8d664c30412cfbc6cf7a15145234ad1,True,,success,2023-03-23,2025-12-02,987.0,,good,TRUE
arc,ARC,0x672fdba7055bddfa8fd6bd45b1455ce5eb97f499,True,,success,2022-03-11,2025-12-02,1364.0,,good,TRUE
arc,Arcade,0x2903bd7db50f300b0884f7a15904baffc77f3ec7,True,19527866.0,success,2024-04-15,2025-12-02,594.0,,good,TRUE
arca,Legend of Arcadia,0x1c00c3e03c3a10a0c1d9b6d1a42e797d7cb4147a,True,20117072.0,success,2024-11-04,2025-12-02,395.0,,good,TRUE
arca,ArcheriumAi,0xbf358f7023d6fd0d11ac284eb47b877c1af635aa,True,21465790.0,success,2024-12-24,2025-11-17,192.0,,good,TRUE
arcas,Arcas,0x570f09ac53b96929e3868f71864e36ff6b1b67d7,True,19878133.0,success,2021-07-29,2025-12-02,1578.0,,good,TRUE
arcd,Arcade,0xe020b01b6fbd83066aa2e8ee0ccd1eb8d9cc70bf,True,18420348.0,success,2024-04-16,2025-11-30,454.0,,good,TRUE
arch,Archimedes Finance,0x73c69d24ad28e2d43d03cbf35f79fe26ebde1011,True,16544535.0,success,2023-02-20,2025-12-02,760.0,,good,TRUE
archive,Chainback,0xc7f950271d118a5bdf250dffc39128dcced8472c,True,16291515.0,success,2023-05-30,2025-11-28,841.0,,good,TRUE
arcona,Arcona,0x0f71b8de197a1c84d31de0f1fa7926c365f052b3,True,5420326.0,success,2019-02-26,2025-12-02,2273.0,,good,TRUE
arcos,ArcadiaOS,0x7e4c9923fd8f18442532a737365c1bfb52579d2f,True,22566536.0,success,2025-05-26,2025-12-02,189.0,,good,TRUE
aren,Aave REN,0xcc12abe4ff81c9378d670de1b57f8e0dd228d77a,True,,success,2021-03-12,2025-12-02,1728.0,,bad,UNKNOWN
aren,Aave REN v1,0x69948cc03f478b95283f7dbf1ce764d0fc7ec54c,True,10472062.0,success,2020-09-15,2025-12-02,1906.0,,good,TRUE
ares,Ares Protocol,0x358aa737e033f34df7c54306960a38d09aabd523,True,11344677.0,success,2021-05-02,2025-11-26,1566.0,,good,TRUE
areth,Aave v3 rETH,0xcc9ee9483f662091a1de4795249e24ac0ac2630f,True,,success,2023-11-13,2025-12-02,752.0,,bad,UNKNOWN
argo,ArGoApp,0x28cca76f6e8ec81e4550ecd761f899110b060e97,True,12413088.0,success,2021-05-14,2025-11-30,1302.0,,good,TRUE
aria20,Arianee,0xedf6568618a00c6f0908bf7758a16f76b6e04af9,True,7771798.0,success,2021-01-08,2025-12-02,1786.0,,good,TRUE
arix,Arix,0xbb6cf73a00f480d0951ba979a7606857cdde626b,True,16534920.0,success,2020-12-27,2025-12-02,1762.0,,good,TRUE
arkm,Arkham,0x6e2a43be0b1d33b726f0ca3b8de60b3482b8b050,True,,success,2023-07-18,2025-12-02,870.0,,good,TRUE
arky,Arky,0x9727eaf447203be268e5d471b6503bf47a71ea72,True,19787126.0,success,2024-05-04,2025-12-02,493.0,,good,TRUE
arm-weth-eeth,eETH ARM LP Token,0xfb0a3cf9b019bfd8827443d131b235b3e0fc58d2,True,,success,2025-11-04,2025-12-02,692.0,,bad,UNKNOWN
arm-weth-steth,stETH ARM LP Token,0x85b78aca6deae198fbf201c82daf6ca21942acc6,True,,success,2025-09-23,2025-12-03,1690.0,,bad,UNKNOWN
armon,Arm Holdings plc (Ondo Tokenized Stock),0x5bf1b2a808598c0ef4af1673a5457d86fe6d7b3d,True,,success,2025-09-02,2025-12-02,89.0,,good,TRUE
armor,ARMOR,0x1337def16f9b486faed0293eb623dc8395dfe46a,True,11707709.0,success,2021-01-23,2025-12-02,1707.0,,good,TRUE
army,Army,0x294d44386c9ff8c38659511297a2e08d829f9336,True,19460177.0,success,2024-11-23,2025-11-15,203.0,,good,TRUE
arnc,Arnoya classic,0x7495e5cc8f27e0bd5bd4cb86d17f0d841ca58ee4,True,15444828.0,success,2022-11-13,2025-12-02,579.0,,good,TRUE
arnx,Aeron,0x0c37bcf456bc661c14d596683325623076d7e283,True,,success,2017-11-10,2025-12-01,2839.0,,good,TRUE
aros,Aros,0xda891afeb0c9ff9377a05cd91d8eac1dd8331cfd,True,22721175.0,success,2025-06-17,2025-11-21,125.0,,good,TRUE
arpa,ARPA,0xba50933c268f567bdc86e1ac131be072c6b0b71a,True,7615623.0,success,2019-05-29,2025-12-02,2381.0,,good,TRUE
arpl,Aave v3 RPL,0xb76cf92076adbf1d9c39294fa8e7a67579fde357,True,,success,2023-11-13,2025-12-02,752.0,,bad,UNKNOWN
arqx,ARQx AI,0x5e432eecd01c12ee7071ee9219c2477a347da192,True,,success,2024-05-13,2025-12-02,517.0,,good,TRUE
artem,Artem,0x9b83f827928abdf18cf1f7e67053572b9bceff3a,True,13894207.0,success,2022-01-11,2025-12-02,1423.0,,good,TRUE
arth,ARTH,0x8cc0f052fff7ead7f2edcccac895502e884a8a71,True,14593515.0,success,2021-07-05,2025-12-01,1213.0,,good,TRUE
arusd,Aladdin rUSD,0x07d1718ff05a8c53c8f05adaed57c0d672945f9a,True,,success,2024-07-03,2025-12-02,519.0,,bad,UNKNOWN
arx,ARCS,0x7d8daff6d70cead12c6f077048552cf89130a2b1,True,11129552.0,success,2019-12-05,2025-12-02,2191.0,,good,TRUE
asd,AscendEx,0xff742d05420b6aca4481f635ad8341f81a6300c2,True,12438961.0,success,2018-11-12,2025-12-02,2579.0,,good,TRUE
asdai,Aave v3 sDAI,0x4c612e3b15b96ff9a6faed838f8d07d479a8dd4c,True,,success,2023-11-14,2025-12-02,751.0,,bad,UNKNOWN
asf,Asymmetry Finance,0x59a529070fbb61e6d6c91f952ccb7f35c34cf8aa,True,21018699.0,success,2024-11-15,2025-12-02,384.0,,good,TRUE
asg,Nekoverse: City of Greed Anima Spirit Gem,0xb533687ef77459093368c43e95f8df1c2b5a1f7a,True,18464865.0,success,2023-11-02,2025-11-24,599.0,,good,TRUE
ash,ASH,0x64d91f12ece7362f91a6f8e7940cd55f05060b92,True,12447728.0,success,2021-06-03,2025-12-02,1645.0,,good,TRUE
asi,AltSignals,0x5d942f9872863645bcb181aba66c7d9646a91378,True,16549468.0,success,2024-03-05,2025-12-02,629.0,,good,TRUE
asia,Asia Coin,0xf519381791c03dd7666c142d4e49fd94d3536011,True,12277384.0,success,2021-09-25,2025-12-02,1531.0,,good,TRUE
ask,GoAsk,0xa1d095cdb959822b91343daa84fd737be858a4d7,True,22775963.0,success,2025-06-12,2025-11-14,108.0,,good,TRUE
asm,Assemble AI,0x2565ae0385659badcada1031db704442e1b69982,True,10036908.0,success,2020-06-10,2025-12-02,2003.0,,good,TRUE
asmlon,ASML Holding NV (Ondo Tokenized Stock),0xe51ba774ebf6392c45bf1d9e6b334d07992460d3,True,,success,2025-09-02,2025-12-02,92.0,,good,TRUE
asnx,Aave SNX,0x35f6b052c598d933d69a4eec4d04c73a191fe6c2,True,,success,2021-03-12,2025-12-02,1728.0,,bad,UNKNOWN
asnx,Aave SNX v1,0x328c4c80bc7aca0834db37e6600a6c49e12da4de,True,9241118.0,success,2020-06-25,2025-12-02,1987.0,,good,TRUE
asnx,Aave v3 SNX,0xc7b4c17861357b8abb91f25581e7263e08dcb59c,True,,success,2023-11-14,2025-12-02,751.0,,bad,UNKNOWN
assino,Cappuccino Assassino,0xa13cd21c032d9360b5df9fe311a59d26c28c08a7,True,23150489.0,success,2025-08-18,2025-11-25,63.0,,good,TRUE
ast,AirSwap,0x27054b13b1b798b345b591a4d22e6562d47ea75a,True,4352086.0,success,2017-10-22,2025-12-02,2965.0,,good,TRUE
asteroid,Asteroid Shiba,0xf280b16ef293d8e534e370794ef26bf312694126,True,20719570.0,success,2024-09-24,2025-12-02,410.0,,good,TRUE
asteth,Aave Interest Bearing STETH,0x1982b2f5814301d4e9a8b0201555376e62f82428,True,,success,2022-03-07,2025-12-02,1368.0,,good,TRUE
astg,Aave v3 STG,0x1ba9843bd4327c6c77011406de5fa8749f7e3479,True,,success,2023-11-14,2025-12-02,751.0,,bad,UNKNOWN
asto,Altered State Machine,0x823556202e86763853b40e9cde725f412e294689,True,14305000.0,success,2022-04-07,2025-12-02,1337.0,,good,TRUE
astr,Astar,0xf27441230eadeac85b764610325cc9a0d7859689,True,21936080.0,success,2022-01-17,2025-12-02,1417.0,,good,TRUE
astra,AstraAI,0x0aa8a7d1fb4c64b3b1dcea9a7ade81c59c25b95b,True,18463508.0,success,2023-11-24,2025-12-02,741.0,,good,TRUE
astra,Astra Protocol,0x201332bd45c8628d814f870bfb584b385a7c351e,True,16393000.0,success,2023-01-17,2025-12-02,1052.0,,good,TRUE
astx,Asterix,0x0000000000ca73a6df4c58b84c5b4b847fe8ff39,True,19214012.0,success,2024-02-15,2025-12-02,650.0,,good,TRUE
asusd,Aave SUSD,0x6c5024cd4f8a59110119c56f8933403a539555eb,True,,success,2021-03-12,2025-12-02,1728.0,,good,TRUE
asusd,Aave SUSD v1,0x625ae63000f46200499120b906716420bd059240,True,9241077.0,success,2020-06-25,2025-12-02,1987.0,,good,TRUE
at,Apro,0x0581ccdf2d9bca21baeff8b32b2551fd49cf70aa,True,,success,2025-10-24,2025-12-02,950.0,,good,TRUE
ata,Automata,0xa2120b9e674d3fc3875f415a7df52e382f141225,True,12538085.0,success,2021-06-07,2025-12-02,1641.0,,good,TRUE
atai,ArtemisAI,0x781d201db8c837ea2aefea7394554071da45ff0f,True,21735496.0,success,2024-01-10,2025-12-02,672.0,,good,TRUE
atd,A2DAO,0x8052327f1baf94a9dc8b26b9100f211ee3774f54,True,12089528.0,success,2021-03-24,2025-12-02,1715.0,,good,TRUE
atf,Antfarm Token,0x518b63da813d46556fea041a88b52e3caa8c16a8,True,16420892.0,success,2023-04-10,2025-12-02,796.0,,good,TRUE
ath,Aethir,0xbe0ed4138121ecfc5c0e56b40517da27e6c5226b,True,20023984.0,success,2024-06-12,2025-12-02,540.0,,good,TRUE
ath,AthenaDAO,0xa4ffdf3208f46898ce063e25c1c43056fa754739,True,17977841.0,success,2023-12-02,2025-12-02,717.0,,good,TRUE
atn,Athene Network,0x1a91b61e884ddd93a0aa83cd6908a4bc07e6f3eb,True,21894138.0,success,2025-02-26,2025-12-02,281.0,,good,TRUE
atos,Atoshi,0x4d0528598f916fd1d8dc80e5f54a8feedcfd4b18,True,5524406.0,success,2025-04-25,2025-12-02,223.0,,good,TRUE
atri,Atari,0xdacd69347de42babfaecd09dc88958378780fb62,True,10401438.0,success,2020-11-02,2025-12-02,1844.0,,good,TRUE
att,Alpha Technologies Token,0x246249a33cf9dd3d1ba3c6758adb80f2b36af98f,True,23730335.0,success,2025-11-19,2025-12-02,303.0,,good,TRUE
att,Attila,0x89fb927240750c1b15d4743cd58440fc5f14a11c,True,9893791.0,success,2020-05-20,2025-12-02,2024.0,,good,TRUE
atusd,Aave TUSD,0x101cc05f4a51c0319f570d5e146a8c625198e636,True,,success,2021-03-12,2025-12-02,1728.0,,bad,UNKNOWN
atusd,Aave TUSD v1,0x4da9b813057d04baef4e5800e36083717b4a0341,True,9241068.0,success,2020-06-25,2025-12-02,1988.0,,good,UNKNOWN
atv111,aarna atv111,0x72ec8447074dc0bfbedfb516cc250b525f3a4aba,True,,success,2025-07-28,2025-12-02,129.0,,bad,UNKNOWN
atv808,aarna atv 808,0x60697825812ecc1fff07f41e2d3f5cf314674fa6,True,,success,2025-08-02,2025-12-02,124.0,,bad,UNKNOWN
atvusdc,aarna atv USDC (Ethereum),0xf30f62963cce132f32306d7f18a8587958b30ea9,True,23173645.0,success,2025-08-03,2025-12-02,123.0,,bad,UNKNOWN
auc,Advanced United Continent,0x87a92428bbc876d463c21c8e51b903f127d9a9f4,True,11796039.0,success,2022-03-16,2025-12-02,1039.0,,good,TRUE
auc,Auctus,0xc12d099be31567add4e4e4d0d45691c3f58f5663,True,5326783.0,success,2018-04-27,2025-12-02,2742.0,,good,TRUE
auction,Bounce,0xa9b1eb5908cfc3cdf91f9b8b3a74108598009096,True,11748840.0,success,2021-02-06,2025-12-02,1762.0,,good,TRUE
audai,AuditAI,0x57d3757a8c3a6612b75480158d77ed853081471f,True,22723405.0,success,2025-01-02,2025-12-02,242.0,,good,TRUE
audd,Australian Digital Dollar,0x4cce605ed955295432958d8951d0b176c10720d5,True,,success,2023-11-30,2025-12-02,735.0,,good,TRUE
audio,Audius,0x18aaa7115705e8be94bffebde57af9bfc265b998,True,,success,2020-10-23,2025-12-02,1868.0,,good,TRUE
audt,Auditchain,0xb90cb79b72eb10c39cbdf86e50b1c89f6a235f2e,True,,success,2019-07-24,2025-12-02,1193.0,,good,TRUE
auni,Aave UNI,0xb9d7cb55f463405cdfbe4e90a6d2df01c2b92bf1,True,,success,2021-07-22,2025-12-02,1596.0,,bad,UNKNOWN
auni,Aave v3 UNI,0xf6d2224916ddfbbab6e6bd0d1b7034f4ae0cab18,True,,success,2023-11-14,2025-12-02,751.0,,bad,UNKNOWN
aur,Aurix,0x6e98e5401adcb0d76f4debfc3d794b3031f48790,True,9461800.0,success,2021-03-15,2025-12-02,1724.0,,good,TRUE
aura,Aura AI,0x5d19d39852bf99bc4344483cbce3c9ff8f026b43,True,21422605.0,success,2024-12-19,2025-12-01,238.0,,good,TRUE
aura,Aura Finance,0xc0c293ce456ff0ed870add98a0828dd4d2903dbf,True,14932168.0,success,2022-06-15,2025-12-02,1268.0,,good,TRUE
aura,Auralex AI,0x01d3077eeb27f55d82079297f2896dadfbde470b,True,22525735.0,success,2025-05-23,2025-11-28,75.0,,good,TRUE
aurabal,Aura BAL,0x616e8bfa43f920657b3497dbf40d6b1a02d4608d,True,14932194.0,success,2022-10-30,2025-12-02,1131.0,,good,TRUE
aurk,Aurk AI,0xe5db5128935e3a8a8eaeabe4577fac2b353ae9fa,True,21389496.0,success,2024-12-15,2025-12-02,354.0,,good,TRUE
aurora,Aurora,0xaaaaaa20d9e0e2461697782ef11675f668207961,True,13371307.0,success,2021-11-18,2025-12-02,1477.0,,good,TRUE
ausd,AUSD,0x00000000efe302beaa2b3e6e1b18d08d69a9012a,True,,success,2024-08-04,2025-12-02,481.0,,good,TRUE
ausdc,Aave v2 USDC,0xbcca60bb61934080951369a648fb03df4f96263c,True,,success,2021-03-12,2025-12-02,1728.0,,good,TRUE
ausdc,Aave v1 USDC,0x9ba00d6856a4edf4665bca2c2309936572473b7e,True,9241071.0,success,2020-06-26,2025-12-02,1986.0,,good,UNKNOWN
ausdc,Aave v3 USDC,0x98c23e9d8f34fefb1b7bd6a91b7ff122f4e16f5c,True,,success,2023-11-13,2025-12-02,752.0,,good,UNKNOWN
ausdt,Aave USDT,0x3ed3b47dd13ec9a98b44e6204a523e766b225811,True,,success,2021-03-12,2025-12-02,1728.0,,good,UNKNOWN
ausdt,Aave USDT v1,0x71fc860f7d3a592a4a98740e39db31d25db65ae8,True,9241076.0,success,2020-06-26,2025-12-02,1986.0,,good,TRUE
ausdt,Aave v3 USDT,0x23878914efe38d27c4d67ab83ed1b93a74d4086a,True,,success,2023-11-13,2025-12-02,752.0,,good,UNKNOWN
ausdt,Alloy Tether,0x9eead9ce15383caeed975427340b3a369410cfbf,True,,success,2024-06-20,2025-12-02,469.0,,good,TRUE
autos,CryptoAutos,0xf477ac7719e2e659001455cdda0cc8f3ad10b604,True,21342881.0,success,2024-12-11,2025-12-02,358.0,,good,TRUE
autumn,Autumn,0x4c3bae16c79c30eeb1004fb03c878d89695e3a99,True,13165176.0,success,2022-04-30,2025-12-02,1273.0,,good,TRUE
ava,AVA (Travala),0xa6c0c097741d55ecd9a3a7def3a8253fd022ceb9,True,17795958.0,success,2018-05-31,2025-12-02,2744.0,,good,TRUE
avail,Avail,0xeeb4d8400aeefafc1b2953e0094134a887c76bd8,True,20272317.0,success,2024-07-23,2025-12-02,499.0,,good,TRUE
avatly,Avatly,0x5fa3418d828e5cd3c61a66e0fc7fa4a35dadf960,True,18726379.0,success,2023-12-23,2025-12-02,388.0,,good,TRUE
avax,Avalanche (Wormhole),0x85f138bfee4ef8e540890cfb48f620571d67eda3,True,,success,2022-02-28,2025-12-02,1310.0,,good,UNKNOWN
avg,Avocado DAO,0xa41f142b6eb2b164f8164cae0716892ce02f311f,True,13813822.0,success,2021-12-31,2025-12-01,1428.0,,good,TRUE
avgoon,Broadcom (Ondo Tokenized Stock),0x0d54d4279b9e8c54cd8547c2c75a8ee81a0bcae8,True,,success,2025-09-02,2025-12-02,93.0,,good,TRUE
avgox,Broadcom xStock,0x38bac69cbbd28156796e4163b2b6dcb81e336565,True,,success,2025-08-01,2025-12-02,125.0,,good,TRUE
avi,Aviator,0xd2bdaaf2b9cc6981fd273dcb7c04023bfbe0a7fe,True,17687145.0,success,2023-07-20,2025-12-02,868.0,,good,TRUE
avinoc,AVINOC,0xf1ca9cb74685755965c7458528a36934df52a3ef,True,5791206.0,success,2018-08-10,2025-12-02,2017.0,,good,TRUE
avl,Avalon,0x5c8d0c48810fd37a0a824d074ee290e64f7a8fa2,True,,success,2025-02-12,2025-12-02,295.0,,good,TRUE
avm,Agent Virtual Machine,0xf5f52266a57e6d7312da39bd7ab9527b9e975c40,True,22667638.0,success,2025-06-11,2025-12-02,176.0,,good,TRUE
avrk,Avarik Saga,0x607f451f850cb612a07b37b6315be23f55165610,True,21084116.0,success,2024-11-21,2025-12-02,376.0,,good,TRUE
avt,Aventus,0x0d88ed6e74bbfd96b831231638b66c05571e824f,True,4235140.0,success,2017-10-18,2025-12-02,2969.0,,good,TRUE
awbtc,Aave v3 WBTC,0x5ee5bf7ae06d1be5997a1a72006fe6c607ec6de8,True,,success,2023-11-13,2025-12-02,752.0,,good,UNKNOWN
awbtc,Aave WBTC,0x9ff58f4ffb29fa2266ab25e75e2a8b3503311656,True,,success,2021-03-12,2025-12-02,1728.0,,good,TRUE
awbtc,Aave WBTC v1,0xfc4b8ed459e00e5400be803a9bb3954234fd50e3,True,9241225.0,success,2020-06-26,2025-12-02,1986.0,,good,TRUE
aweth,Aave v3 WETH,0x4d5f47fa6a74757f35c14fd3a6ef8e3c9bc514e8,True,,success,2023-11-13,2025-12-02,752.0,,good,UNKNOWN
aweth,Aave WETH,0x030ba81f1c18d280636f32af80b9aad02cf0854e,True,,success,2021-07-22,2025-12-02,1596.0,,good,UNKNOWN
awsteth,Aave v3 wstETH,0x0b925ed163218f6662a35e0f0371ac234f9e9371,True,,success,2023-11-14,2025-12-02,751.0,,good,UNKNOWN
awx,AwesomeX,0xa99afcc6aa4530d01dfff8e55ec66e4c424c048c,True,20937418.0,success,2024-10-12,2025-12-02,383.0,,good,TRUE
ax,Axoria,0x784f4004cffdf43d13e490f81bcbd762b60d0e21,True,21765533.0,success,2025-03-06,2025-12-01,205.0,,good,TRUE
axcnh,AxCNH,0x2925ac3be7d585874b88ea51ed50add376ad8239,True,,success,2025-11-11,2025-12-16,844.0,,good,TRUE
axgt,AxonDAO Governance Token,0xdd66781d0e9a08d4fbb5ec7bac80b691be27f21d,True,18398973.0,success,2024-02-16,2025-12-02,657.0,,good,TRUE
axl,Axelar,0x467719ad09025fcc6cf6f8311755809d45a5e5f3,True,15435518.0,success,2022-09-27,2025-12-02,1164.0,,good,TRUE
axl,AXL INU,0x25b24b3c47918b7962b3e49c4f468367f73cc0e0,True,13634968.0,success,2022-01-03,2025-12-02,1431.0,,good,TRUE
axpon,American Express (Ondo Tokenized Stock),0x2bc7ff0c5da9f1a4a51f96e77c5b0f7165dc06d2,True,,success,2025-09-02,2025-12-02,74.0,,good,TRUE
axs,Axie Infinity,0xbb0e17ef65f82ab018d8edd776e8dd940327b28b,True,12314534.0,success,2020-11-04,2025-12-02,1856.0,,good,TRUE
axsushi,Aave XSUSHI,0xf256cc7847e919fac9b808cc216cac87ccf2f47a,True,,success,2021-07-22,2025-12-02,1596.0,,bad,UNKNOWN
axyc,AxyCoin,0x66730c91e5c3132811b1dcad8becabbdec644394,True,23004147.0,success,2025-10-26,2025-12-02,899.0,,good,TRUE
ayfi,Aave YFI,0x5165d24277cd063f5ac44efd447b27025e888f37,True,,success,2021-07-22,2025-12-02,1596.0,,bad,UNKNOWN
ayin,Ayin,0x320aebbdca1397f2e3c7f1e482e104a7d9ec97e4,True,,success,2023-10-05,2025-11-07,739.0,,good,TRUE
azgnit,azGNIT-LPF-B,0x87c1d38f82edb10123ed73e39d3053097bee8bf6,True,23157662.0,success,2025-09-15,2025-10-21,73.0,,good,TRUE
aznx,AstraZeneca xStock,0x5d642505fe1a28897eb3baba665f454755d8daa2,True,,success,2025-07-30,2025-12-02,127.0,,good,TRUE
azrx,Aave ZRX,0xdf7ff54aacacbff42dfe29dd6144a69b629f8c9e,True,,success,2021-03-12,2025-12-02,1728.0,,bad,UNKNOWN
azrx,Aave ZRX v1,0x6fb0855c404e09c47c3fbca25f08d4e41f9f062f,True,9241114.0,success,2020-06-25,2025-12-02,1985.0,,good,TRUE
azuki,Azuki,0x910524678c0b1b23ffb9285a81f99c29c11cbaed,True,11216238.0,success,2020-11-11,2025-12-02,1803.0,,good,TRUE
azum,Azuma Coin,0xd26a9c3437f7d121098c8c05c7413f5cc70bb070,True,8520557.0,success,2020-01-29,2025-12-02,1206.0,,good,TRUE
azur,Azuro Protocol,0x9e6be44cc1236eef7e1f197418592d363bedcd5a,True,20061378.0,success,2024-06-19,2025-12-02,533.0,,good,TRUE
b-80bal-20weth,Balancer 80 BAL 20 WETH,0x5c6ee304399dbdb9c8ef030ab642b10820db8f56,True,12369384.0,success,2022-11-30,2025-12-02,1099.0,,good,TRUE
b-baoeth-eth-bpt,baoETH-ETH StablePool,0x1a44e35d5451e0b78621a1b3e7a53dfaa306b1d0,True,17050988.0,success,2023-08-17,2025-11-29,583.0,,good,FALSE
b20,B20,0xc4de189abf94c57f396bd4c52ab13b954febefd8,True,11652121.0,success,2021-01-30,2025-12-02,1612.0,,good,TRUE
b2m,Bit2Me,0xd7c302fc3ac829c7e896a32c4bd126f3e8bd0a1f,True,13230239.0,success,2021-11-04,2025-12-02,1490.0,,good,TRUE
baas,BaaSid,0x5d929aa919e489505ccaad8a199619c6dca0c2de,True,11042679.0,success,2018-08-16,2025-12-02,2667.0,,good,TRUE
babaon,Alibaba (Ondo Tokenized Stock),0x41765f0fcddc276309195166c7a62ae522fa09ef,True,,success,2025-09-02,2025-12-02,93.0,,good,TRUE
baby,Dancing Baby,0xff931a7946d2fa11cf9123ef0dc6f6c7c6cb60c4,True,18460198.0,success,2023-11-02,2025-12-01,616.0,,good,TRUE
babydog,Babydog,0xa4b855f6713d1a04a2331149db995476dc3e694b,True,22467377.0,success,2025-05-21,2025-12-02,190.0,,good,TRUE
babydoge,Baby Doge Coin,0xac57de9c1a09fec648e93eb98875b212db0d460b,True,13570063.0,success,2021-06-09,2025-12-02,1639.0,,good,TRUE
babyeth,Baby Ethereum,0x4ff23cf2804e777c233890119b881cab7fd60652,True,23127909.0,success,2025-08-17,2025-12-02,109.0,,good,TRUE
babygirl,Babygirl,0xbf2a696bb51505d513591eb1b7495760adcfdf5e,True,23645484.0,success,2025-10-24,2025-11-12,405.0,,good,TRUE
babymanyu,BabyManyu,0x632f25855c7f98af1c036724fd3dc93d6571932f,True,22895646.0,success,2025-10-03,2025-12-02,1452.0,,good,TRUE
babymarvin,BabyMarvin Inu,0xa163af4ab79cd705e5b16941b8619a79805bf9c7,True,20941032.0,success,2024-10-29,2025-11-10,181.0,,good,TRUE
babyneiro,Baby Neiro,0x303c89f3a4a58872d8b6a3e64c14fdd9ec669c99,True,20988596.0,success,2024-10-21,2025-12-02,407.0,,good,TRUE
babyneiro,Baby Neiro Token,0xbabe3ce7835665464228df00b03246115c30730a,True,20419955.0,success,2024-10-09,2025-12-02,407.0,,good,TRUE
babypepe,BabyPepe,0x5c559f3ee9a81da83e069c0093471cb05d84052a,True,17064604.0,success,2023-04-19,2025-12-02,958.0,,good,TRUE
babypepe,Baby Pepe,0x69babe9811cc86dcfc3b8f9a14de6470dd18eda4,True,19936084.0,success,2024-06-13,2025-12-02,539.0,,good,TRUE
babypepe,Baby Pepe,0x69cd13d248830602a60b1f20ab11f5049385877d,True,17959300.0,success,2023-08-24,2025-12-01,551.0,,good,TRUE
babyshib,Baby Shiba Inu,0x00000000051b48047be6dc0ada6de5c3de86a588,True,17929770.0,success,2023-08-21,2025-12-01,835.0,,good,TRUE
babytrump,BABYTRUMP,0x354c8cda7e3b737d360513a0dc5abcee8ee1cea3,True,,success,2024-02-08,2025-12-02,662.0,,good,TRUE
babywlfi,Baby World Liberty Financial,0xf92927eca847da7fc2b1b47d0c09a101dee6cdaf,True,23168437.0,success,2025-08-25,2025-12-02,101.0,,good,TRUE
babyx,Baby X,0xabd601423a2cd5723cb546acc5c40fb01c3422cf,True,18367270.0,success,2023-10-27,2025-11-15,547.0,,good,TRUE
bac,Basis Cash,0x3449fc1cd036255ba1eb19d65ff4ba2b8903a69a,True,11355386.0,success,2020-11-30,2025-12-02,1830.0,,good,TRUE
bacon,BaconDAO,0x34f797e7190c131cf630524655a618b5bd8738e7,True,12678816.0,success,2021-08-31,2025-12-02,1556.0,,good,TRUE
bacx,Bank of America xStock,0x314938c596f5ce31c3f75307d2979338c346d7f2,True,,success,2025-11-20,2025-12-02,193.0,,good,TRUE
bad,Bad Idea AI,0x32b86b99441480a7e5bd3a26c124ec2373e3f015,True,17197271.0,success,2023-07-03,2025-12-02,885.0,,good,TRUE
badcat,Andy Alter Ego,0xe4042c7c1bf740b8ddb2ab43df6d9ed766b2513e,True,19605718.0,success,2024-06-04,2025-12-02,530.0,,good,TRUE
badger,Badger,0x3472a5a71965499acd81997a54bba8d852c6e53d,True,11348423.0,success,2020-12-04,2025-12-02,1826.0,,good,TRUE
bag,Bag,0x808688c820ab080a6ff1019f03e5ec227d9b522b,True,19098877.0,success,2024-03-01,2025-12-02,643.0,,good,TRUE
bag,tehBag,0x235c8ee913d93c68d2902a8e0b5a643755705726,True,16375447.0,success,2023-02-05,2025-11-28,965.0,,good,TRUE
bai,Balance AI,0x8ccd897ca6160ed76755383b201c1948394328c7,True,18518492.0,success,2024-01-22,2025-12-02,682.0,,good,TRUE
bai,Buyai,0x90cb6c43b84a403dc1dea498a4620116677de9b1,True,22718305.0,success,2025-06-27,2025-11-03,54.0,,good,TRUE
baked,Baked,0xa4cb0dce4849bdcad2d553e9e68644cf40e26cce,True,12592746.0,success,2021-10-26,2025-12-02,1500.0,,good,TRUE
bal,Balancer,0xba100000625a3754423978a60c9317c58a424e3d,True,10299683.0,success,2020-06-23,2025-12-02,1990.0,,good,TRUE
ball,Game 5 BALL,0x393bf304dd474f48210f5ce741f19a2a851703ca,True,,success,2024-08-05,2025-12-02,486.0,,good,TRUE
balls,Big Balls,0x9ea59db651a3c79a8d52a394a49da8e9a214d6ae,True,21792027.0,success,2025-02-09,2025-12-02,235.0,,good,TRUE
balpha,bAlpha,0x7a5ce6abd131ea6b148a022cb76fc180ae3315a6,True,11970426.0,success,2021-03-07,2025-11-28,1656.0,,good,TRUE
balto,BALTO,0xc77336fdd91e22c737b0f5ec33f4c429caa1d13b,True,21166952.0,success,2024-11-21,2025-12-02,378.0,,good,TRUE
bam,Bambi,0x9db0fb0aebe6a925b7838d16e3993a3976a64aab,True,17211760.0,success,2023-05-31,2025-12-02,861.0,,good,TRUE
bamboo,Bamboo DeFi,0xf56842af3b56fd72d17cb103f92d027bba912e89,True,11134853.0,success,2021-02-04,2025-12-02,1764.0,,good,TRUE
banana,ApeSwap,0x92df60c51c710a1b1c20e42d85e221f3a1bfc7f2,True,14627539.0,success,2021-04-19,2025-12-02,1690.0,,good,TRUE
banana,Banana,0x94e496474f1725f1c1824cb5bdb92d7691a4f03a,True,14296345.0,success,2021-08-04,2025-12-02,1581.0,,good,TRUE
banana,Banana Gun,0x38e68a37e401f7271568cecaac63c6b1e19130b4,True,18135851.0,success,2023-09-15,2025-12-02,811.0,,good,TRUE
band,Band,0xba11d00c5f74255f56a5e366f4f77f5a186d7f55,True,8514296.0,success,2019-09-19,2025-12-02,2268.0,,good,TRUE
bank,Bankless DAO,0x2d94aa3e47d9d5024503ca8491fce9a2fb4da198,True,12365456.0,success,2021-05-04,2025-12-02,1669.0,,good,TRUE
bank,Float Protocol,0x24a6a37576377f63f194caa5f518a60f45b42921,True,,success,2021-02-27,2025-11-29,1731.0,,good,TRUE
bbtc,Binance Wrapped BTC,0x9be89d2a4cd102d8fecc6bf9da793be995c22541,True,,success,2021-04-19,2025-12-16,1701.0,,good,TRUE
bao,Bao Finance,0x374cb8c27130e2c9e04f44303f3c8351b9de61c1,True,11368530.0,success,2021-01-03,2025-12-02,1732.0,,good,TRUE
bao,Bao Finance V2,0xce391315b414d4c7555956120461d21808a69f3a,True,16007438.0,success,2022-11-23,2025-12-02,1031.0,,good,TRUE
baon,Boeing (Ondo Tokenized Stock),0x57270d35a840bc5c094da6fbeca033fb71ea6ab0,True,,success,2025-09-02,2025-12-02,76.0,,good,TRUE
bar,Gold Standard,0x777be1c6075c20184c4fd76344b7b0b7c858fe6b,True,20372932.0,success,2024-07-26,2025-12-02,496.0,,good,TRUE
bard,Lombard,0xf0db65d17e30a966c2ae6a21f6bba71cea6e9754,True,23183679.0,success,2025-09-18,2025-12-02,1814.0,,good,TRUE
barron,Mini Donald,0x1f70300bce8c2302780bd0a153ebb75b8ca7efcb,True,20274271.0,success,2024-07-12,2025-12-02,510.0,,good,TRUE
bars,Banksters,0x5189688ac92a1eba1710bcba94ab25c695a4dfa2,True,19961966.0,success,2024-06-04,2025-12-02,513.0,,good,TRUE
bars,Silver Standard,0x777b6d4730a8a890dc64bf202514ce03ab001c02,True,20400338.0,success,2024-07-30,2025-12-03,458.0,,good,TRUE
base,Base Protocol,0x07150e919b4de5fd6a63de1f9384828396f25fdc,True,,success,2020-12-01,2025-12-02,1829.0,,good,TRUE
base,Maximus BASE,0xe9f84d418b008888a992ff8c6d22389c2c3504e0,True,15476328.0,success,2022-10-08,2025-12-02,1152.0,,good,TRUE
basedai,BasedAI,0x44971abf0251958492fee97da3e5c5ada88b9185,True,17435978.0,success,2024-04-01,2025-12-02,612.0,,good,TRUE
bat,Basic Attention,0x0d8775f648430679a709e98d2b0cb6250d2887ef,True,3788558.0,success,2017-06-08,2025-12-02,3101.0,,good,TRUE
bax,BABB,0xf920e4f3fbef5b3ad0a25017514b769bdc4ac135,True,14760550.0,success,2018-03-24,2025-12-02,2812.0,,good,TRUE
bazed,Bazed Games,0x3ee4b152824b657644c7a9b50694787e80eb8f4a,True,17815264.0,success,2023-08-04,2025-12-02,853.0,,good,TRUE
bb,BookieBot,0x562e12e1e792643d168c1fa01c1b7198a0f83c9f,True,18001431.0,success,2023-09-04,2025-12-02,810.0,,good,TRUE
bb,BounceBit,0xd459eceddafcc1d876a3be7290a2e16e801073a3,True,21434941.0,success,2024-05-13,2025-12-02,570.0,,good,TRUE
bbadger,Badger Sett Badger,0x19d97d8fa813ee2f51ad4b4e04ea08baf4dffc28,True,,success,2021-03-24,2025-12-02,1698.0,,good,TRUE
bbank,blockbank,0xf4b5470523ccd314c6b9da041076e7d79e0df267,True,12316289.0,success,2021-04-29,2025-11-22,1623.0,,good,TRUE
bbbtc,Big Back Bitcoin,0x52c7aa73dc430dab948eee73ea253383fd223420,True,21815205.0,success,2025-05-18,2025-12-02,197.0,,good,TRUE
bbl,BlockBlend,0x0a44a7ccea34a7563ba1d45a5f757d0b02281124,True,17364257.0,success,2023-06-08,2025-11-26,763.0,,good,TRUE
bc,Blood Crystal,0x4b6d036d0bc62a633acca6d10956e9dbbb16748f,True,19219193.0,success,2024-03-08,2025-12-02,636.0,,good,TRUE
bc,Old Bitcoin,0xe03b2642a5111ad0efc0cbce766498c2dd562ae9,True,16293027.0,success,2023-01-27,2025-11-28,808.0,,good,TRUE
bc3m,Backed GOVIES 0-6 months EURO,0x2f123cf3f37ce3328cc9b5b8415f9ec5109b45e7,True,,success,2023-09-27,2025-12-02,799.0,,bad,UNKNOWN
bcat,BananaCat,0x0590cc9232ebf68d81f6707a119898219342ecb9,True,18407780.0,success,2023-10-28,2025-12-02,768.0,,good,TRUE
bcb,Blockchain Bets,0x2d886570a0da04885bfd6eb48ed8b8ff01a0eb7e,True,16213475.0,success,2023-01-11,2025-12-02,1058.0,,good,TRUE
bcdt,EvidenZ,0xacfa209fb73bf3dd5bbfb1101b9bc999c49062a5,True,4763049.0,success,2018-09-30,2025-12-02,2393.0,,good,TRUE
bcmc,Blockchain Monster Hunt,0x2ba8349123de45e931a8c8264c332e6e9cf593f9,True,,success,2021-10-14,2025-12-02,1507.0,,good,TRUE
bcnt,Bincentive,0x9669890e48f330acd88b78d63e1a6b3482652cd9,True,6524057.0,success,2019-10-08,2025-12-02,2235.0,,good,TRUE
bcoin,Backed Coinbase Global,0xbbcb0356bb9e6b3faa5cbf9e5f36185d53403ac9,True,,success,2023-10-30,2025-12-02,766.0,,good,TRUE
bcsbgc3,Backed Swiss Domestic Government Bond 0-3,0xd8b95b1987741849ca7e71e976aeb535fd2e55a2,True,,success,2024-07-12,2025-12-02,510.0,,bad,UNKNOWN
bcspx,Backed CSPX Core S&P 500,0x1e2c4fb7ede391d116e6b41cd0608260e8801d59,True,,success,2023-09-27,2025-12-02,799.0,,good,TRUE
bcube,B-cube.ai,0x93c9175e26f57d2888c7df8b470c9eea5c0b0a93,True,11928120.0,success,2021-06-01,2025-12-02,1635.0,,good,TRUE
bcug,Blockchain Cuties Universe Governance,0x14da7b27b2e0fedefe0a664118b0c9bc68e2e9af,True,12039764.0,success,2021-03-17,2025-11-28,1600.0,,good,TRUE
bcut,bitsCrunch Token,0xbef26bd568e421d6708cca55ad6e35f8bfa0c406,True,,success,2024-02-20,2025-12-02,653.0,,good,TRUE
bd20,BRC-20 DEX,0x312d43881860807fa04b193d69744d087fc3308a,True,19064011.0,success,2024-04-23,2025-12-02,584.0,,good,TRUE
bdp,Big Data Protocol,0xf3dcbc6d72a4e1892f7917b7c43b74131df8480e,True,11970417.0,success,2021-03-07,2025-12-02,1733.0,,good,TRUE
bdx,Baby DragonX,0x9f278dc799bbc61ecb8e5fb8035cbfa29803623b,True,19325324.0,success,2024-10-13,2025-12-02,417.0,,good,TRUE
bdxn,Bondex,0xbdbdbdd0c22888e63cb9098ad6d68439197cb091,True,,success,2025-06-03,2025-12-02,184.0,,good,TRUE
beam,BEAM,0xe5acbb03d73267c03349c76ead672ee4d941f499,True,18190063.0,success,2019-01-05,2025-12-02,2525.0,,good,TRUE
beam,Beam,0x62d0a8458ed7719fdaf978fe5929c6d342b0bfce,True,18363515.0,success,2023-10-26,2025-12-02,770.0,,good,TRUE
bean,Bean Coin,0x6958c870a6d9a7a7cca58fede8acfdf1280c12d5,True,23033014.0,success,2025-08-11,2025-12-02,112.0,,good,TRUE
beardy,Bearded Dragon,0x32c6f1c1731ff8f98ee2ede8954f696446307846,True,19007057.0,success,2024-01-26,2025-12-02,615.0,,good,TRUE
beast,BEAST SELLER,0x255494b830bd4fe7220b3ec4842cba75600b6c80,True,22480644.0,success,2025-07-31,2025-12-02,126.0,,good,TRUE
beat,Beat Matchmaker,0xc7290af237d1d3f6b207b7acb3dd186b868da500,True,21333737.0,success,2025-06-11,2025-12-02,164.0,,good,TRUE
beatai,eBeat AI,0x1a4e7febd24b6689704b10685857d8b30885f05e,True,21485410.0,success,2024-12-28,2025-12-02,341.0,,good,TRUE
bebe,BEBE,0xec21890967a8ceb3e55a3f79dac4e90673ba3c2e,True,17793069.0,success,2024-01-31,2025-12-02,673.0,,good,TRUE
becoin,bePAY Finance,0x8f081eb884fd47b79536d28e2dd9d4886773f783,True,13496689.0,success,2021-12-07,2025-12-02,1235.0,,good,TRUE
bed,Bankless BED Index,0x2af1df3ab0ab157e1e2ad8f88a7d04fbea0c7dc6,True,12819557.0,success,2021-07-21,2025-12-02,1494.0,,good,TRUE
beef,PepeBull,0xbeef698bd78139829e540622d5863e723e8715f1,True,20127526.0,success,2024-06-20,2025-12-02,531.0,,good,TRUE
beep,BEEP Coin,0x9a0df129e798438a8ad995368bd82baa7eee8913,True,17329193.0,success,2023-05-26,2025-11-21,689.0,,good,TRUE
befi,BeFi Labs,0x8b9b95292f890df47fff5ac9cbe93d5fc242bd51,True,19432886.0,success,2024-03-25,2025-12-02,619.0,,good,TRUE
beg,Beg,0xbe6be64e9e5042b6e84e4c27956cce6353efa5f5,True,18510336.0,success,2023-11-08,2025-12-02,632.0,,good,TRUE
bel,Bella Protocol,0xa91ac63d040deb1b7a5e4d4134ad23eb0ba07e14,True,10656945.0,success,2020-09-15,2025-12-02,1906.0,,good,TRUE
bend,BendDAO,0x0d02755a5700414b26ff040e1de35d337df56218,True,,success,2022-04-04,2025-12-02,1340.0,,good,TRUE
benji,Franklin Templeton BENJI,0x3ddc84940ab509c11b20b76b466933f40b750dc9,True,,success,2025-06-23,2025-12-02,164.0,,bad,UNKNOWN
bent,Bent Finance,0x01597e397605bf280674bf292623460b4204c375,True,13644752.0,success,2021-12-07,2025-12-02,1173.0,,good,TRUE
bepe,Baby Pepe Token,0xdbcd57cc74b180f928258f7b1a32f6f7e64bf12e,True,19873873.0,success,2024-05-23,2025-11-22,416.0,,good,TRUE
bepro,Bepro,0xcf3c8be2e2c42331da80ef210e9b1b307c03d36a,True,10950415.0,success,2019-12-19,2025-12-02,2177.0,,good,TRUE
berastone,StakeStone Berachain Vault Token,0x97ad75064b20fb2b2447fed4fa953bf7f007a706,True,21458172.0,success,2025-01-18,2025-12-03,321.0,,good,TRUE
berna,Backed ERNA $ Bond,0x0f76d32cdccdcbd602a55af23eaf58fd1ee17245,True,,success,2024-06-06,2025-12-02,546.0,,bad,UNKNOWN
berry,Rentberry,0x6aeb95f06cda84ca345c2de0f3b7f96923a44f4c,True,5223501.0,success,2018-04-08,2025-12-01,2519.0,,good,TRUE
berry,Strawberry AI,0xcb76314c2540199f4b844d4ebbc7998c604880ca,True,20518452.0,success,2024-08-15,2025-12-03,477.0,,good,TRUE
berry,Strawberry In Bloom,0x962c8a85f500519266269f77dffba4cea0b46da1,True,22457488.0,success,2025-05-11,2025-12-03,208.0,,good,TRUE
best,BEST,0xba83b5ed3f12bfa44f066f03ee0433419b74f469,True,21063604.0,success,2025-11-28,2025-12-02,106.0,,good,TRUE
best,Bitpanda Ecosystem,0x1b073382e63411e3bcffe90ac1b9a43fefa1ec6f,True,8251810.0,success,2019-10-04,2025-12-02,2174.0,,good,TRUE
beta,Beta Finance,0xbe1a001fe942f96eea22ba08783140b9dcc09d28,True,13126078.0,success,2021-10-08,2025-12-02,1518.0,,good,TRUE
bets,BetSwirl,0x94025780a1ab58868d9b2dbbb775f44b32e8e6e5,True,17778345.0,success,2022-07-29,2025-12-02,1219.0,,good,TRUE
bezoge,Bezoge Earth,0xdc349913d53b446485e98b76800b6254f43df695,True,12432350.0,success,2021-05-19,2025-12-02,1589.0,,good,TRUE
bfc,Bifrost,0x0c7d5ae016f806603cb1782bea29ac69471cab9c,True,10152914.0,success,2020-12-21,2025-12-02,1809.0,,good,TRUE
bft,BnkToTheFuture,0x01ff50f8b7f74e4f00580d9596cd3d0d6d6e326f,True,5038263.0,success,2018-04-10,2025-12-01,2744.0,,good,TRUE
bftoken,BOSS FIGHTERS Token,0x9b784f7fd6c888463666eb2c05aa6e61628e06b2,True,22194352.0,success,2025-05-07,2025-11-21,200.0,,good,TRUE
bgb,Bitget Token,0x54d2252757e1672eead234d27b1270728ff90581,True,20166853.0,success,2020-06-10,2025-12-02,1569.0,,good,TRUE
bgme,Backed GameStop Corp,0x7212088a11b4d8f6fc90fbb3dfe793b45dd72323,True,,success,2024-07-29,2025-12-02,493.0,,bad,UNKNOWN
bgoogl,Backed Alphabet Class A,0xebee37aaf2905b7bda7e3b928043862e982e8f32,True,,success,2024-07-26,2025-12-02,496.0,,bad,UNKNOWN
bhigh,Backed HIGH € High Yield Corp Bond,0x20c64dee8fda5269a78f2d5bdba861ca1d83df7a,True,,success,2023-09-27,2025-12-02,799.0,,bad,UNKNOWN
biao,Biaocoin,0x00282fd551d03dc033256c4bf119532e8c735d8a,True,17337422.0,success,2023-05-31,2025-12-02,860.0,,good,TRUE
biao,Biaoqing,0x9fd9278f04f01c6a39a9d1c1cd79f7782c6ade08,True,20049650.0,success,2024-06-12,2025-12-02,540.0,,good,TRUE
bib01,Backed IB01 $ Treasury Bond 0-1yr,0xca30c93b02514f86d5c86a6e375e3a330b435fb5,True,,success,2023-11-03,2025-12-02,672.0,,good,TRUE
bibta,Backed IBTA $ Treasury Bond 1-3yr,0x52d134c6db5889fad3542a09eaf7aa90c0fdf9e4,True,,success,2023-09-27,2025-12-02,799.0,,bad,UNKNOWN
bico,Biconomy,0xf17e65822b568b3903685a7c9f496cf7656cc6c2,True,,success,2021-12-01,2025-12-02,1464.0,,good,TRUE
bid,Bidao,0x25e1474170c4c0aa64fa98123bdc8db49d7802fa,True,10924015.0,success,2020-09-25,2025-12-02,1892.0,,good,TRUE
biden,Biden Coin,0x9e59a081320ddb046d74a106335ca6b84eadc067,True,22353422.0,success,2025-07-04,2025-12-02,124.0,,good,TRUE
biduon,Baidu (Ondo Tokenized Stock),0x9d4c6ad12b55e4645b585209f90cc26614061e91,True,,success,2025-09-02,2025-12-02,90.0,,good,TRUE
bifi,Beefy,0xb1f1ee126e9c96231cc3d3fad7c08b4cf873b1f1,True,17986421.0,success,2020-10-08,2025-12-02,1872.0,,good,TRUE
bifi,BiFi,0x2791bfd60d232150bff86b39b7146c0eaaa2ba81,True,11588809.0,success,2021-01-15,2025-12-02,1784.0,,good,TRUE
big,Big Eyes,0xc8de43bfe33ff496fa14c270d9cb29bda196b9b5,True,15409935.0,success,2023-06-26,2025-12-02,848.0,,good,TRUE
biggie,Biggie,0x95ae252633e9ea03bdfe67874b349b41163464ce,True,22848270.0,success,2025-07-16,2025-12-02,141.0,,good,TRUE
bigsb,BigShortBets,0x131157c6760f78f7ddf877c0019eba175ba4b6f6,True,13178316.0,success,2021-09-08,2025-12-02,1491.0,,good,TRUE
bigtime,Big Time,0x64bc2ca1be492be7185faa2c8835d9b824c8a194,True,18145068.0,success,2023-10-11,2025-12-02,785.0,,good,TRUE
bio,Bionergy,0xdaedbc924dbbccef96c25bb84806e794a4ff3140,True,21394264.0,success,2024-12-15,2025-11-26,191.0,,good,TRUE
bio,Bio Protocol,0xcb1592591996765ec0efc1f92599a19767ee5ffa,True,19890759.0,success,2025-01-03,2025-12-02,335.0,,good,TRUE
biohack,BiohackerDAO,0x07c8b9deae988726fd443ea8c3c1367f98a31f9c,True,21621157.0,success,2025-01-16,2025-12-02,183.0,,good,TRUE
biot,Bio Passport,0xc07a150ecadf2cc352f5586396e344a6b17625eb,True,11053626.0,success,2021-03-08,2025-12-02,1731.0,,good,TRUE
bips,Moneybrain BiPS,0x5cb888182fbffdb62c08fb4b5a343914f00fdfee,True,6537184.0,success,2021-05-16,2025-12-02,1430.0,,good,TRUE
birbstr,BirbStrategy,0x6bcba7cd81a5f12c10ca1bf9b36761cc382658e8,True,23398559.0,success,2025-09-22,2025-12-02,1709.0,,good,TRUE
bird,Bird.Money,0x70401dfd142a16dc7031c56e862fc88cb9537ce0,True,11068967.0,success,2020-12-01,2025-12-02,1828.0,,good,TRUE
birddog,Birddog,0x70fd93fb088150e203d2243b9bd3190276f80c70,True,19711696.0,success,2024-05-05,2025-12-02,574.0,,good,TRUE
birddog,Bird Dog,0xf6ce4be313ead51511215f1874c898239a331e37,True,19401681.0,success,2024-04-03,2025-12-02,610.0,,good,TRUE
birdei,Birdei,0x70bb8bcfafcf60446d5071d4427da8e99f0168aa,True,20211655.0,success,2025-06-07,2025-12-02,174.0,,good,TRUE
bis,Bismuth,0xf5cb350b40726b5bcf170d12e162b6193b291b41,True,12272394.0,success,2017-11-08,2025-12-02,2789.0,,good,TRUE
bist,Bistroo,0x6e8908cfa881c9f6f2c64d3436e7b80b1bf0093f,True,11868732.0,success,2021-05-19,2025-12-02,1660.0,,good,TRUE
bit,BitDAO,0x1a4b46696b2bb4794eb3d4c26f1c55f9170fa4c5,True,12605732.0,success,2021-08-16,2025-12-02,1571.0,,good,TRUE
bitbedr,BITBEDR,0xb8176a66c0d0a84cfd4e403c89cf3416b1e798ad,True,12379876.0,success,2024-04-28,2025-11-19,545.0,,good,TRUE
bitcoin,HarryPotterObamaSonic10Inu (ETH),0x72e4f9f808c49a2a61de9c5896298920dc4eeea9,True,17228251.0,success,2023-05-15,2025-12-02,934.0,,good,TRUE
bitcoin bob,BOB,0x0f6558ee1d6a1f8d0771b1109823443be22a33d0,True,23315775.0,success,2025-09-10,2025-12-02,1921.0,,good,TRUE
bite,Bitecoin,0x9ab778f84b2397c7015f7e83d12eee47d4c26694,True,22916234.0,success,2025-07-17,2025-12-02,94.0,,good,TRUE
bito,BITO Coin,0x93b1e78a3e652cd2e71c4a767595b77282344932,True,5667840.0,success,2019-02-21,2025-12-02,2458.0,,good,TRUE
bitt,BITT,0x9f9913853f749b3fe6d6d4e16a1cc3c1656b6d51,True,11298138.0,success,2021-01-27,2025-11-19,1402.0,,good,TRUE
bjc,BJustCoin,0xbf5ce69a0e7a078675741723f770ae820716e298,True,21725310.0,success,2025-07-10,2025-12-02,147.0,,good,TRUE
bjk,Beşiktaş,0x1903be033d3e436dd79a8cf9030675bcf97ab589,True,,success,2023-10-03,2025-12-02,793.0,,good,TRUE
bkn,Brickken,0x0a638f07acc6969abf392bb009f216d22adea36d,True,13093278.0,success,2023-07-26,2025-12-02,862.0,,good,TRUE
black,BlackHole Protocol,0xd714d91a169127e11d8fab3665d72e8b7ef9dbe2,True,,success,2021-05-04,2025-12-01,1648.0,,good,TRUE
blank,BlockWallet,0x41a3dba3d677e573636ba691a70ff2d606c29666,True,12837864.0,success,2021-03-05,2025-12-02,1734.0,,good,TRUE
blast,Blast Inu,0x3127294f1fd3c097ef31e54301069346b29d0209,True,18660752.0,success,2023-11-27,2025-12-02,490.0,,good,TRUE
blast,SafeBlast,0x614d7f40701132e25fe6fc17801fbd34212d2eda,True,14086955.0,success,2021-05-21,2025-12-03,1659.0,,good,TRUE
blastup,BlastUP,0x901a020915bc3577d85d29f68024b4c5e240b8cd,True,20431553.0,success,2024-08-20,2025-12-02,462.0,,good,TRUE
blaze,Titan Blaze,0xfcd7ccee4071aa4ecfac1683b7cc0afecaf42a36,True,20175029.0,success,2024-06-30,2025-12-03,523.0,,good,TRUE
blazex,BlazeX,0xdd1b6b259986571a85da82a84f461e1c212591c0,True,17972703.0,success,2023-08-04,2025-11-29,558.0,,good,TRUE
blb,Blueberry,0x904f36d74bed2ef2729eaa1c7a5b70dea2966a02,True,16116530.0,success,2024-06-10,2025-12-02,481.0,,good,TRUE
blendr,Blendr Network,0x84018071282d4b2996272659d9c01cb08dd7327f,True,19348440.0,success,2024-03-06,2025-12-02,638.0,,good,TRUE
blepe,Blepe,0x53206bf5b6b8872c1bb0b3c533e06fde2f7e22e4,True,20072553.0,success,2024-06-14,2025-12-02,454.0,,good,TRUE
blepe,Blepe the Blue,0xf3617e8a04265160b9ee10253a2c78565571cb76,True,19264179.0,success,2024-02-20,2025-11-23,438.0,,good,TRUE
bles,Blind Boxes,0xe796d6ca1ceb1b022ece5296226bf784110031cd,True,12061599.0,success,2021-03-27,2025-12-02,1703.0,,good,TRUE
blkon,"Blackrock, Inc. (Ondo Tokenized Stock)",0x7a0f89c1606f71499950aa2590d547c3975b728e,True,,success,2025-09-02,2025-12-02,89.0,,good,TRUE
blobs,blobs,0x39de85301c78f4d623e5c05cde2fd119a3a92cd9,True,19206907.0,success,2024-03-12,2025-11-30,538.0,,good,TRUE
block,Block,0xcab84bc21f9092167fcfe0ea60f5ce053ab39a1e,True,22918340.0,success,2025-07-16,2025-12-02,141.0,,good,TRUE
block,BlockProtocol,0x8fc17671d853341d9e8b001f5fc3c892d09cb53a,True,19489855.0,success,2024-04-12,2025-12-02,601.0,,good,TRUE
block inn,INN,0x73b62d93928ce20392dd96df5061c41e734bcda5,True,20971934.0,success,2024-11-12,2025-11-23,326.0,,good,TRUE
blockyboy,BlockyBoy by Matt Furie,0x76b6f7bd8857195c5165a49a6ff75f84a3f081ca,True,23183908.0,success,2025-08-23,2025-12-02,103.0,,good,TRUE
blocx,BLOCX.,0x4ff57e25eeb7affbbb060e0bad2e1759efc8bec4,True,20032843.0,success,2023-08-11,2025-12-02,846.0,,good,TRUE
blood,Bloodboy,0x6abaf438f098f75c5892e1fabf08b1896c805967,True,18088702.0,success,2024-05-09,2025-12-02,553.0,,good,TRUE
blood,Impostors Blood,0x95392f142af1c12f6e39897ff9b09c599666b50c,True,14580383.0,success,2022-05-11,2025-11-08,1206.0,,good,TRUE
blox,BLOX,0xc9f00080d96cea3ef92d2e2e563d4cd41fb5bb36,True,18762025.0,success,2023-12-19,2025-11-25,600.0,,good,TRUE
blox,The Blox Project,0x320ed4c7243e35a00f9ca30a1ae60929d15eae37,True,18365097.0,success,2023-11-08,2025-12-03,556.0,,good,TRUE
bls,Blocklens AI,0x68c6f3d735e83593b23b0063a50cc87952afddb2,True,23355689.0,success,2025-09-16,2025-12-02,1725.0,,good,TRUE
bluesparrow,BlueSparrow,0x24ccedebf841544c9e6a62af4e8c2fa6e5a46fde,True,14937788.0,success,2022-06-20,2025-12-02,1261.0,,good,TRUE
blur,Blur,0x5283d291dbcf85356a21ba090e6db59121208b44,True,16528709.0,success,2023-02-14,2025-12-02,1024.0,,good,TRUE
blxm,bloXmove,0x38d9eb07a7b8df7d86f440a4a5c4a4c1a27e1a08,True,13460427.0,success,2021-10-23,2025-12-02,1444.0,,good,TRUE
bly,Blocery,0xf8ad7dfe656188a23e89da09506adf7ad9290d5d,True,10333519.0,success,2020-08-10,2025-12-02,1942.0,,good,TRUE
blz,Bluzelle,0x5732046a883704404f284ce41ffadd5b007fd668,True,4911588.0,success,2018-02-10,2025-12-02,2854.0,,good,TRUE
bmax,BMAX,0x116c4b65e14449947bc6fa1bbe844cb16a162d53,True,15133818.0,success,2022-07-16,2025-12-02,1237.0,,good,TRUE
bmc,BountyMarketCap,0xd945d2031b4c63c0e363304fb771f709b502dc0a,True,11466397.0,success,2020-12-24,2025-12-02,1804.0,,good,TRUE
bmex,BitMEX,0xb113c6cf239f60d380359b762e95c13817275277,True,13847627.0,success,2022-11-11,2025-12-02,1119.0,,good,TRUE
bmi,Bridge Mutual,0x725c263e32c72ddc3a19bea12c5a0479a81ee688,True,11753396.0,success,2021-01-30,2025-12-02,1769.0,,good,TRUE
bmoney,B-MONEY,0xf10da48d4aaa8d784c5e369cb998e263cfe32aa8,True,19296316.0,success,2024-05-26,2025-11-26,497.0,,good,TRUE
bmp,BitmapPunks,0xbbbb2d4d765c1e455e4896a64ba3883e914abbbb,True,21529666.0,success,2025-01-07,2025-12-02,331.0,,good,TRUE
bmr,BetMore Casino,0xdc300854b0ef52650057158e8a33afe703525539,True,21416346.0,success,2025-03-05,2025-11-17,175.0,,good,TRUE
bmsft,Backed Microsoft,0x374a457967ba24fd3ae66294cab08244185574b0,True,,success,2024-07-26,2025-12-02,496.0,,bad,UNKNOWN
bmstr,Backed MicroStrategy,0xac28c9178acc8ba4a11a29e013a3a2627086e422,True,,success,2024-07-12,2025-12-02,510.0,,bad,UNKNOWN
bmt,BMCHAIN,0xf028adee51533b1b47beaa890feb54a457f51e89,True,4255599.0,success,2019-01-12,2025-11-22,1854.0,,good,TRUE
bmx,BitMart,0x986ee2b944c42d017f52af21c4c69b84dbea35d8,True,,success,2018-08-01,2025-12-02,2674.0,,good,TRUE
bnb,BNB,0xb8c77482e45f1f44de1745f52c74426c631bdd52,True,,success,2017-09-16,2025-12-02,2999.0,,good,TRUE
bnb,Binance Coin (Wormhole),0x418d75f65a02b3d53b2418fb8e1fe493759c7605,True,,success,2022-01-21,2025-12-02,1413.0,,good,TRUE
bniu,Backed NIU Technologies,0x2f11eeee0bf21e7661a22dbbbb9068f4ad191b86,True,,success,2023-11-07,2025-12-02,758.0,,bad,UNKNOWN
bnpl,BNPL Pay [OLD],0x84d821f7fbdd595c4c4a50842913e6b1e07d7a53,True,13215838.0,success,2021-09-23,2025-12-02,668.0,,good,TRUE
bnpl,BNPL Pay,0x28a062b8cd62a219210211f2085281c0aca2b2b9,True,22639417.0,success,2025-08-12,2025-12-02,86.0,,good,TRUE
bns,BNS,0x19e2a43fbbc643c3b2d9667d858d49cad17bc2b5,True,14441455.0,success,2022-04-20,2025-12-02,1324.0,,good,TRUE
bnsd,BNSD Finance,0x668dbf100635f593a3847c0bdaf21f0a09380188,True,10795459.0,success,2020-09-06,2025-12-02,1913.0,,good,TRUE
bnt,Bancor Network,0x1f573d6fb3f13d689ff844b4ce37794d79a7ff1c,True,3851136.0,success,2017-06-27,2025-12-02,3082.0,,good,TRUE
bnvda,Backed NVIDIA,0xa34c5e0abe843e10461e2c9586ea03e55dbcc495,True,,success,2024-07-09,2025-12-02,513.0,,good,UNKNOWN
boa,BOSagora,0x51bd4f39803fcaeff3ef45aae2c3aaff0b9fadcb,True,22414225.0,success,2025-07-06,2025-12-02,151.0,,good,TRUE
boatkid,BoatKid ,0x465ac9ca56f340bc5b96b02c065ae80f3d893eec,True,23154309.0,success,2025-08-18,2025-12-02,99.0,,good,TRUE
bob,BOB,0xb0b195aefa3650a6908f15cdac7d92f8a5791b0b,True,,success,2022-09-13,2025-12-02,1178.0,,good,TRUE
bob,BOB,0xecc5f868add75f4ff9fd00bbbde12c35ba2c9c89,True,22765771.0,success,2024-09-14,2025-12-02,435.0,,good,TRUE
bob,BOB (Build on Bitcoin),0xc9746f73cc33a36c2cd55b8aefd732586946cedd,True,,success,2025-11-20,2025-12-02,304.0,,good,TRUE
bob,BOB Token,0x7d8146cf21e8d7cbe46054e01588207b51198729,True,17083228.0,success,2023-04-22,2025-12-02,957.0,,good,TRUE
boba,Boba Cat,0x6ecf5fe60e27cd03abdba3a19af8dc6845a0da58,True,23183210.0,success,2023-09-15,2025-12-02,810.0,,good,TRUE
boba,Boba Network,0x42bbfa2e77757c645eeaad1655e0911a7553efbc,True,13225262.0,success,2021-11-19,2025-12-02,1476.0,,good,TRUE
bobo,Bobo,0x5888641e3e6cbea6d84ba81edb217bd691d3be38,True,17072441.0,success,2023-04-20,2025-12-02,959.0,,good,TRUE
bobo,Bobo Coin,0xb90b2a35c65dbc466b04240097ca756ad2005295,True,17240580.0,success,2023-05-17,2025-12-02,932.0,,good,TRUE
bodhi,Bodhi The Inu,0x1570b8d622ebde9209e1b394a3c08e8eb6e99705,True,23271997.0,success,2025-09-02,2025-11-30,58.0,,good,TRUE
bog,Bog,0x11a7c8c9e9d5fc47134c305c59cebfcd1a4a9943,True,20950334.0,success,2024-10-14,2025-11-26,379.0,,good,TRUE
bog,Bogdanoff,0x0ba74fb26ca523f2dc22fa4318581cc2452eaba1,True,17123757.0,success,2023-04-27,2025-11-30,883.0,,good,TRUE
bogbg,Beware of Geeks Bearing Grifts,0x2d5d69da90b4c02b95c802344b48e3e57ce220d7,True,23132723.0,success,2025-08-13,2025-11-24,43.0,,good,TRUE
bold,Legacy BOLD,0xb01dd87b29d187f3e3a4bf6cdaebfb97f3d9ab98,True,21640111.0,success,2025-01-23,2025-11-25,276.0,,good,TRUE
bold,BOLD,0x6440f144b7e50d6a8439336510312d2f54beb01d,True,22483043.0,success,2025-05-26,2025-12-02,192.0,,good,TRUE
bolt,Bolt,0xd5930c307d7395ff807f2921f12c5eb82131a789,True,9739832.0,success,2019-03-27,2025-12-01,2442.0,,good,TRUE
bomb,BOMB,0x1c95b093d6c236d3ef7c796fe33f9cc6b8606714,True,7204812.0,success,2019-02-25,2025-12-02,2343.0,,good,TRUE
bomb,LollyBomb,0x6b6ee7393f07b3dd1427b6848d3576f31c313127,True,19968095.0,success,2024-06-13,2025-12-02,426.0,,good,TRUE
bond,BarnBridge,0x0391d2021f89dc339f60fff84546ea23e337750f,True,10815462.0,success,2020-10-26,2025-12-02,1865.0,,good,TRUE
bondly,Forj,0x91dfbee3965baaee32784c2d546b7a0c62f268c9,True,13108991.0,success,2020-12-09,2025-12-02,1821.0,,good,TRUE
bone,Bone ShibaSwap,0x9813037ee2218799597d83d4a5b6f3b6778218d9,True,12771556.0,success,2021-07-07,2025-12-02,1609.0,,good,TRUE
bone,FLEABONE,0x7076de6ff1d91e00be7e92458089c833de99e22e,True,20972885.0,success,2024-11-15,2025-12-02,381.0,,good,TRUE
bonk,Bonk,0x1151cb3d861920e07a38e03eead12c32178567f6,True,,success,2022-12-29,2025-12-02,1071.0,,good,TRUE
bonk,BONK on ETH,0x4fbaf51b95b024d0d7cab575be2a1f0afedc9b64,True,19812524.0,success,2024-05-08,2025-11-30,565.0,,good,TRUE
bonki,BONK Inu,0xf995771a957c19319a7d8d58b4082b049420340f,True,18735369.0,success,2023-12-08,2025-11-30,470.0,,good,TRUE
bonzi,Bonzi,0xd6175692026bcd7cb12a515e39cf0256ef35cb86,True,20652058.0,success,2024-09-04,2025-12-02,440.0,,good,TRUE
boo,SpookySwap [Old],0x55af5865807b196bd0197e0902746f31fbccfa58,True,13229565.0,success,2021-05-04,2025-12-03,1673.0,,good,TRUE
boob,Book Of Bitcoin,0xf5d791eebfc229c4fe976e8328ed2c261690cb34,True,19783051.0,success,2024-05-07,2025-12-02,570.0,,good,TRUE
boochie,Boochie by Matt Furie,0xf8ea18ca502de3ffaa9b8ed95a21878ee41a2f4a,True,22519232.0,success,2025-05-21,2025-12-02,197.0,,good,TRUE
booe,Book of Ethereum,0x289ff00235d2b98b0145ff5d4435d3e92f9540a6,True,19732551.0,success,2024-04-27,2025-12-02,586.0,,good,TRUE
boom,boom.fun,0x48e205eb6db302a6e50d292cd382f6251d9a25cd,True,22676627.0,success,2025-06-12,2025-10-02,103.0,,good,TRUE
boop,Boop,0x8013266cb5c9dd48be3ad7d1ce832874d64b3ce1,True,15765669.0,success,2022-10-21,2025-12-02,1123.0,,good,TRUE
boost,Boost,0xbe7e12b2e128bc955a0130ffb168f031d7dd8d58,True,22490967.0,success,2025-09-05,2025-12-02,2128.0,,good,TRUE
bope,Book of Pepe,0x599955aa9fbc197a1b717d8da6a7012cafe70ab3,True,19448042.0,success,2024-03-22,2025-12-02,606.0,,good,TRUE
boppy,Boppy The Bat,0xe79031b5aaeb3ee8d0145e3d75b81b36bffe341d,True,19615105.0,success,2024-07-06,2025-12-02,516.0,,good,TRUE
borg,SwissBorg,0x64d0f55cd8c7133a9d7102b13987235f486f2224,True,17975659.0,success,2018-02-15,2025-12-03,2850.0,,good,TRUE
boring,BoringDAO,0xbc19712feb3a26080ebf6f2f7849b417fdd792ca,True,12501918.0,success,2021-06-18,2025-12-02,1620.0,,good,TRUE
bork,Bork on Ethereum,0x8808434a831efea81170a56a9ddc57cc9e6de1d8,True,21019588.0,success,2024-10-31,2025-12-02,362.0,,good,TRUE
borne,BORNE,0x2a7f6a311cf835ebb16b7e954b8aacbb61ea149e,True,23222445.0,success,2025-08-29,2025-12-02,97.0,,good,TRUE
bos,BitcoinOS,0x13239c268beddd88ad0cb02050d3ff6a9d00de6d,True,,success,2025-10-29,2025-12-02,827.0,,good,TRUE
boson,Boson,0xc477d038d5420c6a9e0b031712f61c5120090de9,True,12068346.0,success,2021-04-09,2025-12-02,1700.0,,good,TRUE
bossburger,Boss Burger,0x40d09d1c989fcb3a68623fe1c1acb3b769e0d237,True,22464573.0,success,2025-06-25,2025-12-02,162.0,,good,TRUE
botc,Bot Compiler,0x9532ca064278ce3ba4fcc66cebec6d9f04f58f70,True,17986312.0,success,2023-09-06,2025-12-02,541.0,,good,TRUE
botto,Botto,0x9dfad1b7102d46b1b197b90095b5c4e9f5845bba,True,13371162.0,success,2021-10-09,2025-12-02,1517.0,,good,TRUE
botx,BOTXCOIN,0xef19f4e48830093ce5bc8b3ff7f903a0ae3e9fa1,True,7203001.0,success,2019-03-22,2025-12-02,2416.0,,good,TRUE
bowie,Bowie,0xcae0dd4bda7ff3e700355c7629b24d5d728bd2ce,True,18572995.0,success,2023-11-27,2025-11-30,650.0,,good,TRUE
box,DeBox,0x32b77729cd87f1ef2bea4c650c16f89f08472c69,True,20525522.0,success,2024-09-16,2025-12-02,444.0,,good,TRUE
boxeth,Cat-in-a-Box Ether,0x7690202e2c2297bcd03664e31116d1dffe7e3b73,True,16640183.0,success,2023-04-22,2025-11-28,704.0,,good,TRUE
boys,Boys Club,0x706987611c5d2052541d64ef8f036916807c916a,True,19714995.0,success,2025-01-15,2025-12-02,317.0,,good,TRUE
boysclub,BoysClub,0x2d9996f3b9d2e73540fdbfdfe81d71e9e08cbf03,True,19403075.0,success,2024-04-23,2025-12-02,477.0,,good,TRUE
boysclub,Matt Furie's Boys Club,0x6968676661ac9851c38907bdfcc22d5dd77b564d,True,19723210.0,success,2024-06-10,2025-12-02,539.0,,good,TRUE
bplc,BlackPearl,0x426fc8be95573230f6e6bc4af91873f0c67b21b4,True,7809350.0,success,2020-03-20,2025-12-02,2077.0,,good,TRUE
bpt,BlackPool,0x0ec9f76202a7061eb9b3a7d6b59d36215a7e37da,True,12518864.0,success,2021-05-28,2025-11-30,1636.0,,good,TRUE
br,Bedrock,0x9b61879e91a0b1322f3d61c23aaf936231882096,True,22165771.0,success,2025-03-20,2025-12-02,259.0,,good,TRUE
brai,BribeAI,0xbec771d15f7e67bc0bb4571c7eb409228cc6fef9,True,19256037.0,success,2024-03-28,2025-11-21,460.0,,good,TRUE
brain,Brain Frog,0x1010107b4757c915bc2f1ecd08c85d1bb0be92e0,True,21631558.0,success,2025-01-17,2025-12-02,311.0,,good,TRUE
brainlet,BRAINLET,0x0000bdaa645097ef80f9d475f341d0d107a45b3a,True,20321997.0,success,2024-07-18,2025-12-02,387.0,,good,TRUE
brbtc,Bedrock BTC,0x2ec37d45fcae65d9787ecf71dc85a444968f6646,True,,success,2024-12-28,2025-12-02,284.0,,good,TRUE
brcg,Bitcoin Roller Coaster Guy,0xd4c4407f3afb48d7d4ad954572f155f9237ae335,True,22861811.0,success,2025-07-08,2025-12-01,147.0,,good,TRUE
brepe,BREPE,0xa0117792d4b100fd329b37e8ab4181df8a5b3326,True,17980068.0,success,2023-09-04,2025-12-01,723.0,,good,TRUE
brett,Bretter Brett,0x66bff695f3b16a824869a8018a3a6e3685241269,True,19772708.0,success,2024-05-10,2025-12-02,573.0,,good,TRUE
brett,Brett ETH,0x80ee5c641a8ffc607545219a3856562f56427fe9,True,17993157.0,success,2024-04-08,2025-12-02,605.0,,good,TRUE
brett,Brett (ETH),0x240d6faf8c3b1a7394e371792a3bf9d28dd65515,True,17682789.0,success,2024-05-31,2025-12-02,552.0,,good,TRUE
brettei,Brettei,0xd749b369d361396286f8cc28a99dd3425ac05619,True,20050207.0,success,2024-06-11,2025-12-02,372.0,,good,TRUE
brettwu,Brettwu,0x66bff0d18513c648690edcdf5993c9da8c632ec8,True,20086059.0,success,2025-07-12,2025-12-02,145.0,,good,TRUE
brick,Brick Block,0x00199c511dc889b8155fa425fc0363ed481e8f48,True,19850151.0,success,2024-04-12,2025-11-14,293.0,,good,TRUE
bridge,Cross-Chain Bridge,0x92868a5255c628da08f550a858a802f5351c5223,True,,success,2021-11-12,2025-11-09,1214.0,,good,TRUE
bright,BrightID,0x5dd57da40e6866c9fcc34f4b6ddc89f1ba740dfe,True,13177522.0,success,2021-09-17,2025-12-02,1539.0,,good,TRUE
bright,Bright Union,0xbeab712832112bd7664226db7cd025b153d3af55,True,12952372.0,success,2021-08-06,2025-11-22,1255.0,,good,TRUE
brise,Bitgert,0xf2b2f7b47715256ce4ea43363a867fdce9353e3a,True,17606494.0,success,2021-07-29,2025-12-02,1589.0,,good,TRUE
brk,BRK690k,0x364c65347bdd77e6196fad96d42dbbd6d55cf719,True,,success,2024-11-24,2025-11-05,210.0,,good,TRUE
brk.bx,Berkshire Hathaway xStock,0x12992613fdd35abe95dec5a4964331b1ee23b50d,True,,success,2025-09-11,2025-12-02,1980.0,,good,TRUE
brkl,Brokoli,0x4674a4f24c5f63d53f22490fb3a08eaaad739ff8,True,13281452.0,success,2021-10-05,2025-12-02,1521.0,,good,TRUE
bro,Bro,0x42ae1f83694f453ba2f31dfc2206c9b044eaacb2,True,23282590.0,success,2025-09-03,2025-11-28,621.0,,good,TRUE
bro,Bro,0x79801ac51d18543579d26c5b392581d17b273b89,True,23585254.0,success,2025-10-17,2025-10-25,112.0,,good,TRUE
brock,Bitrock,0xde67d97b8770dc98c746a3fc0093c538666eb493,True,17679341.0,success,2023-07-17,2025-12-02,863.0,,good,TRUE
bros,Crypto Bros,0x9dcd367e2afa8d6e5d6cf0306094e3eb7bbaaf4d,True,17231967.0,success,2023-05-15,2025-12-02,481.0,,good,TRUE
brrr,Brrr de Money,0x7dd7d5ca67df3e0f5a7f004af3653444b1fcfb76,True,21141705.0,success,2024-11-12,2025-12-02,322.0,,good,TRUE
brtr,Barter,0xf0acf8949e705e0ebb6cb42c2164b0b986454223,True,9771699.0,success,2020-12-17,2025-12-02,1547.0,,good,TRUE
bruh,Bruh,0xd7cfdb3cdc33dbeb9e9a4c95b61953cf12a008b3,True,20628642.0,success,2024-08-31,2025-11-30,431.0,,good,TRUE
brume,Brume,0xd0ebfe04adb5ef449ec5874e450810501dc53ed5,True,20905495.0,success,2024-10-11,2025-12-02,388.0,,good,TRUE
brune,BitRunes,0x724313985dcb55d432d3888ddc0b9e3d3859e86d,True,19685330.0,success,2024-04-23,2025-12-02,420.0,,good,TRUE
brwl,Blockchain Brawlers,0x4086e77c5e993fdb90a406285d00111a974f877a,True,,success,2022-03-30,2025-12-02,1345.0,,good,TRUE
brws,Browsr AI,0xc0b8715d73941b2fd02dc7e3fb71112aafa5fe0a,True,22834257.0,success,2025-07-26,2025-10-22,63.0,,good,TRUE
brz,Brazilian Digital,0x01d33fd36ec67c6ada32cf36b31e88ee190b1839,True,,success,2019-05-26,2025-12-02,2384.0,,good,TRUE
bsen,Baby Sen by Sentio,0xc04207ebf4bbbd81c14596b78ece7cd8c17fb5cf,True,21561297.0,success,2025-01-16,2025-12-02,285.0,,good,TRUE
bskt,Basket,0xbc0899e527007f1b8ced694508fcb7a2b9a46f53,True,,success,2024-01-19,2025-12-02,685.0,,good,TRUE
bsl,BankSocial,0x0af55d5ff28a3269d69b98680fd034f115dd53ac,True,13215270.0,success,2021-05-22,2025-12-02,1657.0,,good,TRUE
bsov,BitcoinSoV,0x26946ada5ecb57f3a1f91605050ce45c482c9eb1,True,7973239.0,success,2019-08-08,2025-12-02,1802.0,,good,TRUE
bspt,Blocksport,0xa350da05405cc204e551c4eed19c3039646528d5,True,12714628.0,success,2022-02-18,2025-12-02,1385.0,,good,TRUE
bst,Blocksquare,0x509a38b7a1cc0dcd83aa9d06214663d9ec7c7f4a,True,4917826.0,success,2022-02-26,2025-12-02,1376.0,,good,TRUE
bt,Bitenium,0x997507cc49fbf0cd6ce5e1ee543218556fafdebc,True,9791415.0,success,2021-04-01,2025-12-02,1706.0,,good,TRUE
btb,Bitball,0xd417c6000a0e56e35bcf00e4d7e4e077311df0a9,True,23710146.0,success,2018-11-29,2025-11-27,2542.0,,good,TRUE
btc2,Bitcoin 2.0,0xbc2ecbe2195114b82f03680ed4270fa7008f3be0,True,22535301.0,success,2025-05-25,2025-12-02,193.0,,good,TRUE
btc2.0,Bitcoin 2.0,0x3feb4fea5132695542f8ede5076ac43296d17c6d,True,17663359.0,success,2023-07-15,2025-12-02,873.0,,good,TRUE
btc20,Bitcoin20,0xe86df1970055e9caee93dae9b7d5fd71595d0e18,True,17492274.0,success,2023-08-16,2025-12-02,840.0,,good,TRUE
btc2x-fli,BTC 2x Flexible Leverage Index,0x0b498ff89709d3838a063f1dfa463091f9801c2b,True,12375760.0,success,2021-05-11,2025-12-02,1580.0,,good,TRUE
btcact,BITCOIN Act,0x079d0150cc21e127898db0f51f18ca54db56b1ba,True,21181538.0,success,2024-11-15,2025-12-02,380.0,,good,TRUE
btcbull,Bitcoin Bull,0xc3f822e94c321dd3ee53ca46b78098ea79b7ec8d,True,20469216.0,success,2025-07-07,2025-12-02,150.0,,good,TRUE
btcbull,BTC Bull Token,0x8ee5cfb455b3ba5cb0bb5ad91cd6fc40ac73b25c,True,23350944.0,success,2025-09-13,2025-11-30,619.0,,good,TRUE
btce,bitcoin (2015 Wrapper) (Meme),0xc0bc84e95864bdfdcd1ccfb8a3aa522e79ca1410,True,19587087.0,success,2024-05-30,2025-12-02,553.0,,good,TRUE
btcinu,Bitcoin Inu,0x584a4dd38d28fd1ea0e147ba7b70aed29a37e335,True,18635338.0,success,2024-01-23,2025-12-02,681.0,,good,TRUE
btcp,Bitcoin Pro,0x723cbfc05e2cfcc71d3d89e770d32801a5eef5ab,True,8569615.0,success,2018-03-29,2025-12-02,2755.0,,good,TRUE
btr,Bitlayer,0x6c76de483f1752ac8473e2b4983a873991e70da7,True,22178476.0,success,2025-08-27,2025-12-02,99.0,,good,TRUE
btr,Bitrue Coin,0xd433138d12beb9929ff6fd583dc83663eea6aaa5,True,,success,2019-07-06,2025-12-02,2343.0,,good,TRUE
btrfly,Redacted,0xc55126051b22ebb829d00368f4b12bde432de5da,True,15302362.0,success,2022-08-09,2025-12-01,1188.0,,good,TRUE
btrst,Braintrust,0x799ebfabe77a6e34311eeee9825190b9ece32824,True,12998115.0,success,2021-09-15,2025-12-02,1541.0,,good,TRUE
btru,Biblical Truth,0xfc70cbb442d5c115ee1497d22b421b1f9bd9f3da,True,19501846.0,success,2024-04-02,2025-11-23,437.0,,good,TRUE
btse,BTSE Token,0x666d875c600aa06ac1cf15641361dec3b00432ef,True,10781198.0,success,2020-03-12,2025-12-02,2085.0,,good,TRUE
btsla,Backed Tesla,0x14a5f2872396802c3cc8942a39ab3e4118ee5038,True,,success,2024-07-26,2025-12-02,496.0,,good,UNKNOWN
btt,BitTorrent,0xc669928185dbce49d2230cc9b0979be6dc797957,True,13776242.0,success,2022-01-21,2025-12-02,1413.0,,good,TRUE
btu,BTU Protocol,0xb683d83a532e2cb7dfa5275eed3698436371cc9f,True,5589237.0,success,2019-02-09,2025-12-02,2222.0,,good,TRUE
bubble,Imaginary Ones,0xe9689028ede16c2fdfe3d11855d28f8e3fc452a3,True,19822519.0,success,2024-05-14,2025-12-02,569.0,,good,TRUE
bubsy,Bubsy AI,0xd699b83e43415b774b6ed4ce9999680f049af2ab,True,19711916.0,success,2024-05-07,2025-12-02,561.0,,good,TRUE
buddha,Buddha,0xdefb0b264032e4e128b00d02b3fd0aa00331237b,True,18785325.0,success,2023-12-30,2025-11-13,512.0,,good,TRUE
buffi,Bufficorn,0x4c1b1302220d7de5c22b495e78b72f2dd2457d45,True,20591606.0,success,2024-08-25,2025-11-28,437.0,,good,TRUE
bug,Bug,0x89fd2d8fd8d937f55c89b7da3ceed44fa27e4a81,True,20243209.0,success,2024-07-23,2025-12-02,437.0,,good,TRUE
bugs,Bugs Bunny,0x490bd60a5d3e1207fba9b699017561434cc8c675,True,18072081.0,success,2023-12-04,2025-11-25,590.0,,good,TRUE
buidl-i,BlackRock USD Institutional Digital Liquidity Fund - I Class,0x6a9da2d710bb9b700acde7cb81f10f1ff8c89041,True,,success,2025-02-17,2025-12-02,290.0,,bad,UNKNOWN
build,BUILD,0x57b59f981730c6257df57cf6f0d98283749a9eeb,True,15206659.0,success,2022-07-25,2025-12-02,1228.0,,good,TRUE
build,BuildAI,0xeff9cdb294872b6553f4e9631fb4d1fa4f9c5e6b,True,21078077.0,success,2024-02-23,2025-12-02,646.0,,good,TRUE
bulei,Bulei,0x069e4aa272d17d9625aa3b6f863c7ef6cfb96713,True,20065879.0,success,2024-06-12,2025-12-02,525.0,,good,TRUE
bull,Mumu the Bull,0x9b7331c6e98bad1dc8f096ff3d98c93b3b9b1173,True,18551405.0,success,2023-11-15,2025-12-02,607.0,,good,TRUE
bump,Bumper,0x785c34312dfa6b74f6f1829f79ade39042222168,True,,success,2021-12-17,2025-12-02,1432.0,,good,TRUE
bun,BunPoodle,0x6fb4f9d98f6628bccb8d8576b24460cc89ba1d88,True,23529811.0,success,2025-10-09,2025-11-29,613.0,,good,TRUE
burger,Crypto Burger,0x0c2e08e459fc43ddd1e2718c122f566473f59665,True,20780367.0,success,2024-09-19,2025-12-02,419.0,,good,TRUE
burn,BURN,0xa2fe5e51729be71261bcf42854012827bc44c044,True,14636988.0,success,2023-11-02,2025-12-03,668.0,,good,TRUE
burp,Burp,0x33f391f4c4fe802b70b77ae37670037a92114a7c,True,12459293.0,success,2021-07-26,2025-12-02,1531.0,,good,TRUE
busd,BUSD,0x4fabb145d64652a948d72533023f6e7a623c7c53,True,,success,2019-09-21,2025-12-16,2280.0,,good,TRUE
business,Business Coin,0xc06caead870d3a8af2504637b6c5b7248bed6116,True,18173502.0,success,2024-11-24,2025-12-02,375.0,,good,TRUE
busy,Busy,0x5cb3ce6d081fb00d5f6677d196f2d70010ea3f4a,True,12005400.0,success,2021-04-23,2025-12-02,1686.0,,good,TRUE
buttcoin,BUTTCOIN,0x883f46033947b92df4140b37386725d6e3faa69a,True,22784747.0,success,2025-06-26,2025-12-02,143.0,,good,TRUE
butter,Butter,0x0d248ce39e26fb00f911fb1e7a45a00d8c94341c,True,17210123.0,success,2023-05-10,2025-11-29,589.0,,good,TRUE
bux,Bux The Rabbit,0x92043c4306886f2b1ce0f1894046ec8b9f8e9aab,True,23296720.0,success,2025-09-08,2025-12-02,1509.0,,good,TRUE
buy,Buying.com,0x396ec402b42066864c406d1ac3bc86b575003ed8,True,12488822.0,success,2021-08-10,2025-12-02,1577.0,,good,TRUE
bvm,BVM,0x069d89974f4edabde69450f9cf5cf7d8cbd2568d,True,,success,2024-03-12,2025-12-02,632.0,,good,TRUE
bws,Blockchain Web Services,0xaade1d6701173bd924c9de2d56a00ef4e3d9de4d,True,,success,2024-11-23,2025-12-02,362.0,,good,TRUE
bxbt,BoxBet,0x33f289d91286535c47270c8479f6776fb3adeb3e,True,18335986.0,success,2023-11-30,2025-12-02,734.0,,good,TRUE
bxx,Baanx,0x6b1a8f210ec6b7b6643cea3583fb0c079f367898,True,13673210.0,success,2021-07-15,2025-12-02,1603.0,,good,TRUE
byb,BiorLabs,0xfbcb83037d770b28f758530022897362521b6141,True,,success,2025-03-22,2025-12-02,257.0,,good,TRUE
byn,NBX,0x4bb3205bf648b7f59ef90dee0f1b62f6116bc7ca,True,12232545.0,success,2021-04-14,2025-12-02,1695.0,,good,TRUE
byte,Byte,0xde342a3e269056fc3305f9e315f4c40d917ba521,True,18739223.0,success,2023-12-09,2025-12-02,726.0,,good,TRUE
bytes,Neo Tokyo,0xa19f5264f7d7be11c451c093d8f92592820bea86,True,17487665.0,success,2023-01-29,2025-12-02,1019.0,,good,TRUE
bzn,Benzene,0x6524b87960c2d573ae514fd4181777e7842435d4,True,8481230.0,success,2021-07-28,2025-12-02,1456.0,,good,TRUE
bzpr1,Backed ZPR1 $ 1-3 Month T-Bill,0xade6057fcafa57d6d51ffa341c64ce4814995995,True,,success,2023-11-16,2025-12-02,749.0,,bad,UNKNOWN
bzr,Bazaars,0x8d96b4ab6c741a4c8679ae323a100d74f085ba8f,True,14609406.0,success,2023-03-16,2025-12-02,982.0,,good,TRUE
bzrx,bZx Protocol,0x56d811088235f11c8920698a204a5010a788f4b3,True,10441143.0,success,2020-07-13,2025-11-30,1594.0,,good,TRUE
bzz,Swarm,0x19062190b1925b5b6689d7073fdfc8c2976ef8cb,True,12601351.0,success,2021-06-21,2025-12-03,1628.0,,good,TRUE
c1usd,Currency One USD,0x40caa7912437002ee2c8415d43e7f575c733674c,True,,success,2025-10-01,2025-12-02,1497.0,,good,TRUE
c98,Coin98,0xae12c5930881c53715b369cec7606b70d8eb229f,True,12829313.0,success,2021-07-23,2025-12-02,1595.0,,good,TRUE
ca,Coupon Assets,0x9ee8c380e1926730ad89e91665ff27063b13c90a,True,18774604.0,success,2023-10-08,2025-12-02,788.0,,good,TRUE
caave,cAAVE,0xe65cdb6479bac1e22340e4e755fae7e509ecd06c,True,,success,2022-02-25,2025-12-02,1378.0,,bad,UNKNOWN
cadc,CAD Coin,0xcadc0acd4b445166f12d2c07eac6e2544fbe2eef,True,,success,2021-03-02,2025-12-16,1128.0,,good,TRUE
caga,Crypto Asset Governance Alliance,0xbddc20ed7978b7d59ef190962f441cd18c14e19f,True,,success,2023-11-10,2025-12-02,755.0,,good,TRUE
cah,Moon Tropica,0x8e0e57dcb1ce8d9091df38ec1bfc3b224529754a,True,16156563.0,success,2022-12-14,2025-12-02,1083.0,,good,TRUE
cai,Catalyse AI,0x360ee0225cd8abf0adf1f97f4c0f4079a4bf41ec,True,22614435.0,success,2025-06-14,2025-08-02,51.0,,good,TRUE
cai,Chasm,0x19247618d79e3fc4d4866169789e4b8eedef52e6,True,21040991.0,success,2024-10-25,2025-12-02,405.0,,good,TRUE
cai,CryptoAI,0xf36c5f04127f7470834ed6f98bddc1be62aba48d,True,16500684.0,success,2023-02-01,2025-11-30,894.0,,good,TRUE
cairo,Cairo,0xc0e10854ab40b2e59a5519c481161a090f1162a0,True,20936381.0,success,2024-10-11,2025-11-23,206.0,,good,TRUE
cake,PancakeSwap,0x152649ea73beab28c5b49b26eb48f7ead6d4c898,True,16924137.0,success,2020-09-29,2025-12-02,1892.0,,good,TRUE
cal,Calcium,0x20561172f791f915323241e885b4f7d5187c36e1,True,18186883.0,success,2023-09-28,2025-12-02,797.0,,good,TRUE
camp,Camp Network,0x84eaac1b2dc3f84d92ff84c3ec205b1fa74671fc,True,23117010.0,success,2025-08-27,2025-12-02,99.0,,good,TRUE
cana,CANA Holdings California Carbon Credits,0x01995a697752266d8e748738aaa3f06464b8350b,True,22747868.0,success,2025-08-20,2025-12-02,106.0,,good,TRUE
candy,Andy's Cat,0x0632aff522a581b9ffdec2fc2b0e99245a917057,True,19999263.0,success,2024-06-04,2025-11-26,319.0,,good,TRUE
canto,CANTO,0x56c03b8c4fa80ba37f5a7b60caaaef749bb5b220,True,17537257.0,success,2022-08-23,2025-12-02,1196.0,,good,TRUE
caps,Ternoa,0x03be5c903c727ee2c8c4e9bc0acc860cca4715e2,True,11934457.0,success,2021-05-31,2025-12-02,1648.0,,good,TRUE
captain,Captain Ethereum,0x9af595c8fc201e82db65faef71d51365d7f11b5f,True,21903299.0,success,2025-09-10,2025-12-02,1544.0,,good,TRUE
capx,Capx AI,0x833e53f1e2d320e0768671dee5cec88b2d93330f,True,23443752.0,success,2025-11-05,2025-12-02,662.0,,good,TRUE
capy,Capybara Token,0xf03d5fc6e08de6ad886fca34abf9a59ef633b78a,True,17211574.0,success,2023-05-09,2025-12-02,927.0,,good,TRUE
card,Cardstack,0x954b890704693af242613edef1b603825afcd708,True,,success,2018-07-04,2025-12-16,2720.0,,good,TRUE
carrot,Carrot by Puffer,0x282a69142bac47855c3fbe1693fcc4ba3b4d5ed6,True,21585835.0,success,2025-01-31,2025-12-02,288.0,,good,TRUE
carv,CARV,0xc08cd26474722ce93f4d0c34d16201461c10aa8c,True,20332067.0,success,2024-10-10,2025-12-02,420.0,,good,TRUE
case,CASE,0x52dd39e5d1a5f4b8a622466bbe880b5427bf038e,True,22737547.0,success,2025-06-20,2025-12-02,165.0,,good,TRUE
casinu,Casinu Inu,0x1b54a6fa1360bd71a0f28f77a1d6fba215d498c3,True,19119449.0,success,2024-02-02,2025-12-02,650.0,,good,TRUE
cat,Catcoin (ETH),0x59f4f336bf3d0c49dbfba4a74ebd2a6ace40539a,True,17425840.0,success,2025-08-15,2025-12-02,111.0,,good,TRUE
cat,Mooncat CAT,0x56015bbe3c01fe05bc30a8a9a9fd9a88917e7db3,True,10625971.0,success,2020-08-19,2025-12-02,1933.0,,good,TRUE
cat,Maxwell the spinning cat,0x122303734c898e9d233affc234271f04e42e77ad,True,16558465.0,success,2024-03-08,2025-12-02,541.0,,good,TRUE
cat,Scat,0x02d7a93829b365b7ad4c582dace1493aac50a290,True,17242296.0,success,2023-05-19,2025-11-24,556.0,,good,TRUE
catalorian,Catalorian,0x8baf5d75cae25c7df6d1e0d26c52d19ee848301a,True,20743710.0,success,2024-09-19,2025-12-02,441.0,,good,TRUE
cate,CateCoin,0x051fb509e4a775fabd257611eea1efaed8f91359,True,,success,2021-05-10,2025-12-02,1669.0,,good,TRUE
cats,CatCoin Token,0xd4b92b1700615afae333b9d16d28eb55e8e689b8,True,19378154.0,success,2022-02-10,2025-12-02,1386.0,,good,TRUE
catt,Catex,0x6e605c269e0c92e70beeb85486f1fc550f9380bd,True,6109745.0,success,2019-02-16,2025-12-02,2352.0,,good,TRUE
caw,A Hunters Dream,0xf3b9569f82b18aef890de263b84189bd33ebe452,True,14581472.0,success,2022-04-20,2025-12-02,1324.0,,good,TRUE
cbat,cBAT,0x6c8c6b02e7b2be14d4fa6022dfd6d75921d90e4e,True,7710735.0,success,2020-03-05,2025-12-02,1989.0,,good,TRUE
cbbtc,Coinbase Wrapped BTC,0xcbb7c0000ab88b473b1f5afd9ef808440eed33bf,True,,success,2024-09-12,2025-12-16,462.0,,good,TRUE
cbdc,CBDC,0xe07c41e9cdf7e0a7800e4bbf90d414654fd6413d,True,18079389.0,success,2023-09-11,2025-12-02,535.0,,good,TRUE
cbeth,Coinbase Wrapped Staked ETH,0xbe9895146f7af43049ca1c1ae358b0541ea49704,True,,success,2022-08-25,2025-12-16,1211.0,,good,TRUE
cbg,Chainbing,0x1900e8b5619a3596745f715d0427fe617c729ba9,True,10545476.0,success,2021-08-30,2025-12-02,1551.0,,good,TRUE
cbk,Cobak,0xd85a6ae55a7f33b0ee113c234d2ee308edeaf7fd,True,10864813.0,success,2020-12-23,2025-12-02,1807.0,,good,TRUE
cbt,Community Business Token,0xfa93660c3f6a848556bb8e265f994160a1f2b289,True,10072364.0,success,2021-04-07,2025-12-02,1608.0,,good,TRUE
cbx,CropBytes,0x37fc4b48ce93469dbea9918468993c735049642a,True,13503039.0,success,2021-11-05,2025-11-15,1426.0,,good,TRUE
ccomp,cCOMP,0x70e36f6bf80a52b3b46b3af8e106cc0ed743e8e4,True,,success,2020-10-27,2024-02-23,496.0,,good,TRUE
ccs,CloutContracts,0x1da4858ad385cc377165a298cc2ce3fce0c5fd31,True,12905893.0,success,2021-10-18,2025-12-02,1498.0,,good,TRUE
ccv2,CryptoCart V2,0x612e1726435fe38dd49a0b35b4065b56f49c8f11,True,13570586.0,success,2021-05-04,2025-12-02,1599.0,,good,TRUE
cdceth,Crypto.com Staked ETH,0xfe18ae03741a5b84e39c295ac9c856ed7991c38e,True,,success,2023-12-12,2025-12-16,737.0,,good,TRUE
cdai,cDAI,0x5d3a536e4d6dbd6114cc1ead35777bab948e3643,True,,success,2019-08-15,2025-12-02,2303.0,,good,TRUE
cdm,CryptoDM,0x65b2c0e15ca0b6217e7f7669a205d627a36f6e5a,True,22482050.0,success,2025-05-16,2025-12-02,74.0,,good,TRUE
cds,Capital DAO Starter,0x3c48ca59bf2699e51d4974d4b6d284ae52076e5e,True,13517040.0,success,2021-11-14,2025-11-13,1125.0,,good,TRUE
cdt,CheckDot,0xcdb37a4fbc2da5b78aa4e41a432792f9533e85cc,True,15886065.0,success,2021-11-15,2025-12-02,1480.0,,good,TRUE
ceek,CEEK Smart VR,0xb056c38f6b7dc4064367403e26424cd2c60655e1,True,5307208.0,success,2018-06-13,2025-12-02,2713.0,,good,TRUE
cel,Celsius Network,0xaaaebe6fe48e54f431b0c390cfaf0b017d09d42d,True,5409020.0,success,2018-10-12,2025-12-02,2610.0,,good,TRUE
cell,Cellframe,0x26c8afbbfe1ebaca03c2bb082e69d0476bffe099,True,11849477.0,success,2021-03-21,2025-12-02,1719.0,,good,TRUE
cellex,Cellex,0x9c4ab3c926ad52e1281f6e8783cb4fe4512c5e3f,True,22377619.0,success,2025-05-08,2025-12-02,195.0,,good,TRUE
celr,Celer Network,0x4f9254c83eb525f9fcf346490bbb3ed28a81c667,True,7107317.0,success,2019-03-26,2025-12-02,2445.0,,good,TRUE
cere,Cere Network,0x2da719db753dfa10a62e140f436e1d67f2ddb0d6,True,12318882.0,success,2021-11-08,2025-12-02,1487.0,,good,TRUE
cet,CoinEx,0x081f67afa0ccf8c7b17540767bbe95df2ba8d97f,True,,success,2018-07-04,2025-12-02,2703.0,,good,TRUE
ceth,cETH,0x4ddc2d193948926d02f9b1fe9e1daa0718270ed5,True,7710758.0,success,2020-03-05,2025-12-02,2100.0,,good,TRUE
ceti,Tao Ceτi,0x1bfce574deff725a3f483c334b790e25c8fa9779,True,19400831.0,success,2024-03-15,2025-11-28,625.0,,good,TRUE
cfg,Centrifuge,0xcccccccccc33d538dbc2ee4feab0a7a1ff4e8a94,True,22166564.0,success,2025-05-20,2025-12-02,198.0,,good,TRUE
cfgi,CFGI,0xf75302720787c2a2176c87b1919059c4eaac8b98,True,21531432.0,success,2025-01-05,2025-12-02,333.0,,good,TRUE
cfi,CyberFi,0x63b4f3e3fa4e438698ce330e365e831f7ccd1ef4,True,11229059.0,success,2020-11-13,2025-12-02,1847.0,,good,TRUE
cfxq,CFX Quantum,0x0557e0d15aec0b9026dd17aa874fdf7d182a2ceb,True,10896787.0,success,2021-04-27,2025-12-02,1656.0,,good,TRUE
cgeth.hashkey,cgETH Hashkey Cloud,0xc60a9145d9e9f1152218e7da6df634b7a74ae444,True,21774414.0,success,2025-02-02,2025-11-18,280.0,,good,TRUE
cgg,Chain Guardians,0x1fe24f25b1cf609b9c4e7e12d802e3640dfa5e43,True,11980640.0,success,2021-03-11,2025-12-02,1729.0,,good,TRUE
cgpt,ChainGPT,0x25931894a86d47441213199621f1f2994e1c39aa,True,,success,2023-04-10,2025-12-02,969.0,,good,TRUE
cgt,Curio Gas Token,0x0e186357c323c806c1efdad36d217f7a54b63d18,True,19589010.0,success,2024-04-30,2025-12-02,549.0,,good,TRUE
cgu,Crypto Global United,0x849a226f327b89e3133d9930d927f9eb9346f8c9,True,13582123.0,success,2021-11-23,2025-12-01,1316.0,,good,TRUE
cgv,Cogito Finance,0xaef420fd77477d9dc8b46d704d44dd09d6c27866,True,17274419.0,success,2023-06-13,2025-12-02,905.0,,good,TRUE
cgx,Forkast,0xdbde08d475bd50e2d1a6af34c7b10dd430d8396e,True,21621380.0,success,2025-02-19,2025-11-21,277.0,,good,TRUE
chad,Based Chad,0x2efa572467c50c04a6eed6742196c0d0d287c1bb,True,,success,2024-03-21,2025-12-02,623.0,,good,TRUE
chad,Chad Coin,0x6b89b97169a797d94f057f4a0b01e2ca303155e4,True,17070488.0,success,2023-04-19,2025-12-02,947.0,,good,TRUE
chad,Chad Frog,0x9e22b4f836a461ddc7765e5fad693688e76e6069,True,19710620.0,success,2024-04-26,2025-12-02,488.0,,good,TRUE
chain,Chain Games,0xc4c2614e694cf534d407ee49f8e44d125e4681c4,True,,success,2020-08-27,2025-12-02,1925.0,,good,TRUE
champ,Super Champs,0x4af1bc87e43ddb22188bb3791ae00341586fe8fc,True,,success,2024-11-20,2025-12-03,380.0,,good,TRUE
champz,Champignons of Arborethia,0xe07a836f5201a46f376934a8a4a17185df1708c4,True,21359652.0,success,2023-07-31,2025-12-02,829.0,,good,TRUE
change,Changex,0x7051faed0775f664a0286af4f75ef5ed74e02754,True,15034917.0,success,2022-07-20,2025-12-02,1216.0,,good,TRUE
charlie,Charlie,0x6a76a004f3bda1447b7d8bbea8355866420b8cb5,True,22169098.0,success,2025-05-28,2025-11-29,179.0,,good,TRUE
chat,VectorChat.ai,0xbb3d7f42c58abd83616ad7c8c72473ee46df2678,True,18822535.0,success,2023-12-26,2025-12-01,707.0,,good,TRUE
chdd,CHEDDA,0xa110260a67fbbb6226f563844eeaf29e8c018bb7,True,21979828.0,success,2025-03-28,2025-12-02,220.0,,good,TRUE
check,Checkmate,0x9126236476efba9ad8ab77855c60eb5bf37586eb,True,23674206.0,success,2025-11-13,2025-12-02,478.0,,good,TRUE
checks,Checks Token,0x049e9f5369358786a1ce6483d668d062cfe547ec,True,17180388.0,success,2023-05-17,2025-11-23,628.0,,good,TRUE
cheems,Cheems CTO,0x41b1f9dcd5923c9542b6957b9b72169595acbc5c,True,17692419.0,success,2024-09-27,2025-12-01,427.0,,good,TRUE
cheeseball,Cheeseball the Wizard,0x103143acf2e717acf8f021823e86a1dbfe944fb5,True,20892733.0,success,2024-10-10,2025-11-21,345.0,,good,TRUE
cheesed,Cheesed,0xa247c6d23c8c7d223420700d16d189cff9357f38,True,20104376.0,success,2024-06-24,2025-11-22,357.0,,good,TRUE
cheq,CHEQD Network,0x70edf1c215d0ce69e7f16fd4e6276ba0d99d4de7,True,14392976.0,success,2021-11-26,2025-12-02,1469.0,,good,TRUE
cher,Cherry Network,0xa20f77b7ad5a88badc48800c56507b7274c06fdc,True,,success,2021-12-26,2025-12-02,1439.0,,good,TRUE
chex,Chintai,0x9ce84f6a69986a83d92c324df10bc8e64771030f,True,,success,2020-01-09,2025-12-02,2156.0,,good,TRUE
chi,Chili Coin,0x83e8fb8d8176224fcc828edc73e152ec1818a2da,True,,success,2025-07-12,2025-11-30,69.0,,good,TRUE
chi,Chi Protocol,0x3b21418081528845a6df4e970bd2185545b712ba,True,19477714.0,success,2024-04-22,2025-11-07,472.0,,good,TRUE
chib,Chiba Wan,0xa5c45d48d36607741e90c0cca29545a46f5ee121,True,20913326.0,success,2024-10-21,2025-12-01,406.0,,good,TRUE
chickenus,Chickenus Maximus,0xd2b69d3518c3820e97ea910a4a22d699a6c39272,True,22236927.0,success,2025-04-10,2025-11-23,163.0,,good,TRUE
chikun,Arise Chikun,0x9a7703338730b82a803ba050df55f9b3959f3fb2,True,17722117.0,success,2023-07-20,2025-11-29,536.0,,good,TRUE
chillguy,Just a chill guy (ETH),0x60215db40b04fe029c42c56ff2e02221c1f288ef,True,21225820.0,success,2024-12-01,2025-12-02,368.0,,good,TRUE
chisai,Chis AI,0xe266fa5a0daf2d4b5a5da1bab57aff26e4406efa,True,23599054.0,success,2025-10-18,2025-10-27,149.0,,good,TRUE
chkn,Chickencoin,0xd55210bb6898c021a19de1f58d27b71f095921ee,True,19415318.0,success,2024-04-02,2025-12-02,611.0,,good,TRUE
chkstr,CheckStrategy,0x2090dc81f42f6ddd8deace0d3c3339017417b0dc,True,,success,2025-10-08,2025-12-02,1264.0,,good,TRUE
chmpstr,ChimpStrategy,0x3ca20831ebea5c99aa6e574d83f0a7c733f7e4d0,True,,success,2025-10-18,2025-12-02,1094.0,,good,TRUE
cho,Choise.ai,0xbba39fd2935d5769116ce38d46a71bde9cf03099,True,14074979.0,success,2022-06-09,2025-12-02,1274.0,,good,TRUE
choppy,Choppy,0xf938346d7117534222b48d09325a6b8162b3a9e7,True,19364416.0,success,2024-03-06,2025-11-24,471.0,,good,TRUE
chow,CHOW CHOW,0x3e362038fd3d08887d498944d489af7909619a9b,True,17361434.0,success,2024-01-24,2025-12-02,621.0,,good,TRUE
chr,Chromia,0x8a2279d4a90b6fe1c4b30fa660cc9f926797baa2,True,10988298.0,success,2019-05-29,2025-12-02,2381.0,,good,TRUE
chrp,Chirpley,0x70bc0dc6414eb8974bc70685f798838a87d8cce4,True,,success,2022-09-11,2025-12-02,1180.0,,good,TRUE
chuck,Chuck,0x420698ebc9b7c225731c02d887d0729057339d39,True,19571092.0,success,2024-04-04,2025-11-17,375.0,,good,TRUE
chud,Chudjak,0xdb4e144234b65eb147acf1694cbdccf3381af438,True,22483877.0,success,2025-06-03,2025-12-02,131.0,,good,TRUE
chwy,CHWY,0xce176825afc335d9759cb4e323ee8b31891de747,True,20184441.0,success,2024-07-02,2025-11-26,425.0,,good,TRUE
chz,Chiliz,0x3506424f91fd33084466f402d5d97f05f8e3b4af,True,6585593.0,success,2019-07-02,2025-12-02,2347.0,,good,TRUE
cia,CIA,0x52f4d5ee6c91e01be67ca1f64b11ed0ee370817d,True,13786667.0,success,2021-12-14,2025-11-26,1151.0,,good,TRUE
cig,Cigarette,0xcb56b52316041a62b6b5d0583dce4a8ae7a3c629,True,14076792.0,success,2021-12-31,2025-11-29,1114.0,,good,TRUE
ciotx,Crosschain IOTX,0x9f90b457dea25ef802e38d470dda7343691d8fe1,True,17277290.0,success,2021-09-14,2025-12-02,1541.0,,good,TRUE
cipher,Cipher Protocol,0xf453579d18a6f8ca07db9250e0e0100eb8ccb206,True,21574386.0,success,2025-01-09,2025-11-24,140.0,,good,TRUE
cirus,Cirus,0xa01199c61841fce3b3dafb83fefc1899715c8756,True,12381652.0,success,2021-08-18,2025-12-02,1518.0,,good,TRUE
civ,Civilization,0x37fe0f067fa808ffbdd12891c0858532cfe7361d,True,12934511.0,success,2021-08-11,2025-12-02,1524.0,,good,TRUE
cix,Centurion Invest,0x6d60a8dfb16d09f67d46fcd36a0cd310078257ca,True,16119533.0,success,2022-12-15,2025-12-02,1082.0,,good,TRUE
cjpy,Convertible JPY Token,0x1cfa5641c01406ab8ac350ded7d735ec41298372,True,17780940.0,success,2023-08-22,2025-12-02,754.0,,good,TRUE
clanker,Clanker,0xec2a4820026e737e039f545cb070be338cb23df2,True,23280097.0,success,2025-09-05,2025-12-02,1213.0,,good,TRUE
clbtc,clBTC,0xe7ae30c03395d66f30a26c49c91edae151747911,True,21774425.0,success,2025-02-02,2025-12-02,302.0,,good,TRUE
clear,Everclear,0x58b9cb810a68a7f3e1e4f8cb45d1b9b3c79705e8,True,,success,2025-01-15,2025-12-02,323.0,,good,TRUE
clev,CLever,0x72953a5c32413614d24c29c84a66ae4b59581bbf,True,15722469.0,success,2022-10-13,2025-12-02,1137.0,,good,TRUE
clink,cLINK,0xface851a4921ce59e912d19329929ce6da6eb0c7,True,,success,2022-02-25,2025-12-02,1378.0,,bad,UNKNOWN
cloak,Cloak Network,0xde496a902836601e86e79d5b10e713c95580640b,True,22474315.0,success,2025-05-22,2025-12-02,196.0,,good,TRUE
closedai,ClosedAI,0x50b0696468f42cab1ddc76413a1312aff3cabdf6,True,19386906.0,success,2024-03-17,2025-12-02,537.0,,good,TRUE
closedai,Super Closed Source,0x571d9b73dc04ed88b4e273e048c8d4848f83b779,True,18680729.0,success,2024-03-13,2025-12-03,560.0,,good,TRUE
cloud,DeCloud,0xf2dfdbe1ea71bbdcb5a4662a16dbf5e487be3ebe,True,19179422.0,success,2024-02-09,2025-12-02,424.0,,good,TRUE
cls,Coldstack,0x675bbc7514013e2073db7a919f6e4cbef576de37,True,12007092.0,success,2021-05-15,2025-12-02,1664.0,,good,TRUE
clt,ChicagoCoin,0xae1e1b4d8f590371b77bee27257ef038d4b835a1,True,22629115.0,success,2025-08-12,2025-12-02,114.0,,good,TRUE
clt,CoinLoan,0x2001f2a0cf801ecfda622f6c28fb6e10d803d969,True,5101652.0,success,2018-08-01,2025-12-02,2435.0,,good,TRUE
clv,Clover Finance,0x80c62fe4487e1351b47ba49809ebd60ed085bf52,True,12318567.0,success,2021-07-17,2025-12-02,1601.0,,good,TRUE
clx,CloneX AI,0xd8a2f109bec88d9c9df6f4958c3301bd9d1929fd,True,,success,2025-01-09,2025-12-02,263.0,,good,TRUE
cmcsax,Comcast xStock,0xbc7170a1280be28513b4e940c681537eb25e39f4,True,,success,2025-07-29,2025-12-02,128.0,,good,TRUE
cmcx,CORE MultiChain,0x5b685863494c33f344081f75e5430c260c224a32,True,11909290.0,success,2021-10-20,2025-11-26,1461.0,,good,TRUE
cmeth,Mantle Restaked ETH,0xe6829d9a7ee3040e1276fa75293bde931859e8fa,True,,success,2024-10-28,2025-12-02,402.0,,good,TRUE
cmgon,Chipotle (Ondo Tokenized Stock),0x25018520138bbab60684ad7983d4432e8b8e926b,True,,success,2025-09-02,2025-12-02,83.0,,good,TRUE
cmkr,cMKR,0x95b4ef2869ebd94beb4eee400a99824bf5dc325b,True,,success,2022-02-25,2025-12-02,1378.0,,bad,UNKNOWN
cmpt,Spatial Computing,0x3d000462fb9826804a45c0ea869b83b69587f2db,True,19247261.0,success,2024-03-07,2025-12-03,619.0,,good,TRUE
cmx,CMX Agent,0x30cbdfdaab4bc15e26caf11e1a4703323d77cd3e,True,22496158.0,success,2025-05-17,2025-11-25,172.0,,good,TRUE
cnc,Conic,0x9ae380f0272e2162340a5bb646c354271c0f5cfc,True,14533764.0,success,2022-08-25,2025-11-23,1049.0,,good,TRUE
cnct,Connect,0x516d339afa72f6959b8e06a31fbc32da3e49348b,True,20544031.0,success,2024-08-28,2025-12-02,460.0,,good,TRUE
cnd,Cindicator,0xd4c435f5b09f855c3317c8524cb1f586e42795fa,True,4252963.0,success,2017-12-04,2025-12-02,2908.0,,good,TRUE
cnet,ChainNet,0x616bbb932602a9c9871e99806bdb63c9e6da9f8b,True,20836388.0,success,2024-09-30,2025-12-02,355.0,,good,TRUE
cnfi,Connect Financial,0xeabb8996ea1662cad2f7fb715127852cd3262ae9,True,,success,2021-01-07,2025-12-01,1744.0,,good,TRUE
cng,Changer,0x5c1d9aa868a30795f92fae903edc9eff269044bf,True,12699913.0,success,2021-12-20,2025-12-02,1428.0,,good,TRUE
cngn,Compliant Naira,0x17cdb2a01e7a34cbb3dd4b83260b05d0274c8dab,True,,success,2025-09-14,2025-12-02,1542.0,,good,TRUE
cnht,CNH Tether,0x6e109e9dd7fa1a58bc3eff667e8e41fc3cc07aef,True,7559657.0,success,2018-08-29,2025-12-02,1866.0,,good,UNKNOWN
cnns,CNNS,0x6c3be406174349cfa4501654313d97e6a31072e1,True,7387050.0,success,2019-05-14,2025-12-02,2392.0,,good,TRUE
cntr,Centaur,0x03042482d64577a7bdb282260e2ea4c8a89c064b,True,10802619.0,success,2020-10-09,2025-12-02,1872.0,,good,TRUE
cnw,CoinWealth,0x433fce7dfbec729a79999eaf056cb073b2153eba,True,13951741.0,success,2022-04-08,2025-11-24,1075.0,,good,TRUE
cobe,Castle Of Blackwater,0xc61edb127f58f42f47a8be8aebe83cf602a53878,True,19515811.0,success,2024-04-01,2025-12-02,612.0,,good,TRUE
coc,The Cocktailbar,0x22b6c31c2beb8f2d0d5373146eed41ab9ede3caf,True,10930837.0,success,2020-11-16,2025-12-02,1728.0,,good,TRUE
cocaine,Nose Candy,0x3595e426a7808e2482667ee4e453ef280fbb9cf4,True,,success,2024-10-07,2025-11-13,299.0,,good,TRUE
cocoro,Cocoro,0xa93d86af16fe83f064e3c0e2f3d129f7b7b002b0,True,22001943.0,success,2025-03-13,2025-12-02,263.0,,good,TRUE
code,Code Token,0x283344eea472f0fe04d6f722595a2fffefe1901a,True,,success,2024-08-03,2025-11-22,442.0,,good,TRUE
cof,Cryptoforce,0x230f5ed78a45452f726365b8ad1d6866f5faa68f,True,16810195.0,success,2023-11-11,2025-12-02,720.0,,good,TRUE
coil,SpiralDAO Coil,0x823e1b82ce1dc147bbdb25a203f046afab1ce918,True,16968450.0,success,2023-04-12,2025-12-03,730.0,,good,TRUE
coindepo,COINDEPO,0xb40725714fe8c547c5b0c1472cba3554efa81718,True,23419035.0,success,2025-09-30,2025-12-02,1520.0,,good,TRUE
coinon,Coinbase (Ondo Tokenized Stock),0xf042cfa86cf1d598a75bdb55c3507a1f39f9493b,True,,success,2025-09-02,2025-12-02,93.0,,good,TRUE
coinx,Coinbase xStock,0x364f210f430ec2448fc68a49203040f6124096f0,True,,success,2025-06-30,2025-12-02,157.0,,good,TRUE
collar,Dog Collar,0x9783b81438c24848f85848f8df31845097341771,True,12979358.0,success,2021-09-13,2025-12-02,1419.0,,good,TRUE
colle,Colle AI,0xc36983d3d9d379ddfb306dfb919099cb6730e355,True,19582596.0,success,2024-04-18,2025-12-02,595.0,,good,TRUE
colon,Colon,0xd09eb9099fac55edcbf4965e0a866779ca365a0c,True,20531342.0,success,2024-08-16,2025-12-02,467.0,,good,TRUE
comai,Commune AI,0xc78b628b060258300218740b1a7a5b3c82b3bd9f,True,19064039.0,success,2024-02-05,2025-12-02,661.0,,good,TRUE
combo,Furucombo,0xffffffff2ba8f66d4e51811c5190992176930278,True,11547910.0,success,2021-01-12,2025-12-02,1766.0,,good,TRUE
comfy,SOCOMFY,0xd00ea70e8e7b4cbd084284b029fa5590472d788b,True,,success,2024-01-07,2025-12-03,698.0,,good,TRUE
comms,CallofMeme,0x809b05ff167c7d70425951753bc0eb0fcc8e491f,True,22981649.0,success,2025-07-24,2025-11-08,81.0,,good,TRUE
comp,Compound,0xc00e94cb662c3520282e6f5717214004a7f26888,True,9601359.0,success,2020-06-16,2025-12-02,1997.0,,good,TRUE
conan,Conan,0x85d19fb57ca7da715695fcf347ca2169144523a7,True,18818735.0,success,2024-02-29,2025-12-02,644.0,,good,TRUE
conv,Convergence,0xc834fa996fa3bec7aad3693af486ae53d8aa8b50,True,12086358.0,success,2021-03-25,2025-12-02,1715.0,,good,TRUE
conwai,Conwai,0x2b117f0a9a56dddaaf0257b476bfc39ca7e6fda1,True,21144323.0,success,2024-11-28,2025-11-24,208.0,,good,TRUE
cook,Cook,0xff75ced57419bcaebe5f05254983b013b0646ef5,True,,success,2021-03-31,2025-12-02,1709.0,,good,TRUE
cook,mETH Protocol,0x9f0c013016e8656bc256f948cd4b79ab25c7b94d,True,,success,2024-10-29,2025-12-02,401.0,,good,TRUE
cookie,Cookie DAO,0xc0041ef357b183448b235a8ea73ce4e4ec8c265f,True,20011256.0,success,2024-06-13,2025-12-02,539.0,,good,TRUE
cope,Cope Coin,0xd8e163967fed76806df0097b704ba721b9b37656,True,17078589.0,success,2023-04-21,2025-11-26,917.0,,good,TRUE
copi,Cornucopias,0x42baf1f659d765c65ade5bb7e08eb2c680360d9d,True,13728622.0,success,2021-12-10,2025-12-02,1455.0,,good,TRUE
cor,Cortensor,0x8e0eef788350f40255d86dfe8d91ec0ad3a4547f,True,20826099.0,success,2024-10-02,2025-12-02,428.0,,good,TRUE
core,Coremind,0x95665780ef4fafe7822f6915a17b6d1b2d3e93d0,True,23277240.0,success,2025-09-05,2025-11-27,1365.0,,good,TRUE
core,cVault.finance,0x62359ed7505efc61ff1d56fef82158ccaffa23d7,True,10894081.0,success,2020-09-29,2025-12-02,1871.0,,good,TRUE
coredao,coreDAO,0xf66cd2f8755a21d3c8683a10269f795c0532dd58,True,14044685.0,success,2022-02-19,2025-12-02,1338.0,,good,TRUE
corgiai,CorgiAI,0x6b431b8a964bfcf28191b07c91189ff4403957d0,True,18540414.0,success,2023-07-11,2025-12-02,877.0,,good,TRUE
corn,Corn,0x44f49ff0da2498bcb1d3dc7c0f999578f67fd8c6,True,,success,2025-03-28,2025-12-02,251.0,,good,TRUE
corn,Cornbit,0x6133dca8149c0eb57328cf8fa4f212f0241ffbb1,True,22590348.0,success,2025-05-31,2025-12-02,167.0,,good,TRUE
corx,CorionX,0x26a604dffe3ddab3bee816097f81d3c4a2a4cf97,True,6432788.0,success,2020-11-16,2025-12-02,1837.0,,good,TRUE
coshi,CoShi Inu,0x668c50b1c7f46effbe3f242687071d7908aab00a,True,12279803.0,success,2021-05-04,2025-12-02,1461.0,,good,TRUE
coston,Costco (Ondo Tokenized Stock),0x0c8276e4fec072cf7854be69c70f7773d1610857,True,,success,2025-09-02,2025-12-02,86.0,,good,TRUE
cot,Cosplay Token,0x5cac718a3ae330d361e39244bf9e67ab17514ce8,True,13744655.0,success,2022-01-20,2025-12-02,1414.0,,good,TRUE
cot,CoTrader,0x5c872500c00565505f3624ab435c222e558e9ff8,True,6625109.0,success,2019-02-01,2025-12-02,2398.0,,good,TRUE
coval,Circuits of Value,0x3d658390460295fb963f54dc0899cfb1c30776df,True,,success,2015-01-23,2025-12-16,3915.0,,good,TRUE
coti,COTI,0xddb3422497e61e13543bea06989c0789117555c5,True,8040814.0,success,2019-06-05,2025-12-02,2374.0,,good,TRUE
cow,CoinWind,0x34965f73cfa05bf8d8af37cb4af64fa950605ea8,True,12478058.0,success,2021-05-25,2025-11-30,1545.0,,good,TRUE
cow,CoW Protocol,0xdef1ca1fb7fbcdc777520aa7f396b4e015f497ab,True,14186722.0,success,2022-03-28,2025-12-02,1347.0,,good,TRUE
cp,Cookies Protocol,0x5bdc32663ec75e85ff4abc2cae7ae8b606a2cfca,True,16130018.0,success,2022-12-09,2025-12-02,941.0,,good,TRUE
cpai,Moontax,0x6ef69ba2d051761afd38f218f0a3cf517d64a760,True,21567541.0,success,2025-01-08,2025-12-02,312.0,,good,TRUE
cpal,Chainpal,0x78965b1c638a7ff408d1697a96d7b8e47bb7c75f,True,20770774.0,success,2024-09-25,2025-11-28,431.0,,good,TRUE
cpool,Clearpool,0x66761fa41377003622aee3c7675fc7b5c1c2fac5,True,13461863.0,success,2021-10-28,2025-12-02,1498.0,,good,TRUE
cpu,CPUcoin,0x6d52dfefb16bb9cdc78bfca09061e44574886626,True,7727885.0,success,2019-09-18,2025-12-01,2042.0,,good,TRUE
crab,CRABBY,0x6096b8765eb48cd2193f840a977f3727e7800356,True,20180465.0,success,2024-07-03,2025-11-29,409.0,,good,TRUE
cradle,Cradle Games,0x4308135e3d92eeea3235085a1dd36b7293336938,True,21358719.0,success,2025-01-30,2025-12-02,308.0,,good,TRUE
crai,Cryptify AI,0xddbcdd8637d5cedd15eeee398108fca05a71b32b,True,21582162.0,success,2024-10-01,2025-12-02,429.0,,good,TRUE
crazy,Crazy Frog Coin,0xad5fdc8c3c18d50315331fca7f66efe5033f6c4c,True,18717575.0,success,2023-12-06,2025-12-02,703.0,,good,TRUE
crclon,Circle Internet Group (Ondo Tokenized Stock),0x3632dea96a953c11dac2f00b4a05a32cd1063fae,True,,success,2025-09-02,2025-12-02,93.0,,good,TRUE
crclx,Circle xStock,0xfebded1b0986a8ee107f5ab1a1c5a813491deceb,True,,success,2025-06-30,2025-12-02,157.0,,good,TRUE
cre,Carry,0x115ec79f1de567ec68b7ae7eda501b406626478e,True,5844508.0,success,2019-05-17,2025-11-19,2180.0,,good,TRUE
cre8,Creaticles,0xc36b4311b21fc0c2ead46f1ea6ce97c9c4d98d3d,True,,success,2021-12-03,2025-12-02,1423.0,,good,TRUE
crea,CoinCreate,0x28ae7b2ebd6f10f4393f410f6b7896380a949d62,True,,success,2024-10-20,2025-12-02,410.0,,good,TRUE
cream,Cream,0x2ba592f78db6436527729929aaf6c908497cb200,True,10594024.0,success,2020-08-05,2025-12-02,1947.0,,good,TRUE
credi,Credefi,0xae6e307c3fe9e922e5674dbd7f830ed49c014c6b,True,13709462.0,success,2021-12-09,2025-12-02,1456.0,,good,TRUE
creo,Creo Engine,0xe636f94a71ec52cc61ef21787ae351ad832347b7,True,19578307.0,success,2022-05-05,2025-12-02,1309.0,,good,TRUE
crf,Crafting Finance,0x508df5aa4746be37b5b6a69684dfd8bdc322219d,True,13795382.0,success,2021-12-17,2025-12-02,1448.0,,good,TRUE
crgpt,CryptoGPT,0x50739bd5b6aff093ba2371365727c48a420a060d,True,18571931.0,success,2024-04-01,2025-12-02,526.0,,good,TRUE
crmc,Chrema Coin,0x9ac4ee539403e3f101b9ae3620926f2ded0d0b99,True,16245839.0,success,2025-07-02,2025-12-02,155.0,,good,TRUE
crmon,Salesforce (Ondo Tokenized Stock),0x55720ef5b023fd043ae5f8d2e526030207978950,True,,success,2025-09-02,2025-12-03,78.0,,good,TRUE
crmx,Salesforce xStock,0x4a4073f2eaf299a1be22254dcd2c41727f6f54a2,True,,success,2025-11-24,2025-12-03,123.0,,good,TRUE
cro,Cronos,0xa0b73e1ff0b80914ab6fe0444e65848c4c34450b,True,6702068.0,success,2019-01-02,2025-12-02,2528.0,,good,TRUE
croc,CrocBot,0xcaa79bf8b1d00bf3d4f6dbec6221955871c04618,True,17935084.0,success,2023-08-23,2025-12-02,499.0,,good,TRUE
crome,Crome,0xceaebf7cc8b675f1a558dd2f6521b93a7237e6b3,True,23140930.0,success,2025-08-22,2025-11-07,68.0,,good,TRUE
cros,Cros,0x5a59dd979754b09ea686ce93c98d4ce8bdcb43f2,True,,success,2024-10-23,2025-12-02,400.0,,good,TRUE
crotch,CROTCH,0xaa407cae90e31b94fb384dbc6f79325ca0324048,True,22501157.0,success,2025-08-07,2025-12-01,114.0,,good,TRUE
crow,CROW,0x6325cf7b3b645de6355e37e0e88f6ff0030f9e97,True,19317193.0,success,2024-03-12,2025-12-02,632.0,,good,TRUE
crown,Crown Token,0xf3bb9f16677f2b86efd1dfca1c141a99783fde58,True,15928262.0,success,2023-05-08,2025-12-02,941.0,,good,TRUE
crpt,Crypterium,0x08389495d7456e1951ddf7c3a1314a4bfb646d8b,True,10944213.0,success,2017-12-28,2025-12-02,2852.0,,good,TRUE
crts,Cratos,0x678e840c640f619e17848045d23072844224dd37,True,12693728.0,success,2021-07-26,2025-12-02,1592.0,,good,TRUE
cru,Crust Network,0x32a7c02e79c4ea1008dd6564b35f131428673c41,True,10870650.0,success,2020-09-21,2025-12-02,1900.0,,good,TRUE
crv,Curve DAO,0xd533a949740bb3306d119cc777fa900ba034cd52,True,10647806.0,success,2020-08-14,2025-12-02,1938.0,,good,TRUE
crvfrax,Curve.fi FRAX/USDC,0x3175df0976dfa876431c2e9ee6bc45b65d3473cc,True,14939586.0,success,2022-08-17,2025-12-02,1200.0,,good,TRUE
crvrenwsbtc,Curve.fi renBTC/wBTC/sBTC,0x075b1bb99792c9e1041ba13afef80c91a1e70fb3,True,10276544.0,success,2020-08-03,2025-12-02,1378.0,,bad,UNKNOWN
crvusd,crvUSD,0xf939e0a03fb07f59a73314e73794be0e57ac1b4e,True,17257952.0,success,2023-05-24,2025-12-02,925.0,,good,TRUE
crwdx,CrowdStrike xStock,0x214151022c2a5e380ab80cdac31f23ae554a7345,True,,success,2025-07-31,2025-12-02,126.0,,good,TRUE
crx,Cerebro,0x49218282042072e054afdc90e552e832735f8316,True,21353919.0,success,2024-12-10,2025-12-02,304.0,,good,TRUE
cryn,CRYN,0xc31cebf8f9e825d1d1244d73d0a65e44bd5210db,True,16799482.0,success,2022-03-27,2025-12-02,1348.0,,good,TRUE
cryo,CryoDAO,0xf4308b0263723b121056938c2172868e408079d0,True,17137838.0,success,2024-02-13,2025-12-02,653.0,,good,TRUE
cryorat,CRYORAT,0x4cd1b2874e020c5bf08c4be18ab69ca86ec25fef,True,21314017.0,success,2024-12-07,2025-12-02,338.0,,good,TRUE
cryptiq,Cryptiq browser,0xda5fab7affc6dffd24d60e23153d241a3d9f9603,True,19385223.0,success,2024-01-06,2025-11-29,472.0,,good,TRUE
crypto,BetbuInu,0x586a7cfe21e55ec0e24f0bfb118f77fe4ca87bab,True,17878466.0,success,2023-08-18,2025-12-02,688.0,,good,TRUE
crypto,Cryptocurrency Coin,0x78d11e37e890af4589fc9d0f6f884fd165c5aa0a,True,22659854.0,success,2025-05-16,2025-12-02,202.0,,good,TRUE
cscoon,Cisco Systems (Ondo Tokenized Stock),0x980a1001ee94e54142b231f44c7ca7c9df71fbe1,True,,success,2025-09-02,2025-12-02,93.0,,good,TRUE
cscox,Cisco xStock,0x053c784cd87b74f42e0c089f98643e79c1a3ff16,True,,success,2025-07-29,2025-12-02,128.0,,good,TRUE
csi,CSI888,0x888c1a341ce9d9ae9c2d2a75a72a7f0d2551a2dc,True,20887700.0,success,2024-10-05,2025-12-02,425.0,,good,TRUE
csix,Carbon Browser,0x345887cdb19e12833ed376bbf8b8b38269f5f5c8,True,19375815.0,success,2023-02-18,2025-12-02,1020.0,,good,TRUE
csm,Crust Shadow,0x2620638eda99f9e7e902ea24a285456ee9438861,True,11273582.0,success,2021-06-03,2025-11-26,1633.0,,good,TRUE
csr,CSR,0x75ecb52e403c617679fbd3e77a50f9d10a842387,True,11820210.0,success,2022-05-17,2025-12-02,1297.0,,good,TRUE
cst,Crypto Sustainable Token,0x3c41c80b966b92d345dc8fc91e5508bc7248da6e,True,22146059.0,success,2025-10-02,2025-12-02,1477.0,,good,TRUE
csusdc,Coinshift USDC,0x7204b7dbf9412567835633b6f00c3edc3a8d6330,True,21521313.0,success,2025-04-11,2025-12-02,237.0,,bad,UNKNOWN
csusdl,Coinshift USDL Morpho Vault,0xbeefc011e94f43b8b7b455ebab290c7ab4e216f1,True,21452150.0,success,2025-04-03,2025-12-02,245.0,,bad,UNKNOWN
csushi,cSUSHI,0x4b0181102a0112a2ef11abee5563bb4a3176c9d7,True,,success,2022-02-25,2025-12-02,1378.0,,bad,UNKNOWN
cswap,ChainSwap,0xae41b275aaaf484b541a5881a2dded9515184cca,True,19385954.0,success,2024-03-11,2025-12-02,633.0,,good,TRUE
cswap,CrossSwap,0xe0b0c16038845bed3fcf70304d3e167df81ce225,True,,success,2021-08-27,2025-12-02,1226.0,,good,TRUE
ct,CryptoTwitter,0x6f2dec5da475333b0af4a3ffc9a33b0211a9a452,True,17200707.0,success,2023-05-11,2025-11-23,657.0,,good,TRUE
cta,Cross The Ages,0x90685e300a4c4532efcefe91202dfe1dfd572f47,True,19792505.0,success,2024-05-15,2025-12-02,568.0,,good,TRUE
ctax,Cryptax AI,0x498a2e9aaf2309e279b5fcda420cc3ccf16341e4,True,21587477.0,success,2025-01-11,2025-11-28,135.0,,good,TRUE
ctb,Content Bitcoin,0x435f6a29b100123ae46a3e8bf0541ab402949243,True,21034345.0,success,2025-01-03,2025-12-02,335.0,,good,TRUE
ctc,Creditcoin,0xa3ee21c306a700e682abcdfe9baa6a08f3820419,True,7575571.0,success,2020-02-06,2025-12-02,2128.0,,good,TRUE
ctcn,Contracoin,0xfd6c31bb6f05fc8db64f4b740ab758605c271fd8,True,8213918.0,success,2020-03-11,2025-11-14,1701.0,,good,TRUE
ctf,Crypto Task Force,0x525536d71848f21b66da0d239546c50ee4c1a358,True,21674473.0,success,2025-01-30,2025-12-01,263.0,,good,TRUE
ctm,c8ntinuum,0xc8ef4398664b2eed5ee560544f659083d98a3888,True,22267111.0,success,2025-04-18,2025-12-02,230.0,,good,TRUE
cto,Chief Troll Officer,0x45e412e1878080815d6d51d47b83d17869433459,True,18966091.0,success,2024-01-15,2025-12-02,465.0,,good,TRUE
cto,Chief Troll Officer,0x40c3b81fb887016c0ad02436309c2b265d069a05,True,17354775.0,success,2024-01-22,2025-12-01,503.0,,good,TRUE
cto,Chief Troll Officer,0xa426660830ed887a25c1c6158ca348038e1a37cb,True,20886824.0,success,2024-10-18,2025-11-17,233.0,,good,TRUE
ctoc,CTOC,0xe6423de1f06e3f0af27d3ca776e9446ecbdc354b,True,20425289.0,success,2025-07-22,2025-12-02,135.0,,good,TRUE
ctr,Concentrator,0xb3ad645db386d7f6d753b2b9c3f4b853da6890b8,True,15115476.0,success,2022-10-31,2025-12-01,1042.0,,good,TRUE
ctr,Creator Platform,0x923b83c26b3809d960ff80332ed00aa46d7ed375,True,13132316.0,success,2021-09-08,2025-11-09,1511.0,,good,TRUE
ctrl,AltCTRL,0xb28a3778e1a78a8c327693516ed4f5b11db41306,True,21576913.0,success,2024-02-24,2025-12-01,629.0,,good,TRUE
ctrl,Ctrl,0xe50e009ddb1a4d8ec668eac9d8b2df1f96348707,True,20728655.0,success,2024-10-21,2025-11-20,333.0,,good,TRUE
ctsi,Cartesi,0x491604c0fdf08347dd1fa4ee062a822a5dd06b5d,True,9907101.0,success,2020-04-24,2025-12-02,2050.0,,good,TRUE
ctx,Cryptex Finance,0x321c2fe4446c7c963dc41dd58879af648838f98d,True,12183936.0,success,2021-04-22,2025-12-02,1687.0,,good,TRUE
cube,Somnium Space CUBEs,0xdf801468a808a32656d2ed2d2d80b72a129739f4,True,8674870.0,success,2020-02-21,2025-12-03,2085.0,,good,TRUE
cuck,Cuckadoodledoo,0xbb63e6be33bc5b5386d7ab0529dc6c400f2ac2ec,True,17951596.0,success,2023-09-07,2025-12-02,522.0,,good,TRUE
cudos,Cudos,0x817bbdbc3e8a1204f3691d14bb44992841e3db35,True,11614773.0,success,2021-01-13,2025-12-02,1786.0,,good,TRUE
culo,Culo (ETH),0xb646c4fe0090bf6fdba226d3ccd8f775b30fdbb5,True,21022404.0,success,2024-11-22,2025-11-20,275.0,,good,TRUE
cult,Cult DAO,0xf0f9d895aca5c8678f706fb8216fa22957685a13,True,,success,2022-02-03,2025-12-02,1399.0,,good,TRUE
cult,Milady Cult Coin,0x0000000000c5dc95539589fbd24be07c6c14eca4,True,21318642.0,success,2024-12-09,2025-12-02,360.0,,good,TRUE
cultel,Cultel,0x0000003ceede5c40e5187784d3e8dd5b43dc85f6,True,21362392.0,success,2024-12-09,2025-11-07,115.0,,good,TRUE
cuminu,Cuminu,0xd6327ce1fb9d6020e8c2c0e124a1ec23dcab7536,True,12413418.0,success,2021-05-26,2025-12-02,1509.0,,good,TRUE
cuni,cUNI,0x35a18000230da775cac24873d00ff85bccded550,True,,success,2020-10-27,2025-12-02,1864.0,,good,TRUE
cusd,Cap USD,0xcccc62962d17b8914c62d74ffb843d73b2a3cccc,True,,success,2025-08-28,2025-12-02,98.0,,good,TRUE
cusd,Coin98 Dollar,0xc285b7e09a4584d027e5bc36571785b515898246,True,15151691.0,success,2022-09-19,2025-12-02,1156.0,,good,TRUE
cusdc,Compound USDC,0x39aa39c021dfbae8fac545936693ac917d5e7563,True,7710760.0,success,2019-09-04,2025-12-02,2283.0,,good,TRUE
cusdo,Compounding OpenDollar,0xad55aebc9b8c03fc43cd9f62260391c13c23e7c0,True,,success,2025-01-18,2025-12-02,292.0,,good,TRUE
cvc,Civic,0x41e5560054824ea6b0732e656e3ad64e20e94e45,True,4009731.0,success,2017-07-30,2025-12-02,3049.0,,good,TRUE
cvp,PowerPool Concentrated Voting Power,0x38e4adb44ef08f22f5b5b76a8f0c2d0dcbe7dca1,True,10697934.0,success,2020-08-28,2025-12-02,1924.0,,good,TRUE
cvt,CyberVein,0xbe428c3867f05dea2a89fc76a102b544eac7f772,True,4970280.0,success,2018-04-20,2025-11-23,2718.0,,good,TRUE
cvx,Convex Finance,0x4e3fbd56cd56c3e72c1403e103b45db9da5b9d2b,True,12450988.0,success,2021-05-17,2025-12-02,1662.0,,good,TRUE
cvxcrv,Convex CRV,0x62b9c7356a2dc64a1969e19c23e4f579f9810aa7,True,12451018.0,success,2021-05-24,2025-12-02,1655.0,,good,TRUE
cvxfxn,Convex FXN,0x183395dbd0b5e93323a7286d1973150697fffcb3,True,18217854.0,success,2023-11-15,2025-12-02,749.0,,good,TRUE
cvxfxs,Convex FXS,0xfeef77d3f69374f66429c91d732a244f074bdf74,True,13854115.0,success,2023-02-12,2025-12-02,1026.0,,good,TRUE
cvxon,Chevron (Ondo Tokenized Stock),0x8f3e41b378ae010c46d255f36bfc1d303b52dceb,True,,success,2025-09-02,2025-11-28,78.0,,good,TRUE
cvxprisma,Convex Prisma,0x34635280737b5bfe6c7dc2fc3065d60d66e78185,True,18441544.0,success,2023-11-15,2025-11-08,680.0,,good,TRUE
cvxx,Chevron xStock,0xad5cdc3340904285b8159089974a99a1a09eb4c0,True,,success,2025-11-19,2025-12-02,225.0,,good,TRUE
cwbtc,cWBTC,0xccf4429db6322d5c611ee964527d42e5d685dd6a,True,,success,2020-03-17,2025-12-02,2088.0,,good,TRUE
cweb,Coinweb,0x505b5eda5e25a67e1c24a2bf1a527ed9eb88bf04,True,13845715.0,success,2021-12-30,2025-12-02,1435.0,,good,TRUE
cwt,CoinW,0x901ea3606d567f9f1e964639d5cbb8659080be8a,True,8327700.0,success,2023-09-29,2025-12-02,797.0,,good,TRUE
cx,Cortex,0x000000000000012def132e61759048be5b5c6033,True,21078202.0,success,2025-02-12,2025-12-01,287.0,,good,TRUE
cxlyr,Context Layer,0xf2bd00b366a378156863eaa699dc707aa2cdaf25,True,22789505.0,success,2025-06-28,2025-11-03,75.0,,good,TRUE
cxo,CargoX,0xb6ee9668771a79be7967ee29a63d4184f8097143,True,4920532.0,success,2018-02-02,2025-12-02,2842.0,,good,TRUE
cxt,Covalent X Token,0x7abc8a5768e6be61a6c693a6e4eacb5b60602c4d,True,20279432.0,success,2024-07-13,2025-12-02,509.0,,good,TRUE
cyber,CYBER,0x14778860e937f509e651192a90589de711fb88a9,True,17817688.0,success,2023-08-15,2025-12-02,842.0,,good,TRUE
cybonk,CYBONK,0x9194337c06405623c0f374e63fa1cc94e2788c58,True,19364346.0,success,2024-03-07,2025-11-28,573.0,,good,TRUE
cybro,CYBRO,0xd58826d2c0babf1a60d8b508160b52e9c19aff07,True,21722757.0,success,2024-12-14,2025-12-02,355.0,,good,TRUE
cyc,Cycle Network,0x5845684b49aef79a5c0f887f50401c247dca7ac6,True,22774225.0,success,2025-08-04,2025-12-02,122.0,,good,TRUE
cyc,Cyclone Protocol,0x8861cff2366c1128fd699b68304ad99a0764ef9a,True,11831864.0,success,2021-02-24,2025-12-02,1743.0,,good,TRUE
cyclxv1,Cyclxv1,0x96ea5b86219ec88ec18ca732c81c0f942d1dbefb,True,23698683.0,success,2025-11-02,2025-12-02,273.0,,good,TRUE
cydx,CyberDEX,0xa0084063ea01d5f09e56ef3ff6232a9e18b0bacd,True,19761511.0,success,2024-07-24,2025-12-02,498.0,,good,TRUE
cyfi,cYFI,0x80a2ae356fc9ef4305676f7a3e2ed04e12c33946,True,,success,2021-08-05,2025-12-02,1515.0,,good,TRUE
cypepe,CyPepe,0x80a88dc663fa256e34ecb5a47314702313b162a5,True,19985472.0,success,2024-06-04,2025-11-09,348.0,,good,TRUE
cypher,Cypher AI,0xbcd75980d2e49655b2205fdbfebdebaef740fc23,True,22702806.0,success,2025-06-16,2025-11-25,75.0,,good,TRUE
cypher,Cypher App,0xe4db4aa085d10585693c82fc588a4bb2c34def64,True,22718380.0,success,2025-06-16,2025-11-22,87.0,,good,TRUE
czar,Crypto Czar,0xc539f8e194569b3db935d70fa2e7cadd7dad7f35,True,21231079.0,success,2024-11-23,2025-11-28,293.0,,good,TRUE
czrx,c0x,0xb3319f5d18bc0d84dd1b4825dcde5d5f7266d407,True,7710733.0,success,2020-03-05,2025-12-02,2097.0,,good,TRUE
d,Dar Open Network,0x33b481cbbf3c24f2b3184ee7cb02daad1c4f49a8,True,,success,2025-01-09,2025-12-02,329.0,,good,TRUE
d.o.g.e,Department Of Government Efficiency,0x46fdcddfad7c72a621e8298d231033cc00e067c6,True,20710307.0,success,2024-10-01,2025-12-02,421.0,,good,TRUE
d/acc,d/acc,0x81db1949d0e888557bc632f7c0f6698b1f8c9106,True,18665697.0,success,2023-12-01,2025-11-28,722.0,,good,TRUE
d2d,Prime,0x43d4a3cd90ddd2f8f4f693170c9c8098163502ad,True,13726726.0,success,2021-12-15,2025-12-03,1025.0,,good,TRUE
d2t,Dash 2 Trade,0x4dd942baa75810a3c1e876e79d5cd35e09c97a76,True,15783161.0,success,2023-01-11,2025-12-02,1011.0,,good,TRUE
dacat,daCat,0x814a870726edb7dfc4798300ae1ce3e5da0ac467,True,19070924.0,success,2024-01-24,2025-12-02,680.0,,good,TRUE
dafi,Dafi Protocol,0xfc979087305a826c2b2a0056cfaba50aad3e6439,True,12044036.0,success,2021-03-18,2025-12-02,1722.0,,good,TRUE
dai,Dai,0x6b175474e89094c44da98b954eedeac495271d0f,True,8928158.0,success,2019-11-19,2025-12-02,2207.0,,good,TRUE
daifuku,DAIFUKU,0xd7075f79df19c279ba5a9eb04a00474c43a3d73e,True,23256647.0,success,2025-09-09,2025-11-28,1606.0,,good,TRUE
daii,DAII,0x1981e32c2154936741ab6541a737b87c68f13ce1,True,18667350.0,success,2024-01-11,2025-11-23,535.0,,good,TRUE
dam,Datamine,0xf80d589b3dbe130c270a69f1a69d050f268786df,True,10027210.0,success,2020-06-23,2025-12-02,1789.0,,good,TRUE
dam,Reservoir,0x0fedba9178b70e8b54e2af08ebffcf28a1e5a43b,True,22326891.0,success,2025-08-18,2025-12-03,109.0,,good,TRUE
dao,DAO Maker,0x0f51bb10119727a7e5ea3538074fb341f56b09ad,True,11607504.0,success,2021-02-09,2025-12-02,1759.0,,good,TRUE
dapp,LiquidApps,0x939b462ee3311f8926c047d2b576c389092b1649,True,12784798.0,success,2019-04-12,2025-12-02,2418.0,,good,UNKNOWN
dar,Mines of Dalarnia,0x081131434f93063751813c619ecca9c4dc7862a3,True,13454131.0,success,2021-11-04,2025-12-02,1491.0,,good,TRUE
daram,Daram,0xad86b91a1d1db15a4cd34d0634bbd4ecacb5b61a,True,20938592.0,success,2024-10-19,2025-12-02,411.0,,good,TRUE
dash,DASH,0xedc3be0080f65c628964f44ba3f2b6057e60f8dc,True,20511151.0,success,2024-09-24,2025-11-28,279.0,,good,TRUE
dashon,DoorDash (Ondo Tokenized Stock),0x241958c86c7744d15d5f6314ba1ea4c81dda2896,True,,success,2025-09-02,2025-12-02,64.0,,good,TRUE
data,Databot,0xb551b43af192965f74e3dfaa476c890b403cad95,True,17886954.0,success,2023-08-30,2025-12-02,824.0,,good,TRUE
data,Streamr,0x8f693ca8d21b157107184d29d398a8d082b38b76,True,12819337.0,success,2021-08-23,2025-12-03,1565.0,,good,TRUE
datboi,Dat Boi,0xd6f8ab9b0f0a06a87ec2599c97e8b867b0fa7814,True,21567802.0,success,2025-01-10,2025-12-02,252.0,,good,TRUE
daumen,daumenfrosch,0x80795a7bb55f003b1572411a271e31f73e03dd73,True,20111920.0,success,2024-06-24,2025-11-30,369.0,,good,TRUE
dawae,Dawae,0x2a897de60073e13c1f34f672033c1c1d08657fbb,True,,success,2025-02-14,2025-12-02,293.0,,good,TRUE
dawae,DaWae,0x7cfd34ca2dceca6c835adc7e61409a089cfff14a,True,22590569.0,success,2025-06-02,2025-12-02,183.0,,good,TRUE
dawg,Dawg Coin,0xd5fa38027462691769b8a8ba6c444890103b5b94,True,18691193.0,success,2023-12-04,2025-11-29,707.0,,good,TRUE
dawgs,SpaceDawgs,0x64a77277e37d44957fe5815d6ff442ab8b16cc29,True,13851609.0,success,2021-07-13,2025-12-02,1188.0,,good,TRUE
day,Dayhub,0x2282c726f54c93193e6b8e5bf1b82303dc11d36e,True,21320627.0,success,2024-12-13,2025-12-02,356.0,,good,TRUE
dbd,Day By Day,0xa5f1dbb0e55bc31f32c6d032bee330288490e722,True,6107638.0,success,2021-12-17,2025-12-02,1448.0,,good,TRUE
dbi,Don't Buy Inu,0x2de509bf0014ddf697b220be628213034d320ece,True,15748257.0,success,2022-11-01,2025-12-02,1129.0,,good,TRUE
dbit,Dialectic BTC Vault,0x972966bcc17f7d818de4f27dc146ef539c231bdf,True,23428036.0,success,2025-10-01,2025-12-02,1076.0,,good,TRUE
dbr,DOLA Borrowing Right,0xad038eb671c44b853887a7e32528fab35dc5d710,True,16155758.0,success,2022-12-19,2025-12-02,974.0,,good,TRUE
dbt,Debtcoin,0x1e3f20bee9884aececee4bc2e83926cf612d48ff,True,19606803.0,success,2025-09-19,2025-10-01,44.0,,good,UNKNOWN
dbx,DBX,0x3cbc780d2934d55a06069e837fabd3e6fc23dab0,True,12243857.0,success,2021-05-21,2025-12-02,1549.0,,good,TRUE
dc,Dogechain,0x7b4328c127b85369d9f82ca0503b000d09cf9180,True,15383369.0,success,2022-08-25,2025-12-02,1197.0,,good,TRUE
dcn,Dentacoin,0x08d32b0da63e2c3bcf8019c9c5d849d7a9d791e6,True,3182930.0,success,2017-10-29,2025-11-30,2911.0,,good,TRUE
dcoin,Dogcoin,0xf1bb41f9ed87e6c7e1f70e921b7b4bee1df7ae9c,True,21638803.0,success,2025-01-24,2025-12-02,308.0,,good,TRUE
dd,DuckDAO,0x7d51888c5abb7cdfa9cdd6a50673c7f8afaccd7f,True,18678817.0,success,2023-12-02,2025-12-02,712.0,,good,TRUE
ddawgs,Deputy Dawgs,0x19f78a898f3e3c2f40c6e0cd2ee5545f549d5e99,True,17621876.0,success,2025-07-26,2025-12-01,65.0,,good,TRUE
ddbam,Didi Bam Bam,0x5832fbf930dacbdd9a1697dca7b3c518277ff0b0,True,21235113.0,success,2024-11-22,2025-12-02,377.0,,good,TRUE
ddx,DerivaDAO,0x3a880652f47bfaa771908c07dd8673a787daed3a,True,11383460.0,success,2020-12-23,2025-12-02,1750.0,,good,TRUE
dead,DEAD,0xf0197f10ea542a67914ecc0ec5304dc9df1faf6f,True,23803590.0,success,2025-11-30,2025-12-02,64.0,,good,TRUE
deai,DeCenter AI,0x781db9a4d8ae055571e8796dd4423bc13cee5dd6,True,21888783.0,success,2025-05-12,2025-12-02,206.0,,good,TRUE
deai,Zero1 Labs,0x1495bc9e44af1f8bcb62278d2bec4540cf0c05ea,True,,success,2024-03-22,2025-12-03,623.0,,good,TRUE
deb,AndUsChain,0xa1e770be76bde604f8ebb66f640250a787b9422b,True,9828659.0,success,2021-11-24,2025-12-02,1404.0,,good,TRUE
dec,Dark Energy Crystals,0x9393fdc77090f31c7db989390d43f454b1a6e7f3,True,9132259.0,success,2020-10-26,2025-12-02,1865.0,,good,TRUE
dec,Decentr,0x30f271c9e86d2b7d00a6376cd96a1cfbd5f0b9b3,True,10376369.0,success,2020-07-13,2025-12-02,1970.0,,good,TRUE
deci,Maximus DECI,0x6b32022693210cd2cfc466b9ac0085de8fc34ea6,True,15476328.0,success,2022-10-08,2025-12-02,1102.0,,good,TRUE
dect,DEC Token,0xdb99b0477574ac0b2d9c8cec56b42277da3fdb82,True,21211095.0,success,2025-04-20,2025-12-02,225.0,,good,TRUE
deedstr,OtherdeedStrategy,0xe8cbeccf2140238c5358e60c69203303f3a91732,True,,success,2025-10-26,2025-12-02,859.0,,good,TRUE
deepai,Deep Whales AI,0x18bc66f0c15e27179dd8e2277c1c9c056df0a14d,True,20219211.0,success,2024-10-18,2025-12-02,412.0,,good,TRUE
def1,DEF1,0x71a44d1f075c41903cc73840f387909bb226def1,True,,success,2025-09-09,2025-12-02,1391.0,,good,TRUE
defi,DeFi,0x6b0faca7ba905a86f221ceb5ca404f605e5b3131,True,19027589.0,success,2024-01-31,2025-12-02,673.0,,good,TRUE
defi,DiversiFi,0x90ba94f4e64e327c444d7ac7f1056ead4ea6fd98,True,23361381.0,success,2025-09-18,2025-12-02,777.0,,good,TRUE
defrogs,DeFrogs,0xd555498a524612c67f286df0e0a9a64a73a7cdc7,True,19166603.0,success,2024-02-07,2025-12-02,666.0,,good,TRUE
defx,DeFinity,0x5f474906637bdcda05f29c74653f6962bb0f8eda,True,12470054.0,success,2021-05-28,2025-12-02,1636.0,,good,TRUE
dega,DEGA,0x97aee01ed2aabad9f54692f94461ae761d225f17,True,20270566.0,success,2024-07-25,2025-12-02,486.0,,good,TRUE
degen,Degen Arena,0x420658a1d8b8f5c36ddaf1bb828f347ba9011969,True,22682705.0,success,2025-06-14,2025-12-02,173.0,,good,TRUE
degen,Degen,0xfee293840d23b0b2de8c55e1cf7a9f01c157767c,True,19690176.0,success,2024-01-15,2025-12-02,689.0,,good,TRUE
degen,DegensTogether,0xbe92b510007bd3ec0adb3d1fca338dd631e98de7,True,17239453.0,success,2023-05-22,2025-12-02,875.0,,good,TRUE
dego,Dego Finance,0x3da932456d082cba208feb0b096d49b202bf89c8,True,14343634.0,success,2020-09-16,2025-12-02,1905.0,,good,TRUE
delrey,Delrey Inu,0xfca89d55a768375ab7ca04485a35a964bea828dd,True,16899421.0,success,2023-04-03,2025-12-01,609.0,,good,TRUE
delta,Delta Financial,0x9ea3b5b4ec044b70375236a281986106457b20ef,True,,success,2021-03-29,2025-11-27,1593.0,,good,TRUE
dent,Dent,0x3597bfd533a99c9aa083587b074434e61eb0a258,True,4010949.0,success,2017-11-14,2025-12-02,2942.0,,good,TRUE
dep,DEAPCOIN,0x1a3496c18d558bd9c6c8f609e1b129f67ab08163,True,8431040.0,success,2020-04-14,2025-12-02,2060.0,,good,TRUE
depay,DePay,0xa0bed124a09ac2bd941b10349d8d224fe3c955eb,True,10862235.0,success,2020-11-22,2025-11-27,1732.0,,good,TRUE
depin,Depinet,0x28e58ee9932697f610de907a279684d30c407ba9,True,21409008.0,success,2024-12-16,2025-11-28,158.0,,good,TRUE
deploy,Deploy,0xc3d2c4baa028c9758f4262feaf9d5a539a643570,True,23291122.0,success,2025-09-13,2025-10-21,427.0,,good,TRUE
depot,Depot App,0x8c174ac036c40941291f5eaadf2555fd6fb6a8df,True,23141163.0,success,2025-08-16,2025-11-26,67.0,,good,TRUE
deri,Deri Protocol,0xa487bf43cf3b10dffc97a9a744cbb7036965d3b9,True,11814105.0,success,2021-02-10,2025-12-02,1758.0,,good,TRUE
derp,Derp Coin,0x878fcc2bdcccff8c56812607b9a58f29b274c4f0,True,17192243.0,success,2023-05-11,2025-11-26,854.0,,good,TRUE
desci,SUI Desci Agents,0xaec613188b1e178d42a05d352044d54854c3196a,True,21385836.0,success,2024-12-27,2025-12-03,343.0,,good,TRUE
desu,DESU,0xb40865a6ed718f57468cd3f4f60825a130b89a51,True,22897320.0,success,2025-07-16,2025-12-02,141.0,,good,TRUE
detensor,DeTensor,0xe6f4a40156c9e8c7addda66848bbb99fdedecf84,True,19478259.0,success,2024-04-01,2025-11-21,349.0,,good,TRUE
detf,Decentralized ETF,0x5516ac1aaca7bb2fd5b7bdde1549ef1ea242953d,True,14944666.0,success,2023-07-18,2025-11-16,815.0,,good,TRUE
deth,Dialectic ETH Vault,0x871ab8e36cae9af35c6a3488b049965233deb7ed,True,23428036.0,success,2025-10-01,2025-12-02,1485.0,,good,TRUE
deto,Delta Exchange,0xab93df617f51e1e415b5b4f8111f122d6b48e55c,True,12146434.0,success,2021-04-01,2025-12-02,1693.0,,good,TRUE
deuro,Decentralized Euro,0xba3f535bbcccca2a154b573ca6c5a49baae0a3ea,True,22088283.0,success,2025-04-04,2025-12-02,244.0,,good,TRUE
deus,DEUS Finance,0xde5ed76e7c05ec5e4572cfc88d1acea165109e44,True,13333211.0,success,2021-10-05,2025-12-02,1521.0,,good,TRUE
deusd,Elixir deUSD,0x15700b564ca08d9439c58ca5053166e8317aa138,True,,success,2024-08-01,2025-12-02,490.0,,good,TRUE
dev,Dev Protocol,0x5caf454ba92e6f2c929df14667ee360ed9fd5b26,True,9389482.0,success,2020-06-02,2025-11-30,1674.0,,good,TRUE
devve,DevvE,0x8248270620aa532e4d64316017be5e873e37cc09,True,19130606.0,success,2024-02-09,2025-12-02,664.0,,good,TRUE
dew,doge in a memes world,0xa13edd1a27ab4fb8982c033acb082cdb5f98b79b,True,19990479.0,success,2024-06-03,2025-12-02,315.0,,good,TRUE
dewa,DEWA GO,0x226676c9e15be689817f5ae44863f0811181a5ae,True,22716632.0,success,2025-10-21,2025-12-02,744.0,,good,TRUE
dexe,DeXe,0xde4ee8057785a7e8e800db58f9784845a5c2cbd6,True,10951421.0,success,2020-10-06,2025-12-02,1885.0,,good,TRUE
dexed,DEXED,0xb6182b03d9aea18b6b2a0e5e41d99f0f7f2e5ee9,True,21165335.0,success,2024-03-01,2025-11-22,485.0,,good,TRUE
dexl,Dexlens,0x2e8fafaf34f610af898d6a5eabcad82417c56ed9,True,21651871.0,success,2025-06-19,2025-12-02,167.0,,good,TRUE
dext,DexTools,0xfb7b4564402e5500db5bb6d63ae671302777c75a,True,12755070.0,success,2020-06-10,2025-12-02,2003.0,,good,TRUE
dextf,Memento,0x5f64ab1544d28732f0a24f4713c2c8ec0da089f0,True,10798145.0,success,2020-09-29,2025-12-02,1843.0,,good,TRUE
df,dForce,0x431ad2ff6a9c365805ebad47ee021148d6f7dbe0,True,8217043.0,success,2020-01-17,2025-12-02,2032.0,,good,TRUE
dfa,DeFine,0x62959c699a52ec647622c91e79ce73344e4099f5,True,,success,2021-08-10,2025-11-21,1566.0,,good,TRUE
dfdvx,DeFi Development Corp.,0x521860bb5df5468358875266b89bfe90d990c6e7,True,,success,2025-07-05,2025-12-02,152.0,,good,TRUE
dfi,DeFiChain,0x8fc8f8269ebca376d046ce292dc7eac40c8d358a,True,11737401.0,success,2020-07-01,2025-12-02,1982.0,,good,TRUE
dfiat,DeFiato,0x1045f5ccb01daea4f8eab055f5fcbb7c0e7c89f0,True,14190044.0,success,2020-12-16,2025-12-02,1500.0,,good,TRUE
dfiusd,Diversified USD,0xdf100b8abd3cd41fc5cc1236ad7c6629a901afbf,True,23343879.0,success,2025-10-19,2025-12-02,1054.0,,good,TRUE
dfnd,dFund,0xd2adc1c84443ad06f0017adca346bd9b6fc52cab,True,12349913.0,success,2021-05-07,2025-12-02,1669.0,,good,TRUE
dfndr,Defender Bot,0x3f57c35633cb29834bb7577ba8052eab90f52a02,True,19042369.0,success,2024-01-25,2025-11-16,662.0,,good,TRUE
dfp2,DefiPlaza,0x2f57430a6ceda85a67121757785877b4a71b8e6d,True,13346531.0,success,2021-10-28,2025-12-02,1436.0,,good,TRUE
dft,DigiFinex,0xa2a54f1ec1f09316ef12c1770d32ed8f21b1fb6a,True,5265897.0,success,2018-08-14,2025-12-02,2652.0,,good,TRUE
dfx,CoinDesk DeFi Select Index,0x188d12eb13a5eadd0867074ce8354b1ad6f4790b,True,,success,2025-02-27,2025-12-02,243.0,,good,TRUE
dfx,DFX Finance,0x888888435fde8e7d4c54cab67f206e4199454c60,True,11652321.0,success,2021-03-03,2025-12-02,1736.0,,good,TRUE
dfyn,Dfyn Network,0x9695e0114e12c0d3a3636fab5a18e6b737529023,True,12386317.0,success,2021-05-10,2025-12-02,1669.0,,good,TRUE
dg,Decentral Games,0x4b520c812e8430659fc9f12f6d0c39026c83588d,True,13640632.0,success,2021-12-02,2025-12-02,1463.0,,good,TRUE
dg,Decentral Games (Old),0xee06a81a695750e71a662b51066f2c74cf4478a0,True,11334105.0,success,2020-12-02,2025-12-02,1812.0,,good,TRUE
dg,DeGate,0x53c8395465a84955c95159814461466053dedede,True,11963886.0,success,2021-03-17,2025-12-02,1698.0,,good,TRUE
dgen,DGEN,0x45f93404ae1e4f0411a7f42bc6a5dc395792738d,True,,success,2023-08-18,2025-12-02,705.0,,good,TRUE
dgh,DigiHealth,0xfd2cf2202f049064865dc32c6cf81eeb34074b39,True,21287158.0,success,2024-12-30,2025-12-02,333.0,,good,TRUE
dgi,DeFi Growth Index,0x9a1741e151233a82cf69209a2f1bc7442b1fb29c,True,,success,2025-03-01,2025-12-02,239.0,,good,TRUE
dgma,DaGama World,0x4bdfa27ce379d7601da1d15bd637a1cf895ff8fb,True,23246264.0,success,2025-09-25,2025-12-02,1649.0,,good,TRUE
dgmv,DigiMetaverse,0x8eedefe828a0f16c8fc80e46a87bc0f1de2d960c,True,13443203.0,success,2022-02-17,2025-12-02,1269.0,,good,TRUE
dgn,Decentralized Gaming Network,0x67cc202bac06c2bf9b4ff64c534465e037ee44c6,True,23285716.0,success,2025-09-05,2025-11-26,1017.0,,good,TRUE
dgneth,Degen ETH Staked ETH,0x005f893ecd7bf9667195642f7649da8163e23658,True,,success,2024-09-04,2025-12-02,341.0,,good,TRUE
dgold,DataGold,0x08d9040214c4aba39292fd2e7de20bbba7a8dce4,True,,success,2024-12-04,2025-12-02,363.0,,good,TRUE
dgtx,Digitex,0xc666081073e8dff8d3d1c2292a29ae1a2153ec09,True,11052613.0,success,2018-05-26,2025-11-22,2500.0,,good,TRUE
dhn,Dohrnii,0x32462ba310e447ef34ff0d15bce8613aa8c4a244,True,14179010.0,success,2022-05-22,2025-12-02,1291.0,,good,TRUE
dhrx,Danaher xStock,0xdba228936f4079daf9aa906fd48a87f2300405f4,True,,success,2025-08-01,2025-12-02,125.0,,good,TRUE
dht,dHEDGE DAO,0xca1207647ff814039530d7d35df0e1dd2e91fa84,True,,success,2020-09-17,2025-12-02,1904.0,,good,TRUE
dhv,DeHive,0x62dc4817588d53a056cbbd18231d91ffccd34b2a,True,12057527.0,success,2021-04-22,2025-12-02,1687.0,,good,TRUE
dia,DIA,0x84ca8bc7997272c7cfb4d0cd3d55cd942b3c9419,True,9010514.0,success,2020-08-03,2025-12-02,1949.0,,good,TRUE
diamond,Diamond Inu,0xcfffcd2c6294bbb01ca55cbb4a281bdcf532c1ce,True,19809305.0,success,2024-05-10,2025-11-26,334.0,,good,TRUE
dickstr,DickStrategy,0x8680acfacb3fed5408764343fc7e8358e8c85a4c,True,23398561.0,success,2025-09-22,2025-12-02,1674.0,,good,TRUE
die,Die Protocol,0x6ef6610d24593805144d73b13d4405e00a4e4ac7,True,15789317.0,success,2022-10-21,2025-12-01,797.0,,good,TRUE
digau,Dignity Gold,0x394d14d78850e516fa5eb88f843ef43196e136b0,True,,success,2024-09-10,2025-12-16,435.0,,good,TRUE
digg,DIGG,0x798d1be841a82a273720ce31c822c61a67a601c3,True,,success,2021-01-23,2025-11-27,1653.0,,good,TRUE
digits,Digits DAO,0xbe56ab825fd35678a32dc35bc4eb17e238e1404f,True,16393622.0,success,2022-02-10,2025-12-02,1137.0,,good,TRUE
dildo,Green Dildo Coin,0x4c3e9772698084b00b413106723e700797921c6b,True,23020612.0,success,2025-07-31,2025-12-02,125.0,,good,TRUE
dimo,DIMO,0x5fab9761d60419c9eeebe3915a8fa1ed7e8d2e1b,True,,success,2022-12-16,2025-12-02,1084.0,,good,TRUE
dinero,Dinero,0x6df0e641fc9847c0c6fde39be6253045440c14d3,True,20354223.0,success,2024-07-24,2025-12-02,498.0,,good,TRUE
dinger,Dinger,0x9e5bd9d9fad182ff0a93ba8085b664bcab00fa68,True,13442242.0,success,2021-10-26,2025-12-02,1488.0,,good,TRUE
dino,DinoLFG,0x49642110b712c1fd7261bc074105e9e44676c68f,True,15948828.0,success,2022-11-16,2025-12-02,1114.0,,good,TRUE
dinu,Dogey-Inu,0xbb1ee07d6c7baeb702949904080eb61f5d5e7732,True,12284129.0,success,2021-06-16,2025-12-02,1613.0,,good,TRUE
dione,Wrapped Dione,0x65278f702019078e9ab196c0da0a6ee55e7248b7,True,21192451.0,success,2025-07-23,2025-12-03,135.0,,good,TRUE
dip,Etherisc DIP,0xc719d010b63e5bbf2c0551872cd5316ed26acd83,True,5835266.0,success,2018-10-30,2025-12-02,2452.0,,good,TRUE
dis,TosDis,0x220b71671b649c03714da9c621285943f3cbcdc6,True,11673575.0,success,2021-01-23,2025-12-03,1777.0,,good,TRUE
disco,Disco By Matt Furie,0x787b197f793f7d04366536f6a7a56a799868a64b,True,23370927.0,success,2025-09-20,2025-12-02,1767.0,,good,TRUE
dison,Disney (Ondo Tokenized Stock),0xc3d93b45249e8e06cfeb01d25a96337e8893265d,True,,success,2025-09-02,2025-12-02,80.0,,good,TRUE
ditto,Ditto,0x5900a453d0507be16fe91fef5d1edd5f8816dd20,True,22790845.0,success,2025-07-03,2025-12-02,99.0,,good,TRUE
diva,DIVA Protocol,0x4b7ffcb2b92fb4890f22f62a52fb7a180eab818e,True,17409999.0,success,2023-08-25,2025-11-25,420.0,,good,TRUE
diver,Divergence Protocol,0xfb782396c9b20e564a64896181c7ac8d8979d5f4,True,13214899.0,success,2021-09-28,2025-12-02,1528.0,,good,TRUE
divi,Divi,0x246908bff0b1ba6ecadcf57fb94f6ae2fcd43a77,True,14443844.0,success,2018-10-12,2025-12-02,2610.0,,good,TRUE
djt,TrumpChain,0x968496dd59efc1caa11e94fda99ea67db7be5cd9,True,20863693.0,success,2024-10-18,2025-12-01,363.0,,good,TRUE
dka,dKargo,0x5dc60c4d5e75d22588fa17ffeb90a63e535efce0,True,10025507.0,success,2020-07-24,2025-12-02,1959.0,,good,TRUE
dkuma,KumaDex Token,0x3f5dd1a1538a4f9f82e543098f01f22480b0a3a8,True,12498975.0,success,2022-08-16,2025-12-02,1133.0,,good,TRUE
dlb,DiemLibre,0x87c22615435998d69aca34889d03155b694a94fc,True,12336788.0,success,2022-01-20,2025-12-02,234.0,,good,TRUE
dmaga,dark maga,0x5640e0560e6afd6a9f4ddb41230d0201d181fea7,True,19911540.0,success,2024-10-08,2025-12-02,405.0,,good,TRUE
dmcc,Decentralized Music Chain,0xce629ad753a774062d389198117352c44726d105,True,23249636.0,success,2024-02-08,2025-12-02,504.0,,good,TRUE
dmind,DataMind,0xda1dcf1ceb9988442d8eb4ed980139d67afe65d6,True,22874780.0,success,2025-07-10,2025-11-14,50.0,,good,TRUE
dmind,DecentraMind,0x3eb9c7ee5f72e51f61e832137719fe8d1e53a2ce,True,18679719.0,success,2023-12-01,2025-11-26,556.0,,good,TRUE
dmp,Decentral Mining Protocol,0xec6a4a88471dec876aaf065e79b35bf84750f672,True,23041076.0,success,2025-08-05,2025-12-02,62.0,,good,TRUE
dmt,DarkMatter,0x5b1d655c93185b06b00f7925791106132cb3ad75,True,13648413.0,success,2022-02-27,2025-11-22,1102.0,,good,TRUE
dmt,Dark Matter,0x79126d32a86e6663f3aaac4527732d0701c1ae6c,True,11152889.0,success,2021-03-07,2025-11-23,1447.0,,good,TRUE
dmt,Dream Machine Token,0x0b7f0e51cd1739d6c96982d55ad8fa634dd43a9c,True,17380967.0,success,2023-05-23,2025-12-02,926.0,,good,TRUE
dmtr,Dimitra,0x51cb253744189f11241becb29bedd3f1b5384fdb,True,12928805.0,success,2021-09-22,2025-12-02,1534.0,,good,TRUE
dmx,Dymmax,0xf058501585023d040ea9493134ed72c083553eed,True,11042291.0,success,2020-12-25,2025-12-02,1591.0,,good,TRUE
dna,DNA,0x4111e80dc868599a2a408767176d09b7db84c8a1,True,23197949.0,success,2025-08-25,2025-12-02,100.0,,good,TRUE
dna,EncrypGen,0xef6344de1fcfc5f48c30234c16c1389e8cdc572c,True,11796767.0,success,2017-12-04,2025-12-02,2892.0,,good,TRUE
dna,Muhdo Hub,0x7d3e4165fd7d8590fb2a415a550f7bdece5c4f52,True,21457893.0,success,2024-12-24,2025-12-02,345.0,,good,TRUE
dnode,DecentraNode,0x014337b35167b3711195361bb85259009e50a8a4,True,19269415.0,success,2024-02-25,2025-12-02,338.0,,good,TRUE
dnow,DuelNow,0x8074836637eb9cc73a01a65d5700907fc639c4e9,True,,success,2025-02-08,2025-12-02,299.0,,good,TRUE
dnt,district0x,0x0abdace70d3790235af448c88547603b945604ea,True,4034079.0,success,2017-10-28,2025-12-02,2959.0,,good,TRUE
dnx,Dynex,0x9928a8600d14ac22c0be1e8d58909834d7ceaf13,True,,success,2022-10-14,2025-12-02,1147.0,,good,TRUE
dnxc,DinoX,0x20a8cec5fffea65be7122bcab2ffe32ed4ebf03a,True,12469995.0,success,2021-07-29,2025-11-06,1500.0,,good,TRUE
dobo,DogeBonk,0x73c6a7491d0db90bdb0060308cde0f49dfd1d0b0,True,17930401.0,success,2023-08-25,2025-12-02,827.0,,good,TRUE
dodo,DODO,0x43dfc4159d86f3a37a5a4b3d4580b888ad7d4ddd,True,10956992.0,success,2020-09-30,2025-12-02,1891.0,,good,TRUE
dodo,DODO,0x747e550a7b848ace786c3cfe754aa78febc8a022,True,19366485.0,success,2024-03-12,2025-12-02,632.0,,good,TRUE
doe,Dogs Of Elon,0xf8e9f10c22840b613cda05a0c5fdb59a4d6cd7ef,True,13421149.0,success,2021-11-08,2025-12-01,1242.0,,good,TRUE
dog,LEDOG (DOG),0x864cb5194722d5a1596f4be8b899916d30dad8d8,True,20949876.0,success,2024-10-14,2025-12-01,415.0,,good,TRUE
dogc,DOGC,0xeeacc51af745846ddf46012b46c6910ea9b12898,True,21172099.0,success,2024-12-02,2025-12-02,367.0,,good,TRUE
dogc,DogeClub,0xda8263d8ce3f726233f8b5585bcb86a3120a58b6,True,17457636.0,success,2023-06-13,2025-11-29,881.0,,good,TRUE
doge,Department Of Government Efficiency,0x1121acc14c63f3c872bfca497d10926a6098aac5,True,20566704.0,success,2024-08-22,2025-12-02,469.0,,good,TRUE
doge,Department Of Government Efficiency,0xa4fb6e1781fbcc921df51352af4cc83ff6c1308f,True,20736457.0,success,2024-09-14,2025-11-27,361.0,,good,TRUE
doge,Department Of Government Efficiency,0x81fcc294d91bd8ffc8a822d7df0e2fd2f8526c39,True,20567862.0,success,2024-11-12,2025-12-01,377.0,,good,TRUE
doge-1,Satellite Doge-1 Mission,0xffe203b59393593965842439ce1e7d7c78109b46,True,18252048.0,success,2023-12-01,2025-12-03,735.0,,good,TRUE
doge1,DOGE-1,0xd721706581d97ecd202bbab5c71b5a85f0f78e69,True,18271680.0,success,2023-10-13,2025-12-02,733.0,,good,TRUE
doge2.0,Doge 2.0,0xf2ec4a773ef90c58d98ea734c0ebdb538519b988,True,17618141.0,success,2023-07-06,2025-12-02,882.0,,good,TRUE
doge20,Dogecoin20,0x2541a36be4cd39286ed61a3e6afc2307602489d6,True,19421053.0,success,2024-05-07,2025-12-02,576.0,,good,TRUE
dogeai,DogeAi,0xd31e53966bf212e860d48a3a8651a23d09a7fdc3,True,18567015.0,success,2023-11-18,2025-11-30,680.0,,good,TRUE
dogecast,Dogecast,0x4955f6641bf9c8c163604c321f4b36e988698f75,True,21193375.0,success,2024-11-18,2025-12-02,379.0,,good,TRUE
dogecaucus,Doge Caucus,0x56cfc19d8cbf7d417d370844249be9cb2d2e19a1,True,21678450.0,success,2025-01-27,2025-12-01,282.0,,good,TRUE
dogecoin,RagingElonMarsCoin,0xf257a2783f6633a149b5966e32432b5bb3462c96,True,17977593.0,success,2023-08-25,2025-12-01,619.0,,good,TRUE
dogegf,DogeGF,0xfb130d93e49dca13264344966a611dc79a456bc5,True,12510443.0,success,2021-09-27,2025-12-02,1529.0,,good,TRUE
dogei,Dogei,0xe6705367880b4d5d1aeae948fd620f55ef7413e4,True,20208126.0,success,2024-11-21,2025-12-02,366.0,,good,TRUE
dogen,Dogenerates,0x4207a81284dc4f114cbb391c3bcdc605cb7d2fbe,True,22867964.0,success,2025-07-23,2025-12-02,134.0,,good,TRUE
dogenarii,Dogenarii,0xbb69abb2b45bca9ae48de2e041d3e15e73c2ebc7,True,23314656.0,success,2025-09-08,2025-09-15,153.0,,good,TRUE
dogenarii,Dogenarii,0x8d548dbc4c689cfa5e5925d52b9ac358b3913653,True,23312957.0,success,2025-09-09,2025-12-02,1701.0,,good,TRUE
dogenarii,Dogenarii coin,0x17c5ac827ec8c4ec55b6e572f6d22c151c302c2f,True,23311898.0,success,2025-09-11,2025-12-02,1905.0,,good,TRUE
dogep,Doge Protocol,0xe7eaec9bca79d537539c00c58ae93117fb7280b9,True,13138773.0,success,2022-02-17,2025-11-06,1096.0,,good,TRUE
dogestr,Doge Strategy,0x44f5fd30d04fc3f6b0bd14100e506a9843f19e12,True,23633670.0,success,2025-10-22,2025-10-27,84.0,,good,TRUE
dogeverse,DogeVerse,0x62f03b52c377fea3eb71d451a95ad86c818755d1,True,19610420.0,success,2024-06-06,2025-12-02,546.0,,good,TRUE
dogga,Doggacoin,0x1a8a39f2986cf9688f6dc9e5ee0cc0bc8d5edd67,True,20028652.0,success,2024-06-07,2025-12-02,368.0,,good,TRUE
dogggo,Dogggo,0xa1abecc1b3958da78259fa2793653fc48e976420,True,17249936.0,success,2024-01-18,2025-12-02,651.0,,good,TRUE
doggo,Doggo,0x240cd7b53d364a208ed41f8ced4965d11f571b7a,True,20793889.0,success,2024-09-23,2025-12-02,437.0,,good,TRUE
doggo,Doggo Inu,0x3739426e21d912b604c106f852d136ba58f61517,True,15903575.0,success,2024-10-07,2025-12-02,417.0,,good,TRUE
doggy,DOGGY COIN,0x09d92c109b475dd513292c76544b4e250da13faa,True,19930727.0,success,2024-05-26,2025-11-28,515.0,,good,TRUE
dogius,Dogius Maximus,0x270ca21eb1a37cfe0e9a0e7582d8f897e013cdff,True,21531383.0,success,2025-01-06,2025-11-29,313.0,,good,TRUE
dogl,DogLibre,0xd5eb7e91ae88ea2550f9bfd04208399c95df4dc7,True,19552743.0,success,2024-12-12,2025-12-02,357.0,,good,TRUE
dogpad,DogPad Finance,0x6f3277ad0782a7da3eb676b85a8346a100bf9c1c,True,16472679.0,success,2023-01-27,2025-12-02,867.0,,good,TRUE
dogs,Doggensnout Skeptic,0x21e5c85a5b1f38bddde68307af77e38f747cd530,True,19369240.0,success,2024-03-07,2025-12-02,637.0,,good,TRUE
dogs,We Love Dogs,0xf9962329a1e9fa84836d2f37640d7012fb588e9d,True,18234794.0,success,2025-10-02,2025-12-02,1287.0,,good,TRUE
dogwifhat,dogwifhat Eth,0x8aec4bbdcfb451aa289bfbd3c2f4e34a44ada1be,True,19144108.0,success,2024-02-05,2025-12-02,668.0,,good,TRUE
dogz,Dogz,0x82a77710495a35549d2add797412b4a4497d33ef,True,,success,2019-01-25,2025-12-02,2177.0,,good,TRUE
dojo,DOJO,0x180dae91d6d56235453a892d2e56a3e40ba81df8,True,12922245.0,success,2021-06-17,2025-11-29,1599.0,,good,TRUE
dojo,Project Dojo,0x34bc13de8e5124a7c47d4b7ff7c5ade6ee34faba,True,18572460.0,success,2023-11-24,2025-12-03,549.0,,good,TRUE
doken,Hokkaido Ken,0x29e9b047d506f75085533b7b7f53e8de6b43b86f,True,20108295.0,success,2024-06-26,2025-12-02,281.0,,good,TRUE
dola,DOLA,0x865377367054516e17014ccded1e7d814edc9ce4,True,11915875.0,success,2021-03-09,2025-12-02,1723.0,,good,TRUE
dolan,Dolan Duk,0x381ab19e04bd9dc333794a9f4d343daeee3b7069,True,17067291.0,success,2024-10-14,2025-11-24,317.0,,good,TRUE
doll,Doll Face,0x82ec74e2ef378313565a883e0e21e5baeac8469c,True,23245062.0,success,2025-09-06,2025-12-02,1669.0,,good,TRUE
dollar,Dollar,0xe95076d9fe7155c17b455ac49497e78912c4ab65,True,,success,2024-07-23,2025-12-02,499.0,,good,TRUE
dolo,Dolomite,0x0f81001ef0a83ecce5ccebf63eb302c70a39a654,True,22308429.0,success,2025-04-24,2025-12-02,224.0,,good,TRUE
dolz,DOLZ.io,0xe939f011a3d8fc0aa874c97e8156053a903d7176,True,15939055.0,success,2023-12-13,2025-12-02,722.0,,good,TRUE
domi,Domi,0x45c2f8c9b4c0bdc76200448cc26c48ab6ffef83f,True,13804718.0,success,2021-12-16,2025-12-02,1449.0,,good,TRUE
don,Don-key,0x217ddead61a42369a266f1fb754eb5d3ebadc88a,True,12356723.0,success,2021-05-14,2025-12-02,1660.0,,good,TRUE
dong,DongCoin,0x4208aa4d7a9a10f4f8bb7f6400c1b2161d946969,True,17874847.0,success,2023-08-30,2025-12-02,535.0,,good,TRUE
dongo,Dongo AI,0x8c213ae332274e6314bf4cf989604e7f61162967,True,19417156.0,success,2024-03-14,2025-12-02,505.0,,good,TRUE
donut,Donut,0xc0f9bd5fa5698b6505f643900ffa515ea5df54a9,True,9050977.0,success,2019-01-25,2025-12-02,2274.0,,good,TRUE
dop,Drops Ownership Power,0x6bb61215298f296c55b19ad842d3df69021da2ef,True,12472572.0,success,2021-05-21,2025-11-24,1484.0,,good,TRUE
dop2,Data Ownership Protocol 2,0xa37db5456b5938aa50b33575ae2eb8048ca5959b,True,23019356.0,success,2025-10-04,2025-12-02,1427.0,,good,TRUE
dope,"Decentralization obligatory, practicality essential",0x85122dc2c0ac24e8aacaff4a4ccfcbdf36e80f60,True,21221904.0,success,2024-11-21,2025-12-02,378.0,,good,TRUE
dope,Department Of Propaganda Everywhere,0x43c5034469bce262d32f64c5e7f9f359f5b1495f,True,22054742.0,success,2025-03-17,2025-12-02,262.0,,good,TRUE
dope,Dope,0x6d56172da47ad69561a5fb8035763a68598128c9,True,23060239.0,success,2025-08-06,2025-12-02,111.0,,good,TRUE
dora,Dora Factory,0x4957805230831401caad5b690aa138143b711358,True,20147597.0,success,2023-09-08,2025-12-02,818.0,,good,TRUE
dork,DORK,0xae3359ed3c567482fb0102c584c23daa2693eacf,True,18472591.0,success,2023-11-03,2025-11-27,699.0,,good,TRUE
dorkl,DORK LORD (ETH),0x94be6962be41377d5beda8dfe1b100f3bf0eacf3,True,18072539.0,success,2023-09-08,2025-12-02,805.0,,good,TRUE
dorky,Dork Lord,0x95ed629b028cf6aadd1408bb988c6d1daabe4767,True,20014563.0,success,2024-10-30,2025-12-02,400.0,,good,TRUE
dos,DOS Network,0x0a913bead80f321e7ac35285ee10d9d922659cb7,True,10515866.0,success,2019-03-19,2025-12-02,2327.0,,good,TRUE
dose,DOSE,0xb31ef9e52d94d4120eb44fe1ddfde5b4654a6515,True,13312921.0,success,2021-11-03,2025-12-02,1492.0,,good,TRUE
dot,Polkadot,0x196c20da81fbc324ecdf55501e95ce9f0bd84d14,True,,success,2020-08-19,2025-12-03,1933.0,,good,TRUE
dotc,deOTC,0x3425b06b5b93b23603b2c166922dfa91f2f4909e,True,23091531.0,success,2025-09-01,2025-09-26,27.0,,good,TRUE
dov,Dovu [OLD],0xac3211a5025414af2866ff09c23fc18bc97e79b1,True,4333047.0,success,2017-11-01,2025-12-02,2854.0,,good,TRUE
dovu,DOVU,0x2aeabde1ab736c59e9a19bed67681869eef39526,True,18234544.0,success,2023-09-26,2025-12-02,798.0,,good,TRUE
dpai,DPAI,0x3f495d3bc3dad8dcefdb51b01d2daf2374b43e49,True,23026693.0,success,2025-07-31,2025-11-29,48.0,,good,TRUE
dpi,DeFi Pulse Index,0x1494ca1f11d487c2bbe4543e90080aeba4ba3c2b,True,10830516.0,success,2020-09-14,2025-12-02,1907.0,,good,TRUE
dpr,Deeper Network,0xf3ae5d769e153ef72b4e3591ac004e89f48107a1,True,12144354.0,success,2021-04-10,2025-12-02,1699.0,,good,TRUE
dps,DEEPSPACE,0xb7b1570e26315baad369b8ea0a943b7f140db9eb,True,,success,2021-08-25,2025-12-02,1550.0,,good,TRUE
dpx,Dopex,0xeec2be5c91ae7f8a338e1e5f3b5de49d07afdc81,True,12674086.0,success,2021-06-25,2025-12-02,1620.0,,good,TRUE
dpy,Delphy,0x6c2adc2073994fb2ccc5032cc2906fa221e9b391,True,4219144.0,success,2017-11-27,2025-12-02,2912.0,,good,TRUE
draggy,Draggy CTO,0xd12a99dbc40036cec6f1b776dccd2d36f5953b94,True,19725674.0,success,2024-06-24,2025-12-02,528.0,,good,TRUE
draggy0x62,Draggy 0x62,0x62dc60b69b650290b0d5b993e145e0e87892be14,True,20119779.0,success,2024-06-28,2025-11-14,289.0,,good,TRUE
dragonx,DragonX.win,0x96a5399d07896f757bd4c6ef56461f58db951862,True,19029233.0,success,2024-01-22,2025-12-02,677.0,,good,TRUE
drbt,DeFi-Robot,0x661013bb8d1c95d86d9c85f76e9004561f1bb36f,True,16399485.0,success,2024-04-25,2025-11-13,295.0,,good,TRUE
drc,Digital Reserve Currency,0xa150db9b1fa65b44799d4dd949d922c0a33ee606,True,10743994.0,success,2020-10-14,2025-12-02,1877.0,,good,TRUE
dream,Dream,0xb44377b74ef1773639b663d0754cb8410a847d02,True,15182554.0,success,2022-03-07,2025-12-02,1290.0,,good,TRUE
drgn,Dragonchain,0x419c4db4b9e25d6db2ad9691ccb832c8d9fda05e,True,4652805.0,success,2017-12-08,2025-12-02,2918.0,,good,TRUE
drl,Dorol,0x6085ef8f41c6a1006c6689620546b46f0d82f03c,True,22182857.0,success,2025-08-25,2025-12-02,101.0,,good,TRUE
drmutant,Doctor Mutant,0xe6e079e961ee2cba8fc67762eb138144c882367f,True,22460853.0,success,2025-08-18,2025-12-02,108.0,,good,TRUE
drops,Drops,0xa562912e1328eea987e04c2650efb5703757850c,True,19362547.0,success,2024-03-07,2025-12-02,547.0,,good,TRUE
drv,Derive,0xb1d1eae60eea9525032a6dcb4c1ce336a1de71be,True,,success,2025-01-15,2025-12-02,323.0,,good,TRUE
drx,DRX Token,0x83f4389ccce1cc044dd7441add33c4f28b967434,True,20146701.0,success,2025-05-14,2025-12-02,204.0,,good,TRUE
dsai,DeSend Ai,0xb27782fdb56352a684686a852374ef20910457e2,True,19977230.0,success,2024-05-30,2025-11-26,224.0,,good,TRUE
dsla,DSLA Protocol,0x3affcca64c2a6f4e3b6bd9c64cd2c969efd1ecbe,True,,success,2019-08-31,2025-12-16,2290.0,,good,TRUE
dss,Defi Shopping Stake,0x213c53c96a01a89e6dcc5683cf16473203e17513,True,10905255.0,success,2020-09-25,2025-12-02,1681.0,,good,TRUE
dstrx,Districts,0xb841f365d5221bed66d60e69094418d8c2aa5a44,True,22234344.0,success,2025-04-23,2025-12-02,225.0,,good,TRUE
dsync,Destra Network,0xf94e7d0710709388bce3161c32b4eea56d3f91cc,True,19409128.0,success,2024-03-13,2025-12-02,631.0,,good,TRUE
dti,DT Inu,0x0880164084017b8d49baa0a33f545ad55914e9fd,True,16007865.0,success,2024-05-28,2025-12-02,552.0,,good,TRUE
dtx,DaTa eXchange DTX,0x765f0c16d1ddc279295c1a7c24b0883f62d33f75,True,5278469.0,success,2018-07-20,2025-11-29,2440.0,,good,TRUE
dub,DUBX,0x75ce16d11b83605aa039d40d7d846ff23064fb65,True,17788423.0,success,2023-09-07,2025-11-17,540.0,,good,TRUE
duck,DLP Duck,0xc0ba369c8db6eb3924965e5c4fd0b4c1b91e305f,True,11463085.0,success,2020-12-21,2025-12-02,1783.0,,good,TRUE
ducker,Ducker,0xf70ce9ee486106882d3dc43ddbd84e0fa71ac2a5,True,17394598.0,success,2023-06-26,2025-12-02,806.0,,good,TRUE
ducker,Duckereum,0xa52bffad02b1fe3f86a543a4e81962d3b3bb01a7,True,15081583.0,success,2022-07-20,2025-11-27,948.0,,good,TRUE
duckies,Yellow Duckies,0x90b7e285ab6cf4e3a2487669dba3e339db8a3320,True,19021049.0,success,2022-10-05,2025-12-02,1156.0,,good,TRUE
ducky,Ducky,0x699ec925118567b6475fe495327ba0a778234aaa,True,21140561.0,success,2024-11-08,2025-12-02,383.0,,good,TRUE
duel,GameGPT,0x943af2ece93118b973c95c2f698ee9d15002e604,True,18930644.0,success,2024-01-12,2025-12-02,692.0,,good,TRUE
dummy,DUMMY,0x445bd590a01fe6709d4f13a8f579c1e4846921db,True,17387443.0,success,2023-06-07,2025-12-02,840.0,,good,TRUE
dump,dump.trade,0xdf8ef8fef6fa5489d097652dedfb6617ce28a0d6,True,19625352.0,success,2024-04-12,2025-11-25,488.0,,good,TRUE
dusd,Davos.xyz USD,0xa48f322f8b3edff967629af79e027628b9dd1298,True,,success,2023-02-08,2025-12-02,970.0,,good,TRUE
dusd,Dialectic USD Vault,0x1e33e98af620f1d563fcd3cfd3c75ace841204ef,True,23428036.0,success,2025-10-01,2025-12-02,1499.0,,good,TRUE
dusk,DUSK,0x940a2db1b7008b6c776d4faaca729d6d4a4aa551,True,6867115.0,success,2019-07-07,2025-12-02,2342.0,,good,TRUE
dust,Dust Protocol,0xb5b1b659da79a2507c27aad509f15b4874edc0cc,True,,success,2022-03-14,2025-12-02,1361.0,,good,TRUE
dusty,Dusty,0x614a48c41be6ba6762b63a92cc33cfb5e8149332,True,21353829.0,success,2024-12-30,2025-12-02,329.0,,good,TRUE
dv,Dreamverse,0x2a03a891add2dc6d0f7b94419086630ba5cb65b6,True,,success,2021-12-17,2025-11-05,1276.0,,good,TRUE
dvi,Dvision Network,0x10633216e7e8281e33c86f02bf8e565a635d9770,True,10334751.0,success,2020-11-03,2025-12-02,1857.0,,good,TRUE
dvt,SafeStake,0x29fa1fee0f4f0ab0e36ef7ab8d7a35439ec6be75,True,16995297.0,success,2023-06-07,2025-12-03,784.0,,good,TRUE
dweb,DecentraWeb,0xe7f58a92476056627f9fdb92286778abd83b285f,True,,success,2021-10-13,2025-12-02,1502.0,,good,TRUE
dx,DxChain,0x973e52691176d36453868d9d86572788d27041a9,True,5919977.0,success,2018-08-09,2025-12-02,2588.0,,good,TRUE
dxgm,DexGame,0x66f73d0fd4161cfad4302dc145ff994375c13475,True,13607346.0,success,2021-12-14,2025-12-02,1451.0,,good,TRUE
dxi,Dacxi,0x5e29cf3e3fed4df50acab95f8268e9ee26ea36f2,True,21188559.0,success,2021-06-15,2025-12-02,1625.0,,good,TRUE
dxn,DBXen,0x80f0c1c49891dcfdd40b6e0f960f84e6042bcb6f,True,16883586.0,success,2023-04-17,2025-12-02,962.0,,good,TRUE
dxy,US Degen Index 6900,0x6900f7b42fb4abb615c938db6a26d73a9afbed69,True,20915579.0,success,2024-10-09,2025-12-03,422.0,,good,TRUE
dyl,Dyl,0x7a8946eda77817126ffe301249f6dc4c7df293c3,True,18837166.0,success,2023-10-28,2025-12-02,768.0,,good,TRUE
dyor,DYOR,0x8484e645a054586a6d6af60c0ee911d7b5180e64,True,17205527.0,success,2023-05-08,2025-12-01,838.0,,good,TRUE
dyp,Dypius [OLD],0x961c8c0b1aad0c0b10a51fef6a867e3091bcef17,True,10991511.0,success,2020-12-26,2025-12-02,1804.0,,good,TRUE
dyp,Dypius,0x39b46b212bdf15b42b166779b9d1787a68b9d0c3,True,18463372.0,success,2023-11-16,2025-12-02,749.0,,good,TRUE
dzoo,Degen Zoo,0xc97d6c52f3add91fa1c5287a453d7444aecbca83,True,16832902.0,success,2023-03-16,2025-12-02,958.0,,good,TRUE
e,Etheism,0xc0cfbe1602dd586349f60e4681bf4badca584ec9,True,20678871.0,success,2024-09-05,2025-11-27,357.0,,good,TRUE
eagle,Bald Eagle,0x0f6f1818019d656ea5651e913adf8a26e178c09f,True,23111969.0,success,2025-08-11,2025-12-02,115.0,,good,TRUE
eai,EternalAI,0xa84f95eb3dabdc1bbd613709ef5f2fd42ce5be8d,True,19880535.0,success,2024-05-24,2025-12-02,559.0,,good,TRUE
earn,HOLD,0x0b61c4f33bcdef83359ab97673cb5961c6435f4e,True,18303084.0,success,2023-10-29,2025-12-02,767.0,,good,TRUE
eave,EaveAI,0x974d796e0bea47038f39c3f98b1aa2c5240b5495,True,20033326.0,success,2024-07-22,2025-12-02,488.0,,good,TRUE
ebet,EarnBet,0x5fbc2ffe91ac74e3e286bd7504b233f0e5291c69,True,18215339.0,success,2023-10-03,2025-11-24,480.0,,good,TRUE
ebso,eBlockStock,0x866f8a50a64e68ca66e97e032c5da99538b3f942,True,13239388.0,success,2021-09-27,2025-12-02,1265.0,,good,TRUE
ebtc,eBTC,0x661c70333aa1850ccdbae82776bb436a0fcfeefb,True,19437171.0,success,2024-04-21,2025-12-02,566.0,,good,TRUE
ebtc,Ether.fi Staked BTC,0x657e8c867d8b37dcc18fa4caead9c45eb088c642,True,20523455.0,success,2024-09-30,2025-12-02,430.0,,good,TRUE
ebull,ETHEREUM IS GOOD,0x71297312753ea7a2570a5a3278ed70d9a75f4f44,True,20578258.0,success,2024-08-24,2025-12-02,467.0,,good,TRUE
ebusd,ebUSD Stablecoin,0x09fd37d9aa613789c517e76df1c53aece2b60df4,True,,success,2025-06-09,2025-12-02,168.0,,good,TRUE
ecl,ECL,0xf857c938829c2a53557fb3fbb1c85d10a5227e03,True,,success,2024-04-21,2025-12-01,426.0,,good,TRUE
eco,Ormeus Ecosystem,0x191557728e4d8caa4ac94f86af842148c0fa8f7e,True,10802063.0,success,2019-07-14,2025-12-02,2287.0,,good,TRUE
ecoreal,Ecoreal Estate,0x7ecbb21346c501fd07eb165e406120fa32381c16,True,14583521.0,success,2018-10-16,2025-12-02,2354.0,,good,TRUE
ecoterra,Ecoterra,0x982b50e55394641ca975a0eec630b120b671391a,True,16621628.0,success,2023-09-04,2025-11-28,800.0,,good,TRUE
ect,Echain Network,0xda4dd9586d27202a338843dd6b9824d267006783,True,15833652.0,success,2022-11-06,2025-11-19,775.0,,good,TRUE
ect,Ecotrader,0xb96682a8f558b8199a2dc039b1dd8911e5068faf,True,,success,2025-03-27,2025-11-26,201.0,,good,TRUE
ecte,EurocoinToken,0xe9fa21e671bcfb04e6868784b89c19d5aa2424ea,True,7015052.0,success,2019-01-31,2025-12-02,2244.0,,good,TRUE
edc,Edcoin,0x9d5963ba32e877871dff3e2e697283dc64066271,True,6792770.0,success,2021-02-15,2025-12-02,1734.0,,good,TRUE
eden,EDEN,0x1559fa1b8f28238fd5d76d9f434ad86fd20d1559,True,12917300.0,success,2021-08-02,2025-12-02,1585.0,,good,TRUE
eden,EDEN,0x31b2c59d760058cfe57e59472e7542f776d987fb,True,21250978.0,success,2024-11-23,2025-12-02,324.0,,good,TRUE
eden,OpenEden,0x24a3d725c37a8d1a66eb87f0e5d07fe67c120035,True,,success,2025-09-30,2025-12-02,1526.0,,good,TRUE
edena,EDENA,0x618e80a3f00a3907cc021187e9beb73ae4d658a6,True,,success,2025-11-03,2025-12-02,709.0,,good,TRUE
edge,Edge,0x4ec1b60b96193a64acae44778e51f7bff2007831,True,12657580.0,success,2018-03-01,2025-12-02,2437.0,,good,TRUE
edgen,LayerEdge,0xaa9806c938836627ed1a41ae871c7e1889ae02ca,True,22451509.0,success,2025-06-02,2025-12-02,185.0,,good,TRUE
edoge,EtherDoge,0x8a7b7b9b2f7d0c63f66171721339705a6188a7d5,True,4346426.0,success,2017-11-01,2025-12-02,1226.0,,good,TRUE
edoge,Ethereum Doge,0x786f112c9a6bc840cdc07cfd840105efd6ef2d4b,True,20810121.0,success,2024-09-24,2025-12-01,422.0,,good,TRUE
edu,Open Campus,0x26aad156ba8efa501b32b42ffcdc8413f90e9c99,True,17186033.0,success,2023-04-28,2025-12-02,951.0,,good,TRUE
edum,EDUM,0xac9518ba93eeb2336a03137d254d8cc2e4d0fa38,True,16675566.0,success,2023-12-27,2025-12-02,708.0,,good,TRUE
edx,edeXa,0xc114678c6e4654d041b2006c90f08478b444c4e2,True,17291423.0,success,2024-12-09,2025-12-02,342.0,,good,TRUE
eefi,Elastic Finance Token,0x857ffc55b1aa61a7ff847c82072790cae73cd883,True,19291179.0,success,2024-04-16,2025-12-02,597.0,,good,TRUE
eeigen,ether.fi Staked EIGEN,0xe77076518a813616315eaaba6ca8e595e845eee9,True,20839649.0,success,2024-10-19,2025-12-02,411.0,,good,TRUE
eemon,iShares MSCI Emerging Markets ETF (Ondo Tokenized ETF),0x77a1a02e4a888ada8620b93c30de8a41e621126c,True,,success,2025-09-02,2025-12-02,75.0,,good,TRUE
eeth,ether.fi Staked ETH,0x35fa164735182de50811e8e2e824cfb9b6118ac2,True,,success,2024-02-07,2025-12-02,666.0,,good,TRUE
eeur,ARYZE eEUR,0x735fa792e731a2e8f83f32eb539841b7b72e6d8f,True,,success,2023-12-20,2025-12-02,711.0,,good,TRUE
eeyor,Eeyor,0x07c904d8c04323ef9fe6bf13aaeba05b62c54825,True,18023992.0,success,2023-09-04,2025-12-02,567.0,,good,TRUE
efaon,iShares MSCI EAFE ETF (Ondo Tokenized ETF),0x4111b60bc87f2bd1e81e783e271d7f0ec6ee088b,True,,success,2025-09-02,2025-12-02,70.0,,good,TRUE
efg,EPIC FAIL GUY,0x69984efc8244f855a6fecdce254fe51b2836530e,True,22829717.0,success,2025-07-08,2025-11-27,104.0,,good,TRUE
efi,Efinity,0x656c00e1bcd96f256f224ad9112ff426ef053733,True,,success,2021-08-04,2025-12-02,1566.0,,good,TRUE
efloki,EtherFloki,0xcf07d861eb77a0e4c0fd68d7d95ca929a4d56a2e,True,22969954.0,success,2025-08-18,2025-12-02,108.0,,good,TRUE
egame,Every Game,0x62d3c05b9c3d916fbc111819bbd3cee52906c1ae,True,12268578.0,success,2021-11-23,2025-12-02,1472.0,,good,TRUE
egbp,ARYZE eGBP,0xd711d7d893de57dc13ff465763218770bd42db1d,True,,success,2024-04-28,2025-11-27,579.0,,good,TRUE
egg,EGG ETH,0xe99379955b676d5a7ebe3f42f2b684796e48d437,True,17734821.0,success,2024-02-20,2025-12-02,374.0,,good,TRUE
egg,Nestree,0x65ccd72c0813ce6f2703593b633202a0f3ca6a0c,True,7990001.0,success,2019-08-24,2025-12-02,2294.0,,good,TRUE
egg,Waves Ducks,0xc2708a3a4ba7f64bddc1a49f92f941bc77cad23a,True,13225101.0,success,2021-07-26,2025-12-03,1566.0,,good,TRUE
eggs,Eggs,0x2e516ba5bf3b7ee47fb99b09eadb60bde80a82e0,True,16506546.0,success,2023-02-10,2025-12-02,866.0,,good,TRUE
egod,EgodCoin,0xa1d23bbef17f88fefc2ada631738e4c42e906a2e,True,19937940.0,success,2024-05-25,2025-11-22,500.0,,good,TRUE
egs,EdgeSwap,0xb009bfaaf85e53f55d8657781eb69feaaed83672,True,14518766.0,success,2022-04-08,2025-12-02,1336.0,,good,TRUE
egt,Elon GOAT,0x450e7f6e3a2f247a51b98c39297a9a5bfbdb3170,True,,success,2022-01-06,2025-11-27,1299.0,,good,TRUE
eigen,EigenCloud (prev. EigenLayer),0xec53bf9167f50cdeb3ae105f56099aaab9061f83,True,,success,2024-10-01,2025-12-02,429.0,,good,TRUE
ejs,Enjinstarter,0x96610186f3ab8d73ebee1cf950c750f3b1fb79c2,True,13240405.0,success,2021-10-03,2025-12-02,1523.0,,good,TRUE
ekubo,Ekubo Protocol,0x04c46e830bb56ce22735d5d8fc9cb90309317d0f,True,19756914.0,success,2024-05-15,2025-12-02,568.0,,good,TRUE
el,ELYSIA,0x2781246fe707bb15cee3e5ea354e2154a2877b16,True,7648624.0,success,2020-03-31,2025-12-02,2074.0,,good,TRUE
ela,Elastos,0xe6fd75ff38adca4b97fbcd938c86b98772431867,True,11192003.0,success,2018-02-10,2025-12-02,2854.0,,good,TRUE
eldg,Everlodge,0xdda31d354a519ecfb0bc2a536b5e7be147c0f7f4,True,17486213.0,success,2024-02-27,2025-11-24,572.0,,good,TRUE
elf,aelf,0xbf2179859fc6d5bee9bf9158632dc51678a4100e,True,4753621.0,success,2018-01-07,2025-12-02,2888.0,,good,TRUE
elfi,ELYFI,0x4da34f8264cb33a5c9f17081b9ef5ff6091116f4,True,12741419.0,success,2022-02-20,2025-12-02,1314.0,,good,TRUE
elg,Escoin,0xa2085073878152ac3090ea13d1e41bd69e60dc99,True,10123949.0,success,2021-01-05,2025-12-02,1794.0,,good,TRUE
elizaos,ElizaOS,0xea17df5cf6d172224892b5477a16acb111182478,True,23537663.0,success,2025-11-07,2025-12-02,621.0,,good,TRUE
elk,Elk Finance,0xeeeeeb57642040be42185f49c52f7e9b38f8eeee,True,14682424.0,success,2021-08-19,2025-12-02,1568.0,,good,TRUE
elmnt,Element 280,0xe9a53c43a0b58706e67341c4055de861e29ee943,True,20945286.0,success,2024-11-20,2025-12-02,379.0,,good,TRUE
elmo,Elmo,0x335f4e66b9b61cee5ceade4e727fcec20156b2f0,True,17157480.0,success,2023-05-11,2025-12-02,938.0,,good,TRUE
elmt,Element,0x600d601d8b9eb5de5ac90fefc68d0d08801bfd3f,True,17089162.0,success,2023-12-19,2025-12-02,691.0,,good,TRUE
elon,Dogelon Mars,0x761d38e5ddf6ccf6cf7c55759d5210750b5d60f3,True,12293419.0,success,2021-04-23,2025-12-02,1686.0,,good,TRUE
elon,Eloncoin,0x69420e3a3aa9e17dea102bb3a9b3b73dcddb9528,True,19723619.0,success,2024-05-02,2025-12-02,581.0,,good,TRUE
elonone,AstroElon,0x97b65710d03e12775189f0d113202cc1443b0aa2,True,12336828.0,success,2021-06-04,2025-12-02,1400.0,,good,TRUE
elp,Elympics,0xbbcdc8eb044bf661eabfa07b93909a76ebdb1100,True,22888414.0,success,2025-07-24,2025-12-02,133.0,,good,TRUE
els,Ethlas,0xeb575c45004bd7b61c6a8d3446a62a05a6ce18d8,True,17219717.0,success,2023-06-28,2025-12-02,890.0,,good,TRUE
elx,Elixir,0x89a8c847f41c0dfa6c8b88638bacca8a0b777da7,True,,success,2025-03-07,2025-12-02,272.0,,good,TRUE
elysyn,Elysyn Ai,0x8d813084cd4f7d6f663631e4f568d7c879371d29,True,22969133.0,success,2025-07-26,2025-12-02,89.0,,good,TRUE
emaid,MaidSafeCoin,0x329c6e459ffa7475718838145e5e85802db2a303,True,,success,2014-04-28,2025-11-16,4066.0,,good,TRUE
emax,EthereumMax,0x15874d65e649880c2614e7a480cb7c9a55787ff6,True,,success,2021-05-16,2025-12-02,1612.0,,good,TRUE
ember,Ember Sword,0x35f3bad2fcc8053869086885f7898a3d4309db4e,True,,success,2024-06-14,2025-12-02,538.0,,good,TRUE
emdr,Modulr,0x468eabcb5c914ac59e72691f8fc970880a94f4b3,True,23199299.0,success,2025-08-28,2025-12-02,98.0,,good,TRUE
emon,Ethermon,0xd6a5ab46ead26f49b03bbb1f9eb1ad5c1767974a,True,12233979.0,success,2021-05-28,2025-12-02,1651.0,,good,TRUE
emp,Empyreal,0x39d5313c3750140e5042887413ba8aa6145a9bd2,True,,success,2023-08-22,2025-12-02,835.0,,good,TRUE
empire,Empire,0x9a2af0abb12bee5369b180976be01e8c80d0e7b6,True,16696608.0,success,2021-06-17,2025-12-02,1631.0,,good,TRUE
emrld,The Emerald Company,0xebb1afb0a4ddc9b1f84d9aa72ff956cd1c1eb4be,True,19526991.0,success,2024-03-31,2025-12-03,614.0,,good,TRUE
emtrg,Meter Governance mapped by Meter.io,0xbd2949f67dcdc549c6ebe98696449fa79d988a9f,True,,success,2020-08-19,2025-12-16,1943.0,,good,TRUE
ena,Ethena,0x57e114b691db790c35207b2e685d4a43181e6061,True,19371662.0,success,2024-04-02,2025-12-02,611.0,,good,TRUE
enct,Encryptum,0x1930411152437a3a85d76d6d0720618b31a555e4,True,22511730.0,success,2025-05-21,2025-11-28,93.0,,good,TRUE
end,END,0x2bbd8602091bd1b90797d894163c0de76045f71c,True,22739765.0,success,2025-07-07,2025-12-02,150.0,,good,TRUE
enj,Enjin Coin,0xf629cbd94d3791c9250152bd8dfbdf380e2a3b9c,True,4329040.0,success,2017-11-10,2025-12-02,2946.0,,good,TRUE
enqai,enqAI,0x710287d1d39dcf62094a83ebb3e736e79400068a,True,18569660.0,success,2023-04-20,2025-12-02,941.0,,good,TRUE
ens,Ethereum Name Service,0xc18360217d8f7ab5e7c516566761ea12ce7f9d72,True,13533418.0,success,2021-11-09,2025-12-02,1486.0,,good,TRUE
enso,Enso,0x699f088b5dddcafb7c4824db5b10b57b37cb0c66,True,,success,2025-10-14,2025-12-02,1191.0,,good,TRUE
envoy,Envoy A.I,0xcff252a3299be44fa73402966f30a0159308b2ad,True,21387962.0,success,2024-12-14,2025-11-22,279.0,,good,TRUE
eon,Pantheon,0xdd3878ac92166d6c4e46b26ddd162b72c00d1623,True,22044822.0,success,2025-03-16,2025-11-07,186.0,,good,TRUE
eoniq,EonIQ,0x381f60b3d3d50a3353586f48db4c580139157f5e,True,22589953.0,success,2025-05-31,2025-12-01,71.0,,good,TRUE
epay,EvoPay,0xe46c058b50c046e4544476f8517251dca0711d0e,True,22875695.0,success,2025-07-10,2025-10-10,47.0,,good,TRUE
epep,EPEP,0x9abfcacee1fe43f6fd8f5a8351b1c66950cfc9fe,True,22903159.0,success,2025-07-13,2025-12-02,144.0,,good,TRUE
epic,Epic Chain,0x94314a14df63779c99c0764a30e0cd22fa78fc0e,True,21477215.0,success,2025-03-13,2025-12-02,266.0,,good,TRUE
epik,Epik Prime,0x4da0c48376c277cdbd7fc6fdc6936dee3e4adf75,True,,success,2021-08-27,2025-12-02,1560.0,,good,TRUE
epl,Epic League,0x1236ea13c7339287cd00ab196aaa8217006b04dc,True,15223971.0,success,2023-10-06,2025-12-02,790.0,,good,TRUE
eq9,EQ9,0x8c444197d64e079323a1eb8d40655910b052f85a,True,19848307.0,success,2024-08-31,2025-12-02,453.0,,good,TRUE
eqb,Equilibria Finance,0xfe80d611c6403f70e5b1b9b722d2b3510b740b2b,True,,success,2023-06-07,2025-12-02,911.0,,good,TRUE
eqixon,Equinix (Ondo Tokenized Stock),0x73d2ccee12c120e7da265a2de9d9f952a0101b4f,True,,success,2025-09-02,2025-12-02,63.0,,good,TRUE
equad,Quadrant Protocol,0xc28e931814725bbeb9e670676fabbcb694fe7df2,True,5849727.0,success,2018-11-23,2025-12-03,2402.0,,good,TRUE
equinox,EQUINOX AI,0x110c44bb14408a2f008a67ed3398191b64c31247,True,22739581.0,success,2025-06-22,2025-10-20,55.0,,good,TRUE
eqx,EQIFi,0xbd3de9a069648c84d27d74d701c9fa3253098b15,True,12972418.0,success,2021-08-07,2025-12-02,1580.0,,good,TRUE
era,Caldera,0xe2ad0bf751834f2fbdc62a41014f84d67ca1de2a,True,,success,2025-07-17,2025-12-02,140.0,,good,TRUE
erc-ai,Euruka Tech,0x5e3d723c0cb363127d4a6ab5d43d504a17a5c05d,True,21422199.0,success,2025-01-18,2025-12-02,235.0,,good,TRUE
eric,Elon's Pet Fish ERIC,0x16c22a91c705ec3c2d5945dbe2aca37924f1d2ed,True,19652329.0,success,2024-04-19,2025-12-02,589.0,,good,TRUE
ern,Ethernity Chain,0xbbc2ae13b23d715c30720f079fcd9b4a74093505,True,11749003.0,success,2021-03-08,2025-12-02,1732.0,,good,TRUE
ern,Ethos Reserve Note,0x91a69021b0baef3445e51726458a0ce601471846,True,17498200.0,success,2023-04-10,2025-12-02,969.0,,good,TRUE
erowan,Sifchain,0x07bac35846e5ed502aa91adf6a9e7aa210f2dcbe,True,11826391.0,success,2021-02-22,2025-11-17,1727.0,,good,TRUE
ersdl,Residual Token,0x5218e472cfcfe0b64a064f055b43b4cdc9efd3a6,True,10908965.0,success,2020-10-29,2025-12-03,1862.0,,good,TRUE
ery,EURe Real Yield Morpho Vault,0xc21db71648b18c5b9e038d88393c9b254cf8eac8,True,19303954.0,success,2024-11-29,2025-12-02,370.0,,bad,UNKNOWN
es,Eclipse,0x6055dc6ff1077eebe5e6d2ba1a1f53d7ef8430de,True,,success,2025-07-16,2025-12-02,141.0,,good,TRUE
es1m,eS1M,0x92ef297b02d76a733f6f82665fb4d77e8009c7c7,True,22789235.0,success,2025-06-30,2025-11-04,69.0,,good,TRUE
esco,Esco Coin,0x7163436b8efffb469f6bb81cc908b1661d4795e6,True,17264324.0,success,2023-05-18,2025-12-02,674.0,,good,TRUE
ese,Eesee,0x908ddb096bfb3acb19e2280aad858186ea4935c4,True,19576984.0,success,2024-04-12,2025-12-02,601.0,,good,TRUE
esg,ESG,0x20cd2e7ec8f5d8b337fe46a4f565ccef1561b9a9,True,14047177.0,success,2022-04-12,2025-12-02,1332.0,,good,TRUE
esport,Esportplayer,0x0b1bd555adf860d4d51c9caba48d756e224451bf,True,21317809.0,success,2024-12-05,2025-11-26,317.0,,good,TRUE
espr,Espresso Bot,0xa3c31927a092bd54eb9a0b5dfe01d9db5028bd4f,True,17764267.0,success,2023-07-28,2025-12-02,615.0,,good,TRUE
ess,Earth 2 Essence,0x2c0687215aca7f5e2792d956e170325e92a02aca,True,19969472.0,success,2024-06-02,2025-12-02,550.0,,good,TRUE
ess,Essentia,0xfc05987bd2be489accf0f509e44b0145d68240f7,True,5842540.0,success,2018-07-07,2025-12-02,2706.0,,good,TRUE
estee,Estee,0x4298e4ad48be89bf63a6fdc470a4b4fe9ce633b1,True,20776122.0,success,2024-09-29,2025-12-02,431.0,,good,TRUE
estee,Kaga No Fuuka Go Sapporo Kagasou,0x8bd35250918ed056304fa8641e083be2c42308bb,True,20827036.0,success,2024-09-26,2025-12-02,304.0,,good,TRUE
etf,ETF Rocks,0x4e241a9ec66832a16bceaeb9156e524487f061d7,True,17798499.0,success,2024-01-18,2025-11-21,441.0,,good,TRUE
etf,ETF The Token,0x667210a731447f8b385e068205759be2311b86d4,True,18039020.0,success,2023-09-25,2025-11-28,690.0,,good,TRUE
eth,The Infinite Garden,0x5e21d1ee5cf0077b314c381720273ae82378d613,True,19002090.0,success,2024-01-15,2025-12-02,639.0,,good,TRUE
eth+,ETHPlus,0xe72b141df173b999ae7c1adcbf60cc9833ce56a8,True,,success,2024-05-23,2025-12-03,561.0,,good,TRUE
eth0,Usual ETH,0x734eec7930bc84ec5732022b9eb949a81fb89abe,True,,success,2025-06-12,2025-12-02,171.0,,good,TRUE
eth2x-fli,Index Coop - ETH 2x Flexible Leverage Index,0xaa6e8127831c9de45ae56bb1b0d4d4da6e5665bd,True,12035541.0,success,2021-03-16,2025-12-02,1724.0,,good,TRUE
eth6900,ETH6900,0x8dc1c2040bf9c02521b87579ba3e66f4a5fb6b88,True,23299411.0,success,2025-09-05,2025-09-17,174.0,,good,TRUE
eth6900,ETH6900,0x3081f70000e8cf8be2afcae3db6b9d9c796caec5,True,23831617.0,success,2025-11-19,2025-12-02,322.0,,good,TRUE
ethardio,ETHARDIO,0x846e57af29fd21391919318a044191b8725822c2,True,20958807.0,success,2024-10-14,2025-12-02,310.0,,good,TRUE
ethdydx,dYdX,0x92d6c1e31e14520e676a687f0a93788b716beff5,True,12809555.0,success,2021-09-08,2025-12-02,1548.0,,good,TRUE
ethera,Ethereum Goddess,0x42160d5d87e7df8b46e572143a03a7fdb7ccf03e,True,23291697.0,success,2025-09-04,2025-12-02,871.0,,good,TRUE
ethereal,Ethereal,0xca4d0892f1d7a0f5e2dcdf490d879a15c866bf27,True,23329580.0,success,2025-09-10,2025-09-23,137.0,,good,TRUE
ethereum,HarryPotterTrumpHomerSimpson777Inu,0x24249b5a869a445c9b0ce269a08d73c618df9d21,True,17900704.0,success,2023-08-18,2025-12-02,834.0,,good,TRUE
ethereum,Ketaicoin,0xdc5e9445169c73cf21e1da0b270e8433cac69959,True,17847459.0,success,2023-08-18,2025-12-02,720.0,,good,TRUE
ethereum,VoldemortTrumpRobotnik-10Neko,0xc32db1d3282e872d98f6437d3bcfa57801ca6d5c,True,17696295.0,success,2023-07-24,2025-12-03,860.0,,good,TRUE
ethfi,Ether.fi,0xfe0c30065b384f05761f15d0cc899d4f9f9cc0eb,True,19288125.0,success,2024-03-18,2025-12-02,626.0,,good,TRUE
ethix,Ethix,0xfd09911130e6930bf87f2b0554c44f400bd80d3e,True,,success,2021-02-13,2025-12-02,1741.0,,good,TRUE
ethm,Ethereum Meta,0xfd957f21bd95e723645c07c48a2d8acb8ffb3794,True,12579221.0,success,2018-10-31,2025-12-02,2538.0,,good,TRUE
etho,Etho Protocol,0x0b5326da634f9270fb84481dd6f94d3dc2ca7096,True,14791852.0,success,2018-08-01,2025-11-29,2656.0,,good,TRUE
ethos,Ethos,0xcdb8fc4ef27dfeaba9b31899a9d165398bf97b9e,True,,success,2024-09-13,2025-12-02,443.0,,good,TRUE
ethpad,ETHPad,0x8db1d28ee0d822367af8d220c0dc7cb6fe9dc442,True,,success,2021-08-04,2025-11-30,1564.0,,good,TRUE
ethv,Ethereum Volatility Index Token,0xc53342fd7575f572b0ff4569e31941a5b821ac76,True,,success,2021-06-28,2025-12-02,1551.0,,good,TRUE
ethx,Stader ETHx,0xa35b1b31ce002fbf2058d22f30f95d405200a15b,True,,success,2023-07-07,2025-12-03,878.0,,good,TRUE
eul,Euler,0xd9fcd98c322942075a5c3860693e9f4f03aae07b,True,13908728.0,success,2022-06-24,2025-12-02,1259.0,,good,TRUE
euph,Euphoria,0xa61d1b0b5f3c1bfe7f7ccd42f0f48012592a2952,True,22525146.0,success,2025-05-20,2025-11-12,56.0,,good,TRUE
eur0,Usual EUR,0x3c89cd1884e7bef73ca3ef08d2ef6ec338fd8e49,True,,success,2025-10-16,2025-12-02,469.0,,good,TRUE
eura,EURA,0x1a7e4e63778b4f12a199c062f3efdd288afcbce8,True,,success,2021-11-12,2025-12-02,1483.0,,good,TRUE
eurau,AllUnity EUR,0x4933a85b5b5466fbaf179f72d3de273c287ec2c2,True,,success,2025-08-09,2025-12-02,117.0,,good,TRUE
eurc,EURC,0x1abaea1f7c830bd89acc67ec4af516284b1bc33c,True,,success,2022-06-30,2025-12-16,1260.0,,good,TRUE
eurcv,EUR CoinVertible,0x5f7827fdeb7c20b443265fc2f40845b715385ff2,True,,success,2023-12-07,2025-12-03,665.0,,good,TRUE
eure,Monerium EUR emoney [OLD],0x3231cb76718cdef2155fc47b5286d82e6eda273f,True,8914011.0,success,2022-02-23,2025-12-02,1167.0,,good,TRUE
eure,Monerium EUR emoney,0x39b8b6385416f4ca36a20319f70d28621895279d,True,,success,2025-02-17,2025-12-02,290.0,,good,TRUE
euri,Eurite,0x9d1a7a3191102e9f900faa10540837ba84dcbae7,True,,success,2024-08-29,2025-12-02,462.0,,good,UNKNOWN
europ,EURØP,0x888883b5f5d21fb10dfeb70e8f9722b9fb0e5e51,True,,success,2025-01-14,2025-12-03,325.0,,good,TRUE
euros,The Standard EURO,0xb399511642fe1666c6a07f83483e6e4feaed9a00,True,,success,2023-10-10,2025-12-01,774.0,,good,TRUE
eurq,Quantoz EURQ,0x8df723295214ea6f21026eeeb4382d475f146f9f,True,,success,2024-11-21,2025-12-03,379.0,,good,TRUE
eurr,StablR Euro,0x50753cfaf86c094925bf976f218d043f8791e408,True,,success,2025-01-17,2025-12-03,322.0,,good,TRUE
eurs,STASIS EURO,0xdb25f211ab05b1c97d595516f45794528a807ad8,True,5835251.0,success,2018-07-31,2025-12-03,2684.0,,good,TRUE
eurt,Euro Tether,0xc581b735a1688071a1746c968e0798d642ede491,True,,success,2021-07-29,2025-12-03,1590.0,,good,TRUE
eusd,ARYZE eUSD,0xa4335da338ec4c07c391fc1a9bf75f306adadc08,True,,success,2024-04-25,2025-12-02,582.0,,good,TRUE
eusd,Electronic USD,0xa0d69e286b938e21cbf7e51d71f6a4c8918f482f,True,,success,2022-12-10,2025-12-02,1090.0,,good,TRUE
eusd,eUSD (OLD),0x97de57ec338ab5d51557da3434828c5dbfada371,True,17115039.0,success,2023-05-10,2025-12-02,624.0,,good,TRUE
eusd,eUSD,0xdf3ac4f479375802a821f7b7b46cd7eb5e4262cc,True,17990027.0,success,2023-09-07,2025-11-30,743.0,,good,TRUE
eutbl,Spiko EU T-Bills Money Market Fund,0xa0769f7a8fc65e47de93797b4e21c073c117fc80,True,,success,2024-08-15,2025-12-02,476.0,,bad,UNKNOWN
eveai,Eve AI,0x05fe069626543842439ef90d9fa1633640c50cf1,True,16651760.0,success,2023-04-17,2025-12-02,938.0,,good,TRUE
ever,Everscale,0x1ffefd8036409cb6d652bd610de465933b226917,True,17211362.0,success,2020-10-13,2025-12-02,1878.0,,good,TRUE
evermoon,EverMoon ERC,0x4ad434b8cdc3aa5ac97932d6bd18b5d313ab0f6f,True,17336983.0,success,2023-06-12,2025-11-29,737.0,,good,TRUE
every,Everyworld,0x9afa9999e45484adf5d8eed8d9dfe0693bacd838,True,17287268.0,success,2024-04-07,2025-12-02,606.0,,good,TRUE
evil,Doctor Evil,0xcf9560b9e952b195d408be966e4f6cf4ab8206e5,True,17603634.0,success,2023-08-11,2025-11-26,475.0,,good,TRUE
evoai,EvolvAi,0x770880c3927e63e31d4b90314f7a37e09fbbf2fd,True,21545352.0,success,2025-01-08,2025-11-26,128.0,,good,TRUE
evolve,Evolve Network,0x0f719591e2bcb6fcc3e68b16d2a88c89c6ae0d42,True,21746052.0,success,2025-02-03,2025-12-02,223.0,,good,TRUE
evy,EveryCoin,0xeed3ae7b0f8b5b9bb8c035a9941382b1822671cd,True,7002165.0,success,2019-01-15,2025-12-02,2489.0,,good,TRUE
evz,Electric Vehicle Zone,0x7a939bb714fd2a48ebeb1e495aa9aaa74ba9fa68,True,7149625.0,success,2019-09-05,2025-12-02,2282.0,,good,TRUE
exm,EXMO Coin,0x83869de76b9ad8125e22b857f519f001588c0f62,True,8091147.0,success,2019-08-03,2025-12-02,2224.0,,good,TRUE
exrd,e-Radix,0x6468e79a80c0eab0f9a2b574c8d5bc374af59414,True,11138920.0,success,2020-11-18,2025-12-02,1842.0,,good,TRUE
eye,Behodler,0x155ff1a85f440ee0a382ea949f24ce4e0b751c65,True,10925585.0,success,2020-10-14,2025-12-02,1806.0,,good,TRUE
eywa,EYWA,0x8cb8c4263eb26b2349d74ea2cb1b27bc40709e12,True,21393739.0,success,2024-12-20,2025-12-02,349.0,,good,TRUE
ez,EasyFi V2,0x00aba6fe5557de1a1d565658cbddddf7c710a1eb,True,12337440.0,success,2020-10-08,2025-11-08,1808.0,,good,TRUE
ezeth,Renzo Restaked ETH,0xbf5495efe5db9ce00f80364c8b423567e58d2110,True,,success,2024-01-25,2025-12-03,680.0,,good,TRUE
f,SynFutures,0x6e15a54b5ecac17e58dadeddbe8506a7560252f9,True,21169751.0,success,2024-12-06,2025-12-03,364.0,,good,TRUE
f9,Falcon Nine,0x38a94e92a19e970c144ded0b2dd47278ca11cc1f,True,12752747.0,success,2021-07-05,2025-12-02,1463.0,,good,TRUE
fac,Flying Avocado Cat,0x1a3a8cf347b2bf5890d3d6a1b981c4f4432c8661,True,18595090.0,success,2024-01-03,2025-12-02,701.0,,good,TRUE
fai,FORTIFY AI,0x2893a91b29b80ab62deffff6eb135f32dda8e1d3,True,21638343.0,success,2025-01-17,2025-11-09,211.0,,good,TRUE
fakeai,DeepFakeAI,0x5aef5bba19e6a1644805bd4f5c93c8557b87c62c,True,17375175.0,success,2023-06-06,2025-12-02,912.0,,good,TRUE
fakt,Medifakt,0x0262e9374e95b9667b78136c3897cb4e4ef7f0c2,True,18418016.0,success,2022-04-27,2025-12-02,1317.0,,good,TRUE
fanc,fanC,0xbb126042235e6bd38b17744cb31a8bf4a206c045,True,14022073.0,success,2022-07-20,2025-12-02,1233.0,,good,TRUE
far,FARCANA,0xf9fa60ef4f23f00cce403cc4d2c11baf4880a0d6,True,21343879.0,success,2024-01-23,2025-12-02,681.0,,good,TRUE
farm,Harvest Finance,0xa0246c9032bc3a600820415ae600c6388619a14d,True,10770079.0,success,2020-09-02,2025-12-02,1919.0,,good,TRUE
fart,FartCoin,0x1e8e148055cbd5a02ea75eed79da7ce4b91108b9,True,22760688.0,success,2025-06-25,2025-12-02,162.0,,good,TRUE
fash,BNV,0x7d3ce1265d5ea5848dc1c96aadbf754e2bad33b1,True,,success,2025-08-26,2025-12-02,100.0,,good,TRUE
fatal,Fatalismftw,0x841a3083074b1a40b644bf2ba2491a731b6da277,True,21619167.0,success,2025-01-22,2025-11-28,297.0,,good,TRUE
fb,Fenerbahçe,0xfb19075d77a0f111796fb259819830f4780f1429,True,,success,2021-08-16,2025-12-02,1571.0,,good,TRUE
fbb4,Faith,0xfbb4f63821e706daf801e440a5893be59094f5cc,True,20964148.0,success,2025-08-14,2025-12-02,112.0,,good,TRUE
fbg,Fort Block Games,0xeb935deb517e4c2abc282e5e251ed4d05db79e93,True,19120704.0,success,2024-02-19,2025-11-29,636.0,,good,TRUE
fbtc,Function FBTC,0xc96de26018a54d51c097160568752c4e3bd6c364,True,19980473.0,success,2024-07-13,2025-12-02,509.0,,good,TRUE
fbx,Finance Blocks,0x60bb16c4a931b1a0b8a7d945c651dd90f41d42cf,True,14080155.0,success,2022-03-10,2025-11-15,1347.0,,good,TRUE
fcp,Filipcoin,0xb6dd77fd132dcaa10f1858734e838a0fa7431580,True,11340517.0,success,2021-12-08,2025-12-02,1424.0,,good,TRUE
fct,Firmachain,0xe1bad922f84b198a08292fb600319300ae32471b,True,7855605.0,success,2019-11-10,2025-12-02,2216.0,,good,TRUE
fdm,Freedom,0x60d91f6d394c5004a782e0d175e2b839e078fb83,True,19631608.0,success,2024-05-24,2025-12-02,549.0,,good,TRUE
fdusd,First Digital USD,0xc5f0f7b66764f6ec8c8dff7ba683102295e16409,True,,success,2023-07-26,2025-12-02,862.0,,good,TRUE
fear,FEAR,0x88a9a52f944315d5b4e917b9689e65445c401e83,True,12340215.0,success,2021-05-26,2025-12-02,1653.0,,good,TRUE
fedai,Federal AI,0xd4318fa09c45cfb6355ded6085b0d698b64ec1cd,True,19043271.0,success,2024-01-30,2025-11-23,510.0,,good,TRUE
fefe,Fefe,0x5a858d94011566f7d53f92feb54aff9ee3785db1,True,19972809.0,success,2024-05-31,2025-12-02,375.0,,good,TRUE
fefe,Fefe,0xfefe157c9d0ae025213092ff9a5cb56ab492bab8,True,20310593.0,success,2024-08-10,2025-12-02,481.0,,good,TRUE
fei,Fei USD,0x956f47f50a910163d8bf957cf5846d573e7f87ca,True,12125705.0,success,2021-04-03,2025-12-02,1706.0,,good,TRUE
fer,Ferro,0x2f32b39023da7d6a6486a85d12b346eb9c2a0d19,True,15305407.0,success,2022-07-18,2025-12-02,1235.0,,good,TRUE
ferc,FairERC20,0x2ecba91da63c29ea80fbe7b52632ca2d1f8e5be0,True,17379225.0,success,2023-06-12,2025-12-02,906.0,,good,TRUE
ferret,Ferret AI,0xbcbda13bd60bc0e91745186e274d1445078d6b33,True,19021921.0,success,2024-01-23,2025-12-01,544.0,,good,TRUE
fet,Artificial Superintelligence Alliance,0xaea46a60368a7bd060eec7df8cba43b7ef41ad85,True,10998076.0,success,2019-03-01,2025-12-02,2470.0,,good,TRUE
fets,FE TECH,0xf4a509313437dfc64e2efed14e2b607b1aed30c5,True,18119506.0,success,2024-12-25,2025-11-18,330.0,,good,TRUE
fevr,RealFevr,0x9fb83c0635de2e815fd1c21b3a292277540c2e8d,True,13086547.0,success,2021-07-16,2025-12-03,1567.0,,good,TRUE
ff,Falcon Finance,0xfa1c09fc8b491b6a4d3ff53a10cad29381b3f949,True,23398852.0,success,2025-09-29,2025-12-02,1547.0,,good,TRUE
ffm,Florence Finance Medici,0x72a9b1c9b191781bb15f1b98f443a1d916557c92,True,,success,2024-01-09,2025-12-02,691.0,,good,TRUE
fgm,Feels Good Man,0x1f19d846d99a0e75581913b64510fe0e18bbc31f,True,17078016.0,success,2024-04-18,2025-12-02,593.0,,good,TRUE
fhe,Mind Network,0xd55c9fb62e176a8eb6968f32958fefdd0962727e,True,22139438.0,success,2025-04-10,2025-12-02,238.0,,good,TRUE
fiabtc,Fiamma BTC,0x22f0e0a4c97ff43546dad16d43ef854c773f0e08,True,,success,2025-08-08,2025-12-02,118.0,,good,TRUE
fias,FIAS,0x8e4f1ce473b292d56934c36976356e3e22c35585,True,21124836.0,success,2025-03-29,2025-12-02,250.0,,good,TRUE
fido,Fido,0x6b985d38b1fc891bb57bff59573626b1896d4aa1,True,18555530.0,success,2023-11-13,2025-11-30,679.0,,good,TRUE
fidu,Fidu,0x6a445e9f40e0b97c92d0b8a3366cef1d67f700bf,True,,success,2022-06-10,2025-12-02,1071.0,,good,TRUE
fight,Fight to MAGA,0x8802269d1283cdb2a5a329649e5cb4cdcee91ab6,True,20301334.0,success,2024-07-16,2025-12-02,506.0,,good,TRUE
figon,Figma Ord Shs (Ondo Tokenized Stock),0x073e7a0669833d356fa88ca65cc6d454efaaa3c5,True,,success,2025-09-02,2025-12-02,91.0,,good,TRUE
fin,DeFiner,0x054f76beed60ab6dbeb23502178c52d6c5debe40,True,10825968.0,success,2020-10-12,2025-12-02,1870.0,,good,TRUE
finale,Ben's Finale,0xc7a2572fa8fdb0f7e81d6d3c4e3ccf78fb0dc374,True,17364457.0,success,2023-06-07,2025-12-02,892.0,,good,TRUE
fine,FINE,0x75c97384ca209f915381755c582ec0e2ce88c1ba,True,18080572.0,success,2023-09-13,2025-12-02,813.0,,good,TRUE
fine,This Is Fine - Ethereum,0x1634e10c9155be623b5a52d6ca01c7a904d89b0a,True,20914543.0,success,2024-10-13,2025-11-19,326.0,,good,TRUE
fiona,Fiona,0x7e7ef0ee0305c1c195fcae22fd7b207a813eef86,True,20918737.0,success,2024-10-09,2025-12-02,375.0,,good,TRUE
fire,Fire Protocol,0xf921ae2dac5fa128dc0f6168bf153ea0943d2d43,True,11496109.0,success,2020-12-28,2025-12-02,1802.0,,good,TRUE
fis,Stafi,0xef3a930e1ffffacd2fc13434ac81bd278b0ecc8d,True,11365113.0,success,2020-09-11,2025-12-03,1911.0,,good,TRUE
fix,FixMe AI,0x41b3a4d2819ffd82139d36c9c14a4de759662749,True,23210622.0,success,2025-09-05,2025-11-27,1157.0,,good,TRUE
fjo,Fjord Foundry,0x69457a1c9ec492419344da01daf0df0e0369d5d0,True,19659145.0,success,2024-04-20,2025-12-02,593.0,,good,TRUE
flag,For Loot And Glory,0x9348e94a447bf8b2ec11f374d3f055fd47d936df,True,14647396.0,success,2021-11-22,2025-12-02,1466.0,,good,TRUE
flappy,Flappy,0x590246bfbf89b113d8ac36faeea12b7589f7fe5b,True,20111536.0,success,2024-06-25,2025-12-02,523.0,,good,TRUE
flay,Flayer,0xf1a7000000950c7ad8aff13118bb7ab561a448ee,True,20769913.0,success,2024-09-27,2025-12-02,433.0,,good,TRUE
flc,Floor Protocol,0x102c776ddb30c754ded4fdcc77a19230a60d4e4f,True,18339948.0,success,2023-10-24,2025-11-08,714.0,,good,TRUE
flex,FlexMeme,0xb076bda1abc154ddb4ccd9be45542a823aee290e,True,17100772.0,success,2023-04-26,2025-11-20,561.0,,good,TRUE
flip,Chainflip,0x826180541412d574cf1336d22c0c0a287822678a,True,18277081.0,success,2023-11-23,2025-12-02,742.0,,good,TRUE
flip,Flip the Frog,0x2235fc68939b16dec2a00631433c29e6352d1a02,True,22968925.0,success,2025-07-23,2025-12-02,132.0,,good,TRUE
flo,Flo,0x8561d6829189db74ea1165b7d2bc633616891695,True,23033467.0,success,2025-08-01,2025-12-02,107.0,,good,TRUE
flochi,Flochi,0x9cbefeec232cdbe428ec59ce310c6febc01d6163,True,20034037.0,success,2024-06-09,2025-11-09,411.0,,good,TRUE
flock,Flockerz,0xb33d999469a7e6b9ebc25a3a05248287b855ed46,True,20661205.0,success,2025-01-29,2025-12-02,309.0,,good,TRUE
floki,FLOKI,0xcf0c122c6b73ff809c693db761e7baebe62b6a2e,True,14029867.0,success,2021-06-28,2025-12-02,1620.0,,good,TRUE
flovi,Flovi Inu,0x725024200cd4e1f259fcf2b7153d37fb477e139c,True,19533210.0,success,2024-04-03,2025-11-28,516.0,,good,TRUE
flp,Gameflip,0x3a1bda28adb5b0a812a7cf10a1950c920f79bcd3,True,4360822.0,success,2018-09-27,2025-12-02,2320.0,,good,TRUE
flrbrg,Floor Cheese Burger,0x9138c8779a0ac8a84d69617d5715bd8afa23c650,True,17078099.0,success,2023-09-03,2025-12-02,808.0,,good,TRUE
flt,Fluence,0x236501327e701692a281934230af0b6be8df3353,True,,success,2024-03-22,2025-12-02,622.0,,good,TRUE
fluid,Fluid,0x6f40d4a6237c257fff2db00fa0510deeecd303eb,True,,success,2021-06-16,2025-12-16,1646.0,,good,TRUE
flurry,Flurry Finance,0x60f63b76e2fc1649e57a3489162732a90acf59fe,True,13151085.0,success,2021-09-06,2025-12-02,1550.0,,good,TRUE
flut,Flute,0x4f08705fb8f33affc231ed66e626b40e84a71870,True,16599213.0,success,2023-02-21,2025-11-27,669.0,,good,TRUE
flux,Datamine FLUX,0x469eda64aed3a3ad6f868c44564291aa415cb1d9,True,10224578.0,success,2020-07-03,2025-12-02,1824.0,,good,TRUE
flux,Flux,0xbfde5ac4f5adb419a931a5bf64b0f3bb5a623d06,True,20806644.0,success,2024-10-20,2025-12-02,410.0,,good,TRUE
flx,Flux Protocol,0x3ea8ea4237344c9931214796d9417af1a1180770,True,13709051.0,success,2021-12-13,2025-12-02,1452.0,,good,TRUE
flx,Reflexer Ungovernance,0x6243d8cea23066d098a15582d81a598b4e8391f4,True,11848366.0,success,2021-04-15,2025-12-03,1693.0,,good,TRUE
fly,Franklin,0x85f6eb2bd5a062f5f8560be93fb7147e16c81472,True,11645830.0,success,2021-04-16,2025-12-02,1690.0,,good,TRUE
flz,Fellaz,0x8e964e35a76103af4c7d7318e1b1a82c682ae296,True,14434968.0,success,2022-06-27,2025-12-02,1255.0,,good,TRUE
fmc,FAME AI,0x6bfdb6f4e65ead27118592a41eb927cea6956198,True,18756712.0,success,2023-12-13,2025-12-02,722.0,,good,TRUE
fmt,Finminity,0x99c6e435ec259a7e8d65e1955c9423db624ba54c,True,12164210.0,success,2021-04-07,2025-12-02,1415.0,,good,TRUE
fnct,Financie Token,0x8af78f0c818302164f73b2365fe152c2d1fe80e1,True,15975275.0,success,2023-04-13,2025-12-02,966.0,,good,TRUE
fnxai,Finanx AI,0x939069722d568b5498ccba4356e800eaefefd2a5,True,20920755.0,success,2024-10-28,2025-12-02,402.0,,good,TRUE
foam,FOAM,0x4946fcea7c692606e8908002e55a582af44ac121,True,6046675.0,success,2018-12-12,2025-12-02,2481.0,,good,TRUE
fodl,Fodl Finance,0x4c2e59d098df7b6cbae0848d66de2f8a4889b9c3,True,13373693.0,success,2021-10-14,2025-12-02,1512.0,,good,TRUE
fofar,Fofar,0xeff49b0f56a97c7fd3b51f0ecd2ce999a7861420,True,19575989.0,success,2024-04-09,2025-12-02,603.0,,good,TRUE
fofar,Fofar0x71,0x716bb5e0839451068885250442a5b8377f582933,True,19985154.0,success,2024-06-03,2025-11-24,489.0,,good,TRUE
fofo,FOFO Token,0x27f103f86070cc639fef262787a16887d22d8415,True,17206266.0,success,2023-05-19,2025-11-04,469.0,,good,UNKNOWN
fog,FOGnet,0x33277c3ff3642c80a9d63daacecff87f1ce8d3e9,True,22881168.0,success,2023-09-14,2025-12-02,787.0,,good,TRUE
fold,Manifold Finance,0xd084944d3c05cd115c09d072b9f44ba3e0e45921,True,,success,2021-06-01,2025-12-02,1647.0,,good,TRUE
folks,FOLKS,0xff7f8f301f7a706e3cfd3d2275f5dc0b9ee8009b,True,,success,2025-11-06,2025-12-02,636.0,,good,TRUE
folo,Alpha Impact,0xb2a63a5dd36c91ec2da59b188ff047f66fac122a,True,13563758.0,success,2021-11-08,2025-12-02,1252.0,,good,TRUE
fomo,FOMO,0x6d44ddba07a9373d665ce636f639e1c46565a349,True,22931433.0,success,2025-08-30,2025-12-02,96.0,,good,TRUE
fonzy,Fonzy,0xb939da54f9748440a1b279d42be1296942732288,True,17198478.0,success,2023-05-10,2025-11-25,550.0,,good,TRUE
foom,Foom,0xd0d56273290d339aaf1417d9bfa1bb8cfe8a0933,True,17470743.0,success,2023-08-18,2025-12-02,834.0,,good,TRUE
for,ForTube,0x1fcdce58959f536621d76f5b7ffb955baa5a672f,True,,success,2019-05-04,2025-12-02,2406.0,,good,TRUE
forest,Forest Protocol,0x8d33f0ae6d111212d9d64b0821c7cf09e6270c27,True,23190044.0,success,2025-09-01,2025-12-02,94.0,,good,TRUE
forex,handle.fi,0xdb298285fe4c5410b05390ca80e8fbe9de1f259b,True,13260965.0,success,2021-09-27,2025-12-02,1529.0,,good,TRUE
forg,Forg,0x99420584706e47b1c5198cd80fef64d09f94adf1,True,20275976.0,success,2025-08-14,2025-12-02,112.0,,good,TRUE
fork,FlokiFork,0x7d225c4cc612e61d26523b099b0718d03152edef,True,19150688.0,success,2024-02-06,2025-12-02,667.0,,good,TRUE
fort,Forta,0x41545f8b9472d758bb669ed8eaeeecd7a9c4ec29,True,,success,2022-06-15,2025-12-02,1268.0,,good,TRUE
forth,Ampleforth Governance,0x77fba179c79de5b7653f68b5039af940ada60ce0,True,12141775.0,success,2021-04-21,2025-12-02,1688.0,,good,TRUE
fortknox,Fort Knox,0xac6708e83698d34cd5c09d48249b0239008d0ccf,True,21981388.0,success,2025-03-09,2025-12-02,201.0,,good,TRUE
forward,Forward,0x01824357d7d7eaf4677bc17786abd26cbdec9ad7,True,,success,2024-02-06,2025-12-02,667.0,,good,TRUE
fottie,Fottie,0xe3b9cfb8ea8a4f1279fbc28d3e15b4d2d86f18a0,True,19382073.0,success,2024-03-08,2025-12-02,636.0,,good,TRUE
four,FourCoin,0x244b797d622d4dee8b188b03546acaabd0cf91a0,True,17213821.0,success,2023-05-08,2025-12-02,941.0,,good,TRUE
four,4th Pillar FOUR,0x4730fb1463a6f1f44aeb45f6c5c422427f37f4d0,True,5491403.0,success,2019-05-11,2025-11-26,2091.0,,good,TRUE
fox,Metafox,0x005e6fd1610302018dcd9caf29b8bc38ff6efd98,True,23083651.0,success,2025-08-15,2025-12-02,111.0,,good,TRUE
fox,ShapeShift FOX,0xc770eefad204b5180df6a14ee197d99d808ee52d,True,7446830.0,success,2020-06-19,2025-12-03,1987.0,,good,TRUE
foxe,FOXE,0x378e1be15be6d6d1f23cfe7090b6a77660dbf14d,True,17198451.0,success,2023-05-09,2025-12-02,877.0,,good,TRUE
fp,Forgotten Playland,0xeeee2a2e650697d2a8e8bc990c2f3d04203be06f,True,19235017.0,success,2024-02-21,2025-12-02,652.0,,good,TRUE
fpi,Frax Price Index,0x5ca135cb8527d76e932f34b5145575f9d8cbe08e,True,14482720.0,success,2022-04-09,2025-12-02,1298.0,,good,TRUE
fpis,Frax Price Index Share,0xc2544a32872a91f4a553b404c6950e89de901fdb,True,14482720.0,success,2022-04-09,2025-12-02,1335.0,,good,TRUE
fragma,FRAGMA,0x103c45ffcf40f481a318480718501527929a89c3,True,22445953.0,success,2025-05-11,2025-11-23,165.0,,good,TRUE
frakt,FRAKTIΛ,0xcdbdd8a173c385d8a3c8cab7914a99e8c3d9c3a1,True,22788921.0,success,2025-06-27,2025-11-07,94.0,,good,TRUE
frax,Legacy Frax Dollar,0x853d955acef822db058eb8505911ed77f175b99e,True,11465581.0,success,2020-12-21,2025-12-02,1809.0,,good,TRUE
frax,Frax (prev. FXS),0x3432b6a60d23ca0dfca7761b7ab56459d9c964d0,True,11465584.0,success,2020-12-21,2025-12-02,1809.0,,good,TRUE
frc,Force,0x58083b54013631bacc0bbb6d4efa543fee1d9ce0,True,16916965.0,success,2023-07-10,2025-12-02,860.0,,good,TRUE
freak,Freakoff,0xcb43c88c980ff3a2c3f45f125d9886e7aabcd017,True,20884876.0,success,2024-10-09,2025-11-19,238.0,,good,TRUE
free,FREEdom coin,0x2f141ce366a2462f02cea3d12cf93e4dca49e4fd,True,5386474.0,success,2018-08-25,2025-12-02,2658.0,,good,TRUE
frel,Freela,0x29ceddcf0da3c1d8068a7dfbd0fb06c2e438ff70,True,12491044.0,success,2021-05-28,2025-11-22,1483.0,,good,TRUE
fresco,Fresco,0xb9eb6f357f040be1d2a3d6b4ba750d1ab8a4233c,True,20009539.0,success,2024-06-05,2025-12-02,415.0,,good,TRUE
fric,FRIC,0x753c18121d41ccb3e6c928520060f5febf4141e9,True,22835990.0,success,2025-07-05,2025-12-01,95.0,,good,TRUE
fric,Frictionless,0x23fa3aa82858e7ad1f0f04352f4bb7f5e1bbfb68,True,18948759.0,success,2024-04-05,2025-12-02,608.0,,good,TRUE
frin,Fringe Finance,0xc9fe6e1c76210be83dc1b5b20ec7fd010b0b1d15,True,14015785.0,success,2020-11-25,2025-12-02,1835.0,,good,TRUE
frm,Ferrum Network,0xe5caef4af8780e59df925470b050fb23c43ca68c,True,8249275.0,success,2019-08-06,2025-12-02,2312.0,,good,TRUE
frog,Beer Frog,0x0101013d11e4320d29759f40508c61110f525211,True,20255520.0,success,2024-10-14,2025-12-02,384.0,,good,TRUE
frog,Frog on ETH,0x0a2c375553e6965b42c135bb8b15a8914b08de0c,True,20017650.0,success,2024-06-14,2025-12-02,530.0,,good,TRUE
froge,Froge,0xcab254f1a32343f11ab41fbde90ecb410cde348a,True,21086355.0,success,2023-11-27,2025-12-02,511.0,,good,TRUE
frogex,FrogeX,0x5fa54fddf1870c344dbfabb37dfab8700ec0def1,True,14256151.0,success,2021-04-14,2025-11-21,1131.0,,good,TRUE
frogger,FROGGER,0xe778fd9a8d074e4a808092896b33fe3d3452c125,True,22381346.0,success,2025-05-23,2025-11-29,187.0,,good,TRUE
frogo,FROGO,0xf42845b7fd65709f251146ab373933f20e9d7c41,True,22468859.0,success,2025-05-20,2025-12-02,197.0,,good,TRUE
front,Frontier,0xf8c3527cc04340b208c854e985240c02f7b7793f,True,10841775.0,success,2020-09-15,2025-12-02,1906.0,,good,TRUE
frr,Frontrow,0xe6602b34d8510b033e000975b3322537c7172441,True,13688316.0,success,2021-12-16,2025-11-07,1382.0,,good,TRUE
frxeth,Frax Ether,0x5e8422345238f34275888049021821e8e08caa1f,True,15686046.0,success,2022-11-23,2025-12-02,1097.0,,good,TRUE
frxusd,Frax USD,0xcacd6fd266af91b8aed52accc382b4e165586e29,True,,success,2025-02-16,2025-12-02,291.0,,good,TRUE
fscc,FISCO Coin,0x0789dbae94fb18e5789b8e4489bcb7a1adb58622,True,10248938.0,success,2018-10-23,2025-12-02,2589.0,,good,TRUE
fsn,FUSION,0x9afc975edb8a0b57f066e8e0a72a5e2adbdcb605,True,19154224.0,success,2018-05-09,2025-12-02,2766.0,,good,TRUE
fst,Futureswap,0x0e192d382a36de7011f795acc4391cd302003606,True,,success,2021-03-25,2025-11-30,1675.0,,good,TRUE
ftmx,FTMTOKEN,0x45510db2481353178db5abb87c96805fadad0724,True,23152778.0,success,2025-09-08,2025-12-02,2051.0,,good,TRUE
ftn,Fasttoken,0xaedf386b755465871ff874e3e37af5976e247064,True,15868189.0,success,2023-01-21,2025-12-02,1047.0,,good,TRUE
ftp,Fisttrumppump,0x91f322e0d0bd688acd511a789431a2b672a28013,True,,success,2024-10-30,2025-12-01,392.0,,good,TRUE
ftr,Fautor,0xd6c7bb8531295e88d364ea67d5d1acc7d3f87454,True,,success,2024-06-15,2025-12-02,537.0,,good,TRUE
ftrb,Faith Tribe,0x2596825a84888e8f24b747df29e11b5dd03c81d7,True,13907658.0,success,2022-02-25,2025-12-02,1378.0,,good,TRUE
ftt,FTX,0x50d1c9771902476076ecfc8b2a83ad6b9355a4c9,True,7611221.0,success,2019-07-30,2025-12-02,2319.0,,good,TRUE
ftw,Apollo FTW,0xbc188b5dbb155b6ea693d46d98bf60b8482939b9,True,19427192.0,success,2024-05-02,2025-11-24,493.0,,good,TRUE
ftw,Black Agnus,0x306fd3e7b169aa4ee19412323e1a5995b8c1a1f4,True,20539654.0,success,2024-09-12,2025-11-30,410.0,,good,TRUE
ftx,FintruX,0xd559f20296ff4895da39b5bd9add54b442596a61,True,5262354.0,success,2018-04-25,2025-12-02,2705.0,,good,TRUE
ftx,HairyPlotterFTX,0xb1a822ce8c799b0777ed1f260113819247e1bf26,True,17977325.0,success,2023-10-06,2025-12-02,693.0,,good,TRUE
fubao,Fu Bao,0x3e66c9a569efcf704391b54fd1eebd8ca0556960,True,20945017.0,success,2024-10-14,2025-11-26,270.0,,good,TRUE
fuel,Fuel Network,0x675b68aa4d9c2d3bb3f0397048e62e6b7192079c,True,,success,2024-12-19,2025-12-02,350.0,,good,TRUE
fuelx,Fuel,0xcc54ac31164b5b3c39db4eef26d89275c468ec9d,True,20559672.0,success,2022-09-06,2025-12-02,1180.0,,good,TRUE
fufu,Fufu Token,0x7b37a55ffb30c11d95f943672ae98f28cfb7b087,True,18299697.0,success,2023-10-10,2025-11-28,675.0,,good,TRUE
fuku,FUKU,0x6a159543abfc7baf816fdbc99efd48e4ee7acc63,True,20485181.0,success,2024-08-28,2025-12-02,423.0,,good,TRUE
fuku,Fuku-Kun,0x1001271083c249bd771e1bb76c22d935809a61ee,True,20482781.0,success,2024-08-10,2025-12-02,476.0,,good,TRUE
fula,Functionland,0x92217ccaedbdbc54c76c15fea18823db1558fdc9,True,,success,2025-03-18,2025-12-02,261.0,,good,UNKNOWN
fun,FUNToken,0x419d0d8bdd9af5e606ae2232ed285aff190e711b,True,3988945.0,success,2017-07-15,2025-12-02,3064.0,,good,TRUE
fund,Unification,0xe9b076b476d8865cdf79d1cf7df420ee397a7f75,True,15875392.0,success,2019-02-27,2025-12-03,2466.0,,good,TRUE
furo,Furo,0xd843713a7e6b3627cca4e7f70d34318d72708152,True,23145896.0,success,2025-08-16,2025-12-02,105.0,,good,TRUE
fusaka,Fusaka,0x7607546645655d4e93ea6839a55339263b3e4986,True,23119102.0,success,2025-08-20,2025-12-02,106.0,,good,TRUE
fusdc,Fluid USDC,0x9d1089802ee608ba84c5c98211afe5f37f96b36c,True,,success,2022-12-20,2025-12-02,1016.0,,good,UNKNOWN
fuse,Fuse,0x970b9bb2c0444f5e81e9d0efb84c8ccdcdcaf84d,True,8476709.0,success,2020-01-14,2025-12-02,2025.0,,good,TRUE
fusion,Fusion AI,0xb868cca38a8e6348d8d299c9b3c80e63d45abe4c,True,21545072.0,success,2025-01-06,2025-11-29,311.0,,good,TRUE
futuon,Futu Holdings (Ondo Tokenized Stock),0x5ce215d9c37a195df88e294a06b8396c296b4e15,True,,success,2025-09-02,2025-12-02,74.0,,good,TRUE
fvix,FVIX,0x0c65b7094e9cedebf9ad5b6a631e57961e0680cf,True,,success,2025-07-17,2025-11-12,120.0,,good,TRUE
fvt,Finance Vote,0x45080a6531d671ddff20db42f93792a489685e32,True,11260750.0,success,2020-11-22,2025-12-02,1501.0,,good,TRUE
fwb,Friends With Benefits Pro [OLD],0x35bd01fc9d6d5d81ca9e055db88dc49aa2c699a8,True,12061284.0,success,2021-03-20,2025-12-02,1713.0,,good,TRUE
fweth,Fluid Wrapped Ether,0x90551c1795392094fe6d29b758eccd233cfaa260,True,19247626.0,success,2025-07-12,2025-12-02,119.0,,good,TRUE
fwsteth,Fluid Wrapped Staked ETH,0x2411802d8bea09be0af8fd8d08314a63e706b29c,True,19597495.0,success,2025-10-11,2025-12-02,1255.0,,good,TRUE
fxh,fxhash,0xc0c592d6f9804f4fa8316cb4b95b047ef8f95a56,True,22525388.0,success,2025-07-02,2025-12-02,155.0,,good,TRUE
fxi,FX1Sports,0xc5190e7fec4d97a3a3b1ab42dfedac608e2d0793,True,18284567.0,success,2023-05-02,2025-12-02,947.0,,good,TRUE
fxn,f(x) Protocol,0x365accfca291e7d3914637abf1f7635db165bb09,True,,success,2023-09-29,2025-12-02,797.0,,good,TRUE
fxsave,f(x) USD Saving,0x7743e50f534a7f9f1791dde7dcd89f7783eefc39,True,,success,2025-07-16,2025-12-02,141.0,,good,TRUE
fxt,Frog X Toad 6900,0xe41caa3b971fb35c6872eee02ff6b0dbc6eb9fa2,True,23083621.0,success,2025-08-14,2025-12-02,112.0,,good,TRUE
fxusd,f(x) Protocol fxUSD,0x085780639cc2cacd35e474e71f4d000e2405d8f6,True,,success,2024-03-21,2025-12-02,623.0,,good,TRUE
fxusdc,f(x) Protocol Morpho USDC,0x4f460bb11cf958606c69a963b4a17f9daeeea8b6,True,20210507.0,success,2024-12-16,2025-12-02,353.0,,bad,UNKNOWN
fyde,Fyde,0x8a462e6a0051d006e33152fbeadfb9a14198de30,True,,success,2024-10-09,2025-12-02,421.0,,good,TRUE
g,G,0x276105758dfb270f5cd845aa04a6ba09c88699ca,True,20044478.0,success,2024-06-10,2025-12-02,283.0,,good,TRUE
g,Gravity (by Galxe),0x9c7beba8f6ef6643abd725e45a4e8387ef260649,True,19858914.0,success,2024-07-18,2025-12-02,504.0,,good,TRUE
g3,GAM3S.GG,0xcf67815cce72e682eb4429eca46843bed81ca739,True,,success,2024-04-09,2025-12-02,604.0,,good,TRUE
g7,Game7,0x12c88a3c30a7aabc1dd7f2c08a97145f5dccd830,True,20928775.0,success,2025-02-12,2025-12-02,295.0,,good,TRUE
ga,GeneAlpha,0x5e6dd9a767894470e7e93e603c25f681a5adf1ae,True,22938981.0,success,2025-08-14,2025-12-02,106.0,,good,TRUE
gaga,Gaga (Pepe),0xb29dc1703facd2967bb8ade2e392385644c6dca9,True,19418085.0,success,2024-03-29,2025-12-02,614.0,,good,TRUE
gai,Generaitiv,0x0d8ca4b20b115d4da5c13dc45dd582a5de3e78bf,True,16628425.0,success,2023-02-22,2025-12-02,872.0,,good,TRUE
gaia,Gaia,0x2ee7097bfdd98fce2ac08a1896038a7cd9aaed81,True,21837757.0,success,2025-07-30,2025-12-02,127.0,,good,TRUE
gaib,GAIB,0xc19d38925f9f645337b1d1f37baf3c0647a48e50,True,,success,2025-11-19,2025-12-02,327.0,,good,TRUE
gains,Gains,0x056c1d42fb1326f57da7f19ebb7dda4673f1ff55,True,18122709.0,success,2021-04-07,2025-12-02,1700.0,,good,TRUE
gaj,Gaj Finance,0x9fda7ceec4c18008096c2fe2b85f05dc300f94d0,True,12957869.0,success,2021-05-08,2025-12-02,1575.0,,good,TRUE
gal,GAL (migrated to Gravity - G),0x5faa989af96af85384b8a938c2ede4a7378d9875,True,14033682.0,success,2022-05-05,2025-12-03,1310.0,,good,TRUE
gala,GALA,0xd1d2eb1b1e90b638588728b4130137d262c87cae,True,,success,2020-09-16,2025-12-02,1905.0,,good,TRUE
galaxis,GALAXIS Token,0x423071774c43c0aaf4210b439e7cda8c797e2f26,True,19760324.0,success,2024-05-10,2025-12-02,573.0,,good,TRUE
gambit,Gambit,0x2ae21de576e0fe0367651ddcf76e04dd0608c076,True,19419171.0,success,2024-03-14,2025-12-02,524.0,,good,TRUE
game,GameBuild,0x825459139c897d769339f295e962396c4f9e4a4d,True,19666794.0,success,2024-05-13,2025-12-02,570.0,,good,TRUE
game,Gamestarter,0xd567b5f02b9073ad3a982a099a23bf019ff11d1c,True,12862151.0,success,2021-08-11,2025-12-02,1576.0,,good,TRUE
gamer,cyb3rgam3r420,0xf89674f18309a2e97843c6e9b19c07c22caef6d5,True,18260733.0,success,2023-10-03,2025-12-02,757.0,,good,TRUE
games,GAME,0x67886ababdd886653b64bb846ea5822a6c353dd4,True,22469317.0,success,2025-06-06,2025-09-27,102.0,,good,TRUE
gamma,Gamma Strategies,0x6bea7cfef803d1e3d5f7c0103f7ded065644e197,True,13864627.0,success,2021-12-27,2025-12-02,1433.0,,good,TRUE
garbage,Garbage,0x619e398858a3110df4d89056a15a40338a01e65f,True,18727629.0,success,2024-01-04,2025-11-22,414.0,,good,TRUE
gary,Elons Pet Snail,0xf0430bd971ee4a63674a2103e21129e9ccf29686,True,21158941.0,success,2024-11-14,2025-12-02,371.0,,good,TRUE
gas,Gas DAO,0x6bba316c48b49bd1eac44573c5c871ff02958469,True,13897720.0,success,2021-12-29,2025-12-02,1434.0,,good,TRUE
gasp,GASP,0x736ecc5237b31edec6f1ab9a396fae2416b1d96e,True,21415180.0,success,2025-03-08,2025-12-02,220.0,,good,TRUE
gass,Gasspas,0x774eaf7a53471628768dc679da945847d34b9a55,True,22476306.0,success,2025-05-16,2025-12-02,202.0,,good,TRUE
gate,GATENet,0x9d7630adf7ab0b0cb00af747db76864df0ec82e4,True,11635706.0,success,2021-06-02,2025-12-02,1273.0,,good,TRUE
gatsby,GATSBY,0xca7af58da871736994ce360f51ec6cd28351a3df,True,20995095.0,success,2024-10-31,2025-12-02,366.0,,good,TRUE
gatsby,Gatsby Inu,0x5d0ebc4ec5ac18d30512fb6287886245061b3dbd,True,17308895.0,success,2023-05-29,2025-12-02,667.0,,good,TRUE
gauss,Gauss0x,0x622984873c958e00aa0f004cbdd2b5301cf0b132,True,19441722.0,success,2024-03-18,2025-11-05,357.0,,good,TRUE
gav,GavCoin,0x55c3a56e638e96c91f98735cc86f60a6820e6a44,True,19772800.0,success,2024-05-02,2025-11-26,396.0,,good,TRUE
gbe,Gambex,0x176bc22e1855cd5cf5a840081c6c5b92b55e2210,True,18478107.0,success,2023-11-06,2025-12-02,719.0,,good,TRUE
gbtc,GBTC6900,0x74ab072c91bf33479f959ce70561e785fd7391fd,True,20951978.0,success,2024-10-13,2025-11-27,310.0,,good,TRUE
gbtc,Green Bitcoin,0xdc9cb148ecb70876db0abeb92f515a5e1dc9f580,True,18682496.0,success,2024-04-14,2025-12-02,599.0,,good,TRUE
gburn,GBURN,0x4eea762311be76f9071aa01058c047ad12a017a1,True,18578366.0,success,2023-11-20,2025-11-23,668.0,,good,TRUE
gbyte,Obyte,0x31f69de127c8a0ff10819c0955490a4ae46fcc2a,True,,success,2016-12-27,2025-12-02,3263.0,,good,TRUE
gcake,Pancake Games,0x5f944b0c4315cb7c3a846b025ab4045da44abf6c,True,13311113.0,success,2021-11-11,2025-11-30,1479.0,,good,TRUE
gcoti,COTI Governance Token,0xaf2ca40d3fc4459436d11b94d21fa4b8a89fb51d,True,,success,2023-11-13,2025-12-02,750.0,,good,TRUE
gcr,Global Coin Research,0x6307b25a665efc992ec1c1bc403c38f3ddd7c661,True,11950574.0,success,2021-04-16,2025-12-02,1528.0,,good,TRUE
gdag,GhostDAG.org,0x8bf30e9f44e5d068a9d0c20da22660997a532e33,True,18593107.0,success,2023-11-24,2025-11-25,669.0,,good,TRUE
gdt,Globe Derivative Exchange,0xc67b12049c2d0cf6e476bc64c7f82fc6c63cffc5,True,12332982.0,success,2021-05-12,2025-12-02,1619.0,,good,TRUE
gdt,Gradient Protocol,0x396c95abe154b3b2ed204cf45c8726aa7ad47a4d,True,19528489.0,success,2024-04-24,2025-12-02,538.0,,good,TRUE
gdx,GrokDogeX,0x0c21638d4bcb88568f88bc84a50e317715f8de8a,True,18507632.0,success,2023-11-06,2025-11-30,344.0,,good,TRUE
gear,Gearbox,0xba3335588d9403515223f109edc4eb7269a9ab5d,True,13810899.0,success,2022-12-19,2025-12-02,1081.0,,good,TRUE
gec,Gecoin,0xe304283c3e60cefaf7ea514007cf4e8fdc3d869d,True,6403177.0,success,2022-05-20,2025-11-28,1134.0,,good,TRUE
gecky,Gecky,0x694200465963898a9fef06a5b778d9e65721685c,True,20218236.0,success,2024-10-19,2025-12-02,321.0,,good,TRUE
geeq,GEEQ,0x6b9f031d718dded0d681c20cb754f97b3bb81b78,True,10589469.0,success,2020-08-06,2025-12-02,1946.0,,good,TRUE
geke,Geke,0x471a202f69d6e975da55e363dab1bdb2e86e0c0f,True,17206263.0,success,2023-05-15,2025-11-19,821.0,,good,TRUE
gekko,GEKKO,0xf017d3690346eb8234b85f74cee5e15821fee1f4,True,17193069.0,success,2023-10-25,2025-12-02,771.0,,good,TRUE
gel,Gelato,0x15b7c0c907e4c6b9adaaaabc300c08991d6cea05,True,13171881.0,success,2021-09-13,2025-12-02,1543.0,,good,TRUE
gem,NFTmall,0x9b17baadf0f21f03e35249e0e59723f34994f806,True,13643826.0,success,2021-06-11,2025-11-26,1581.0,,good,TRUE
gemai,The Next Gem AI,0xfbe44cae91d7df8382208fcdc1fe80e40fbc7e9a,True,19515673.0,success,2024-04-15,2025-12-03,578.0,,good,TRUE
gems,Gems VIP,0x3010ccb5419f1ef26d40a7cd3f0d707a0fa127dc,True,20019448.0,success,2024-06-15,2025-12-02,537.0,,good,TRUE
gen,Generational Wealth,0xcae3faa4b6cf660aef18474074949ba0948bc025,True,17258657.0,success,2023-05-18,2025-12-02,883.0,,good,TRUE
geni,Genius,0x444444444444c1a66f394025ac839a535246fcc8,True,16177938.0,success,2023-01-03,2025-12-02,1066.0,,good,TRUE
genie,GenieBot,0x56978e609f2cab06f77c5c8fd75166fcd8f09bd8,True,17566495.0,success,2023-07-03,2025-11-25,504.0,,good,TRUE
genome,GenomesDAO GENOME,0x7ae4f8885f6cfa41a692cb9da3789cfa6a83e9f2,True,19561579.0,success,2024-04-18,2025-12-02,595.0,,good,TRUE
genslr,Good Gensler,0xad1a5b8538a866ecd56ddd328b50ed57ced5d936,True,17079075.0,success,2023-04-24,2025-11-29,897.0,,good,TRUE
geo,GeoDB,0x147faf8de9d8d8daae129b187f0d02d819126750,True,8446378.0,success,2020-05-08,2025-12-02,1705.0,,good,TRUE
geoff,Geoff,0xae3013789c836345dfd63a9df713e3c23fb3a664,True,21844485.0,success,2025-02-16,2025-12-02,290.0,,good,TRUE
geon,General Electric (Ondo Tokenized Stock),0xd904bcf89b7cedf5c89f9df7e829191d695f847e,True,,success,2025-09-02,2025-12-02,69.0,,good,TRUE
get,GET Protocol,0x8a854288a5976036a725879164ca3e91d30c6a1b,True,4362205.0,success,2018-01-12,2025-12-02,2736.0,,good,TRUE
geth,Goerli ETH,0xdd69db25f6d620a7bad3023c5d32761d353d3de9,True,16544976.0,success,2023-02-26,2025-12-02,931.0,,good,TRUE
geth,Guarded Ether,0x3802c218221390025bceabbad5d8c59f40eb74b8,True,13455313.0,success,2021-02-17,2025-12-02,1301.0,,good,TRUE
gf,GuildFi,0xaaef88cea01475125522e117bfe45cf32044e238,True,13688694.0,success,2021-12-04,2025-12-02,1289.0,,good,TRUE
gfi,Goldfinch,0xdab396ccf3d84cf2d07c4454e10c8a6f5b008d2b,True,13464840.0,success,2022-01-11,2025-12-02,1423.0,,good,TRUE
gfox,Galaxy Fox,0x8f1cece048cade6b8a05dfa2f90ee4025f4f2662,True,19086667.0,success,2024-04-25,2025-12-02,586.0,,good,TRUE
gfy,go fu*k yourself.,0x2d9d7c64f6c00e16c28595ec4ebe4065ef3a250b,True,18680311.0,success,2023-12-03,2025-12-01,726.0,,good,TRUE
ggtk,GG,0xfa99a87b14b02e2240c79240c5a20f945ca5ef76,True,11407467.0,success,2021-01-14,2025-12-02,1747.0,,good,TRUE
gho,GHO,0x40d16fc0246ad3160ccc09b8d0d3a2cd28ae6c2f,True,17698470.0,success,2023-07-15,2025-12-02,873.0,,good,TRUE
ghst,Aavegotchi,0x3f382dbd960e3a9bbceae22651e88158d2791550,True,10852634.0,success,2020-09-14,2025-12-02,1907.0,,good,TRUE
ghx,GamerCoin,0x728f30fa2f100742c7949d1961804fa8e0b1387d,True,11426965.0,success,2021-04-08,2025-12-02,1701.0,,good,TRUE
giac,Gorilla In A Coupe,0x793a5d8b30aab326f83d20a9370c827fea8fdc51,True,19411019.0,success,2024-03-13,2025-12-02,501.0,,good,TRUE
giga,GigaSwap,0x83249c6794bca5a77eb8c0af9f1a86e055459cea,True,15353991.0,success,2022-08-20,2025-12-02,1175.0,,good,TRUE
gigachad,GigaChad,0xf43f21384d03b5cbbddd58d2de64071e4ce76ab0,True,17181850.0,success,2024-07-09,2025-12-02,513.0,,good,TRUE
ginnan,Ginnan,0x50d7ee9708fec39673c92e1aae048eb3685eea9b,True,18810025.0,success,2024-11-08,2025-12-02,359.0,,good,TRUE
ginnan,Ginnan Doge's Brother,0x375e104af98872e5b4fe951919e504a47db1757c,True,20414320.0,success,2024-09-19,2025-12-02,427.0,,good,TRUE
ginnan,Ginnan Neko,0x6d06426a477200c385843a9ac4d4fd55346f2b7b,True,21315031.0,success,2024-12-02,2025-11-20,204.0,,good,TRUE
giv,Giveth,0x900db999074d9277c5da2a43f252d74366230da0,True,13816800.0,success,2021-12-22,2025-12-02,1443.0,,good,TRUE
giza,GIZA,0x590830dfdf9a3f68afcdde2694773debdf267774,True,21872278.0,success,2025-05-20,2025-12-02,198.0,,good,TRUE
glch,Glitch Protocol,0x038a68ff68c393373ec894015816e33ad41bd564,True,11468034.0,success,2021-01-19,2025-12-02,1780.0,,good,TRUE
gldt,Gold Token,0x86856814e74456893cfc8946bedcbb472b5fa856,True,22881400.0,success,2025-01-25,2025-12-02,313.0,,good,TRUE
gldx,Gold xStock,0x2380f2673c640fb67e2d6b55b44c62f0e0e69da9,True,,success,2025-07-13,2025-12-02,144.0,,good,TRUE
glg,Gilgeous,0xc57f1d079c862b70aa12faab19293f827187aaf6,True,17164993.0,success,2023-05-10,2025-11-16,449.0,,good,TRUE
glhfstr,GLHFStrategy,0xae52e336f1cc779c2e647b82994e4d29ed4e0286,True,,success,2025-10-25,2025-12-02,775.0,,good,TRUE
glm,Golem,0x7dd9c5cba05e151c895fde1cf355c9a1d5da6429,True,11281056.0,success,2016-11-18,2025-12-02,3303.0,,good,TRUE
glq,GraphLinq Chain,0x9f9c8ec3534c3ce16f928381372bfbfbfb9f4d24,True,12044390.0,success,2021-03-22,2025-12-02,1718.0,,good,TRUE
gluteu,Gluteus Maximus by Virtuals,0x7a78c790250fef60ce7e8ef85557d67cc4216a52,True,,success,2024-11-27,2025-12-02,372.0,,good,TRUE
gm,GM Frens,0x89c1da46d692d09814a88a27270d0dca21e4734d,True,20921800.0,success,2024-10-09,2025-11-28,212.0,,good,TRUE
gmac,Gemach,0xd96e84ddbc7cbe1d73c55b6fe8c64f3a6550deea,True,12616244.0,success,2023-10-16,2025-12-02,780.0,,good,TRUE
gme,DumbMoney,0xfc4b4ec763722b71eb1d729749b447a9645f5f30,True,18235060.0,success,2023-10-02,2025-12-02,759.0,,good,TRUE
gme,GME (Ethereum),0xc56c7a0eaa804f854b536a5f3d5f49d2ec4b12b8,True,19858481.0,success,2024-05-16,2025-12-02,567.0,,good,TRUE
gmee,GAMEE,0xd9016a907dc0ecfa3ca425ab20b6b785b42f2373,True,12066592.0,success,2021-04-09,2025-12-02,1700.0,,good,TRUE
gmeon,GameStop (Ondo Tokenized Stock),0x71d24baeb0a033ec5f90ff65c4210545af378d97,True,,success,2025-09-02,2025-12-02,85.0,,good,TRUE
gmex,Gamestop xStock,0xe5f6d3b2405abdfe6f660e63202b25d23763160d,True,,success,2025-07-11,2025-12-02,49.0,,good,TRUE
gmfam,GMFAM,0xe9da5e227e3fa4fc933b5f540be021e7ecc3fd81,True,17307178.0,success,2023-05-25,2025-12-02,878.0,,good,TRUE
gmi,GonnaMakeIt,0x044e874f23f9a7e5dad696554a116c4bb62fecb7,True,,success,2025-08-23,2025-12-02,90.0,,good,TRUE
gmm,Gamium,0x4b19c70da4c6fa4baa0660825e889d2f7eabc279,True,,success,2022-03-30,2025-12-02,1345.0,,good,TRUE
gmrt,The Game Company,0x6967f0974d76d34e140cae27efea32cdf546b58e,True,21787793.0,success,2025-02-13,2025-12-02,294.0,,good,TRUE
gmt,GMT,0xe3c408bd53c31c085a1746af401a4042954ff740,True,14996264.0,success,2022-03-09,2025-12-03,1367.0,,good,TRUE
gnet,Galactica.com,0x690f1eef8acead09ac695d9111af081045c6d5b7,True,22718525.0,success,2025-10-03,2025-12-02,1454.0,,good,TRUE
gnft,GNFT,0xc502002aeb1b9309fccb016adf50507987fc6c2b,True,12141333.0,success,2022-02-09,2025-12-02,1389.0,,good,TRUE
gno,Gnosis,0x6810e776880c02933d47db1b9fc05908e5386b96,True,3557596.0,success,2017-05-01,2025-12-02,3137.0,,good,TRUE
gnome,GnomeLand,0x42069d11a2cc72388a2e06210921e839cfbd3280,True,18975843.0,success,2024-02-13,2025-12-02,527.0,,good,TRUE
gnomy,Gnomy,0x6439221d2b06a4cdf38f52a55294ddc28e1bed08,True,20268563.0,success,2024-07-12,2025-12-02,409.0,,good,TRUE
gny,GNY,0xb1f871ae9462f1b2c6826e88a7827e76f86751d4,True,11314113.0,success,2019-05-17,2025-12-02,2393.0,,good,TRUE
goat,Goatseus Maximus,0x5200b34e6a519f289f5258de4554ebd3db12e822,True,20954029.0,success,2024-10-17,2025-12-02,409.0,,good,TRUE
goat,Goat Trading,0x6ae2a128cd07d672164ca9f2712ea737d198dd41,True,19142881.0,success,2024-02-10,2025-12-02,657.0,,good,TRUE
goatx,GOATX,0x4eca7761a516f8300711cbf920c0b85555261993,True,21501336.0,success,2025-01-05,2025-12-02,256.0,,good,TRUE
gob,Goons of Balatroon,0x830eb1204380e9c44434db8700257025358707c6,True,18014427.0,success,2022-09-01,2025-12-02,1169.0,,good,TRUE
gobstr,GobStrategy,0x5d855d8a3090243fed9bf73999eedfbc2d1dcf21,True,,success,2025-10-06,2025-12-02,1368.0,,good,TRUE
god,GOD Coin,0x4c746edf20762dc201ac40135e0c13e400d23d58,True,17311576.0,success,2023-12-03,2025-11-28,609.0,,good,TRUE
god,Godcoin,0xb5130f4767ab0acc579f25a76e8f9e977cb3f948,True,21676205.0,success,2025-01-24,2025-12-02,314.0,,good,TRUE
gods,Gods Unchained,0xccc8cb5229b0ac8069c51fd58367fd1e622afd97,True,12955434.0,success,2021-10-29,2025-12-02,1497.0,,good,TRUE
goe,God Of Ethereum,0xccc80ce58995baae4e5867e5cde3bd9f8b242376,True,19790197.0,success,2024-05-05,2025-11-28,451.0,,good,TRUE
gof,Get Out Frog,0x0f515f030e31db8fa475aead84f79a5b25a953c4,True,23026417.0,success,2025-08-07,2025-12-02,116.0,,good,TRUE
gof,Golff,0x488e0369f9bc5c40c002ea7c1fe4fd01a198801c,True,10814796.0,success,2020-09-12,2025-12-02,1743.0,,good,TRUE
gog,Guild of Guardians,0x9ab7bb7fdc60f4357ecfef43986818a2a3569c62,True,13497411.0,success,2021-12-22,2025-12-02,1443.0,,good,TRUE
gohm,Governance OHM,0x0ab87046fbb341d058f17cbc4c1133f25a20a52f,True,13674957.0,success,2021-12-01,2025-12-02,1464.0,,good,UNKNOWN
gohost,GoHost,0x98d3cdd5888cc4a1d42e0c2e222c0083ce5cd2c0,True,22816368.0,success,2025-07-06,2025-11-25,67.0,,good,TRUE
goku,Goku,0xa64dfe8d86963151e6496bee513e366f6e42ed79,True,13050921.0,success,2021-08-25,2025-11-27,1179.0,,good,TRUE
gol,GogolCoin,0x083d41d6dd21ee938f0c055ca4fb12268df0efac,True,11849196.0,success,2021-04-16,2025-12-02,1681.0,,good,TRUE
gold,Gold,0x089453742936dd35134383aee9d78bee63a69b01,True,18172488.0,success,2023-09-25,2025-12-02,783.0,,good,TRUE
gold,GoldenBoys,0x9deb0fc809955b79c85e82918e8586d3b7d2695a,True,19504919.0,success,2023-08-21,2025-12-02,836.0,,good,TRUE
golden,Golden Inu,0xd87996ff3d06858bfc20989aef50cc5fcd4d84ca,True,17005493.0,success,2023-08-25,2025-12-02,810.0,,good,TRUE
gomining,GoMining Token,0x7ddc52c4de30e94be3a6a0a2b259b2850f421989,True,12317771.0,success,2021-05-20,2025-12-02,1659.0,,good,TRUE
gondola,Gondola,0xd43fba1f38d9b306aeef9d78ad177d51ef802b46,True,20059690.0,success,2024-07-09,2025-12-02,513.0,,good,TRUE
gooch,Gooch,0x6d3d490964205c8bc8ded39e48e88e8fde45b41f,True,17233927.0,success,2023-05-12,2025-11-23,632.0,,good,TRUE
googlon,Alphabet Class A (Ondo Tokenized Stock),0xba47214edd2bb43099611b208f75e4b42fdcfedc,True,,success,2025-09-02,2025-12-02,93.0,,good,TRUE
googlx,Alphabet xStock,0xe92f673ca36c5e2efd2de7628f815f84807e803f,True,,success,2025-07-01,2025-12-02,156.0,,good,TRUE
goompy,Goompy,0x42069f39c71816cea208451598425b492dd2b380,True,21189561.0,success,2024-11-16,2025-11-25,370.0,,good,TRUE
goose,Goose,0x0b2acaaf45fc201d239c5915572730f4bff1999f,True,20824354.0,success,2024-09-26,2025-11-27,244.0,,good,TRUE
gop,The Republican Party,0x80810a9c31e7243a0bfb9919b0b4020378d1c134,True,20324130.0,success,2024-10-31,2025-11-19,281.0,,good,TRUE
gora,Gora,0x3b9b5ad79cbb7649143decd5afc749a75f8e6c7f,True,19760496.0,success,2023-07-11,2025-12-02,877.0,,good,TRUE
gorilla,Gorilla,0x33c04bed4533e31f2afb8ac4a61a48eda38c4fa0,True,18537688.0,success,2023-11-16,2025-11-15,732.0,,good,TRUE
gorples,GorplesCoin,0xff33a6b3dc0127862eedd3978609404b22298a54,True,,success,2024-06-27,2025-11-30,503.0,,good,TRUE
gorth,Gorth,0x666acd390fa42d5bf86e9c42dc2fa6f6b4b2d8ab,True,22462032.0,success,2025-05-15,2025-12-02,203.0,,good,TRUE
gou,Gou,0xed89fc0f41d8be2c98b13b7e3cd3e876d73f1d30,True,20521995.0,success,2024-08-20,2025-12-02,471.0,,good,TRUE
govi,CVI,0xeeaa40b28a2d1b0b08f6f97bb1dd4b75316c6107,True,11510182.0,success,2021-02-04,2025-12-02,1764.0,,good,TRUE
gpectra,Pectra Giraffe,0xc7f380530c789f61dff8b022874e5185076cc1fb,True,22431342.0,success,2025-05-10,2025-12-02,208.0,,good,TRUE
gptplus,GPTPlus,0xed9f6aa6532869576211fd6367e3c328810fbeb3,True,18385749.0,success,2024-01-03,2025-12-02,675.0,,good,TRUE
gpu,GPUnet,0x79d464248516bc6977ca2069ba15d8d1044479d8,True,,success,2025-06-09,2025-12-02,178.0,,good,TRUE
gpu,NodeAI,0x1258d60b224c0c5cd888d37bbf31aa5fcfb7e870,True,18738575.0,success,2024-02-22,2025-12-02,651.0,,good,TRUE
gpuai,GPU AI,0x541e65469ffcc26cbdcc2f5665d481adb5a95fb1,True,23330918.0,success,2025-09-10,2025-10-07,330.0,,bad,UNKNOWN
gracy,Gracy,0x7c95e7ad2b349dc2f82d0f1117a44b561fa2699a,True,15803458.0,success,2023-09-26,2025-12-02,800.0,,good,TRUE
grai,Grai,0x15f74458ae0bfdaa1a96ca1aa779d715cc1eefe4,True,17273423.0,success,2023-05-19,2025-12-02,930.0,,good,TRUE
grain,Granary,0xf88baf18fab7e330fa0c4f83949e23f52fececce,True,,success,2023-04-14,2025-11-21,836.0,,good,TRUE
grampus,GRAM Ecosystem,0x856d602e73545deaa1491a3726cf628d49f74f51,True,20524083.0,success,2025-03-27,2025-12-02,226.0,,good,TRUE
grams,Gram Silver,0x97cf07b5401b76d69bf48a4f6fdf63684e0748e0,True,19713179.0,success,2024-01-08,2025-12-02,696.0,,good,TRUE
gray,Gradient,0xa776a95223c500e81cb0937b291140ff550ac3e4,True,22632847.0,success,2025-06-05,2025-12-02,182.0,,good,TRUE
greaper,Green Reaper by Matt Furie,0x9fab63812476fa4f4e8806d5297452dbc2c1c67c,True,23732217.0,success,2025-11-06,2025-11-30,213.0,,good,TRUE
green,Green,0xb2089a7069861c8d90c8da3aacab8e9188c0c531,True,6528032.0,success,2025-07-07,2025-12-02,150.0,,good,TRUE
grg,RigoBlock,0x4fbb350052bca5417566f188eb2ebce5b19bc964,True,6680891.0,success,2019-11-07,2025-12-03,2161.0,,good,TRUE
grid,Grid Protocol,0x4a467232abe1472f9abeb49dcd2b34590222cae9,True,22717083.0,success,2025-06-18,2025-11-08,74.0,,good,TRUE
grix,Grix,0xa150376112dd24e873086b51347eddd5f2e147d5,True,21809154.0,success,2025-04-01,2025-11-30,238.0,,good,TRUE
grlc,Garlicoin,0x58f7345b5295e43aa454911571f13be186655be9,True,12727943.0,success,2018-02-11,2025-12-02,2825.0,,good,TRUE
groggo,Groggo By Matt Furie,0x420110d74c4c3ea14043a09e81fad53e1932f54c,True,20276807.0,success,2024-10-22,2025-12-02,407.0,,good,TRUE
grok,First GROK AI,0x0ee27a1f959ea7ea2aa171a7e2e48fd9f17bb8eb,True,18495858.0,success,2023-11-16,2025-11-21,537.0,,good,TRUE
grok,Grok,0x8390a1da07e376ef7add4be859ba74fb83aa02d5,True,18496252.0,success,2023-11-07,2025-12-02,758.0,,good,TRUE
grok,My life as Grok,0x1c95519d3fc922fc04fcf5d099be4a1ed8b15240,True,22154020.0,success,2025-03-31,2025-12-02,203.0,,good,TRUE
grok2.0,Grok2.0,0x87d907568a0761ea45d2917e324557920668f224,True,18556193.0,success,2023-11-13,2025-12-01,682.0,,good,TRUE
groq,GROQ,0x3d330b8d4eb25b0933e564d7284d462346d453ef,True,18652968.0,success,2023-11-30,2025-11-19,585.0,,good,TRUE
grow,Grow,0x1223334444a7466fbf985b14e1f4edaf3883bca6,True,19185605.0,success,2025-07-13,2025-12-02,144.0,,good,TRUE
grow,ValleyDAO,0x761a3557184cbc07b7493da0661c41177b2f97fa,True,17024055.0,success,2023-11-21,2025-12-03,745.0,,good,TRUE
growai,SocialGrowAI,0x1c9b158e71bc274ea5519ca57a73e337cac72b3a,True,21302059.0,success,2025-01-26,2025-12-03,313.0,,good,TRUE
groyper,Groyper,0x6942806d1b2d5886d95ce2f04314ece8eb825833,True,19936574.0,success,2024-05-27,2025-12-02,556.0,,good,TRUE
grp,Grape,0xec70ff4a5b09110e4d20ada4f2db4a86ec61fac6,True,17271361.0,success,2023-07-28,2025-12-02,762.0,,good,TRUE
grt,The Graph,0xc944e90c64b2c07662a292be6244bdf05cda44a7,True,11446769.0,success,2020-12-17,2025-12-03,1814.0,,good,TRUE
grv,GroveCoin,0xf33893de6eb6ae9a67442e066ae9abd228f5290c,True,15995765.0,success,2022-05-15,2025-12-02,1299.0,,good,TRUE
gs,GammaSwap,0x64d3cae387405d91f7b0d91fb1d824a281719500,True,,success,2024-09-19,2025-12-02,441.0,,good,TRUE
gs,Genesis Shards,0xe0b9a2c3e9f40cf74b2c7f591b2b0cca055c3112,True,12162294.0,success,2021-04-14,2025-12-02,1591.0,,good,TRUE
gson,Goldman Sachs (Ondo Tokenized Stock),0xdb57d9c14e357fc01e49035a808779df41e9b4e2,True,,success,2025-09-02,2025-11-28,65.0,,good,TRUE
gswap,Gameswap,0xaac41ec512808d64625576eddd580e7ea40ef8b2,True,11155251.0,success,2020-11-04,2025-12-02,1855.0,,good,TRUE
gswift,GameSwift,0x580e933d90091b9ce380740e3a4a39c67eb85b4c,True,18327171.0,success,2023-07-23,2025-12-02,865.0,,good,TRUE
gsx,Goldman Sachs xStock,0x3ee7e9b3a992fd23cd1c363b0e296856b04ab149,True,,success,2025-11-20,2025-12-02,189.0,,good,TRUE
gt,Gate,0xe66747a101bff2dba3697199dcce5b743b454759,True,7726894.0,success,2019-04-25,2025-12-02,2415.0,,good,TRUE
gtbtc,Gate Wrapped BTC,0xc2d09cf86b9ff43cb29ef8ddca57a4eb4410d5f3,True,,success,2025-08-23,2025-12-02,103.0,,good,FALSE
gtc,Game,0xb70835d7822ebb9426b56543e391846c107bd32c,True,4321309.0,success,2017-12-28,2025-12-02,2898.0,,good,TRUE
gtc,Gitcoin,0xde30da39c46104798bb5aa3fe8b9e0e1f348163f,True,12422079.0,success,2021-05-25,2025-12-02,1654.0,,good,TRUE
gtc,Global Trust Coin,0xe138fda441fc31b36171122397a8a11d6cd2c479,True,6775571.0,success,2019-02-16,2025-11-30,1452.0,,good,TRUE
gtcbbtcc,cbBTC Core Morpho Vault,0xf587f2e8aff7d76618d3b6b4626621860fbd54e3,True,20885709.0,success,2024-11-07,2025-12-02,392.0,,bad,UNKNOWN
gtrok,GTROK,0xd78cb66b3affd27569782737fa5b842277e1add7,True,19287341.0,success,2024-03-02,2025-11-22,475.0,,good,TRUE
gtusdc,Gauntlet USDC Prime Morpho Vault,0xdd0f28e19c1780eb6396170735d45153d261490d,True,19372303.0,success,2024-11-28,2025-12-02,371.0,,bad,UNKNOWN
gua,GUA,0x393f1d49425d94f47b26e591a9d111df5cd61065,True,19910200.0,success,2024-08-16,2025-12-02,472.0,,good,TRUE
gud,Gud Tech,0xa608512bbc9934e4b1ddecf0f5fb38b6ad93308d,True,21395826.0,success,2025-01-06,2025-12-02,332.0,,good,TRUE
guild,BlockchainSpace,0x83e9f223e1edb3486f876ee888d76bfba26c475a,True,13587086.0,success,2021-12-08,2025-12-02,1444.0,,good,TRUE
gull,GULL,0xab5bff303312e24dc77bb71a451343f9feb20093,True,19717772.0,success,2024-11-07,2025-11-24,323.0,,good,TRUE
gum,Gourmet Galaxy,0x4f5fa8f2d12e5eb780f6082dd656c565c48e0f24,True,11760284.0,success,2021-02-03,2025-12-02,1765.0,,good,TRUE
gup,GearUp,0x1b887c8621ed207d831b846951a80474fb17a31d,True,22468511.0,success,2025-05-15,2025-12-01,147.0,,good,TRUE
guru,Guru,0xaa7d24c3e14491abac746a98751a4883e9b70843,True,21366777.0,success,2024-12-16,2025-12-02,353.0,,good,TRUE
guru,Guru Network,0x525574c899a7c877a11865339e57376092168258,True,19978721.0,success,2024-06-11,2025-12-02,541.0,,good,TRUE
gusd,Gemini Dollar,0x056fd409e1d7a124bd7017459dfea2f387b6d5cd,True,6301780.0,success,2018-09-20,2025-12-02,2632.0,,good,TRUE
guy,Family Guy,0x4743a7a193cdf202035e9bc6830a07f1607630c4,True,17271507.0,success,2023-05-19,2025-12-01,644.0,,good,TRUE
gvnr,GVNR,0xfc60fc0145d7330e5abcfc52af7b043a1ce18e7d,True,22719461.0,success,2025-06-26,2025-12-02,160.0,,good,TRUE
gx,Grindery X,0x8730762cad4a27816a467fac54e3dd1e2e9617a1,True,19132391.0,success,2025-03-12,2025-12-02,267.0,,good,TRUE
gx3,GX3 A,0xb7d29ec03d87dcd5d6f6ea39a855d5566e6c8f36,True,22570566.0,success,2025-05-31,2025-11-30,120.0,,good,TRUE
gxe,PROJECT XENO,0x510975eda48a97e0ca228dd04d1217292487bea6,True,16268329.0,success,2023-04-11,2025-12-03,969.0,,good,TRUE
gxn,Genesis,0xef7e187431763c33208e378a341cc87212d06de2,True,23533825.0,success,2025-10-16,2025-12-02,848.0,,good,TRUE
gyen,GYEN,0xc08512927d12348f6620a698105e1baac6ecd911,True,,success,2021-03-04,2025-12-02,1736.0,,good,TRUE
gyfi,Gyroscope,0x70c4430f9d98b4184a4ef3e44ce10c320a8b7383,True,,success,2025-03-18,2025-12-01,250.0,,good,TRUE
gyoshi,GYOSHI,0x1f17d72cbe65df609315df5c4f5f729efbd00ade,True,17028602.0,success,2023-04-26,2025-11-29,709.0,,good,TRUE
gyoza,Gyoza,0x4e51a6b3cc6d5ae69a0d44db9de846aeb5a582dd,True,16743677.0,success,2023-07-26,2025-11-29,707.0,,good,TRUE
gysr,Geyser,0xbea98c05eeae2f3bc8c3565db7551eb738c8ccab,True,11143875.0,success,2020-11-05,2025-11-21,1747.0,,good,TRUE
gzlr,Guzzler,0x9f4909cc95fb870bf48c128c1fdbb5f482797632,True,13687472.0,success,2021-11-29,2025-12-02,1240.0,,good,TRUE
h,Humanity,0xcf5104d094e3864cfcbda43b82e1cefd26a016eb,True,,success,2025-06-25,2025-12-02,162.0,,good,TRUE
h1,Haven1,0x9e3b5582b22e3835896368017baff6d942a41cd9,True,22187587.0,success,2025-04-22,2025-11-29,223.0,,good,TRUE
habibi,Habibi,0x8526be2379e853d5cf02f9823bb9690e1a6ff9e2,True,17410495.0,success,2023-06-09,2025-11-30,657.0,,good,TRUE
hachi,Hachi,0x2a7e415c169ce3a580c6f374dc26f6aaad1eccfe,True,15908655.0,success,2023-03-01,2025-12-02,1008.0,,good,TRUE
hachi,Hachiko Inu,0x95af148dcdc6b36b977addf7ea2599c5e0483263,True,20106455.0,success,2024-06-19,2025-12-02,374.0,,good,TRUE
hachi,HACHI-KUN,0x100891bf73ba8274c234aa34621bc626ed6eca8e,True,20485958.0,success,2024-08-10,2025-11-21,314.0,,good,TRUE
hachiko,Hachiko,0x381491960c37b65862819ced0e35385f04b2c78b,True,20152902.0,success,2024-06-24,2025-12-02,304.0,,good,TRUE
hades,HADES,0x76cd7d834e9d8382663a1660eb6e3c59addeec27,True,22803665.0,success,2025-08-29,2025-12-02,55.0,,good,TRUE
haha,HAHA,0xd87d72248093597df8d56d2a53c1ab7c1a0cc8da,True,17128770.0,success,2023-05-02,2025-12-02,947.0,,good,TRUE
hai,Hacken,0x6403af1267cacc0714c1bd916b12f80e179c0558,True,,success,2020-04-29,2025-12-02,2045.0,,good,TRUE
hai,HapticAI,0x89deb6c8918a42457bd6ddbcaaf979216c4d774c,True,19576507.0,success,2024-04-11,2025-12-02,471.0,,good,TRUE
hair,HairDAO,0x9ce115f0341ae5dabc8b477b74e83db2018a6f42,True,16589678.0,success,2023-03-29,2025-12-02,890.0,,good,TRUE
hakka,Hakka Finance,0x0e29e5abbb5fd88e28b2d355774e73bd47de3bcd,True,9871664.0,success,2020-08-18,2025-12-02,1933.0,,good,TRUE
halo,HALO AI,0xd8213956452dcb73e6085a6189f38e60a5e065f0,True,22568348.0,success,2025-06-05,2025-10-26,109.0,,good,TRUE
han,HanChain,0x0c90c57aaf95a3a87eadda6ec3974c99d786511f,True,14078805.0,success,2022-09-21,2025-12-02,1144.0,,good,TRUE
hana,Hana,0xb3912b20b3abc78c15e85e13ec0bf334fbb924f7,True,20819250.0,success,2024-09-30,2025-12-02,430.0,,good,TRUE
hanabi,Hanabi-chan,0x124386504d774979e1e9d2d19c6188391d7af8e3,True,20907008.0,success,2024-10-09,2025-11-22,325.0,,good,TRUE
handy,Handy,0x8bbe1a2961b41340468d0548c2cd5b7dfa9b684c,True,11111820.0,success,2021-12-24,2025-12-02,1435.0,,good,TRUE
hanep,HANePlatform,0x5052fa4a2a147eaaa4c0242e9cc54a10a4f42070,True,17340460.0,success,2024-02-13,2025-12-02,660.0,,good,TRUE
hanu,Hanu Yokia,0x72e5390edb7727e3d4e3436451dadaff675dbcc0,True,12574460.0,success,2021-07-19,2025-12-02,1599.0,,good,TRUE
hapi,HAPI,0xd9c2d319cd7e6177336b0a9c93c21cb48d84fb54,True,12006669.0,success,2021-03-11,2025-12-02,1729.0,,good,TRUE
happy,HappyFans,0x3079f61704e9efa2bcf1db412f735d8d4cfa26f4,True,13359357.0,success,2021-10-14,2025-12-02,1414.0,,good,TRUE
harambe,CTO Harambe,0x244f09d92971d03a779aa66d310579a6517ab9a4,True,17070924.0,success,2024-10-13,2025-12-02,358.0,,good,TRUE
harambe,HarambeCoin,0x255f1b39172f65dc6406b8bee8b08155c45fe1b6,True,19417345.0,success,2024-03-14,2025-12-02,584.0,,good,TRUE
harambeai,Harambe AI,0x5484581038cbf8ef33b7f6daec7a2f01f71db3c2,True,18230327.0,success,2024-07-17,2025-12-02,505.0,,good,TRUE
hariko,Inu Hariko,0x949c255362e21042b26cf6a6b54cbb218b50090c,True,23521106.0,success,2025-10-09,2025-12-02,1280.0,,good,TRUE
hart,Hara,0x52928c95c4c7e934e0efcfab08853a0e4558861d,True,6108404.0,success,2019-03-27,2025-12-02,2159.0,,good,TRUE
hashai,HashAI,0x292fcdd1b104de5a00250febba9bc6a5092a0076,True,19569535.0,success,2024-04-04,2025-12-02,609.0,,good,TRUE
hat,Hat,0x76c4ec0068923da13ee11527d6cf9b7521000049,True,20314251.0,success,2024-07-26,2025-12-02,491.0,,good,TRUE
haus,DAOhaus,0xf2051511b9b121394fa75b8f7d4e7424337af687,True,10795803.0,success,2021-03-30,2025-12-02,1710.0,,good,TRUE
haust,Haust,0xec3502a9f98f151af52ee6cb423a0afe7bbf5a19,True,20683256.0,success,2025-10-27,2025-12-02,743.0,,good,TRUE
hay,HayCoin,0xfa3e941d1f6b7b10ed84a0c211bfa8aee907965e,True,6595088.0,success,2023-10-16,2025-12-02,780.0,,good,TRUE
hbdc,Happy Birthday Coin,0x39d30828a163713d91c4eadbba2c497a9139ec5c,True,12248109.0,success,2020-10-20,2025-12-02,1820.0,,good,TRUE
hbot,Hummingbot,0xe5097d9baeafb89f9bcb78c9290d545db5f9e9cb,True,13823921.0,success,2021-12-28,2025-12-02,1410.0,,good,TRUE
hbt,HyperBC,0x32fd949e1953b21b7a8232ef4259cd708b4e0847,True,11312881.0,success,2023-09-29,2025-12-02,797.0,,good,TRUE
hbtc,Huobi BTC,0x0316eb71485b0ab14103307bf65a021042c6d380,True,9076087.0,success,2020-10-12,2025-12-02,1769.0,,good,TRUE
hbud,HealthBuddyAI,0xce14e4c778bd71645adaef1e54342f75355602bf,True,22618634.0,success,2025-06-17,2025-11-22,66.0,,good,TRUE
hdao,humanDAO,0xdac657ffd44a3b9d8aba8749830bf14beb66ff2d,True,13642787.0,success,2021-12-06,2025-12-02,1349.0,,good,TRUE
hdrn,Hedron,0x3819f64f282bf135d62168c1e513280daf905e06,True,14240942.0,success,2022-03-09,2025-12-02,1366.0,,good,TRUE
hdx,Home Depot xStock,0x766b0cd6ed6d90b5d49d2c36a3761e9728501ba9,True,,success,2025-07-30,2025-12-02,127.0,,good,TRUE
heart,Humans.ai,0x8fac8031e079f409135766c7d5de29cf22ef897c,True,,success,2021-12-13,2025-12-02,1452.0,,good,TRUE
hedg,HedgeTrade,0xf1290473e210b2108a85237fbcd7b6eb42cc654f,True,7467786.0,success,2018-12-19,2025-12-02,2514.0,,good,TRUE
hedge,HedgeFi,0xe56a10448c632e44605dcc5201c36122ff9d0250,True,20842719.0,success,2024-09-30,2025-12-02,430.0,,good,TRUE
hedz,Weth Hedz,0x2015bc0be96be4aea2aabc95522109acfec84c30,True,22912887.0,success,2025-07-15,2025-10-29,91.0,,good,TRUE
hegic,Hegic,0x584bc13c7d411c00c01a62e8019472de68768430,True,10619150.0,success,2020-09-12,2025-12-02,1909.0,,good,TRUE
hei,Heima,0xf8f173e20e15f3b6cb686fb64724d370689de083,True,21590157.0,success,2025-02-13,2025-12-02,294.0,,good,TRUE
helga,Helga Inu,0x78e3b2ee11950df78a35fd924e92fbb8d1403780,True,19346178.0,success,2024-03-19,2025-11-13,481.0,,good,TRUE
hello,HELLO,0x411099c0b413f4feddb10edf6a8be63bd321311c,True,,success,2022-10-20,2025-12-02,1141.0,,good,TRUE
hemi,Hemi,0xeb964a1a6fab73b8c72a0d15c7337fa4804f484d,True,22334292.0,success,2025-08-29,2025-12-02,97.0,,good,TRUE
hemule,Hemule,0xeaa63125dd63f10874f99cdbbb18410e7fc79dd3,True,18809431.0,success,2023-12-19,2025-12-02,716.0,,good,TRUE
her,Caroline,0x5c2975269e74cb3a8514e5b800a1e66c694d4df8,True,17184202.0,success,2023-05-08,2025-12-01,780.0,,good,TRUE
hera,Hera Finance,0xa2c2c937333165d4c5f2dc5f31a43e1239fecfeb,True,18863218.0,success,2022-04-01,2025-12-02,1343.0,,good,TRUE
heth,Hinkal Staked ETH,0x270b7748cdf8243bfe68face7230ef0fce695389,True,20743384.0,success,2024-10-15,2025-12-02,175.0,,good,TRUE
heu,Heurist,0xec463d00aa4da76fb112cd2e4ac1c6bef02da6ea,True,21204756.0,success,2024-12-09,2025-12-02,360.0,,good,TRUE
hex,HEX,0x2b591e99afe9f32eaa6214f7b7629768c40eeb39,True,9041184.0,success,2019-12-17,2025-12-02,2179.0,,good,TRUE
hez,Hermez Network,0xeef9f339514298c6a857efcfc1a762af84438dee,True,11056775.0,success,2020-10-16,2025-12-02,1875.0,,good,TRUE
hft,Hashflow,0xb3999f658c0391d94a37f7ff328f3fec942bcadc,True,14567956.0,success,2022-11-07,2025-12-02,1123.0,,good,TRUE
hget,Hedget,0x7968bc6a03017ea2de509aaa816f163db0f35148,True,10800956.0,success,2020-09-12,2025-12-02,1909.0,,good,TRUE
hhgttg,Douglas Adams,0xee3c722d177559f73288cec91fa3e4bbfd8c27fc,True,18520907.0,success,2023-11-10,2025-11-17,616.0,,good,TRUE
hi,hi Dollar,0xc4f6e93aeddc11dc22268488465babcaf09399ac,True,12933194.0,success,2021-08-11,2025-12-02,1576.0,,good,TRUE
hid,Hypersign Identity,0xb14ebf566511b9e6002bb286016ab2497b9b9c9d,True,12587736.0,success,2021-06-09,2025-12-02,1621.0,,good,TRUE
hifi,Hifi Finance,0x4b9278b94a1112cad404048903b8d343a810b07e,True,16143034.0,success,2023-01-12,2025-12-02,1057.0,,good,TRUE
high,Highstreet,0x71ab77b7dbb4fa7e017bc15090b2163221420282,True,13395328.0,success,2021-10-15,2025-12-02,1511.0,,good,TRUE
hilo,HILO,0x6c3fe25a4de7fa243c653cfe1f165bf11d99704e,True,,success,2024-09-06,2025-12-02,454.0,,good,TRUE
himson,Hims & Hers Health (Ondo Tokenized Stock),0xca468554e5c0423ee858fe3942c9568c51fcaa79,True,,success,2025-09-02,2025-12-02,90.0,,good,TRUE
hinu,Hokkaido Inu Token,0x0113c07b3b8e4f41b62d713b5b12616bf2856585,True,20129947.0,success,2024-06-22,2025-11-26,297.0,,good,TRUE
hit,HitBTC,0x74b1af114274335598da72f5c6ed7b954a016eed,True,12614724.0,success,2021-06-17,2025-12-02,1626.0,,good,TRUE
hivp,HiveSwap,0x1e2aa124385016f9bd3ed87d21d907fac21fe707,True,20855026.0,success,2024-05-28,2025-12-02,555.0,,good,TRUE
hlscope,Hamilton Lane Senior Credit Opportunities Securitize Fund,0xda2ffa104356688e74d9340519b8c17f00d7752e,True,,success,2025-03-21,2025-12-02,258.0,,bad,UNKNOWN
hlt,Huanghuali Token,0xe52a736828c782c2a4a345bbe8052aed010fc82d,True,20684135.0,success,2024-10-22,2025-11-09,242.0,,good,TRUE
hlx,HELIOS,0x2614f29c39de46468a921fd0b41fdd99a01f2edf,True,19326630.0,success,2024-03-02,2025-12-02,642.0,,good,TRUE
hmkr,Hitmakr,0x3300b02efa180c99a2f61f4731665b51e4e254c4,True,19414118.0,success,2024-04-02,2025-11-28,552.0,,good,TRUE
hmt,HUMAN Protocol,0xd1ba9bac957322d6e8c07a160a3a8da11a0d2867,True,12184475.0,success,2021-08-10,2025-12-02,1577.0,,good,TRUE
hmx,HMX,0x83d6c8c06ac276465e4c92e7ac8c23740f435140,True,17363361.0,success,2023-08-07,2025-12-02,844.0,,good,TRUE
hnb,HNB Protocol,0x6e0615a03ed9527a6013fcd5b556e36ef4dab1ff,True,13099200.0,success,2024-04-11,2025-12-02,602.0,,good,TRUE
hny,Honey,0xc3589f56b6869824804a5ea29f2c9886af1b0fce,True,11761816.0,success,2020-10-22,2025-12-02,1869.0,,good,TRUE
hoba,Honey Badger,0x25cbb21a9da7c3c63bb77ccca5b2e2482aedb710,True,18815516.0,success,2024-07-15,2025-12-02,507.0,,good,TRUE
hobbes,Hobbes [OLD],0x819c1a1568934ee59d9f3c8b9640908556c44140,True,16864757.0,success,2023-03-23,2025-11-29,875.0,,good,TRUE
hobbes,Hobbes,0xb475332d25d34b59176f5c1d94cb9bc9b5e3954a,True,17556440.0,success,2023-07-10,2025-11-26,736.0,,good,TRUE
hoge,Hoge Finance,0xfad45e47083e4607302aa43c65fb3106f1cd7607,True,11809212.0,success,2021-03-13,2025-12-02,1727.0,,good,TRUE
hohm,Origami hOHM,0x1db1591540d7a6062be0837ca3c808add28844f6,True,22430641.0,success,2025-07-24,2025-12-02,133.0,,good,TRUE
hoichi,Hoichi,0xc4ee0aa2d993ca7c9263ecfa26c6f7e13009d2b6,True,15411350.0,success,2022-09-09,2025-12-02,1182.0,,good,TRUE
hokk,Hokkaidu Inu,0x4f2cef6f39114ade3d8af4020fa1de1d064cadaf,True,23199386.0,success,2025-08-24,2025-12-02,102.0,,good,TRUE
hold,Everybody,0x68b36248477277865c64dfc78884ef80577078f3,True,18217566.0,success,2023-10-13,2025-12-02,783.0,,good,TRUE
holdme,HoldME Token,0x7fc5f1561a987e1879a61ffcbb1cc52efd674705,True,22797933.0,success,2025-07-31,2025-11-29,113.0,,good,TRUE
honk,Clown Pepe,0x5efcea234f7547de4569aad1215fa5d2adaced38,True,17077050.0,success,2023-04-20,2025-12-02,929.0,,good,TRUE
honk,Pepoclown,0xd8e8438cf7beed13cfabc82f300fb6573962c9e3,True,20000285.0,success,2024-06-06,2025-12-02,546.0,,good,TRUE
honkler,Honkler,0x69d26c4901765ffa6d7716045b680c9574cb00b5,True,19968598.0,success,2024-06-02,2025-11-16,471.0,,good,TRUE
hono,HONO Protocol,0x0e16bd2cd962fadb4a23ec961bb170ffa25208a8,True,,success,2025-10-11,2025-11-21,143.0,,good,TRUE
honx,Honeywell xStock,0x62a48560861b0b451654bfffdb5be6e47aa8ff1b,True,,success,2025-07-29,2025-12-02,128.0,,good,TRUE
hoodog,HOODOG,0x9bf8fbcee83e30014b3c48df4e6eb1d3f08df4b8,True,22926210.0,success,2025-07-15,2025-12-02,142.0,,good,TRUE
hoodon,Robinhood Markets (Ondo Tokenized Stock),0x998f02a9e343ef6e3e6f28700d5a20f839fd74e6,True,,success,2025-09-02,2025-12-03,94.0,,good,TRUE
hoodrat,Hoodrat,0xdee6cdd28da9f51e3a8421395973894a884f3b2d,True,21448578.0,success,2024-12-25,2025-12-02,278.0,,good,TRUE
hoodrat,Hoodrat,0x62b6d83d5afbf395ece55136e7161c119a8fd80c,True,21471381.0,success,2024-12-26,2025-11-26,312.0,,good,TRUE
hoodx,Robinhood xStock,0xe1385fdd5ffb10081cd52c56584f25efa9084015,True,,success,2025-07-02,2025-12-03,156.0,,good,TRUE
hop,Hop Protocol,0xc5102fe9359fd9a28f877a67e36b0f050d81a3cc,True,14923678.0,success,2022-06-10,2025-12-02,1273.0,,good,TRUE
hope,History of Pepe,0x3b37a9caf74ead14e521d46af0bf00737d827828,True,19909380.0,success,2024-05-21,2025-12-02,562.0,,good,TRUE
hope,Hope.money,0xc353bf07405304aeab75f4c2fac7e88d6a68f98e,True,,success,2023-08-21,2025-12-02,479.0,,good,TRUE
hoppy,Hoppy,0x6e79b51959cf968d87826592f46f819f92466615,True,19403519.0,success,2024-04-21,2025-12-02,592.0,,good,TRUE
hoppy,Hoppy The Frog,0xe5c6f5fef89b64f36bfccb063962820136bac42f,True,19568110.0,success,2024-04-04,2025-12-02,489.0,,good,TRUE
hoppy,Hoppy Token,0x8c130499d33097d4d000d3332e1672f75b431543,True,17695204.0,success,2023-07-20,2025-12-02,831.0,,good,TRUE
hopr,HOPR,0xf5581dfefd8fb0e4aec526be659cfab1f8c781da,True,11887223.0,success,2021-02-28,2025-12-02,1740.0,,good,TRUE
hord,Hord,0x43a96962254855f16b925556f9e97be436a43448,True,12244662.0,success,2021-04-23,2025-12-02,1686.0,,good,TRUE
hoshi,Dejitaru Hoshi,0x5362ca75aa3c0e714bc628296640c43dc5cb9ed6,True,17981987.0,success,2023-08-29,2025-12-02,827.0,,good,TRUE
hot,Holo,0x6c6ee5e31d828de241282b9606c8e98ea48526e2,True,5008746.0,success,2018-04-30,2025-12-02,2775.0,,good,TRUE
hotcross,Hot Cross,0x4297394c20800e8a38a619a243e9bbe7681ff24e,True,12431161.0,success,2021-05-21,2025-12-02,1658.0,,good,TRUE
hotkey,HotKeySwap,0x018dd3a0dd7f213cc822076b3800816d3ce1ed86,True,19220100.0,success,2024-03-01,2025-12-02,642.0,,good,TRUE
hottie,Hottie Froggie,0x489d79959e6ad1e3fef7c939a2d889deff1668a8,True,19617979.0,success,2024-04-15,2025-11-23,562.0,,good,TRUE
hpe,HypeHUB,0xdff4521ccede752314671b05bc4466f9dbcde804,True,22933146.0,success,2025-07-18,2025-12-02,60.0,,good,TRUE
hpo,Hippo Wallet,0xa0ed3c520dc0632657ad2eaaf19e26c4fd431a84,True,15651177.0,success,2022-11-13,2025-12-02,1115.0,,good,TRUE
hq,HQ,0xde6aceaf7f2dceb3d425643c5f85351f2b38fcde,True,21368437.0,success,2025-01-27,2025-12-02,311.0,,good,TRUE
hq,HyperQuantum,0x3d162937217758225776937d713ffb2f81a0c147,True,22621250.0,success,2025-06-19,2025-11-27,75.0,,good,TRUE
hrz,Horizon,0x149af500734056b98572b66e6c771e57408e12e4,True,22767862.0,success,2025-06-24,2025-10-31,121.0,,good,TRUE
hsai,HealthSci.AI,0xaa3acc21d184cef6f7fc3385fbdb79575231afba,True,19833555.0,success,2024-11-07,2025-12-02,392.0,,good,TRUE
hsf,Hillstone Finance,0xba6b0dbb2ba8daa8f5d6817946393aef8d3a4487,True,12746732.0,success,2022-01-07,2025-11-30,1292.0,,good,TRUE
hsk,HashKey Platform Token,0xe7c6bf469e97eeb0bfb74c8dbff5bd47d4c1c98a,True,,success,2024-11-26,2025-12-16,387.0,,good,TRUE
ht,Huobi,0x6f259637dcd74c767781e37bc6133cd6a68aa161,True,5005233.0,success,2018-02-09,2025-12-02,2855.0,,good,TRUE
htl,Hotelium,0x6247c86b016bc4d9ae141849c0a9eb38c004b742,True,5979812.0,success,2019-06-27,2025-12-02,1803.0,,good,TRUE
hts,Home3,0xc40629464351c37c1e1f47b3640ea2e7aec31ea5,True,20035001.0,success,2024-06-11,2025-12-02,541.0,,good,TRUE
htx,HTX DAO,0x61ec85ab89377db65762e234c946b5c25a56e99e,True,18662198.0,success,2024-02-26,2025-12-02,647.0,,good,TRUE
hunt,Hunt,0x9aab071b4129b083b01cb5a0cb513ce7eca26fa5,True,7157239.0,success,2019-04-16,2025-12-02,2424.0,,good,TRUE
husd,HUSD,0xdf574c24545e5ffecb9a659c229253d4111d87e1,True,8174400.0,success,2019-09-20,2025-12-02,2238.0,,good,TRUE
hushr,hushr,0x8079751edb6bf16078b07585ee60010f430617d5,True,22975479.0,success,2025-07-24,2025-11-25,99.0,,good,TRUE
husl,The HUSL,0xa2881f7f441267042f9778ffa0d4f834693426be,True,13279796.0,success,2021-09-27,2025-12-02,1524.0,,good,TRUE
hve2,Uhive,0xd487892bb4c57edbe7ab401d9fe801c8fe6473f5,True,12010142.0,success,2021-03-24,2025-11-15,1401.0,,good,TRUE
hvh,HAVAH,0xd076c4ba62c57b3fa10800bcfd8da66742110e0e,True,16438339.0,success,2023-02-22,2025-12-02,1016.0,,good,TRUE
hwusd,hwUSD,0xa2f8da4a55898b6c947fa392ef8d6bfd87a4ff77,True,23433451.0,success,2025-11-11,2025-12-02,374.0,,good,TRUE
hxai,Healix AI,0x384efd1e8b05c23dc392a40cb4e515e2229a5243,True,21543311.0,success,2025-01-07,2025-12-02,287.0,,good,TRUE
hxro,HXRO,0x4bd70556ae3f8a6ec6c4080a0c327b24325438f3,True,,success,2019-02-22,2025-12-02,2476.0,,good,TRUE
hydra,HYDRA,0xcc7ed2ab6c3396ddbc4316d2d7c1b59ff9d2091f,True,20775881.0,success,2024-09-20,2025-12-02,436.0,,good,TRUE
hydra,HydraDAO,0xaf04f0912e793620824f4442b03f4d984af29853,True,21365038.0,success,2025-02-15,2025-12-02,289.0,,good,TRUE
hygon,iBoxx $ High Yield Corporate Bond ETF (Ondo Tokenized ETF),0xed3618bb8778f8ebbe2f241da532227591771d04,True,,success,2025-09-02,2025-12-02,70.0,,good,TRUE
hypc,HyperCycle,0xea7b7dc089c9a4a916b5a7a37617f59fd54e37e4,True,17144726.0,success,2023-05-09,2025-12-02,940.0,,good,TRUE
hype,HYPE,0xccebc855b4ddb8b90dbbe2a9b89506aa306b17f4,True,22524489.0,success,2025-05-23,2025-12-01,165.0,,good,TRUE
hype,Hyperbolic Protocol,0x85225ed797fd4128ac45a992c46ea4681a7a15da,True,17444072.0,success,2023-06-14,2025-12-02,803.0,,good,TRUE
hyper,Hyper,0xe2cfd7a01ec63875cd9da6c7c1b7025166c2fa2f,True,19388907.0,success,2024-03-18,2025-12-02,560.0,,good,TRUE
hyper,Hyperlane,0x93a2db22b7c736b341c32ff666307f4a9ed910f5,True,,success,2025-04-22,2025-12-02,226.0,,good,TRUE
hypr,Hypr,0x8ada9bf2d08b484cb9dee67caccd04b991d88145,True,,success,2025-08-20,2025-12-02,106.0,,good,TRUE
hyve,Hyve,0xd794dd1cada4cf79c9eebaab8327a1b0507ef7d4,True,11043777.0,success,2020-11-09,2025-12-02,1851.0,,good,TRUE
iauon,iShares Gold Trust (Ondo Tokenized Stock),0x4f0ca3df1c2e6b943cf82e649d576ffe7b2fabcf,True,,success,2025-09-02,2025-12-02,92.0,,good,TRUE
ibeth,Interest Bearing ETH,0x67b66c99d3eb37fa76aa3ed1ff33e8e39f0b9c7a,True,11007158.0,success,2021-01-30,2025-12-02,1422.0,,good,TRUE
ibeur,Iron Bank EUR,0x96e61422b6a9ba0e068b6c5add4ffabc6a4aae27,True,12857615.0,success,2021-07-24,2025-12-02,1585.0,,good,TRUE
ibex,Impermax,0xf655c8567e0f213e6c634cd2a68d992152161dc6,True,15581394.0,success,2022-10-04,2025-12-02,1153.0,,good,TRUE
ibmon,IBM (Ondo Tokenized Stock),0x25d3f236b2d61656eebdea86ac6d42168e340011,True,,success,2025-09-02,2025-12-02,89.0,,good,TRUE
ibmx,International Business Machines xStock,0xd9913208647671fe0f48f7f260076b2c6f310aac,True,,success,2025-11-20,2025-12-02,199.0,,good,TRUE
ibtc,iBTC Network,0x20157dbabb84e3bbfe68c349d0d44e48ae7b5ad2,True,,success,2024-06-26,2025-12-02,510.0,,good,TRUE
ic,Icy,0xa876f27f13a9eb6e621202cefdd5afc4a90e6457,True,16870566.0,success,2023-04-04,2025-12-02,975.0,,good,TRUE
ice,Ice Open Network,0x79f05c263055ba20ee0e814acd117c20caa10e0c,True,,success,2024-01-19,2025-12-02,685.0,,good,TRUE
ice,Popsicle Finance,0xf16e81dce15b08f326220742020379b855b87df9,True,12121350.0,success,2021-03-31,2025-12-02,1709.0,,good,TRUE
iceland,Ice Land,0x420fbb6006fb251318414ffa530590c3d7618e33,True,20014273.0,success,2024-06-21,2025-11-30,528.0,,good,TRUE
ichi,ICHI,0x111111517e4929d3dcbdfa7cce55d30d4b6bc4d6,True,14185522.0,success,2020-11-18,2025-12-02,1842.0,,good,TRUE
ichi,Legacy ICHI,0x903bef1736cddf2a537176cf3c64579c3867a881,True,11250689.0,success,2022-06-15,2025-12-02,1251.0,,good,TRUE
icnt,Impossible Cloud Network Token,0xe5e0b73380181273abcfd88695f52c4d0c825661,True,20461462.0,success,2025-07-03,2025-12-02,154.0,,good,TRUE
icom,iCommunity,0xb131f337c45d386ceec234e194b2663d5c3d9dcf,True,13537765.0,success,2022-06-08,2025-12-02,1183.0,,good,TRUE
icp,Internet Computer,0x00f3c42833c3170159af4e92dbb451fb3f708917,True,22722652.0,success,2021-05-10,2025-12-02,1669.0,,good,TRUE
icsa,Icosa (ETH),0xfc4913214444af5c715cc9f7b52655e788a569ed,True,15342817.0,success,2024-05-03,2025-12-02,580.0,,good,TRUE
id,Everest,0xebd9d99a3982d547c5bb4db7e3b1f9f14b67eb83,True,6863946.0,success,2021-02-08,2025-12-02,1760.0,,good,TRUE
id,SPACE ID,0x2dff88a56767223a5529ea5960da7a3f5f766406,True,16852571.0,success,2023-03-22,2025-12-03,989.0,,good,TRUE
idai,Instadapp DAI,0x40a9d39aa50871df092538c5999b107f34409061,True,,success,2022-06-01,2025-09-05,1194.0,,bad,UNKNOWN
idea,Ideaology,0x5d3a4f62124498092ce665f865e0b38ff6f5fbea,True,10968502.0,success,2021-02-11,2025-12-02,1757.0,,good,TRUE
idex,IDEX,0xb705268213d593b8fd88d3fdeff93aff5cbdcfae,True,7683790.0,success,2018-01-23,2025-12-02,2872.0,,good,TRUE
idle,Idle Finance,0x875773784af8135ea0ef43b5a374aad105c5d39e,True,11333729.0,success,2020-12-03,2025-12-02,1694.0,,good,TRUE
idledaisafe,IdleDAI (Risk Adjusted),0xa14ea0e11121e6e951e87c66afe460a00bcd6a16,True,,success,2020-08-01,2025-12-02,1944.0,,bad,UNKNOWN
idledaiyield,IdleDAI (Best Yield),0x3fe7940616e5bc47b0775a0dccf6237893353bb4,True,,success,2020-07-29,2025-12-02,1945.0,,bad,UNKNOWN
idlesusdyield,IdleSUSD (Yield),0xf52cdcd458bf455aed77751743180ec4a595fd3f,True,,success,2020-08-01,2025-12-02,1944.0,,bad,UNKNOWN
idletusdyield,IdleTUSD (Best Yield),0xc278041fdd8249fe4c1aad1193876857eea3d68c,True,,success,2020-08-01,2025-12-02,1944.0,,bad,UNKNOWN
idleusdcsafe,IdleUSDC (Risk Adjusted),0x3391bc034f2935ef0e1e41619445f998b2680d35,True,,success,2020-08-01,2025-12-02,1944.0,,bad,UNKNOWN
idleusdcyield,IdleUSDC (Yield),0x5274891bec421b39d23760c04a6755ecb444797c,True,,success,2020-08-01,2025-12-02,1902.0,,bad,UNKNOWN
idleusdtsafe,IdleUSDT (Risk Adjusted),0x28fac5334c9f7262b3a3fe707e250e01053e07b5,True,,success,2020-08-01,2025-12-02,1944.0,,bad,UNKNOWN
idleusdtyield,IdleUSDT (Yield),0xf34842d05a1c888ca02769a633df37177415c2f8,True,,success,2020-08-01,2025-12-02,1902.0,,bad,UNKNOWN
idlewbtcyield,IdleWBTC (Best Yield),0x8c81121b15197fa0eeaee1dc75533419dcfd3151,True,,success,2020-08-01,2025-12-02,1768.0,,bad,UNKNOWN
ido,Idexo,0xf9c53268e9de692ae1b2ea5216e24e1c3ad7cb1e,True,13259636.0,success,2021-09-22,2025-12-01,1494.0,,good,TRUE
idrt,Rupiah Token,0x998ffe1e43facffb941dc337dd0468d52ba5b48a,True,,success,2019-09-11,2025-12-16,2284.0,,good,TRUE
idv,Idavoll DAO,0x45448e05020576929fcdeabc228e35b420098840,True,16217795.0,success,2021-03-08,2025-12-02,1732.0,,good,TRUE
iefaon,iShares Core MSCI EAFE ETF (Ondo Tokenized ETF),0xfeff7a377a86462f5a2a872009722c154707f09e,True,,success,2025-09-02,2025-12-02,86.0,,good,TRUE
iemgon,iShares Core MSCI Emerging Markets ETF (Ondo Tokenized ETF),0xcdd60d15125bf3362b6838d2506b0fa33bc1a515,True,,success,2025-09-02,2025-12-02,73.0,,good,TRUE
ieth,iETH v1,0xc383a3833a87009fd9597f8184979af5edfad019,True,,success,2022-06-01,2025-12-02,1282.0,,bad,UNKNOWN
ieth v2,Instadapp ETH v2,0xa0d3707c569ff8c87fa923d3823ec5d81c98be78,True,,success,2024-02-21,2025-12-02,652.0,,good,TRUE
iethv,Inverse Ethereum Volatility Index Token,0x3a707d56d538e85b783e8ce12b346e7fb6511f90,True,,success,2021-06-28,2025-12-02,1459.0,,good,TRUE
ifarm,iFARM,0x1571ed0bed4d987fe2b498ddbae7dfa19519f651,True,,success,2021-03-22,2025-12-02,1714.0,,good,TRUE
ifo,Identified Flying Objects,0x3664487e8a9b90662441aef57060486a5217704d,True,23333735.0,success,2025-09-13,2025-12-02,1421.0,,good,TRUE
iggy,Iggy The Iguana,0xc305d102d03a2567e7a457ff89f273cf227c6a9c,True,18166754.0,success,2025-09-07,2025-12-02,1819.0,,good,TRUE
ijhon,iShares Core S&P MidCap ETF (Ondo Tokenized ETF),0xfd50fc4e3686a8da814c5c3d6121d8ab98a537f0,True,,success,2025-09-02,2025-11-30,54.0,,good,TRUE
ilum,Illuminati,0x98e1f56b334438e3f0bde22d92f5bfd746e0631f,True,18319637.0,success,2023-10-24,2025-12-02,772.0,,good,TRUE
ilv,Illuvium,0x767fe9edc9e0df98e07454847909b5e959d7ca0e,True,12084124.0,success,2021-03-31,2025-12-02,1709.0,,good,TRUE
im,Internet Money (ETH),0x0a58153a0cd1cfaea94ce1f7fdc5d7e679eca936,True,16543406.0,success,2023-02-04,2025-12-02,785.0,,good,TRUE
image,Imagen Network,0x1c3547dfa9ce7acd9c54ae49244575fa65bc75e2,True,19116108.0,success,2025-06-27,2025-12-02,159.0,,good,TRUE
imf,International Meme Fund,0x05be1d4c307c19450a6fd7ce7307ce72a3829a60,True,19967927.0,success,2024-11-23,2025-12-02,367.0,,good,TRUE
impt,IMPT,0x04c17b9d3b29a78f7bd062a57cf44fc633e71f85,True,15667099.0,success,2022-12-15,2025-12-02,1085.0,,good,TRUE
imt,Immortal Token,0xe2616122ed554bd693335e9143c47df187a86ef3,True,22035939.0,success,2025-03-28,2025-12-02,251.0,,good,TRUE
imx,Immutable,0xf57e7e7c23978c3caec3c3548e3d615c346e79ff,True,13415141.0,success,2021-11-05,2025-12-02,1490.0,,good,TRUE
in,INFINIT,0x61fac5f038515572d6f42d4bcb6b581642753d50,True,,success,2025-08-07,2025-12-02,119.0,,good,TRUE
inalpha,Nest Alpha Vault (LP),0x64ab176c545bb85eca75d53c3ffcb361deafb855,True,22514839.0,success,2025-07-10,2025-12-02,147.0,,bad,UNKNOWN
inc,WorldAssets,0x7575c2e267a1a2ff98ac65bc26d40c948989031b,True,20533232.0,success,2025-10-01,2025-12-03,1504.0,,good,TRUE
incept,Incept,0x1c43cd666f22878ee902769fccda61f401814efb,True,20829118.0,success,2024-09-26,2025-12-02,307.0,,good,TRUE
index,Index Cooperative,0x0954906da0bf32d5479e25f46056d22f08464cab,True,11000455.0,success,2020-10-07,2025-12-02,1884.0,,good,TRUE
inelixir,Nest Elixir Vault (LP),0xd3bfd6e6187444170a1674c494e55171587b5641,True,21642210.0,success,2025-05-08,2025-12-02,210.0,,bad,UNKNOWN
inf,INFERNO,0x00f116ac0c304c570daaa68fa6c30a86a04b5c5f,True,20391224.0,success,2024-10-05,2025-12-02,425.0,,good,TRUE
inf,Infinaeon,0xd85a68faa78b4431dce816c157b66fc9911b3612,True,22315357.0,success,2025-04-24,2025-12-02,224.0,,good,TRUE
infi,IncogniFi,0x35e445da0c9f6ecea6d95726df6f325bfa902456,True,23039643.0,success,2025-08-01,2025-12-02,48.0,,good,TRUE
influ,InfluenceHer,0x7a097173f1c9e78d84800381c1da649b688cd823,True,22725127.0,success,2025-08-13,2025-12-02,107.0,,good,TRUE
infra,Bware,0x013062189dc3dcc99e9cee714c513033b8d99e3c,True,16679464.0,success,2023-05-30,2025-12-02,919.0,,good,TRUE
infra,infraX,0xe9eccde9d26fcbb5e93f536cfc4510a7f46274f8,True,19420604.0,success,2024-03-14,2025-12-02,630.0,,good,TRUE
infras,Infrasta,0x086ac2374d6fc048ef45c9e3d1ac051c4a3854bc,True,23018168.0,success,2025-07-30,2025-11-03,48.0,,good,TRUE
infy,Infinity AI,0x1de6289894e1763b6ea01401ed638dc1184b0e9b,True,21781893.0,success,2025-02-17,2025-11-09,185.0,,good,TRUE
inj,Injective,0xe28b3b32b6c345a34ff64674606124dd5aceca30,True,11072329.0,success,2020-10-21,2025-12-02,1870.0,,good,TRUE
ins,Inscribe,0xe9572938bcbf08adcee86fd12a7c0d08dc4ab841,True,19128896.0,success,2024-02-01,2025-12-02,672.0,,good,TRUE
insp,INSPAD,0xd37ae8c16449e7ef858652e02555c51d2572552b,True,21336844.0,success,2024-04-12,2025-11-19,464.0,,good,TRUE
insp,Inspect,0x186ef81fd8e77eec8bffc3039e7ec41d5fc0b457,True,18644242.0,success,2023-12-06,2025-12-02,729.0,,good,TRUE
inspi,Inspira,0xeb22e60a770b913eb47d6ae9a25a2c36b6876c56,True,22131689.0,success,2025-06-27,2025-11-22,106.0,,good,TRUE
insur,InsurAce,0x544c42fbb96b39b21df61cf322b5edc285ee7429,True,,success,2021-03-15,2025-12-02,1676.0,,good,TRUE
int,Intrepid Token,0xa2762ba628b962f93498d8893b6e4346140fe96d,True,12221245.0,success,2023-11-28,2025-12-02,649.0,,good,TRUE
intcon,Intel (Ondo Tokenized Stock),0xfda09936dbd717368de0835ba441d9e62069d36f,True,,success,2025-09-02,2025-12-02,93.0,,good,TRUE
intcx,Intel xStock,0xf8a80d1cb9cfd70d03d655d9df42339846f3b3c8,True,,success,2025-11-20,2025-12-02,216.0,,good,TRUE
intuon,Intuit (Ondo Tokenized Stock),0x6cc0afd51ce4cb6920b775f3d6376ab82b9a93bb,True,,success,2025-09-02,2025-11-30,70.0,,good,TRUE
inu,Inu.,0x050d94685c6b0477e1fc555888af6e2bb8dfbda5,True,15041872.0,success,2022-08-13,2025-12-02,1157.0,,good,TRUE
inu,Inu Token,0xc76d53f988820fe70e01eccb0248b312c2f1c7ca,True,17400705.0,success,2023-06-15,2025-12-02,903.0,,good,TRUE
inuinu,Inu Inu,0xc6bdb96e29c38dc43f014eed44de4106a6a8eb5f,True,15097052.0,success,2024-04-11,2025-12-02,602.0,,good,TRUE
inus,MultiPlanetary Inus,0x39207d2e2feef178fbda8083914554c59d9f8c00,True,14640759.0,success,2022-01-17,2025-12-02,1403.0,,good,TRUE
inv,Inverse Finance,0x41d5d79431a913c4ae7d69a668ecdfe5ff9dfb68,True,11498340.0,success,2021-03-05,2025-12-02,1735.0,,good,TRUE
invaai,Innovia AI,0x4950c46d503441da68d1c76a917cfa241aaf4d38,True,23112507.0,success,2024-04-29,2025-12-02,558.0,,good,TRUE
inx,InsightX,0x67f3086f7823eaf35f5aaadfb2e9b9c5b09578cf,True,18065614.0,success,2023-10-28,2025-12-02,765.0,,good,TRUE
inx,INX Token,0xbbc7f7a6aadac103769c66cbc69ab720f7f9eae3,True,9411471.0,success,2023-03-07,2025-12-02,996.0,,good,TRUE
ioen,Internet of Energy Network,0x1e4e46b7bf03ece908c88ff7cc4975560010893a,True,,success,2021-10-16,2025-12-02,1510.0,,good,TRUE
ioi,IOI Token,0x8b3870df408ff4d7c3a26df852d41034eda11d81,True,11594501.0,success,2021-06-11,2025-12-02,1527.0,,good,TRUE
ionx,Charged Particles,0x02d3a27ac3f55d5d91fb0f52759842696a864217,True,12533101.0,success,2021-05-31,2025-12-02,1648.0,,good,TRUE
iotai,IoTAI,0xd8e154ede9401dabb860fe84fecd2761b895bc50,True,22623005.0,success,2025-07-24,2025-12-02,133.0,,good,TRUE
iotx,IoTeX,0x6fb3e0a217407efff7ca062d46c26e5d60a14d69,True,5652745.0,success,2018-05-26,2025-12-02,2749.0,,good,TRUE
iq,IQ,0x579cea1889991f68acc35ff5c3dd0621ff29b0c9,True,12068639.0,success,2018-07-17,2025-12-02,2697.0,,good,TRUE
iris,I.R.I.S,0xea87148a703adc0de89db2ac2b6b381093ae8ee0,True,,success,2025-06-13,2025-12-02,174.0,,good,TRUE
iris,IRIS AI,0xf392dc113ec3168923512750b57a4fabfb4789ba,True,23097364.0,success,2025-08-16,2025-09-25,42.0,,good,TRUE
iro,Iro-Chan,0xba2ae4e0a9c6ecaf172015aa2cdd70a21f5a290b,True,20416564.0,success,2024-08-01,2025-12-02,461.0,,good,TRUE
iryna,Justice for Iryna,0x5a93cf1fa07566f7e505640923413ebfb9fc20d1,True,23322857.0,success,2025-09-09,2025-10-05,170.0,,good,TRUE
ishi,Ishi,0x85e0b9d3e7e4dba7e59090c533906d0e9211d8b6,True,19431880.0,success,2024-03-15,2025-12-02,612.0,,good,TRUE
ishi,Ishi Go,0x0007efdf427313313c904ad88cba4d00a672e327,True,22735245.0,success,2025-06-20,2025-12-02,160.0,,good,TRUE
isikc,Isiklar Coin,0x42726d074bba68ccc15200442b72afa2d495a783,True,9100465.0,success,2020-04-16,2025-12-02,1921.0,,good,TRUE
isk,ISKRA Token,0x17d2628d30f8e9e966c9ba831c9b9b01ea8ea75c,True,15401602.0,success,2022-09-29,2025-12-02,1162.0,,good,TRUE
isla,Insula,0x697ef32b4a3f5a4c39de1cb7563f24ca7bfc5947,True,8569261.0,success,2020-04-09,2025-12-02,1655.0,,good,TRUE
island,ISLAND Token,0x157a6df6b74f4e5e45af4e4615fde7b49225a662,True,21396692.0,success,2024-12-17,2025-12-02,352.0,,good,TRUE
isp,Ispolink,0xc8807f0f5ba3fa45ffbdc66928d71c5289249014,True,9572971.0,success,2021-05-07,2025-12-02,1672.0,,good,TRUE
itgr,Integral,0xd502f487e1841fdc805130e13eae80c61186bc98,True,13217246.0,success,2021-09-15,2025-12-02,1541.0,,good,TRUE
ithaca,Ithaca Protocol,0x1095ae55b62174d9ea3bc6a4136acacad461d7ce,True,,success,2024-12-18,2025-12-02,351.0,,good,TRUE
itoton,iShares Core S&P Total US Stock Market ETF (Ondo Tokenized ETF),0x0692481c369e2bdc728a69ae31b848343a4567be,True,,success,2025-09-02,2025-12-02,79.0,,good,TRUE
itp,Interport Token,0x2b1d36f5b61addaf7da7ebbd11b35fd8cfb0de31,True,15977009.0,success,2022-11-29,2025-11-28,882.0,,good,TRUE
itx,Intellix,0x23d894fb4a0f551f2f923fc85e09819d1f3894b2,True,18863588.0,success,2024-01-09,2025-11-11,431.0,,good,TRUE
iusd,InfiniFi USD,0x48f9e38f3070ad8945dfeae3fa70987722e3d89c,True,22540416.0,success,2025-07-16,2025-12-02,141.0,,good,TRUE
iusd,iZUMi Bond USD,0x0a3bb08b3a15a19b4de82f8acfc862606fb69a2d,True,14627543.0,success,2022-05-05,2025-12-02,1211.0,,good,TRUE
iusdc,Instadapp USDC,0xc8871267e07408b89aa5aecc58adca5e574557f8,True,,success,2022-06-01,2025-12-02,1282.0,,bad,UNKNOWN
ivvon,iShares Core S&P 500 ETF (Ondo Tokenized ETF),0x62ca254a363dc3c748e7e955c20447ab5bf06ff7,True,,success,2025-09-02,2025-12-02,87.0,,good,TRUE
iwbtc,Instadapp WBTC,0xec363faa5c4dd0e51f3d9b5d0101263760e7cdeb,True,,success,2022-05-31,2025-09-05,1195.0,,bad,UNKNOWN
iwfon,iShares Russell 1000 Growth ETF (Ondo Tokenized ETF),0x8d05432c2786e3f93f1a9a62b9572dbf54f3ea06,True,,success,2025-09-02,2025-12-02,66.0,,good,TRUE
iwmon,iShares Russell 2000 ETF (Ondo Tokenized ETF),0x070d79021dd7e841123cb0cf554993bf683c511d,True,,success,2025-09-02,2025-12-02,79.0,,good,TRUE
iwnon,iShares Russell 2000 Value ETF (Ondo Tokenized ETF),0x9dcf7f739b8c0270e2fc0cc8d0dabe355a150dba,True,,success,2025-09-02,2025-11-26,60.0,,good,TRUE
ix,illumineX,0x45e82579792dddf08cb3a037086604c262d78065,True,19876799.0,success,2024-05-20,2025-11-21,533.0,,good,TRUE
ixfi,IXFI,0xeb32e776b75707487d044c5b75462a11f72b905c,True,21412830.0,success,2025-09-25,2025-12-02,1643.0,,good,TRUE
ixs,IXS,0x73d7c860998ca3c01ce8c808f5577d94d545d1b4,True,13145419.0,success,2021-09-08,2025-12-02,1548.0,,good,TRUE
iykyk,IYKYK,0x7cb683151a83c2b10a30cbb003cda9996228a2ba,True,17120063.0,success,2023-04-27,2025-12-02,879.0,,good,TRUE
iyo,IYO-CHAN,0xe507c2043ef812e95648d1454276387e3b39950b,True,23378541.0,success,2025-10-11,2025-12-02,1256.0,,good,TRUE
ize,Galvan,0xf7e945fce8f19302aacc7e1418b0a0bdef89327b,True,16530052.0,success,2023-03-15,2025-12-02,982.0,,good,TRUE
izi,iZUMi Finance,0x9ad37205d608b8b219e6a2573f922094cec5c200,True,13093081.0,success,2021-12-21,2025-12-02,1444.0,,good,TRUE
izumi,Izumi-chan,0x13063bed4bebbe542005e191c459d2cfa96b98e1,True,20778640.0,success,2024-10-31,2025-11-24,296.0,,good,TRUE
izzy,Izzy,0x6969f3a3754ab674b48b7829a8572360e98132ba,True,20882481.0,success,2024-10-03,2025-12-02,424.0,,good,TRUE
izzy,Izzy,0x9e72a0e219cff0011069ae7b0da73fa26280f41b,True,22483439.0,success,2025-05-19,2025-12-02,199.0,,good,TRUE
jaaa,Janus Henderson Anemoy AAA CLO Fund,0x5a0f93d040de44e78f251b03c43be9cf317dcf64,True,22297839.0,success,2025-11-13,2025-12-02,477.0,,bad,UNKNOWN
jam,Geojam,0x23894dc9da6c94ecb439911caf7d337746575a72,True,13716470.0,success,2022-03-31,2025-12-02,1344.0,,good,TRUE
jan,Storm Warfare,0x5a9261b023692405f2f680240c6b010638e416dd,True,19090974.0,success,2024-02-06,2025-12-03,627.0,,good,TRUE
janet,Janet,0xf63e309818e4ea13782678ce6c31c1234fa61809,True,21015795.0,success,2024-10-22,2025-12-02,408.0,,good,TRUE
janny,Janny,0x5ff46696d6e4896137acb1628b06e28c10ee9634,True,19826461.0,success,2024-06-18,2025-12-02,416.0,,good,TRUE
jarvis,Grok Companions,0x420ccfeada1f4b1508bd8781ceca5238d0e4b510,True,22947609.0,success,2025-07-20,2025-11-30,120.0,,good,TRUE
jarvis,Jarvis,0xbd8fdda057de7e0162b7a386bec253844b5e07a5,True,,success,2024-03-08,2025-12-02,612.0,,good,TRUE
jasmy,JasmyCoin,0x7420b4b9a0110cdc71fb720908340c03f9bc03ec,True,9164378.0,success,2021-02-04,2025-12-02,1653.0,,good,TRUE
jason,Jason (Eth),0x4d243e8f511045f0d5f9d0288bc628737b10c079,True,19452032.0,success,2024-03-20,2025-11-23,384.0,,good,TRUE
jay,Jaypeggers,0xda7c0810ce6f8329786160bb3d1734cf6661ca6e,True,17059815.0,success,2023-05-02,2025-12-02,901.0,,good,TRUE
jbx,Juicebox,0x4554cc10898f92d45378b98d6d6c2dd54c687fb2,True,16484330.0,success,2021-12-01,2025-11-30,1396.0,,good,TRUE
jchf,Jarvis Synthetic Swiss Franc,0x53dfea0a8cc2a2a2e425e1c174bc162999723ea0,True,11862702.0,success,2021-05-22,2025-12-02,1519.0,,good,TRUE
jct,Janction,0xc477b6dfd26ec2460b3b92de18837fd476ea7549,True,,success,2025-11-10,2025-12-02,542.0,,good,TRUE
jdon,JD.com (Ondo Tokenized Stock),0xdeb6b89088ca9b7d7756087c8a0f7c6df46f319c,True,,success,2025-09-02,2025-12-02,93.0,,good,TRUE
jeff,Jeff,0xf831938caf837cd505de196bbb408d81a06376ab,True,17199061.0,success,2023-05-09,2025-12-02,920.0,,good,TRUE
jeff,JEFFWorld Token,0x1a8b8e526d093476ac5c488a3ea057f8de9c0dee,True,17667783.0,success,2023-11-25,2025-12-02,740.0,,good,TRUE
jenner,Caitlyn Jenner,0x482702745260ffd69fc19943f70cffe2cacd70e9,True,19978097.0,success,2024-05-30,2025-11-29,463.0,,good,TRUE
jest,Jester,0xa4bc2b90743294e5e6fd3321a9a131947f7785db,True,18616683.0,success,2024-08-05,2025-12-02,484.0,,good,TRUE
jesus,Jesus Coin,0xba386a4ca26b85fd057ab1ef86e3dc7bdeb5ce70,True,17118237.0,success,2023-04-28,2025-12-02,951.0,,good,TRUE
jeur,Jarvis Synthetic Euro,0x0f17bc9a994b87b5225cfb6a2cd4d667adb4f20b,True,11785613.0,success,2021-05-22,2025-12-02,1603.0,,good,TRUE
jfin,JFIN Coin,0x940bdcb99a0ee5fb008a606778ae87ed9789f257,True,5046700.0,success,2020-12-15,2025-12-02,1815.0,,good,TRUE
jgn,Juggernaut,0x73374ea518de7addd4c2b624c0e8b113955ee041,True,10641574.0,success,2020-10-11,2025-12-02,1880.0,,good,TRUE
jim,Jim,0xd807f7e2818db8eda0d28b5be74866338eaedb86,True,17208545.0,success,2023-05-10,2025-12-03,932.0,,good,TRUE
jindo,Jindo Dog 진돗개,0x0cebcc61a5e8538e03373855ccb940ee54dca414,True,23289509.0,success,2025-09-06,2025-11-21,452.0,,good,TRUE
jizz,JizzRocket,0x8b937af714ac7e2129bd33d93641f52b665ca352,True,16501262.0,success,2023-02-08,2025-11-18,531.0,,good,TRUE
jj,JEJE,0x1fdd61ef9a5c31b9a2abc7d39c139c779e8412af,True,19924043.0,success,2024-05-23,2025-12-02,560.0,,good,TRUE
jj,Jjmoji,0xdb81f7b3f0b2baebd5009cddade5c9a9c82378bb,True,18680376.0,success,2023-12-02,2025-11-26,488.0,,good,TRUE
jm,JustMoney,0x388d819724dd6d71760a38f00dc01d310d879771,True,16206192.0,success,2022-05-07,2025-12-02,1300.0,,good,TRUE
jmpt,JumpToken,0x420a24c9c65bd44c48bfb1cc8d6cd1ea8b1ac840,True,14222468.0,success,2022-01-14,2025-12-02,1420.0,,good,TRUE
jne,Jake Newman Enterprises,0x9657477ac915f56ca87c253db1320218ec2d5ddd,True,17945418.0,success,2023-10-29,2025-11-29,491.0,,good,TRUE
jngl,Jungle Labz,0x4c45bbec2ff7810ef4a77ad7bd4757c446fe4155,True,18073383.0,success,2023-09-14,2025-12-02,754.0,,good,TRUE
jnjx,Johnson & Johnson xStock,0xdb0482cfad4789798623e64b15eeba01b16e917c,True,,success,2025-11-19,2025-12-02,230.0,,good,TRUE
job,Jobchain,0xdfbc9050f5b01df53512dcc39b4f2b2bbacd517a,True,9308292.0,success,2019-08-23,2025-12-02,2245.0,,good,TRUE
jocx,JOCX,0xbb1e1399eee1f577f1b4359224155f5db39ca084,True,,success,2025-07-11,2025-12-02,134.0,,good,TRUE
joe,Joe Coin,0x76e222b07c53d28b89b0bac18602810fc22b49a8,True,18329212.0,success,2023-10-16,2025-12-02,780.0,,good,TRUE
jok,JokInTheBox,0xa728aa2de568766e2fa4544ec7a77f79c0bf9f97,True,17883361.0,success,2024-04-26,2025-12-01,497.0,,good,TRUE
joker,Joker,0xe0797ec1d0bb0bec541a82c5262c3b0f93f68bfe,True,20261736.0,success,2024-07-12,2025-11-17,443.0,,good,TRUE
joker,The Joker Coin,0x113c65707c530502fef959308197353f6df97867,True,17279308.0,success,2024-04-08,2025-12-03,443.0,,good,TRUE
jomon,JOMON,0x7addde640b2a003e30250e3829f82c9479f6ed5d,True,23331521.0,success,2025-10-31,2025-11-27,261.0,,good,TRUE
jotchua,PERRO DINERO,0x808c16ace7404777fe24a6777a9cb2335aa82451,True,18787082.0,success,2024-03-04,2025-12-02,631.0,,good,TRUE
jovjou,JovJou,0x7e5981c2e072f53a0323d3d80baca3e31fb1550c,True,18112988.0,success,2023-10-24,2025-12-02,760.0,,good,TRUE
jpeg,JPEG'd (OLD),0xe80c0cd204d654cebe8dd64a4857cab6be8345a3,True,13604145.0,success,2022-03-01,2025-12-02,1268.0,,good,TRUE
jpmon,JPMorgan Chase (Ondo Tokenized Stock),0x03c1ec4ca9dbb168e6db0def827c085999cbffaf,True,,success,2025-09-02,2025-12-02,86.0,,good,TRUE
jpmx,JPMorgan Chase xStock,0xd9fc3e075d45254a1d834fea18af8041207dea0a,True,,success,2025-11-19,2025-12-02,218.0,,good,TRUE
jpyc,JPY Coin v1,0x2370f9d504c7a6e775bf6e14b3f12846b594cd53,True,11728884.0,success,2021-07-23,2025-12-02,1595.0,,good,TRUE
jpyc,JPY Coin,0xe7c3d8c9a439fede00d2600032d5db0be71c3c29,True,,success,2025-10-27,2025-12-02,879.0,,good,TRUE
jpyc,JPY Coin,0x431d5dff03120afa4bdf332c61a6e1766ef37bdb,True,,success,2022-06-20,2025-12-02,1263.0,,good,TRUE
jrt,Jarvis Reward,0x8a9c67fee641579deba04928c4bc45f66e26343a,True,,success,2020-01-15,2025-12-16,2164.0,,good,TRUE
jsm,Joseon-Mun,0x04c618cdbc1d59142dfeb4b9864835a06983ec2d,True,17005895.0,success,2023-05-17,2025-12-02,932.0,,good,TRUE
jtrsy,Janus Henderson Anemoy Treasury Fund,0x8c213ee79581ff4984583c6a801e5263418c4b86,True,20460672.0,success,2025-11-13,2025-12-02,476.0,,bad,UNKNOWN
jup,Jupiter Project,0x4b1e80cac91e2216eeb63e29b957eb91ae9c2be8,True,10668703.0,success,2020-01-09,2025-12-02,2150.0,,good,TRUE
jusd,Jigsaw USD,0x000000096cb3d4007fc2b79b935c4540c5c2d745,True,22295525.0,success,2025-04-28,2025-12-02,111.0,,good,TRUE
justice,AssangeDAO,0x59d1e836f7b7210a978b25a855085cc46fd090b5,True,14171601.0,success,2022-02-10,2025-12-02,1393.0,,good,TRUE
jyai,Jerry The Turtle By Matt Furie,0x4e9623b7e5b6438542458f5ee828d65c24d3af8c,True,21274305.0,success,2025-02-07,2025-12-02,300.0,,good,TRUE
k,Sidekick,0xfb072b42907da2bf7a8e8cb5dcaa790d45fd81a8,True,,success,2025-08-08,2025-12-03,119.0,,good,TRUE
k21,K21,0xb9d99c33ea2d86ec5ec6b8a4dd816ebba64404af,True,12078617.0,success,2021-03-22,2025-12-02,1718.0,,good,TRUE
kaai,KanzzAI,0xa7d48da33cf6ac74ed2ba71b7e33005dc51adbb7,True,21199240.0,success,2024-11-19,2025-12-01,314.0,,good,TRUE
kabo,KaboChan,0x0c5cb676e38d6973837b9496f6524835208145a2,True,18816329.0,success,2024-01-19,2025-11-25,550.0,,good,TRUE
kabosu,Kabosu ERC20,0xd86571bfb6753c252764c4ae37fd54888774d32e,True,22491593.0,success,2025-05-19,2025-12-02,152.0,,good,TRUE
kabosu,Kabosu Inu,0xbadff0ef41d2a68f22de21eabca8a59aaf495cf0,True,16851063.0,success,2023-01-01,2025-12-02,1048.0,,good,TRUE
kabosu,Kabosu,0xb3e41d6e0ea14b43bc5de3c314a408af171b03dd,True,20977039.0,success,2024-10-18,2025-12-02,409.0,,good,TRUE
kaeru,Kaeru The Frog,0x6987e0304d1b26a311e68e3f3da26b1c885a4e83,True,20056013.0,success,2024-06-12,2025-12-02,420.0,,good,TRUE
kage,KAGE NETWORK,0x64945165255bcb83f2ef9f31a575975832ca4db4,True,20629968.0,success,2024-09-04,2025-12-02,456.0,,good,TRUE
kai,Kai Ken,0xa045fe936e26e1e1e1fb27c1f2ae3643acde0171,True,20075299.0,success,2024-06-14,2025-12-02,538.0,,good,TRUE
kai,Kinetix Finance Token,0x0bbcefa5f3630cae34842cb9d9b36bc0d4257a0d,True,19889252.0,success,2024-06-20,2025-12-02,526.0,,good,TRUE
kai,Komputai,0xe75f2acafba1ad56c5ed712ffbc1d31910e74396,True,19619569.0,success,2024-04-18,2025-12-02,590.0,,good,TRUE
kai,Kreaitor,0xd8695414822e25ab796c1d360914ddf510a01138,True,19827772.0,success,2024-01-22,2025-12-02,677.0,,good,TRUE
kaiju,KAIJUNO8,0x4fe8d4775b7cb2546b9ee86182081cdf8f77b053,True,19327104.0,success,2024-03-04,2025-12-02,607.0,,good,TRUE
kami,Kawakami,0xb909bfec653a0b1883769ca9ac255eb57d4fed09,True,23291338.0,success,2025-09-07,2025-12-02,1560.0,,good,TRUE
kan,KAN,0x1410434b0346f5be678d0fb554e5c7ab620f8f4a,True,5086482.0,success,2018-06-20,2025-12-02,2724.0,,good,TRUE
kang,Kangamoon,0xb1c9d42fa4ba691efe21656a7e6953d999b990c4,True,19819462.0,success,2024-06-28,2025-12-02,524.0,,good,TRUE
kangal,Kangal,0x6e765d26388a17a6e86c49a8e41df3f58abcd337,True,11856287.0,success,2021-03-08,2025-12-02,1717.0,,good,TRUE
kaon,Kaon,0x8ab7404063ec4dbcfd4598215992dc3f8ec853d7,True,,success,2019-07-17,2025-12-16,2346.0,,good,TRUE
kap,KAP Games,0x9625ce7753ace1fa1865a47aae2c5c2ce4418569,True,15454985.0,success,2022-10-14,2025-11-25,1128.0,,good,TRUE
karate,Karate Combat,0x80008bcd713c38af90a9930288d446bc3bd2e684,True,17213698.0,success,2023-05-17,2025-12-02,932.0,,good,TRUE
karrat,Karrat,0xacd2c239012d17beb128b0944d49015104113650,True,19569629.0,success,2024-04-23,2025-12-02,590.0,,good,TRUE
kas,Wrapped Kaspa,0x112b08621e27e10773ec95d250604a041f36c582,True,17390347.0,success,2023-07-20,2025-12-03,869.0,,good,UNKNOWN
kat,Kambria,0x14da230d6726c50f759bc1838717f8ce6373509c,True,10962427.0,success,2018-12-20,2025-12-02,2508.0,,good,TRUE
kata,Katana Inu,0x2e85ae1c47602f7927bcabc2ff99c40aa222ae15,True,13851311.0,success,2021-12-23,2025-12-02,1442.0,,good,TRUE
kavr,Kavari,0x867585e3dd8fc996ab220ea9009c091fd948595f,True,22991740.0,success,2025-07-26,2025-10-22,49.0,,good,TRUE
kb-kda,Kinesis Bridged KDA (Ethereum),0x7786f1eb2ec198a04d8f5e3fc36fab14da370076,True,,success,2025-08-14,2025-10-23,72.0,,good,TRUE
kbtc,Kraken Wrapped BTC,0x73e0c0d45e048d25fc26fa3159b0aa04bfa4db98,True,,success,2024-10-29,2025-12-02,254.0,,good,TRUE
kct,Konnect,0x63230728bc219d991d2995ce92e96c16fcf8beb6,True,21408809.0,success,2022-05-25,2025-12-02,1288.0,,good,TRUE
kdag,King DAG,0x95e40e065afb3059dcabe4aaf404c1f92756603a,True,9298947.0,success,2020-03-12,2025-12-02,2091.0,,good,TRUE
kee,Keeshond,0xd89cc9d79ad3c49e2cd477a8bbc8e63dee53f82e,True,21862051.0,success,2025-02-19,2025-12-02,280.0,,good,TRUE
keep,Keep Network,0x85eee30c52b0b379b046fb0f85f4f3dc3009afec,True,9958363.0,success,2020-05-09,2025-12-02,2034.0,,good,TRUE
kek,El Risitas,0xc0200b1c6598a996a339196259ffdc30c1f44339,True,18710305.0,success,2023-12-18,2025-11-28,572.0,,good,TRUE
kek,Kek,0x7beb8f36650e9327d8c52735e3b3c9d1521576e3,True,23169622.0,success,2025-08-21,2025-12-02,105.0,,good,TRUE
kek,Kekcoin (ETH),0xe9514a6eba63a0bbbe2faea919e773ebe0f527c1,True,18301072.0,success,2023-11-27,2025-11-29,541.0,,good,TRUE
kek,Kekistan,0x4ade2b180f65ed752b6f1296d0418ad21eb578c0,True,19928849.0,success,2024-10-22,2025-12-02,408.0,,good,TRUE
kek,Pepe Prophet,0xa6345ffadfa23dfc9014bce72ff2fa8712e54231,True,18187354.0,success,2023-09-26,2025-12-01,658.0,,good,TRUE
keke,KEK,0xf7168c8abb0ff80116413a8d95396bbdc318a3ff,True,17188249.0,success,2023-05-09,2025-12-02,940.0,,good,TRUE
kekius,Kekius Maximus,0x26e550ac11b26f78a04489d5f20f24e3559f7dd9,True,21397776.0,success,2024-12-15,2025-12-02,354.0,,good,TRUE
kekiusa,Kekius Maximusa,0x7ee089ebb18771caf5bf483a4ee49c4de04295f2,True,22176802.0,success,2025-04-04,2025-12-02,190.0,,good,TRUE
keko,Keko,0x2c7f442aab99d5e18cfae2291c507c0b5f3c1eb5,True,17088867.0,success,2023-04-25,2025-11-21,493.0,,good,TRUE
kel,KelVPN,0xda6a3876ad460194cd7ba28062d838c98ee2fd1d,True,16639570.0,success,2021-04-19,2025-12-02,1689.0,,good,TRUE
ken,Ken,0x7316d973b0269863bbfed87302e11334e25ea565,True,20427803.0,success,2024-08-05,2025-12-01,477.0,,good,TRUE
kendu,Kendu,0xaa95f26e30001251fb905d264aa7b00ee9df6c18,True,19276058.0,success,2024-04-08,2025-12-02,605.0,,good,TRUE
kermit,Kermit,0x53250b5dfa8c911547afeaf18db025024c8e919a,True,17063417.0,success,2023-04-19,2025-12-02,879.0,,good,TRUE
kernel,KernelDAO,0x3f80b1c54ae920be41a77f8b902259d48cf24ccf,True,21365278.0,success,2025-04-14,2025-12-02,234.0,,good,TRUE
kerosene,Kerosene,0xf3768d6e78e65fc64b8f12ffc824452130bd5394,True,19514028.0,success,2024-04-01,2025-12-02,612.0,,good,TRUE
kex,KIRA Network,0x16980b3b4a3f9d89e33311b5aa8f80303e5ca4f8,True,11069295.0,success,2020-11-28,2025-12-02,1832.0,,good,TRUE
key,SelfKey,0x4cc19356f2d37338b9802aa8e8fc58b0373296e7,True,4891159.0,success,2018-01-15,2025-12-03,2772.0,,good,TRUE
keyfi,KeyFi,0xb8647e90c0645152fccf4d9abb6b59eb4aa99052,True,11405059.0,success,2021-04-29,2025-12-02,1650.0,,good,TRUE
keys,Keys,0xe0a189c975e4928222978a74517442239a0b86ff,True,13617398.0,success,2021-11-19,2025-12-02,1332.0,,good,TRUE
kft,Knit Finance,0xef53462838000184f35f7d991452e5f25110b207,True,13128005.0,success,2021-09-02,2025-12-02,1552.0,,good,TRUE
kiba,Kiba Inu,0x005d1123878fc55fbd56b54c73963b234a64af3c,True,14320884.0,success,2021-10-27,2025-12-02,1499.0,,good,TRUE
kibshi,KiboShib,0x02e7f808990638e9e67e1f00313037ede2362361,True,16140853.0,success,2023-03-07,2025-12-02,1002.0,,good,TRUE
kif,KittenFinance,0x177ba0cac51bfc7ea24bad39d81dcefd59d74faa,True,10777786.0,success,2020-09-03,2025-11-22,1820.0,,good,TRUE
kimchi,KIMCHI.finance,0x1e18821e69b9faa8e6e75dffe54e7e25754beda0,True,10774988.0,success,2020-09-01,2025-12-02,1915.0,,good,TRUE
kine,Kine Protocol,0xcbfef8fdd706cde6f208460f2bf39aa9c785f05d,True,11995314.0,success,2021-03-11,2025-12-02,1699.0,,good,TRUE
king,KING Coin,0xe28027c99c7746ffb56b0113e5d9708ac86fae8f,True,,success,2023-05-09,2025-12-02,940.0,,good,TRUE
king,King Protocol,0x8f08b70456eb22f6109f57b8fafe862ed28e6040,True,,success,2024-10-25,2025-12-02,405.0,,good,TRUE
kip,KIP,0x946fb08103b400d1c79e07acccdef5cfd26cd374,True,21318880.0,success,2024-12-10,2025-12-02,359.0,,good,TRUE
kira,Kira AI,0x0d7c10ffcaef0bf9f8bbfc44ea437beeb5a36976,True,23069014.0,success,2025-08-07,2025-11-13,62.0,,good,TRUE
kishu,Kishu Inu,0xa2b4c0af19cc16a6cfacce81f192b024d625817d,True,12260512.0,success,2021-04-20,2025-12-02,1689.0,,good,TRUE
kit,DexKit,0x7866e48c74cbfb8183cd1a929cd9b95a7a5cb4f4,True,11231398.0,success,2020-11-23,2025-12-02,1837.0,,good,TRUE
kite,Kite,0x904567252d8f48555b7447c67dca23f0372e16be,True,23530647.0,success,2025-11-03,2025-12-02,708.0,,good,TRUE
kiwi,Kiwi,0xdef1245f98fedd2e0108acc185eb3eca2c106ef6,True,23719251.0,success,2025-07-23,2025-12-02,134.0,,good,TRUE
kizuna,Kizuna,0x470c8950c0c3aa4b09654bc73b004615119a44b5,True,18265095.0,success,2023-10-06,2025-12-02,790.0,,good,TRUE
klaus,KLAUS,0xb612bfc5ce2fb1337bd29f5af24ca85dbb181ce2,True,20934544.0,success,2024-10-11,2025-12-02,419.0,,good,TRUE
klee,KleeKai,0xa67e9f021b9d208f7e3365b2a155e3c55b27de71,True,14657618.0,success,2021-05-16,2025-12-02,1654.0,,good,TRUE
kltr,Kollector,0xa92c49c403386111c1629aee00936eed2a9e74a6,True,10978433.0,success,2021-11-07,2025-12-02,1488.0,,good,TRUE
knc,Kyber Network Crystal,0xdefa4e8a7bcba345f687a2f1456f5edd9ce97202,True,,success,2021-04-22,2025-12-02,1662.0,,good,TRUE
kncl,Kyber Network Crystal Legacy,0xdd974d5c2e2928dea5f71b9825b8b646686bd200,True,4264898.0,success,2017-10-28,2025-12-02,2959.0,,good,TRUE
knda,Kenda,0xb40c535c8899f95e3b722df2f0619ebd28c4a4ea,True,17608637.0,success,2023-09-11,2025-12-02,815.0,,good,TRUE
kndx,KONDUX,0x7ca5af5ba3472af6049f63c1abc324475d44efc1,True,15920690.0,success,2022-11-16,2025-12-02,1107.0,,good,TRUE
kng,Kanga Exchange,0x471d113059324321749e097705197a2b44a070fc,True,8910119.0,success,2021-12-03,2025-12-02,1453.0,,good,TRUE
knight,CitaDAO,0x3541a5c1b04adaba0b83f161747815cd7b1516bc,True,14021975.0,success,2022-01-21,2025-11-22,1068.0,,good,TRUE
knine,K9 Finance DAO,0x91fbb2503ac69702061f1ac6885759fc853e6eae,True,19311680.0,success,2024-03-08,2025-12-02,636.0,,good,TRUE
kns,Kenshi,0xf1264873436a0771e440e2b28072fafcc5eebd01,True,17565020.0,success,2023-06-15,2025-12-02,890.0,,good,TRUE
knuxx,KNUXX,0xa795dadcadbe937c0c67430a2ce56d256cd6f62f,True,23533705.0,success,2025-10-09,2025-12-02,989.0,,good,TRUE
koai,KOI,0x7e331b55e4fbba7cb9c1fc855ed0dac2983e7798,True,20490830.0,success,2024-09-27,2025-11-21,410.0,,good,TRUE
kobe,Kobe the Shiba Inu,0xdecd530d9403c5b4716be6b9494d229c12ccf409,True,23435775.0,success,2025-09-25,2025-10-17,367.0,,good,TRUE
kobushi,Kobushi,0xd86830e9c56785e2b703eb0029ae71a943e4d442,True,22396536.0,success,2025-05-11,2025-12-02,207.0,,good,TRUE
kochi,Kochi Inu,0x5cbfe0b628858e3aaae7dbc81b0ce09ff2c80550,True,22675818.0,success,2025-06-12,2025-12-02,152.0,,good,TRUE
kochi,Kochi Ken ETH,0x6fba952443be1de22232c824eb8d976b426b3c38,True,20087315.0,success,2024-06-15,2025-11-15,382.0,,good,TRUE
kohaku,KOHAKU,0xbd821d84770b65f679a47452367258cf86579d02,True,23247287.0,success,2025-08-31,2025-12-02,95.0,,good,TRUE
koi,Koi,0x9d14bce1daddf408d77295bb1be9b343814f44de,True,19298828.0,success,2024-03-07,2025-12-02,637.0,,good,TRUE
koin,Kittekoin,0x7b0df1cd724ec34ec9bc4bd19749b01afb490761,True,20528502.0,success,2024-08-21,2025-11-26,312.0,,good,TRUE
kok,KOK,0x9b9647431632af44be02ddd22477ed94d14aacaa,True,9543746.0,success,2020-01-29,2025-12-02,2106.0,,good,TRUE
kol,ProtoKOLs,0xd888a5460fffa4b14340dd9fe2710cbabd520659,True,20964937.0,success,2024-10-22,2025-12-03,407.0,,good,TRUE
kolt,Kolytics,0xe4ad6e3a254d545215089c972056494dfc12406c,True,,success,2025-05-23,2025-12-02,193.0,,good,TRUE
kolz,KOLZ,0x288741b45ad4042f7b124e38b53cec5e9cca0376,True,21037522.0,success,2024-12-05,2025-12-02,364.0,,good,TRUE
koma,Komari,0x5a12975bf0158c9c3b23622f44917d113f31842d,True,20892567.0,success,2024-10-05,2025-11-05,241.0,,good,TRUE
kome,Kome Chan,0x7413c3c28c8e483035c121be16641c3a37872e83,True,23306079.0,success,2025-09-07,2025-09-25,160.0,,good,TRUE
kompete,KOMPETE,0x1e0b2992079b620aa13a7c2e7c88d2e1e18e46e9,True,14325542.0,success,2022-03-14,2025-12-02,1361.0,,good,TRUE
kong,CyberKongz,0x8db036f007841c21b97eff7dfc2c187241d59baf,True,23317157.0,success,2025-09-10,2025-12-02,2003.0,,good,TRUE
kono,Konomi Network,0x850aab69f0e0171a9a49db8be3e71351c8247df4,True,11988391.0,success,2021-03-16,2025-11-30,1637.0,,good,TRUE
koon,Coca-Cola (Ondo Tokenized Stock),0x74a03d741226f738098c35da8188e57aca50d146,True,,success,2025-09-02,2025-12-02,92.0,,good,TRUE
koro,Koro Go,0xebd3f05f77c456d59852da12ac764dc975eca91b,True,22753088.0,success,2025-06-23,2025-12-02,159.0,,good,TRUE
kox,Coca-Cola xStock,0xdcc1a2699441079da889b1f49e12b69cc791129b,True,,success,2025-07-31,2025-12-02,126.0,,good,TRUE
koy,Koyo,0x198065e69a86cb8a9154b333aad8efe7a3c256f8,True,16788829.0,success,2023-03-18,2025-12-02,918.0,,good,TRUE
kozue,Kozue,0x3abe404faa776d2a833d554a068ef1a58193f080,True,20794285.0,success,2024-09-21,2025-12-01,259.0,,good,TRUE
kp3r,Keep3rV1,0x1ceb5cb57c4d4e2b2433641b95dd330a33185a44,True,11143904.0,success,2020-10-28,2025-12-02,1863.0,,good,TRUE
kpop,KPOP Coin,0x7b7983967409fce461ea8bbdf9ed37631b1d59c9,True,12091629.0,success,2021-05-31,2025-11-08,1334.0,,good,TRUE
kpop,OFFICIAL K-POP,0xea36af87df952fd4c9a05cd792d370909bbda8db,True,22919401.0,success,2025-07-16,2025-12-02,141.0,,good,TRUE
krazy,krazy n.d.,0x187df9748016da82578c83a61c3b3093ac6b8669,True,20087599.0,success,2024-07-18,2025-11-28,442.0,,good,TRUE
krl,KRYLL,0x464ebe77c293e473b48cfe96ddcf88fcf7bfdac0,True,5531702.0,success,2018-07-21,2025-12-02,2693.0,,good,TRUE
krom,Kromatika,0x3af33bef05c2dcb3c7288b77fe1c8d2aeba4d789,True,13610686.0,success,2021-11-18,2025-12-02,1477.0,,good,TRUE
krw,KROWN,0x499568c250ab2a42292261d6121525d70691894b,True,,success,2021-06-22,2025-12-02,1575.0,,good,TRUE
krwq,KRWQ,0xc00db6b41473d065027f5ed6fada20fde75f142e,True,,success,2025-10-08,2025-12-02,1274.0,,good,TRUE
ktn,Kattana,0x491e136ff7ff03e6ab097e54734697bb5802fc1c,True,12205082.0,success,2021-04-09,2025-12-02,1700.0,,good,TRUE
kto,Kounotori,0x616ef40d55c0d2c506f4d6873bda8090b79bf8fc,True,13728500.0,success,2021-12-06,2025-11-30,1354.0,,good,TRUE
kton,Darwinia Commitment,0x9f284e1337a815fe77d2ff4ae46544645b20c5ff,True,6402503.0,success,2020-07-27,2025-12-02,1956.0,,good,TRUE
ku-chan,KURUMI,0x341ea9d0e5c9a2a7781aff398117846ea2fff2ab,True,23592672.0,success,2025-10-19,2025-12-02,1050.0,,good,TRUE
kuji,Kujira,0x96543ef8d2c75c26387c1a319ae69c0bee6f3fe7,True,16489867.0,success,2021-11-26,2025-12-02,1428.0,,good,TRUE
kuku,KuKu,0x27206f5a9afd0c51da95f20972885545d3b33647,True,17776733.0,success,2023-08-04,2025-12-02,609.0,,good,FALSE
kuma,Kuma,0x95ad53e32942c0cf9fd60208964782af8bedb709,True,21579662.0,success,2025-01-12,2025-12-02,281.0,,good,TRUE
kuma,Kuma Inu,0x48c276e8d03813224bb1e55f953adb6d02fd3e02,True,12634195.0,success,2021-05-16,2025-12-02,1663.0,,good,TRUE
kumaneene,Kumaneene,0x48d41fc014865c32be82c50ee647b6a4bfab38a8,True,23104318.0,success,2025-08-10,2025-12-02,116.0,,good,TRUE
kylo,Kylo The Doge,0xa2188f44f0d265558c615aae242400923f9aa1d4,True,23281559.0,success,2025-09-03,2025-11-29,349.0,,good,TRUE
kyra,KYRA,0x4b41a481a7a3e0396751aa49bee970b842fdaede,True,21037488.0,success,2024-10-25,2025-11-09,206.0,,good,TRUE
kzen,Kaizen.Finance,0x4550003152f12014558e5ce025707e4dd841100f,True,,success,2022-04-26,2025-12-02,1318.0,,good,TRUE
kūka,KŪKA,0xe9942930a2e3a8a096a8a9637d62219f3159cf4d,True,22563155.0,success,2025-06-06,2025-10-16,96.0,,good,TRUE
l,L,0xf8c76dbea329ec4fa987afc514f805b21b249d79,True,17539448.0,success,2023-06-27,2025-11-29,745.0,,good,TRUE
l,Launch On USD1,0xd014cb8d4bbccb75fc3a7c941528fd5e891259cf,True,22546152.0,success,2025-05-25,2025-12-02,189.0,,good,TRUE
l1x,Layer One X,0x399ef659fdead53b3e7f97e9491e727925667945,True,21666006.0,success,2025-01-23,2025-12-02,315.0,,good,TRUE
l2,Leverj Gluon,0xbbff34e47e559ef680067a6b1c980639eeb64d24,True,11096120.0,success,2020-10-27,2025-11-29,1397.0,,good,TRUE
l2t,L2 Token,0x3f79e800db889dabdd998c071ced6a0d11e307e0,True,22844426.0,success,2025-09-10,2025-12-02,2009.0,,good,TRUE
l3,Layer3,0x88909d489678dd17aa6d9609f89b0419bf78fd9a,True,,success,2024-07-30,2025-12-02,492.0,,good,TRUE
l3usd,L3USD,0x2c2d8a078b33bf7782a16acce2c5ba6653a90d5f,True,17763289.0,success,2022-08-19,2025-12-02,943.0,,good,UNKNOWN
la,Lagrange,0x0fc2a55d5bd13033f1ee0cdd11f60f7efe66f467,True,,success,2025-06-04,2025-12-02,183.0,,good,TRUE
la,LA,0xe50365f5d679cb98a1dd62d6f6e58e59321bcddf,True,4383209.0,success,2017-10-28,2025-12-02,2957.0,,good,TRUE
ladys,Milady Meme Coin,0x12970e6868f88f6557b76120662c1b3e50a646bf,True,17208204.0,success,2023-05-09,2025-12-02,940.0,,good,TRUE
lai,LayerAI,0x168e209d7b2f58f1f24b8ae7b7d35e662bbf11cc,True,18018454.0,success,2023-03-10,2025-12-02,1000.0,,good,TRUE
lai,Larp AI,0xf3c83a2aa05f9201533737c1efa2fe5d9416f128,True,23040740.0,success,2025-08-08,2025-12-02,118.0,,good,TRUE
laika,Laika,0x77f9cf0bd8c500cffdf420e72343893aecc2ec0b,True,15238529.0,success,2022-08-23,2025-11-28,1087.0,,good,TRUE
laika,Laïka,0x19e1f2f837a3b90ebd0730cb6111189be0e1b6d6,True,21180111.0,success,2024-11-15,2025-12-02,384.0,,good,TRUE
lak3,LAKE,0x13d074303c95a34d304f29928dc8a16dec797e9e,True,18332997.0,success,2025-01-22,2025-12-02,316.0,,good,TRUE
lake,Data Lake,0xf9ca9523e5b5a42c3018c62b084db8543478c400,True,16131767.0,success,2023-03-02,2025-12-02,1005.0,,good,TRUE
lambo,$LAMBO,0x3d2b66bc4f9d6388bd2d97b95b565be1686aefb3,True,17163008.0,success,2023-05-06,2025-12-02,921.0,,good,TRUE
landwu,Land Wu,0x67c4d14861f9c975d004cfb3ac305bee673e996e,True,20035597.0,success,2024-06-13,2025-12-02,539.0,,good,TRUE
lanlan,LanLan Cat,0xecca809227d43b895754382f1fd871628d7e51fb,True,22521077.0,success,2025-05-27,2025-12-02,189.0,,good,TRUE
laputa,Ethereum Origins,0xf5e63b4c9db61c35bb66462745f9a5e64604f0a9,True,20858012.0,success,2024-10-02,2025-12-02,338.0,,good,TRUE
larry,Larry,0xd08623fb2a1f044025eec65886011cf5d0f06b01,True,17271004.0,success,2023-05-21,2025-11-29,736.0,,good,TRUE
lau,Live Ai,0x6604c7d7e343e2abd10aa66f6c496abee875cf71,True,21823894.0,success,2025-07-01,2025-11-30,136.0,,good,TRUE
laura,Laura AI,0xa39819b999b2471bfdf03d1d8b6f93c83fe8caba,True,23292497.0,success,2025-09-05,2025-11-27,436.0,,good,TRUE
layer,UniLayer,0x0ff6ffcfda92c53f615a4a75d982f399c989366b,True,10666193.0,success,2020-08-18,2025-11-30,1931.0,,good,TRUE
lbai,Lemmy The Bat,0x4ae149fd6059af772b962efac6bf0236872d6940,True,21908048.0,success,2025-05-29,2025-12-02,189.0,,good,TRUE
lbl,LABEL AI,0x2162f572b25f7358db9376ab58a947a4e45cede1,True,10522637.0,success,2021-12-17,2025-11-18,1434.0,,good,TRUE
lblock,Lucky Block,0x2b867efd2de4ad2b583ca0cb3df9c4040ef4d329,True,15018789.0,success,2022-01-27,2025-12-02,1407.0,,good,TRUE
lbr,Lybra,0xed1167b6dc64e8a366db86f2e952a482d0981ebd,True,17990015.0,success,2023-04-25,2025-12-02,954.0,,good,TRUE
lbrett,Layer Brett,0xa896871b0348bd4cf9c456ab20208fe7635733a9,True,23758641.0,success,2025-11-10,2025-12-01,441.0,,good,TRUE
lbtc,Lombard Staked BTC,0x8236a87084f8b84306f72007f36f2618a5634494,True,,success,2024-08-29,2025-12-02,462.0,,good,TRUE
lcs,LocalCoinSwap,0xaa19961b6b858d9f18a115f25aa1d98abc1fdba8,True,5253794.0,success,2018-08-06,2025-12-02,2592.0,,good,TRUE
lcx,LCX,0x037a54aab062628c9bbae1fdb1583c195585fe41,True,7302512.0,success,2019-11-22,2025-12-02,2204.0,,good,TRUE
ldo,Lido DAO,0x5a98fcbea516cf06857215779fd812ca3bef1b32,True,11473216.0,success,2021-01-05,2025-12-02,1794.0,,good,TRUE
ldy,Ledgity Token,0x482df7483a52496f4c65ab499966dfcdf4ddfdbc,True,19819133.0,success,2024-06-04,2025-12-02,548.0,,good,TRUE
learn,Brainedge,0xf6ad4965f7779c6b8ae4d25bf2a2e009a47c3dae,True,22025533.0,success,2025-04-09,2025-12-02,210.0,,good,TRUE
leash,Doge Killer,0x27c70cd1946795b66be9d954418546998b546634,True,10777939.0,success,2021-05-25,2025-12-02,1654.0,,good,TRUE
ledger,Ledger AI,0xd1f2586790a5bd6da1e443441df53af6ec213d83,True,20794806.0,success,2024-09-22,2025-12-02,438.0,,good,TRUE
leeroy,LEEROY JENKINS,0x1e971b5b21367888239f00da16f0a6b0effecb03,True,18478727.0,success,2023-11-07,2025-12-02,643.0,,good,TRUE
legal,LEGAL,0xa3b71add41c9e4e1034fe665f946baebfe9c07c4,True,22075120.0,success,2025-04-06,2025-12-02,230.0,,good,TRUE
legend,Legend,0x1b1ff83ae0751ffb7ce0224e9c330e859e95dd16,True,19989816.0,success,2025-01-15,2025-12-02,323.0,,good,TRUE
lemd,Lemond,0xf45f6c8bb3d77ea762175b8f7ca4d251941649fa,True,12242791.0,success,2021-04-23,2025-12-02,1686.0,,good,TRUE
lemon,Lemonrocks,0x898843fb909e3562c82f2b96f4e3d0693af041df,True,20787229.0,success,2024-09-21,2025-11-29,384.0,,good,TRUE
lend,Aave [OLD],0x80fb784b7ed66730e8b1dbd9820afd29931aab03,True,4285018.0,success,2017-12-20,2025-12-02,2758.0,,good,TRUE
lends,Lends,0x2c06ba9e7f0daccbc1f6a33ea67e85bb68fbee3a,True,19139490.0,success,2024-02-08,2025-12-02,636.0,,good,TRUE
lens,Social Lens Ai,0x782f97c02c6ace8a3677c4a4c495d048ad67dba2,True,21580601.0,success,2025-01-09,2025-12-01,215.0,,good,TRUE
leo,LEO Token,0x2af5d2ad76741191d15dfe7bf6ac92d4bd912ca3,True,7803477.0,success,2019-05-21,2025-12-02,2389.0,,good,TRUE
leox,LEOX,0xa444ec96ee01bb219a44b285de47bf33c3447ad5,True,16968370.0,success,2023-04-25,2025-12-02,954.0,,good,TRUE
leslie,Leslie,0xcc9e0bd9438ca0056653d134de794abeaff8c676,True,18640885.0,success,2023-11-25,2025-12-02,739.0,,good,TRUE
lester,Lester,0xf5809f3348ff40906bb509f936aba43e6d1961ab,True,21183939.0,success,2024-11-14,2025-11-27,320.0,,good,TRUE
letsgo,Lets Go Brandon,0xa6586e19ef681b1ac0ed3d46413d199a555dbb95,True,14181085.0,success,2022-03-01,2025-12-02,1291.0,,good,TRUE
lever,LeverFi,0x4b5f49487ea7b3609b1ad05459be420548789f1f,True,,success,2022-07-13,2025-12-02,1240.0,,good,TRUE
lf,LF,0x957c7fa189a408e78543113412f6ae1a9b4022c4,True,21472350.0,success,2025-02-19,2025-12-02,288.0,,good,TRUE
lfdog,lifedog,0x425087bf4969f45818c225ae30f8560ce518582e,True,21286975.0,success,2024-11-29,2025-12-02,347.0,,good,TRUE
lgct,Legacy Token,0xd38b305cac06990c0887032a02c03d6839f770a8,True,15996598.0,success,2025-01-09,2025-12-02,329.0,,good,TRUE
lgcy,LGCY Network,0xae697f994fc5ebc000f8e22ebffee04612f98a0d,True,10559803.0,success,2020-08-20,2025-12-02,1896.0,,good,TRUE
lgndx,LegendX,0xdb04fb08378129621634c151e9b61fef56947920,True,19307167.0,success,2024-09-10,2025-12-02,400.0,,good,TRUE
licker,Licker,0x1b3be8fcd2e7c5ce9c5c242e0066fdd9740220d0,True,20740214.0,success,2024-09-15,2025-11-29,329.0,,good,TRUE
lien,Lien,0xab37e1358b639fd877f015027bb62d3ddaa7557e,True,10619509.0,success,2020-08-24,2025-11-27,1818.0,,good,TRUE
lif3,Lif3,0x7138eb0d563f3f6722500936a11dcae99d738a2c,True,17764009.0,success,2023-09-27,2025-12-02,692.0,,good,TRUE
life,Life Crypto,0x6c936d4ae98e6d2172db18c16c4b601c99918ee6,True,13084255.0,success,2021-09-08,2025-12-02,1548.0,,good,TRUE
lifi,LIFI,0x359fb8b204ae2eb94c1e887fbbbda616986d4b66,True,23284946.0,success,2025-09-22,2025-11-26,621.0,,good,TRUE
lift,Uplift,0x513c3200f227ebb62e3b3d00b7a83779643a71cf,True,13634381.0,success,2021-11-22,2025-12-03,1192.0,,good,TRUE
lila,LiquidLayer,0x96add417293a49e80f024734e96cfd8b355bcc14,True,18421543.0,success,2023-10-28,2025-11-23,720.0,,good,TRUE
lilai,LilAI,0x85cf7f10683c73359e7b06c082eef5851ff2956d,True,,success,2023-06-03,2025-12-02,901.0,,good,TRUE
lilfrog,Lil Frog,0x8e7009a281a7190deddfca2fbf48e4706f141208,True,23324938.0,success,2025-09-09,2025-09-30,157.0,,good,TRUE
lilpepe,Little Pepe,0xef6ef7d2e4d1ff7ebe0ce7d179e510e11e745429,True,23298995.0,success,2025-09-05,2025-12-02,2072.0,,good,TRUE
lilpepe,Little Pepe,0x6462e7842b95cdf81041d8fb4f5084210fffac41,True,23652712.0,success,2025-10-26,2025-11-21,151.0,,good,TRUE
lilpepe,Little Pepe,0xa2209a2b7cdb0a15457322199fe45bdbad72c48f,True,23814484.0,success,2025-11-17,2025-12-02,377.0,,good,TRUE
lily,Lily's Coin,0x7ce89243cc0d9e746609c57845eccbd9bb4b7315,True,21004053.0,success,2024-10-27,2025-12-02,403.0,,good,TRUE
lina,Linear,0x3e9bc21c9b189c09df3ef1b824798658d5011937,True,,success,2020-09-17,2025-12-02,1904.0,,good,TRUE
linda,Linda,0x039d2e8f097331278bd6c1415d839310e0d5ece4,True,19123576.0,success,2023-12-17,2025-12-02,718.0,,good,TRUE
linea,Linea,0x1789e0043623282d5dcc7f213d703c6d8bafbb04,True,,success,2025-09-10,2025-12-02,2002.0,,good,TRUE
link,Chainlink,0x514910771af9ca656af840dff83e8264ecf986ca,True,4281611.0,success,2017-11-09,2025-12-02,2947.0,,good,TRUE
linon,Linde plc (Ondo Tokenized Stock),0x01b19c68f8a9ee3a480da788ba401cfabdf19b93,True,,success,2025-09-02,2025-11-22,63.0,,good,TRUE
linu,Luna Inu,0x78132543d8e20d2417d8a07d9ae199d458a0d581,True,14779461.0,success,2022-05-18,2025-12-02,1289.0,,good,TRUE
linx,Linde xStock,0x15059c599c16fd8f70b633ade165502d6402cd49,True,,success,2025-11-19,2025-12-02,157.0,,good,TRUE
lion,King Of Meme,0xf3c3745894d979f8f85761bd060520bddbc464e9,True,19968113.0,success,2024-06-19,2025-12-02,533.0,,good,TRUE
liqui,LiquiHub,0x332aa1163c4bcccc158d58ace9b2f621ad47d5fd,True,23290693.0,success,2025-09-07,2025-11-23,572.0,,good,TRUE
liquid,Liquid Agent,0x11dfc652eb62c723ad8c2ae731fcede58ab07564,True,22676220.0,success,2025-06-29,2025-12-02,158.0,,good,TRUE
liquideth,Ether.Fi Liquid ETH,0xf0bb20865277abd641a307ece5ee04e79073416c,True,20014552.0,success,2025-10-22,2025-12-02,996.0,,good,TRUE
lit,LIT,0xc5b3d3231001a776123194cf1290068e8b0c783b,True,13723532.0,success,2021-12-08,2025-11-29,1282.0,,good,TRUE
lit,Litentry,0xb59490ab09a0f526cc7305822ac65f2ab12f9723,True,11718562.0,success,2021-02-04,2025-12-02,1764.0,,good,TRUE
lit,Timeless,0xfd0205066521550d7d7ab19da8f72bb004b4c341,True,16344904.0,success,2023-01-13,2025-12-03,1050.0,,good,TRUE
litas,LITAS,0xfa63503f9e61fd59cbea137c122fa55c2daff14a,True,22884174.0,success,2025-08-01,2025-12-02,125.0,,good,TRUE
lith,Lithium Finance,0x188e817b02e635d482ae4d81e25dda98a97c4a42,True,12676209.0,success,2021-08-05,2025-12-02,1582.0,,good,TRUE
litkey,Lit Protocol,0x4d4eb0e8b160f6ebf63cc6d36060ffec09301b42,True,22827819.0,success,2025-10-30,2025-12-02,815.0,,good,TRUE
litusd,litUSD,0x3b5f2810fb2168ffa9c73160f97bf9f2461ffa5c,True,,success,2025-11-24,2025-12-02,68.0,,good,TRUE
liusd,infiniFi Locked iUSD (1week),0x12b004719fb632f1e7c010c6f5d6009fb4258442,True,22540416.0,success,2025-09-15,2025-12-02,899.0,,good,TRUE
liusd,infiniFi Locked iUSD (2week),0xf1839becaf586814d022f16cdb3504ff8d8ff361,True,22540416.0,success,2025-10-10,2025-12-02,1289.0,,bad,UNKNOWN
liz,Lizcoin,0xaf4144cd943ed5362fed2bae6573184659cbe6ff,True,21070898.0,success,2024-11-06,2025-12-02,393.0,,good,TRUE
lkr,Lokr,0x80ce3027a70e0a928d9268994e9b85d03bd4cdcf,True,,success,2021-04-07,2025-11-30,1591.0,,good,TRUE
ll,LightLink,0x0921799cb1d702148131024d18fcde022129dc73,True,19238332.0,success,2024-04-24,2025-12-02,589.0,,good,TRUE
lld,Liberland LLD,0x054c9d4c6f4ea4e14391addd1812106c97d05690,True,19983771.0,success,2024-04-10,2025-12-02,603.0,,good,TRUE
llyon,Eli Lilly (Ondo Tokenized Stock),0xf192957ae52db3eb088654403cc2eded014ae556,True,,success,2025-09-02,2025-12-02,93.0,,good,TRUE
llyx,Eli Lilly xStock,0x19c41ea77b34bbdee61c3a87a75d1abda2ed0be4,True,,success,2025-07-29,2025-12-02,128.0,,good,TRUE
lm,LeisureMeta,0xc064f4f215b6a1e4e7f39bd8530c4de0fc43ee9d,True,17475232.0,success,2022-05-26,2025-12-02,1288.0,,good,TRUE
lmeow,lmeow,0x1ae7e1d0ce06364ced9ad58225a1705b3e5db92b,True,15875833.0,success,2024-03-07,2025-12-02,637.0,,good,TRUE
lmgx,LMGroupToken,0x6505f1cc7c08061c6d77a62f59cb501e7550cd50,True,21938661.0,success,2025-05-20,2025-12-02,197.0,,good,TRUE
lmi,Lockheed Martin Inu,0xaf05ce8a2cef336006e933c02fc89887f5b3c726,True,18381612.0,success,2023-10-26,2025-12-02,767.0,,good,TRUE
lmr,Lumerin,0x4b1d0b9f081468d780ca1d5d79132b64301085d1,True,13411764.0,success,2022-03-29,2025-12-02,1346.0,,good,TRUE
lmt,Lympo Market,0x327673ae6b33bd3d90f0096870059994f30dc8af,True,12051582.0,success,2021-05-02,2025-12-02,1492.0,,good,TRUE
lmton,Lockheed (Ondo Tokenized Stock),0x691b126cf619707ed5d16cab1b27c000aa8de300,True,,success,2025-09-02,2025-12-02,73.0,,good,TRUE
lmwr,LimeWire,0x628a3b2e302c7e896acc432d2d0dd22b6cb9bc88,True,16899216.0,success,2023-05-16,2025-12-02,933.0,,good,TRUE
lndx,LandX Governance Token,0x08a1c30bbb26425c1031ee9e43fa0b9960742539,True,18707047.0,success,2023-12-16,2025-12-02,719.0,,good,TRUE
lnq,LinqAI,0xd4f4d0a10bcae123bb6655e8fe93a30d01eebd04,True,18975252.0,success,2024-03-02,2025-12-02,642.0,,good,TRUE
loc,LockTrip,0x5e3346444010135322268a4630d2ed5f8d09446c,True,4303231.0,success,2017-12-20,2025-12-02,2860.0,,good,TRUE
lock,Houdini Swap,0x922d8563631b03c2c4cf817f4d18f6883aba0109,True,19128111.0,success,2024-02-09,2025-12-02,664.0,,good,TRUE
locus,Locus Chain,0xc64500dd7b0f1794807e67802f8abbf5f8ffb054,True,5414232.0,success,2018-11-17,2025-12-02,1910.0,,good,TRUE
logt,Lord of Dragons,0xba58444c8050ed9385b7417533a73644036d21eb,True,,success,2023-03-18,2025-12-02,992.0,,good,TRUE
logx,LogX Network,0xa3f4341c3fef5963ab04135d2014ac7d68222e19,True,20769215.0,success,2024-09-24,2025-12-02,436.0,,good,TRUE
loka,League of Kingdoms,0x61e90a50137e1f645c9ef4a0d3a4f01477738406,True,13943476.0,success,2022-01-20,2025-12-02,1414.0,,good,TRUE
lolcat,First Meme,0xc289c2d57e2ba371f40d594705dbf9331a2da47d,True,20851244.0,success,2024-09-29,2025-11-17,260.0,,good,TRUE
lon,Tokenlon,0x0000000000095413afc295d19edeb1ad7b71c952,True,11494389.0,success,2020-12-23,2025-12-03,1808.0,,good,TRUE
looks,LooksRare,0xf4d2888d29d722226fafa5d9b24f9164c092421e,True,13847597.0,success,2022-01-10,2025-12-02,1424.0,,good,TRUE
loom,Loom Network (NEW),0x42476f744292107e34519f9c357927074ea3f75d,True,11750315.0,success,2021-04-09,2025-12-02,1700.0,,good,TRUE
loomold,Loom Network (OLD),0xa4e8c3ec456107ea67d3075bf9e3df3a75823db0,True,5188927.0,success,2018-03-20,2025-11-10,2752.0,,good,TRUE
loop,Workloop AI,0x371d62f8ac252db7f88786e39f0880c35146c6c5,True,23177005.0,success,2025-08-21,2025-12-03,106.0,,good,TRUE
loopin,LooPIN Network,0x975da7b2325f815f1de23c8b68f721fb483b8071,True,21084586.0,success,2024-11-19,2025-12-02,380.0,,good,TRUE
loot,Lootex,0x721a1b990699ee9d90b6327faad0a3e840ae8335,True,13911964.0,success,2022-01-24,2025-12-02,1410.0,,good,TRUE
loot,LootBot,0xb478c6245e3d85d6ec3486b62ea872128d562541,True,17699705.0,success,2023-07-16,2025-11-30,827.0,,good,TRUE
looter,Looter,0x000000000a1c6659ac226dbb1c5bdc648df72e9e,True,19377728.0,success,2024-03-08,2025-12-02,571.0,,good,TRUE
lords,LORDS,0x686f2404e77ab0d9070a46cdfb0b7fecdd2318b0,True,13773726.0,success,2022-01-03,2025-12-02,1431.0,,good,TRUE
love,Love.io,0xb55ee890426341fe45ee6dc788d2d93d25b59063,True,13332003.0,success,2023-11-16,2025-12-02,749.0,,good,TRUE
lovely,Lovely Inu Finance,0x0f6d4d4643a514132f84f4a270946db3c7cb701c,True,20119339.0,success,2021-10-15,2025-12-02,1455.0,,good,TRUE
lp-ycrv,LP Yearn CRV Vault,0xc97232527b62efb0d8ed38cf3ea103a6cca4037e,True,,success,2023-10-25,2025-12-02,761.0,,bad,UNKNOWN
lpeth,Loop ETH,0xa684eaf215ad323452e2b2bf6f817d4aa5c116ab,True,20936531.0,success,2024-12-07,2025-11-19,88.0,,good,TRUE
lpl,LinkPool,0x99295f1141d58a99e939f7be6bbe734916a875b8,True,12110834.0,success,2021-03-29,2025-12-02,1703.0,,good,TRUE
lpt,Livepeer,0x58b6a8a3302369daec383334672404ee733ab239,True,5533907.0,success,2018-12-11,2025-12-02,2550.0,,good,TRUE
lqdx,Reddex,0x872952d3c1caf944852c5adda65633f1ef218a26,True,18763006.0,success,2023-12-20,2025-12-02,712.0,,good,TRUE
lqty,Liquity,0x6dea81c8171d0ba574754ef6f8b412f2ed88c54d,True,12178618.0,success,2021-04-05,2025-12-02,1704.0,,good,TRUE
lrc,Loopring,0xbbbbca6a901c926f240b89eacb641d8aec7aeafd,True,7544036.0,success,2017-10-30,2025-12-02,2957.0,,good,TRUE
lrds,BLOCKLORDS,0xd0a6053f087e87a25dc60701ba6e663b1a548e85,True,19032278.0,success,2024-07-25,2025-12-02,497.0,,good,TRUE
lsd,Liquid Staking Derivative,0x97d4f49eeb0e2c96d5ebaa71ab8418e563ecd9fd,True,16657692.0,success,2023-02-24,2025-11-21,884.0,,good,TRUE
lseth,Liquid Staked ETH,0x8c1bed5b9a0928467c9b1341da1d7bd5e10b6549,True,,success,2023-03-07,2025-12-02,1003.0,,good,TRUE
lsk,Lisk,0x6033f7f88332b8db6ad452b7c6d5bb643990ae3f,True,19882779.0,success,2016-04-06,2025-12-02,3509.0,,good,TRUE
lss,Lossless,0x3b9be07d622accaed78f479bc0edabfd6397e320,True,12512086.0,success,2021-06-03,2025-12-02,1645.0,,good,TRUE
lst,Law Service Token,0xa78cdb9a2e3ff8f24ef76e23a9fb858045d24d32,True,22704159.0,success,2025-07-18,2025-09-02,42.0,,good,TRUE
ltd,Living the Dream,0x1fdb29ad49330b07ae5a87483f598aa6b292039e,True,20477369.0,success,2024-08-30,2025-12-02,455.0,,good,TRUE
ltt,Luxury Travel Token,0x3f91ad19af450b44cf5176b4de719d77cb19eec7,True,19719510.0,success,2024-05-03,2025-12-02,549.0,,good,TRUE
ltx,Lattice,0xa393473d64d2f9f026b60b6df7859a689715d092,True,11154257.0,success,2020-11-07,2025-12-02,1853.0,,good,TRUE
luce,Vatican Mascot,0xba62856e16cb3283d3b8e670b196b9bb02902f30,True,21065314.0,success,2024-11-06,2025-11-28,360.0,,good,TRUE
luchow,LunaChow,0xa5ef74068d04ba0809b7379dd76af5ce34ab7c57,True,12865099.0,success,2021-10-05,2025-12-02,1506.0,,good,TRUE
lucky,Luckyinu,0xd1c8fa30fded3e0031dc24c1646d74108b096cc2,True,12554109.0,success,2024-02-05,2025-11-20,404.0,,good,TRUE
lucky,Maximus LUCKY,0x6b0956258ff7bd7645aa35369b55b61b8e6d6140,True,15476328.0,success,2022-10-08,2025-12-02,1153.0,,good,TRUE
luckymoon,Lucky Moon,0x78069e97c5a1c4a92da4c577dbcfd86cfd83da53,True,22733901.0,success,2025-08-03,2025-12-02,118.0,,good,TRUE
luckyslp,LuckysLeprecoin,0x357c915d7c12dc506d13332bb06c932af13e99a0,True,17441399.0,success,2023-10-13,2025-12-02,783.0,,good,TRUE
ludus,Ludus,0x24ace0aa510a4cf8d892e70d538001f84f5b5f3a,True,22475381.0,success,2025-05-15,2025-12-02,126.0,,good,TRUE
luffy,Luffy,0x54012cdf4119de84218f7eb90eeb87e25ae6ebd7,True,16826139.0,success,2021-08-16,2025-12-02,1571.0,,good,TRUE
lunc,Terra Classic (Wormhole),0xbd31ea8212119f94a611fa969881cba3ea06fa3d,True,,success,2022-02-28,2025-12-02,1368.0,,good,UNKNOWN
lunc,Wrapped LUNC,0xd2877702675e6ceb975b4a1dff9fb7baf4c91ea9,True,11345215.0,success,2021-01-12,2025-12-03,1788.0,,good,TRUE
lunr,LunarCrush,0xa87135285ae208e22068acdbff64b11ec73eaa5a,True,13771915.0,success,2021-10-21,2025-11-30,1358.0,,good,TRUE
lusd,Liquity USD,0x5f98805a4e8be255a32880fdec7f6728c6568ba0,True,12178594.0,success,2021-04-05,2025-12-02,1704.0,,good,TRUE
lusd,LUSD,0x31a2e08f4232329e4eddb025c0275f43c9cd56d7,True,,success,2023-12-13,2025-11-20,678.0,,good,TRUE
lush,LushAI,0xec9333e7dadeebf82d290d6cb12e66cc30ce46b0,True,20679406.0,success,2024-02-19,2025-12-02,653.0,,good,TRUE
lvlusd,Level USD,0x7c1156e515aa1a2e851674120074968c905aaf37,True,20876840.0,success,2024-12-28,2025-12-02,341.0,,good,TRUE
lvm,LakeViewMeta,0x5bb15141bb6def6d2bafeed8ff84bf889c0c573b,True,18552664.0,success,2022-09-01,2025-12-02,1127.0,,good,TRUE
lvva,Levva Protocol,0x6243558a24cc6116abe751f27e6d7ede50abfc76,True,21320845.0,success,2025-03-11,2025-12-02,268.0,,good,TRUE
lyfe,Lyfe,0xd87de4ccef2c2fe651bc4d130cb1a365248f21fa,True,15879354.0,success,2023-02-28,2025-12-02,1008.0,,good,TRUE
lym,Lympo,0xc690f7c7fcffa6a82b79fab7508c466fefdfc8c5,True,7267881.0,success,2018-03-28,2025-12-01,2761.0,,good,TRUE
lyra,Lyra Finance,0x01ba67aac7f75f647d94220cc98fb30fcc5105bf,True,12745435.0,success,2021-12-16,2025-12-02,1448.0,,good,TRUE
lyx,LUKSO,0xc210b2cb65ed3484892167f5e05f7ab496ab0598,True,,success,2023-07-24,2025-12-02,864.0,,good,TRUE
lyxe,LUKSO [OLD],0xa8b919680258d369114910511cc87595aec0be6d,True,10057681.0,success,2020-05-22,2025-12-02,2022.0,,good,TRUE
m-btc,Merlin's Seal BTC,0x2f913c820ed3beb3a67391a6eff64e70c4b20b19,True,20853469.0,success,2024-04-01,2025-12-02,612.0,,good,UNKNOWN
m2,M2,0x965d79f1a1016b574a62986e13ca8ab04dfdd15c,True,12338590.0,success,2021-09-08,2025-12-02,1543.0,,good,TRUE
m87,MESSIER,0x80122c6a83c8202ea365233363d3f4837d13e888,True,17855343.0,success,2022-06-10,2025-12-02,1273.0,,good,TRUE
machina,Church of the Machina,0x5d56b6581d2e7e7574adce2dc593f499a53d7505,True,19028287.0,success,2024-01-22,2025-11-18,553.0,,good,TRUE
macke,Mackerel,0xd69a0a9682f679f50e34de40105a93bebb2ff43d,True,18710946.0,success,2023-12-14,2025-12-02,507.0,,good,TRUE
mag,Magnify Cash,0x71da932ccda723ba3ab730c976bc66daaf9c598c,True,20363523.0,success,2024-07-29,2025-11-29,478.0,,good,TRUE
mag,Magnum,0xb9d4b6dc1e1ee3577cc442de015cc11f238b35ed,True,18727181.0,success,2023-12-11,2025-12-02,703.0,,good,TRUE
maga,MAGA Coin ETH,0xc9b6a17ebb43491635f603a01f8bb3e4b5d22228,True,15548464.0,success,2022-09-25,2025-12-02,598.0,,good,TRUE
maga,MAGA Hat,0xd29da236dd4aac627346e1bba06a619e8c22d7c5,True,19883020.0,success,2024-05-20,2025-12-02,563.0,,good,TRUE
magapepe,MAGA PEPE (ETH),0x8e7bd91f7d51d58145365341fdb37e0edfc8397f,True,19986807.0,success,2024-06-04,2025-12-02,533.0,,good,TRUE
magatrump,MAGA Trump,0x225e5b78f289c6d7d7757ad2b9d23b6ab31a5eea,True,19466119.0,success,2024-06-21,2025-12-02,528.0,,good,TRUE
magic,Magnificent 7777,0x435cbf7c09e01d6a07b9997770f7b9d1ab754020,True,20980850.0,success,2024-10-30,2025-11-28,231.0,,good,TRUE
magnus,Emotional Support Dog,0xd00065a096ff5fbaeaec726cdef3414d2c8a5116,True,21263979.0,success,2024-12-02,2025-11-15,235.0,,good,TRUE
maha,Maha,0x745407c86df8db893011912d3ab28e68b62e49b0,True,16345371.0,success,2020-12-17,2025-12-02,1813.0,,good,TRUE
maha,Make America Healthy Again,0xf7554eac0bf20d702e69d08c425e817abb976aea,True,20723629.0,success,2024-11-11,2025-11-29,323.0,,good,TRUE
mai,MAI,0x71d898c440af10566cea48e12c01f435ec788c7a,True,20306726.0,success,2025-02-08,2025-12-02,299.0,,good,TRUE
mai,Micro AI,0x24d73bca2bd9c3a61e99dfc7cb86d3c379ebded7,True,18475589.0,success,2023-11-09,2025-12-02,754.0,,good,TRUE
maiv,Multi Asset Investment Vehicle,0x39903a1a6f289a67e0de94096915c4ccd506ab2a,True,19866990.0,success,2024-12-08,2025-12-02,361.0,,good,TRUE
mak,MetaCene,0xd073e6341a3aa6c4d94c4f8f20fbd1ede572b0da,True,21300857.0,success,2024-09-05,2025-12-02,455.0,,good,TRUE
mama,Mama Coin,0x67d4fe3a284a1c86226494bbec3409f55a663c94,True,23431199.0,success,2025-10-16,2025-11-12,653.0,,good,TRUE
mambo,Mambo,0x404d3295c8b1c61662068db584125a7ebcc0d651,True,22534490.0,success,2025-05-23,2025-12-02,195.0,,good,TRUE
mana,Decentraland,0x0f5d2fb29fb7d3cfee444a200298f468908cc942,True,4162059.0,success,2017-10-28,2025-12-02,2957.0,,good,TRUE
mandox,MandoX,0x7a8adcf432ebcc2311b955d176ee4bfed13bb9a7,True,17986015.0,success,2022-04-10,2025-11-29,1312.0,,good,TRUE
manyu,LilManyu,0xd460a96231e2aa497eca601f526913654fbd4977,True,18643214.0,success,2025-06-11,2025-11-28,141.0,,good,TRUE
manyu,Manyu,0x95af4af910c28e8ece4512bfe46f1f33687424ce,True,22826235.0,success,2025-07-04,2025-12-02,153.0,,good,TRUE
manyu,Manyu the Shiba Inu,0x72e228cdfdc77a36048a7ef62485be11b6d3b25e,True,22651519.0,success,2025-06-09,2025-12-02,164.0,,good,TRUE
maon,Mastercard (Ondo Tokenized Stock),0xa29dc2102dfc2a0a4a5dcb84af984315567c9858,True,,success,2025-09-02,2025-12-02,93.0,,good,TRUE
mape,MAGA Pepe,0x683a4ac99e65200921f556a19dadf4b0214b5938,True,20301586.0,success,2024-07-17,2025-12-02,484.0,,good,TRUE
mapo,MAP Protocol,0x66d79b8f60ec93bfce0b56f5ac14a2714e509a99,True,19662150.0,success,2019-12-09,2025-12-02,2187.0,,good,TRUE
mapollo,Midas mAPOLLO,0x7cf9dec92ca9fd46f8d86e7798b72624bc116c05,True,,success,2025-09-12,2025-12-02,1962.0,,bad,UNKNOWN
maraon,MARA Holdings (Ondo Tokenized Stock),0x4604b0b581269843ac7a6b70a5fc019e7762e511,True,,success,2025-09-02,2025-12-02,93.0,,good,TRUE
mars,GATEWAY TO MARS,0xc3d2b3e23855001508e460a6dbe9f9e3116201af,True,18717184.0,success,2023-12-30,2025-12-02,524.0,,good,TRUE
mars,Mars,0xb8d6196d71cdd7d90a053a7769a077772aaac464,True,20820769.0,success,2024-09-25,2025-12-02,435.0,,good,TRUE
mars,MARS,0x407eca46ff515cde14410cdc868c7f82e8c4f41d,True,22893989.0,success,2025-07-22,2025-12-02,135.0,,good,TRUE
mars4,MARS4,0x16cda4028e9e872a38acb903176719299beaed87,True,13197160.0,success,2021-10-01,2025-12-02,1525.0,,good,TRUE
marsh,Unmarshal,0x5a666c7d92e5fa7edcb6390e4efd6d0cdd69cf37,True,12094542.0,success,2021-03-30,2025-12-03,1711.0,,good,TRUE
martin,Martin,0xb015701c17830aa4a4c96f7bc1a57c3a5edd7c86,True,23239457.0,success,2025-08-29,2025-12-02,97.0,,good,TRUE
maru,Marutaro,0xe6f4567c330625f3488ec69266f5ddd3f3841f33,True,22868973.0,success,2025-07-11,2025-12-02,146.0,,good,TRUE
marv,Marv,0x3bb1be077f3f96722ae92ec985ab37fd0a0c4c51,True,19978073.0,success,2024-05-30,2025-12-02,553.0,,good,TRUE
marvin,Marvin Inu,0x55a380d134d722006a5ce2d510562e1239d225b1,True,17563665.0,success,2021-12-28,2025-12-02,1386.0,,good,TRUE
marvin,Marvin Inu,0x85bea4ee627b795a79583fcede229e198aa57055,True,20726066.0,success,2024-09-21,2025-12-02,439.0,,good,TRUE
marvin,Marvin The Robot,0x00f5b16c8d28e20dac8674fc96b232b72c6c6cfa,True,21028901.0,success,2025-09-10,2025-12-02,1380.0,,good,TRUE
marvin,The Martian Dog,0x70c29e99ca32592c0e88bb571b87444bb0e08e33,True,20812789.0,success,2024-09-30,2025-12-03,429.0,,good,TRUE
masa,Masa,0x944824290cc12f31ae18ef51216a223ba4063092,True,19435076.0,success,2024-04-11,2025-12-02,602.0,,good,TRUE
mask,Mask Network,0x69af81e73a73b40adf4f3d4223cd9b1ece623074,True,11886238.0,success,2021-02-24,2025-12-02,1744.0,,good,TRUE
masq,MASQ,0x06f3c323f0238c72bf35011071f2b5b7f43a054c,True,11170708.0,success,2021-01-19,2025-12-02,1780.0,,good,TRUE
math,MATH,0x08d967bb0134f2d07f7cfb6e246680c53927dd30,True,8630154.0,success,2020-05-20,2025-12-02,2024.0,,good,TRUE
maticpo,MATIC (Wormhole),0x7c9f4c87d911613fe9ca58b579f737911aad2d43,True,,success,2022-02-28,2025-12-02,1370.0,,good,TRUE
maticx,Stader MaticX,0xf03a7eb46d01d9ecaa104558c732cf82f6b6b645,True,,success,2022-05-03,2025-12-03,1312.0,,good,TRUE
mato,Mato The Mouse,0xfc7ea2eb0e0ba0d1d1951ce0a12999f761cfdb98,True,22451310.0,success,2025-05-11,2025-12-02,197.0,,good,TRUE
matrix,MATRIX,0x362033a25b37603d4c99442501fa7b2852ddb435,True,21257465.0,success,2024-11-26,2025-12-01,366.0,,good,TRUE
matrix,Matrix Labs,0xc8d3dcb63c38607cb0c9d3f55e8ecce628a01c36,True,12799557.0,success,2021-09-11,2025-12-02,1406.0,,good,TRUE
matrix,Matrix.Win,0xf2fc894381792ded27a7f08d9f0f246363cbe1ea,True,21423914.0,success,2025-01-06,2025-12-02,329.0,,good,TRUE
matt,Matt Furie,0x790814cd782983fab4d7b92cf155187a865d9f18,True,20266693.0,success,2024-07-15,2025-12-02,507.0,,good,TRUE
mattstr,Matt Strategy,0xa37f4d2dc3d3c136b68fcf52be3afa09d4dfc38d,True,23593091.0,success,2025-10-17,2025-11-18,377.0,,good,TRUE
mav,Maverick Protocol,0x7448c7456a97769f6cd04f1e83a4a23ccdc46abd,True,17469732.0,success,2023-06-28,2025-12-02,890.0,,good,TRUE
mavia,Heroes of Mavia,0x24fcfc492c1393274b6bcd568ac9e225bec93584,True,18709570.0,success,2024-02-06,2025-12-02,667.0,,good,TRUE
max,Mastercard xStock,0xb365cd2588065f522d379ad19e903304f6b622c6,True,,success,2025-08-07,2025-12-02,119.0,,good,TRUE
max,Matr1x,0xb7109df1a93f8fe2b8162c6207c9b846c1c68090,True,20227097.0,success,2024-08-05,2025-12-02,486.0,,good,TRUE
max,MAX,0xe7976c4efc60d9f4c200cc1bcef1a1e3b02c73e7,True,6321893.0,success,2018-10-18,2025-12-02,2604.0,,good,TRUE
maxeth,Max on ETH,0x68ad75469db9181a1144e769c16adf47f2f32cae,True,20187601.0,success,2024-12-05,2025-12-02,364.0,,good,TRUE
maxi,Maxi Doge,0x9f8b00407e5095cf0af0fe9688384472293d1a19,True,23298298.0,success,2025-09-06,2025-12-02,1514.0,,good,TRUE
maxi,Maxi Doge,0xaf35c5c0a140baadc82f88f278893835d9c608c0,True,23584798.0,success,2025-10-15,2025-12-02,471.0,,good,TRUE
maxi,Maxi Doge,0xf245964bd0a73128e10c4f7c96d0664ea2e436d8,True,23639426.0,success,2025-10-23,2025-11-09,409.0,,good,TRUE
maxi,Maximize AI,0xf5174c9752c46208c30d0f1870b326c9a20c0679,True,22689323.0,success,2025-06-14,2025-12-02,173.0,,good,TRUE
maxi,Maximus DAO,0x0d86eb9f43c57f6ff3bc9e23d8f9d82503f0e84b,True,14593069.0,success,2022-06-09,2025-11-16,1020.0,,good,TRUE
mazi,MaziMatic,0x5b8650cd999b23cf39ab12e3213fbc8709c7f5cb,True,,success,2023-05-22,2025-12-05,752.0,,good,TRUE
mazze,Mazze,0x4a029f7bcf33acb03547d8fa7be840347973e24e,True,19307798.0,success,2024-03-12,2025-12-02,632.0,,good,TRUE
mbag,MoonBag,0xa7f4195f10f1a62b102bd683eab131d657a6c6e4,True,19768240.0,success,2024-10-12,2025-12-02,418.0,,good,TRUE
mbasis,Midas mBASIS,0x2a8c22e3b10036f3aef5875d04f8441d4188b656,True,,success,2024-10-27,2025-12-02,403.0,,good,TRUE
mbd,MBD Financials,0xaaf449bf8a33a32575c31ba8cbb90612dd95acfa,True,,success,2022-05-18,2025-12-02,1290.0,,good,TRUE
mberry,MicroBerry,0x334bd3375fe5bb8aa003e0e6ce880abada57ac89,True,21394422.0,success,2024-12-17,2025-11-15,180.0,,good,TRUE
mbg,MBG By Multibank Group,0x45e02bc2875a2914c4f585bbf92a6f28bc07cb70,True,22910622.0,success,2025-07-22,2025-12-02,135.0,,good,TRUE
mblk,Magical Blocks,0xf47245e9a3ba3dca8b004e34afc1290b1d435a52,True,18606734.0,success,2023-11-25,2025-12-02,740.0,,good,TRUE
mbtc,Babypie Wrapped BTC,0xbdf245957992bfbc62b07e344128a1eec7b7ee3f,True,,success,2024-10-17,2025-12-02,393.0,,good,TRUE
mbtc,Midas mBTC,0x007115416ab6c266329a03b09a8aa39ac2ef7d9d,True,,success,2024-12-18,2025-12-02,351.0,,good,TRUE
mbx,MetaBlox,0x144805be43c48ef85435c94e0da4cb4efb1ab4f3,True,18465747.0,success,2023-11-16,2025-12-01,562.0,,good,TRUE
mc,Merit Circle,0x949d48eca67b17269629c7194f4b727d4ef9e5d6,True,13468356.0,success,2021-11-03,2025-12-02,1491.0,,good,TRUE
mc.usd0,MEV Capital USD0 Morpho Vault,0xc0a14627d6a23f70c809777ced873238581c1032,True,20752151.0,success,2024-11-29,2025-12-02,370.0,,bad,UNKNOWN
mcb,MUX Protocol,0x4e352cf164e64adcbad318c3a1e222e9eba4ce42,True,,success,2020-07-13,2025-12-02,1970.0,,good,TRUE
mcdon,McDonald's (Ondo Tokenized Stock),0x4c82c8cd9a218612dce60b156b73a36705645e3b,True,,success,2025-09-02,2025-12-02,93.0,,good,TRUE
mcdx,McDonald's xStock,0x80a77a372c1e12accda84299492f404902e2da67,True,,success,2025-07-07,2025-12-02,150.0,,good,TRUE
mcf,MCFinance,0xe33ae4e795114279721047484e5ad5cc7df24fcb,True,12720813.0,success,2021-08-11,2025-11-15,1559.0,,good,TRUE
mchc,MCH Coin,0xd69f306549e9d96f183b1aeca30b8f4353c2ecc3,True,11220801.0,success,2021-05-11,2025-12-02,1668.0,,good,TRUE
mclip,MemeClip,0x0e6ce4dccd760b7c29a678d6fa779d83067d5cbc,True,23314157.0,success,2025-09-08,2025-10-07,405.0,,good,TRUE
mco2,Moss Carbon Credit,0xfc98e825a2264d890f9a1e68ed50e1526abccacd,True,10959498.0,success,2021-03-17,2025-12-02,1723.0,,good,TRUE
mcontent,MContent,0xd3c51de3e6dd9b53d7f37699afb3ee3bf9b9b3f4,True,14139318.0,success,2021-07-12,2025-12-02,1606.0,,good,TRUE
mct,MicroTuber,0x6876eba317272fe221c67405c5e8eb3b24535547,True,11598797.0,success,2021-05-15,2025-12-02,1549.0,,good,TRUE
mctp,MUMUBIT TOKEN,0x98509e66fbf5a68d18ebb01dc4a52ce020fc8d1f,True,20083050.0,success,2025-03-02,2025-12-02,277.0,,good,TRUE
mcweth,MEV Capital wETH,0x9a8bc3b04b7f3d87cfc09ba407dced575f2d61d8,True,20406925.0,success,2025-01-21,2025-12-02,317.0,,bad,UNKNOWN
md,Market Dominance,0x0a9e3dde12e4519c9d89df69bd738490c9466bf4,True,22747529.0,success,2024-10-26,2025-12-02,404.0,,good,TRUE
mdai,MindAI,0xb549116ac57b47c1b365a890e1d04fd547dfff97,True,19442653.0,success,2024-03-18,2025-12-02,625.0,,good,TRUE
mdex,MasterDEX,0xf0610eb7d8ee12d59412da32625d5e273e78ff0b,True,18268318.0,success,2025-01-27,2025-12-02,308.0,,good,TRUE
mdf,MatrixETF,0x1a57367c6194199e5d9aea1ce027431682dfb411,True,13249226.0,success,2021-09-24,2025-12-02,1528.0,,good,TRUE
mdi,Medicle,0x848896470d989f30503d8f883c331f63b73b66ea,True,17599886.0,success,2023-07-26,2025-12-02,861.0,,good,TRUE
mdt,Measurable Data,0x814e0908b12a99fecf5bc101bb5d0b8b5cdf7d26,True,4817502.0,success,2018-02-15,2025-12-02,2849.0,,good,TRUE
mdtx,Medtronic xStock,0x0588e851ec0418d660bee81230d6c678daf21d46,True,,success,2025-11-20,2025-12-02,170.0,,good,TRUE
mdx,Mandala Exchange,0x947aeb02304391f8fbe5b25d7d98d649b57b1788,True,11253997.0,success,2021-01-22,2025-11-12,1273.0,,good,TRUE
mean,Mean DAO,0x9b25889c493ae6df34ceef1ecb10d77c1ba73318,True,,success,2021-12-28,2025-12-02,1437.0,,good,TRUE
mecha,MechaOs,0xa6a8f8d8d8e7987c473b1e56a80ff3591a324f5a,True,23384523.0,success,2025-09-19,2025-12-02,1752.0,,good,TRUE
medge,Midas mEDGE,0xbb51e2a15a9158ebe2b0ceb8678511e063ab7a55,True,,success,2025-03-05,2025-12-02,274.0,,good,TRUE
media,Media Network,0xdb726152680ece3c9291f1016f1d36f3995f6941,True,11400702.0,success,2021-04-30,2025-12-02,1679.0,,good,TRUE
medusa,Medusa,0xe34ba9cbdf45c9d5dcc80e96424337365b6fe889,True,20969824.0,success,2024-11-13,2025-11-29,362.0,,good,TRUE
medxt,MEDXT,0x755d61b9acbc7fcc935e280291cd86cc1913af93,True,21413717.0,success,2025-08-06,2025-12-02,120.0,,good,TRUE
meeb,MEEB Vault (NFTX),0x641927e970222b10b2e8cdbc96b1b4f427316f16,True,,success,2021-07-13,2025-12-02,1382.0,,good,TRUE
meebstr,MeebitStrategy,0xc9b2c00f31b210fcea1242d91307a5b1e3b2be68,True,23398562.0,success,2025-09-22,2025-12-02,1627.0,,good,TRUE
meed,Meeds DAO,0x8503a7b00b4b52692cc6c14e5b96f142e30547b7,True,13543052.0,success,2022-03-14,2025-11-23,1315.0,,good,TRUE
mega,Make ETH Great Again,0xc06bf3589345a81f0c2845e4db76bdb64bbbbc9d,True,19522373.0,success,2024-05-30,2025-12-02,550.0,,good,TRUE
megadeath,MEGADEATH (PEPE),0x6c3d78e55fc939da4ca94760f6b27c3425a7a865,True,18604004.0,success,2024-05-23,2025-11-17,367.0,,good,TRUE
meh,Meh,0x1f38d22f4ec3479c8268c85476b9418716bdb115,True,21127359.0,success,2024-11-07,2025-11-20,235.0,,good,TRUE
meld,MELD,0x333000333b26ee30214b4af6419d9ab07a450400,True,17129918.0,success,2023-05-08,2025-11-29,857.0,,good,TRUE
melion,MercadoLibre (Ondo Tokenized Stock),0x2816169a49953c548bfeb3948dcf05c4a0e4657d,True,,success,2025-09-02,2025-12-02,79.0,,good,TRUE
mellow,Mellow Man,0x6942040b6d25d6207e98f8e26c6101755d67ac89,True,20218563.0,success,2024-08-19,2025-12-01,471.0,,good,TRUE
melo,Melo,0x0da2082905583cedfffd4847879d0f1cf3d25c36,True,20853079.0,success,2024-09-30,2025-11-28,415.0,,good,TRUE
melon,MELON,0x37dba54fdc402aff647ce06c66972f5d662c326d,True,18093305.0,success,2023-09-13,2025-11-28,595.0,,good,TRUE
melos,Melos Studio,0x1afb69dbc9f54d08dab1bd3436f8da1af819e647,True,14254125.0,success,2022-03-17,2025-11-17,1300.0,,good,TRUE
mem,Memecoin,0x42dbbd5ae373fea2fc320f62d44c058522bb3758,True,12607792.0,success,2021-06-16,2025-12-02,1453.0,,good,TRUE
memd,MemeDAO,0x7a786dac1f315c8a0e9962172ad8ae0c04d9c9b6,True,17287280.0,success,2023-05-21,2025-11-28,800.0,,good,TRUE
meme,Memecoin,0xb131f4a55907b10d1f0a50d8ab8fa09ec342cd74,True,18429439.0,success,2023-11-03,2025-12-02,762.0,,good,TRUE
memeai,Meme AI Coin,0x695d38eb4e57e0f137e36df7c1f0f2635981246b,True,18957493.0,success,2024-01-08,2025-12-02,692.0,,good,TRUE
memecoin,just memecoin,0x108f9fe948e7f07a42bf8957de773f5d2c97a00d,True,22997811.0,success,2025-07-27,2025-12-02,88.0,,good,TRUE
memeless,Lack Of Memes,0xacc5f95ead9874c21b6e83f4c051045a133e1b94,True,23302588.0,success,2025-09-06,2025-10-06,251.0,,good,TRUE
memerica,United States of Memerica,0xad0b2fcd6314e9cf8c0873d5129dde3ead1dcc65,True,23342696.0,success,2025-09-23,2025-12-03,1159.0,,good,TRUE
memes,Memes Street,0x19af07b52e5faa0c2b1e11721c52aa23172fe2f5,True,18747903.0,success,2023-12-13,2025-12-02,686.0,,good,TRUE
memex,Meme Index,0xb214b79eac9378a56d14d6e6d452150c80d6ad79,True,21277656.0,success,2025-04-08,2025-12-02,240.0,,good,TRUE
meow,Meow Meow Coin,0x77be1ba1cd2d7a63bffc772d361168cc327dd8bc,True,19119958.0,success,2024-02-07,2025-12-02,628.0,,good,TRUE
meow,Meow Meme,0xd561a593d9dd8b9a0e3a487dfb517c9371d6dda7,True,19419842.0,success,2024-03-16,2025-11-28,265.0,,good,TRUE
meow,Schrodinger,0x74d2d73b455540b037298c0e0925bc702aedbe4a,True,18444666.0,success,2021-11-01,2025-12-03,1122.0,,good,TRUE
meow,MEOW,0x0ec78ed49c2d27b315d462d43b5bab94d2c79bf8,True,,success,2021-12-13,2025-12-03,1445.0,,good,TRUE
merc,Liquid Mercury,0x6ee2f71049dde9a93b7c0ee1091b72acf9b46810,True,20489169.0,success,2023-03-04,2025-12-02,971.0,,good,TRUE
merl,Merlin Chain,0xa0c56a8c0692bd10b3fa8f8ba79cf5332b7107f9,True,,success,2024-04-19,2025-12-02,594.0,,good,TRUE
met,Met.AI,0x858b4d5df158fdf4b6dcd4b080841b27030178d5,True,23024256.0,success,2025-08-01,2025-11-13,54.0,,good,TRUE
met,Metronome,0x2ebd53d035150f328bd754d6dc66b99b0edb89aa,True,15398777.0,success,2018-06-28,2025-12-02,2702.0,,good,TRUE
meta,Metadium,0xde2f7766c8bf14ca67193128535e5c7454f8387c,True,6190508.0,success,2018-10-10,2025-12-02,2612.0,,good,TRUE
metadoge,Meta Doge,0x8530b66ca3ddf50e0447eae8ad7ea7d5e62762ed,True,13514302.0,success,2021-11-01,2025-12-02,1419.0,,good,TRUE
metal,Metal Blockchain,0x294559fa758c88d639fd085751e463fee7806eab,True,15439844.0,success,2022-09-09,2025-12-02,1182.0,,good,TRUE
metano,Metano,0x9d9e399e5385e2b9a58d4f775a1e16441b571afb,True,15504030.0,success,2022-11-12,2025-11-23,1004.0,,good,TRUE
metaon,Meta Platforms (Ondo Tokenized Stock),0x59644165402b611b350645555b50afb581c71eb2,True,,success,2025-09-02,2025-12-02,93.0,,good,TRUE
metax,Meta xStock,0x96702be57cd9777f835117a809c7124fe4ec989a,True,,success,2025-07-01,2025-12-02,156.0,,good,TRUE
meth,ETHERBUTTS,0x6969f1feea99e11e75779d96539b4b644ec27557,True,22790295.0,success,2025-06-28,2025-11-18,70.0,,good,TRUE
meth,Mantle Staked Ether,0xd5f7838f5c461feff7fe49ea5ebaf7728bb0adfa,True,,success,2023-12-08,2025-12-02,727.0,,good,TRUE
metis,Metis,0x9e32b13ce7f2e80a01932b42553652e053d6ed8e,True,11434969.0,success,2021-05-18,2025-12-02,1661.0,,good,TRUE
mev,MEVerse,0xb3cb8d5aeff0f4d1f432f353309f47b885e404e3,True,14029324.0,success,2022-03-25,2025-12-02,1350.0,,good,TRUE
mf-one,Midas mF-ONE,0x238a700ed6165261cf8b2e544ba797bc11e466ba,True,,success,2025-07-21,2025-12-02,136.0,,bad,UNKNOWN
mfers,MFERS,0xad913dcd987fe54ce823e4b755f90598cd62bb15,True,19391808.0,success,2024-03-14,2025-11-23,496.0,,good,TRUE
mfest,Manyufest,0x9df9b5a26a5b62a2090cd0ebc6df626e0d4ead09,True,23463336.0,success,2025-10-15,2025-12-02,1162.0,,good,TRUE
mfg,Smart MFG,0x6710c63432a2de02954fc0f851db07146a6c0312,True,5126316.0,success,2018-04-20,2025-12-03,2613.0,,good,TRUE
mfi,Marginswap,0xaa4e3edb11afa93c41db59842b29de64b72e355b,True,11776907.0,success,2021-02-08,2025-12-02,1719.0,,good,TRUE
mft,Mainframe,0xdf2c7238198ad8b389666574f2d8bc411a4b7428,True,5904665.0,success,2018-07-05,2025-12-02,2637.0,,good,TRUE
mgls,Meme Moguls,0xda251891e21e6edb0e6828e77621c7b98ea4e8ba,True,18496757.0,success,2024-03-13,2025-12-02,595.0,,good,TRUE
mgr,Magmar,0xbca23cc4b274a0e7e6f64dbc7e739cf5aaa6a3e1,True,22825919.0,success,2025-07-04,2025-11-27,89.0,,good,TRUE
mhrd,MacroHard,0x10ee9f68ee4e4d311e854ae14c53f5b25a917f85,True,23067292.0,success,2025-08-14,2025-12-02,112.0,,good,TRUE
mhyper,Midas mHYPER,0x9b5528528656dbc094765e2abb79f293c21191b9,True,,success,2025-09-12,2025-12-02,1962.0,,good,TRUE
mic,Magic Internet Cash,0x285db79fa7e0e89e822786f48a7c98c6c1dc1c7d,True,17487520.0,success,2023-08-24,2025-12-02,796.0,,good,TRUE
mickey,Steamboat Willie,0x9609b540e5dedddb147abbf9812ade06b1e61b2c,True,18894215.0,success,2024-02-19,2025-12-03,653.0,,good,TRUE
midas,Midas of DeFi,0x5accb2e5c22d84bc2e34decd9b769a0c46b0deba,True,22124850.0,success,2025-04-25,2025-12-02,200.0,,good,TRUE
miharu,Smiling Dolphin,0x5981e98440e41fa993b26912b080922b8ed023c3,True,20860116.0,success,2024-10-13,2025-11-29,390.0,,good,TRUE
miko,MemeCoinGirl,0x4e09ac09eb332f4dd167b8bfb90c7f247f7350ac,True,21010556.0,success,2024-11-09,2025-11-23,305.0,,good,TRUE
milady,Milady Vault (NFTX),0x227c7df69d3ed1ae7574a1a7685fded90292eb48,True,,success,2022-07-25,2025-12-02,1222.0,,good,TRUE
milei,MILEI Token,0x1a11ea9d61588d756d9f1014c3cf0d226aedd279,True,18408376.0,success,2024-01-21,2025-12-01,647.0,,good,TRUE
milk,Illumicati,0xf538296e7dd856af7044deec949489e2f25705bc,True,18513639.0,success,2023-11-10,2025-12-02,735.0,,good,TRUE
milk2,Spaceswap MILK2,0x80c8c3dcfb854f9542567c8dac3f44d709ebc1de,True,10924520.0,success,2020-10-12,2025-12-02,1805.0,,good,TRUE
milo,Milo Token,0x8b8f9419ed9fd8c168128bf05c5d5fe7b17fe11d,True,20828227.0,success,2024-10-19,2025-11-12,279.0,,good,TRUE
mim,Magic Internet Money (Ethereum),0x99d8a9c45b2eca8864373a26d1459e3dff1e17f3,True,12505975.0,success,2021-07-01,2025-12-02,1617.0,,good,TRUE
mind,Eternal AI,0x60927b83ddd2096f38f22a8a2d84cf863402d1a1,True,18669663.0,success,2023-12-02,2025-11-24,554.0,,good,TRUE
mind,Mind of Pepe,0xefc814a4c676a7314a13954e283de6cef597e6b2,True,21599426.0,success,2025-06-04,2025-12-02,183.0,,good,TRUE
mind,Morpheus Infrastructure Node,0xc9eb61ffb66d5815d643bbb8195e17c49687ae1e,True,17891203.0,success,2018-05-06,2025-12-02,2769.0,,good,TRUE
mindfak,Mindfak By Matt Furie,0x78cbec65c55f143a9178b63243119806a659d2ef,True,22912826.0,success,2025-08-01,2025-12-02,125.0,,good,TRUE
minds,Minds,0xb26631c6dda06ad89b93c71400d25692de89c068,True,6068715.0,success,2020-05-27,2025-12-02,1710.0,,good,TRUE
mint,Public Mint,0x0cdf9acd87e940837ff21bb40c9fd55f68bba059,True,11909252.0,success,2021-02-26,2025-11-28,1569.0,,good,TRUE
miprami,Mi Prami Le Kibro,0x6f49ee65d1f7953b8724c0c15e22ad189fecd579,True,22156355.0,success,2025-04-10,2025-12-02,236.0,,good,TRUE
mir,Mirror Protocol,0x09a3ecafa817268f77be1283176b946c4ff2e608,True,11345242.0,success,2020-12-04,2025-12-02,1826.0,,good,TRUE
mira,Chains of War,0xf5207ac91c9e7ec7ebb03e93cbcbcad10878ac79,True,,success,2023-02-16,2025-11-23,977.0,,good,TRUE
mirai,MIRAI,0x42c83a91b3a79de5488cd9280a4df564e13a79ee,True,20528976.0,success,2024-08-16,2025-12-02,475.0,,good,TRUE
mirai,Mirai The WhiteRabbit,0x81987681443c156f881b70875724cc78b08ada26,True,22596237.0,success,2025-06-01,2025-12-02,180.0,,good,TRUE
mirx,Mirada AI,0xec12e2d7acd850fe3953d1dbf860f523914654a7,True,19961479.0,success,2024-09-16,2025-11-20,364.0,,good,TRUE
mis,Mithril Share,0x024b6e7dc26f4d5579bdd936f8d7bc31f2339999,True,12066692.0,success,2020-12-30,2025-12-02,1792.0,,good,TRUE
misha,MISHA,0x0ccae1bc46fb018dd396ed4c45565d4cb9d41098,True,20782482.0,success,2024-09-29,2025-12-02,409.0,,good,TRUE
mist,Alchemist,0x88acdd2a6425c3faae4bc9650fd7e27e0bebb7ab,True,11804891.0,success,2021-04-05,2025-12-02,1692.0,,good,TRUE
mix,MixMarvel,0x5d285f735998f36631f678ff41fb56a10a4d0429,True,7585581.0,success,2019-05-10,2025-12-02,2400.0,,good,TRUE
mk,Meme Kombat,0x9fdfb933ee990955d3219d4f892fd1f786b47c9b,True,18373463.0,success,2024-03-06,2025-12-02,638.0,,good,TRUE
mk,Memelinked,0xca76bf98b6e44df7360da8650e701f6d9d94bb58,True,21617605.0,success,2025-01-29,2025-12-02,309.0,,good,TRUE
mkr,Maker,0x9f8f72aa9304c8b593d555f12ef6589cc3a579a2,True,4620855.0,success,2017-12-20,2025-12-02,2906.0,,good,TRUE
mkusd,Prisma mkUSD,0x4591dbff62656e7859afe5e45f6f47d3669fbb28,True,18029823.0,success,2023-09-01,2025-12-03,825.0,,good,TRUE
ml,Mintlayer,0x059956483753947536204e89bfad909e1a434cc6,True,16874225.0,success,2023-03-25,2025-12-02,985.0,,good,TRUE
mldstr,MiladyStrategy,0xa67ff247d595301cbd04fcf06a497a12cfc3b263,True,23371491.0,success,2025-09-16,2025-10-03,151.0,,good,TRUE
mlh,Moolahverse,0xdf87270e04bc5ac140e93571d0dd0c6f4a058b41,True,18768130.0,success,2023-12-18,2025-12-02,635.0,,good,TRUE
mln,Enzyme,0xec67005c4e498ec7f55e092bd1d35cbc47c91892,True,7130380.0,success,2017-02-22,2025-12-02,3206.0,,good,TRUE
mlt,Media Licensing Token,0x9506d37f70eb4c3d79c398d326c871abbf10521d,True,12433294.0,success,2021-05-20,2025-12-02,1659.0,,good,TRUE
mm,Million,0x6b4c7a5e3f0b99fcd83e9c089bddd6c7fce5c611,True,12694701.0,success,2021-07-04,2025-12-02,1614.0,,good,TRUE
mma,Meme Alliance,0x9b3a8159e119eb09822115ae08ee1526849e1116,True,18613813.0,success,2023-12-19,2025-12-02,716.0,,good,TRUE
mmev,Midas mMEV,0x030b69280892c888670edcdcd8b69fd8026a0bf3,True,,success,2025-03-05,2025-12-02,274.0,,good,TRUE
mmon,MULTIVERSE MONKEY,0x5bc93bab1291885a76644a49f52050cf73e1dca8,True,21828696.0,success,2025-07-31,2025-12-02,126.0,,good,TRUE
mmtr,Memeinator,0xb8a4350edafd7af34164dd5870e49e28393ff3ec,True,18191231.0,success,2024-05-31,2025-12-01,511.0,,good,TRUE
mmx,MMX,0x614da3b37b6f66f7ce69b4bbbcf9a55ce6168707,True,18120892.0,success,2023-11-24,2025-12-02,741.0,,good,TRUE
mnd,Mind,0xa0dd6dd7775e93eb842db0aa142c9c581031ed3b,True,18741177.0,success,2023-12-12,2025-12-02,722.0,,good,TRUE
mnee,MNEE USD Stablecoin,0x8ccedbae4916b79da7f3f612efb2eb93a2bfd6cf,True,,success,2024-07-31,2025-12-02,487.0,,good,TRUE
mnft,Mongol NFT,0x3235b13708f178af6f110de7177ed5de10c1093d,True,13577176.0,success,2022-02-18,2025-11-21,1132.0,,good,TRUE
mnry,Moonray,0x06904a21f2db805487fcbdc3b3fe9607daaa5d54,True,15058110.0,success,2024-12-18,2025-12-02,351.0,,good,TRUE
mnt,Mantle,0x3c3a81e81dc49a522a592e7622a7e711c06bf354,True,,success,2023-07-17,2025-12-02,871.0,,good,TRUE
mnt,Mynth,0x26d3c0d9f4cc4c130097b6afdebe4f5e497e6bdf,True,,success,2024-10-04,2025-12-02,420.0,,good,TRUE
mntl,AssetMantle,0x2c4f1df9c7de0c59778936c9b145ff56813f3295,True,15174356.0,success,2022-04-29,2025-11-18,1285.0,,good,TRUE
mnto,Minato,0x97a9bac06f90940bce9caec2b880ff17707519e4,True,14305813.0,success,2022-03-28,2025-12-02,1205.0,,good,TRUE
mntx,Minutes Network Token,0x5c697fee285b513711a816018dbb34dc0cfc4875,True,,success,2025-04-15,2025-12-02,233.0,,good,TRUE
mnw,Morpheus Network,0xd3e4ba569045546d09cf021ecc5dfe42b1d7f6e4,True,12785843.0,success,2018-05-24,2025-12-02,2751.0,,good,TRUE
moaner,Moaner by Matt Furie,0xb8c35e66b4faafdccace27e8b5062f45cb381e31,True,22526491.0,success,2025-08-17,2025-11-30,107.0,,good,TRUE
moaner,Moaner Melter Slime,0x74023ba6cb9e085eb563e55243c2fa858b6900b9,True,22502163.0,success,2025-08-17,2025-12-02,109.0,,good,TRUE
moby,Moby,0x40a7df3df8b56147b781353d379cb960120211d7,True,19131091.0,success,2024-02-11,2025-12-02,662.0,,good,TRUE
moc,Mossland,0x8bbfe65e31b348cd823c62e02ad8c19a84dd0dab,True,23067216.0,success,2018-07-13,2025-12-02,2701.0,,good,TRUE
moca,Moca Network,0xf944e35f95e819e752f3ccb5faf40957d311e8c5,True,19729887.0,success,2024-07-11,2025-12-02,511.0,,good,TRUE
moca,Museum of Crypto Art,0x9ac07635ddbde5db18648c360defb00f5f22537e,True,12510464.0,success,2021-05-27,2025-12-02,1652.0,,good,TRUE
mod,Modefi,0xea1ea0972fa092dd463f2968f9bb51cc4c981d71,True,11859604.0,success,2021-02-17,2025-11-23,1655.0,,good,TRUE
mode,Mode,0x084382d1cc4f4dfd1769b1cc1ac2a9b1f8365e90,True,20188079.0,success,2024-05-07,2025-12-02,576.0,,good,TRUE
modex,Modex,0x4bcea5e4d0f6ed53cf45e7a28febb2d3621d7438,True,6551559.0,success,2019-02-28,2025-12-02,2252.0,,good,TRUE
module,Module,0xb01b6a7ef8560017aa59a990e39f26b8df29f80f,True,22397628.0,success,2025-05-03,2025-11-17,108.0,,good,TRUE
moe,MOE,0xcba78d126f0b1feda0c538bcaf4c852a7a171099,True,17254911.0,success,2023-08-03,2025-11-25,735.0,,good,TRUE
moe,Moe,0x7d3b4f8d5dd14a0c263c4bee7be434c15e188d3e,True,18378936.0,success,2023-11-02,2025-11-24,454.0,,good,TRUE
mog,Mog Coin,0xaaee1a9723aadb7afa2810263653a34ba2c21c7a,True,17731591.0,success,2023-07-21,2025-12-02,867.0,,good,TRUE
moge,Moge,0x433f62964edd67d7349088fe44544f822f863a6c,True,20079102.0,success,2024-06-15,2025-12-02,536.0,,good,TRUE
mogu,Mogutou,0x3256cade5f8cb1256ac2bd1e2d854dec6d667bdf,True,20114237.0,success,2024-06-26,2025-11-27,385.0,,good,TRUE
mojo,Mojo,0x07ddacf367f0d40bd68b4b80b4709a37bdc9f847,True,20236284.0,success,2024-07-10,2025-11-28,480.0,,good,TRUE
mojo,Planet Mojo,0xed2d13a70acbd61074fc56bd0d0845e35f793e5e,True,19361910.0,success,2024-04-12,2025-12-03,599.0,,good,TRUE
mollars,MollarsToken,0x385d65ed9241e415cfc689c3e0bcf5ab2f0505c2,True,19909484.0,success,2024-06-04,2025-12-02,540.0,,good,TRUE
molly,Molly,0xbdbe9f26918918bd3f43a0219d54e5fda9ce1bb3,True,20226878.0,success,2024-07-16,2025-11-23,467.0,,good,TRUE
molten,Molten,0x66e535e8d2ebf13f49f3d49e5c50395a97c137b1,True,19315554.0,success,2024-04-03,2025-12-02,610.0,,good,TRUE
moma,Mochi Market,0xbd1848e1491d4308ad18287a745dd4db2a4bd55b,True,12281716.0,success,2021-04-25,2025-11-25,1562.0,,good,TRUE
momo v2,Momo v2,0x08d0222a206d1aee59a9b66969c04fd1e8a0f864,True,17964071.0,success,2023-08-30,2025-11-20,505.0,,good,TRUE
mon,MON Protocol,0xc555d625828c4527d477e595ff1dd5801b4a600e,True,,success,2024-05-27,2025-12-02,556.0,,good,TRUE
mona,Monavale,0x275f5ad03be0fa221b4c6649b8aee09a42d9412a,True,11343865.0,success,2020-12-06,2025-12-02,1824.0,,good,TRUE
monai,Monai,0x8c282c35b5e1088bb208991c151182a782637699,True,19309418.0,success,2024-03-03,2025-11-25,634.0,,good,TRUE
mong,MongCoin,0x1ce270557c1f68cfb577b856766310bf8b47fd9c,True,17105471.0,success,2023-05-02,2025-12-02,947.0,,good,TRUE
mongoose,Mongoose,0xa1817b6d8d890f3943b61648992730373b71f156,True,13767047.0,success,2021-12-12,2025-12-02,1321.0,,good,TRUE
monkas,Monkas,0xdc7ac5d5d4a9c3b5d8f3183058a92776dc12f4f3,True,19876382.0,success,2024-05-24,2025-12-02,557.0,,good,TRUE
monke,Monke,0x18cc2ba8995c6307e355726244adb023cf00522f,True,17190368.0,success,2023-05-09,2025-11-29,807.0,,good,TRUE
monke,MONKE,0x22fb1d972e2d37f5e8ff6ff3655aa225e3485de1,True,22933686.0,success,2025-07-18,2025-12-01,126.0,,good,TRUE
monke,Monke,0xc8168d5665f4418353728ac970713e09c0b7c20e,True,18731309.0,success,2023-12-08,2025-12-02,725.0,,good,TRUE
monke,Monke Coin,0xb624960aaad05d433075a5c9e760adec26036934,True,19752522.0,success,2024-05-12,2025-11-16,406.0,,good,TRUE
monkeys,Monkeys,0xf2a22b900dde3ba18ec2aef67d4c8c1a0dab6aac,True,16930854.0,success,2023-04-14,2025-11-24,909.0,,good,TRUE
monkeys,Monkeys Token,0x9ce07410673206c693bcec9b07710767637a564c,True,18215532.0,success,2023-04-12,2025-12-02,858.0,,good,TRUE
mononoke,Mononoke Inu,0x35889b9e7bb4d2890eb346ac243297a1b05f87ce,True,23228988.0,success,2025-08-31,2025-11-28,77.0,,good,TRUE
mononoke-inu,Mononoke Inu,0x4da08a1bff50be96bded5c7019227164b49c2bfc,True,13315835.0,success,2021-10-04,2025-12-02,1500.0,,good,TRUE
monopoly,Meta Monopoly,0x7d4a7be025652995364e0e232063abd9e8d65e6e,True,14190174.0,success,2024-08-01,2025-12-02,467.0,,good,TRUE
moobifi,Staked BIFI,0xbeef8e0982874e0292e6c5751c5a4092b3e1beef,True,18393938.0,success,2023-11-13,2025-12-03,753.0,,good,UNKNOWN
moocow,Moo Cow,0x67d9c7daecc5b87c3e68ac89f33ee924fac88c05,True,22342825.0,success,2025-04-27,2025-12-02,221.0,,good,TRUE
mood,MOOD AI,0xed61755893418c11a0e1c3137147f93b956cb5c4,True,22516236.0,success,2025-05-21,2025-11-22,131.0,,good,TRUE
moodeng,MOO DENG,0x28561b8a2360f463011c16b6cc0b0cbef8dbbcad,True,20758305.0,success,2024-09-25,2025-12-02,435.0,,good,TRUE
moon,Black Unicorn Corp.,0xb6c0189080a6441caf056b856dd4d795b909c460,True,21393648.0,success,2024-12-18,2025-12-02,340.0,,good,TRUE
moon,r/CryptoCurrency Moons,0xb2490e357980ce57bf5745e181e537a64eb367b1,True,,success,2020-10-22,2025-12-02,1866.0,,good,TRUE
mooncat,MOONCAT Vault (NFTX),0x98968f0747e0a261532cacc0be296375f5c08398,True,,success,2021-07-13,2025-11-30,1122.0,,good,TRUE
mooney,Moon DAO,0x20d4db1946859e2adb0e5acc2eac58047ad41395,True,13826037.0,success,2022-01-23,2025-12-02,1411.0,,good,TRUE
moov,dotmoovs,0x4116f14b6d462b32a1c10f98049e4b1765e34fa9,True,19617720.0,success,2021-05-25,2025-12-02,1654.0,,good,TRUE
mops,Mops,0x602f65bb8b8098ad804e99db6760fd36208cd967,True,15329456.0,success,2022-08-19,2025-12-02,1076.0,,good,TRUE
mor,Morpheus AI,0xcbb8f1bda10b9696c57e13bc128fe674769dcec0,True,19959483.0,success,2024-05-20,2025-12-02,563.0,,good,TRUE
moros,MOROS NET,0xab85fc558d722a2b7c040ffb77db676bd9e7d322,True,18592372.0,success,2023-11-24,2025-11-30,736.0,,good,TRUE
morph,Morpheus,0x4687f007da484efe20d7a17e5b1d105cdbfca0eb,True,21065598.0,success,2024-11-12,2025-12-02,387.0,,good,TRUE
morphai,Morph AI,0x683989afc948477fd38567f8327f501562c955ac,True,,success,2024-12-08,2025-12-02,361.0,,good,TRUE
morpho,Morpho,0x58d97b57bb95320f9a05dc918aef65434969c2b2,True,,success,2024-11-20,2025-12-02,379.0,,good,TRUE
morti,Morti,0x6969e5cfe7578ac5f06d313c1a25578927a5bbc9,True,20865409.0,success,2024-10-02,2025-11-27,341.0,,good,TRUE
move,Movement,0x3073f7aaa4db83f95e9fff17424f71d4751a3073,True,,success,2024-12-09,2025-12-02,360.0,,good,TRUE
mpdao,Meta Pool DAO,0x798bcb35d2d48c8ce7ef8171860b8d53a98b361d,True,19585586.0,success,2022-03-12,2025-12-02,1335.0,,good,TRUE
mpendle,mPendle,0x83e817e1574e2201a005ec0f7e700ed5606f555e,True,17406737.0,success,2024-01-02,2025-12-02,702.0,,good,UNKNOWN
mph,88mph,0x8888801af4d980682e47f1a9036e589479e835c5,True,11289991.0,success,2020-11-20,2025-12-02,1840.0,,good,TRUE
mph,Morpher,0x6369c3dadfc00054a42ba8b2c09c48131dd4aa38,True,10199047.0,success,2020-09-28,2025-12-02,1890.0,,good,TRUE
mpl,Maple,0x33349b282065b0284d756f0577fb39c158f935e6,True,12274249.0,success,2021-04-30,2025-12-02,1679.0,,good,TRUE
mpra,Maya Preferred PRA,0xec1227bfb3e76d7a2a9bca24d9e98f68de8bf808,True,21857140.0,success,2019-04-06,2025-12-02,1940.0,,good,FALSE
mpro,Metapro,0xd88611a629265c9af294ffdd2e7fa4546612273e,True,19673300.0,success,2024-04-18,2025-12-02,595.0,,good,TRUE
mps,Mt Pelerin Shares,0x96c645d3d3706f793ef52c19bbace441900ed47d,True,6523903.0,success,2020-05-24,2025-12-02,1900.0,,good,TRUE
mpwr,Empower,0x6731827cb6879a2091ce3ab3423f7bf20539b579,True,14710723.0,success,2022-11-01,2025-11-30,906.0,,good,TRUE
mrchr,MerchMinter,0x94a21565c923d2f75b3fcef158960a8b7e6ed07d,True,22276434.0,success,2025-04-23,2025-12-02,225.0,,good,TRUE
mre7btc,Midas mRe7BTC,0x9fb442d6b612a6dcd2acc67bb53771ef1d9f661a,True,,success,2025-11-03,2025-12-02,719.0,,good,TRUE
mre7yield,Midas mRe7YIELD,0x87c9053c819bb28e0d73d33059e1b3da80afb0cf,True,,success,2025-03-05,2025-12-02,274.0,,good,TRUE
mring,MagicRing,0xd59d7d2e955533fcd21641da8a70eae9624a3c49,True,19601457.0,success,2024-04-10,2025-11-27,547.0,,good,TRUE
mrkx,Merck xStock,0x17d8186ed8f68059124190d147174d0f6697dc40,True,,success,2025-11-20,2025-12-02,178.0,,good,TRUE
mrvlon,Marvell Technology (Ondo Tokenized Stock),0xf404e5f887dbd5508e16a1198fcdd5de1a4296b8,True,,success,2025-09-02,2025-12-02,85.0,,good,TRUE
mrvlx,Marvell xStock,0xeaad46f4146ded5a47b55aa7f6c48c191deaec88,True,,success,2025-11-20,2025-12-02,173.0,,good,TRUE
mseth,Metronome Synth ETH,0x64351fc9810adad17a690e4e1717df5e7e085160,True,,success,2025-07-20,2025-12-02,137.0,,good,TRUE
msfton,Microsoft (Ondo Tokenized Stock),0xb812837b81a3a6b81d7cd74cfb19a7f2784555e5,True,,success,2025-09-02,2025-12-02,93.0,,good,TRUE
msftx,Microsoft xStock,0x5621737f42dae558b81269fcb9e9e70c19aa6b35,True,,success,2025-09-29,2025-12-02,1510.0,,good,TRUE
msi,Martin Shkreli Inu,0xc4c75f2a0cb1a9acc33929512dc9733ea1fd6fde,True,14819467.0,success,2022-07-12,2025-11-23,792.0,,good,TRUE
msia,Messiah,0x4b6d60361faebf0cfe06c442cd0eb151bc261a7a,True,23040321.0,success,2025-08-05,2025-12-02,121.0,,good,TRUE
msn,Meson Network,0xaa247c0d81b83812e1abf8bab078e4540d87e3fb,True,19424485.0,success,2024-04-29,2025-12-02,584.0,,good,TRUE
msteth,Eigenpie mstETH,0x49446a0874197839d15395b908328a74ccc96bc0,True,,success,2024-04-19,2025-11-29,454.0,,good,TRUE
mstr,MSTR2100,0x42069026eac8eee0fd9b5f7adfa4f6e6d69a2b39,True,20918322.0,success,2024-10-09,2025-12-02,421.0,,good,TRUE
mstron,MicroStrategy (Ondo Tokenized Stock),0xcabd955322dfbf94c084929ac5e9eca3feb5556f,True,,success,2025-09-02,2025-12-02,93.0,,good,TRUE
mstrx,MicroStrategy xStock,0xae2f842ef90c0d5213259ab82639d5bbf649b08e,True,,success,2025-06-30,2025-12-02,157.0,,good,TRUE
msusd,Metronome Synth USD,0xab5eb14c09d416f0ac63661e57edb7aecdb9befa,True,,success,2025-07-20,2025-12-02,137.0,,good,TRUE
msyrupusdp,Midas msyrupUSDp,0x2fe058ccf29f123f9dd2aec0418aa66a877d8e50,True,,success,2025-09-18,2025-12-02,1814.0,,bad,UNKNOWN
mta,mStable Governance: Meta,0xa3bed4e1c75d00fa6f4e5e6922db7261b5e9acd2,True,10450640.0,success,2020-07-18,2025-12-02,1965.0,,good,TRUE
mtbill,Midas mTBILL,0xdd629e5241cbc5919847783e6c96b2de4754e438,True,,success,2024-10-27,2025-12-02,397.0,,good,TRUE
mtd,Minted,0x809e130e10e787139c54e1d12d3d1971b7a675bf,True,15349349.0,success,2022-08-17,2025-12-02,1205.0,,good,TRUE
mth,Monetha,0xaf4dce16da2877f8c9e00544c93b62ac40631f16,True,4221011.0,success,2017-11-10,2025-12-02,2914.0,,good,TRUE
mtlx,Mettalex,0x2e1e15c44ffe4df6a0cb7371cd00d5028e571d14,True,10821077.0,success,2020-10-07,2025-12-02,1884.0,,good,TRUE
mto,Merchant,0xe66b3aa360bb78468c00bebe163630269db3324f,True,12142984.0,success,2021-07-19,2025-12-02,1580.0,,good,TRUE
mtrm,Materium,0xcd17fa52528f37facb3028688e62ec82d9417581,True,13781351.0,success,2022-03-27,2025-12-02,1318.0,,good,TRUE
mtv,MultiVAC,0x6226e00bcac68b0fe55583b90a1d727c14fab77f,True,11081588.0,success,2019-04-11,2025-12-02,2429.0,,good,TRUE
mtx,EchoMetrix,0xa1ecd506d5b178d7220fe175013ffa43ccad9610,True,22803182.0,success,2025-07-02,2025-09-19,37.0,,good,TRUE
mu,Mu-Chan,0xb6d369faf21cda1b281013ea83badf6bb26b884d,True,22538867.0,success,2025-05-29,2025-12-02,188.0,,good,TRUE
mubi,Multibit,0x38e382f74dfb84608f3c1f10187f6bef5951de93,True,18519598.0,success,2023-11-20,2025-12-02,745.0,,good,TRUE
muffin,Muffin,0x68aae81b4241ffe03d3552d42a69940604fe28bf,True,19592165.0,success,2024-04-15,2025-12-02,436.0,,good,TRUE
mugi,Mugi,0x04c293144acc45a19da9c2817c08d1352e5be70e,True,20772604.0,success,2024-09-19,2025-11-28,369.0,,good,TRUE
multi,Multichain,0x65ef703f5594d2573eb71aaf55bc0cb548492df4,True,13808674.0,success,2022-01-04,2025-12-02,1430.0,,good,TRUE
mumu,Mumu,0x2f573070e6090b3264fe707e2c9f201716f123c7,True,17067789.0,success,2023-04-21,2025-12-02,958.0,,good,TRUE
munky,Munky,0x6992e2f8e29139cc16683228a4a4ca602e49e048,True,22925713.0,success,2025-07-21,2025-10-25,41.0,,good,TRUE
muon,Micron Technology (Ondo Tokenized Stock),0x050362ab1072cb2ce74d74770e22a3203ad04ee5,True,,success,2025-09-02,2025-12-02,93.0,,good,TRUE
muratiai,MuratiAI,0x69c2fcae7e30b429166bd616a322e32bec036bcf,True,17571508.0,success,2023-05-19,2025-12-02,910.0,,good,TRUE
musd,MetaMask USD,0xaca92e438df0b2401ff60da7e4337b687a2435da,True,,success,2025-09-03,2025-12-02,2165.0,,good,TRUE
musd,Mezo USD,0xdd468a1ddc392dcdbef6db6e34e89aa338f9f186,True,22467780.0,success,2025-08-14,2025-12-02,112.0,,good,TRUE
musd,mStable USD,0xe2f2a5c287993345a840db3b0845fbc70f5935a5,True,,success,2020-07-08,2025-12-02,1855.0,,good,TRUE
muse,Muse DAO,0xb6ca7399b4f9ca56fc27cbff44f4d2e4eef1fc81,True,11022769.0,success,2020-11-27,2025-12-02,1833.0,,good,TRUE
music,Gala Music,0xd8c0b13b551718b808fc97ead59499d5ef862775,True,,success,2023-12-08,2025-12-02,726.0,,good,TRUE
musk,MUSK Gold,0x6069c9223e8a5da1ec49ac5525d4bb757af72cd8,True,13729425.0,success,2021-12-17,2025-12-02,1424.0,,good,TRUE
must,Must,0x9c78ee466d6cb57a4d01fd887d2b5dfb2d46288f,True,11661903.0,success,2021-01-18,2025-12-02,1781.0,,good,TRUE
mute,Mute,0xa49d7499271ae71cd8ab9ac515e6694c755d400c,True,,success,2021-03-11,2025-12-02,1729.0,,good,TRUE
muzz,MUZZLE,0xef3daa5fda8ad7aabff4658f1f78061fd626b8f0,True,16938685.0,success,2024-02-27,2025-12-02,510.0,,good,TRUE
mv,GensoKishi Metaverse,0xae788f80f2756a86aa2f410c651f2af83639b95b,True,13752727.0,success,2022-01-27,2025-12-02,1407.0,,good,TRUE
mvc,MileVerse,0x581911b360b6eb3a14ef295a83a91dc2bce2d6f7,True,10327008.0,success,2020-11-18,2025-12-02,1842.0,,good,TRUE
mveda,MedicalVeda,0xcbe7142f5c16755d8683ba329efa1abf7b54482d,True,10722431.0,success,2020-11-09,2025-12-02,1738.0,,good,TRUE
mvi,Metaverse Index,0x72e364f2abdc788b7e918bc238b21f109cd634d7,True,12159691.0,success,2021-04-07,2025-12-02,1702.0,,good,TRUE
mvl,MVL,0xa849eaae994fb86afa73382e9bd88c2b6b18dc71,True,5707745.0,success,2018-07-28,2025-12-02,2686.0,,good,TRUE
mvp,MAGA VP,0x766d2fcece1e3eef32aae8711ab886ee95fd5b2a,True,19199157.0,success,2024-04-30,2025-12-02,583.0,,good,TRUE
mvrwa,RWA Index,0xa5cdea03b11042fc10b52af9eca48bb17a2107d2,True,,success,2025-03-01,2025-12-03,261.0,,good,TRUE
mx,MX,0x11eef04c884e24d9b7b4760e7476d06ddf797f36,True,,success,2019-05-31,2025-12-02,2379.0,,good,TRUE
mxna,Machina,0x0a2a015a15a8e019abc386fee88b8a6d7a0d90df,True,21370100.0,success,2025-01-17,2025-12-02,321.0,,good,TRUE
mxnb,MXNB,0xf197ffc28c23e0309b5559e7a166f2c6164c80aa,True,,success,2024-07-23,2025-12-16,243.0,,good,TRUE
mxnt,Mexican Peso Tether,0xed03ed872159e199065401b6d0d487d78d9464aa,True,,success,2022-06-21,2025-12-02,1169.0,,good,TRUE
mxy,MXY6900,0x4ba765ee44597d4986c3fbe9eab1535de3b3c3b6,True,22696585.0,success,2025-06-21,2025-12-02,166.0,,good,TRUE
myb,MyBit,0x5d60d8d7ef6d37e16ebabc324de3be57f135e0bc,True,5573385.0,success,2017-12-08,2025-12-02,2786.0,,good,TRUE
myc,Mega Yacht Cult,0xd939212f16560447ed82ce46ca40a63db62419b5,True,18289276.0,success,2023-10-26,2025-12-02,769.0,,good,TRUE
myria,Myria,0xa0ef786bf476fe0810408caba05e536ac800ff86,True,16889898.0,success,2023-04-06,2025-12-02,973.0,,good,TRUE
myst,Mysterium,0x4cf89ca06ad997bc732dc876ed2a7f26a9e7f361,True,10679329.0,success,2017-07-15,2025-12-02,3058.0,,good,TRUE
mystery,Mystery,0x64c5cba9a1bfbd2a5faf601d91beff2dcac2c974,True,21382208.0,success,2024-12-13,2025-12-02,356.0,,good,TRUE
myth,Mythos,0xba41ddf06b7ffd89d1267b5a93bfef2424eb2003,True,14762199.0,success,2022-11-01,2025-12-02,1129.0,,good,TRUE
mzero,MetaZero,0x328a268b191ef593b72498a9e8a481c086eb21be,True,18836433.0,success,2023-12-25,2025-12-02,710.0,,good,TRUE
mzm,MetaZooMee,0x61b57bdc01e3072fab3e9e2f3c7b88d482734e05,True,14189285.0,success,2023-09-13,2025-12-02,655.0,,good,TRUE
n,nsurance,0xc7bb03ddd9311fc0338be013e7b523254092fda9,True,19430926.0,success,2023-10-23,2025-11-29,688.0,,good,TRUE
n1,NFTify,0xacbd826394189cf2623c6df98a18b41fc8ffc16d,True,12440227.0,success,2021-06-04,2025-11-13,1193.0,,good,TRUE
naai,NeoAudit AI,0x7865ec47bef9823ad0010c4970ed90a5e8107e53,True,18635084.0,success,2023-11-25,2025-12-02,477.0,,good,TRUE
nabox,Nabox,0x03d1e72765545729a035e909edd9371a405f77fb,True,13758450.0,success,2021-06-21,2025-12-02,1627.0,,good,TRUE
nai,Nimbus AI,0x32f4768fc4a238a58fc9da408d9a0da4333012e4,True,21632357.0,success,2025-01-17,2025-12-02,282.0,,good,TRUE
nai,Nuklai,0x5ac34c53a04b9aaa0bf047e7291fb4e8a48f2a18,True,,success,2024-04-17,2025-12-02,596.0,,good,TRUE
naix,Nebula Ai,0x701c7542cd5d69494ef9fc8829a7f6093ad8084c,True,,success,2025-04-12,2025-12-01,152.0,,good,TRUE
naka,Naka Go,0x6967b9a8c0b14849cfe8f9e5732b401433fd2898,True,22684191.0,success,2025-06-13,2025-12-02,174.0,,good,TRUE
nakastr,NakamotoStrategy,0xd3d3f901b2d9c587988333f00b154d57fce9dd07,True,,success,2025-11-09,2025-12-02,560.0,,good,TRUE
nala,NALA,0xb74f399aac8335e44a50ffb8f7ece74b9db8c30e,True,22868758.0,success,2025-07-08,2025-12-02,147.0,,good,TRUE
nalpha,Nest Alpha Vault,0x593ccca4c4bf58b7526a4c164ceef4003c6388db,True,22190987.0,success,2025-05-08,2025-12-02,210.0,,good,TRUE
nao,Nettensor,0x72f713d11480dcf08b37e1898670e736688d218d,True,19325645.0,success,2024-03-01,2025-12-01,625.0,,good,TRUE
naoris,Naoris Protocol,0x1b379a79c91a540b2bcd612b4d713f31de1b80cc,True,,success,2025-07-31,2025-12-02,126.0,,good,TRUE
naos,NAOS Finance,0x4a615bb7166210cce20e6642a6f8fb5d4d044496,True,12321616.0,success,2021-04-30,2025-12-02,1679.0,,good,TRUE
naruto,Naruto,0xad8d0de33c43eefe104a279cdb6ae250c12e6214,True,17101930.0,success,2023-04-25,2025-11-29,690.0,,good,TRUE
nat,DMT-NAT,0x249130f5e2dd4cf278180c0df8273f3592ad1247,True,,success,2025-10-08,2025-12-02,1330.0,,good,TRUE
nati,IlluminatiCoin,0x0b9ae6b1d4f0eeed904d1cef68b9bd47499f3fff,True,18345296.0,success,2023-10-23,2025-12-02,773.0,,good,TRUE
navi,Atlas Navi,0xfc1c93a2507975e98b9d0e9260ded61a00152bf1,True,15848289.0,success,2022-12-03,2025-12-02,1097.0,,good,TRUE
navi,Navigator by MetaWin,0x86e1714dca461a66b24193cbc902515ddcb2d12c,True,23410557.0,success,2025-09-23,2025-12-02,1697.0,,good,TRUE
navyseal,Navy seal,0x34df29dd880e9fe2cec0f85f7658b75606fb2870,True,17921917.0,success,2023-08-24,2025-12-02,524.0,,good,TRUE
nbasis,Nest Basis Vault,0x11113ff3a60c2450f4b22515cb760417259ee94b,True,22171022.0,success,2025-05-08,2025-12-02,210.0,,good,TRUE
nbt,NanoByte,0x446f2a8a39cc730ef378be759a3c57f1a3fe824c,True,14578215.0,success,2022-02-27,2025-12-02,1376.0,,good,TRUE
nbtc,Nest BTC Vault,0x02cdb5ccc97d5dc7ed2747831b516669eb635706,True,22281845.0,success,2025-05-12,2025-12-02,169.0,,bad,UNKNOWN
ncash,Nucleus Vision,0x809826cceab68c387726af962713b64cb5cb3cca,True,5151848.0,success,2018-03-02,2025-12-02,2749.0,,good,TRUE
ncash,Nutcash,0xd105c45bcc7211f847ae73b187a41b7d8184ade2,True,,success,2024-12-08,2025-12-02,360.0,,good,TRUE
ncat,Neuracat,0x2b7c0fa747611d4412b54076c62119926474edb3,True,20130721.0,success,2024-06-21,2025-11-26,477.0,,good,TRUE
ncdt,nuco.cloud,0xe0c8b298db4cffe05d1bea0bb1ba414522b33c1b,True,,success,2020-09-17,2025-12-16,1872.0,,good,TRUE
ncn,NeurochainAI,0xbb8954f008016055fda6aa1c27fa769578cae213,True,23064047.0,success,2024-08-09,2025-12-02,482.0,,good,TRUE
ncr,Neos Credits,0xdb5c3c46e28b53a39c255aa39a411dd64e5fed9c,True,5975020.0,success,2021-08-25,2025-12-02,1544.0,,good,TRUE
ncredit,Nest Credit Vault,0xa5f78b2a0ab85429d2dfbf8b60abc70f4cec066c,True,22262686.0,success,2025-05-08,2025-12-02,210.0,,good,TRUE
nct,PolySwarm,0x9e46a38f5daabe8683e10793b06749eef7d733d1,True,5098821.0,success,2018-04-07,2025-12-03,2799.0,,good,TRUE
near,NEAR Protocol,0x85f17cf997934a597031b2e18a9ab6ebd4b9f6a4,True,12475891.0,success,2020-10-14,2025-12-02,1877.0,,good,TRUE
nebo,Kinetic Kollective,0x7f0c8b125040f707441cad9e5ed8a8408673b455,True,10691352.0,success,2020-12-21,2025-12-02,1444.0,,good,TRUE
neirei,Neirei,0x1d4fb9bfa1967be6ca74819e28b98c2aa5ae8b59,True,20425896.0,success,2024-09-18,2025-12-02,386.0,,good,TRUE
neiro,Neiro,0x812ba41e071c7b7fa4ebcfb62df5f45f6fa853ee,True,20400503.0,success,2024-08-01,2025-12-02,490.0,,good,TRUE
neiro,Neiro,0xa6180029845469e89c507fe3eafedfa242687822,True,20400503.0,success,2024-10-14,2025-12-02,394.0,,good,TRUE
neko,Neko,0x4aad14eccf012bb370bd755726f369ff53045d36,True,22955541.0,success,2025-07-21,2025-11-26,76.0,,good,TRUE
neko,NEKO,0x74697d4fd0536c6885334b11d5c6dbf58729369f,True,21322749.0,success,2025-10-14,2025-11-29,508.0,,good,TRUE
neko,The Neko,0x1e9d0bb190ac34492aa11b80d28c1c86487a341f,True,14015182.0,success,2022-01-17,2025-11-30,966.0,,good,TRUE
nelixir,Nest Elixir Vault,0x9fbc367b9bb966a2a537989817a088afcaffdc4c,True,21592757.0,success,2025-05-08,2025-12-02,210.0,,good,TRUE
nemo,Nemo Sum,0xb60fdf036f2ad584f79525b5da76c5c531283a1b,True,19744098.0,success,2024-05-05,2025-12-02,578.0,,good,TRUE
neos,Neos.ai,0xd2a08ff5f31d2f2d70c91960323c2ed31268ae25,True,21322755.0,success,2024-12-04,2025-12-02,364.0,,good,TRUE
nerf,Neural Radiance Field,0xaf8942831f3a096f708b8b31f191b8958cf176c5,True,16201554.0,success,2023-03-22,2025-12-02,695.0,,good,TRUE
nest,Nest Protocol,0xcd6926193308d3b371fdd6a6219067e550000000,True,17869649.0,success,2020-05-19,2025-12-02,1971.0,,good,TRUE
netf,Nest ETF Vault,0xdea736937d464d288ec80138bcd1a2e109a200e3,True,22425818.0,success,2025-05-12,2025-12-02,206.0,,bad,UNKNOWN
netvr,Netvrk,0x52498f8d9791736f1d6398fe95ba3bd868114d10,True,,success,2021-05-21,2025-12-02,1658.0,,good,TRUE
neura,Neurahub,0x3d1c949a761c11e4cc50c3ae6bdb0f24fd7a39da,True,19499340.0,success,2024-03-27,2025-12-02,617.0,,good,TRUE
neurai,Neuralis AI,0x25517010a154ec41f76d203ab221019a37c2dab6,True,22667467.0,success,2025-06-10,2025-11-15,96.0,,good,TRUE
neural,NEURALAI,0x32b053f2cba79f80ada5078cb6b305da92bde6e1,True,19483297.0,success,2024-03-23,2025-12-02,621.0,,good,TRUE
neuron,Cerebrum DAO,0xab814ce69e15f6b9660a3b184c0b0c97b9394a6b,True,19427167.0,success,2024-05-24,2025-12-02,546.0,,good,TRUE
neuy,NEUY,0xa80505c408c4defd9522981cd77e026f5a49fe63,True,12791051.0,success,2022-06-03,2025-12-02,1273.0,,good,TRUE
neva,Neva,0x3ada3bf9a5c5c59523d6193381c0d14787070e54,True,20050908.0,success,2024-06-12,2025-12-01,444.0,,good,TRUE
newo,New Order,0x98585dfc8d9e7d48f0b1ae47ce33332cf4237d96,True,14120488.0,success,2021-12-10,2025-12-01,1268.0,,good,TRUE
newt,Newton Protocol,0xd0ec028a3d21533fdd200838f39c85b03679285d,True,,success,2025-06-24,2025-12-02,163.0,,good,TRUE
nex,Nash,0xe2dc070524a6e305ddb64d8513dc444b6a1ec845,True,11376168.0,success,2018-11-08,2025-12-02,2522.0,,good,TRUE
nex,NexAI,0x2c623d3cc9a2cc158951b8093cb94e80cf56deea,True,16978315.0,success,2023-07-21,2025-11-29,527.0,,good,TRUE
nex,Nexora,0x58412ae274f2764b71c66315d97662d47d930d94,True,22435450.0,success,2025-08-15,2025-12-02,111.0,,good,TRUE
nex,NEXUS,0xc01154b4ccb518232d6bbfc9b9e6c5068b766f82,True,19374284.0,success,2024-03-07,2025-12-02,616.0,,good,TRUE
nexm,Nexum,0xe831f96a7a1dce1aa2eb760b1e296c6a74caa9d5,True,13669236.0,success,2022-02-07,2025-12-02,1341.0,,good,TRUE
nexo,NEXO,0xb62132e35a6c13ee1ee0f84dc5d40bad8d815206,True,5475683.0,success,2018-05-03,2025-12-02,2772.0,,good,TRUE
nexusai,NexusAI,0xe96edd48cf0c6e930ce55f171a721017b28e0f08,True,19413620.0,success,2024-03-20,2025-11-21,378.0,,good,TRUE
nezuko,Nezuko,0x049715c70fdbdd2be4814f76a53dc3d6f4367756,True,17105402.0,success,2023-04-26,2025-12-01,614.0,,good,TRUE
nflxon,Netflix (Ondo Tokenized Stock),0x032dec3372f25c41ea8054b4987a7c4832cdb338,True,,success,2025-09-02,2025-12-02,93.0,,good,TRUE
nflxx,Netflix xStock,0xa6a65ac27e76cd53cb790473e4345c46e5ebf961,True,,success,2025-07-11,2025-12-02,131.0,,good,TRUE
nfm,NFMart,0x9df03fba103491fffde4fbc5fea15efaa43c67a5,True,19987520.0,success,2024-07-23,2025-12-02,499.0,,good,TRUE
nfnt,nfinityAI,0x82d36570842fc1ac2a3b4dbe0e7c5c0e2e665090,True,19967022.0,success,2024-07-06,2025-12-02,516.0,,good,TRUE
nft,AINFT,0x198d14f2ad9ce69e76ea330b374de4957c3f850a,True,14203741.0,success,2021-05-21,2025-12-02,1658.0,,good,TRUE
nft,NFT Protocol,0xcb8d1260f9c92a3a545d409466280ffdd7af7042,True,10675848.0,success,2020-08-19,2025-12-02,1702.0,,good,TRUE
nftd,NFTrade,0x8e0fe2947752be0d5acf73aae77362daf79cb379,True,13258134.0,success,2021-09-24,2025-12-02,1530.0,,good,TRUE
nftfi,NFTFI,0x09d6f0f5a21f5be4f59e209747e2d07f50bc694c,True,19467698.0,success,2024-06-10,2025-12-02,542.0,,good,TRUE
nftl,NFTLaunch,0xe7f72bc0252ca7b16dbb72eeee1afcdb2429f2dd,True,,success,2021-09-03,2025-12-02,1548.0,,good,TRUE
nftl,Nifty League,0x3c8d2fce49906e11e71cb16fa0ffeb2b16c29638,True,13228483.0,success,2021-10-20,2025-12-01,1469.0,,good,TRUE
nfts,NFT Stars,0x08037036451c768465369431da5c671ad9b37dbc,True,12328575.0,success,2021-06-08,2025-11-26,1527.0,,good,TRUE
nftx,NFTX,0x87d73e916d7057945c9bcd8cdd94e42a6f47f776,True,11260978.0,success,2021-01-05,2025-12-02,1781.0,,good,TRUE
nfty,NFTY,0xe1d7c7a4596b038ced2a84bf65b8647271c53208,True,13304237.0,success,2021-10-04,2025-12-02,1308.0,,good,TRUE
ngl,Gold Fever Native Gold,0x2653891204f463fb2a2f4f412564b19e955166ae,True,13599502.0,success,2021-11-19,2025-12-02,1476.0,,good,TRUE
ngm,e-Money,0xed0d5747a9ab03a75fbfec3228cd55848245b75d,True,12186954.0,success,2021-01-20,2025-12-02,1779.0,,good,TRUE
ngtg$$,Nugget Trap Gold Token,0x810296898a4f870619b015c0b13c8c6e65b305e3,True,21029460.0,success,2024-11-12,2025-11-25,309.0,,good,TRUE
nihao,Nihao,0xc3681a720605bd6f8fe9a2fabff6a7cdecdc605d,True,17361584.0,success,2023-06-03,2025-11-30,816.0,,good,TRUE
nihao,Nihao Coin,0xa672b803e807ab9b7cb8514350523cd6d2e4d5cc,True,20031691.0,success,2024-06-09,2025-11-11,375.0,,good,TRUE
niifi,NiiFi,0x852e5427c86a3b46dd25e5fe027bb15f53c4bcb8,True,12467126.0,success,2021-06-02,2025-11-29,1523.0,,good,TRUE
nil,Nillion,0x7cf9a80db3b29ee8efe3710aadb7b95270572d47,True,,success,2025-03-24,2025-12-02,255.0,,good,TRUE
nina,Nina,0xe94db607eba8f76a377d9bcc327c9856ed90fbde,True,21709803.0,success,2025-02-12,2025-12-02,295.0,,good,TRUE
nina,NinaPumps,0x697a79af2de4af9e9aa0d08905374556ad1353bb,True,17952281.0,success,2023-09-25,2025-12-02,567.0,,good,FALSE
ninsto,Nest Institutional Vault,0xbfc5770631641719cd1cf809d8325b146aed19de,True,22243898.0,success,2025-05-08,2025-12-02,210.0,,good,TRUE
niox,Autonio,0xc813ea5e3b48bebeedb796ab42a30c5599b01740,True,10339508.0,success,2017-11-10,2025-12-02,2813.0,,good,TRUE
nitefeeder,Nitefeeder,0x85f7cfe910393fb5593c65230622aa597e4223f1,True,19578316.0,success,2024-04-17,2025-12-02,596.0,,good,TRUE
nitro,Nitro,0x76887cb94cf29ec539b3219ba62104be04f26a5c,True,21545358.0,success,2025-01-23,2025-12-02,315.0,,good,TRUE
nitro,Nitro League,0x0335a7610d817aeca1bebbefbd392ecc2ed587b8,True,13786095.0,success,2021-12-17,2025-12-02,1448.0,,good,TRUE
niza,Niza Global,0x373f323d21b38004d17386c18680c57657f78040,True,23613837.0,success,2025-09-11,2025-12-02,1715.0,,good,TRUE
nkeon,Nike (Ondo Tokenized Stock),0xd8e26fcc879b30cb0a0b543925a2b3500f074d81,True,,success,2025-09-02,2025-12-02,87.0,,good,TRUE
nkn,NKN,0x5cf04716ba20127f1e2297addcf4b5035000c9eb,True,6973737.0,success,2018-05-28,2025-12-02,2747.0,,good,TRUE
nkp,NonKyotoProtocol,0x11fa1193743061591cbe47c9e0765eaebaa3a046,True,22576443.0,success,2025-05-31,2025-12-02,187.0,,good,TRUE
nlk,NuLink,0x744030ad4e6c10faf5483b62473d88a254d62261,True,19567155.0,success,2024-05-16,2025-12-02,567.0,,good,TRUE
nls,Nolus,0xb34e17562e4f1f63a2d4cf684ed8bc124e519771,True,19746546.0,success,2023-07-03,2025-12-02,885.0,,good,TRUE
nmr,Numeraire,0x1776e1f26f98b1a5df9cd347953a26dd3cb46671,True,3902326.0,success,2017-07-13,2025-12-02,3066.0,,good,TRUE
nmt,NetMind Token,0x03aa6298f1370642642415edc0db8b957783e8d6,True,,success,2024-02-18,2025-12-02,655.0,,good,TRUE
nobiko,Longcat,0xccccc74ac972e08a0f4c62e9369576a6f6722002,True,23076384.0,success,2025-08-05,2025-12-02,116.0,,good,TRUE
nobl,NobleBlocks,0xe3e72ae23dd5bb0efd7dfe733a58bf6ad57c3945,True,22840549.0,success,2024-05-23,2025-12-02,560.0,,good,TRUE
node,NodeOps,0x2f714d7b9a035d4ce24af8d9b6091c07e37f43fb,True,,success,2025-06-30,2025-12-02,157.0,,good,TRUE
nodl,Nodelight,0x63a4faa0edc59811f9d3fd8b9aae5131a9488437,True,22418383.0,success,2025-05-25,2025-11-04,122.0,,good,TRUE
nogs,Noggles,0x5fa20d59d2a907e5fed9fb80b4a8d9f0d069a48d,True,17594172.0,success,2024-04-23,2025-12-02,590.0,,good,TRUE
nom,Nomina,0x6e6f6d696e61decd6605bd4a57836c5db6923340,True,23175537.0,success,2025-10-01,2025-12-02,1503.0,,good,TRUE
noob,Blast Royale,0x06561dc5cedcc012a4ea68609b17d41499622e4c,True,20641476.0,success,2024-11-13,2025-11-07,319.0,,good,TRUE
noob,Noob cult,0x284c0a369613a83080cebdbf253e596a7fc7594c,True,23285145.0,success,2025-09-16,2025-12-01,963.0,,good,TRUE
noodle,Noodleface,0xb2016f85a96a3ea5139b0a6e6ef762167bf99c8c,True,22734946.0,success,2025-09-13,2025-12-02,1771.0,,good,TRUE
nord,Nord Finance,0x6e9730ecffbed43fd876a264c982e254ef05a0de,True,11638956.0,success,2021-01-12,2025-12-02,1708.0,,good,TRUE
note,Notional Finance,0xcfeaead4947f0705a14ec42ac3d44129e1ef3ed5,True,,success,2021-11-15,2025-12-02,1476.0,,good,TRUE
noti,Noti,0xffb1018eff5fc021e15215290732f02a89b008e7,True,20726363.0,success,2024-12-05,2025-11-25,250.0,,good,TRUE
nova,Nova AI,0x79fe521199697c9cf94d16d5d49277c933ccc38b,True,23119178.0,success,2025-08-11,2025-12-02,115.0,,good,TRUE
nova,Nova Chain,0xbce98a44161a9f593fdc231b422943cd3cc7c22b,True,22667308.0,success,2025-10-28,2025-12-02,540.0,,good,TRUE
novaq,NovaQ,0xf2b733bdddb8e12f0b3e15781b319389d499dad6,True,22517123.0,success,2025-05-25,2025-12-02,112.0,,good,TRUE
now,ChangeNOW,0xe9a95d175a5f4c9369f3b74222402eb1b837693b,True,5652279.0,success,2019-05-01,2025-12-02,2358.0,,good,TRUE
nowon,ServiceNow (Ondo Tokenized Stock),0x8bcf9012f4b0c1c3d359edb7133c294f82f80790,True,,success,2025-09-02,2025-12-03,65.0,,good,TRUE
nox,NONOS,0x0a26c80be4e060e688d7c23addb92cbb5d2c9eca,True,,success,2025-09-04,2025-12-02,2139.0,,good,TRUE
npayfi,Nest PayFi Vault,0xb52b090837a035f93a84487e5a7d3719c32aa8a9,True,22243537.0,success,2025-05-08,2025-12-02,210.0,,bad,UNKNOWN
npc,Non-Playable Coin,0x8ed97a637a790be1feff5e888d43629dc05408f6,True,17798474.0,success,2023-08-04,2025-12-02,853.0,,good,TRUE
npi,Non-Playable Inu,0x80034f803afb1c6864e3ca481ef1362c54d094b9,True,20098811.0,success,2024-06-18,2025-12-02,532.0,,good,TRUE
npxs,Pundi X [OLD],0xa15c7ebe1f07caf6bff097d8a589fb8ac49ae5b3,True,5217268.0,success,2018-03-24,2025-12-03,2762.0,,good,TRUE
nqai,NodeQAI,0x5ead27fcc5bc50aa100da635f8d1e6198acee71c,True,22999278.0,success,2025-07-31,2025-10-22,62.0,,good,TRUE
nrx,Norexa,0xde860ac02d0f22363da499577ca7894afd8c98b4,True,22819096.0,success,2025-07-02,2025-12-02,155.0,,good,TRUE
nsdq,NSDQ420,0x615987d46003cc37387dbe544ff4f16fa1200077,True,20866437.0,success,2024-10-22,2025-12-02,399.0,,good,TRUE
nsfw,Pleasure Coin,0x8f006d1e1d9dc6c98996f50a4c810f17a47fbf19,True,16478520.0,success,2021-05-07,2025-12-03,1673.0,,good,TRUE
nst,Ninja Squad Token,0x70bef3bb2f001da2fddb207dae696cd9faff3f5d,True,13915764.0,success,2022-01-04,2025-12-02,1339.0,,good,TRUE
nstr,Nostra,0x610dbd98a28ebba525e9926b6aaf88f9159edbfd,True,19952803.0,success,2024-06-13,2025-12-02,539.0,,good,TRUE
nsure,Nsure Network,0x20945ca1df56d237fd40036d47e866c7dccd2114,True,11014946.0,success,2020-10-28,2025-12-02,1863.0,,good,TRUE
ntbill,Nest Treasury Vault,0xe72fe64840f4ef80e3ec73a1c749491b5c938cb9,True,21427254.0,success,2025-05-08,2025-12-02,210.0,,good,TRUE
ntd,Neural Tensor Dynamics,0x1e354f9ab5bcc9fb981f31b794c5fe13f7a89218,True,19521738.0,success,2024-03-29,2025-12-02,248.0,,good,TRUE
ntgl,Entangle,0x12652c6d93fdb6f4f37d48a8687783c782bb0d10,True,,success,2024-03-13,2025-11-03,426.0,,good,TRUE
nth,NTHCHAIN,0x671b710a006040cd82a8070abd497a7215ce6f67,True,13575851.0,success,2022-09-23,2025-12-02,195.0,,good,UNKNOWN
ntmpi,Neutaro,0x53be7be0ce7f92bcbd2138305735160fb799be4f,True,18997233.0,success,2024-03-25,2025-12-02,619.0,,good,TRUE
ntx,NuNet,0xf0d33beda4d734c72684b5f9abbebf715d0a7935,True,13624930.0,success,2021-11-28,2025-12-02,1467.0,,good,TRUE
nu,NuCypher,0x4fe83213d56308330ec302a8bd641f1d0113a4cc,True,10763456.0,success,2020-10-15,2025-12-02,1864.0,,good,TRUE
nuai,Nucleus AI,0x594f8a64d01abea062eee634e627b1b085f99ef3,True,22940502.0,success,2025-07-25,2025-12-02,121.0,,good,TRUE
nugx,Nugget Rush,0x75fa2a76e5ec2269cf507b9296ac108373c72a6e,True,18212248.0,success,2024-09-03,2025-12-02,430.0,,good,TRUE
num,Numbers Protocol,0x3496b523e5c00a4b4150d6721320cddb234c3079,True,,success,2021-11-18,2025-12-16,1491.0,,good,TRUE
numi,NUMINE Token,0xa29c9a740de8194e4016747e9a04a84946ada0a5,True,21333215.0,success,2025-03-31,2025-12-02,248.0,,good,TRUE
nura,Nura Labs,0x926759a8eaecfadb5d8bdc7a9c7b193c5085f507,True,22468222.0,success,2025-06-19,2025-12-02,168.0,,good,TRUE
nusd,Neutrl USD,0xe556aba6fe6036275ec1f87eda296be72c811bce,True,23495846.0,success,2025-11-09,2025-12-02,547.0,,good,TRUE
nut,NutCoin,0x473f4068073cd5b2ab0e4cc8e146f9edc6fb52cc,True,18545502.0,success,2024-05-05,2025-12-02,578.0,,good,TRUE
nuts,Squirrel Wallet,0x195f5c217b96cd3dd75d39327161b8911a42e509,True,21574071.0,success,2025-09-28,2025-12-03,1445.0,,good,TRUE
nuts,Thetanuts Finance,0x23f3d4625aef6f0b84d50db1d53516e6015c0c9b,True,19818845.0,success,2024-05-20,2025-12-03,564.0,,good,TRUE
nux,Peanut,0x89bd2e7e388fab44ae88bef4e1ad12b4f1e0911c,True,,success,2021-02-15,2025-12-02,1753.0,,good,TRUE
nvdaon,NVIDIA (Ondo Tokenized Stock),0x2d1f7226bd1f780af6b9a49dcc0ae00e8df4bdee,True,,success,2025-09-02,2025-12-02,93.0,,good,TRUE
nvdax,NVIDIA xStock,0xc845b2894dbddd03858fd2d643b4ef725fe0849d,True,,success,2025-06-27,2025-12-02,160.0,,good,TRUE
nvg,NightVerse Game,0x08f40811c7d6c013744166f3d4cb1a9a92d3d54e,True,15774684.0,success,2023-02-14,2025-12-02,1024.0,,good,TRUE
nvir,NvirWorld,0x9d71ce49ab8a0e6d2a1e7bfb89374c9392fd6804,True,13555846.0,success,2021-12-09,2025-12-02,1456.0,,good,TRUE
nvoon,Novo Nordisk (Ondo Tokenized Stock),0x28151f5888833d3d767c4d6945a0ee50d1b193e3,True,,success,2025-09-02,2025-12-02,89.0,,good,TRUE
nvox,Novo Nordisk xStock,0xf9523e369c5f55ad72dbaa75b0a9b92b3d8b147e,True,,success,2025-11-20,2025-12-02,178.0,,good,TRUE
nwc,Numerico,0x968f6f898a6df937fc1859b323ac2f14643e3fed,True,11659767.0,success,2019-10-30,2025-12-02,2227.0,,good,TRUE
nwo,NEW WORLD ORDER,0xb4c42d3ecb9cf5811e7cf21a81d0bf3fee21a6f3,True,21125706.0,success,2024-11-19,2025-12-02,261.0,,good,TRUE
nxcp,Nyx Cipher,0x96665680f4889891f3209713cb9a8205dce7278d,True,20794361.0,success,2024-09-24,2025-11-19,415.0,,good,TRUE
nxm,Nexus Mutual,0xd7c49cee7e9188cca6ad8ff264c1da2e69d4cf3b,True,7815779.0,success,2020-07-12,2025-12-02,1971.0,,good,TRUE
nxr,Nexara,0xbb8ecf8d1342e086c9a751ee1b31a8320007379f,True,21320818.0,success,2024-12-05,2025-12-02,220.0,,good,TRUE
nxra,Nexera,0x644192291cc835a93d6330b24ea5f5fedd0eef9e,True,,success,2023-02-23,2025-12-02,1015.0,,good,TRUE
nya,Nya,0x38f9bf9dce51833ec7f03c9dc218197999999999,True,,success,2024-09-05,2025-12-02,455.0,,good,TRUE
nyan,Nyan Meme Coin,0x0ebe30595a44e5288c24161ddfc1e9fa08e33a0c,True,17196128.0,success,2023-05-09,2025-12-02,934.0,,good,TRUE
nym,Nym,0x525a8f6f3ba4752868cde25164382bfbae3990e1,True,14129115.0,success,2022-04-15,2025-12-02,1329.0,,good,TRUE
o,Childhoods End,0xb53ecf1345cabee6ea1a65100ebb153cebcac40f,True,14616479.0,success,2022-05-25,2025-12-02,1289.0,,good,TRUE
o3,O3 Swap,0xee9801669c6138e84bd50deb500827b776777d28,True,12413429.0,success,2021-05-13,2025-12-02,1666.0,,good,TRUE
oax,OAX,0x701c244b988a513c945973defa05de933b23fe1d,True,3908947.0,success,2017-10-29,2025-12-02,2958.0,,good,TRUE
obi,Orbofi AI,0xbb3a8fd6ec4bf0fdc6cd2739b1e41192d12b1873,True,17321226.0,success,2023-05-29,2025-12-02,920.0,,good,TRUE
obol,Obol,0x0b010000b7624eb9b3dfbc279673c76e9d29d5f7,True,15570746.0,success,2025-05-07,2025-12-02,211.0,,good,TRUE
obt,Orbiter Finance,0x4af322ff4a6f2858f6b51e546b9ec499654493c5,True,,success,2025-01-20,2025-12-02,318.0,,good,TRUE
obx,OpenBlox,0x188fb5f5ae5bbe4154d5778f2bbb2fb985c94d25,True,16691598.0,success,2022-07-01,2025-11-20,1135.0,,good,TRUE
ocai,Onchain AI,0x4309e88d1d511f3764ee0f154cee98d783b61f09,True,17807554.0,success,2023-08-07,2025-12-02,850.0,,good,TRUE
ocb,OnChain Battles,0xba8fa89ee8c713a6758f9c7bb3cc23cc033aab1c,True,22975372.0,success,2025-07-24,2025-10-02,56.0,,good,TRUE
occ,OccamFi,0x2f109021afe75b949429fe30523ee7c0d5b27207,True,12114725.0,success,2021-04-16,2025-12-02,1692.0,,good,TRUE
ocean,Ocean Protocol,0x967da4048cd07ab37855c090aaf366e4ce1b9f48,True,10945544.0,success,2019-05-04,2025-12-02,2406.0,,good,TRUE
och,Orchai,0x19373ecbb4b8cc2253d70f2a246fa299303227ba,True,19274081.0,success,2024-02-23,2025-12-02,650.0,,good,TRUE
ocisly,Of Course I Still Love You,0x356e17967206efb413b60ab0ba44e269063a26c9,True,18211803.0,success,2023-10-02,2025-12-02,604.0,,good,TRUE
ocp404,OnChain Pepe 404,0xb87b96868644d99cc70a8565ba7311482edebf6e,True,19197086.0,success,2024-02-15,2025-11-12,353.0,,good,TRUE
oct,OctanePay,0xf7b2e24c53476899357d205c7923958ca85e49b4,True,22483183.0,success,2025-05-18,2025-11-15,79.0,,good,TRUE
oct,Omnity Convertible Token,0xf5cfbc74057c610c8ef151a439252680ac68c6dc,True,12996031.0,success,2021-08-30,2025-12-02,1557.0,,good,TRUE
octa,OctaSpace,0xfa704148d516b209d52c2d75f239274c8f8eaf1a,True,,success,2023-04-05,2025-12-02,974.0,,good,TRUE
octa,OCTORA AI,0x06e2d2ede26c5479c36dd310a04971604f077994,True,22712860.0,success,2025-06-28,2025-09-18,73.0,,good,TRUE
octo,OctoFi,0x7240ac91f01233baaf8b064248e80feaa5912ba3,True,10678548.0,success,2020-09-25,2025-12-02,1896.0,,good,TRUE
ocw,OctopusWallet,0x26c75c7d815efe6bf5a6decd17d20d1fdad96a08,True,19413352.0,success,2024-03-15,2025-11-13,300.0,,good,TRUE
odds,OddsNotify,0x81de7654a08b0a37d136eb6e31a54543cdabeb15,True,,success,2024-12-10,2025-11-28,305.0,,good,TRUE
oddz,Oddz,0xcd2828fc4d8e8a0ede91bb38cf64b1a81de65bf6,True,12050387.0,success,2021-03-18,2025-12-02,1722.0,,good,TRUE
ode,ODEM,0xbf52f2ab39e26e0951d2a02b49b7702abe30406a,True,5024339.0,success,2018-04-18,2025-11-22,2575.0,,good,TRUE
odgn,OrdiGen,0xc3cc3076cb304494775b3193ef1aa080ba6bf962,True,19076111.0,success,2024-01-29,2025-11-30,499.0,,good,TRUE
odin,Odin Liquidity Network,0xdfc5964141c018485b4d017634660f85aa667714,True,16562313.0,success,2024-10-22,2025-12-03,409.0,,good,TRUE
oeth,Origin Ether,0x856c4efb76c1d1ae02e20ceb03a2a6a08b0b8dc3,True,,success,2023-05-17,2025-12-02,932.0,,good,TRUE
oggie,Oggie,0x11a001dc777f5bf8a5d63f246664d3bb67be496c,True,20993163.0,success,2025-06-11,2025-12-02,176.0,,good,TRUE
ogn,Origin Token,0x8207c1ffc5b6804f6024322ccf34f29c3541ae26,True,6436154.0,success,2020-01-10,2025-12-02,2155.0,,good,TRUE
ogpu,OPEN GPU,0x067def80d66fb69c276e53b641f37ff7525162f6,True,19626987.0,success,2024-04-12,2025-12-02,601.0,,good,TRUE
ogsm,OG SMINEM,0x9778ac3d5a2f916aa9abf1eb85c207d990ca2655,True,17118948.0,success,2023-10-29,2025-12-01,761.0,,good,TRUE
ogz,OGzClub,0xb7bda6a89e724f63572ce68fddc1a6d1d5d24bcf,True,17323527.0,success,2023-07-31,2025-11-29,527.0,,good,TRUE
ohm,Olympus,0x64aa3364f17a4d01c6f1751fd97c2bd3d7e7f1d5,True,13782589.0,success,2021-03-24,2025-12-02,1716.0,,good,TRUE
ohm,Olympus v1,0x383518188c0c6d7730d91b2c03a03c837814a899,True,12084967.0,success,2021-12-16,2025-12-02,1439.0,,good,TRUE
ohmi,One Hundred Million Inu,0x4159862bcf6b4393a80550b1ed03dffa6f90533c,True,16314621.0,success,2023-01-03,2025-12-02,893.0,,good,TRUE
oik,Space Nation Oikos,0x6e7f11641c1ec71591828e531334192d622703f7,True,21865340.0,success,2025-03-13,2025-12-03,267.0,,good,TRUE
ojee,VIMworld OJEE,0x31c5dec1f10dc084b95c239734dea0adb9c97c9c,True,19083030.0,success,2024-09-04,2025-12-03,382.0,,good,TRUE
ok,Okcash,0xd3ac016b1b8c80eeadde4d186a9138c9324e4189,True,15896521.0,success,2014-12-14,2025-12-02,4005.0,,good,TRUE
okb,OKB,0x75231f58b43240c9718dd58b4967c5114342a86c,True,,success,2018-06-07,2025-12-16,2751.0,,good,TRUE
okinami,Kanagawa Nami,0x1c4853ec0d55e420002c5efabc7ed8e0ba7a4121,True,15185023.0,success,2023-08-15,2025-12-02,842.0,,good,TRUE
ol,OPENLOOT,0x1f57da732a77636d913c9a75d685b26cc85dcc3a,True,21145874.0,success,2024-11-19,2025-12-02,380.0,,good,TRUE
ola,Ola,0x2353f7e7b74c045a5dfbaafee5d21bfd948dc170,True,21112322.0,success,2024-11-18,2025-11-21,370.0,,good,TRUE
olas,Autonolas,0x0001a500a6b18995b03f44bb040a5ffc28e45cb0,True,15049891.0,success,2023-07-28,2025-12-02,860.0,,good,TRUE
ole,OpenLeverage,0x1b6e9c73bee68102d9dd4a2627f97bff4183ab0a,True,18511364.0,success,2022-07-07,2025-12-02,1246.0,,good,TRUE
olea,Olea Token,0xc6cc3d07c705e39d11c7f60d8836c7c78d4ac5f1,True,15126103.0,success,2023-02-14,2025-12-02,956.0,,good,TRUE
olm,OpenLM RevShare Token,0xe5018913f2fdf33971864804ddb5fca25c539032,True,19638259.0,success,2024-04-20,2025-11-08,510.0,,good,TRUE
olt,OneLedger,0x64a60493d888728cf42616e034a0dfeae38efcf0,True,5782641.0,success,2018-07-13,2025-12-02,2700.0,,good,TRUE
oly,Olyverse,0x6595b8fd9c920c81500dca94e53cdc712513fb1f,True,,success,2021-02-16,2025-12-02,1725.0,,good,TRUE
om,MANTRA,0x3593d125a4f7849a1b059e64f4517a86dd60c95d,True,11470888.0,success,2020-08-18,2025-12-02,1934.0,,good,TRUE
omg,OMG Network,0xd26114cd6ee289accf82350c8d8487fedb8a0c07,True,3978297.0,success,2017-07-16,2025-12-02,3063.0,,good,TRUE
omi,ECOMI,0xed35af169af46a02ee13b9d79eb57d6d68c1749e,True,,success,2019-05-14,2025-12-02,2396.0,,good,TRUE
omikami,AMATERASU OMIKAMI,0x9e18d5bab2fa94a6a95f509ecb38f8f68322abd3,True,15544671.0,success,2023-09-20,2025-12-02,806.0,,good,TRUE
omira,Omira,0x06113abcef9d163c026441b112e70c82ee1c4a79,True,21316189.0,success,2024-12-04,2025-12-01,361.0,,good,TRUE
omni,OmniCat,0x9e20461bc2c4c980f62f1b279d71734207a6a356,True,18831524.0,success,2023-12-23,2025-12-02,712.0,,good,TRUE
omnia,Omnia Protocol,0x2e7e487d84b5baba5878a9833fb394bc89633fd7,True,13670344.0,success,2022-06-27,2025-12-02,416.0,,good,TRUE
omnis,OmniMinds,0x0478f82a19269e7593a6f99e2865e6f026997b74,True,23269099.0,success,2025-05-21,2025-12-02,191.0,,good,TRUE
omnit,OmniTensor,0x6f2ee0e1ebfa00015d3040760f6c039f46b6c662,True,21309244.0,success,2024-12-12,2025-11-25,194.0,,good,TRUE
omochi,Omochi the Frog,0x888888ae2c4a298efd66d162ffc53b3f2a869888,True,20100757.0,success,2024-06-18,2025-12-02,507.0,,good,TRUE
on,Orochi Network,0x33f6be84becff45ea6aa2952d7ef890b44bfb59d,True,23625132.0,success,2025-10-24,2025-12-02,953.0,,good,TRUE
onc,One Cash,0xd90e69f67203ebe02c917b5128629e77b4cd92dc,True,11508808.0,success,2020-12-31,2025-12-02,1799.0,,good,TRUE
ondo,Ondo,0xfaba6f8e4a5e8ab82f62fe7c39859fa577269be3,True,14670968.0,success,2024-01-18,2025-12-02,686.0,,good,TRUE
ondoai,Ondo DeFAI,0xfa1b1f13080857bf373de0de93970c96d2c29fd0,True,21634244.0,success,2025-01-25,2025-11-29,277.0,,good,TRUE
one,One,0x946551dd05c5abd7cc808927480225ce36d8c475,True,7903422.0,success,2018-07-11,2025-12-02,2703.0,,good,TRUE
oni,Onigiri,0x7777cec341e7434126864195adef9b05dcc3489c,True,20435532.0,success,2024-08-04,2025-12-02,482.0,,good,TRUE
onic,Trade Bionic,0xcdd0d11de0225b528b3a20d6436392c8260969d0,True,18334935.0,success,2023-10-24,2025-11-29,660.0,,good,TRUE
ons,One Share,0x5bb29c33c4a3c29f56f8aca40b4db91d8a5fe2c5,True,11508906.0,success,2020-12-31,2025-12-02,1798.0,,good,TRUE
ontact,OnTact,0x41b723c73fe13e8f979d5fa80229ce7f24ebedb8,True,18924733.0,success,2024-12-16,2025-12-02,353.0,,good,TRUE
onus,ONUS,0x4184aa04215e5d716dd4c213fed519acadc68f92,True,13300348.0,success,2022-03-27,2025-11-22,1251.0,,good,TRUE
onx,OnX Finance,0xe0ad1806fd3e7edf6ff52fdb822432e847411033,True,11471494.0,success,2020-12-22,2025-12-02,1808.0,,good,TRUE
ooki,Ooki,0x0de05f6447ab4d22c8827449ee4ba2d5c288379b,True,,success,2021-12-21,2025-12-16,1439.0,,good,TRUE
oort,OORT,0x5651fa7a726b9ec0cad00ee140179912b6e73599,True,,success,2024-01-15,2025-12-02,689.0,,good,TRUE
opai,Optopia AI,0xf8e57ac2730d3088d98b79209739b0d5ba085a03,True,19860374.0,success,2024-07-23,2025-12-02,499.0,,good,TRUE
opal,Opal,0x199e2cfaf8b4f2cc5423971ef3749d1c89cf815c,True,23478395.0,success,2025-10-03,2025-12-02,1457.0,,good,TRUE
open,OpenLedger,0xa227cc36938f0c9e09ce0e64dfab226cad739447,True,22846566.0,success,2025-09-08,2025-12-02,2053.0,,good,TRUE
open,Open Stablecoin Index,0x323c03c48660fe31186fa82c289b0766d331ce21,True,,success,2025-05-04,2025-12-02,212.0,,good,TRUE
openx,OpenSwap.One,0x57d579f483854c62fef850b8a5332b0d8424b7e2,True,14702474.0,success,2021-10-22,2025-12-02,1473.0,,good,TRUE
openx,OPEN xStock,0xbee6b69345f376598fe16abd5592c6f844825e66,True,,success,2025-11-20,2025-12-02,205.0,,good,UNKNOWN
operon,Operon Network,0x4fdadf176c4d9c9686d7b965bde95758fed63184,True,23526874.0,success,2025-10-09,2025-11-30,285.0,,good,TRUE
opium,Opium,0x888888888889c00c67689029d7856aac1065ec11,True,11723720.0,success,2021-01-27,2025-12-02,1772.0,,good,TRUE
opm,OpMentis,0xeda8db2f0f8f00f0aedd6fdd756402ed86cd002f,True,21187320.0,success,2024-11-27,2025-12-02,372.0,,good,TRUE
opn,OPEN Ticketing Ecosystem,0xc28eb2250d1ae32c7e74cfb6d6b86afc9beb6509,True,19372147.0,success,2024-04-01,2025-12-02,612.0,,good,TRUE
oprv,Opriva AI,0x938f2774e307a71882009a27e0e40e615415fe54,True,21459051.0,success,2024-12-25,2025-11-07,132.0,,good,TRUE
opsec,OpSec,0x8be8c50e7d7acff6084899e71a6db085ff7134c8,True,21101523.0,success,2024-01-05,2025-12-02,699.0,,good,TRUE
opti,Optimus AI,0x562e362876c8aee4744fc2c6aac8394c312d215d,True,16467561.0,success,2023-03-07,2025-12-02,1003.0,,good,TRUE
option,OptionsAI,0xb67cf01958b1a06c330f5a46501fe1fb2ec82aaa,True,21380057.0,success,2024-12-12,2025-11-25,188.0,,good,TRUE
optr,opTrade AI,0x72b658bd674f9c2b4954682f517c17d14476e417,True,21875129.0,success,2025-03-07,2025-12-02,271.0,,good,TRUE
opul,Opulous,0x80d55c03180349fff4a229102f62328220a96444,True,12911018.0,success,2021-09-23,2025-12-02,1533.0,,good,TRUE
ora,ORA Coin,0x33333333fede34409fb7f67c6585047e1f653333,True,21220326.0,success,2024-11-19,2025-12-02,380.0,,good,TRUE
oracle,Oracle AI,0x57b49219614859176ddb029298486b6c30193cbd,True,19243488.0,success,2024-02-23,2025-12-02,645.0,,good,TRUE
orai,Oraichain,0x4c11249814f11b9346808179cf06e71ac328c1b5,True,10922614.0,success,2020-10-26,2025-12-02,1865.0,,good,TRUE
oraix,OraiDEX,0x2d869ae129e308f94cc47e66eaefb448cee0d03e,True,19331730.0,success,2022-11-04,2025-12-02,1122.0,,good,TRUE
orbit,OrbitAI,0x6499999951f0b5ba8b9187958884f9f5b50e45fd,True,21377456.0,success,2024-12-12,2025-12-02,355.0,,good,TRUE
orbr,Orbler,0xda30f261a962d5aae94c9ecd170544600d193766,True,14158670.0,success,2022-03-02,2025-12-02,1373.0,,good,TRUE
orbs,Orbs,0xff56cc6b1e6ded347aa0b7676c85ab0b3d08b0fa,True,5710114.0,success,2019-04-09,2025-12-02,2431.0,,good,TRUE
orc,Orbit Chain,0x662b67d00a13faf93254714dd601f5ed49ef2f51,True,8017692.0,success,2019-10-23,2025-12-02,2202.0,,good,TRUE
orclon,Oracle (Ondo Tokenized Stock),0x8a23c6baadb88512b30475c83df6a63881e33e1e,True,,success,2025-09-02,2025-12-02,88.0,,good,TRUE
orclx,Oracle xStock,0x548308e91ec9f285c7bff05295badbd56a6e4971,True,,success,2025-09-29,2025-12-02,1252.0,,good,TRUE
ord,ordinex,0xbe00734799a67a62af2819825580318ac1b1e4ec,True,16601671.0,success,2023-02-15,2025-12-02,986.0,,good,TRUE
order,Orderly,0xabd4c63d2616a5201454168269031355f4764337,True,20467924.0,success,2024-08-26,2025-12-02,465.0,,good,TRUE
ords,Ordiswap,0x8ab2ff0116a279a99950c66a12298962d152b83c,True,18847829.0,success,2023-12-29,2025-12-02,706.0,,good,TRUE
ore,ORE Network,0x4f640f2529ee0cf119a2881485845fa8e61a782a,True,,success,2021-10-15,2025-12-03,1510.0,,good,TRUE
ori,Origent Ai,0x3e43efbfa058d351a926fc611e997f2338adc2a4,True,21572028.0,success,2025-01-07,2025-11-27,158.0,,good,TRUE
orion,Orion Money,0x727f064a78dc734d33eec18d5370aef32ffd46e4,True,13302099.0,success,2021-09-30,2025-12-02,1526.0,,good,TRUE
orn,Orion,0x0258f474786ddfd37abce6df6bbb1dd5dfc4434a,True,10939214.0,success,2020-07-16,2025-12-02,1967.0,,good,TRUE
ort,XREATORS,0x5c59a5b139b0538cb106d775a022cad98dd14b5a,True,14747609.0,success,2022-05-26,2025-12-03,1281.0,,good,TRUE
orx,Ouroboros,0xd536e7a9543cf9867a580b45cec7f748a1fe11ec,True,20951027.0,success,2024-10-22,2025-12-02,408.0,,good,TRUE
os,Ethereans,0x6100dd79fcaa88420750dcee3f735d168abcb771,True,13505828.0,success,2021-10-29,2025-11-18,1441.0,,good,TRUE
osak,Osaka Protocol,0xa21af1050f7b26e0cff45ee51548254c41ed6b5c,True,16990506.0,success,2023-07-07,2025-12-02,881.0,,good,TRUE
osca,OSCA Stack,0xfb9f255788e6743a6fecaa5de55ec0ee86ab4bdb,True,22368383.0,success,2025-05-28,2025-12-02,161.0,,good,TRUE
oscar,OSCAR,0xebb66a88cedd12bfe3a289df6dfee377f2963f12,True,20829672.0,success,2024-10-11,2025-12-02,419.0,,good,TRUE
osean,Osean,0x50d5118fb90d572b9d42ba65e0addc4900867809,True,19121321.0,success,2023-07-13,2025-12-02,761.0,,good,TRUE
oseth,StakeWise Staked ETH,0xf1c9acdc66974dfb6decb12aa385b9cd01190e38,True,18470087.0,success,2023-12-11,2025-12-03,725.0,,good,TRUE
osmi,OSMI,0x5485a469faea1492191cfce7528ab6e58135aa4d,True,,success,2024-11-13,2025-12-02,372.0,,good,TRUE
osqth,Opyn Squeeth,0xf1b99e3e573a1a9c5e6b2ce818b617f0e664e86b,True,13982500.0,success,2022-01-20,2025-12-02,1382.0,,good,TRUE
otsea,OTSea,0x5da151b95657e788076d04d56234bd93e409cb09,True,19117698.0,success,2023-09-25,2025-11-11,761.0,,good,TRUE
otx,OTX EXCHANGE,0x7717f2828fe4dac8558d23ee4cdfed9544e9321f,True,18476166.0,success,2023-11-24,2025-12-02,530.0,,good,TRUE
ousd,Origin Dollar,0x2a8e1e676ec238d8a992307b495b45b3feaa5e86,True,,success,2020-09-24,2025-12-02,1890.0,,good,TRUE
ousg,OUSG,0x1b19c19393e2d034d8ff31ff34c81252fcbbee92,True,,success,2023-03-22,2025-12-02,794.0,,good,TRUE
over,Overtime,0x90ce5720c17587d28e4af120ae2d313b3bad1722,True,21823090.0,success,2025-03-27,2025-12-02,252.0,,good,TRUE
ovo,OVO,0xbfc66d8cce39e668fd5d3c10fd1b1eabb82c27b7,True,16690182.0,success,2023-03-23,2025-12-02,987.0,,good,TRUE
ovpp,OpenVPP,0xb4c6fedd984bc983b1a758d0875f1ea34f81a6af,True,23191874.0,success,2025-08-24,2025-12-02,102.0,,good,TRUE
ovr,Ovr,0x21bfbda47a0b4b5b1248c767ee49f7caa9b23697,True,11356183.0,success,2020-12-21,2025-12-02,1809.0,,good,TRUE
owct,One World Chain,0xbc68ff3b062bc588603d71ec8d4273391edf152c,True,20087563.0,success,2025-01-27,2025-12-02,247.0,,good,TRUE
own,Otherworld,0x2d81f9460bd21e8578350a4f06e62848ed4bb27e,True,19911987.0,success,2024-06-27,2025-12-02,525.0,,good,TRUE
owo,Owo,0x806a72273b961145cf5c5f040ad1fcd112b3f11a,True,22688130.0,success,2025-06-16,2025-12-02,171.0,,good,TRUE
ox,OX Coin,0xba0dda8762c24da9487f5fa026a9b64b695a07ea,True,19228402.0,success,2024-02-20,2025-12-02,653.0,,good,TRUE
oxl,0x Leverage,0x03ee5026c07d85ff8ae791370dd0f4c1ae6c97fc,True,18104957.0,success,2023-09-28,2025-12-02,786.0,,good,TRUE
oxt,Orchid Protocol,0x4575f41308ec1483f3d399aa9a2826d74da13deb,True,9045597.0,success,2019-12-18,2025-12-02,2178.0,,good,TRUE
oxy,Oxygen (Ethereum),0x965697b4ef02f0de01384d0d4f9f782b1670c163,True,11438730.0,success,2025-07-24,2025-12-02,47.0,,good,TRUE
ozk,OpenZK Network,0x737d461917ccf0fa28a52da30672e2ddc214f0bf,True,22116103.0,success,2025-04-24,2025-12-02,224.0,,good,TRUE
p2ps,P2P solutions foundation,0x4527a3b4a8a150403090a99b87effc96f2195047,True,7650490.0,success,2020-02-25,2025-12-02,1943.0,,good,FALSE
p33l,THE P33L,0x7528bd0f620d1568c307cc8d5db481a29e8d4e37,True,22732806.0,success,2025-06-19,2025-12-03,156.0,,good,TRUE
p3d,3DPass,0x4f3a4e37701402c61146071309e45a15843025e1,True,,success,2023-10-08,2025-12-02,767.0,,good,TRUE
paal,PAAL AI,0x14fee680690900ba0cccfc76ad70fd1b95d10e16,True,17721851.0,success,2023-06-23,2025-12-02,891.0,,good,TRUE
pac,America Pac,0x4c44a8b7823b80161eb5e6d80c014024752607f2,True,20363783.0,success,2024-10-08,2025-11-30,412.0,,good,TRUE
pace,3SPACE ART,0x8bc2bcb1b1896291942c36f3cca3c1afa0aaa7fd,True,13408420.0,success,2023-12-13,2025-12-02,722.0,,good,TRUE
pad,Pad.Fi,0xea7cc765ebc94c4805e3bff28d7e4ae48d06468a,True,,success,2021-09-02,2025-12-02,1554.0,,good,TRUE
padre,Terminal,0xb36cf340a35f9860d0bb59afb0355580f0000dad,True,19315224.0,success,2024-03-14,2025-12-02,630.0,,good,TRUE
page,Page,0x60e683c6514edd5f758a55b6f393bebbafaa8d5e,True,12911680.0,success,2021-10-14,2025-11-18,895.0,,good,TRUE
pai,ParallelAI,0x13e4b8cffe704d3de6f19e52b201d92c21ec18bd,True,20837428.0,success,2024-09-29,2025-12-02,431.0,,good,TRUE
pai,Purple AI,0xa0cc4428fbb652c396f28dce8868b8743742a71c,True,18874913.0,success,2024-01-03,2025-12-03,643.0,,good,TRUE
painstr,PainStrategy,0xdfc3af477979912ec90b138d3e5552d5304c5663,True,,success,2025-10-07,2025-12-02,1323.0,,good,TRUE
paint,MurAll,0x4c6ec08cf3fc987c6c4beb03184d335a2dfc4042,True,11703786.0,success,2021-02-26,2025-11-17,1679.0,,good,TRUE
pairs,Pairs,0xfb70859efec2ceb84dd4935a0842aa69290020bc,True,22431690.0,success,2025-05-10,2025-12-02,204.0,,good,TRUE
pal,Paladin,0xab846fb6c81370327e784ae7cbb6d6a6af6ff4bf,True,13504554.0,success,2022-03-25,2025-12-02,1318.0,,good,TRUE
palcoin,PALCOIN Ventures,0x0994bd54cde8f83eab517d833a581b4be5b6f919,True,21752633.0,success,2024-11-21,2025-12-02,333.0,,good,TRUE
palm,PaLM AI,0xf1df7305e4bab3885cab5b1e4dfc338452a67891,True,18816936.0,success,2023-11-22,2025-12-02,743.0,,good,TRUE
pando,Pando,0x252b9f56359901a0bde52d0675b1f1130d86f471,True,12251043.0,success,2021-03-02,2025-12-02,1738.0,,good,TRUE
pandora,Pandora,0x9e9fbde7c7a83c43913bddc8779158f1368f0413,True,19139822.0,success,2024-02-05,2025-12-02,668.0,,good,TRUE
pano,PanoVerse,0x3850952491606a0e420eb929b1a2e1a450d013f1,True,18159658.0,success,2023-11-09,2025-12-02,738.0,,good,TRUE
panwon,Palo Alto Networks (Ondo Tokenized Stock),0x34bfdff25f0fda6d3ad0c33f1e06c0d40bd68885,True,,success,2025-09-02,2025-12-02,59.0,,good,TRUE
paper,Dope World Paper,0x7ae1d57b58fa6411f32948314badd83583ee0e8c,True,13162150.0,success,2021-09-05,2025-12-02,1479.0,,good,TRUE
papi,PAPI (ETH),0x6dc469a3ef387ad9619df7774388ae26439ac8d4,True,19962755.0,success,2024-06-05,2025-12-02,366.0,,good,TRUE
papple,Pineapple,0x129e5915326ed86f831b0e035acda34b209633d5,True,,success,2025-02-19,2025-12-03,289.0,,good,TRUE
par,Parachute,0x1beef31946fbbb40b877a72e4ae04a8d1a5cee06,True,5073959.0,success,2019-01-30,2025-12-02,2185.0,,good,TRUE
par,Parallel,0x68037790a0229e9ce6eaa8a99ea92964106c4703,True,11384420.0,success,2021-03-03,2025-12-02,1735.0,,good,TRUE
para,Para,0xd16fd95d949f996e3808eeea0e3881c59e76ef1e,True,15432033.0,success,2022-03-29,2025-12-02,1168.0,,good,TRUE
param,Param,0x69a1e699f562d7af66fc6cc473d99f4430c3acd2,True,19482380.0,success,2024-05-29,2025-12-01,495.0,,good,TRUE
party,Maximus Pool Party,0x4581af35199bbde87a89941220e04e27ce4b0099,True,19258871.0,success,2024-02-20,2025-12-02,462.0,,good,TRUE
past,Punk Auction,0x38778e6d4d0dbe9becef3ae8b938570209efa48b,True,23510408.0,success,2025-10-06,2025-12-03,1259.0,,good,TRUE
patex,Patex,0xfd4f2caf941b6d737382dce420b368de3fc7f2d4,True,17471322.0,success,2024-03-13,2025-12-02,631.0,,good,TRUE
patriot,Patriot,0xe9732d4b1e7d3789004ff029f032ba3034db059c,True,21079092.0,success,2024-11-05,2025-12-02,394.0,,good,TRUE
patton,Patton,0x2a961d752eaa791cbff05991e4613290aec0d9ac,True,19829577.0,success,2024-05-11,2025-11-25,549.0,,good,TRUE
paw,PAW,0x419777d3e39aa9b00405724eace5ea57620c9062,True,,success,2023-10-06,2025-12-02,663.0,,good,TRUE
paw,PAW,0xc11158c5da9db1d553ed28f0c2ba1cbedd42cfcb,True,20193884.0,success,2023-02-05,2025-12-02,1033.0,,good,TRUE
paw,PAWZONE,0x1aa51bc7eb181ce48ce626bf62f8956fa9555136,True,16788882.0,success,2023-03-28,2025-12-02,982.0,,good,TRUE
paxg,PAX Gold,0x45804880de22913dafe09f4980848ece6ecbaf78,True,,success,2019-09-16,2025-12-16,2285.0,,good,TRUE
paxu,Pax Unitas,0x4e452b391a86c9240e98df7277ce0bea5be08e43,True,17692264.0,success,2023-09-08,2025-12-02,712.0,,good,TRUE
pay,TenX,0xb97048628db6b661d4c2aa833e95dbe1a905b280,True,3879982.0,success,2017-07-16,2025-12-03,3064.0,,good,TRUE
payb,PayB,0xdcb5645eda1ed34c5641d81b927d33ebae9cf2a4,True,11926844.0,success,2022-05-31,2025-12-02,1097.0,,good,TRUE
pbr,PolkaBridge,0x298d492e8c1d909d3f63bc4a36c66c64acb3d695,True,12049132.0,success,2021-01-23,2025-12-03,1753.0,,good,TRUE
pbron,Petrobras (Ondo Tokenized Stock),0xd08ddb436e731f32455fe302723ee0fd2e9e8706,True,,success,2025-09-02,2025-12-02,84.0,,good,TRUE
pbtc,pTokens BTC [OLD],0x5228a22e72ccc52d415ecfd199f99d0665e7733b,True,9604186.0,success,2020-03-12,2025-12-03,2052.0,,good,TRUE
pbtc35a,pBTC35A,0xa8b12cc90abf65191532a12bb5394a714a46d358,True,,success,2021-01-13,2025-12-16,1740.0,,good,TRUE
pbx,Paribus,0xd528cf2e081f72908e086f8800977df826b5a483,True,13107801.0,success,2021-09-16,2025-12-02,1540.0,,good,TRUE
pc,Pentagon Chain,0xa1aa371e450c5aee7fff259cbf5cca9384227272,True,21932287.0,success,2025-06-16,2025-11-29,101.0,,good,TRUE
pc,Pepe Chain,0x4f311c430540db1d64e635eb55f969f1660b2016,True,17720439.0,success,2023-07-20,2025-12-02,548.0,,good,TRUE
pc,Playable Coin,0x30303101104100c397c069e0642acac518420205,True,20370854.0,success,2024-07-26,2025-11-19,335.0,,good,TRUE
pcnt,Playcent,0x657b83a0336561c8f64389a6f5ade675c04b0c3b,True,,success,2021-03-11,2025-12-02,1714.0,,good,TRUE
pda,PlayDapp,0x0d3cbed3f69ee050668adf3d9ea57241cba33a2b,True,19244771.0,success,2021-03-10,2025-12-03,1731.0,,good,TRUE
pdex,Polkadex,0xf59ae934f6fe444afc309586cc60a84a0f89aaea,True,12245807.0,success,2021-04-16,2025-12-03,1694.0,,good,TRUE
pdt,ParagonsDAO,0x375abb85c329753b1ba849a601438ae77eec9893,True,13997132.0,success,2022-01-20,2025-12-02,1414.0,,good,TRUE
pdx,PDX Coin,0x6a8fee0e33cb65a7e8d21badca62e87639ef74b3,True,,success,2022-04-18,2025-12-16,1318.0,,good,FALSE
pe,PE,0xbd32bec7c76d28aa054fc0c907d601b9263e22c7,True,20012904.0,success,2024-06-04,2025-11-21,432.0,,good,TRUE
peak,PEAKDEFI,0x630d98424efe0ea27fb1b3ab7741907dffeaad78,True,11008833.0,success,2020-02-10,2025-12-02,2122.0,,good,TRUE
peanut,Peanut,0x4947b72fed037ade3365da050a9be5c063e605a7,True,21100521.0,success,2024-11-03,2025-12-02,395.0,,good,TRUE
pear,Pear Swap,0x5dcd6272c3cbb250823f0b7e6c618bce11b21f90,True,17266666.0,success,2023-05-18,2025-11-26,742.0,,good,TRUE
peas,Peapods Finance,0x02f92800f57bcd74066f5709f1daa1a4302df875,True,18772079.0,success,2023-12-17,2025-12-02,718.0,,good,TRUE
peepa,Peepa,0x88417754ff7062c10f4e3a4ab7e9f9d9cbda6023,True,17630554.0,success,2024-05-16,2025-12-01,554.0,,good,TRUE
peepo,Peepo,0xaada04204e9e1099daf67cf3d5d137e84e41cf41,True,17112069.0,success,2023-04-26,2025-12-02,950.0,,good,TRUE
peezy,Peezy,0xc9bd7011ee97a13dc07087e01499a769ab7e75b4,True,19926545.0,success,2024-05-27,2025-12-02,542.0,,good,TRUE
peezy,Peezy,0x698b1d54e936b9f772b8f58447194bbc82ec1933,True,21066647.0,success,2024-12-14,2025-12-02,355.0,,good,TRUE
peezy,Young Peezy,0xf14dd7b286ce197019cba54b189d2b883e70f761,True,19878415.0,success,2024-05-17,2025-11-16,345.0,,good,TRUE
peezy,Young Peezy,0x69ee720c120ec7c9c52a625c04414459b3185f23,True,20321830.0,success,2024-07-20,2025-12-02,458.0,,good,TRUE
pehem,Pepe Heimer,0x32e6d2e1eab694d55911aa378a48c5f5a53d85ae,True,23343998.0,success,2025-09-12,2025-10-12,596.0,,good,TRUE
peipei,PeiPei,0x3ffeea07a27fab7ad1df5297fa75e77a43cb5790,True,20020634.0,success,2024-06-07,2025-12-02,545.0,,good,TRUE
pek,Pek,0x77781231850881cf48e6701ba9197fb954af1567,True,23327969.0,success,2025-09-11,2025-12-02,1537.0,,good,TRUE
pel,Propel,0xa75e7928d3de682e3f44da60c26f33117c4e6c5c,True,13740963.0,success,2021-12-07,2025-11-26,1248.0,,good,TRUE
pell,Pell Network Token,0xc65d8d96cdddb31328186efa113a460b0af9ec63,True,21672731.0,success,2025-03-14,2025-12-02,265.0,,good,TRUE
pen,Pentagon Games,0x5ee3188a3f8adee1d736edd4ae85000105c88f66,True,21270956.0,success,2024-12-20,2025-12-02,349.0,,good,TRUE
pendle,Pendle,0x808507121b80c02388fad14726482e061b8da827,True,12320098.0,success,2021-04-28,2025-12-02,1681.0,,good,TRUE
pengu,Pudgy Penguins,0x6418c0dd099a9fda397c766304cdd918233e8847,True,21672499.0,success,2024-12-17,2025-12-03,353.0,,good,TRUE
people,ConstitutionDAO,0x7a58c0be72be218b41c608b7fe7c5bb630736c71,True,13617577.0,success,2021-11-19,2025-12-02,1476.0,,good,TRUE
pepa,Pepa ERC,0x577fee283e776eec29c9e4d258431982780a38a8,True,16530225.0,success,2023-04-19,2025-12-02,609.0,,good,TRUE
pepd,Pepe Dollar,0x70b5fa2c02a63b1a90d23bd8166fa81614b6d463,True,23327482.0,success,2025-09-11,2025-10-09,377.0,,good,TRUE
pepe,BABY PEPE,0x782061597816785a5138e48f6555781b7a38906b,True,22918268.0,success,2025-07-16,2025-10-29,45.0,,good,TRUE
pepe,El Sapo Pepe,0x69e15ab0fd240de689d09e4851181a6667968008,True,21419724.0,success,2024-12-17,2025-11-30,314.0,,good,TRUE
pepe,NEWPEPE,0xa57ed6e54be8125bbe45d6ca330e45ebb71ef11e,True,18114399.0,success,2023-09-14,2025-12-02,621.0,,good,TRUE
pepe,Pepe,0x6982508145454ce325ddbe47a25d4ec3d2311933,True,17046105.0,success,2023-04-18,2025-12-02,961.0,,good,TRUE
pepe,The Original Pepe,0x4dfae3690b93c47470b03036a17b23c1be05127c,True,11028275.0,success,2024-03-04,2025-12-02,605.0,,good,TRUE
pepe,Pepe 2nd Chance,0x2fb3842189fc7a699d047d9e647474f27779331d,True,20008340.0,success,2024-06-05,2025-11-29,361.0,,good,TRUE
pepe,PepeApuKekiusSimonPepuHoppyMysteryGroyperFefe6900,0x6a82b057425fb4396793bd163e6a7b87963efe83,True,23379828.0,success,2025-09-18,2025-09-23,95.0,,good,TRUE
pepe,Pepe King Prawn,0x51a59a02ba906194285e81eb1f98ffa28e7cf4c9,True,18186155.0,success,2023-09-26,2025-11-23,553.0,,good,TRUE
pepe,Pepe Community,0xbe042e9d09cb588331ff911c2b46fd833a3e5bd6,True,17988029.0,success,2023-08-29,2025-12-02,828.0,,good,TRUE
pepe2.0,Pepe 2.0,0x0305f515fa978cf87226cf8a9776d25bcfb2cc0b,True,18922088.0,success,2023-07-03,2025-12-02,885.0,,good,TRUE
pepecash,PEPECASH,0x3230d8e0ac4d6887cf3bddd57e9d8c1a06f33b62,True,17151790.0,success,2025-07-08,2025-12-02,140.0,,good,TRUE
pepecoin,PepeCoin,0xa9e8acf069c58aec8825542845fd754e41a9489a,True,17147424.0,success,2023-05-09,2025-12-02,940.0,,good,TRUE
pepedoge,Pepe Doge,0xb8c55c80a1cb7394088a36c6b634dc2bf3c6fb67,True,17096847.0,success,2023-04-25,2025-11-30,741.0,,good,TRUE
pepeg,Pepe Girl,0x8bcbef61acd66537362f38167f11875134ffcd63,True,17076415.0,success,2023-04-20,2025-12-01,864.0,,good,TRUE
pepega,Pepega,0x9634bdb20bbab07bb52d279fa6e0c53ccc89c879,True,19925861.0,success,2024-05-27,2025-12-02,478.0,,good,TRUE
pepenode,PepeNode,0xf5e3479c876711a64f26838024875128d3b2c0ab,True,23322367.0,success,2025-09-09,2025-11-13,1454.0,,good,TRUE
peper,Baby Pepe on ETH,0xb69100340a5947e856d873463694ae2186146c43,True,20165884.0,success,2024-06-27,2025-11-29,353.0,,good,TRUE
pepes,McPepe's,0x6bf765c43030387a983f429c1438e9d2025b7e12,True,16731488.0,success,2023-03-01,2025-12-02,927.0,,good,TRUE
pepestr,Pepe Strategy,0xa89f4ca08f729364f0e1ce657c4b6d5ea60e1f91,True,23477511.0,success,2025-10-02,2025-12-02,450.0,,good,TRUE
pepeto,PEPETO,0x0fb1f1ef7eafc3d05b5fe4a0f1cd6a6852a8b6ed,True,23381862.0,success,2025-09-18,2025-11-29,975.0,,good,TRUE
pepinu,Pepinu,0x68f108fb7141ffe36b832c5c225d9e7e474bd664,True,19412978.0,success,2024-03-16,2025-11-25,367.0,,good,TRUE
pepo,Peepo,0xd1b89856d82f978d049116eba8b7f9df2f342ff3,True,20002451.0,success,2024-06-07,2025-12-02,544.0,,good,TRUE
pepon,PepsiCo (Ondo Tokenized Stock),0x3ce219d498d807317f840f4cb0f03fa27dd65046,True,,success,2025-09-02,2025-12-02,93.0,,good,TRUE
peppa,PEPPA,0xf4172630a656a47ece8616e75791290446fa41a0,True,17270445.0,success,2023-05-22,2025-12-01,557.0,,good,TRUE
pepu,Pepe Unchained [OLD],0xadd39272e83895e7d3f244f696b7a25635f34234,True,20025507.0,success,2024-12-12,2025-12-02,357.0,,good,TRUE
pepu,Pepe Unchained,0x93aa0ccd1e5628d3a841c4dbdf602d9eb04085d6,True,22564904.0,success,2025-06-19,2025-12-02,168.0,,good,TRUE
pepurai,PEPURAI,0x9863bcc2fb23dfdf5fe275aa4c5575a32a580911,True,18031178.0,success,2023-09-13,2025-12-02,700.0,,good,TRUE
pepx,PepsiCo xStock,0x36c424a6ec0e264b1616102ad63ed2ad7857413e,True,,success,2025-07-29,2025-12-02,128.0,,good,TRUE
pepy,Pepy coin,0xa1e349fac47e50b42cd323c4285ef4622b60a5e0,True,19627015.0,success,2024-04-12,2025-12-02,384.0,,good,TRUE
perc,Perion,0x60be1e1fe41c1370adaf5d8e66f07cf1c2df2268,True,13847345.0,success,2022-02-03,2025-11-29,1387.0,,good,TRUE
percy,Percy Verence,0x4448726b23483927c492f09c1dbfdffd3967b452,True,21551128.0,success,2025-01-05,2025-11-29,315.0,,good,TRUE
perl,PERL.eco,0xeca82185adce47f39c684352b0439f030f860318,True,10695543.0,success,2019-08-27,2025-12-02,2291.0,,good,TRUE
perp,Perpetual Protocol,0xbc396689893d065f41bc2c6ecbee5e0085233447,True,10804048.0,success,2020-09-09,2025-12-02,1912.0,,good,TRUE
perq,PERQ,0x2a414884a549ef5716bc1a4e648d3dc03f08b2cf,True,,success,2024-12-06,2025-12-02,363.0,,good,TRUE
petrok,Petrok,0x8a4b65d4c6faf9d404f332a80634284c5b8c6f37,True,23294632.0,success,2025-09-05,2025-11-18,278.0,,good,TRUE
pets,PolkaPet World,0x6afcff9189e8ed3fcc1cffa184feb1276f6a82a5,True,13453032.0,success,2021-10-29,2025-12-03,1276.0,,good,TRUE
pew,pepe in a memes world,0x382ea807a61a418479318efd96f1efbc5c1f2c21,True,19966185.0,success,2024-05-28,2025-12-02,555.0,,good,TRUE
pfeon,Pfizer (Ondo Tokenized Stock),0x06954faa913fa14c28eb1b2e459594f22f33f3de,True,,success,2025-09-02,2025-12-02,91.0,,good,TRUE
pfex,Pfizer xStock,0x1ac765b5bea23184802c7d2d497f7c33f1444a9e,True,,success,2025-11-20,2025-12-02,204.0,,good,TRUE
pfrog,Peace Frog,0xa44136dc2e7a1543abbbf1c2a97e57c8d885e0be,True,21283980.0,success,2024-11-30,2025-11-30,328.0,,good,TRUE
pfvs,Puffverse,0x3157874a7508fcf972379d24590c6806522b784f,True,22534526.0,success,2025-05-27,2025-12-03,192.0,,good,TRUE
pgen,Polygen,0xf6719e1a8fcbb1b9c290019e37e004966a8916c9,True,13710164.0,success,2021-12-12,2025-12-03,1137.0,,good,TRUE
pgon,Procter & Gamble (Ondo Tokenized Stock),0x339ce23a355ed6d513dd3e1462975c4ecd86823a,True,,success,2025-09-02,2025-12-03,88.0,,good,TRUE
pgx,Procter & Gamble xStock,0xa90424d5d3e770e8644103ab503ed775dd1318fd,True,,success,2025-07-30,2025-12-03,128.0,,good,TRUE
pha,PHALA,0x6c5ba91642f10282b576d91922ae6448c9d52f4e,True,9975568.0,success,2020-09-12,2025-12-02,1909.0,,good,TRUE
phil,Phil,0xc328a59e7321747aebbc49fd28d1b32c1af8d3b2,True,20627000.0,success,2024-08-29,2025-12-03,462.0,,good,TRUE
phm,Phantom Protocol,0x3f9bec82c776c47405bcb38070d2395fd18f89d3,True,12905496.0,success,2021-09-08,2025-11-27,1394.0,,good,TRUE
phnx,PhoenixDAO,0x38a2fdc11f526ddd5a607c1f251c065f40fbf2f7,True,10040876.0,success,2020-05-28,2025-12-02,1754.0,,good,TRUE
pht,PHT Stablecoin,0xbe370ad45d44eb45174c4ec60b88839fef32c077,True,21836843.0,success,2025-08-12,2025-12-03,101.0,,good,TRUE
phtr,Phuture,0xe1fc4455f62a6e89476f1072530c20cf1a0622da,True,12560740.0,success,2021-06-04,2025-12-03,1642.0,,good,TRUE
phunk,PHUNK Vault (NFTX),0xb39185e33e8c28e0bb3dbbce24da5dea6379ae91,True,,success,2021-07-13,2025-12-02,1339.0,,good,TRUE
phx,PHOENIX,0xfe3f988a90dea3ee537bb43ec1aca7337a15d002,True,21401465.0,success,2024-12-19,2025-12-02,343.0,,good,TRUE
pib,Pibble,0x1864ce27e9f7517047933caae530674e8c70b8a7,True,5250842.0,success,2018-08-01,2025-12-03,2682.0,,good,TRUE
pica,Picasso,0xbb63a9b64a80e9338b8ea298c51765e57c4f159c,True,19230665.0,success,2023-08-10,2025-12-02,847.0,,good,TRUE
pickle,Pickle,0x6942016b8de9d18a5831eeda915e48b27cc8e23d,True,20203594.0,success,2024-07-02,2025-12-02,430.0,,good,TRUE
pickle,Pickle Finance,0x429881672b9ae42b8eba0e26cd9c73711b891ca5,True,10830521.0,success,2020-09-11,2025-12-03,1910.0,,good,TRUE
pika,Pikaboss,0xa9d54f37ebb99f83b603cc95fc1a5f3907aaccfd,True,17248258.0,success,2023-10-02,2025-12-03,794.0,,good,TRUE
pika,Pika,0x60f5672a271c7e39e787427a18353ba59a4a3578,True,,success,2021-03-25,2025-12-02,1634.0,,good,TRUE
pillar,PillarFi,0x6a1d6a577b17b425f3437c8a7c2c4d3a161816d8,True,21673883.0,success,2025-01-21,2025-11-19,122.0,,good,TRUE
pilso,PILSO OS,0x0de76c2e3f53f6f957cab29e2d0261846b702bc2,True,22782755.0,success,2025-06-29,2025-11-30,139.0,,good,TRUE
pin,PinLink,0x2e44f3f609ff5aa4819b323fd74690f07c3607c4,True,21187817.0,success,2024-11-14,2025-12-03,386.0,,good,TRUE
pine,Pine,0x569424c5ee13884a193773fdc5d1c5f79c443a51,True,,success,2023-02-09,2025-12-03,1030.0,,good,TRUE
pineowl,Pineapple Owl,0x79c6ffe2ccbca761e9e289a69432bffb0b744876,True,19000286.0,success,2023-10-04,2025-11-15,520.0,,good,TRUE
pinu,Piccolo Inu,0x3a1311b8c404629e38f61d566cefefed083b9670,True,13470036.0,success,2021-10-24,2025-11-29,1402.0,,good,TRUE
pipi,Pipi on ETH,0x6977597bbbdcc453636bd67a161a96d85098f327,True,19873741.0,success,2024-06-11,2025-12-01,474.0,,good,TRUE
pirate,PirateCash,0xb990d93c308a31c737aa91839e8ba8eaf4017d7a,True,15902661.0,success,2018-12-13,2025-12-03,2549.0,,good,TRUE
pirate,Pirate Nation Token,0x7613c48e0cd50e42dd9bf0f6c235063145f6f8dc,True,19477582.0,success,2024-06-13,2025-12-03,540.0,,good,TRUE
pirb,PIRB,0x7ad16874759348f04b6b6119463d66c07ae54899,True,19014483.0,success,2023-09-08,2025-12-03,785.0,,good,TRUE
pitchfxs,Pitch FXS,0x11ebe21e9d7bf541a18e1e3ac94939018ce88f0b,True,14850141.0,success,2022-12-07,2025-12-02,882.0,,good,TRUE
pixel,Pixels,0x3429d03c6f7521aec737a0bbf2e5ddcef2c3ae31,True,18980460.0,success,2024-02-19,2025-12-03,655.0,,good,TRUE
pixel,PixelVerse,0x65e6b60ea01668634d68d0513fe814679f925bad,True,13510604.0,success,2021-11-07,2025-12-03,1488.0,,good,TRUE
pixfi,Pixelverse,0xd795eb12034c2b77d787a22292c26fab5f5c70aa,True,19920999.0,success,2024-07-18,2025-12-03,505.0,,good,TRUE
pixl,PIXL,0x427a03fb96d9a94a6727fbcfbba143444090dd64,True,13572102.0,success,2023-12-31,2025-12-03,705.0,,good,TRUE
pizza,Pizza,0x3c1e2cce6af05d4adf0a9d40a64f1a3dbb47a7b0,True,21217667.0,success,2024-11-26,2025-11-26,314.0,,good,TRUE
pkf,Red Kite,0x8b39b70e39aa811b69365398e0aace9bee238aeb,True,11937922.0,success,2021-03-17,2025-12-02,1710.0,,good,TRUE
pkn,Poken,0xdf09a216fac5adc3e640db418c0b956076509503,True,12652207.0,success,2021-12-14,2025-12-03,1433.0,,good,TRUE
planet,Planet Token,0x2ad9addd0d97ec3cdba27f92bf6077893b76ab0b,True,17370501.0,success,2023-06-16,2025-12-03,903.0,,good,TRUE
play,PLAY,0x7404ac09adf614603d9c16a7ce85a1101f3514ba,True,20743622.0,success,2024-12-11,2025-12-03,359.0,,good,TRUE
pleb,Plebbit,0xea81dab2e0ecbc6b5c4172de4c22b6ef6e55bd8f,True,,success,2023-09-25,2025-11-29,759.0,,good,TRUE
pleb,PLEB Token,0xe19f85c920b572ca48942315b06d6cac86585c87,True,17083019.0,success,2023-04-22,2025-12-03,883.0,,good,TRUE
pleb,Plebz,0x740a5ac14d0096c81d331adc1611cf2fd28ae317,True,19142591.0,success,2024-03-18,2025-12-03,594.0,,good,TRUE
pledge,Pledge,0x910812c44ed2a3b611e4b051d9d83a88d652e2dd,True,21344733.0,success,2024-12-08,2025-12-03,330.0,,good,TRUE
plld,Palladium Network,0xfc8dcfca8a37a855e352098af205b3a537b6b026,True,,success,2025-07-03,2025-12-02,133.0,,good,TRUE
plot,PlotX,0x72f020f8f3e8fd9382705723cd26380f8d0c66bb,True,11033773.0,success,2020-10-14,2025-12-03,1878.0,,good,TRUE
plpa,Palapa,0x2eb05470a5b54065569ba1ef0fb94509538fbaf2,True,,success,2025-08-14,2025-12-02,112.0,,good,TRUE
plr,Pillar,0xe3818504c1b32bf1557b16c238b2e01fd3149c17,True,4022181.0,success,2017-09-12,2025-12-03,3006.0,,good,TRUE
plsb,PulseBitcoin,0x5ee84583f67d5ecea5420dbb42b462896e7f8d06,True,15790790.0,success,2023-01-11,2025-12-03,1057.0,,good,TRUE
plt,Palette,0x553afe6468949e0685959022217336717df5fbe8,True,19275083.0,success,2024-03-01,2025-12-02,612.0,,good,TRUE
pltron,Palantir Technologies (Ondo Tokenized Stock),0x0c666485b02f7a87d21add7aeb9f5e64975aa490,True,,success,2025-09-02,2025-12-02,93.0,,good,TRUE
pltrx,Palantir xStock,0x6d482cec5f9dd1f05ccee9fd3ff79b246170f8e2,True,,success,2025-11-20,2025-12-02,210.0,,good,TRUE
plu,Pluton,0xd8912c10681d8b21fd3742244f44658dba12264e,True,2199101.0,success,2017-12-08,2025-12-03,2919.0,,good,TRUE
plug,PL^Gnet,0x47da5456bc2e1ce391b645ce80f2e97192e4976a,True,5216349.0,success,2021-05-26,2025-12-03,1648.0,,good,TRUE
plume,Plume,0x4c1746a800d224393fe2470c70a35717ed4ea5f1,True,,success,2025-01-21,2025-12-03,318.0,,good,TRUE
plums,PLUMS,0x666cbfaa3baa2faccfac8854fea1e5db140fb104,True,17146505.0,success,2023-05-02,2025-11-26,525.0,,good,TRUE
plur,PLURcoin,0xfcfcb729e45f7037362ba61f6dfbcdaefacfd55e,True,14185272.0,success,2025-07-13,2025-10-21,22.0,,good,TRUE
plx,Pullix,0x1cc7047e15825f639e0752eb1b89e4225f5327f2,True,18621069.0,success,2024-03-14,2025-12-03,630.0,,good,TRUE
ply,Aurigami,0x1ab43204a195a0fd37edec621482afd3792ef90b,True,14491186.0,success,2022-05-05,2025-12-02,1309.0,,good,TRUE
ply,PlayNity,0x20d60c6eb195868d4643f2c9b0809e4de6cc003d,True,,success,2021-12-12,2025-11-20,1265.0,,good,TRUE
pma,PumaPay,0x846c66cf71c43f80403b51fe3906b3599d63336f,True,5577917.0,success,2018-08-10,2025-11-26,2414.0,,good,TRUE
pmon,Protocol Monsters,0x1796ae0b0fa4862485106a0de9b654efe301d0b2,True,12116821.0,success,2021-04-01,2025-12-03,1709.0,,good,TRUE
pmx,Philip Morris xStock,0x02a6c1789c3b4fdb1a7a3dfa39f90e5d3c94f4f9,True,,success,2025-11-20,2025-12-02,184.0,,good,TRUE
pmx,Primex Finance,0x0b3eaead748facdb9d943d3407011f16eb17d0cf,True,21141914.0,success,2025-02-01,2025-12-03,307.0,,good,TRUE
pndc,PondCoin,0x423f4e6138e475d85cf7ea071ac92097ed631eea,True,17844056.0,success,2023-08-08,2025-12-03,850.0,,good,TRUE
pnk,Kleros,0x93ed3fbe21207ec2e8f2d3c3de6e058cb73bc04d,True,5257012.0,success,2018-08-17,2025-12-02,2662.0,,good,TRUE
pnkstr,PunkStrategy,0xc50673edb3a7b94e8cad8a7d4e0cd68864e33edf,True,23305210.0,success,2025-09-15,2025-12-03,1882.0,,good,TRUE
pnp,Penpie,0x7dedbce5a2e31e4c75f87fea60bf796c17718715,True,17434631.0,success,2023-06-22,2025-12-02,896.0,,good,TRUE
pnt,pNetwork,0x89ab32156e46f46d02ade3fecbe5fc4243b9aaed,True,10284308.0,success,2020-06-19,2025-12-03,1986.0,,good,TRUE
pnut,Peanut,0xe69ccaaaea33ebfe5b76e0dd373cd9a1a31fd410,True,21095347.0,success,2024-11-04,2025-12-02,394.0,,good,TRUE
pochita,Pochita,0x92d001c60df1c2248ae9020bbac559331cefcdec,True,20878891.0,success,2024-10-13,2025-12-03,387.0,,good,TRUE
pochita,Pochita on Ethereum,0x4e6221c07dae8d3460a46fa01779cf17fdd72ad8,True,20878907.0,success,2024-10-10,2025-12-03,417.0,,good,TRUE
pod,The Other Party,0xe90ce7764d8401d19ed3733a211bd3b06c631bc0,True,18736306.0,success,2023-12-08,2025-12-01,491.0,,good,TRUE
pofu,Pofu,0xae53d5bdc95e83e956a2f29771b18175abb8273f,True,22872094.0,success,2025-10-16,2025-12-02,970.0,,good,TRUE
points,Points,0xd7c1eb0fe4a30d3b2a846c04aa6300888f087a5f,True,18775416.0,success,2023-12-16,2025-11-26,542.0,,good,TRUE
pokt,Pocket Network,0x764a726d9ced0433a8d7643335919deb03a9a935,True,,success,2022-01-12,2025-12-03,1423.0,,good,TRUE
pol,POL (ex-MATIC),0x455e53cbb86018ac2b8092fdcd39d8444affc3f6,True,18426253.0,success,2023-10-25,2025-12-03,772.0,,good,TRUE
pola,Polaris Share,0xc691bc298a304d591ad9b352c7a8d216de9f2ced,True,10269443.0,success,2021-01-31,2025-12-03,1768.0,,good,TRUE
polc,Polkacity,0xaa8330fb2b4d5d07abfe7a72262752a8505c6b37,True,11875172.0,success,2021-02-24,2025-12-03,1745.0,,good,TRUE
poli,Polinate,0xa1a36d3537bbe375cc9694795f663ddc8d516db9,True,13126427.0,success,2021-09-01,2025-12-02,1419.0,,good,TRUE
polk,Polkamarkets,0xd478161c952357f05f0292b56012cd8457f1cfbf,True,11893592.0,success,2021-02-24,2025-12-03,1745.0,,good,TRUE
pols,Polkastarter,0x83e6f1e41cdd28eaceb20cb649155049fac3d5aa,True,10953732.0,success,2020-09-29,2025-12-03,1893.0,,good,TRUE
poly,Polymath,0x9992ec3cf6a55b00978cddf2b27bc6882d88d1ec,True,4994844.0,success,2018-02-09,2025-12-03,2856.0,,good,TRUE
pom,Pepe on Memeland,0x5a7471876df6e7da32207ee4e50b0a61ff81e312,True,23311163.0,success,2025-09-09,2025-09-14,106.0,,good,TRUE
pond,Marlin,0x57b946008913b82e4df85f501cbaed910e58d26c,True,,success,2020-12-21,2025-12-02,1809.0,,good,TRUE
pongo,Pongo,0x7c68e725b0b2ffcba8947fded4198c3d1db041e6,True,19692843.0,success,2024-05-03,2025-12-03,581.0,,good,TRUE
poodl,Poodl Inu,0x4b7c762af92dbd917d159eb282b85aa13e955739,True,19232857.0,success,2024-04-16,2025-12-02,570.0,,good,TRUE
pooh,POOH,0xb69753c06bb5c366be51e73bfc0cc2e3dc07e371,True,17123958.0,success,2023-05-05,2025-12-03,945.0,,good,TRUE
pool,PoolTogether,0x0cec1a9154ff802e7934fc916ed7ca50bde6844e,True,11870113.0,success,2021-02-17,2025-12-03,1749.0,,good,TRUE
pop,Proof of Pepe Art,0x7f75aa2274273f4d41267a0e2cd6c9b96c5b7510,True,20028764.0,success,2024-06-12,2025-12-02,274.0,,good,TRUE
popg,POPG,0xdac070102b0cfde1493026454c9c608924f6db71,True,19743432.0,success,2025-03-07,2025-12-03,214.0,,good,TRUE
popo,POPO,0x195be8ee12aa1591902c4232b5b25017a9cbbdea,True,19875099.0,success,2024-05-22,2025-12-03,411.0,,good,TRUE
poppy,Poppy,0xca4f53e6117623992126a9a45ce61682fe8678df,True,21564361.0,success,2025-01-08,2025-12-01,294.0,,good,TRUE
pork,PepeFork,0xb9f599ce614feb2e1bbe58f180f370d05b39344e,True,19117206.0,success,2024-01-30,2025-12-02,674.0,,good,TRUE
portal,Portal,0x1bbe973bef3a977fc51cbed703e8ffdefe001fed,True,19269523.0,success,2024-02-29,2025-12-03,645.0,,good,TRUE
portx,ChainPort,0x104f3152d8ebfc3f679392977356962ff36566ac,True,,success,2022-09-20,2025-12-02,1171.0,,good,TRUE
power,Powerloom,0x429f0d8233e517f9acf6f0c8293bf35804063a83,True,21441160.0,success,2025-01-10,2025-12-03,329.0,,good,TRUE
powr,Powerledger,0x595832f8fc6bf59c85c527fec3740a1b7a361269,True,3811884.0,success,2017-11-08,2025-12-03,2949.0,,good,TRUE
ppay,Plasma Finance,0x054d64b73d3d8a21af3d764efd76bcaa774f3bb2,True,11184234.0,success,2020-12-10,2025-12-03,1696.0,,good,TRUE
ppblz,Pepemon Pepeballs,0x4d2ee5dae46c86da2ff521f7657dad98834f97b8,True,10977204.0,success,2020-10-15,2025-12-01,1079.0,,good,TRUE
ppc,Peercoin,0x044d078f1c86508e13328842cc75ac021b272958,True,14102672.0,success,2013-04-28,2025-12-02,4595.0,,good,TRUE
ppdex,Pepedex,0xf1f508c7c9f0d1b15a76fba564eef2d956220cf7,True,11069236.0,success,2020-11-03,2025-11-30,1265.0,,good,TRUE
ppt,Populous,0xd4fa1460f537bb9085d22c7bccb5dd450ef28e3a,True,4000506.0,success,2017-07-13,2025-12-03,3065.0,,good,TRUE
prare,Polkarare,0x2c2f7e7c5604d162d75641256b80f1bf6f4dc796,True,12411131.0,success,2021-05-11,2025-12-03,1668.0,,good,TRUE
prcy,PRivaCY Coin,0xdfc3829b127761a3218bfcee7fc92e1232c9d116,True,12218308.0,success,2021-03-02,2025-12-03,1739.0,,good,TRUE
prdx,Pridexa,0x92b7c1c801ca615aa845238d5fe4e50712358fa7,True,22882649.0,success,2025-07-11,2025-11-25,57.0,,good,TRUE
pre,Presearch,0xec213f83defb583af3a000b1c0ada660b1902a0f,True,,success,2017-12-07,2025-12-03,2910.0,,good,TRUE
preai,Predict Crypto,0xabd0e3535ecfbf6959b1798220335faf1b7ada3a,True,19674755.0,success,2024-04-26,2025-11-30,417.0,,good,TRUE
premia,Premia,0x6399c842dd2be3de30bf99bc7d1bbf6fa3650e70,True,11775757.0,success,2021-02-15,2025-12-03,1754.0,,good,TRUE
prfi,Prime Numbers Labs,0x7bbcf1b600565ae023a1806ef637af4739de3255,True,22346756.0,success,2025-04-25,2025-12-03,222.0,,good,TRUE
primal,PRIMAL,0xdd13dedecebda566322195bc4451d672a148752c,True,15520747.0,success,2022-12-09,2025-12-03,1092.0,,good,TRUE
primate,Primate,0x46e98ffe40e408ba6412beb670507e083c8b95ff,True,14657588.0,success,2022-04-27,2025-12-03,1278.0,,good,TRUE
prime,Echelon Prime,0xb23d80f5fefcddaa212212f028021b41ded428cf,True,15161793.0,success,2023-03-02,2025-12-02,1008.0,,good,TRUE
prisma,Prisma Governance Token,0xda47862a83dac0c112ba89c6abc2159b95afd71c,True,18029878.0,success,2023-11-02,2025-12-03,764.0,,good,TRUE
privix,Privix,0xb1205f513c0f157363f79ffb5455907685ab34ce,True,23371059.0,success,2025-09-20,2025-12-03,1715.0,,good,TRUE
prl,Parallel Governance,0x6c0aeceedc55c9d55d8b99216a670d85330941c3,True,22231654.0,success,2021-06-21,2025-12-02,1474.0,,good,TRUE
pro,Prodigy Bot,0xbd7e92cf6f857be8541fca6abfb72aef8e16c307,True,17815089.0,success,2023-08-04,2025-12-03,753.0,,good,TRUE
pro,Propy,0x226bb599a12c826476e3a771454697ea52e9e220,True,4032456.0,success,2017-10-29,2025-12-03,2959.0,,good,TRUE
profit,PROFIT AI,0xeb3127a8f1aa9ae9c9ef2459657c3f4fa1f192de,True,22417723.0,success,2025-06-15,2025-12-03,169.0,,good,TRUE
project89,Project 89,0x6907ad44fa86ffb35a7e078e8b58638e69398cbb,True,23320963.0,success,2025-09-09,2025-10-08,142.0,,good,TRUE
prom,Prom,0xfc82bb4ba86045af6f327323a46e80412b91b27d,True,7789253.0,success,2019-06-29,2025-12-03,2351.0,,good,TRUE
prompt,Wayfinder,0x28d38df637db75533bd3f71426f3410a82041544,True,22090587.0,success,2025-04-11,2025-12-03,238.0,,good,TRUE
promptide,PromptIDE,0xf3e66b03d098d0482be9cb3d6999787231a93ed9,True,18496588.0,success,2023-11-06,2025-12-03,605.0,,good,TRUE
proof,PROOF Platform,0x9b4a69de6ca0defdd02c0c4ce6cb84de5202944e,True,18391962.0,success,2023-10-26,2025-12-03,766.0,,good,TRUE
propc,Propchain,0x9ff58067bd8d239000010c154c6983a325df138e,True,17278786.0,success,2023-05-19,2025-12-03,931.0,,good,TRUE
prophet,Prophet of Ethereum,0x3fa55eb91be2c5d72890da11a4c0269e7f786555,True,20332148.0,success,2024-09-04,2025-12-03,457.0,,good,TRUE
propht,Prophet,0x0138f5e99cfdffbacf36e543800c19ef16fa294b,True,21265837.0,success,2024-11-27,2025-12-03,192.0,,good,TRUE
pros,Prospective,0xbe1936a67f503e0eaf2434b0cf9f4e3d7100008a,True,15923525.0,success,2025-08-29,2025-12-03,98.0,,good,TRUE
pros,Prosper [OLD],0x8642a849d0dcb7a15a974794668adcfbe4794b56,True,11458672.0,success,2021-01-15,2025-12-03,1785.0,,good,TRUE
pros,Prosper,0x915424ac489433130d92b04096f3b96c82e92a9d,True,,success,2025-02-04,2025-12-03,304.0,,good,TRUE
prove,Succinct,0x6bef15d938d4e72056ac92ea4bdd0d76b1c4ad29,True,22426745.0,success,2025-08-05,2025-12-03,122.0,,good,TRUE
prq,PARSIQ,0x362bc847a3a9637d3af6624eec853618a43ed7d2,True,11011736.0,success,2020-08-05,2025-12-02,1947.0,,good,TRUE
prsai,Prism AI,0xdbbbb379a5df5815384182fe3822d1a145b7416c,True,22933309.0,success,2025-07-19,2025-11-28,62.0,,good,TRUE
prtg,Pre-Retogeum,0xbd04ccc050058a6a422851fa6c0f92bb65eb06ca,True,15160965.0,success,2022-09-22,2025-12-03,1113.0,,good,TRUE
prxs,Praxis,0x9f49034409ae6813d2c70ae5117fd23cdff2d190,True,23137470.0,success,2025-08-29,2025-12-03,98.0,,good,TRUE
psm,Possum,0xcb69b067d9d8d6dd1209fe4557c43586e54f9045,True,18546612.0,success,2023-12-13,2025-12-03,723.0,,good,TRUE
psp,ParaSwap,0xcafe001067cdef266afb7eb5a286dcfd277f3de5,True,13619386.0,success,2021-11-15,2025-12-02,1480.0,,good,TRUE
pstake,pSTAKE Finance,0xfb5c6815ca3ac72ce9f5006869ae67f18bf77006,True,13986792.0,success,2022-02-24,2025-12-03,1379.0,,good,TRUE
pswap,Polkaswap,0x519c1001d550c0a1dae7d1fc220f7d14c2a521bb,True,12424888.0,success,2021-05-14,2025-12-03,1666.0,,good,TRUE
psy,PsyDAO,0x2196b84eace74867b73fb003aff93c11fce1d47a,True,,success,2024-12-02,2025-12-03,368.0,,good,TRUE
psyop,PSYOP,0x3007083eaa95497cd6b2b809fb97b6a30bdf53d3,True,17289896.0,success,2023-05-22,2025-12-03,895.0,,good,TRUE
pt,Phemex Token,0xbbb32f99e6f2cb29337eebaa43c5069386de6e6c,True,18668846.0,success,2023-12-01,2025-12-02,734.0,,good,TRUE
ptb,Portal to Bitcoin,0x30a25cc9c9eade4d4d9e9349be6e68c3411367d3,True,,success,2025-09-03,2025-12-03,2173.0,,good,TRUE
ptc,PATIC,0x27cf096db452425c51daa356e7d9c574c75e8737,True,22195651.0,success,2025-05-01,2025-12-02,217.0,,good,TRUE
ptf,PowerTrade Fuel,0xc57d533c50bc22247d49a368880fb49a1caa39f7,True,10920853.0,success,2020-09-24,2025-12-03,1898.0,,good,TRUE
pth,PlasticHero,0x8ab98330473101309db94b625f9997366a518223,True,18312733.0,success,2023-11-07,2025-12-03,759.0,,good,TRUE
ptoy,Patientory,0x8ae4bf2c33a8e667de34b54938b0ccd03eb8cc06,True,3794169.0,success,2017-07-09,2025-12-02,2888.0,,good,TRUE
pudgystr,PudgyStrategy,0xb3d6e9e142a785ea8a4f0050fee73bcc3438c5c5,True,23398560.0,success,2025-09-22,2025-12-03,1722.0,,good,TRUE
pufeth,pufETH,0xd9a442856c234a39a81a089c06451ebaa4306a72,True,,success,2024-02-12,2025-12-03,661.0,,good,TRUE
puff,Puff The Dragon,0x31b6100f5f4466e6daeb1edb2f2ce6e548cf8938,True,20584092.0,success,2024-03-12,2025-12-03,633.0,,good,TRUE
puffer,Puffer,0x4d1c297d39c5c1277964d0e3f8aa901493664530,True,20870281.0,success,2024-10-14,2025-12-03,417.0,,good,TRUE
puge,Puge,0x2d3a55be8267effc7c6f41035b3d8d71f3a9c1af,True,22843129.0,success,2025-07-06,2025-12-03,152.0,,good,TRUE
pulse,PulseMarkets,0x52a047ee205701895ee06a375492490ec9c597ce,True,13329878.0,success,2021-10-14,2025-12-03,1477.0,,good,TRUE
pumlx,PUMLx,0x8c088775e4139af116ac1fa6f281bbf71e8c1c73,True,15445347.0,success,2022-10-07,2025-12-03,1098.0,,good,TRUE
pumpbtc,pumpBTC,0xf469fbd2abcd6b9de8e169d128226c0fc90a012e,True,20205105.0,success,2024-07-17,2025-11-30,494.0,,good,TRUE
pumpkin,Pumpkinhead,0x8a80b082df7bd96677ab7a0498836cbfb0e1465b,True,22459642.0,success,2025-10-09,2025-12-02,1164.0,,good,TRUE
pundiai,Pundi AI,0x075f23b9cdfce2cc0ca466f4ee6cb4bd29d83bef,True,,success,2025-02-26,2025-12-03,279.0,,good,TRUE
pundix,Pundi X,0x0fd10b9899882a6f2fcb5c371e17e70fdee00c38,True,,success,2021-03-30,2025-12-03,1711.0,,good,TRUE
punk,PunkCity,0xaf6a1125d4cc55a4110dc63cd2ff6e005afb8676,True,18113826.0,success,2023-08-14,2025-12-03,844.0,,good,TRUE
punk,Punk Vault (NFTX),0x269616d549d7e8eaa82dfb17028d0b212d11232a,True,,success,2021-07-12,2025-12-03,1559.0,,good,TRUE
puppies,I love puppies,0xcf91b70017eabde82c9671e30e5502d312ea6eb2,True,19203465.0,success,2024-03-05,2025-12-02,639.0,,good,TRUE
puppies,I love puppies ,0x0e60ce572a5456b6974d5e7507cc07110dd062a4,True,23473112.0,success,2025-10-02,2025-12-02,1479.0,,good,TRUE
purse,Pundi X PURSE,0x95987b0cdc7f65d989a30b3b7132a38388c548eb,True,,success,2021-11-15,2025-12-03,1481.0,,good,TRUE
pusd,Plume USD,0xdddd73f5df1f0dc31373357beac77545dc5a6f3f,True,21369921.0,success,2025-05-08,2025-12-03,210.0,,good,TRUE
push,Push Protocol,0xf418588522d5dd018b425e472991e52ebbeeeeee,True,12222104.0,success,2021-04-13,2025-12-02,1696.0,,good,TRUE
pussy,Pussy Financial,0x9196e18bc349b1f64bc08784eae259525329a1ad,True,12363102.0,success,2021-05-04,2025-12-03,1636.0,,good,TRUE
pxeth,Dinero Staked ETH,0x04c154b66cb340f3ae24111cc767e0184ed00cc6,True,18765713.0,success,2024-03-21,2025-12-02,623.0,,good,TRUE
pxp,PointPay,0x15fa5d3dbd11a831b72b92c1705bc9f801e233cb,True,19406477.0,success,2024-04-16,2025-12-03,598.0,,good,TRUE
pyplon,PayPal (Ondo Tokenized Stock),0x4efd92f372898b57f292de69fce377dd7d912bdd,True,,success,2025-09-02,2025-12-02,91.0,,good,TRUE
pyr,Vulcan Forged,0x430ef9263e76dae63c84292c3409d61c598e9682,True,13849184.0,success,2021-04-14,2025-12-03,1696.0,,good,TRUE
pyusd,PayPal USD,0x6c3ea9036406852006290770bedfcaba0e23a0e8,True,,success,2023-08-16,2025-12-16,851.0,,good,TRUE
pzeth,Renzo Restaked LST,0x8c9532a60e0e7c6bbd2b2c1303f63ace1c3e9811,True,,success,2024-07-10,2025-12-03,513.0,,good,TRUE
q,Quack AI,0xc07e1300dc138601fa6b0b59f8d0fa477e690589,True,23187538.0,success,2025-09-02,2025-12-03,94.0,,good,TRUE
q*,QSTAR,0x9abfc0f085c82ec1be31d30843965fcc63053ffe,True,18630833.0,success,2023-11-25,2025-12-03,741.0,,good,TRUE
qace,Qace Dynamics,0x696025fab2f3e2ade78e57a3f553e993d2996615,True,23363552.0,success,2025-09-17,2025-12-03,1831.0,,good,TRUE
qai,QuantaAI,0x123fb3dfa7d082291d822ceedaabe3aa0c3f7758,True,21544287.0,success,2025-01-06,2025-12-03,252.0,,good,TRUE
qai,QuantixAI,0xcb21311d3b91b5324f6c11b4f5a656fcacbff122,True,19046700.0,success,2024-03-18,2025-12-03,626.0,,good,TRUE
qanx,QANplatform,0xaaa9214f675316182eaa21c85f0ca99160cc3aaa,True,16683692.0,success,2021-06-03,2025-12-03,1602.0,,good,TRUE
qbio,Quantum Biology DAO,0x3e6a1b21bd267677fa49be6425aebe2fc0f89bde,True,21330224.0,success,2025-01-19,2025-12-03,320.0,,good,TRUE
qbit,Qubit,0xb17be9a85d1e04d1aa6ea4b83c0bb6a2030c261f,True,22790426.0,success,2025-06-28,2025-12-03,160.0,,good,TRUE
qbtson,D-Wave Quantum (Ondo Tokenized Stock),0x3807562a482b824c08a564dfefcc471806d3e00a,True,,success,2025-09-02,2025-12-02,92.0,,good,TRUE
qbx,QBX,0x72fdc31f4a9a1edf6b6132d3c1754f1cdcf5d9b1,True,20124854.0,success,2024-12-14,2025-12-03,356.0,,good,TRUE
qcomon,Qualcomm (Ondo Tokenized Stock),0xe3419710c1f77d44b4dab02316d3f048818c4e59,True,,success,2025-09-02,2025-12-03,80.0,,good,TRUE
qdx,Quidax,0x1780933e83b09371cf716f3630fe5a422a66a39e,True,20082273.0,success,2021-06-02,2025-12-03,1546.0,,good,TRUE
qf,Quantum Fusion,0x6019dcb2d0b3e0d1d8b0ce8d16191b3a4f93703d,True,19925911.0,success,2024-06-23,2025-12-03,529.0,,good,TRUE
qhub,QHUB,0x6dda263994aab33f5ed612294e26f2a13df0da05,True,18521232.0,success,2023-11-21,2025-12-02,744.0,,good,TRUE
qi,Qi Dao,0x559b7bfc48a5274754b08819f75c5f27af53d53b,True,15219668.0,success,2021-06-04,2025-12-03,1566.0,,good,TRUE
qkc,QuarkChain,0xea26c4ac16d4a5a106820bc8aee85fd0b7b2b664,True,5718081.0,success,2018-06-05,2025-12-03,2740.0,,good,TRUE
qkntl,Quick Intel,0xbcd4d5ac29e06e4973a1ddcd782cd035d04bc0b7,True,18596488.0,success,2023-03-28,2025-12-03,974.0,,good,TRUE
qlix,QLix,0x0a907b0bbff60702b29a36b19718d99253cfbd9f,True,19833200.0,success,2024-05-13,2025-11-26,525.0,,good,TRUE
qlk,Quantlink,0xe226b7ae83a44bb98f67bea28c4ad73b0925c49e,True,23183377.0,success,2025-08-22,2025-11-18,66.0,,good,TRUE
qmall,Qmall,0x2217e5921b7edfb4bb193a6228459974010d2198,True,14183338.0,success,2022-02-15,2025-12-03,1389.0,,good,TRUE
qnt,Quant,0x4a220e6096b25eadb88358cb44068a3248254675,True,5392950.0,success,2018-06-30,2025-12-03,2714.0,,good,TRUE
qom,Shiba Predator,0xa71d0588eaf47f12b13cf8ec750430d21df04974,True,14396702.0,success,2022-03-19,2025-12-03,1357.0,,good,TRUE
qorpo,QORPO WORLD,0x22514ffb0d7232a56f0c24090e7b68f179faa940,True,19163081.0,success,2024-02-29,2025-12-03,645.0,,good,TRUE
qqqon,Invesco QQQ ETF (Ondo Tokenized ETF),0x0e397938c1aa0680954093495b70a9f5e2249aba,True,,success,2025-09-02,2025-12-02,93.0,,good,TRUE
qqqx,Nasdaq xStock,0xa753a7395cae905cd615da0b82a53e0560f250af,True,,success,2025-07-01,2025-12-02,156.0,,good,TRUE
qrx,QuiverX,0x6e0dade58d2d89ebbe7afc384e3e4f15b70b14d8,True,10886145.0,success,2020-10-24,2025-12-03,1692.0,,good,TRUE
qs,Quick Sync,0xebfa41da8978bb4554ef119c403e6cdb2e63aed3,True,22870040.0,success,2025-02-28,2025-12-03,280.0,,good,TRUE
qto,Qtoken,0xea01906843ea8d910658a2c485ffce7c104ab2b6,True,13789022.0,success,2022-06-17,2025-12-03,1178.0,,good,TRUE
qu3,QU3ai,0x8cf5f383fd3a5a730813c61371f90b6ecddf2d3e,True,22513085.0,success,2025-05-11,2025-12-03,208.0,,good,TRUE
qua,Quasacoin,0x4daeb4a06f70f4b1a5c329115731fe4b89c0b227,True,4673518.0,success,2021-12-26,2025-12-03,1425.0,,good,TRUE
quad,Quad Terminal,0xab2a7b5876d707e0126b3a75ef7781c77c8877ee,True,13935098.0,success,2022-03-21,2025-12-03,1051.0,,good,TRUE
quant,QUANT,0xd692cb29aa3958a7f5c583323be2990903a57977,True,20929961.0,success,2024-10-19,2025-12-02,284.0,,good,TRUE
quantz,Quantz,0x738c3acec1a7002d7574b73e43319f86603dcfd6,True,22825566.0,success,2025-07-07,2025-10-31,51.0,,good,TRUE
quartz,Sandclock,0xba8a621b4a54e61c442f5ec623687e2a942225ef,True,13461249.0,success,2021-10-25,2025-12-02,1328.0,,good,TRUE
quest,RavenQuest,0x1fc122fe8b6fa6b8598799baf687539b5d3b2783,True,22138685.0,success,2025-04-02,2025-12-03,247.0,,good,TRUE
quick,Quickswap [OLD],0x6c28aef8977c9b773996d0e8376d2ee379446f2f,True,11016044.0,success,2021-02-15,2025-12-03,1733.0,,good,TRUE
quick,Quickswap,0xd2ba23de8a19316a638dc1e7a9adda1d74233368,True,14627377.0,success,2022-05-04,2025-12-03,1311.0,,good,TRUE
quidd,Quidd,0xda9fdab21bc4a5811134a6e0ba6ca06624e67c07,True,13511238.0,success,2021-11-19,2025-11-16,1377.0,,good,TRUE
quil,Wrapped QUIL,0x8143182a775c54578c8b7b3ef77982498866945d,True,19858699.0,success,2024-05-20,2025-12-03,564.0,,good,TRUE
qwla,Qawalla,0x1d96fd43ee07aa79f8fd003cbdf404fb5ce41ad2,True,5755478.0,success,2021-05-05,2025-12-03,1675.0,,good,TRUE
r34p,R34P,0xcaeaf8381d4b20b43afa42061d6f80319a8881f6,True,11417086.0,success,2020-12-16,2025-12-02,1541.0,,good,TRUE
raca,Radio Caca,0x12bb890508c125661e03b09ec06e404bc9289040,True,13369114.0,success,2021-08-20,2025-12-03,1568.0,,good,TRUE
rad,Radworks,0x31c8eacbffdd875c74b94b077895bd78cf1e64a3,True,11863739.0,success,2021-02-25,2025-12-03,1744.0,,good,TRUE
rada,RADA Foundation,0x7aa2f174fbc4d0a17b34adfb9b3e1dc029b46d76,True,17256681.0,success,2023-09-08,2025-11-08,670.0,,good,TRUE
radar,DappRadar,0x44709a920fccf795fbc57baa433cc3dd53c44dbe,True,13800304.0,success,2021-12-14,2025-12-02,1451.0,,good,TRUE
radar,Radar,0xf9fbe825bfb2bf3e387af0dc18cac8d87f29dea8,True,11810418.0,success,2021-02-09,2025-12-03,1561.0,,good,TRUE
radio,RadioShack,0x7a5d3a9dcd33cb8d527f7b5f96eb4fef43d55636,True,14418577.0,success,2022-04-29,2025-12-03,1282.0,,good,TRUE
rage,Rage.Fan,0x94804dc4948184ffd7355f62ccbb221c9765886f,True,12127459.0,success,2021-03-31,2025-12-03,1710.0,,good,TRUE
rai,Rai Reflex Index,0x03ab458634910aad20ef5f1c8ee96f1d6ac54919,True,11848426.0,success,2021-02-17,2025-12-03,1751.0,,good,TRUE
rai,Reploy,0xc575bd129848ce06a460a19466c30e1d0328f52c,True,21328283.0,success,2024-12-24,2025-12-03,346.0,,good,TRUE
raid,Raid,0x154e35c2b0024b3e079c5c5e4fc31c979c189ccb,True,12922946.0,success,2021-09-03,2025-12-03,1513.0,,good,TRUE
rail,Railgun,0xe76c6c83af64e4c60245d8c7de953df673a7a33d,True,12754822.0,success,2021-07-03,2025-12-03,1616.0,,good,TRUE
rain,Precipitate.ai,0xe3944ab788a60ca266f1eec3c26925b95f6370ad,True,17562996.0,success,2023-12-08,2025-12-03,728.0,,good,TRUE
rain,Rainmaker Games,0x71fc1f555a39e0b698653ab0b475488ec3c34d57,True,13810725.0,success,2021-12-21,2025-12-03,1445.0,,good,TRUE
rainbow,Rainbow,0xe657d49abae3ea21618bb481f1dab4322855f60e,True,20392825.0,success,2024-07-31,2025-11-26,300.0,,good,TRUE
rally,RALLY,0x19640000000ba88d36206beb10d0e86011c8d08c,True,20587112.0,success,2025-06-24,2025-12-03,164.0,,good,TRUE
ramp,RAMP [OLD],0x33d0568941c0c64ff7e0fb4fba0b11bd37deed9f,True,10700125.0,success,2020-10-20,2025-12-03,1871.0,,good,TRUE
random9,Elons Gamertag,0x156994e6cabea296e7a73cf3742355bf71a64cec,True,21552383.0,success,2025-01-15,2025-11-21,287.0,,good,TRUE
rare,SuperRare,0xba5bde662c17e2adff1075610382b9b691296350,True,,success,2021-08-17,2025-12-03,1571.0,,good,TRUE
rare,Unique One,0x93dfaf57d986b9ca77df9376c50878e013d9c7c8,True,11415385.0,success,2020-12-23,2025-12-01,1437.0,,good,TRUE
rari,RARI,0xfca59cd816ab1ead66534d82bc21e7515ce441cf,True,10457021.0,success,2020-07-17,2025-12-03,1967.0,,good,TRUE
rasto,Rastopyry,0x5408d3883ec28c2de205064ae9690142b035fed2,True,20014098.0,success,2024-06-30,2025-12-02,499.0,,good,TRUE
rating,DPRating,0xe8663a64a96169ff4d95b4299e7ae9a76b905b31,True,5707238.0,success,2018-08-11,2025-12-02,2670.0,,good,TRUE
rato,Rato The Rat,0xf816507e690f5aa4e29d164885eb5fa7a5627860,True,22439218.0,success,2025-05-09,2025-12-03,210.0,,good,TRUE
raven,Ravenra,0xab9e60754e27099b93f8e59b50d2238047f1a38c,True,23325968.0,success,2025-09-15,2025-11-25,428.0,,good,TRUE
razor,Razor Network,0x50de6856358cc35f3a9a57eaaa34bd4cb707d2cd,True,11686616.0,success,2021-02-04,2025-12-03,1765.0,,good,TRUE
rbc,Rubic,0x3330bfb7332ca23cd071631837dc289b09c33333,True,16139073.0,success,2020-09-28,2025-12-03,1894.0,,good,TRUE
rbis,ArbiSmart,0xf34b1db61aca1a371fe97bad2606c9f534fb9d7d,True,7048549.0,success,2021-12-23,2025-12-02,1385.0,,good,TRUE
rbn,Ribbon Finance,0x6123b0049f904d730db3c36a31167d9d4121fa6b,True,12497174.0,success,2021-10-07,2025-12-03,1519.0,,good,TRUE
rbr,Robora,0x2c431766e48ec4a17dc052d9d3fef6b6a9ae8d62,True,23220105.0,success,2025-08-27,2025-12-03,100.0,,good,TRUE
rbtc,Rootstock Bitcoin,0x1e44f98cc78d505a61f63b26d13b116cf51dbb87,True,21576177.0,success,2018-11-24,2025-12-03,2568.0,,good,TRUE
rbx,RabbitX,0x3ba925fdeae6b46d0bb4d424d829982cb2f7309e,True,17131098.0,success,2023-05-02,2025-11-28,924.0,,good,TRUE
rbx,RBX,0x8254e26e453eb5abd29b3c37ac9e8da32e5d3299,True,13286284.0,success,2021-10-21,2025-11-30,1267.0,,good,TRUE
rch,RCH Token,0x57b96d4af698605563a4653d882635da59bf11af,True,20032302.0,success,2024-06-10,2025-12-03,543.0,,good,TRUE
rcn,Ripio Credit Network,0xf970b8e36e23f7fc3fd752eea86f8be8d83375a6,True,4418572.0,success,2017-10-28,2025-12-03,2960.0,,good,TRUE
rddton,Reddit (Ondo Tokenized Stock),0xa9431d354cfad3c6b76e50f0e73b43d48be80cd0,True,,success,2025-09-02,2025-12-03,87.0,,good,TRUE
rdnt,Radiant Capital,0x137ddb47ee24eaa998a535ab00378d6bfa84f893,True,18466377.0,success,2022-07-26,2025-12-03,1228.0,,good,TRUE
rdo,Reddio,0x57240c3e140f98abe315ca8e0213c7a77f34a334,True,22546395.0,success,2025-05-29,2025-12-03,190.0,,good,TRUE
rdpx,Dopex Rebate,0x0ff5a8451a839f5f0bb3562689d9a44089738d11,True,12674089.0,success,2021-06-25,2025-11-30,1509.0,,good,TRUE
rdt,Ridotto,0x4740735aa98dc8aa232bd049f8f0210458e7fca3,True,,success,2021-09-29,2025-12-03,1527.0,,good,TRUE
rdx,RandomDEX,0xf222b0e892f419c35e61892cddf0a8ec190c4b9d,True,22095202.0,success,2024-12-15,2025-12-03,294.0,,good,TRUE
re7cbbtc,Re7 cbBTC,0xa02f5e93f783baf150aa1f8b341ae90fe0a772f7,True,20962939.0,success,2025-02-14,2025-12-03,294.0,,bad,UNKNOWN
re7frax,Re7 FRAX,0xbe40491f3261fd42724f1aeb465796eb11c06ddf,True,19639183.0,success,2024-12-18,2025-12-03,352.0,,bad,UNKNOWN
re7tbtc,Re7 tBTC,0x43fd147d5319b8cf39a6e57143684efca9cf3613,True,20577022.0,success,2024-12-16,2025-12-03,354.0,,bad,UNKNOWN
re7usdc,Re7 USDC,0x60d715515d4411f7f43e4206dc5d4a3677f0ec78,True,19949657.0,success,2024-12-16,2025-12-03,354.0,,bad,UNKNOWN
re7usdt,Re7 USDT Morpho Vault,0x95eef579155cd2c5510f312c8fa39208c3be01a8,True,19405435.0,success,2025-01-21,2025-12-03,318.0,,bad,UNKNOWN
re7wbtc,Re7 WBTC Morpho Vault,0xe0c98605f279e4d7946d25b75869c69802823763,True,20577022.0,success,2024-11-28,2025-12-03,372.0,,bad,UNKNOWN
react,Reactive Network,0x817162975186d4d53dbf5a7377dd45376e2d2fc5,True,21157496.0,success,2025-03-05,2025-12-03,275.0,,good,TRUE
realm,Realm,0x464fdb8affc9bac185a7393fd4298137866dcfb8,True,12876991.0,success,2021-09-15,2025-12-03,1536.0,,good,TRUE
red,RedStone,0xc43c6bfeda065fe2c4c11765bf838789bd0bb5de,True,21795913.0,success,2025-03-06,2025-12-03,274.0,,good,TRUE
red,RED TOKEN,0xc744df3419a8c9bd4d6b9852a503eb1c5308a326,True,15049810.0,success,2022-09-03,2025-11-30,1066.0,,good,TRUE
reddit,Reddit,0x86eab36585eddb7a949a0b4771ba733d942a8aa7,True,17168649.0,success,2023-06-21,2025-12-03,847.0,,good,TRUE
ree,REECOIN,0x4e6415bac66d5c66efeb0ded7494ae3c648d68cf,True,19336788.0,success,2024-11-29,2025-12-03,143.0,,good,TRUE
reef,Reef,0xfe3e6a25e6b192a42a44ecddcd13796471735acf,True,11427059.0,success,2020-12-29,2025-12-03,1802.0,,good,TRUE
reg,RealToken Ecosystem Governance,0x0aa1e96d2a46ec6beb2923de1e61addf5f5f1dce,True,,success,2024-05-13,2025-12-03,571.0,,good,TRUE
regen,Regentics,0x775e8647b21606a21ee7f4a1efa1fc9be515666b,True,22774297.0,success,2025-06-27,2025-12-01,69.0,,good,TRUE
rekt,Rekt,0xdd3b11ef34cd511a2da159034a05fcb94d806686,True,21195127.0,success,2024-11-22,2025-12-03,378.0,,good,TRUE
rektstr,RektStrategy,0xb40ede070d9d9f37e32a106b04b29e20ef6ee26e,True,,success,2025-11-02,2025-12-03,721.0,,good,TRUE
rel,Relation Native Token,0xe45dfc26215312edc131e34ea9299fbca53275ca,True,17321349.0,success,2023-06-13,2025-12-03,783.0,,good,TRUE
remilia,Charlotte Fang,0x206a5ec55c531574130691cf9ada0fd711d5f710,True,17542725.0,success,2024-10-19,2025-11-26,286.0,,good,TRUE
remus,New Ancient DNA,0x391883a5d2438716796336f2e420a92e52b45efe,True,22218209.0,success,2025-04-10,2025-12-02,234.0,,good,TRUE
ren,Ren,0x408e41876cccdc0f92210600ef50372656052a38,True,4827494.0,success,2018-03-02,2025-12-03,2835.0,,good,TRUE
rena,RENA Finance,0x56de8bc61346321d4f2211e3ac3c0a7f00db9b76,True,12385881.0,success,2021-05-20,2025-12-03,1488.0,,good,TRUE
renbtc,renBTC,0xeb4c2781e4eba804ce9a9803c67d0893436bb27d,True,,success,2020-06-08,2025-12-03,2006.0,,good,TRUE
renbtccurve,LP renBTC Curve,0x49849c98ae39fff122806c06791fa73784fb3675,True,10151366.0,success,2020-08-03,2025-12-02,1944.0,,bad,UNKNOWN
renc,RegularEverydayNormalCoin,0x44e22c1b859a3f613276a0ff28af1a4d1a3b5c5e,True,21575605.0,success,2025-08-15,2025-12-03,65.0,,good,TRUE
render,Render,0x6de037ef9ad2725eb40118bb1702ebb27e4aeb24,True,,success,2020-06-15,2025-12-16,2012.0,,good,TRUE
renq,Renq Finance,0xff8c479134a18918059493243943150776cf8cf2,True,16191913.0,success,2023-05-26,2025-12-03,924.0,,good,TRUE
renta,Renta Network,0x792905a8b7c0a22d56e78e849f95c162018a4e2d,True,21378966.0,success,2025-04-02,2025-12-03,247.0,,good,TRUE
rep,Augur,0x221657776846890989a759ba2973e427dff5c9bb,True,10544033.0,success,2015-10-27,2025-12-02,3544.0,,good,TRUE
req,Request,0x8f8221afbb33998d8584a2b05749ba73c37a938a,True,4345153.0,success,2017-10-30,2025-12-03,2958.0,,good,TRUE
resolv,Resolv,0x259338656198ec7a76c729514d3cb45dfbf768a1,True,,success,2025-06-10,2025-12-03,178.0,,good,TRUE
retard,Retard Coin,0x9749ac257e5c7ee59a87cd1a2e93fdb9678a64e6,True,19822527.0,success,2024-05-10,2025-11-28,452.0,,good,TRUE
reth,Rocket Pool ETH,0xae78736cd615f374d3085123a210448e74fc6393,True,13325304.0,success,2021-11-23,2025-12-03,1473.0,,good,TRUE
reth2,rETH2,0x20bc832ca081b91433ff6c17f85701b6e92486c5,True,,success,2021-06-24,2025-12-03,1368.0,,good,TRUE
retik,Retik Finance,0x26ebb8213fb8d66156f1af8908d43f7e3e367c1d,True,18714302.0,success,2024-05-21,2025-12-03,563.0,,good,TRUE
reusd,Re Protocol reUSD,0x5086bf358635b81d8c47c66d1c8b9e567db70c72,True,,success,2025-06-18,2025-12-03,160.0,,good,TRUE
reusd,Resupply USD,0x57ab1e0003f623289cd798b1824be09a793e4bec,True,22034863.0,success,2025-04-07,2025-12-03,242.0,,good,TRUE
reusdc,Relend USDC,0x0f359fd18bda75e9c49bc027e7da59a4b01bf32a,True,20865075.0,success,2024-12-16,2025-12-03,354.0,,good,TRUE
reusde,Re Protocol reUSDe,0xddc0f880ff6e4e22e4b74632fbb43ce4df6ccc5a,True,,success,2025-04-14,2025-12-03,177.0,,good,TRUE
rev,Revain,0x2ef52ed7de8c5ce03a4ef0efbe9b7450f2d7edc9,True,9747093.0,success,2017-11-20,2025-11-08,2802.0,,good,TRUE
revv,REVV,0x557b933a7c2c45672b610f8954a3deb39a51a8ca,True,10773900.0,success,2020-09-06,2025-12-03,1916.0,,good,TRUE
rez,Renzo,0x3b50805453023a91a8bf641e279401a0b23fa6f9,True,19718690.0,success,2024-04-30,2025-12-03,584.0,,good,TRUE
rfd,Refund,0x955d5c14c8d4944da1ea7836bd44d54a8ec35ba1,True,17296139.0,success,2023-05-22,2025-12-03,928.0,,good,TRUE
rfox,RFOX,0xa1d6df714f91debf4e0802a542e13067f31b8262,True,11100914.0,success,2020-10-27,2025-12-03,1865.0,,good,TRUE
rfr,Refereum,0xd0929d411954c47438dc1d871dd6081f5c5e149c,True,4313345.0,success,2018-03-28,2025-12-03,2809.0,,good,TRUE
rfrm,Reform DAO,0xea3eed8616877f5d3c4aebf5a799f2e8d6de9a5e,True,19040013.0,success,2024-08-29,2025-12-03,463.0,,good,TRUE
rfsteth,Return Finance Lido stETH,0x2c2f0ffbfa1b8b9c85400f1726e1bc0892e63d9f,True,,success,2025-02-05,2025-12-03,303.0,,bad,UNKNOWN
rfuel,RioDeFi,0xaf9f549774ecedbd0966c52f250acc548d3f36e5,True,10917011.0,success,2020-09-28,2025-12-03,1894.0,,good,TRUE
rfx,Reflex,0x159a1dfae19057de57dfffcbb3da1ae784678965,True,8791015.0,success,2020-12-21,2025-11-27,1643.0,,good,TRUE
rgp,Rigel Protocol,0x4af5ff1a60a6ef6c7c8f9c4e304cd9051fca3ec0,True,11447437.0,success,2021-05-27,2025-12-03,1637.0,,good,TRUE
rgt,Rari Governance,0xd291e7a03283640fdc51b121ac401383a46cc623,True,,success,2020-10-22,2025-12-03,1865.0,,good,TRUE
ria,Calvaria: DoE,0x9b110fda4e20db18ad7052f8468a455de7449eb6,True,15526508.0,success,2023-02-08,2025-11-07,951.0,,good,TRUE
ribbit,Ribbit Meme,0xb794ad95317f75c44090f64955954c3849315ffe,True,17196168.0,success,2023-05-07,2025-12-03,943.0,,good,TRUE
rice,DAOSquare,0xbd9908b0cdd50386f92efcc8e1d71766c2782df0,True,12363202.0,success,2021-10-16,2025-12-02,1504.0,,good,TRUE
ride,holoride,0xf97e2a78f1f3d1fd438ff7cc3bb7de01e5945b83,True,18279324.0,success,2021-12-16,2025-12-02,1449.0,,good,TRUE
rif,Rootstock Infrastructure Framework,0x01b603be3d545f096015741e6503440282bf45fb,True,21538206.0,success,2019-01-16,2025-12-03,2514.0,,good,TRUE
ring,RingDAO,0x9469d013805bffb7d3debe5e7839237e535ec483,True,6263557.0,success,2019-09-04,2025-12-02,2253.0,,good,TRUE
ring,Ring AI,0xc092a137df3cf2b9e5971ba1874d26487c12626d,True,19413449.0,success,2024-03-13,2025-12-03,632.0,,good,TRUE
rino,Rino,0x616254b3c79639f89e756495ac687735b27b5e17,True,19938892.0,success,2024-10-19,2025-12-03,401.0,,good,TRUE
rintaro,Rintaro,0x53229609f907be495704fca99ad0835c5f3abd3a,True,20507165.0,success,2024-09-19,2025-11-26,309.0,,good,TRUE
rio,Realio Network Token,0x94a8b4ee5cd64c79d0ee816f467ea73009f51aa0,True,21072911.0,success,2020-09-16,2025-12-03,1906.0,,good,TRUE
rioton,Riot Platforms (Ondo Tokenized Stock),0x21deafd91116fce9fe87c8f15bde03f99a309b72,True,,success,2025-09-02,2025-12-03,93.0,,good,TRUE
rise,EverRise,0xc17c30e98541188614df99239cabd40280810ca3,True,14501731.0,success,2021-06-22,2025-12-02,1626.0,,good,TRUE
rita,Rita Elite Order,0xc114d80a2a188f30400b3cd545c5e296f0b04c3f,True,22742013.0,success,2025-06-22,2025-12-03,165.0,,good,TRUE
river,River,0xda7ad9dea9397cffddae2f8a052b82f1484252b3,True,23381696.0,success,2025-09-22,2025-12-03,1720.0,,good,TRUE
rivus,RivusDAO,0x60e254e35dd712394b3aba7a1d19114732e143dd,True,19550821.0,success,2024-04-12,2025-11-29,519.0,,good,TRUE
riz,Rivalz Network,0x058d411ab9911f90c74f471bdc9d2bb4cf9b309c,True,,success,2025-02-21,2025-12-03,287.0,,good,TRUE
rize,RIZE,0x9f1e8f87c6321b84bad7dda7dfb86d5115a47605,True,22918954.0,success,2025-05-15,2025-12-03,204.0,,good,TRUE
rizo,Rizo,0x74e9fee3fcb56bccac22e726cce7a78ca90185e1,True,19278883.0,success,2024-02-22,2025-12-02,608.0,,good,TRUE
rizz,RIZZ,0x8a944bb731e302fdb3571350513f149f15fcbe34,True,17159622.0,success,2023-11-15,2025-12-03,568.0,,good,TRUE
rizz,Rizz,0x582dd5e7c8af79d45a96de4af5d1152a061abb50,True,18720389.0,success,2024-10-09,2025-11-28,384.0,,good,TRUE
rjv,Rejuve.AI,0xa1f410f13b6007fca76833ee7eb58478d47bc5ef,True,18361404.0,success,2023-03-16,2025-12-03,995.0,,good,TRUE
rkfi,Arkefi,0x65fda84473084ba2cca8452883e6ea3561092234,True,,success,2025-01-10,2025-11-29,230.0,,good,TRUE
rkr,Reaktor,0xb970e14df2161c0a2f32eba35901f2446581b482,True,15578812.0,success,2023-12-01,2025-11-19,666.0,,good,TRUE
rlb,Rollbit Coin,0x046eee2cc3188071c02bfc1745a6b17c656e3f3d,True,,success,2022-03-24,2025-12-03,1352.0,,good,TRUE
rlc,iExec RLC,0x607f4c5bb672230e8672085532f7e901544a7375,True,3557261.0,success,2017-04-20,2025-12-02,3150.0,,good,TRUE
rlp,Resolv Liquidity Provider Token,0x4956b52ae2ff65d74ca2d61207523288e4528f96,True,,success,2024-09-03,2025-12-03,441.0,,good,TRUE
rls,Rayls,0xb5f7b021a78f470d31d762c1dda05ea549904fbd,True,20743574.0,success,2025-12-01,2025-12-03,37.0,,good,TRUE
rlusd,Ripple USD,0x8292bb45bf1ee4d140127049757c2e0ff06317ed,True,,success,2024-12-17,2025-12-03,353.0,,good,TRUE
rly,Rally,0xf1f955016ecbcd7321c7266bccfb96c68ea5e49b,True,10997867.0,success,2020-10-18,2025-12-03,1874.0,,good,TRUE
rmrk,RMRK,0x524d524b4c9366be706d3a90dcf70076ca037ae3,True,18963222.0,success,2021-09-28,2025-12-03,1527.0,,good,TRUE
rmv,Reality Metaverse,0x423352f2c6e0e72422b69af03aba259310146d90,True,18485528.0,success,2023-04-13,2025-12-03,967.0,,good,TRUE
rnb,Rentible,0x20a62aca58526836165ca53fe67dd884288c8abf,True,18755756.0,success,2021-05-03,2025-11-30,1403.0,,good,TRUE
rng,RuniGun,0x8c85f830bea7d21c71cbd0047aa6de0d7acf3262,True,19661985.0,success,2024-07-22,2025-12-02,320.0,,good,TRUE
roar,Roaring Kitty,0xd8c978de79e12728e38aa952a6cb4166f891790f,True,15634069.0,success,2024-06-11,2025-12-02,541.0,,good,TRUE
roar,Roaring Kitty,0x569d0e52c3dbe95983bcc2434cb9f69d905be919,True,18822473.0,success,2023-12-26,2025-12-03,640.0,,good,TRUE
robco,RobCo Network,0x64ab897b7ad47dcb0d231fa9055b92b83ef75fe8,True,23384509.0,success,2025-09-19,2025-11-16,648.0,,good,TRUE
robert,Robert,0xbae2a140b80d85c17678e4a75413039d863cba07,True,22970882.0,success,2025-08-04,2025-11-30,96.0,,good,TRUE
rock,ROCK,0x724af984b63fd53fdedb5ded17063001e3afc3e5,True,20111407.0,success,2024-07-04,2025-12-02,454.0,,good,TRUE
rock.reth,RockSolid rETH,0x936facdf10c8c36294e7b9d28345255539d81bc7,True,,success,2025-10-16,2025-10-29,151.0,,good,TRUE
rocket,Project Rocket,0xe6d07e1a7c9f8f9826aa82e6faf7feab698dd4fe,True,22176747.0,success,2025-05-28,2025-12-02,176.0,,good,TRUE
rocki,Rocki,0xff44b937788215eca197baaf9af69dbdc214aa04,True,,success,2020-12-24,2025-12-03,1807.0,,good,TRUE
rog,ROGin AI,0x5d43b66da68706d39f6c97f7f1415615672b446b,True,13617422.0,success,2022-06-08,2025-12-03,1275.0,,good,TRUE
roko,Roko Network,0x6f222e04f6c53cc688ffb0abe7206aac66a8ff98,True,16773783.0,success,2023-03-14,2025-12-03,997.0,,good,TRUE
roll,Rollback,0xa563ae4f348e93c7f50e8fcbffafa44f5aed0b36,True,22980912.0,success,2025-07-31,2025-11-24,112.0,,good,TRUE
roobee,Roobee,0xa31b1767e09f842ecfd4bc471fe44f830e3891aa,True,7598222.0,success,2019-10-08,2025-12-03,2250.0,,good,TRUE
rook,Rook,0xfa5047c9c78b8877af97bdcb85db743fd7313d4a,True,11169699.0,success,2020-11-08,2025-12-03,1853.0,,good,TRUE
root,The Root Network,0xa3d4bee77b05d4a0c943877558ce21a763c4fa29,True,18568625.0,success,2023-11-23,2025-12-03,743.0,,good,TRUE
rouge,Rouge Studio,0xf2478a732e5232acd0acef5e410e230b49b35a12,True,,success,2025-01-27,2025-12-01,283.0,,good,TRUE
route,Router Protocol [OLD],0x16eccfdbb4ee1a85a33f3a9b21175cd7ae753db4,True,11641487.0,success,2021-01-19,2025-12-03,1781.0,,good,TRUE
route,Router Protocol,0x60f67e1015b3f069dd4358a78c38f83fe3a667a9,True,,success,2024-07-31,2025-12-03,492.0,,good,TRUE
rox,Robotexon,0x32d4c7ecee527a84d11250597a0725858a607369,True,,success,2025-09-17,2025-12-03,1774.0,,good,TRUE
rpgmai,RPG Maker Ai,0x96362879529c15c484eabc861c435940e7af22bb,True,18822288.0,success,2023-12-21,2025-11-13,231.0,,good,TRUE
rpill,Red Pill,0x43fe2b0c5485c10e772a1843e32a7642ace5b88c,True,19262812.0,success,2023-12-22,2025-12-03,698.0,,good,TRUE
rpk,RepubliK,0x313cae7ad4454aac7b208c1f089da2b0e5825e46,True,18533591.0,success,2023-11-14,2025-11-29,748.0,,good,TRUE
rpl,Rocket Pool,0xd33526068d116ce69f19a9ee46f0bd304f21a51f,True,13325306.0,success,2018-07-19,2025-12-03,2628.0,,good,TRUE
rsc,ResearchCoin,0xd101dcc414f310268c37eeb4cd376ccfa507f571,True,10570723.0,success,2022-11-08,2025-12-03,1097.0,,good,TRUE
rserg,rsERG,0x6c060ba738af39a09f3b45ac6487dfc9ebb885f6,True,20955606.0,success,2024-10-23,2025-12-03,408.0,,good,TRUE
rseth,Kelp DAO Restaked ETH,0xa1290d69c65a6fe4df752f95823fae25cb99e5a7,True,,success,2024-01-12,2025-12-02,692.0,,good,TRUE
rsp,Reality Spiral,0x90e3532cf06d567ef7e6385be532311f10c30096,True,21066769.0,success,2024-12-18,2025-12-03,352.0,,good,TRUE
rsr,Reserve Rights,0x320623b8e4ff03373931769a31fc52a4e78b5d70,True,13947046.0,success,2019-05-23,2025-12-03,2388.0,,good,TRUE
rss3,RSS3,0xc98d64da73a6616c42117b582e832812e7b8d57f,True,14157470.0,success,2022-02-14,2025-12-03,1390.0,,good,TRUE
rst,Raini Studios Token,0xbe03e60757f21f4b6fc8f16676ad9d5b1002e512,True,18767702.0,success,2023-11-27,2025-12-03,739.0,,good,TRUE
rsteth,Restaking Vault ETH,0x7a4effd87c2f3c55ca251080b1343b605f327e3a,True,,success,2025-08-12,2025-11-23,105.0,,good,TRUE
rstk,Restake Finance,0x12ef10a4fc6e1ea44b4ca9508760ff51c647bb71,True,,success,2023-12-21,2025-12-03,697.0,,good,TRUE
rstr,Resister,0x55db4801e4d9781e99b9cc2ceea1b4bcfe2f85dc,True,23420519.0,success,2025-09-25,2025-12-03,1360.0,,good,TRUE
rsup,Resupply,0x419905009e4656fdc02418c7df35b1e61ed5f726,True,22034863.0,success,2025-03-20,2025-12-03,260.0,,good,TRUE
rsweth,Restaked Swell ETH,0xfae103dc9cf190ed75350761e95403b7b8afa6c0,True,,success,2024-01-30,2025-12-03,675.0,,good,TRUE
rtb,Roundtable,0x055999b83f9cade9e3988a0f34ef72817566800d,True,19925422.0,success,2022-02-17,2025-12-02,1263.0,,good,TRUE
rtf,Ready to Fight,0xa89e2871a850e0e6fd8f0018ec1fc62fa75440d4,True,19468520.0,success,2024-04-24,2025-12-03,590.0,,good,TRUE
rubi,Rubicon,0x7483e83b481c69a93cb025395194e0dc4f32d9c4,True,,success,2025-05-21,2025-12-03,198.0,,good,TRUE
runix,THE•RUNIX•TOKEN,0xf6ccfd6ef2850e84b73adeace9a075526c5910d4,True,19694416.0,success,2024-04-24,2025-11-16,403.0,,good,TRUE
runner,Runner on ETH,0x6fd46112c8ec76e7940dbfdc150774ee6eff27b2,True,21044752.0,success,2024-11-11,2025-11-19,335.0,,good,TRUE
rusd,f(x) rUSD,0x65d72aa8da931f047169112fcf34f52dbaae7d18,True,,success,2024-04-25,2025-12-02,432.0,,good,TRUE
rusd,Reservoir rUSD,0x09d4214c03d01f49544c0448dbe3a27f768f2b34,True,20564150.0,success,2025-01-31,2025-12-03,308.0,,good,TRUE
rvf,RocketX Exchange,0x2fb652314c3d850e9049057bbe9813f1eee882d3,True,19420240.0,success,2021-04-14,2025-12-03,1696.0,,good,TRUE
rvsl,Reversal,0x6aa3ecec75ceb388d2e929814ead4fc4cd0648fc,True,19277935.0,success,2024-02-23,2025-11-30,457.0,,good,TRUE
rvst,Revest Finance,0x120a3879da835a5af037bb2d1456bebd6b54d4ba,True,13290568.0,success,2021-09-27,2025-12-03,1529.0,,good,TRUE
rwa,RWA-AI,0xfcf7985661d2c3f62208970cbe25e70bcce73e7c,True,19634107.0,success,2024-05-20,2025-12-03,361.0,,good,TRUE
rwa,Xend Finance,0x4563554284aa7148d6e6d0351519e954ba3b6e02,True,19012326.0,success,2021-03-24,2025-12-03,1717.0,,good,TRUE
ryo,RYO Coin,0x4c7fe8f97db97cbccc76989ab742afc66ca6e75c,True,19916930.0,success,2024-07-25,2025-12-03,498.0,,good,TRUE
ryoshi,Ryoshis Vision,0x777e2ae845272a2f540ebf6a3d03734a5a8f618e,True,12978523.0,success,2021-08-11,2025-12-01,1554.0,,good,TRUE
ryu,RyuJin,0xca530408c3e552b020a2300debc7bd18820fb42f,True,19147466.0,success,2024-05-31,2025-12-03,553.0,,good,TRUE
ryuji,Ryuji,0x323a495d18c6a93ab1111a09ae7e1f9fdaddfa6b,True,23507972.0,success,2025-10-06,2025-11-27,534.0,,good,TRUE
ryze,Ryze,0x44e3ae622c1570dc6e492adb8de92d01ca923d26,True,,success,2024-12-03,2025-12-03,367.0,,good,TRUE
rzr,Rezerve Money,0xb4444468e444f89e1c2cac2f1d3ee7e336cbd1f5,True,22759998.0,success,2025-07-26,2025-12-03,132.0,,good,TRUE
saas,SaaSGo,0x350e52bb0f874f3b558a3679aac24268ee37a699,True,21320014.0,success,2024-12-23,2025-12-03,347.0,,good,TRUE
sabai,Sabai Protocol,0xb5d730d442e1d5b119fb4e5c843c48a64202ef92,True,17611377.0,success,2023-07-25,2025-12-03,864.0,,good,TRUE
safe,Safe,0x5afe3855358e112b5647b952709e6165e1c1eeee,True,14624496.0,success,2024-04-23,2025-12-03,591.0,,good,TRUE
safu,SafuLauncher,0x7c19ccadb685b873bc7b99cd7308c00a9b9bae7c,True,23283034.0,success,2025-09-01,2025-11-23,72.0,,good,TRUE
saga,Wrapped SAGA,0xf42fcffc27a5b8d0afec45659407b82f9f32fa98,True,20128450.0,success,2025-03-19,2025-12-03,261.0,,good,TRUE
sage,Sage Market,0xa71261c2b51cb8030700f5601ca597c522dc232e,True,19978355.0,success,2024-06-22,2025-11-28,510.0,,good,TRUE
sahara,Sahara AI,0xfdffb411c4a70aa7c95d5c981a6fb4da867e1111,True,22718069.0,success,2025-06-26,2025-12-03,162.0,,good,TRUE
sai,Sai,0x89d24a6b4ccb1b6faa2625fe562bdd9a23260359,True,4752008.0,success,2017-12-27,2025-12-03,2614.0,,good,TRUE
sai,Sharpe AI,0x3567aa22cd3ab9aef23d7e18ee0d7cf16974d7e6,True,,success,2024-08-27,2025-12-03,465.0,,good,TRUE
saitabit,SaitaBit,0x927402ab67c0cda3c187e9dfe34554ac581441f2,True,17527117.0,success,2024-07-10,2025-11-26,407.0,,good,TRUE
saito,Saito,0xfa14fa6958401314851a17d6c5360ca29f74b57b,True,12251865.0,success,2021-04-22,2025-12-03,1688.0,,good,TRUE
sake,SakeSwap,0x066798d9ef0833ccc719076dab77199ecbd178b0,True,10819869.0,success,2020-09-10,2025-12-03,1912.0,,good,TRUE
sald,Salad,0x5582a479f0c403e207d2578963ccef5d03ba636f,True,17611071.0,success,2023-07-19,2025-12-03,864.0,,good,TRUE
salman,Mohameme Bit Salman,0x69bb12b8ee418e4833b8debe4a2bb997ab9ce18e,True,20074705.0,success,2024-07-19,2025-11-27,312.0,,good,TRUE
salt,SALT,0x4156d3342d5c385a87d264f90653733592000581,True,4086320.0,success,2017-10-30,2025-12-03,2958.0,,good,TRUE
sama,Moonsama,0xe04f47ff45576249bc5083dfdf987e03d0550113,True,17666258.0,success,2022-12-10,2025-12-02,1084.0,,good,TRUE
san,Santiment Network,0x7c5a0ce9267ed19b22f8cae653f198e3e8daf098,True,3972935.0,success,2017-07-30,2025-12-03,2987.0,,good,TRUE
sanchan,San Chan,0xb1c491f833b6ddb7a67b1dbad37d58715439de07,True,23327417.0,success,2025-09-10,2025-10-09,162.0,,good,TRUE
sand,The Sandbox,0x3845badade8e6dff049820680d1f14bd3903a5d0,True,8835135.0,success,2020-08-14,2025-12-03,1939.0,,good,TRUE
sandy,SANDY,0xc033f6932f71c6ff1de3177f90dff24b70e50618,True,19664708.0,success,2024-04-21,2025-11-22,321.0,,good,TRUE
sani,Sanin Inu,0x4521c9ad6a3d4230803ab752ed238be11f8b342f,True,14515076.0,success,2022-04-25,2025-12-02,1312.0,,good,TRUE
sanin,Sanin,0xd3c5bdbc6de5ea3899a28f6cd419f29c09fa749f,True,20985789.0,success,2024-10-21,2025-11-26,385.0,,good,TRUE
sanji,Sanji,0x8e0b3e3cb4468b6aa07a64e69deb72aea8eddc6f,True,22125715.0,success,2025-04-03,2025-12-01,230.0,,good,TRUE
sanke,Sanke Wallet,0x72943fb986c7cc044740ff7bbf4ec722cd7d5436,True,23876481.0,success,2025-11-26,2025-12-03,170.0,,good,TRUE
sanshu,Sanshu Inu (OLD),0xc73c167e7a4ba109e4052f70d5466d0c312a344d,True,12282700.0,success,2021-05-10,2025-11-28,1511.0,,good,TRUE
sanshu!,SANSHU!,0x0026dfbd8dbb6f8d0c88303cc1b1596409fda542,True,15852977.0,success,2024-03-06,2025-12-02,564.0,,good,TRUE
sao,Sator,0x3ef389f264e07fff3106a3926f2a166d1393086f,True,,success,2021-11-07,2025-12-03,1489.0,,good,TRUE
sashimi,Sashimi,0xc28e27870558cf22add83540d2126da2e4b464c2,True,10826864.0,success,2020-09-10,2025-12-03,1884.0,,good,TRUE
sata,Signata,0x3ebb4a4e91ad83be51f8d596533818b246f4bee1,True,12146388.0,success,2021-04-08,2025-12-03,1596.0,,good,TRUE
satai,Saturn AI,0x90f4e6bb3b49c33c30a5729ec0fed283d0e5b005,True,23313157.0,success,2025-09-09,2025-09-28,144.0,,good,TRUE
satoshi,Satoshi Nakamoto,0xcbf4d5efa82e32a9187385480a7c74cb062b956c,True,18264390.0,success,2024-05-07,2025-12-03,577.0,,good,TRUE
satoshit,SatoshitCoin,0xaccfd598ef801178ed6c816c234b16ec51ae9f32,True,23030879.0,success,2025-08-16,2025-11-30,71.0,,good,TRUE
satoz,Satozhi,0x845e2e8b42dced7dedcdba9bde32c9e338224f97,True,13600933.0,success,2021-04-14,2025-12-03,1696.0,,good,TRUE
sats,Satoshis Vision,0x6c22910c6f75f828b305e57c6a54855d8adeabf8,True,16649457.0,success,2023-03-04,2025-11-26,907.0,,good,TRUE
satt,SaTT,0xdf49c9f599a0a9049d97cff34d0c30e468987389,True,7398763.0,success,2020-09-29,2025-11-08,1633.0,,good,TRUE
satunibtc,SatLayer Restaked uniBTC,0xf7de2b7afdb07aa5dd143180ed758165821e076e,True,20573360.0,success,2025-08-22,2025-11-30,59.0,,good,TRUE
satusd,Satoshi Stablecoin,0x1958853a8be062dc4f401750eb233f5850f0d0d2,True,,success,2024-05-15,2025-12-03,569.0,,good,TRUE
saudibonk,Saudi Bonk,0x4e4990e997e1df3f6b39ff49384e2e7e99bc55fe,True,19008594.0,success,2024-01-24,2025-11-27,494.0,,good,TRUE
savm,SatoshiVM,0x15e6e0d4ebeac120f9a97e71faa6a0235b85ed12,True,18983993.0,success,2024-01-19,2025-12-03,686.0,,good,TRUE
sbc,Stable Coin,0xf9fb20b8e097904f0ab7d12e9dbee88f2dcd0f16,True,,success,2025-08-20,2025-12-03,107.0,,good,TRUE
sbet,Sports Bet,0x2ed2cc2c858a8a8219fd2f2d9e170285dbd02756,True,12558023.0,success,2022-06-10,2025-12-03,1247.0,,good,TRUE
sbeton,"SharpLink Gaming, Inc (Ondo Tokenized Stock)",0xfdb46864a7c476f0914c5e82cded3364a9f56f8a,True,,success,2025-09-02,2025-12-03,94.0,,good,TRUE
sbio,"Vector Space Biosciences, Inc.",0x9b5c38cc2d1ba05ed87c8f8a2418475bacb20073,True,12733215.0,success,2023-09-20,2025-12-02,774.0,,good,TRUE
sbr,Strategic Bitcoin Reserve,0xd6203889c22d9fe5e938a9200f50fdffe9dd8e02,True,21130172.0,success,2024-11-07,2025-12-03,393.0,,good,TRUE
sbuxon,Starbucks (Ondo Tokenized Stock),0xf15fbc1349ab99abad63db3f9a510bf413be3bef,True,,success,2025-09-02,2025-12-03,78.0,,good,TRUE
scai,SecureChain AI,0x0f13fc8a93ab8edc9fde0a1e19aac693161599a5,True,22451328.0,success,2025-05-06,2025-12-03,213.0,,good,UNKNOWN
scale,Scalia Infrastructure,0x8a0a9b663693a22235b896f70a229c4a22597623,True,19334625.0,success,2024-03-02,2025-12-03,631.0,,good,TRUE
scalr,Scalr,0xb160fb3265be197287e647c82fef7913d5491e11,True,23233997.0,success,2025-08-29,2025-11-14,36.0,,good,TRUE
sccn,Succession,0xdfddf7a69716124bc346ba556d4b9f9e74c4a8bc,True,12525082.0,success,2022-05-01,2025-12-03,1314.0,,good,TRUE
sceth,Rings scETH,0x3bce5cb273f0f148010bbea2470e7b5df84c7812,True,21363247.0,success,2025-02-18,2025-12-03,290.0,,good,TRUE
scf,Smoking Chicken Fish,0x723abbea6e985fb21c57f550d9cceba1c676a6a9,True,20967870.0,success,2024-10-15,2025-11-25,338.0,,good,TRUE
schrodi,Schrodi,0x35ca1e5a9b1c09fa542fa18d1ba4d61c8edff852,True,19460152.0,success,2024-03-20,2025-11-29,518.0,,good,TRUE
scinet,SciNet,0x3902d5f4213a6b8c434a470026e0c23709a5bb39,True,21366023.0,success,2024-12-12,2025-11-14,236.0,,good,TRUE
scm,ScamFari,0x8353b92201f19b4812eee32efd325f7ede123718,True,17879656.0,success,2023-09-06,2025-12-03,809.0,,good,TRUE
scomp,Stablecomp,0xd94a8f9caed25e63ecc90edfefaf3635ea1e182a,True,18762615.0,success,2023-12-24,2025-12-03,647.0,,good,TRUE
scot,Scotcoin,0x0cf7356e2d13ae2b57e77286284984a5fc8f88b3,True,20473069.0,success,2025-02-12,2025-12-03,221.0,,good,TRUE
scotty,ScottyTheAi,0xc0db17bc219c5ca8746c29ee47862ee3ad742f4a,True,18536468.0,success,2024-03-23,2025-12-03,622.0,,good,TRUE
scriv,SCRIV,0xd76050f75627e508fa14b84036fbf40b8cc549bd,True,18306329.0,success,2018-08-31,2025-11-07,2125.0,,good,TRUE
scrvusd,Savings crvUSD,0x0655977feb2f289a4ab78af67bab0d17aab84367,True,,success,2024-11-18,2025-12-03,382.0,,good,TRUE
scurve,LP-sCurve,0xc25a3a3b969415c80451098fa907ec722572917f,True,9906564.0,success,2020-07-28,2025-12-02,1955.0,,good,TRUE
scusd,Rings scUSD,0xd3dce716f3ef535c5ff8d041c1a41c3bd89b97ae,True,21363111.0,success,2025-01-09,2025-12-03,330.0,,good,TRUE
scx,Scarcity,0x1b8568fbb47708e9e9d31ff303254f748805bf21,True,11888118.0,success,2021-10-15,2025-11-27,1291.0,,good,TRUE
sd,Stader,0x30d20208d987713f46dfd34ef128bb16c404d10f,True,14020088.0,success,2022-03-15,2025-12-03,1361.0,,good,TRUE
sdai,Savings Dai,0x83f20f44975d03b1b09e64809b757c47f942beea,True,16428133.0,success,2023-10-11,2025-12-03,785.0,,good,TRUE
sdao,SingularityDAO,0x993864e43caa7f7f12953ad6feb1d1ca635b875f,True,12386331.0,success,2021-05-13,2025-12-03,1667.0,,good,TRUE
sdcrv,Stake DAO CRV,0xd1b5651e55d4ceed36251c61c50c889b36f6abb5,True,14570894.0,success,2022-10-13,2025-12-03,1134.0,,good,TRUE
sdeusd,Elixir Staked deUSD,0x5c5b196abe0d54485975d1ec29617d42d9198326,True,,success,2024-12-17,2025-11-21,334.0,,good,TRUE
sdex,SMARDEX,0x5de8ab7e27f6e7a1fff3e5b337584aa43961beef,True,16793946.0,success,2023-03-18,2025-12-03,993.0,,good,TRUE
sdfxn,Stake DAO FXN,0xe19d1c837b8a1c83a56cd9165b2c0256d39653ad,True,18233309.0,success,2025-03-08,2025-12-03,272.0,,good,TRUE
sdg,Crypto SDG,0x0f5def84ced3e9e295dae28df96d0b846de92c1a,True,16884825.0,success,2023-04-14,2025-12-02,965.0,,good,TRUE
sdl,stake.link,0xa95c5ebb86e0de73b4fb8c47a45b792cfea28c23,True,16118164.0,success,2022-12-06,2025-12-03,1086.0,,good,TRUE
sdlx,SoundLinX,0x352a4b34b8e9f43b869f6f80728978cccdced406,True,19028593.0,success,2024-11-27,2025-11-19,328.0,,good,TRUE
sdola,sDOLA,0xb45ad160634c528cc3d2926d9807104fa3157305,True,19128269.0,success,2024-03-29,2025-12-03,616.0,,good,TRUE
sdt,Stake DAO,0x73968b9a57c6e53d41345fd57a6e6ae27d6cdb2f,True,11691867.0,success,2021-01-21,2025-12-03,1779.0,,good,TRUE
seam,Seamless Protocol,0x6b66ccd1340c479b07b390d326eadcbb84e726ba,True,18680255.0,success,2023-12-12,2025-12-03,724.0,,good,TRUE
sect,SECT BOT,0x59a73bef0f729761bc3b9aa7f41872077e4bf300,True,20937738.0,success,2024-10-21,2025-11-26,323.0,,good,TRUE
seda,SEDA,0x14862c03a0caccc1ab328b062e64e31b2a1afcd7,True,,success,2024-05-08,2025-12-03,576.0,,good,TRUE
seed,Bonsai3,0x31ea904a7eca45122890deb8da3473a2081bc9d1,True,20189389.0,success,2023-11-24,2025-11-29,655.0,,good,TRUE
seed,Garden,0x5eed99d066a8caf10f3e4327c1b3d8b673485eed,True,19031396.0,success,2024-01-23,2025-12-02,669.0,,good,TRUE
sei,LayerZero Bridged Sei,0xbdf43ecadc5cef51b7d1772f722e40596bc1788b,True,21738386.0,success,2025-03-17,2025-12-02,262.0,,good,TRUE
sen,Sentio AI,0x421b05cf5ce28cb7347e73e2278e84472f0e4a88,True,21486991.0,success,2024-12-28,2025-12-03,342.0,,good,TRUE
sena,Ethena Staked ENA,0x8be3460a480c80728a8c4d7a5d5303c85ba7b3b9,True,,success,2024-09-29,2025-12-02,431.0,,good,TRUE
senate,SENATE,0x34be5b8c30ee4fde069dc878989686abe9884470,True,13675467.0,success,2021-12-15,2025-12-03,1451.0,,good,TRUE
senso,SENSO,0xc19b6a4ac7c7cc24459f08984bbd09664af17bd1,True,11098997.0,success,2020-04-26,2025-12-03,2049.0,,good,TRUE
seraph,Seraph,0xd6b48ccf41a62eb3891e58d0f006b19b01d50cca,True,,success,2025-01-06,2025-12-03,333.0,,good,TRUE
serv,OpenServ,0x40e3d1a4b2c47d9aa61261f5606136ef73e28042,True,21138795.0,success,2024-11-09,2025-12-02,390.0,,good,TRUE
serv0,Serv0 Protocol,0xc84f28350e4667dfd759614d2c94c7a5c257954d,True,22921203.0,success,2025-07-16,2025-11-24,46.0,,good,TRUE
sesh,Session Token,0x10ea9e5303670331bdddfa66a4cea47dae4fcf3b,True,22471108.0,success,2025-05-27,2025-12-03,192.0,,good,TRUE
seth,sETH,0x5e74c9036fb86bd7ecdcb084a0673efc32ea31cb,True,,success,2019-07-04,2025-12-03,2346.0,,good,TRUE
seth2,sETH2,0xfe2e637202056d30016725477c5da089ab0a043a,True,,success,2021-06-24,2025-12-03,1601.0,,good,TRUE
seur,sEUR,0xd71ecff9342a5ced620049e616c5035f1db98620,True,,success,2021-01-13,2025-12-03,1702.0,,good,TRUE
sexy,Settled EthXY Token,0xc52fafdc900cb92ae01e6e4f8979af7f436e2eb2,True,17829776.0,success,2023-11-19,2025-12-03,747.0,,good,TRUE
sfi,saffron.finance,0xb753428af26e81097e7fd17f40c88aaa3e04902c,True,11163720.0,success,2020-11-15,2025-12-03,1846.0,,good,TRUE
sfi,Singularity Finance,0x7636d8722fdf7cd34232a915e48e96aa3eb386bf,True,21608713.0,success,2025-02-07,2025-12-03,301.0,,good,TRUE
sfp,SafePal,0x12e2b8033420270db2f3b328e32370cb5b2ca134,True,17575318.0,success,2021-02-08,2025-12-03,1761.0,,good,TRUE
sfrog,Smokin Frog,0x285bc4ec96a0482c77b20a6df79fcf2b128b0131,True,23196495.0,success,2025-09-08,2025-11-27,1132.0,,good,TRUE
sfrxeth,Staked Frax Ether,0xac3e018457b222d93114458476f3e3416abbe38f,True,15686046.0,success,2022-12-01,2025-12-03,1066.0,,good,TRUE
sfrxusd,Staked Frax USD,0xcf62f905562626cfcdd2261162a51fd02fc9c5b6,True,,success,2025-02-17,2025-12-03,291.0,,good,TRUE
sg,SocialGood,0xddf7fd345d54ff4b40079579d4c4670415dbfd0a,True,10495802.0,success,2020-08-05,2025-12-03,1948.0,,good,TRUE
sgi,SmartGolf Token,0x0418fa3488d7e13f0c06ac5f8485d306b5748f4f,True,22915952.0,success,2025-10-07,2025-12-03,1289.0,,good,TRUE
sgr,Schrodinger,0x478156deabfac918369044d52a6bdb5cc5597994,True,19368476.0,success,2024-03-21,2025-12-03,620.0,,good,TRUE
sgt,Shill Guard Token,0xa0e7626287bd02cbe3531c65148261bf0c0ed98b,True,18505879.0,success,2023-11-25,2025-11-30,695.0,,good,TRUE
sgt,AI Avatar,0x5b649c07e7ba0a1c529deaabed0b47699919b4a2,True,16946380.0,success,2023-05-25,2025-12-03,925.0,,good,TRUE
sgtv2,SharedStake Governance v2,0x24c19f7101c1731b85f1127eaa0407732e36ecdd,True,13134558.0,success,2021-02-13,2025-12-03,1265.0,,good,TRUE
sha,Safe Haven,0x40fed5691e547885cabd7a2990de719dcc8497fc,True,14708425.0,success,2018-11-17,2025-12-03,2552.0,,good,TRUE
shadowcats,Shadowcats,0x0018d5e01e53878f90feab02f1b2019a21adf8b1,True,16637834.0,success,2023-02-21,2025-11-17,579.0,,good,TRUE
shake,Spaceswap SHAKE,0x6006fc2a849fedaba8330ce36f5133de01f96189,True,10924653.0,success,2020-10-12,2025-11-28,1740.0,,good,TRUE
shang,Shanghai Inu,0xee772cec929d8430b4fa7a01cd7fbd159a68aa83,True,17038369.0,success,2023-04-20,2025-12-03,946.0,,good,TRUE
shao,SHAO,0xaf0db65b7296c02ab043f5cb17300c8ee949f247,True,21752761.0,success,2025-02-02,2025-12-03,289.0,,good,TRUE
shards,WorldShards,0x6efe65c2426b51e9aa0427b96c313e5d8715fd06,True,,success,2025-09-05,2025-12-03,2125.0,,good,TRUE
share,Seigniorage Shares,0x39795344cbcc76cc3fb94b9d1b15c23c2070c66d,True,,success,2020-09-02,2025-12-03,1919.0,,good,TRUE
sharp,Sharp AI [OLD],0xaddb6dc7e2f7caea67621dd3ca2e8321ade33286,True,20930700.0,success,2024-10-14,2025-11-28,262.0,,good,TRUE
sharx,RaidSharksBot,0x64d3c2817a22b78cacabe4baa2525065ebdf4012,True,20684449.0,success,2024-03-14,2025-11-27,535.0,,good,TRUE
sheb,SHEBOSHIS,0x6930450a416252c7206fbce76c01ecc850a36cb9,True,19216166.0,success,2024-02-16,2025-11-22,562.0,,good,TRUE
sheb,Sheboshis,0x5de869e3e62b0fb2c15573246ba3bb3fd97a2275,True,,success,2024-06-27,2025-12-03,525.0,,good,TRUE
sheesha,Sheesha Finance (ERC20),0x232fb065d9d24c34708eedbf03724f2e95abe768,True,12107922.0,success,2022-01-25,2025-12-03,1405.0,,good,TRUE
shei,SheiShei,0xb9d09bc374577dac1ab853de412a903408204ea8,True,20206727.0,success,2024-07-03,2025-12-02,487.0,,good,TRUE
shell,MyShell,0xf2c88757f8d03634671208935974b60a2a28bdb3,True,21679267.0,success,2025-02-13,2025-12-02,294.0,,good,TRUE
shepe,Shiba V Pepe,0x0b0a8c7c34374c1d0c649917a97eee6c6c929b1b,True,18023149.0,success,2023-09-06,2025-12-03,712.0,,good,TRUE
shezmu,Shezmu,0x5fe72ed557d8a02fff49b3b826792c765d5ce162,True,18070317.0,success,2023-09-15,2025-12-03,812.0,,good,TRUE
shfl,Shuffle,0x8881562783028f5c1bcb985d2283d5e170d88888,True,19387653.0,success,2024-03-15,2025-12-03,630.0,,good,TRUE
shft,Shyft Network,0xb17c88bda07d28b3838e0c1de6a30eafbcf52d85,True,12730376.0,success,2021-03-26,2025-12-03,1715.0,,good,TRUE
shi,Shina Inu,0x243cacb4d5ff6814ad668c3e225246efa886ad5a,True,14203025.0,success,2022-04-24,2025-12-03,1320.0,,good,TRUE
shi,Shirtum,0xad996a45fd2373ed0b10efa4a8ecb9de445a4302,True,14312659.0,success,2021-07-09,2025-12-03,1610.0,,good,TRUE
shia,Shiba Saga,0x43d7e65b8ff49698d9550a7f315c87e67344fb59,True,17972295.0,success,2023-08-24,2025-12-03,833.0,,good,TRUE
shib,NicCageWaluigiElmo42069Inu,0xfcaf0e4498e78d65526a507360f755178b804ba8,True,17844448.0,success,2023-08-22,2025-12-02,648.0,,good,TRUE
shib,Shiba Inu,0x95ad61b0a150d79219dcf64e1e6cc01f0b64c4ce,True,10569013.0,success,2020-08-01,2025-12-03,1938.0,,good,TRUE
shib,Strategic Hub for Innovation in Blockchain,0xf4b7b9ab55a2eeb3bd6123b8f45b0abffd5089c7,True,21144264.0,success,2024-11-08,2025-11-21,354.0,,good,TRUE
shib0.5,Half Shiba Inu,0x8eb94a06b4716093dbfe335cbdb098deb2dcde1b,True,16408789.0,success,2023-02-07,2025-12-02,822.0,,good,TRUE
shib2,SHIB2,0x2de7b02ae3b1f11d51ca7b2495e9094874a064c0,True,18135798.0,success,2023-09-15,2025-12-03,762.0,,good,TRUE
shib2.0,Shib2.0,0x34ba042827996821cffeb06477d48a2ff9474483,True,17581098.0,success,2023-07-11,2025-12-03,630.0,,good,TRUE
shiba,Shiba,0xfd1450a131599ff34f3be1775d8c8bf79e353d8c,True,18227235.0,success,2023-10-13,2025-12-03,782.0,,good,TRUE
shibaken,Shibaken Finance,0xa4cf2afd3b165975afffbf7e487cdd40c894ab6b,True,12291501.0,success,2021-05-11,2025-12-03,1490.0,,good,TRUE
shibc,Shiba Classic,0x9562e2063122eaa4d7c2d786e7ca2610d70ca8b8,True,21180459.0,success,2024-11-14,2025-12-03,386.0,,good,TRUE
shibdoge,ShibaDoge,0x6adb2e268de2aa1abf6578e4a8119b960e02928f,True,13870574.0,success,2021-12-27,2025-12-03,1413.0,,good,TRUE
shibgf,SHIBGF,0x505a84a03e382331a1be487b632cf357748b65d6,True,13512488.0,success,2021-11-01,2025-12-02,1458.0,,good,TRUE
shido,Shido Network,0xe2512a2f19f0388ad3d7a5263eaa82acd564827b,True,19340774.0,success,2023-10-03,2025-12-03,784.0,,good,TRUE
shield,Dejitaru Shirudo,0xcf4c68db4c2fa0bf58df07b14f45ce7709a716ac,True,16164712.0,success,2022-12-16,2025-12-02,754.0,,good,TRUE
shifu,Shifu,0x2cc7a972ebc1865b346085655f929abfa74cd4dc,True,21428941.0,success,2024-12-20,2025-12-03,350.0,,good,TRUE
shih,Shih Tzu,0x841fb148863454a3b3570f515414759be9091465,True,12266477.0,success,2021-05-07,2025-12-03,1647.0,,good,TRUE
shik,Shikoku,0x24da31e7bb182cb2cabfef1d88db19c2ae1f5572,True,15921033.0,success,2022-12-22,2025-12-03,1079.0,,good,TRUE
shik,Shikoku Inu,0xf480f819766c024defc0e8a333b324350174ff71,True,23217781.0,success,2025-08-25,2025-12-02,86.0,,good,TRUE
shil,Shila Inu,0x20c3fa331a385b63ee39137e99d0cf2db142fce1,True,16450338.0,success,2023-01-27,2025-12-02,923.0,,good,TRUE
shin,Shina Inu,0xa0bbbe391b0d0957f1d013381b643041d2ca4022,True,20027494.0,success,2024-06-09,2025-12-03,525.0,,good,TRUE
shiro,Shiro Neko,0xb0ac2b5a73da0e67a8e5489ba922b3f8d582e058,True,21317002.0,success,2024-12-04,2025-12-03,366.0,,good,TRUE
shiro,Shiro Neko CTO,0x6c38f26eaee4e1bdf7d2b4d42467b7a8a6082f5a,True,20799619.0,success,2024-12-05,2025-11-15,287.0,,good,TRUE
shiryo-inu,Shiryo,0x1e2f15302b90edde696593607b6bd444b64e8f02,True,13514037.0,success,2021-11-01,2025-12-03,1494.0,,good,TRUE
shiv,Shiva Inu,0xeb51b8dc2d43469c0f0b7365c8a18438907bdf21,True,19513232.0,success,2024-03-27,2025-12-03,618.0,,good,TRUE
shoe,ShoeFy,0x0fd67b4ceb9b607ef206904ec73459c4880132c9,True,13441720.0,success,2021-10-19,2025-12-03,1504.0,,good,TRUE
shog,SHOG,0xc8388e437031b09b2c61fc4277469091382a1b13,True,20095518.0,success,2024-07-23,2025-11-25,470.0,,good,TRUE
shoot,Mars Battle,0xbc61e13ca6830fc7f035fd0e90a01cd08be6dcaa,True,19519126.0,success,2024-04-17,2025-12-03,578.0,,good,TRUE
shop,Shopping.io,0x64b78325d7495d6d4be92f234fa3f3b8d8964b8b,True,15320198.0,success,2022-09-10,2025-12-03,1109.0,,good,TRUE
shopon,Shopify (Ondo Tokenized Stock),0x908266c1192628371cff7ad2f5eba4de061a0ac5,True,,success,2025-09-02,2025-12-03,81.0,,good,TRUE
shping,Shping,0x7c84e62859d0715eb77d1b1c4154ecd6abb21bec,True,4938581.0,success,2018-10-19,2025-12-03,2196.0,,good,TRUE
shr,ShareToken,0x192675d1e131b9e339f16603e21b01a845d8c21e,True,23279796.0,success,2019-06-21,2025-12-03,2359.0,,good,TRUE
shrap,Shrapnel,0x31e4efe290973ebe91b3a875a7994f650942d28f,True,18334843.0,success,2023-11-08,2025-12-03,758.0,,good,TRUE
shroom,Niftyx Protocol,0xed0439eacf4c4965ae4613d77a5c2efe10e5f183,True,10781584.0,success,2020-09-03,2025-12-03,1919.0,,good,TRUE
shrub,Elon's Hedgehog,0x5bad3b350252b52bc26515e0603c52c0c699a7ad,True,23294605.0,success,2025-09-05,2025-11-29,304.0,,good,TRUE
shrub,Shrub,0x3b991130eae3cca364406d718da22fa1c3e7c256,True,20156795.0,success,2024-06-26,2025-12-03,524.0,,good,TRUE
shrubius,Shrubius Maximus,0x47000bd34d9a7b7cdbeef4ec2ae452e73280a8b5,True,21538105.0,success,2025-01-04,2025-12-03,330.0,,good,TRUE
shu,Shutter,0xe485e2f1bab389c08721b291f6b59780fec83fd7,True,19021394.0,success,2024-02-27,2025-12-03,647.0,,good,TRUE
shx,Stronghold,0x516d31321928700C6B4fB0DB0c8c6BC5d6799787,True,,success,2019-04-19,2025-12-03,2418.0,,good,TRUE
si,Siren,0xd23ac27148af6a2f339bd82d0e3cff380b5093de,True,11253652.0,success,2021-03-03,2025-12-03,1503.0,,good,TRUE
sidus,Sidus,0x549020a9cb845220d66d3e9c6d9f9ef61c981102,True,13675456.0,success,2021-12-15,2025-12-03,1451.0,,good,TRUE
sierra,Sierra,0x6bf7788eaa948d9ffba7e9bb386e2d3c9810e0fc,True,23584894.0,success,2025-10-24,2025-12-03,559.0,,good,TRUE
sifu,Sifu Vision,0x8dd09822e83313adca54c75696ae80c5429697ff,True,17809455.0,success,2024-04-17,2025-11-26,495.0,,good,TRUE
sigma,cSigma Finance,0x53162ec0adae49f21515bb8ca91534dd3872c8db,True,,success,2025-09-08,2025-12-02,1779.0,,good,TRUE
sigma,SIGMA,0x18a8d75f70eaead79b5a55903d036ce337f623a5,True,17065090.0,success,2024-10-10,2025-11-28,366.0,,good,TRUE
sign,Sign,0x868fced65edbf0056c4163515dd840e9f287a4c3,True,22294401.0,success,2025-04-28,2025-12-03,221.0,,good,TRUE
silen,Silensio,0x9157e4b8b6b3b83297a6a7ecf2cdb486542c5136,True,22782997.0,success,2025-06-27,2025-11-23,124.0,,good,TRUE
silkroad,SuperMarioPorsche911Inu,0x1142866f451d9d5281c5c8349a332bd338e552a1,True,17948109.0,success,2023-09-08,2025-12-03,737.0,,good,TRUE
silo,Silo Finance [OLD],0x6f80310ca7f2c654691d1383149fa1a57d8ab1f8,True,13716347.0,success,2021-12-12,2025-12-03,1452.0,,good,TRUE
silo,Silo Finance,0xf0b2dd79324a66d2108c961d680f7616e1486bb0,True,22417838.0,success,2025-05-09,2025-12-03,198.0,,good,TRUE
simon,Simon the Gator,0x2328434559f7dec44373822cf68052de0d671b7f,True,,success,2025-08-15,2025-12-03,112.0,,good,TRUE
sing,Singularity,0x9de21c9aa0f0a7e5fdc9262c3a4d925f017fbc8c,True,22849333.0,success,2025-07-27,2025-12-03,130.0,,good,TRUE
sipher,SIPHER,0x9f52c8ecbee10e00d9faaac5ee9ba0ff6550f511,True,13746527.0,success,2021-12-09,2025-12-03,1457.0,,good,TRUE
sis,Symbiosis,0xd38bb40815d2b0c2d2c866e0c72c5728ffc76dd9,True,13641309.0,success,2021-12-02,2025-12-03,1464.0,,good,TRUE
siusd,InfiniFi Staked iUSD,0xdbdc1ef57537e34680b898e1febd3d68c7389bcb,True,22540416.0,success,2025-08-08,2025-12-02,114.0,,good,TRUE
skai,Skillful AI,0xcf078da6e85389de507ceede0e3d217e457b9d49,True,19085337.0,success,2024-05-31,2025-12-03,553.0,,good,TRUE
skate,Skate,0x61dbbbb552dc893ab3aad09f289f811e67cef285,True,22567434.0,success,2025-06-09,2025-12-03,179.0,,good,TRUE
skeb,Skeb,0x6d614686550b9e1c1df4b2cd8f91c9d4df66c810,True,15088048.0,success,2022-09-08,2025-12-03,1184.0,,good,TRUE
skey,Skey Network,0x06a01a4d579479dd5d884ebf61a31727a3d8d442,True,10749151.0,success,2020-12-21,2025-12-03,1810.0,,good,TRUE
skibidi,Skibidi Dop Dop,0xfab13732ae25267a5f47f6f31660c9a82b5fa9f1,True,,success,2024-12-09,2025-12-03,361.0,,good,TRUE
skl,SKALE,0x00c83aecc790e8a4453e5dd3b0b4b3680501a7a7,True,10363171.0,success,2020-12-01,2025-12-03,1830.0,,good,TRUE
skm,Skrumble Network,0x048fe49be32adfc9ed68c37d32b5ec9df17b3603,True,7901724.0,success,2018-05-11,2025-12-03,2765.0,,good,TRUE
skr,Saakuru,0xe2dca969624795985f2f083bcd0b674337ba130a,True,19781423.0,success,2024-05-30,2025-11-27,530.0,,good,TRUE
skrt,Sekuritance,0x887168120cb89fb06f3e74dc4af20d67df0977f6,True,12091583.0,success,2021-05-15,2025-12-03,1644.0,,good,TRUE
skt,Sukhavati Network,0x012e0e6342308b247f36ee500ecb14dc77a7a8c1,True,12836737.0,success,2021-08-13,2025-12-03,1574.0,,good,TRUE
skull,WOLF SKULL,0x7022fe5fedbd54b40fdc52be30c1c578fb55c2bf,True,20263321.0,success,2024-07-10,2025-12-02,446.0,,good,TRUE
skull,Wolf Skull,0x70ef0df8b656403fc8c632c52661f19fc9934471,True,20737069.0,success,2024-11-09,2025-12-02,384.0,,good,TRUE
sky,Sky,0x56072c95faa701256059aa122697b133aded9279,True,20663735.0,success,2024-09-24,2025-12-03,436.0,,good,TRUE
skya,Sekuya Multiverse,0x623cd3a3edf080057892aaf8d773bbb7a5c9b6e9,True,19832111.0,success,2024-05-24,2025-12-03,560.0,,good,TRUE
skyops,Skyops,0x42168a285252bd00e4930e2f9dc01d496b14c90a,True,22480905.0,success,2025-06-26,2025-11-26,104.0,,good,TRUE
slai,Smart Lending AI,0x72c440b5a41cd48e4c362c706e3f42000de1d8f7,True,22617315.0,success,2025-06-10,2025-11-17,114.0,,good,TRUE
slap,CatSlap,0xf107edabf59ba696e38de62ad5327415bd4d4236,True,21230641.0,success,2024-11-22,2025-12-02,377.0,,good,TRUE
slay,SatLayer,0x51477a3002ee04b7542adfe63ccdb50c00ee5147,True,,success,2025-08-11,2025-12-03,116.0,,good,TRUE
slice,Tranche Finance,0x0aee8703d34dd9ae107386d3eff22ae75dd616d1,True,11549168.0,success,2021-03-01,2025-12-03,1740.0,,good,TRUE
slippy,SLIPPY,0x696a1012a7f694a6f34a95872f806eda633ea463,True,22682807.0,success,2025-07-10,2025-12-03,148.0,,good,TRUE
sln,Smart Layer Network,0xdb82c0d91e057e05600c8f8dc836beb41da6df14,True,19037805.0,success,2024-02-23,2025-12-03,651.0,,good,TRUE
slp,Smooth Love Potion,0xcc8fa225d80b9c7d42f96e9570156c65d6caaa25,True,12314545.0,success,2020-01-11,2025-12-03,2155.0,,good,TRUE
slr,Solarcoin,0x4e9e4ab99cfc14b852f552f5fb3aa68617825b6c,True,,success,2014-03-29,2025-12-03,3409.0,,good,TRUE
sluglord,🌻ᔕᒪᑌGᒪOᖇᗪ🌻,0x5791254f5d7a4d7ce4dda0391ce15812b65ac2a2,True,19734196.0,success,2024-05-05,2025-12-02,488.0,,good,TRUE
slvlusd,Staked Level USD,0x4737d9b4592b40d51e110b94c9c043c6654067ae,True,21144950.0,success,2025-01-30,2025-12-02,307.0,,good,TRUE
slvon,iShares Silver Trust (Ondo Tokenized Stock),0xf3e4872e6a4cf365888d93b6146a2baa7348f1a4,True,,success,2025-09-02,2025-12-02,93.0,,good,TRUE
smartcredit,SmartCredit,0x72e9d9038ce484ee986fea183f8d8df93f9ada13,True,11007479.0,success,2020-11-05,2025-12-03,1662.0,,good,TRUE
smcion,Super Micro Computer (Ondo Tokenized Stock),0x2ca12a3f9635fd69c21580def14f25c210ca9612,True,,success,2025-09-02,2025-12-03,86.0,,good,TRUE
smi,SafeMoon Inu,0xcd7492db29e2ab436e819b249452ee1bbdf52214,True,12422694.0,success,2021-06-04,2025-12-03,1618.0,,good,TRUE
smidge,Smidge,0xea3665e272f14052442e433fb0059424d16cc6c7,True,19980287.0,success,2024-06-04,2025-12-03,505.0,,good,TRUE
smile,bitSmiley,0x6a9b3fdb4a3296ecba1ebfa2cf4a8b16032a769c,True,20842220.0,success,2024-11-06,2025-12-02,393.0,,good,TRUE
smiley,Smiley Coin,0x4c6e2c495b974b8d4220e370f23c7e0e1da9b644,True,17401145.0,success,2023-06-22,2025-12-03,883.0,,good,TRUE
smog,Smog,0x89e8e084cc60e6988527f0904b4be71656e8bfa9,True,,success,2024-02-08,2025-12-03,666.0,,good,TRUE
smol,SMOL,0x53cce6d10e43d1b3d11872ad22ec2acd8d2537b8,True,,success,2025-02-04,2025-12-03,294.0,,good,TRUE
smpl,Simple AI,0xfdd070e34cbd0923d307f3af481be5bddac4f487,True,22510124.0,success,2025-06-05,2025-12-03,183.0,,good,TRUE
sms,SimiliScan,0x3df6336c7b98b2a07e26089eed6f693b04cc0687,True,23291083.0,success,2025-09-06,2025-12-01,1828.0,,good,TRUE
smt,Swarm Markets,0xb17548c7b510427baac4e267bea62e800b247173,True,12748470.0,success,2021-08-03,2025-12-03,1580.0,,good,TRUE
smty,Smoothy,0xbf776e4fca664d791c4ee3a71e2722990e003283,True,,success,2021-04-27,2025-12-03,1683.0,,good,TRUE
smudge,Smudge Lord,0x516e2758b044433371076a48127b8cfa7b0bdb43,True,17210760.0,success,2023-05-11,2025-12-01,806.0,,good,TRUE
smurfcat,Real Smurf Cat,0xff836a5821e69066c87e268bc51b849fab94240c,True,18129682.0,success,2023-09-15,2025-12-03,812.0,,good,TRUE
snake,Pepe Predator,0x1032abe2902a23ddcbab085c20e0e69c33ceb8fa,True,17181493.0,success,2024-04-25,2025-12-02,457.0,,good,TRUE
snap,Snap: first space coin,0x284b25d8f199125da962abc9ee6e6b1b6715cae3,True,20852225.0,success,2024-09-30,2025-11-23,340.0,,good,TRUE
snardler,Snardler Wormfriend,0x66d13dc0e8c2428c9ff4bc0bd93e934110d17fce,True,22497007.0,success,2025-05-21,2025-12-02,187.0,,good,TRUE
snc,SunContract,0xf4134146af2d511dd5ea8cdb1c4ac88c57d60404,True,3941887.0,success,2017-11-19,2025-12-03,2938.0,,good,TRUE
snc,Syncoin,0x6b8952d61e2cd41a284ffd250deb021a709bdc1c,True,20979076.0,success,2025-09-04,2025-12-03,2020.0,,good,TRUE
snek,ETH Snek,0x2025b2f4c7abe6dcb3843c62c32dfa14990a6269,True,21515887.0,success,2024-12-30,2025-11-29,284.0,,good,TRUE
snibbu,Snibbu,0xaee9ba9ce49fe810417a36408e34d9962b653e78,True,17172272.0,success,2024-03-12,2025-12-03,633.0,,good,TRUE
snibbu,Snibbu,0x2a9db31f0f0329b03ddd7a8a4b5297815bba0124,True,22613388.0,success,2025-06-04,2025-12-03,181.0,,good,TRUE
snm,SnailMoon,0x77571a64342667f7818520ef004b2b91f47a266b,True,17111437.0,success,2023-06-20,2025-12-01,545.0,,good,TRUE
snort,Snorter,0x21f5b2bacb67c94aa0982ce7428f7d1b3c9ceb53,True,22436922.0,success,2025-10-28,2025-12-03,856.0,,good,TRUE
snow,Snowswap,0xfe9a29ab92522d14fc65880d817214261d8479ae,True,11013652.0,success,2020-10-09,2025-11-29,1859.0,,good,TRUE
snowon,Snowflake (Ondo Tokenized Stock),0x5d1a9a9b118ff19721e0111f094f2360b6ef7a2f,True,,success,2025-09-02,2025-12-03,80.0,,good,TRUE
snpad,SNPad,0x772358ef6ed3e18bde1263f7d229601c5fa81875,True,19941542.0,success,2024-06-05,2025-12-03,548.0,,good,TRUE
sns,Shibarium Name Service,0xea4a2327e75252517535fd013b7c6706609819db,True,16614111.0,success,2023-03-18,2025-11-29,732.0,,good,TRUE
snsy,Sensay,0x82a605d6d9114f4ad6d5ee461027477eeed31e34,True,19387180.0,success,2024-04-03,2025-12-03,611.0,,good,TRUE
snt,Status,0x744d70fdbe2ba4cf95131626614a1763df805b9e,True,3898960.0,success,2017-07-29,2025-12-03,3051.0,,good,TRUE
snx,Synthetix,0xc011a73ee8576fb46f5e1c5751ca3b9fe0af2a6f,True,,success,2018-03-21,2025-12-02,2815.0,,good,TRUE
socks,Unisocks,0x23b608675a2b2fb1890d3abbd85c5775c51691d5,True,7722626.0,success,2020-02-25,2025-12-03,1964.0,,good,TRUE
sofi,RAI Finance,0xb49fa25978abf9a248b8212ab4b87277682301c0,True,13458806.0,success,2021-04-07,2025-11-11,1681.0,,good,TRUE
sohot,SOHOTRN,0xc3f8143212871014b472ea83285af7f25928dee4,True,19037192.0,success,2024-01-22,2025-11-26,373.0,,good,TRUE
soil,Soil,0x54991328ab43c7d5d31c19d1b9fa048e77b5cd16,True,21586798.0,success,2023-10-11,2025-12-03,786.0,,good,TRUE
soku,SokuSwap,0x4c3a8eceb656ec63eae80a4ebd565e4887db6160,True,14457698.0,success,2021-09-15,2025-12-03,1493.0,,good,TRUE
solana,BarbieCrashBandicootRFK88,0x3d806324b6df5af3c1a81acba14a8a62fe6d643f,True,17786996.0,success,2023-08-11,2025-12-02,846.0,,good,TRUE
solid,Solidly,0x777172d858dc1599914a1c4c6c9fc48c99a60990,True,,success,2023-01-09,2025-12-03,1052.0,,good,TRUE
solo,Solo,0xd61a8bbd5c6d8cd9690a89616b33dc939c9fbda9,True,21331534.0,success,2024-12-04,2025-12-03,358.0,,good,TRUE
solvbtc,Solv Protocol BTC,0x7a56e1c57c7475ccf742a1832b028f0456652f97,True,,success,2024-04-07,2025-12-03,607.0,,good,TRUE
solve,SOLVE,0x446c9033e7516d820cc9a2ce2d0b7328b579406f,True,5787183.0,success,2018-01-08,2025-12-03,2566.0,,good,TRUE
solx,Solaxy,0xe0b7ad7f8f26e2b00c8b47b5df370f15f90fcf48,True,21343231.0,success,2025-06-23,2025-12-03,165.0,,good,TRUE
something,believe in somETHing,0x7c9f94a79b6b859dfb1d3312fc2311b39f89c677,True,23026330.0,success,2025-07-30,2025-12-02,127.0,,good,TRUE
somm,Sommelier,0xa670d7237398238de01267472c6f13e5b8010fd1,True,14083639.0,success,2022-02-01,2025-12-03,1401.0,,good,TRUE
sona,Parsona,0xd570bd9f7993e94b5af964fcf6b2027966d5b728,True,23226527.0,success,2025-08-27,2025-11-23,51.0,,good,TRUE
sona,Sonata Network,0xcefde37817da4fc51ddc24e3820ad316784ee04b,True,18937854.0,success,2024-01-12,2025-11-30,523.0,,good,TRUE
sonik,SONIK,0x9f891b5ecbd89dd8a5ee4d1d80efc3fe78b306cb,True,17912978.0,success,2023-09-11,2025-12-02,762.0,,good,TRUE
sop,SoPay,0x076641af1b8f06b7f8c92587156143c109002cbe,True,5228353.0,success,2018-11-10,2025-12-03,2578.0,,good,TRUE
soph,SophiaVerse,0x73fbd93bfda83b111ddc092aa3a4ca77fd30d380,True,17683294.0,success,2023-07-26,2025-12-03,863.0,,good,TRUE
soph,Sophon,0x6b7774cb12ed7573a7586e7d0e62a2a563ddd3f0,True,20971438.0,success,2025-05-28,2025-12-03,191.0,,good,TRUE
sor,Sorcery Finance,0x5197ab79b03f1479cbf391a2030b8883546ff251,True,20386571.0,success,2023-09-08,2025-12-03,773.0,,good,TRUE
sor,Sorra,0xe021baa5b70c62a9ab2468490d3f8ce0afdd88df,True,21394715.0,success,2024-12-14,2025-12-01,144.0,,good,TRUE
sora,Sora AI,0xb8a87405d9a4f2f866319b77004e88dff66c0d92,True,19235060.0,success,2024-02-16,2025-12-03,658.0,,good,TRUE
sorya,Sorya,0x848d969588d6592842d071cad4f15778dd84344a,True,23142211.0,success,2025-08-18,2025-09-07,22.0,,good,TRUE
sos,OpenDAO,0x3b484b82567a09e2588a13d54d032153f0c0aee0,True,13860522.0,success,2021-12-24,2025-12-02,1441.0,,good,TRUE
soso,SoSoValue,0x76a0e27618462bdac7a29104bdcfff4e6bfcea2d,True,,success,2025-01-24,2025-12-03,315.0,,good,TRUE
soul,Phantasma Phoenix,0x75858677e27c930fb622759feaffee2b754af07f,True,,success,2018-05-28,2025-12-02,2747.0,,good,TRUE
soup,soup.game,0x28cfe98c33b8a8bb5f5ac5068a95d9db6bee5ffd,True,21592398.0,success,2025-02-10,2025-11-29,193.0,,good,TRUE
south,DeepSouth AI,0xcd24ba0e3364233ee9301c1d608a14753c8739c5,True,18937259.0,success,2024-01-08,2025-12-02,681.0,,good,TRUE
sov,Shib Original Vision,0x2c5bc2ba3614fd27fcc7022ea71d9172e2632c16,True,16919040.0,success,2023-03-28,2025-12-01,915.0,,good,TRUE
sov,Sovryn,0xbdab72602e9ad40fc6a6852caf43258113b8f7a5,True,12327804.0,success,2021-06-11,2025-12-03,1638.0,,good,TRUE
sovrn,Sovrun,0x031b8d752d73d7fe9678acef26e818280d0646b4,True,21176024.0,success,2024-12-01,2025-12-03,369.0,,good,TRUE
soy,Soyjak,0xad78d154baec2e9b4e78182d02388981b5093f80,True,18593165.0,success,2023-11-19,2025-11-20,348.0,,good,TRUE
spa,Sperax,0xb4a3b0faf0ab53df58001804dda5bfc6a3d59008,True,13114327.0,success,2020-08-25,2025-12-03,1928.0,,good,TRUE
space,Spacelens,0xcc7ab8d78dba187dc95bf3bb86e65e0c26d0041f,True,12383635.0,success,2021-07-10,2025-12-03,1607.0,,good,TRUE
space,Space Token,0x1d1498166ddceee616a6d99868e1e0677300056f,True,18612904.0,success,2021-11-22,2025-12-03,1474.0,,good,TRUE
spacepi,SpacePi Token,0x69b14e8d3cebfdd8196bfe530954a0c226e5008e,True,15946017.0,success,2024-02-20,2025-11-30,643.0,,good,TRUE
sparklet,Upland,0x0bc37bea9068a86c221b8bd71ea6228260dad5a2,True,20227114.0,success,2024-07-24,2025-12-03,499.0,,good,TRUE
spc,SpaceChain (ERC-20),0x86ed939b500e121c0c5f493f399084db596dad20,True,10894696.0,success,2018-11-03,2025-12-03,2589.0,,good,TRUE
spctr,Spectre,0xb29e475b69f843046a757747943c00dce8a3d982,True,20842902.0,success,2024-10-02,2025-12-03,420.0,,good,TRUE
spdg,SPACEDOGE,0xf46ccb9e08fb7e32eed560c87d5e583a59a43420,True,22371121.0,success,2025-07-16,2025-12-03,142.0,,good,TRUE
spe,SavePlanetEarth,0x4b91dfa774acde7ed70e93a6438363feaaa40f54,True,21098307.0,success,2021-11-02,2025-12-03,1208.0,,good,TRUE
spec,Spectral,0xadf7c35560035944e805d98ff17d58cde2449389,True,,success,2024-05-06,2025-12-03,578.0,,good,TRUE
spec,Speculate DAO,0xab0ceb816ad51168ea61545316ee0b3387122243,True,19992300.0,success,2024-04-25,2025-12-02,375.0,,good,TRUE
spectra,Spectra,0x6a89228055c7c28430692e342f149f37462b478b,True,,success,2024-12-18,2025-12-03,352.0,,good,TRUE
spectre,Spectre AI,0x9cf0ed013e67db12ca3af8e7506fe401aa14dad6,True,18577830.0,success,2023-11-20,2025-12-03,746.0,,good,TRUE
speed,Lightspeed,0xb01cf1be9568f09449382a47cd5bf58e2a9d5922,True,,success,2024-11-08,2025-12-02,391.0,,good,TRUE
speedy,Speedy,0xc8f69a9b46b235de8d0b77c355fff7994f1b090f,True,20836226.0,success,2024-10-08,2025-12-03,423.0,,good,TRUE
spell,Spell,0x090185f2135308bad17527004364ebcc2d37e5f6,True,12454535.0,success,2021-05-28,2025-12-03,1652.0,,good,TRUE
spellfire,Spellfire,0x3a0b022f32b3191d44e5847da12dc0b63fb07c91,True,13987095.0,success,2022-01-27,2025-12-03,1408.0,,good,TRUE
spgion,S&P Global (Ondo Tokenized Stock),0xbc843b147db4c7e00721d76037b8b92e13afe13f,True,,success,2025-09-02,2025-12-03,70.0,,good,TRUE
sph,Spheroid Universe,0xa0cf46eb152656c7090e769916eb44a138aaa406,True,6007066.0,success,2020-08-04,2025-12-03,1935.0,,good,TRUE
sphynx,Sphynx Labs,0x1901f826dfcbfd9d3138936932366b3493a50893,True,19381244.0,success,2023-05-05,2025-12-03,768.0,,good,TRUE
spi,Shopping.io,0x4feea34369a00740ba41b2d7cabe121f076ffe6e,True,23549533.0,success,2025-10-21,2025-12-03,968.0,,good,TRUE
spike,Spike,0x19848077f45356b21164c412eff3d3e4ff6ebc31,True,20023944.0,success,2024-06-13,2025-12-03,539.0,,good,TRUE
spk,Spark,0xc20059e0317de91738d13af027dfc4a50781b066,True,21066365.0,success,2025-06-17,2025-12-03,171.0,,good,TRUE
spo,Spores Network,0xcbe771323587ea16dacb6016e269d7f08a7acc4e,True,12895236.0,success,2021-07-30,2025-12-03,1589.0,,good,TRUE
spork,SporkDAO,0xb624fde1a972b1c89ec1dad691442d5e8e891469,True,12694106.0,success,2022-02-04,2025-12-03,1074.0,,good,UNKNOWN
spot,Defispot,0xe635efcfac44c5f44508f4d17c3a96cb4ce421dd,True,19593775.0,success,2024-04-23,2025-12-02,550.0,,good,TRUE
spot,Spot,0xc1f33e0cf7e40a67375007104b929e49a581bafe,True,,success,2022-12-09,2025-12-03,1086.0,,good,TRUE
spoton,Spotify (Ondo Tokenized Stock),0x590f21186489ca1612f49a4b1ff5c66acd6796a9,True,,success,2025-09-02,2025-12-03,76.0,,good,TRUE
spring,Spring Token,0xf04af3f4e4929f7cd25a751e6149a3318373d4fe,True,13165169.0,success,2022-04-30,2025-12-03,1299.0,,good,TRUE
sprstr,SprotoStrategy,0x2e0e7dd22ad56705237a59759918e20267b111f2,True,23354722.0,success,2025-09-18,2025-12-01,587.0,,good,TRUE
spurdo,Spurdo,0x59c6766de1dc50a9c9db86cb0461b5ce07408ab7,True,17906912.0,success,2023-08-21,2025-12-03,755.0,,good,TRUE
spurdo,Spurdo,0x42069e779838929495ed0152ffc27145ce5c7f98,True,23011999.0,success,2025-07-28,2025-12-03,130.0,,good,TRUE
spurdo,SPURDO,0x74c00c26e0ace673313aebf749a1a9644eeefdea,True,19886606.0,success,2025-09-12,2025-12-03,1960.0,,good,TRUE
spurdo,SPURDO ON ETH,0x3927fb89f34bbee63351a6340558eebf51a19fb8,True,19927112.0,success,2024-06-12,2025-11-30,538.0,,good,TRUE
spwn,Bitspawn,0xe516d78d784c77d479977be58905b3f2b1111126,True,12628114.0,success,2021-06-22,2025-11-08,1367.0,,good,TRUE
spx,SPX6900,0xe0f63a424a4439cbe457d80e4f4b51ad25b2c56c,True,17924486.0,success,2023-08-24,2025-12-03,829.0,,good,TRUE
spx2.0,SPX6900 2.0,0x230ea9aed5d08afdb22cd3c06c47cf24ad501301,True,21030055.0,success,2024-10-26,2025-12-03,405.0,,good,TRUE
spyon,SPDR S&P 500 ETF (Ondo Tokenized ETF),0xfedc5f4a6c38211c1338aa411018dfaf26612c08,True,,success,2025-09-02,2025-12-03,94.0,,good,TRUE
spyro,SPYRO,0x6d7497751656618fc38cfb5478994a20f7e235df,True,19169369.0,success,2024-02-13,2025-12-03,570.0,,good,TRUE
spyx,SP500 xStock,0x90a2a4c76b5d8c0bc892a69ea28aa775a8f2dd48,True,,success,2025-07-01,2025-12-03,157.0,,good,TRUE
sqgrow,SquidGrow,0xb72e76ccf005313868db7b48070901a44629da98,True,20661913.0,success,2024-09-13,2025-12-03,448.0,,good,TRUE
sql,StakeQuest Legends,0xff0d55e4ace7cfbd07c7d15515d84e15b25325ab,True,,success,2025-09-10,2025-12-03,2004.0,,good,TRUE
sqt,SubQuery Network,0x09395a2a58db45db0da254c7eaa5ac469d8bdc85,True,19217803.0,success,2024-02-23,2025-12-03,651.0,,good,TRUE
squid,Squid Game,0x561cf9121e89926c27fa1cfc78dfcc4c422937a4,True,18587351.0,success,2023-11-21,2025-11-29,697.0,,good,TRUE
squigstr,SquiggleStrategy,0x742fd09cbbeb1ec4e3d6404dfc959a324deb50e6,True,23447944.0,success,2025-09-26,2025-12-03,1520.0,,good,TRUE
squill,Squill,0x7ebab7190d3d574ce82d29f2fa1422f18e29969c,True,22263549.0,success,2025-06-26,2025-12-03,150.0,,good,TRUE
squirrel,Squirrel By 𝓜𝓪𝓽𝓽 𝓕𝓾𝓻𝓲𝓮,0xf32d61b55a0704e52a12963c4b71315847b0d04e,True,23293595.0,success,2025-09-05,2025-10-18,79.0,,bad,UNKNOWN
squirry,Squirry,0xbfa7cb34879167e982206fabf6ced5e2ba5cd496,True,20254329.0,success,2024-07-10,2025-12-02,351.0,,good,TRUE
sqw,Safe Quantum Wallet,0xd30e5c58c01cc0ec828051664e45f51f38c27b11,True,22455052.0,success,2025-06-17,2025-11-14,105.0,,good,TRUE
src,Simracer Coin,0x16587cf43f044aba0165ffa00acf412631194e4b,True,9645444.0,success,2020-11-04,2025-12-03,1450.0,,good,TRUE
srk,SparkPoint,0x0488401c3f535193fa8df029d9ffe615a06e74e6,True,7364545.0,success,2019-05-15,2025-12-03,2396.0,,good,TRUE
srm,Serum,0x476c5e26a75bd202a9683ffd34359c0cc15be0ff,True,10570346.0,success,2020-08-11,2025-12-03,1942.0,,good,TRUE
srn,Sirin Labs,0x68d57c9a1c35f63e2c83ee8e49a64e9d70528d25,True,4718874.0,success,2017-12-31,2025-12-03,2846.0,,good,TRUE
srune,sRUNE,0x0352557b007a4aae1511c114409b932f06f9e2f4,True,,success,2021-05-01,2025-12-03,1648.0,,good,TRUE
srusd,Reservoir srUSD,0x738d1115b90efa71ae468f1287fc864775e23a31,True,20564153.0,success,2025-03-28,2025-12-03,168.0,,good,TRUE
ss,Secret Society,0xe4b4c008ff36e3c50c4299c223504a480de9c833,True,15421882.0,success,2024-04-09,2025-12-03,550.0,,good,TRUE
ssnc,SatoshiSync,0x6715515f5aa98e8bd3624922e1ba91e6f5fc4402,True,,success,2024-04-09,2025-11-15,559.0,,good,TRUE
ssuperusd,SuperReturn sSuperUSD,0x139450c2dcef827c9a2a0bb1cb5506260940c9fd,True,,success,2025-07-31,2025-12-03,127.0,,good,TRUE
ssv,SSV Network,0x9d65ff81a3c488d585bbfb0bfe3c7707c7917f54,True,13054980.0,success,2021-10-19,2025-12-03,1508.0,,good,TRUE
st-ycrv,Staked Yearn CRV Vault,0x27b5739e22ad9033bcbf192059122d163b60349d,True,,success,2023-01-20,2025-12-03,768.0,,bad,UNKNOWN
st-yeth,Staked Yearn Ether,0x583019ff0f430721ada9cfb4fac8f06ca104d0b4,True,17815723.0,success,2023-10-09,2025-12-03,788.0,,good,TRUE
sta,Statera,0xa7de087329bfcda5639247f96140f9dabe3deed1,True,10160809.0,success,2020-05-25,2025-12-02,1752.0,,good,TRUE
stable,Stable,0x60b9c41d99fe3eb64ecc1344bad31d87f1bced6d,True,18691399.0,success,2023-08-03,2025-12-03,853.0,,good,TRUE
stabul,Stabull Finance,0x6a43795941113c2f58eb487001f4f8ee74b6938a,True,20469885.0,success,2025-05-19,2025-12-03,200.0,,good,TRUE
stack,StratoStack,0x6b6ed968c266de0e9b24ed055f5eaf44072c1730,True,22877128.0,success,2025-07-09,2025-11-09,87.0,,good,TRUE
stake,STAKE,0x0ae055097c6d159879521c384f1d2123d1f195e6,True,9877421.0,success,2020-04-30,2025-12-03,2045.0,,good,TRUE
star,StarHeroes,0xb299751b088336e165da313c33e3195b8c6663a6,True,19417591.0,success,2024-03-12,2025-12-03,633.0,,good,TRUE
starl,StarLink,0x8e6cd950ad6ba651f6dd608dc70e5886b1aa6b24,True,12739085.0,success,2021-07-01,2025-12-03,1618.0,,good,TRUE
stars,Mogul Productions [OLD],0xc55c2175e90a46602fd42e931f62b3acc1a013ca,True,12102624.0,success,2021-04-23,2025-12-02,1647.0,,good,TRUE
stars,STARS,0x04f121600c8c47a754636fc9d75661a9525e05d5,True,20463059.0,success,2024-12-25,2025-12-03,345.0,,good,TRUE
start,Starter.xyz,0x1d7ca62f6af49ec66f6680b8606e634e55ef22c1,True,12957206.0,success,2021-03-10,2025-11-27,1665.0,,good,TRUE
stat,STAT,0x4fc15c91a9c4a9efb404174464687e8e128730c2,True,15625024.0,success,2022-07-28,2025-12-03,1226.0,,good,TRUE
state,New World Order,0x00c2999c8b2adf4abc835cc63209533973718eb1,True,13037894.0,success,2022-09-22,2025-12-02,1167.0,,good,TRUE
stavail,Deq Staked AVAIL,0x3742f3fcc56b2d46c7b8ca77c23be60cd43ca80a,True,,success,2024-11-05,2025-12-03,372.0,,good,TRUE
stax,STAX Token,0xd70030cb861be7a7788f699e4f5ca8d51b31102d,True,22995303.0,success,2025-09-25,2025-12-03,1652.0,,good,TRUE
stbu,Stobox Token,0xa6422e3e219ee6d4c1b18895275fe43556fd50ed,True,13978767.0,success,2020-09-29,2025-12-03,1891.0,,good,TRUE
steaketh,Steakhouse ETH Morpho Vault,0xbeef050ecd6a16c4e7bffbb52ebba7846c4b8cd4,True,19380443.0,success,2024-11-29,2025-12-03,371.0,,bad,UNKNOWN
steakeurcv,Steakhouse EURCV Morpho Vault,0xbeef07e929f84466a591de130e4154667214f491,True,20213063.0,success,2024-12-06,2025-12-03,364.0,,bad,UNKNOWN
steakpyusd,Steakhouse PYUSD Morpho Vault,0xbeef02e5e13584ab96848af90261f0c8ee04722a,True,19043398.0,success,2024-12-09,2025-12-03,361.0,,bad,UNKNOWN
steakusdc,Steakhouse USDC Morpho Vault,0xbeef01735c132ada46aa9aa4c54623caa92a64cb,True,18928285.0,success,2024-12-09,2025-12-03,361.0,,bad,UNKNOWN
steakusdt,Steakhouse USDT Morpho Vault,0xbeef047a543e45807105e51a8bbefcc5950fcfba,True,19043398.0,success,2024-12-06,2025-12-03,364.0,,bad,UNKNOWN
steakwbtc,Steakhouse WBTC Morpho Vault,0xbeef094333aedd535c130958c204e84f681fd9fa,True,19380443.0,success,2024-12-06,2025-12-03,364.0,,bad,UNKNOWN
stealth,Stealth AI,0xe27f31b020f95f90f0db2ae0a5fae3b505df7a3e,True,21223447.0,success,2024-12-12,2025-11-26,331.0,,good,TRUE
stelai,StellaryAI,0xcd4ee6c8052df6742e4b342cf720ff3ac74f415e,True,19556528.0,success,2024-03-18,2025-11-30,598.0,,good,TRUE
steth,Lido Staked Ether,0xae7ab96520de3a18e5e111b5eaab095312d7fe84,True,,success,2020-12-22,2025-12-16,1822.0,,good,TRUE
steur,Angle Staked EURA,0x004626a008b1acdc4c74ab51644093b155e59a23,True,,success,2023-12-03,2025-12-03,733.0,,good,UNKNOWN
steve,Steve,0x6e068796ba34613eb9b285affe0283fef3f4d66f,True,20221120.0,success,2024-07-04,2025-11-17,242.0,,good,TRUE
stfx,STFX,0x9343e24716659a3551eb10aff9472a2dcad5db2d,True,16458271.0,success,2023-01-25,2025-11-26,1036.0,,good,TRUE
stg,Stargate Finance,0xaf5191b0de278c7286d6c7cc6ab6bb8a73ba2cd6,True,14402855.0,success,2022-03-18,2025-12-03,1358.0,,good,TRUE
stiba,Wall Street Shiba,0x9614bfb1dde843f379a86a0e7efd1eb9a4300962,True,23317870.0,success,2025-09-09,2025-10-09,596.0,,good,TRUE
stkabpt,Staked Aave Balancer Pool Token,0xa1116930326d21fb917d5a27f1e9943a9595fb47,True,,success,2021-06-30,2025-12-03,1619.0,,good,TRUE
stlink,Staked LINK,0xb8b295df2cd735b15be5eb419517aa626fc43cd5,True,,success,2024-02-04,2025-12-03,665.0,,good,TRUE
stlkr,Market Stalker,0x522ec96bced6dc26325120edf3931d34e417a620,True,22933812.0,success,2025-07-20,2025-12-02,137.0,,good,TRUE
stm,Steam22,0x65b3f4a4694b125ada8f9ebc2b79d6c7d4015d1b,True,23091782.0,success,2025-08-10,2025-12-03,117.0,,good,TRUE
stmatic,Lido Staked Matic,0x9ee91f9f426fa633d227f7a9b000e28b9dfd8599,True,,success,2022-03-29,2025-12-02,1346.0,,good,TRUE
stmx,StormX,0xa62cc35625b0c8dc1faea39d33625bb4c15bd71c,True,,success,2018-01-04,2025-12-03,2892.0,,good,TRUE
stnd,Standard Protocol,0x9040e237c3bf18347bb00957dc22167d0f2b999d,True,12334612.0,success,2021-04-29,2025-11-13,1661.0,,good,TRUE
sto,StakeStone,0x1d88713b483a8e45cff0e5cd7c2e15e5fab4534d,True,22138603.0,success,2025-04-03,2025-12-03,246.0,,good,TRUE
ston,Ston,0xdc47f2ba852669b178699449e50682d6ceaf8c07,True,10722799.0,success,2020-11-02,2025-11-13,1645.0,,good,TRUE
stone,StakeStone ETH,0x7122985656e38bdc0302db86685bb972b145bd3c,True,18203782.0,success,2023-11-22,2025-12-03,744.0,,good,UNKNOWN
stonks,STONKSDAO,0x3d9a4d8ab4f5bd1d5d08ae3a95e8ed8bb4d7e3b9,True,17105579.0,success,2023-04-25,2025-11-25,797.0,,good,TRUE
stonks,Stonks on ETH,0x7d4a23832fad83258b32ce4fd3109ceef4332af4,True,19776624.0,success,2024-06-11,2025-12-03,542.0,,good,TRUE
stops,Stockops AI,0x0b90ab67c353e1b4956ca3b13c3a1dbdec169655,True,23019696.0,success,2025-07-31,2025-10-25,45.0,,good,TRUE
store,Bit Store,0x31ea0de8119307aa264bb4b38727aab4e36b074f,True,13626837.0,success,2022-01-26,2025-12-02,1356.0,,good,TRUE
storj,Storj,0xb64ef51c888972c908cfacf59b47c1afbc0ab8ac,True,3898942.0,success,2017-10-02,2025-12-03,2986.0,,good,TRUE
stos,Stratos,0x08c32b0726c5684024ea6e141c50ade9690bbdcc,True,12597708.0,success,2021-06-10,2025-12-03,1639.0,,good,TRUE
stpr,Strike Protocol,0x1c74d8c8fe37b0fa47debc82e0ab6925a3dc4a2f,True,19457429.0,success,2024-09-17,2025-12-02,242.0,,good,TRUE
strat,ETH Strategy,0x14cf922aa1512adfc34409b63e18d391e4a86a2f,True,23011131.0,success,2025-08-13,2025-12-02,111.0,,good,TRUE
straydog,Stray Dog,0xe15ed6cad89cb6d71b1f18eff938c65fbc59b371,True,23219006.0,success,2025-08-26,2025-12-03,101.0,,good,TRUE
strdy,Sturdy,0xaeb3607ec434454ceb308f5cd540875efb54309a,True,18892767.0,success,2024-02-22,2025-12-03,652.0,,good,TRUE
strike,Strike,0x74232704659ef37c08995e386a2e26cc27a8d7b1,True,12015022.0,success,2021-04-01,2025-12-03,1709.0,,good,TRUE
strk,Starknet,0xca14007eff0db1f8135f4c25b34de49ab0d42766,True,15983290.0,success,2024-02-20,2025-12-03,653.0,,good,TRUE
strm,Streamer Inu,0x8162b5bc8f651007cc38a09f557bab2bf4cefb5b,True,19686438.0,success,2022-10-28,2025-11-23,832.0,,good,TRUE
strngr,Stronger,0xdc0327d50e6c73db2f8117760592c8bbf1cdcf38,True,14483374.0,success,2022-04-08,2025-12-03,1195.0,,good,TRUE
strong,Strong,0x990f341946a3fdb507ae7e52d17851b87168017c,True,10615042.0,success,2020-08-10,2025-12-03,1943.0,,good,TRUE
strump,Super Trump,0x7039cd6d7966672f194e8139074c3d5c4e6dcf65,True,19299563.0,success,2024-03-14,2025-12-03,631.0,,good,TRUE
strx,StrikeX,0x4ed257678fc4e76df9642a416b223729fdedbefd,True,19013606.0,success,2021-05-27,2025-12-03,1652.0,,good,TRUE
sttao,Tensorplex Staked TAO,0xb60acd2057067dc9ed8c083f5aa227a244044fd6,True,,success,2024-02-18,2025-12-03,646.0,,good,TRUE
stusdt,Staked USDT,0x25ec98773d7b4ced4cafab96a2a1c0945f145e10,True,,success,2023-08-24,2025-12-16,756.0,,good,UNKNOWN
style,STYLE Token,0x9e91f79070926a191e41367d40ad582686f9e66d,True,19731554.0,success,2024-05-02,2025-11-29,526.0,,good,TRUE
stz,99Starz,0x3f5294df68f871241c4b18fcf78ebd8ac18ab654,True,13729352.0,success,2021-12-12,2025-12-02,1448.0,,good,TRUE
stzeta,Accumulated Finance Staked ZETA,0xf38feedb0c85c1e1d6864c7513ac646d28bb0cfc,True,19133345.0,success,2024-10-28,2025-11-12,382.0,,good,TRUE
su,Smol Su,0x064797ac7f833d01faeeae0e69f3af5a52a91fc8,True,18666917.0,success,2023-05-09,2025-11-28,858.0,,good,TRUE
sudo,sudoswap,0x3446dd70b2d52a6bf4a5a192d9b0a161295ab7f9,True,16521290.0,success,2023-02-19,2025-12-03,1020.0,,good,TRUE
suiagent,aiSUI,0xa4392e3cef22679fa36704d37e5a8192cf8350f2,True,22445183.0,success,2025-05-15,2025-11-10,179.0,,good,TRUE
suiai,SUI Agents,0xd19b72e027cd66bde41d8f60a13740a26c4be8f3,True,21315859.0,success,2024-12-07,2025-12-03,363.0,,good,TRUE
suirwapin,RWADepin Protocol,0xd444b0d1dceedd7b0993ed04351a491d47048fc4,True,22436327.0,success,2025-05-15,2025-12-03,202.0,,good,TRUE
suki,SUKI,0x696733ce8f387c7a648443d9e21c6c1ee8519b94,True,20765368.0,success,2024-09-17,2025-12-01,269.0,,good,TRUE
suku,SUKU,0x0763fdccf1ae541a5961815c0872a8c5bc6de4d7,True,8760217.0,success,2020-08-04,2025-12-03,1949.0,,good,TRUE
summer,Summer,0x4d4f3715050571a447fffa2cd4cf091c7014ca5c,True,13165181.0,success,2022-04-30,2025-12-03,1278.0,,good,TRUE
sunc,Sunrise,0x692accdd8b86692427e0aa4752ae917df01cc56f,True,12582377.0,success,2021-08-10,2025-11-25,1235.0,,good,TRUE
sup,Superfluid,0xd05001db979ff2f1a3b2105875d3454e90dd2961,True,21845144.0,success,2025-11-19,2025-12-03,323.0,,good,TRUE
super,SuperVerse,0xe53ec727dbdeb9e2d5456c3be40cff031ab40a55,True,11897052.0,success,2021-02-22,2025-12-03,1747.0,,good,TRUE
superbid,SuperBid,0x0563dce613d559a47877ffd1593549fb9d3510d6,True,11888347.0,success,2021-03-04,2025-12-03,1556.0,,good,TRUE
supergrok,SuperGrok,0x00869e8e2e0343edd11314e6ccb0d78d51547ee5,True,22916868.0,success,2025-07-17,2025-12-03,141.0,,good,TRUE
supr,Superseed,0x17906b1cd88aa8efaefc5e82891b52a22219bd45,True,22280256.0,success,2025-05-05,2025-12-03,214.0,,good,TRUE
sure,inSure DeFi,0xcb86c6a22cb56b6cf40cafedb06ba0df188a416e,True,,success,2020-01-09,2025-12-02,2154.0,,good,TRUE
susd,Synthetix sUSD,0x57ab1ec28d129707052df4df418d58a2d46d5f51,True,,success,2018-07-18,2025-12-02,2694.0,,good,TRUE
susda,sUSDa,0x2b66aade1e9c062ff411bd47c44e0ad696d43bd9,True,21108203.0,success,2024-11-19,2025-12-03,288.0,,good,TRUE
susde,Ethena Staked USDe,0x9d39a5de30e57443bff2a8307a4256c8797a3497,True,18571359.0,success,2024-03-20,2025-12-02,624.0,,good,TRUE
susdn,seed USDN,0xf67e2dc041b8a3c39d066037d29f500757b1e886,True,,success,2024-11-22,2025-11-28,298.0,,good,TRUE
susds,sUSDS,0xa3931d71877c0e7a3148cb7eb4463524fec27fbd,True,,success,2024-12-13,2025-12-03,357.0,,good,TRUE
susdx,Stables Labs Staked USDX,0x7788a3538c5fc7f9c7c8a74eac4c898fc8d87d92,True,19458846.0,success,2024-10-18,2025-12-03,411.0,,good,TRUE
susdz,Anzen Staked USDz,0x547213367cfb08ab418e7b54d7883b2c2aa27fd7,True,19881601.0,success,2024-07-11,2025-12-02,497.0,,good,TRUE
sushi,Sushi,0x6b3595068778dd592e39a122f4f5a5cf09c90fe2,True,10736094.0,success,2020-08-28,2025-12-03,1925.0,,good,TRUE
susn,Staked USN,0xe24a3dc889621612422a64e6388927901608b91d,True,,success,2025-03-21,2025-12-03,259.0,,good,TRUE
susp,Pareto Staked USP,0x271c616157e69a43b4977412a64183cf110edf16,True,,success,2025-07-09,2025-12-02,148.0,,bad,UNKNOWN
susx,Savings USX,0xbc404429558292ee2d769e57d57d6e74bbd2792d,True,,success,2024-08-29,2025-12-03,423.0,,good,TRUE
suzume,Shita-kiri Suzume,0x0b452278223d3954f4ac050949d7998e373e7e43,True,15271998.0,success,2024-04-11,2025-12-03,581.0,,good,TRUE
svm,StratoVM,0x2bc46eb4ae80ddd9c8a6e064c74327c8244d88e2,True,20862008.0,success,2024-10-07,2025-12-03,398.0,,good,TRUE
svn,StakeVault.Network,0xce872db165d4f5623af9c29e03afd416bc5f67bc,True,19240190.0,success,2024-04-29,2025-12-03,585.0,,good,TRUE
svpn,Shadow Node,0xc668695dcbcf682de106da94bde65c9bc79362d3,True,19425103.0,success,2024-03-15,2025-12-03,630.0,,good,TRUE
swap,TrustSwap,0xcc4304a31d09258b0029ea7fe63d032f52e44efe,True,,success,2020-07-09,2025-12-03,1975.0,,good,TRUE
swash,Swash,0xa130e3a33a4d84b04c3918c4e5762223ae252f80,True,13349596.0,success,2021-10-31,2025-12-03,1496.0,,good,TRUE
swat,SWTCoin,0xc0f1728d9513efc316d0e93a0758c992f88b0809,True,6792197.0,success,2018-09-13,2025-11-19,2330.0,,good,TRUE
sweat,SWEAT,0xb4b9dc1c77bdbb135ea907fd5a08094d98883a35,True,,success,2022-09-13,2025-12-03,1179.0,,good,TRUE
swell,Swell,0x0a6e7ba5042b38349e437ec6db6214aec7b35676,True,20341507.0,success,2024-11-07,2025-12-03,393.0,,good,TRUE
sweth,Swell Ethereum,0xf951e335afb289353dc249e82926178eac7ded78,True,,success,2023-05-15,2025-12-03,935.0,,good,TRUE
swftc,SWFTCOIN,0x0bb217e40f8a5cb79adf04e1aab60e5abd0dfc1e,True,,success,2018-02-13,2025-12-03,2852.0,,good,TRUE
swgt,SmartWorld Global Token,0xc8bf8bc34874e07f6a0d4abc8be22ba9e372631b,True,18071063.0,success,2024-06-28,2025-12-03,525.0,,good,TRUE
swingby,Swingby,0x8287c7b963b405b7b8d467db9d79eec40625b13a,True,12336543.0,success,2020-07-24,2025-12-03,1957.0,,good,TRUE
swise,StakeWise,0x48c3399719b582dd63eb5aadf12a40b4c3f52fa2,True,,success,2021-04-27,2025-12-03,1679.0,,good,TRUE
switch,Switch Token,0xb10cc888cb2cce7036f4c7ecad8a57da16161338,True,16530482.0,success,2023-05-09,2025-12-03,941.0,,good,TRUE
swk,Sowaka,0xddfbe9173c90deb428fdd494cb16125653172919,True,,success,2024-06-06,2025-12-03,543.0,,good,TRUE
swm,Swarm Network,0x3505f494c3f0fed0b594e01fa41dd3967645ca39,True,8438475.0,success,2014-09-16,2025-12-03,3392.0,,good,TRUE
sworld,Seedworld,0x968be3f7bfef0f8edc3c1ad90232ebb0da0867aa,True,21023544.0,success,2024-10-23,2025-12-03,408.0,,good,TRUE
swpr,Swapr,0x6cacdb97e3fc8136805a9e7c342d866ab77d0957,True,13147411.0,success,2021-10-06,2025-12-03,1447.0,,good,TRUE
swt,Smart Wallet,0x45cb6aa4d4b2b51444b5f1a345bc5f9ff1973ed4,True,20333233.0,success,2024-11-18,2025-11-21,351.0,,good,TRUE
swth,Carbon Protocol,0xb4371da53140417cbb3362055374b10d97e420bb,True,12645044.0,success,2018-04-04,2025-12-03,2790.0,,good,TRUE
swusd,Swerve.fi USD,0x77c6e4a580c0dce4e5c7a17d0bc077188a83a059,True,10793293.0,success,2020-10-25,2025-12-03,1867.0,,bad,UNKNOWN
sx,SX Network (OLD),0x99fe3b1391503a1bc1788051347a1324bff41452,True,11662243.0,success,2021-01-27,2025-12-03,1773.0,,good,TRUE
sx,SX Network,0xbe9f61555f50dd6167f2772e9cf7519790d96624,True,19078681.0,success,2024-01-31,2025-12-03,674.0,,good,TRUE
sxp,Solar,0x8ce9137d39326ad0cd6491fb5cc0cba0e089b6a9,True,8363030.0,success,2019-08-24,2025-12-03,2295.0,,good,TRUE
sxt,Space and Time,0xe6bfd33f52d82ccb5b37e16d3dd81f9ffdabb195,True,21890160.0,success,2025-05-08,2025-12-03,211.0,,good,TRUE
sylo,Sylo,0xf293d23bf2cdc05411ca0eddd588eb1977e8dcd4,True,5541150.0,success,2020-05-15,2025-12-03,2030.0,,good,TRUE
syn,Synapse,0x0f2d719407fdbeff09d87557abb7232601fd9f29,True,,success,2021-08-30,2025-12-03,1558.0,,good,TRUE
syn,Synari,0x1bd1bc78a183c0547cdc2dcea12c0a8c05bdc034,True,22588443.0,success,2025-05-31,2025-11-10,66.0,,good,TRUE
sync,Sync Network,0xb6ff96b8a8d214544ca0dbc9b33f7ad6503efd32,True,10803330.0,success,2020-11-27,2025-12-03,1808.0,,good,TRUE
synd,Syndicate,0x1bab804803159ad84b8854581aa53ac72455614e,True,22889493.0,success,2025-09-18,2025-12-03,1825.0,,good,TRUE
synk,Synk,0x048d07bd350ba516b84587e147284881b593eb86,True,20621232.0,success,2024-09-24,2025-12-03,437.0,,good,TRUE
synt,Synternet,0xda987c655ebc38c801db64a8608bc1aa56cd9a31,True,20156237.0,success,2024-06-27,2025-12-03,526.0,,good,TRUE
syrup,Maple Finance,0x643c4e15d7d62ad0abec4a9bd4b001aa3ef52d66,True,,success,2024-11-13,2025-12-03,387.0,,good,TRUE
syrupusdc,syrupUSDC,0x80ac24aa929eaf5013f6436cda2a7ba190f5cc0b,True,19920366.0,success,2025-03-02,2025-12-03,278.0,,good,TRUE
syrupusdt,syrupUSDT,0x356b8d89c1e1239cbbb9de4815c39a1474d5ba7d,True,20434756.0,success,2025-09-29,2025-12-03,1555.0,,good,TRUE
syusd,Staked YUSD,0xfe0ccc9942e98c963fe6b4e5194eb6e3baa4cb64,True,,success,2025-10-13,2025-12-02,274.0,,good,TRUE
sξr,Strategic ETH Reserve,0x2fd23a21c52fff0535328a7177da1fb31b8a819e,True,23344197.0,success,2025-09-15,2025-12-03,1355.0,,good,TRUE
t,Threshold Network,0xcdf7028ceab81fa0c6971208e83fa7872994bee5,True,13912436.0,success,2022-01-03,2025-12-03,1432.0,,good,TRUE
t3,T3 AI,0xf60899b5d7239d0868520d9b6fec14976a37795b,True,23358403.0,success,2025-09-14,2025-10-04,131.0,,good,TRUE
t6900,Token6900,0xdf4c0665e67cf0698447ca9e454ed56cc6f2df1e,True,22789925.0,success,2025-09-04,2025-12-03,2153.0,,good,TRUE
tai,Trace AI,0x267eb2a9a13dc304a9deff4277abe850d0852c5f,True,16585873.0,success,2023-07-21,2025-11-20,535.0,,good,TRUE
taiki,TAIKI INU,0xe533c2480983e46664b15717d6fc02c0a1dad537,True,22617656.0,success,2025-06-04,2025-12-03,184.0,,good,TRUE
taiko,Taiko,0x10dea67478c5f8c5e2d90e5e9b26dbe60c54d800,True,,success,2024-06-05,2025-12-03,548.0,,good,TRUE
tako,Tako,0x0ee375090f423934ebfbb241a3eb2ee4e01eaf0a,True,22860815.0,success,2025-07-09,2025-12-03,149.0,,good,TRUE
talk,CrypTalk,0x0aff507ac29b8cea2fb10d2ad14408c2d79a35ad,True,22078678.0,success,2025-03-25,2025-12-02,254.0,,good,TRUE
talk,Talken,0xcaabcaa4ca42e1d86de1a201c818639def0ba7a7,True,12323231.0,success,2021-09-03,2025-12-03,1554.0,,good,TRUE
tanssi,Tanssi,0x553f4cb7256d8fc038e91d36cb63fa7c13b624ab,True,,success,2025-07-09,2025-12-03,149.0,,good,TRUE
tanuki,Tanuki,0x0b2fa18342d38909e3e44d7103cf3f37b0a0403a,True,22940878.0,success,2025-07-18,2025-12-03,140.0,,good,TRUE
taobot,tao.bot,0x49fb8ad7578148e17c3ef0c344ce23a66ed372c4,True,19378415.0,success,2024-03-08,2025-12-03,637.0,,good,TRUE
taonu,TAO INU,0x4e9fcd48af4738e3bf1382009dc1e93ebfce698f,True,18601160.0,success,2023-11-24,2025-12-03,742.0,,good,TRUE
tap,The America Party,0x8080779e8366ea28cd1c99bd66ac6d04fce73bf9,True,22648644.0,success,2025-06-08,2025-12-03,180.0,,good,TRUE
tap,The America Party,0x594dd710e3bef17cb0585ffb863e0fc9e0f257ab,True,22648471.0,success,2025-06-09,2025-11-30,162.0,,good,TRUE
tap (bitcoin),Tapify,0x5e7f6e008c6d9d7ad4c7eb75bd4ce62864cc7454,True,,success,2024-11-27,2025-12-03,373.0,,good,TRUE
taproot,Taproot,0x07b701ac44aacb03d8bed42eb85ec38210bdf513,True,19061886.0,success,2024-02-20,2025-12-03,654.0,,good,TRUE
tara,Taraxa,0x2f42b7d686ca3effc69778b6ed8493a7787b4d6e,True,20476536.0,success,2021-03-22,2025-12-03,1719.0,,good,TRUE
taro,Taro,0xae9f227a68a307afa799fa024198ba6d1d83da4b,True,22521006.0,success,2025-05-20,2025-12-03,195.0,,good,TRUE
tarot,Tarot V1,0x837d904a3799c0769079be9ecbaddf1abd4ccd6e,True,16388534.0,success,2021-08-23,2025-12-03,1565.0,,good,TRUE
tarot,Tarot,0xa10bf0aba0c7953f279c4cb8192d3b5de5ea56e8,True,17765135.0,success,2023-09-19,2025-12-03,808.0,,good,TRUE
tas,Tao Accounting System,0x64d5fea7d2d600918b76159285994d6ed218f264,True,19317875.0,success,2024-02-29,2025-11-25,428.0,,good,TRUE
tate,TATE,0xa589d8868607b8d79ee4288ce192796051263b64,True,17112061.0,success,2023-04-28,2025-12-01,905.0,,good,TRUE
tatsu,Tatsu,0x92f419fb7a750aed295b0ddf536276bf5a40124f,True,19230082.0,success,2024-02-29,2025-12-03,645.0,,good,TRUE
taxi,Robotaxi,0x2597342ff387b63846eb456419590781c4bfcdaf,True,20908329.0,success,2024-10-08,2025-12-03,401.0,,good,TRUE
tbank,TaoBank,0x95ccffae3eb8767d4a941ec43280961dde89f4de,True,19234253.0,success,2024-03-01,2025-11-28,636.0,,good,TRUE
tbc,Ten Best Coins,0x03042ae6fcfd53e3a0baa1fab5ce70e0cb74e6fb,True,9630305.0,success,2022-09-16,2025-12-03,1176.0,,good,TRUE
tbill,OpenEden TBILL,0xdd50c053c096cb04a3e3362e2b622529ec5f2e8a,True,,success,2023-10-24,2025-12-02,761.0,,bad,UNKNOWN
tbtc,tBTC,0x18084fba666a33d37592fa2633fd49a74dd93a88,True,13042356.0,success,2020-09-23,2025-12-03,1899.0,,good,TRUE
tct,TokenClub,0x4824a7b64e3966b0133f4f4ffb1b9d6beb75fff7,True,4783159.0,success,2018-02-15,2025-12-03,2845.0,,good,TRUE
tear,TEAR,0x299a1503e88433c0fd1bd68625c25c5a703eb64f,True,18751413.0,success,2024-02-21,2025-12-03,460.0,,good,TRUE
teddy,Teddy the Tile Doge,0x6377d23a56c10a39bf4363e33e5515f1ef62a3c2,True,22962854.0,success,2025-07-28,2025-12-03,130.0,,good,TRUE
teer,Integritee,0x769916a66fdac0e3d57363129caac59386ea622b,True,,success,2021-12-01,2025-12-02,1464.0,,good,TRUE
tel,Telcoin,0x467bccd9d29f223bce8043b84e8c8b282827790f,True,9369177.0,success,2018-02-02,2025-12-03,2862.0,,good,TRUE
temco,TEMCO,0x2fc246aa66f0da5bb1368f688548ecbbe9bdee5d,True,7615485.0,success,2019-02-02,2025-12-03,2498.0,,good,TRUE
temple,TempleDAO,0x470ebf5f030ed85fc1ed4c2d36b9dd02e77cf1b7,True,13321581.0,success,2021-12-23,2025-11-29,1317.0,,good,TRUE
ten,TEN,0xea9bb54fc76bfd5dd2ff2f6da641e78c230bb683,True,,success,2025-11-28,2025-12-02,117.0,,good,TRUE
ten,Tokenomy,0xdd16ec0f66e54d453e6756713e533355989040e4,True,4941282.0,success,2018-02-24,2025-12-03,2841.0,,good,TRUE
tenshi,Tenshi,0x52662717e448be36cb54588499d5a8328bd95292,True,12926750.0,success,2021-07-19,2025-12-02,1211.0,,good,TRUE
tensor,Wrapped Hypertensor,0x16a3543fa6b32cac3b0a755f64a729e84f89a75c,True,19571664.0,success,2024-05-20,2025-12-03,564.0,,good,TRUE
term,Term Finance,0xc3d21f79c3120a4ffda7a535f8005a7c297799bf,True,,success,2025-03-26,2025-12-03,254.0,,good,TRUE
terminus,Terminus,0xcbde0453d4e7d748077c1b0ac2216c011dd2f406,True,20529480.0,success,2024-09-23,2025-12-03,438.0,,good,TRUE
terminus,Terminus,0x44e18207b6e98f4a786957954e462ed46b8c95be,True,20282305.0,success,2024-10-01,2025-12-03,420.0,,good,TRUE
test,Test,0x807534b396919783b7e30383fe57d857bc084338,True,17821091.0,success,2023-08-04,2025-12-02,726.0,,good,TRUE
tet,Tectum,0x68a47fe1cf42eba4a030a10cd4d6a1031ca3ca0a,True,17187450.0,success,2023-07-04,2025-12-03,885.0,,good,TRUE
teth,Treehouse ETH,0xd11c452fc99cf405034ee446803b6f6c1f6d5ed8,True,,success,2024-09-25,2025-12-03,433.0,,good,TRUE
texan,Texan,0xcfcffe432a48db53f59c301422d2edd77b2a88d7,True,16342720.0,success,2023-01-14,2025-12-03,972.0,,good,TRUE
tft,ThreeFold,0x395e925834996e558bdec77cd648435d620afb5b,True,,success,2018-11-10,2025-12-16,2355.0,,good,TRUE
tgbp,Tokenised GBP,0x27f6c8289550fce67f6b50bed1f519966afe5287,True,,success,2025-11-12,2025-12-03,451.0,,good,TRUE
tgc,TG.Casino,0x25b4f5d4c314bcd5d7962734936c957b947cb7cf,True,18288572.0,success,2024-01-11,2025-12-03,694.0,,good,TRUE
tgr,Tegro,0xc7026a20a640bc71b9074f7aed52a00cd9147091,True,15988105.0,success,2022-07-26,2025-12-03,955.0,,good,TRUE
tgt,THORWallet DEX,0x108a850856db3f85d0269a2693d896b394c80325,True,12915014.0,success,2021-12-21,2025-12-02,1444.0,,good,TRUE
thales,Thales,0x8947da500eb47f82df21143d0c01a29862a8c3c5,True,14069742.0,success,2021-09-16,2025-12-03,1541.0,,good,TRUE
that,THAT,0xd2e57e7019a8faea8b3e4a3738ee5b269975008a,True,22309583.0,success,2024-10-21,2025-12-03,410.0,,good,TRUE
thbill,Theo Short Duration US Treasury Fund,0x5fa487bca6158c64046b2813623e20755091da0b,True,,success,2025-08-07,2025-12-03,120.0,,good,TRUE
the,The Protocol,0x0cba60ca5ef4d42f92a5070a8fedd13be93e2861,True,15748077.0,success,2022-10-18,2025-12-03,1139.0,,good,TRUE
the dogefather,DogeFather,0xbf2e353f5db1a01e4e7f051222c666afc81b2574,True,21219909.0,success,2024-12-14,2025-12-02,355.0,,good,TRUE
theos,Theos,0x9e10f61749c4952c320412a6b26901605ff6da1d,True,13043370.0,success,2021-09-04,2025-12-03,1458.0,,good,TRUE
thing,Nothing Token,0xffd822149fa6749176c7a1424e71a417f26189c8,True,17234368.0,success,2023-05-15,2025-11-22,739.0,,good,TRUE
think,THINK Protocol,0xf9ff95468cb9a0cd57b8542bbc4c148e290ff465,True,22536451.0,success,2025-07-23,2025-12-03,135.0,,good,TRUE
thn,Throne,0x2e95cea14dd384429eb3c4331b776c4cfbb6fcd9,True,12503713.0,success,2021-07-09,2025-12-03,1585.0,,good,TRUE
thnd,Three Hundred AI,0x7567d006f6be77e3d87aa831855cb4102e37b17d,True,18079724.0,success,2024-01-03,2025-11-22,591.0,,good,TRUE
thol,AngelBlock,0x207e14389183a94343942de7afbc607f57460618,True,16634654.0,success,2023-02-19,2025-12-02,989.0,,good,TRUE
thor,THORSwap,0xa5f2211b9b8170f694421f2046281775e8468044,True,13456700.0,success,2021-11-06,2025-12-03,1490.0,,good,TRUE
thub,TensorHub,0x7fed466b893c716235e1b8d685c913f7d2797463,True,19561377.0,success,2024-04-05,2025-11-28,248.0,,good,TRUE
thug,Thug Life,0xce9de5365739b1bed5c8546867aee4209fbb8538,True,17712753.0,success,2023-07-20,2025-11-04,654.0,,good,UNKNOWN
thusd,Tharwa USD,0x76972f054ab43829064d31ff5f3acc5fabe57fe8,True,22743607.0,success,2025-07-08,2025-12-03,129.0,,good,TRUE
thusd,Threshold USD,0xcfc5bd99915aaa815401c5a41a927ab7a38d29cf,True,18424635.0,success,2024-05-16,2025-12-03,485.0,,good,TRUE
ti,Titanium22,0xc5170dd7386247cdb8c48545c803f5d0e3347022,True,17815296.0,success,2023-08-04,2025-11-14,604.0,,good,TRUE
tia,Tiamonds [OLD],0x824e35f7a75324f99300afac75ecf7354e17ea26,True,14253873.0,success,2022-02-27,2025-12-03,1264.0,,good,TRUE
tidal,Tidal Finance,0x29cbd0510eec0327992cd6006e63f9fa8e7f33b7,True,12069157.0,success,2021-03-25,2025-12-03,1711.0,,good,TRUE
tigra,Tigra,0xbe8eff45293598919c99d1cbe5297f2a6935bc64,True,19343594.0,success,2024-03-21,2025-11-30,587.0,,good,TRUE
time,chrono.tech,0x485d17a6f1b8780392d53d64751824253011a260,True,11124788.0,success,2017-02-27,2025-12-02,3201.0,,good,TRUE
tinu,Trump Inu,0xd3fb8597d260efb2e693efd500d62a330a00f1eb,True,19316039.0,success,2024-06-05,2025-11-23,471.0,,good,TRUE
tip,Tipcoin,0x0176b898e92e814c06cc379e508ceb571f70bd40,True,18142773.0,success,2023-09-21,2025-12-03,806.0,,good,TRUE
tipja,Tipja,0x8e235f491ae66b82296d58332adc2a021c449c10,True,17195102.0,success,2023-05-09,2025-11-28,503.0,,good,TRUE
tipon,iShares TIPS Bond ETF (Ondo Tokenized ETF),0x2df38ca485d01fc15e4fd85847ed26b7ef871c1c,True,,success,2025-09-02,2025-11-28,62.0,,good,TRUE
titan,Titan,0xc135a4bbf0d5005f4db3b79b84e8861d22003752,True,20688490.0,success,2024-09-26,2025-11-25,219.0,,good,TRUE
titanx,TitanX,0xf19308f923582a6f7c465e5ce7a9dc1bec6665b1,True,18447145.0,success,2023-11-07,2025-12-03,759.0,,good,TRUE
tkai,TAIKAI,0x7c5b267ed81009aa7374b5ca7e5137da47045ba8,True,15832094.0,success,2024-01-25,2025-12-03,679.0,,good,TRUE
tking,Tiger King Coin,0x24e89bdf2f65326b94e36978a7edeac63623dafa,True,12968866.0,success,2021-05-18,2025-12-02,1638.0,,good,TRUE
tkinu,Tsuki Inu,0xda23d301761e4e2bf474951f978f6dfb6f3c9f14,True,12435055.0,success,2021-05-20,2025-11-15,1100.0,,good,TRUE
tkn,Monolith,0xaaaf91d9b90df800df4f55c205fd6989c977e73a,True,3661011.0,success,2017-05-07,2025-12-02,2872.0,,good,TRUE
tkn,Token Name Service,0x82d09e30d5d682d69b4a5d97c61b7ba651457625,True,17157741.0,success,2024-08-26,2025-12-03,466.0,,good,TRUE
tkst,TokenSight,0x7cdbfc86a0bfa20f133748b0cf5cea5b787b182c,True,18449683.0,success,2023-10-28,2025-12-03,738.0,,good,TRUE
tkus,Trackius.ai,0xaa509b02b71782645d2b124e3b073c9ae5f971f5,True,22833204.0,success,2025-07-04,2025-11-27,107.0,,good,TRUE
tkx,Tokenize Xchange,0x667102bd3413bfeaa3dffb48fa8288819e480a88,True,5077604.0,success,2019-04-12,2025-12-03,2416.0,,good,TRUE
tlm,Alien Worlds,0x888888848b652b3e3a0f34c96e00eec0f3a23f72,True,11900999.0,success,2021-04-14,2025-12-02,1695.0,,good,TRUE
tlos,Telos,0x193f4a4a6ea24102f49b931deeeb931f6e32405d,True,,success,2019-01-30,2025-12-03,2501.0,,good,TRUE
tlton,iShares 20+ Year Treasury Bond ETF (Ondo Tokenized ETF),0x992651bfeb9a0dcc4457610e284ba66d86489d4d,True,,success,2025-09-02,2025-12-02,91.0,,good,TRUE
tmns,Terminus,0x70054a18e57bd9e21e8b6361f6a8dfcd86cdc7d0,True,20531699.0,success,2024-09-22,2025-11-26,232.0,,good,TRUE
tmon,Toyota (Ondo Tokenized Stock),0xab02fc332e9278ebcbbc6b4a8038050c01d15f69,True,,success,2025-09-02,2025-12-03,90.0,,good,TRUE
tmox,Thermo Fisher xStock,0xaf072f109a2c173d822a4fe9af311a1b18f83d19,True,,success,2025-09-29,2025-12-03,316.0,,good,TRUE
tnq,TNQ,0x47e5c76f155083f1aee39578311a2a5faa938a82,True,19020417.0,success,2024-09-24,2025-12-03,383.0,,good,TRUE
tnr,The Night Riders,0x14bfc34b292aa3f8afa0c366244ffb77f72761f6,True,17169079.0,success,2024-06-24,2025-11-30,383.0,,good,TRUE
toad,Acid Toad,0xac1d3d7a8878e655cbb063d58e453540641f4117,True,21131812.0,success,2024-11-08,2025-12-02,388.0,,good,TRUE
toad,TOAD,0x01e1d7cbd3bc0eb1030485f33708421011459459,True,18772936.0,success,2023-12-18,2025-12-03,684.0,,good,TRUE
toadstr,ToadzStrategy,0x92cedfdbce6e87b595e4a529afa2905480368af4,True,23455093.0,success,2025-09-27,2025-12-03,1525.0,,good,TRUE
toai,Traceon AI,0xed291c4ea45be02481e7f8359caada27d5909f42,True,22426269.0,success,2025-05-12,2025-11-27,175.0,,good,TRUE
tokabu,Tokabu,0x9acb099a6460dead936fe7e591d2c875ae4d84b8,True,23123511.0,success,2025-08-13,2025-12-03,114.0,,good,TRUE
toke,Auto Finance,0x2e9d63788249371f1dfc918a52f8d799f4a38c94,True,12961612.0,success,2021-08-07,2025-12-03,1581.0,,good,TRUE
token,TokenFi,0x4507cef57c46789ef8d1a19ea45f4216bae2b528,True,18433988.0,success,2023-10-27,2025-12-03,770.0,,good,TRUE
toki,Toki,0x65086e9928d297ebae6a7d24d8c3aea6f8f6b5d7,True,21382984.0,success,2024-12-13,2025-11-29,351.0,,good,TRUE
toko,Tokoin,0xa0f0546eb5e3ee7e8cfc5da12e5949f3ae622675,True,11110714.0,success,2019-08-24,2025-12-03,2295.0,,good,TRUE
toku,Toku,0x9eec1a4814323a7396c938bc86aec46b97f1bd82,True,16840737.0,success,2023-03-27,2025-12-01,724.0,,good,TRUE
tom,Big Tom,0xeeecd285f60e802ecb6d8d8d37790c887f9a4b33,True,19702483.0,success,2024-06-10,2025-12-02,460.0,,good,TRUE
tomi,TOMI,0x4385328cc4d643ca98dfea734360c0f596c83449,True,,success,2023-01-16,2025-12-03,1053.0,,good,TRUE
tomo,Tomo Cat,0x6a4402a535d74bd0c9cdb5ce2d51822fc9f6620e,True,21287589.0,success,2024-11-30,2025-11-27,258.0,,good,TRUE
tomoe,TomoChain ERC-20,0x05d3606d5c81eb9b7b18530995ec9b29da05faba,True,10898126.0,success,2020-09-29,2025-12-03,1831.0,,good,TRUE
ton,Toncoin,0x582d872a1b094fc48f5de31d3b73f2d9be47def1,True,13042456.0,success,2021-08-27,2025-12-03,1561.0,,good,TRUE
ton,Tokamak Network,0x2be5e8c109e2197d077d13a82daead6a9b3433c5,True,10643261.0,success,2020-08-27,2025-12-03,1926.0,,good,TRUE
ton,TON Community,0x6a6c2ada3ce053561c2fbc3ee211f23d9b8c520a,True,10676524.0,success,2020-09-03,2025-12-03,1919.0,,good,TRUE
tone,TE-FOOD,0x2ab6bb8408ca3199b8fa6c92d5b455f820af03c4,True,11015932.0,success,2018-03-17,2025-12-03,2808.0,,good,TRUE
tonxx,TON xStock,0xe95ab205e333443d7970336d5fd827ef9ed97608,True,,success,2025-11-20,2025-12-03,185.0,,good,UNKNOWN
tools,Blocktools,0xc14b4d4ca66f40f352d7a50fd230ef8b2fb3b8d4,True,17906253.0,success,2023-08-18,2025-12-01,729.0,,good,TRUE
toon,Pontoon,0xaee433adebe0fbb88daa47ef0c1a513caa52ef02,True,13487473.0,success,2021-10-29,2025-12-03,1493.0,,good,TRUE
toons,City Boys,0x792833b894775bd769b3c602ba7172e59a83ab3f,True,18436730.0,success,2023-10-29,2025-12-02,487.0,,good,TRUE
topia,TOPIA,0xccccb68e1a848cbdb5b60a974e07aae143ed40c3,True,17281254.0,success,2023-08-16,2025-12-02,841.0,,good,TRUE
tor,Syntor Ai,0x21e133e07b6cb3ff846b5a32fa9869a1e5040da1,True,22511552.0,success,2025-05-24,2025-12-02,194.0,,good,TRUE
tora,TORA NEKO,0x1bb4afbf2ce0c9ec86e6414ad4ba4d9aab1c0de4,True,20772361.0,success,2024-09-18,2025-12-03,433.0,,good,TRUE
torn,Tornado Cash,0x77777feddddffc19ff86db637967013e6c6a116c,True,11474599.0,success,2021-02-08,2025-12-03,1761.0,,good,TRUE
totakeke,Totakeke,0x69a80a841f3385ec8ddc6c24d2ad2f615d2ad1f2,True,22876049.0,success,2025-07-30,2025-12-03,128.0,,good,TRUE
toto,TOTO,0x973e00eee6d180b5a0eb08ce3047ac4ea7a45cd5,True,18818919.0,success,2024-02-14,2025-12-03,637.0,,good,TRUE
toto,Toto Finance,0xc214a0b73ce4c30594b4173219e885691254801b,True,21935830.0,success,2025-03-11,2025-12-03,269.0,,good,TRUE
toweli,Towelie,0x420698cfdeddea6bc78d59bc17798113ad278f9d,True,20142674.0,success,2024-06-24,2025-12-03,501.0,,good,TRUE
tower,Tower,0x1c9922314ed1415c95b9fd453c3818fd41867d0b,True,11925155.0,success,2021-03-01,2025-12-03,1740.0,,good,TRUE
towns,Towns,0x000000fa00b200406de700041cfc6b19bbfb4d13,True,21738757.0,success,2025-08-05,2025-12-03,122.0,,good,TRUE
toybox,Memefi Toybox 404,0xb9f69c75a3b67425474f8bcab9a3626d8b8249e1,True,19185444.0,success,2024-02-10,2025-11-14,442.0,,good,TRUE
tpad,TaoPad,0x5483dc6abda5f094865120b2d251b5744fc2ecb5,True,18786171.0,success,2023-12-15,2025-12-03,541.0,,good,TRUE
tpro,TPRO Network,0x3540abe4f288b280a0740ad5121aec337c404d15,True,15259787.0,success,2022-08-10,2025-12-03,1181.0,,good,TRUE
tpu,TensorSpace,0xd9812f24f34e0d727bbf6ea7caaee05b7f7a2603,True,19385497.0,success,2024-03-09,2025-12-03,553.0,,good,TRUE
tqqqx,TQQQ xStock,0xfdddb57878ef9d6f681ec4381dcb626b9e69ac86,True,,success,2025-08-02,2025-12-03,125.0,,good,TRUE
trac,OriginTrail,0xaa7a9ca87d3694b5755f213b5d04094b8d0f0a6f,True,4961540.0,success,2018-02-02,2025-12-02,2862.0,,good,TRUE
trade,Polytrade,0x6e5970dbd6fc7eb1f29c6d2edf2bc4c36124c0c1,True,12470914.0,success,2021-08-19,2025-12-03,1569.0,,good,TRUE
trade,Unitrade,0x6f87d756daf0503d08eb8993686c7fc01dc44fb1,True,10539926.0,success,2020-08-05,2025-12-02,1882.0,,good,TRUE
trala,TRALA TOKEN,0xd5e0eda0214f1d05af466e483d9376a77a67448b,True,20086654.0,success,2024-06-27,2025-12-03,526.0,,good,TRUE
trava,Trava Finance,0x186d0ba3dfc3386c464eecd96a61fbb1e2da00bf,True,13676450.0,success,2021-08-06,2025-12-03,1582.0,,good,TRUE
traxx,Traxx,0xd43be54c1aedf7ee4099104f2dae4ea88b18a249,True,14333575.0,success,2022-03-21,2025-12-03,1355.0,,good,TRUE
trb,Tellor Tributes,0x88df592f8eb5d7bd38bfef7deb0fbc02cf3778a0,True,,success,2019-10-06,2025-12-16,2265.0,,good,TRUE
trcv,Traceva,0xd7264c9a5bd13aba25ec7724e72629edb9e92e46,True,23318971.0,success,2025-09-10,2025-10-10,337.0,,good,TRUE
trdg,TRDGtoken,0x92a42db88ed0f02c71d439e55962ca7cab0168b5,True,12410720.0,success,2021-03-15,2025-12-02,1372.0,,good,TRUE
treat,Shiba Inu Treat,0xa02c49da76a085e4e1ee60a6b920ddbc8db599f4,True,21494811.0,success,2025-01-15,2025-12-03,324.0,,good,TRUE
treat,Treat Token,0xfbd5fd3f85e9f4c5e8b40eec9f8b8ab1caaa146b,True,16401136.0,success,2023-08-30,2025-12-03,828.0,,good,TRUE
tree,Tree,0xba25b2281214300e4e649fead9a6d6acd25f1c0a,True,18714590.0,success,2023-12-18,2025-12-03,718.0,,good,TRUE
tree,Treehouse,0x77146784315ba81904d654466968e3a7c196d1f3,True,,success,2025-07-29,2025-12-03,129.0,,good,TRUE
trench,Trench Digger,0xd199e23e2396b4ad8734b7321ca0d435a97017a0,True,22829003.0,success,2025-07-06,2025-12-02,150.0,,good,TRUE
trendbot,TrendBot,0x5f8223c9904b3aa8ad20efa518e58eeb9dba3b3e,True,23340861.0,success,2025-09-11,2025-10-04,102.0,,good,TRUE
trevee,Trevee,0xe90fe2de4a415ad48b6dcec08ba6ae98231948ac,True,23546040.0,success,2025-10-20,2025-12-03,704.0,,good,TRUE
trg,The Rug Game,0x93eeb426782bd88fcd4b48d7b0368cf061044928,True,16382023.0,success,2023-01-17,2025-12-03,1053.0,,good,TRUE
triangle,dancing triangle,0x9a594f5ed8d119b73525dfe23adbceca77fd828d,True,20851334.0,success,2024-10-22,2025-12-02,408.0,,good,TRUE
trias,TriasLab,0x3a856d4effa670c54585a5d523e96513e148e95d,True,,success,2021-02-17,2025-12-03,1752.0,,good,TRUE
tribe,Tribe,0xc7283b66eb1eb5fb86327f08e1b5816b0720212b,True,12125705.0,success,2021-04-03,2025-12-03,1707.0,,good,TRUE
tribl,Tribal Token,0x6988a804c74fd04f37da1ea4781cea68c9c00f86,True,15277645.0,success,2022-10-14,2025-11-28,1013.0,,good,TRUE
trio,Maximus TRIO,0xf55cd1e399e1cc3d95303048897a680be3313308,True,15476328.0,success,2022-10-08,2025-12-02,1153.0,,good,TRUE
trix,TikTrix,0xda5d03f441e13ad74876e5fa1851cbfadab1f332,True,23060617.0,success,2025-07-04,2025-12-03,154.0,,good,TRUE
trog,Trog,0x2077d81d0c5258230d5a195233941547cb5f0989,True,19994392.0,success,2024-06-03,2025-12-03,550.0,,good,TRUE
troll,Troll,0xf8ebf4849f1fa4faf0dff2106a173d3a6cb2eb3a,True,17078176.0,success,2023-04-20,2025-12-03,946.0,,good,TRUE
troll 2.0,TROLL 2.0,0x2f5fa8adf5f09a5f9de05b65fe82a404913f02c4,True,19019093.0,success,2024-01-18,2025-11-23,374.0,,good,TRUE
troppy,TROPPY,0x7eeab3de47a475fd2dec438aef05b128887c6105,True,21173512.0,success,2024-12-03,2025-12-03,367.0,,good,TRUE
trr,Terran Coin,0x490e3f4af13e1616ec97a8c6600c1061a8d0253e,True,12034863.0,success,2021-05-10,2025-12-03,1670.0,,good,TRUE
trrue,TRRUE,0x36e45dcfe1d3d85a78c65c3bad4068dee4f2a25e,True,,success,2025-01-03,2025-12-03,326.0,,good,TRUE
tru,Truebit Protocol,0xf65b5c5104c4fafd4b709d9d60a185eae063276c,True,,success,2021-04-28,2025-12-03,1682.0,,good,TRUE
tru,TrueFi,0x4c19596f5aaff459fa38b0f7ed92f11ae6543784,True,,success,2020-11-22,2025-12-16,1852.0,,good,TRUE
truck,Cybertruck,0xab5d6508e4726141d29c6074ab366afa03f4ec8d,True,17279913.0,success,2023-11-25,2025-12-02,623.0,,good,TRUE
truf,TRUF.Network,0x243c9be13faba09f945ccc565547293337da0ad7,True,21034947.0,success,2024-04-10,2025-12-03,604.0,,good,TRUE
trumatic,TruFin Staked MATIC,0xa43a7c62d56df036c187e1966c03e2799d8987ed,True,,success,2023-12-29,2025-11-07,607.0,,good,TRUE
trump,MAGA,0x6aa56e1d98b3805921c170eb4b3fe7d4fda6d89b,True,20421574.0,success,2023-08-30,2025-12-02,827.0,,good,TRUE
trump,TrumpEffect69420,0x69420cb71f5fa439a84545e79557977c0600c46e,True,21162137.0,success,2024-11-13,2025-11-25,339.0,,good,TRUE
trump47,47th POTUS,0x535887989b9edffb63b1fd5c6b99a4d45443b49a,True,21017909.0,success,2024-10-23,2025-12-02,368.0,,good,TRUE
trumpe,Trump Pepe,0xa3e4bc24177fb99b373202c9bc012496d6592fe2,True,22591270.0,success,2025-06-04,2025-11-13,106.0,,good,TRUE
trumpius,Trumpius Maximus,0x47000a7b27a75d44ffadfe9d0b97fa04d569b323,True,21527310.0,success,2025-01-02,2025-12-03,337.0,,good,TRUE
truth,TruthGPT,0xaf75d880b3128981d1fed3292fc02e3fb37acd53,True,17069009.0,success,2023-04-19,2025-11-19,838.0,,good,TRUE
truu,Truth,0xdae0fafd65385e7775cf75b1398735155ef6acd2,True,,success,2025-02-21,2025-12-03,287.0,,good,TRUE
trvl,Dtravel,0xd47bdf574b4f76210ed503e0efe81b58aa061f3d,True,13643043.0,success,2021-11-26,2025-12-02,1469.0,,good,TRUE
trwa,Tharwa,0x7b10d50b5885be4c7985a88408265c109bd1eec8,True,22816708.0,success,2025-07-01,2025-12-03,157.0,,good,TRUE
tryb,BiLira,0x2c537e5624e4af88a7ae4060c022609376c8d0eb,True,,success,2019-12-16,2025-12-16,2167.0,,good,TRUE
tryc,TRYC,0x0000000005c6b7c1fd10915a05f034f90d524d6e,True,,success,2021-12-27,2025-12-03,1439.0,,good,TRUE
tsa,TensorScan AI,0xf02c2dc9b3cb7f1ba21ccd82dff4ebc92da8996f,True,19391974.0,success,2024-03-18,2025-11-26,568.0,,good,TRUE
tsla,TSLA6900,0xa3bc09171c009f05df7f0b8aaa818ee42d8a91bc,True,20942229.0,success,2024-10-13,2025-12-03,406.0,,good,TRUE
tslaon,Tesla (Ondo Tokenized Stock),0xf6b1117ec07684d3958cad8beb1b302bfd21103f,True,,success,2025-09-02,2025-12-03,94.0,,good,TRUE
tslax,Tesla xStock,0x8ad3c73f833d3f9a523ab01476625f269aeb7cf0,True,,success,2025-06-29,2025-12-03,159.0,,good,TRUE
tsmon,Taiwan Semiconductor Manufacturing (Ondo Tokenized Stock),0x3cafdbfe682aec17d5ace2f97a2f3ab3dcf6a4a9,True,,success,2025-09-02,2025-12-03,94.0,,good,TRUE
tst,Teleport System Token,0x0828096494ad6252f0f853abfc5b6ec9dfe9fdad,True,19671646.0,success,2024-06-27,2025-12-03,526.0,,good,TRUE
tsuji,Tsutsuji Doge's Sister,0x2e6a60492fb5b58f5b5d08c7cafc75e740e6dc8e,True,20419965.0,success,2024-08-08,2025-12-02,456.0,,good,TRUE
tsuka,Dejitaru Tsuka,0xc5fb36dd2fb59d3b98deff88425a3f425ee469ed,True,14845791.0,success,2022-07-18,2025-12-02,1235.0,,good,TRUE
tt,ThunderCore,0x1e053d89e08c24aa2ce5c5b4206744dc2d7bd8f5,True,,success,2019-05-03,2025-12-16,2421.0,,good,TRUE
tua,Atua AI,0x791a5c2261823dbf69b27b63e851b7745532cfa2,True,20528681.0,success,2024-10-06,2025-12-02,424.0,,good,TRUE
tucker,TUCKER CARLSON,0x50b806c5fe274c07e46b96be8c68d2fd2d9597b4,True,18207004.0,success,2024-01-24,2025-12-02,609.0,,good,TRUE
tuggin,Tuggin,0xed93a0bcbd7793b4dd6ca0033b813344512c106d,True,22640350.0,success,2025-06-09,2025-11-19,145.0,,good,TRUE
tuggin,Tuggin,0x8135690743518466d1a414208038c92f9e57abc6,True,22784930.0,success,2025-06-30,2025-09-29,72.0,,good,TRUE
tuit,Tuition Coin,0x963cd3e835d81ce8e4ae4836e654336dab4298e9,True,19712604.0,success,2024-06-05,2025-12-02,524.0,,good,TRUE
tune,Bitune,0x1fac00ccee478eced6a120a50ed2ab28ee7fe32b,True,18825547.0,success,2021-02-27,2025-12-02,1741.0,,good,TRUE
tup,Tenup,0x7714f320adca62b149df2579361afec729c5fe6a,True,13065691.0,success,2018-12-04,2025-12-03,2470.0,,good,TRUE
tupelo,tupelothedog,0xb15a5aab2a65745314fcd0d7f5080bfa65bd7c03,True,19041838.0,success,2024-01-29,2025-11-26,527.0,,good,TRUE
turbo,Turbo,0xa35923162c49cf95e6bf26623385eb431ad920d3,True,17149228.0,success,2023-05-04,2025-12-03,946.0,,good,TRUE
turbo,TURBO.WIN,0x109ba5f0230b7b39e4a8ab56e7361db89fa0e108,True,21306877.0,success,2024-12-02,2025-12-03,345.0,,good,TRUE
turt,TurtSat,0x0800394f6e23dd539929c8b77a3d45c96f76aefc,True,18562981.0,success,2023-11-20,2025-12-03,746.0,,good,TRUE
turtle,Turtle,0x66fd8de541c0594b4dccdfc13bf3a390e50d3afd,True,,success,2025-10-22,2025-12-03,996.0,,good,TRUE
tusd,TrueUSD,0x0000000000085d4780b73119b644ae5ecd22b376,True,,success,2018-03-23,2025-12-16,2827.0,,good,TRUE
tuzki,Tuzki,0x6d68015171eaa7af9a5a0a103664cf1e506ff699,True,19977484.0,success,2024-07-14,2025-12-01,485.0,,good,TRUE
tvk,Virtua,0xd084b83c305dafd76ae3e1b4e1f1fe2ecccb3988,True,11407813.0,success,2020-12-11,2025-12-03,1820.0,,good,TRUE
tweet,TWEET,0x004f747a91e05d0e2fbe8bf3cd39cdb2bcfab02c,True,21388881.0,success,2024-12-16,2025-11-28,322.0,,good,TRUE
twif,Tomwifhat,0x62760e76dce6b500349ec5f6119228d047913350,True,19755842.0,success,2024-05-20,2025-12-03,556.0,,good,TRUE
twin,Twin Protocol,0x48fd84c0dfc47f1b61ed6a86367895aaa6ad2a45,True,20735286.0,success,2024-10-23,2025-12-03,408.0,,good,TRUE
txjp,DeFiGeek Community Japan,0x961dd84059505d59f82ce4fb87d3c09bec65301d,True,4419182.0,success,2025-07-26,2025-12-02,129.0,,good,TRUE
txl,Autobahn Network,0x8eef5a82e6aa222a60f009ac18c24ee12dbf4b41,True,10781095.0,success,2020-09-11,2025-12-02,1907.0,,good,TRUE
txr,Texor.cloud,0x64589f24c6986fb84f07adbad16abbfda1ff804c,True,23227015.0,success,2025-08-28,2025-11-22,33.0,,good,TRUE
txt,Taxa Network,0x547b2f82cecfab9c2b1d36fdda96ef9f58c63b8c,True,12636271.0,success,2021-09-29,2025-12-03,1528.0,,good,TRUE
tybeng,TYBENG,0xd9ebbc7970e26b4eced7323b9331763e8272d011,True,19765567.0,success,2023-07-20,2025-12-02,835.0,,good,TRUE
type,TypeAI,0x443459d45c30a03f90037d011cbe22e2183d3b12,True,18970897.0,success,2024-01-12,2025-12-03,693.0,,good,TRUE
type,Typerium,0xeaf61fc150cd5c3bea75744e830d916e60ea5a9f,True,5561230.0,success,2018-10-25,2025-12-03,2275.0,,good,TRUE
tyrant,Fable Of The Dragon,0x8ee325ae3e54e83956ef2d5952d3c8bc1fa6ec27,True,15787768.0,success,2022-10-21,2025-11-28,1106.0,,good,TRUE
tzu,Sun Tzu,0x13dbd5394c2c7e4bdb85b1838286faa66532a262,True,17423909.0,success,2023-06-09,2025-12-03,710.0,,good,TRUE
u,U Coin,0xe07710cdcd1c9f0fb04bfd013f9854e4552671ce,True,21028925.0,success,2024-11-06,2025-12-03,394.0,,good,TRUE
u,Union,0xba5ed44733953d79717f6269357c77718c8ba5ed,True,,success,2025-09-04,2025-12-03,2153.0,,good,TRUE
u2u,U2U Network,0x558e7139800f8bc119f68d23a6126fffd43a66a6,True,21229009.0,success,2024-12-10,2025-12-03,360.0,,good,TRUE
ua1,UA1,0x25ed873e64edc5d9769e2037f7098c110efd6111,True,22717276.0,success,2025-06-17,2025-11-26,111.0,,good,TRUE
ub,Unibase,0x6944e1df6bf5972305f9ab25df47ef10de01bcc8,True,23327086.0,success,2025-09-12,2025-12-03,1961.0,,good,TRUE
uberon,Uber (Ondo Tokenized Stock),0x5bcd8195e3ef58f677aef9ebc276b5087c027050,True,,success,2025-09-02,2025-12-03,83.0,,good,TRUE
ubi,Universal Basic Income,0xdd1ad9a21ce722c151a836373babe42c868ce9a4,True,,success,2021-05-06,2025-12-03,1644.0,,good,TRUE
ubsn,Silent Notary,0x86efc496dca70bcfd92d19194290e8457a375773,True,13040721.0,success,2018-05-25,2025-11-15,2428.0,,good,TRUE
ubt,Unibright,0x8400d94a5cb0fa0d041a3788e395285d61c9ee5e,True,4892029.0,success,2018-05-23,2025-12-03,2753.0,,good,TRUE
ubx,UBIX Network,0xf5b5efc906513b4344ebabcf47a04901f99f09f3,True,11003648.0,success,2020-11-02,2025-12-03,1859.0,,good,TRUE
ucm,UCROWDME,0x722f97a435278b7383a1e3c47f41773bebf3232c,True,10011515.0,success,2020-08-07,2025-11-08,1576.0,,good,TRUE
uco,Archethic,0x1a688d3d294ee7bcc1f59011de93d608dc21c377,True,,success,2020-09-03,2025-12-02,1886.0,,good,TRUE
ucx,UCX,0x3d3af44cf092a49280e316f09c8f20ecf97bc933,True,6068608.0,success,2019-12-14,2025-12-03,2133.0,,good,TRUE
udai,Unagii Dai,0x4ad0b81f92b16624bbcf46fc0030cfbbf8d02376,True,11359398.0,success,2021-01-27,2025-12-03,1773.0,,bad,UNKNOWN
udo,Unido,0xea3983fc6d0fbbc41fb6f6091f68f3e08894dc06,True,11958508.0,success,2021-03-03,2025-12-03,1735.0,,good,TRUE
uds,Undeads Games,0x712bd4beb54c6b958267d9db0259abdbb0bff606,True,16685490.0,success,2024-05-02,2025-12-03,582.0,,good,TRUE
udw,Underworld,0x00000000e88649dd6aab90088ca25d772d4607d0,True,,success,2024-05-20,2025-11-05,345.0,,good,TRUE
uerii,UERII,0xc1abb8c93be6811affc70675b0432926c4bfbb5d,True,15801193.0,success,2024-03-25,2025-12-03,619.0,,good,TRUE
ueth,Unagii ETH,0x77607588222e01bf892a29abab45796a2047fc7b,True,12014316.0,success,2021-04-01,2025-12-03,1709.0,,bad,UNKNOWN
ufi,PureFi,0xcda4e840411c00a614ad9205caec807c7458a0e3,True,12902900.0,success,2021-07-27,2025-12-03,1592.0,,good,TRUE
ufo,UFO Gaming,0x249e38ea4102d0cf8264d3701f1a0e39c4f2dc3b,True,12478255.0,success,2021-06-30,2025-12-03,1619.0,,good,TRUE
uft,UniLend Finance,0x0202be363b8a4820f3f4de7faf5224ff05943ab1,True,11023444.0,success,2020-10-15,2025-12-03,1877.0,,good,TRUE
ugold,UGOLD Inc.,0xa6089dbfed19d1bcd43146bbdca2b8f9d9f84a9a,True,14414836.0,success,2024-03-12,2025-12-03,633.0,,good,TRUE
ugt,Unreal Finance,0x9cf98eb8a8b28c83e8612046cf55701ce3eb0063,True,13076437.0,success,2021-08-25,2025-11-30,1463.0,,good,TRUE
ui,UIUI,0x50dd9ce3e599c3209582f0429d6896ecc1dae732,True,23082679.0,success,2025-08-09,2025-12-02,110.0,,good,TRUE
ult,Shardus,0x09617f6fd6cf8a71278ec86e23bbab29c04353a7,True,5172845.0,success,2019-05-16,2025-12-03,2219.0,,good,TRUE
ulti,Ultiverse,0x0e7779e698052f8fe56c415c3818fcf89de9ac6d,True,19723882.0,success,2024-06-03,2025-12-03,550.0,,good,TRUE
ulx,ULTRON,0x5aa158404fed6b4730c13f49d3a7f820e14a636f,True,15243906.0,success,2022-08-22,2025-12-03,1201.0,,good,TRUE
um,Continuum World,0xb19dd661f076998e3b0456935092a233e12c2280,True,13241846.0,success,2021-10-05,2025-12-02,1428.0,,good,TRUE
uma,UMA,0x04fa0d235c4abf4bcf4787af4cf447de572ef828,True,9247089.0,success,2020-04-29,2025-12-03,2046.0,,good,TRUE
umb,Umbrella Network,0x6fc13eace26590b80cccab1ba5d51890577d83b2,True,11816531.0,success,2021-02-10,2025-12-03,1759.0,,good,TRUE
umi,Umi Digital,0x61107a409fffe1965126aa456af679719695c69c,True,12159323.0,success,2021-08-23,2025-12-02,1365.0,,good,TRUE
una,Unagi Token,0x0b6f3ea2814f3fff804ba5d5c237aebbc364fba9,True,19013138.0,success,2024-06-12,2025-12-03,541.0,,good,TRUE
unbnk,Unbanked,0x06b884e60794ce02aafab13791b59a2e6a07442f,True,13140142.0,success,2021-11-11,2025-12-03,1256.0,,good,TRUE
uncx,UNCX Network,0xadb2437e6f65682b85f814fbc12fec0508a7b1d0,True,11055690.0,success,2020-10-20,2025-12-03,1869.0,,good,TRUE
undead,Undead Blocks,0x310c8f00b9de3c31ab95ea68feb6c877538f7947,True,,success,2022-05-04,2025-12-03,1310.0,,good,TRUE
unfi,Unifi Protocol DAO,0x441761326490cacf7af299725b6292597ee822c2,True,11227928.0,success,2020-11-19,2025-12-03,1842.0,,good,TRUE
unhon,UnitedHealth (Ondo Tokenized Stock),0x075756f3b6381a79633438faa8964946bf40163d,True,,success,2025-09-02,2025-12-03,94.0,,good,TRUE
unhx,UnitedHealth xStock,0x167a6375da1efc4a5be0f470e73ecefd66245048,True,,success,2025-07-30,2025-12-03,128.0,,good,TRUE
uni,UNICORN,0x2730d6fdc86c95a74253beffaa8306b40fedecbb,True,8346908.0,success,2019-08-27,2025-12-03,2287.0,,good,TRUE
uni,Uniswap,0x1f9840a85d5af5bf1d1762f925bdaddc4201f984,True,10861674.0,success,2020-09-17,2025-12-03,1905.0,,good,TRUE
unibot,Unibot,0xf819d9cb1c2a819fd991781a822de3ca8607c3c9,True,17464252.0,success,2023-05-21,2025-12-03,929.0,,good,TRUE
unibtc,Universal BTC,0x004e9c3ef86bc1ca1f0bb5c7662861ee93350568,True,,success,2024-08-08,2025-12-03,484.0,,good,TRUE
unidata,UNIDATA,0x1eba268081ce1b673b39b39ca423cb8e7cb8e6d1,True,23333766.0,success,2025-01-31,2025-12-02,253.0,,good,TRUE
unieth,Universal ETH,0xf1376bcef0f78459c0ed0ba5ddce976f1ddf51f4,True,,success,2023-11-16,2025-12-03,677.0,,good,TRUE
unio,Unio Coin,0x01aac2b594f7bdbec740f0f1aa22910ebb4b74ab,True,19639268.0,success,2024-09-30,2025-12-03,431.0,,good,TRUE
unistake,Unistake,0x9ed8e7c9604790f7ec589f99b94361d8aab64e5e,True,10997688.0,success,2020-10-15,2025-12-03,1797.0,,good,TRUE
unit0,Unit0,0x48b847cf774a5710f36f594b11fc10e2e59bba72,True,21114623.0,success,2024-11-06,2025-12-03,394.0,,good,TRUE
universe,Unicorn Metaverse,0xf6f31b8afbf8e3f7fc8246bef26093f02838da98,True,14706266.0,success,2023-11-21,2025-11-22,488.0,,good,TRUE
unix,UniX,0xddd6a0ecc3c6f6c102e5ea3d8af7b801d1a77ac8,True,13640351.0,success,2021-11-28,2025-12-02,1449.0,,good,TRUE
unleash,UnleashClub,0x0e9cc0f7e550bd43bd2af2214563c47699f96479,True,17500373.0,success,2023-06-22,2025-12-03,888.0,,good,TRUE
unn,UNION Protocol Governance,0x226f7b842e0f0120b7e194d05432b3fd14773a9d,True,11340260.0,success,2020-12-18,2025-12-03,1813.0,,good,TRUE
uno,Uno,0x4604151d4c98d1eea200b0d6bffb79a2613182aa,True,21995395.0,success,2025-03-09,2025-12-01,257.0,,good,TRUE
uno,Lunos,0x474021845c4643113458ea4414bdb7fb74a01a77,True,12318842.0,success,2021-04-28,2025-12-03,1682.0,,good,TRUE
unp,Unipoly,0x23d7ff057c696fee679c60cef61fee6614218f04,True,18380357.0,success,2023-11-01,2025-12-03,765.0,,good,TRUE
unqt,Unique Utility,0xa80f2c8f61c56546001f5fc2eb8d6e4e72c45d4c,True,12213400.0,success,2022-02-04,2025-11-29,1034.0,,good,TRUE
unv,Unvest,0xdcb2fa7eab2507613417bb9762efa73093fc6b65,True,19722732.0,success,2021-09-02,2025-12-02,1063.0,,good,TRUE
uomi,UOMI,0x6b4bcfeccf80ab79eae40475af34cd986e583090,True,21235203.0,success,2025-09-11,2025-12-03,1983.0,,good,TRUE
uos,Ultra,0xd13c7342e1ef687c5ad21b27c2b65d772cab5c8c,True,8164986.0,success,2019-07-18,2025-12-03,2332.0,,good,TRUE
up,TonUP,0x40a32606a4ce9b4f350421642ebf65c052d5389b,True,19303474.0,success,2023-12-27,2025-12-03,706.0,,good,TRUE
upc,UPCX,0x487d62468282bd04ddf976631c23128a425555ee,True,18019385.0,success,2023-12-01,2025-12-03,735.0,,good,TRUE
upi,Pawtocol,0x70d2b7c19352bb76e4409858ff5746e500f2b67c,True,9045344.0,success,2020-08-20,2025-12-02,1908.0,,good,TRUE
uqc,Uquid Coin,0x8806926ab68eb5a7b909dcaf6fdbe5d93271d6e2,True,10982432.0,success,2017-12-20,2025-12-03,2907.0,,good,TRUE
uranus,URANUS,0x355c46eebbcbe1fc2844ade63ee565204addd37c,True,20821878.0,success,2024-09-30,2025-11-20,382.0,,good,TRUE
urqa,UREEQA,0x1735db6ab5baa19ea55d0adceed7bcdc008b3136,True,12147274.0,success,2021-04-01,2025-12-03,1708.0,,good,TRUE
urus,Aurox,0xc6dddb5bc6e61e0841c54f3e723ae1f3a807260b,True,14195753.0,success,2021-03-01,2025-12-02,1711.0,,good,TRUE
usacoin,USAcoin,0x5e3f09ab25548616b4b97f6163ff19cf6027930d,True,21451362.0,success,2024-12-21,2025-12-03,349.0,,good,TRUE
usam,Uncle Sam,0x0f79dff082b6f4324528f5ded2d6b8aa6d576277,True,21952745.0,success,2025-04-19,2025-11-29,192.0,,good,TRUE
usc,Unstable Cult,0x3be8d80f4c85f59ad9c95387354cb89351820811,True,23288534.0,success,2025-09-04,2025-10-19,146.0,,bad,UNKNOWN
uscc,Superstate USCC,0x14d60e7fdc0d71d8611742720e4c50e7a974020c,True,,success,2024-11-01,2025-12-03,399.0,,bad,UNKNOWN
usd0,Usual USD,0x73a15fed60bf67631dc6cd7bc5b6e8da8190acf5,True,,success,2024-07-10,2025-12-03,513.0,,good,TRUE
usd0++,Staked USD0,0x35d8949372d46b7a3d5a56006ae77b215fc69bc0,True,,success,2024-07-26,2025-12-03,497.0,,good,TRUE
usd1,USD1,0x8d0d000ee44948fc98c9b98a4fa4921476f08b0d,True,,success,2025-04-11,2025-12-03,238.0,,good,TRUE
usd3,Web 3 Dollar,0x0d86883faf4ffd7aeb116390af37746f45b6f378,True,,success,2024-05-23,2025-12-03,521.0,,good,TRUE
usda,USDA,0x0000206329b97db379d5e1bf586bbdb969c63274,True,,success,2024-04-18,2025-12-02,593.0,,good,TRUE
usda,USDa,0x8a60e489004ca22d775c5f2c657598278d17d9c2,True,21108194.0,success,2024-11-14,2025-12-03,386.0,,good,TRUE
usdaf,Asymmetry USDaf,0x9cf12ccd6020b6888e4d4c4e4c7aca33c1eb91f8,True,22976155.0,success,2025-08-07,2025-12-02,119.0,,good,TRUE
usdc,USDC,0xa0b86991c6218b36c1d19d4a2e9eb0ce3606eb48,True,,success,2018-10-05,2025-12-16,2631.0,,good,TRUE
usdcv,USD CoinVertible,0x5422374b27757da72d5265cc745ea906e0446634,True,,success,2025-10-02,2025-12-03,1371.0,,good,TRUE
usdd,USDD,0x4f8e5de400de08b164e7421b3ee387f461becd1a,True,23274504.0,success,2022-05-02,2025-12-03,1313.0,,good,TRUE
usde,Ethena USDe,0x4c9edd5852cd905f086c759e8383e09bff1e68b3,True,18571358.0,success,2023-12-14,2025-12-02,719.0,,good,TRUE
usdebt,USDEBT,0x00c5ca160a968f47e7272a0cfcda36428f386cb6,True,17296411.0,success,2023-08-25,2025-12-03,782.0,,good,TRUE
usdf,Falcon USD,0xfa2b947eec368f42195f24f36d2af29f7c24cec2,True,,success,2025-02-23,2025-12-02,284.0,,good,TRUE
usdfi,DeFi Dollar,0xa0ed3359902eff692e5b8167038133a73d641909,True,22844021.0,success,2025-08-03,2025-12-02,118.0,,good,TRUE
usdfi,USDFI,0xa7a0b3fe94121e366d774d60d075f6386f750884,True,18691355.0,success,2023-08-03,2025-12-03,855.0,,good,TRUE
usdg,Global Dollar,0xe343167631d89b6ffc58b88d6b7fb0228795491d,True,,success,2024-11-05,2025-12-02,394.0,,good,TRUE
usdglo,Glo Dollar,0x4f604735c1cf31399c6e711d5962b2b3e0225ad3,True,,success,2023-03-06,2025-12-02,882.0,,good,TRUE
usdl,Lift Dollar,0xbdc7c08592ee4aa51d06c27ee23d5087d65adbcd,True,,success,2024-08-14,2025-12-02,459.0,,good,TRUE
usdm,Mountain Protocol USD,0x59d9356e565ab3a36dd77763fc0d87feaf85508c,True,,success,2023-10-11,2025-12-02,784.0,,good,TRUE
usdm,USD Mapped Token,0xbbaec992fc2d637151daf40451f160bf85f3c8c1,True,,success,2024-05-10,2025-12-03,571.0,,good,TRUE
usdn,SMARDEX USDN,0xde17a000ba631c5d7c2bd9fb692efea52d90dee2,True,21436997.0,success,2025-01-23,2025-12-03,316.0,,good,TRUE
usdo,OpenEden OpenDollar,0x8238884ec9668ef77b90c6dff4d1a9f4f4823bfe,True,,success,2025-03-27,2025-12-02,248.0,,good,TRUE
usdon,Ondo U.S. Dollar Token,0xace8e719899f6e91831b18ae746c9a965c2119f1,True,,success,2025-08-27,2025-12-02,99.0,,good,TRUE
usdp,Parallel USDp,0x9b3a8f7cec208e247d97dee13313690977e24459,True,,success,2025-09-30,2025-12-02,1528.0,,good,TRUE
usdp,Pax Dollar,0x8e870d67f660d95d5be530380d0ec0bd388289e1,True,,success,2018-09-26,2025-12-16,2640.0,,good,TRUE
usdq,Quantoz USDQ,0xc83e27f270cce0a3a3a29521173a83f402c1768b,True,,success,2024-11-21,2025-12-03,379.0,,good,TRUE
usdr,Ring USD,0x4ea40dcee961675683e0a2e1721bd49cb9bca913,True,23346662.0,success,2025-10-03,2025-12-03,895.0,,good,TRUE
usdr,StablR USD,0x7b43e3875440b44613dc3bc08e7763e6da63c8f8,True,,success,2025-01-19,2025-12-03,318.0,,good,TRUE
usds,USDS,0xdc035d45d973e3ec169d2276ddab16f1e407384f,True,,success,2024-09-24,2025-12-03,436.0,,good,TRUE
usdt,Tether,0xdac17f958d2ee523a2206206994597c13d831ec7,True,4634748.0,success,2015-02-25,2025-12-03,3913.0,,good,TRUE
usdtb,USDtb,0xc139190f447e929f090edeb554d95abb8b18ac1c,True,,success,2024-12-16,2025-12-03,352.0,,good,TRUE
usdtso,Bridged Tether (Wormhole),0x1cdd2eab61112697626f7b4bb0e23da4febf7b7c,True,,success,2022-01-21,2025-12-03,1382.0,,good,TRUE
wbeth,Wrapped Beacon ETH,0xa2e3356610840701bdf5611a53974510ae27e2e1,True,,success,2023-05-02,2025-12-16,961.0,,good,TRUE
usduc,Unstable Coin,0xecedb6f8108b9f7bbf499da843dced6c2bb6e270,True,22912860.0,success,2025-05-23,2025-12-03,196.0,,good,TRUE
usdv,USDV,0x20b3b07e9c0e37815e2892ab09496559f57c3603,True,,success,2023-09-20,2025-12-03,780.0,,good,TRUE
usdx,Hex Trust USD,0xf8750b54d86be7ae9e32b4a0c826811198d63313,True,,success,2024-08-01,2025-12-02,485.0,,good,TRUE
usdx,Stables Labs USDX,0xf3527ef8de265eaa3716fb312c12847bfba66cef,True,19458838.0,success,2024-09-26,2025-12-03,435.0,,good,TRUE
usdy,Ondo US Dollar Yield,0x96f6ef951840721adbf46ac996b59e0235cb985c,True,,success,2023-11-08,2025-12-02,757.0,,good,TRUE
usdz,Anzen USDz,0xa469b7ee9ee773642b3e93e842e5d9b5baa10067,True,19881600.0,success,2024-05-22,2025-12-02,561.0,,good,TRUE
useu,Nexus Pro USEU,0xe07ecc676daf0b24b24a1c46c966d9c463984b38,True,19227090.0,success,2024-07-06,2025-12-01,461.0,,good,TRUE
ush,unshETHing_Token,0xe60779cc1b2c1d0580611c526a8df0e3f870ec48,True,16525620.0,success,2023-03-07,2025-11-30,932.0,,good,TRUE
ushi,Ushi,0x6dca182ac5e3f99985bc4ee0f726d6472ab1ec55,True,15752465.0,success,2022-10-25,2025-12-03,1002.0,,good,TRUE
ushiba,American Shiba,0xb893a8049f250b57efa8c62d51527a22404d7c9a,True,12412897.0,success,2021-05-20,2025-12-02,1571.0,,good,TRUE
usn,Noon USN,0xda67b4284609d2d48e5d10cfac411572727dc1ed,True,,success,2025-01-25,2025-12-02,313.0,,good,TRUE
usp,Pareto USP,0x97ccc1c046d067ab945d3cf3cc6920d3b1e54c88,True,,success,2025-07-14,2025-12-02,100.0,,good,TRUE
usp,USP Yield Optimized Stablecoin,0x098697ba3fee4ea76294c5d6a466a4e3b3e95fe6,True,,success,2025-12-01,2025-12-03,25.0,,good,TRUE
uspd,US Permissionless Dollar,0x476ef9ac6d8673e220d0e8bc0a810c2dc6a2aa84,True,23417548.0,success,2025-10-10,2025-12-03,461.0,,good,TRUE
uspepe,American Pepe,0x07040971246a73ebda9cf29ea1306bb47c7c4e76,True,20227292.0,success,2024-07-12,2025-12-02,502.0,,good,TRUE
uspepe,Uspepe,0x27bbb7e6d8b8b9a4c36e67c5d7ce7fa8d51628e1,True,23380990.0,success,2025-09-17,2025-09-29,142.0,,good,TRUE
usr,Resolv USR,0x66a1e37c9b0eaddca17d3662d6c05f4decf3e110,True,,success,2024-09-01,2025-12-03,458.0,,good,TRUE
ust,TerraUSD (Wormhole),0xa693b19d2931d498c5b318df961919bb4aee87a5,True,,success,2021-12-02,2025-12-03,1464.0,,good,TRUE
ustb,Superstate Short Duration U.S. Government Securities Fund (USTB),0x43415eb6ff9db7e26a15b704e7a3edce97d31c4e,True,,success,2024-11-01,2025-12-03,399.0,,bad,UNKNOWN
ustbl,Spiko US T-Bills Money Market Fund,0xe4880249745eac5f1ed9d8f7df844792d560e750,True,,success,2024-08-20,2025-12-03,472.0,,good,TRUE
ustc,Wrapped USTC,0xa47c8bf37f92abed4a126bda807a7b7498661acd,True,11345219.0,success,2021-05-13,2025-12-03,1667.0,,good,TRUE
usual,Usual,0xc4441c2be5d8fa8126822b9929ca0b81ea0de38e,True,,success,2024-12-18,2025-12-03,352.0,,good,TRUE
usualusdc+,MEV Capital Usual Boosted USDC Morpho Vault,0xd63070114470f685b75b74d60eec7c1113d33a3d,True,20377233.0,success,2024-11-28,2025-12-02,371.0,,good,TRUE
usualx,USUALx,0x06b964d96f5dcf7eae9d7c559b09edce244d4b8e,True,,success,2024-12-21,2025-12-03,349.0,,good,TRUE
usud,USUD,0x8e2557f09af4a44779499bf7559720464febdde4,True,22665951.0,success,2025-06-22,2025-10-17,85.0,,good,TRUE
usv,Atlas USV,0x88536c9b2c4701b8db824e6a16829d5b5eb84440,True,13717783.0,success,2021-12-29,2025-12-02,1434.0,,good,TRUE
usx,dForce USD,0x0a5e677a6a24b2f1a2bf4f3bffc443231d2fdec8,True,,success,2021-07-29,2025-12-03,1579.0,,good,TRUE
usyc,Circle USYC,0x136471a34f6ef19fe571effc1ca711fdb8e49f2b,True,,success,2024-10-29,2025-12-02,361.0,,good,TRUE
uta,Japanese Pygmy Hippo,0x3a7ed34c31e88a65184de33ea217226e9245cb40,True,23183322.0,success,2025-08-21,2025-12-02,96.0,,good,TRUE
utk,Utrust,0xdc9ac3c20d1ed0b540df9b1fedc10039df13f99c,True,10964610.0,success,2017-12-31,2025-12-03,2896.0,,good,TRUE
utu,UTU Coin,0xa58a4f5c4bb043d2cc1e170613b74e767c94189b,True,11024430.0,success,2020-10-16,2025-12-03,1766.0,,good,TRUE
uusdc,Unagii USD Coin,0xbc5991ccd8caceba01edc44c2bb9832712c29cab,True,11359428.0,success,2021-01-27,2025-12-03,1773.0,,bad,UNKNOWN
uusdt,Unagii Tether USD,0x178bf8fd04b47d2de3ef3f6b3d112106375ad584,True,11359468.0,success,2021-01-27,2025-12-03,1773.0,,bad,UNKNOWN
uwbtc,Unagii Wrapped Bitcoin,0x3af5ba94c29a8407785f5f6d90ef5d69a8eb2436,True,12014638.0,success,2021-04-06,2025-12-03,1704.0,,bad,UNKNOWN
uwon,UWON,0x438e48ed4ce6beecf503d43b9dbd3c30d516e7fd,True,19312728.0,success,2024-03-10,2025-12-03,635.0,,good,TRUE
ux,UX Chain,0xc0a4df35568f116c370e6a6a6022ceb908eeddac,True,14212132.0,success,2022-02-16,2025-12-03,1388.0,,good,TRUE
uxlink,UXLINK,0x3991b07b2951a4300da8c76e7d2c7edde861fef3,True,23430635.0,success,2024-07-17,2025-12-03,486.0,,good,TRUE
vader,Vader Protocol,0x2602278ee1882889b946eb11dc0e810075650983,True,13686981.0,success,2021-11-26,2025-12-03,1433.0,,good,TRUE
vai,VAIOT,0xd13cfd3133239a3c73a9e535a5c4dadee36b395c,True,14397543.0,success,2021-02-16,2025-12-03,1753.0,,good,TRUE
vaix,Vectorspace AI X,0xb7b37b81d4497ab317fc9d4a370cf243043d6bbe,True,21069508.0,success,2018-10-28,2025-12-03,2535.0,,good,TRUE
val,Sora Validator,0xe88f8313e61a97cec1871ee37fbbe2a8bf3ed1e4,True,11294630.0,success,2020-12-06,2025-12-03,1825.0,,good,TRUE
valentine,Valentine,0x6dcc10db1b1a7f7a49f6cd3669114aff053295fc,True,22937415.0,success,2025-07-17,2025-12-03,141.0,,good,TRUE
valentine,Valentine Michael Smith,0x69cc017cc1bd6c171aed88413dd7b36f6464ccd5,True,22930770.0,success,2025-07-21,2025-12-03,116.0,,good,TRUE
value,Value DeFi,0x49e833337ece7afe375e44f4e3e8481029218e5c,True,10865804.0,success,2020-09-19,2025-12-03,1901.0,,good,TRUE
valyr,Valyr,0x8a853b3d639202c64ae700a0c89e4cfd4b31f7f4,True,23341535.0,success,2025-09-13,2025-11-08,1017.0,,good,TRUE
vana,Vana,0x7ff7fa94b8b66ef313f7970d4eebd2cb3103a2c0,True,21254755.0,success,2024-12-16,2025-12-03,354.0,,good,TRUE
vanry,Vanar Chain,0x8de5b80a0c1b02fe4976851d030b36122dbb8624,True,18485889.0,success,2023-12-07,2025-12-03,729.0,,good,TRUE
vat,ValidNet,0x2e61ba3212c4dccb4f688fc38c35c2764ee310c9,True,23788989.0,success,2025-11-15,2025-12-03,242.0,,good,TRUE
vatan,Vatan,0xbad6c59d72d44512616f25b3d160c79db5a69ddf,True,21932932.0,success,2025-03-31,2025-12-03,227.0,,good,TRUE
vbill,VanEck Treasury Fund,0x2255718832bc9fd3be1caf75084f4803da14ff01,True,,success,2025-05-29,2025-12-03,190.0,,bad,UNKNOWN
vbnt,Bancor Governance,0x48fb253446873234f2febbf9bdeaa72d9d387f94,True,11039632.0,success,2021-02-23,2025-12-02,1722.0,,good,TRUE
vcg,VCGamers,0x1f36fb2d91d9951cf58ae4c1956c0b77e224f1e9,True,14318737.0,success,2022-01-09,2025-12-03,1426.0,,good,TRUE
vchf,VNX Swiss Franc,0x79d4f0232a66c4c91b89c76362016a1707cfbf4f,True,,success,2023-03-27,2025-12-03,984.0,,good,TRUE
vcnt,ViciCoin,0x3be775b699fee916e7de117994358ff8f48e4569,True,,success,2023-08-18,2025-12-03,840.0,,good,TRUE
vdo,ValiDAO,0x2ef8a2ccb058915e00e16aa13cc6e36f19d8893b,True,18784973.0,success,2023-12-19,2025-12-03,717.0,,good,TRUE
vdot,Voucher DOT,0xbc33b4d48f76d17a1800afcb730e8a6aaada7fe5,True,,success,2023-09-27,2025-12-03,800.0,,good,UNKNOWN
vdz,Voidz,0x93c5a00b41fb5f3906b421b2399ac64b79fdbd42,True,19483557.0,success,2024-03-27,2025-11-25,517.0,,good,TRUE
vecai,Velocis AI,0xe8846f3b6cf124554a42125d24068cb85e84221b,True,23154905.0,success,2025-09-06,2025-11-10,508.0,,good,TRUE
vector,Vector AI,0x569dd3298e114da858415ee5672c8f2ab57938bf,True,22577226.0,success,2025-06-26,2025-11-30,127.0,,good,TRUE
vee,BLOCKv,0x340d2bde5eb28c1eed91b2f790723e3b160613b7,True,4608088.0,success,2017-12-26,2025-12-02,2898.0,,good,TRUE
vega,Vega Protocol,0xcb84d72e61e383767c4dfeb2d8ff7f4fb89abc6e,True,12834520.0,success,2021-09-03,2025-12-03,1552.0,,good,TRUE
veil,Veil Exchange,0xb244b3574a5627849fca2057e3854340def63071,True,18322312.0,success,2023-11-01,2025-12-01,741.0,,good,TRUE
velar,Velar,0x033bbde722ea3cdcec73cffea6581df9f9c257de,True,19454236.0,success,2024-04-03,2025-12-03,611.0,,good,TRUE
venom,Venom,0x46f84dc6564cdd93922f7bfb88b03d35308d87c9,True,19414701.0,success,2024-03-25,2025-12-03,620.0,,good,TRUE
vent,Vent Finance,0x5f0bc16d50f72d10b719dbf6845de2e599eb5624,True,13173664.0,success,2021-09-10,2025-11-24,1484.0,,good,TRUE
vera,Vera,0xd7f0cc50ad69408ae58be033f4f85d2367c2e468,True,13264462.0,success,2021-09-24,2025-12-03,1529.0,,good,TRUE
veri,Veritaseum,0x8f3470a7388c05ee4e7af3d01d8c722b0ff52374,True,3586472.0,success,2017-06-18,2025-12-03,2603.0,,good,TRUE
verse,Shibaverse,0x7ae0d42f23c33338de15bfa89c7405c068d9dc0a,True,13055740.0,success,2021-09-16,2025-11-30,1473.0,,good,TRUE
verse,Verse,0x249ca82617ec3dfb2589c4c17ab7ec9765350a18,True,16129240.0,success,2022-12-08,2025-12-03,1093.0,,good,TRUE
vertai,Vertical AI,0xcdbddbdefb0ee3ef03a89afcd714aa4ef310d567,True,21173002.0,success,2024-11-12,2025-12-03,388.0,,good,TRUE
ves,Vestate,0x1f557fb2aa33dce484902695ca1374f413875519,True,18757395.0,success,2024-02-24,2025-12-03,637.0,,good,TRUE
veth,Vector ETH,0x38d64ce1bdf1a9f24e0ec469c9cade61236fb4a0,True,19084747.0,success,2024-02-07,2025-11-29,485.0,,good,TRUE
vext,Veloce,0xb2492e97a68a6e4b9e9a11b99f6c42e5accd38c7,True,,success,2023-09-04,2025-12-03,823.0,,good,TRUE
vgx,VGX Token,0x3c4b6e6e1ea3d4863700d7f76b36b7f3d3f13e3d,True,12916697.0,success,2017-07-30,2025-12-02,3035.0,,good,TRUE
vib,Viberate,0x2c974b2d0ba1716e644c1fc59982a89ddd2ff724,True,4240596.0,success,2017-10-26,2025-11-21,2937.0,,good,TRUE
vibe,VIBE,0xe8ff5c9c75deb346acac493c463c8950be03dfba,True,4043450.0,success,2017-12-04,2025-11-28,2717.0,,good,TRUE
vibe,VIBE AI,0x8e7a9f9817ecf2649c0316b22fea274d522c7b9b,True,22583272.0,success,2025-06-25,2025-12-03,163.0,,good,TRUE
vibestr,VibeStrategy,0xd0cc2b0efb168bfe1f94a948d8df70fa10257196,True,,success,2025-10-09,2025-12-03,1303.0,,good,TRUE
vice,VICE,0xfd409bc96d126bc8a56479d4c7672015d539f96c,True,21248390.0,success,2025-01-28,2025-12-03,311.0,,good,TRUE
vidt,VIDT DAO,0x3be7bf1a5f23bd8336787d0289b70602f1940875,True,15451500.0,success,2022-11-15,2025-11-07,1073.0,,good,TRUE
vidya,Vidya,0x3d3d35bb9bec23b06ca00fe472b50e7a4c692c30,True,10712645.0,success,2020-08-24,2025-12-03,1929.0,,good,TRUE
vinos,Invinos,0xb27999185019f8d477fae62310ca728941ee77e6,True,22668675.0,success,2025-06-11,2025-12-01,124.0,,good,TRUE
vip,Viper Cash,0x128ec47d961e5ad39455ff071d7931195586f38c,True,23498178.0,success,2025-10-06,2025-11-30,879.0,,good,TRUE
virtu,Virtu Network,0x520140d71129434635899eca07f845bb23b27987,True,21103678.0,success,2024-11-15,2025-11-25,347.0,,good,TRUE
virtual,Virtuals Protocol,0x44ff8620b8ca30902395a7bd3f2407e1a091bf73,True,18846349.0,success,2023-12-28,2025-12-03,708.0,,good,TRUE
virtue,VIRTUE,0xbcc711e8ed39b3ca38364f4135571c9877155875,True,22683530.0,success,2025-07-05,2025-11-28,81.0,,good,TRUE
vision,APY.vision,0xf406f7a9046793267bc276908778b29563323996,True,11271710.0,success,2020-12-04,2025-12-02,1824.0,,good,TRUE
vision,OpenVision,0xe6f98920852a360497dbcc8ec895f1bb1f7c8df4,True,22734200.0,success,2025-06-20,2025-12-02,167.0,,good,TRUE
vista,Ethervista,0xc9bca88b04581699fab5aa276ccaff7df957cbbf,True,20648784.0,success,2024-09-02,2025-12-02,458.0,,good,TRUE
vita,VitaDAO,0x81f8f0bb1cb2a06649e51913a151f0e7ef6fa321,True,12655280.0,success,2021-06-24,2025-12-03,1625.0,,good,TRUE
vita-fast,Molecules of Korolchuk IP-NFT,0x6034e0d6999741f07cb6fb1162cbaa46a1d33d36,True,,success,2023-11-28,2025-12-02,620.0,,good,TRUE
vitalek,vitalek buteren,0xf5264e1673c9365e7c5d4d1d8b440bbf131ff435,True,19399950.0,success,2024-03-12,2025-11-11,296.0,,good,TRUE
vitarna,VitaRNA,0x7b66e84be78772a3afaf5ba8c1993a1b5d05f9c2,True,,success,2024-06-12,2025-12-03,473.0,,good,TRUE
vivek,Head of D.O.G.E,0x8578a8716013c390b95db73065922f512783e2cf,True,21176214.0,success,2024-11-14,2025-12-02,292.0,,good,TRUE
vix,VIX777,0x283d480dfd6921055e9c335fc177bf8cb9c94184,True,18363691.0,success,2024-10-13,2025-12-03,418.0,,good,TRUE
vlr,Velora,0x4e107a0000db66f0e9fd2039288bf811dd1f9c74,True,22223514.0,success,2025-09-16,2025-12-03,1862.0,,good,TRUE
vlt,Bankroll Vault,0x6b785a0322126826d8226d77e173d75dafb84d11,True,10255188.0,success,2020-06-16,2025-12-02,1665.0,,good,TRUE
vlt,Vaultec,0x32c1b3c43317cba8185d65227a54ae416dacc338,True,22811312.0,success,2025-07-03,2025-11-18,110.0,,good,TRUE
vlx,Velas,0x8c543aed163909142695f2d2acd0d55791a9edb9,True,12017421.0,success,2019-10-05,2025-12-03,2253.0,,good,TRUE
vlxpad,VelasPad,0xb8e3bb633f7276cc17735d86154e0ad5ec9928c0,True,,success,2021-09-22,2025-11-30,1517.0,,good,TRUE
vmanta,Bifrost Voucher MANTA,0xf0b9889cdb70a716bf72e37ef626f08d9f14c180,True,,success,2024-06-28,2025-12-02,517.0,,good,TRUE
vmc,VMS Classic,0x009ba50496d2b0936c5bdf299db2f7e0d6e10469,True,21916673.0,success,2025-10-23,2025-12-03,979.0,,good,TRUE
vmint,VoluMint,0xd7b2c1a7f3c67fb0ea57a7ef29bc1f18d7be3195,True,18770354.0,success,2023-12-18,2025-12-03,718.0,,good,TRUE
vmpx,VMPX,0xb48eb8368c9c6e9b0734de1ef4ceb9f484b80b9c,True,17608103.0,success,2023-09-29,2025-12-03,437.0,,good,TRUE
vndc,VNDC,0x1f3f677ecc58f6a1f9e2cf410df4776a8546b5de,True,8450425.0,success,2019-10-09,2025-12-03,2241.0,,good,TRUE
vnxau,VNX Gold,0x6d57b2e05f26c26b549231c866bdd39779e4a488,True,,success,2022-10-29,2025-12-03,1133.0,,good,TRUE
vocl,Vocalad,0xfea2e874c0d06031e65ea7e275070e207c2746fd,True,22976009.0,success,2025-07-24,2025-11-16,62.0,,good,TRUE
volt,Volt Inu,0x7f792db54b0e580cdc755178443f0430cf799aca,True,17236595.0,success,2022-04-22,2025-12-03,1323.0,,good,TRUE
volt,VOLT.WIN,0x66b5228cfd34d9f4d9f03188d67816286c7c0b74,True,20840170.0,success,2024-10-01,2025-12-03,430.0,,good,TRUE
von,Visa (Ondo Tokenized Stock),0xac37c20c1d0e5285035e056101a64e263ff94a41,True,,success,2025-09-02,2025-12-03,80.0,,good,TRUE
vow,Vow,0x1bbf25e71ec48b84d773809b4ba55b6f4be946fb,True,,success,2021-09-07,2025-12-03,1550.0,,good,TRUE
vpp,Virtue Poker Points,0x5eeaa2dcb23056f4e8654a349e57ebe5e76b5e6e,True,5472554.0,success,2021-05-28,2025-12-03,1652.0,,good,TRUE
vps,VPS Ai,0x00b78238925c320159023c2ac9ef89da8f16d007,True,19460886.0,success,2024-03-20,2025-12-03,625.0,,good,TRUE
vr,Victoria VR,0x7d5121505149065b562c789a0145ed750e6e8cdd,True,11095278.0,success,2021-12-03,2025-12-03,1463.0,,good,TRUE
vra,Verasity,0xf411903cbc70a74d22900a5de66a2dda66507255,True,11738051.0,success,2021-02-20,2025-12-03,1749.0,,good,TRUE
vro,VeraOne,0x10bc518c32fbae5e38ecb50a612160571bd81e44,True,9129926.0,success,2020-05-06,2025-11-26,2016.0,,good,TRUE
vrx,Verox,0x87de305311d5788e8da38d19bb427645b09cb4e5,True,11163226.0,success,2021-01-15,2025-12-03,1785.0,,good,TRUE
vsg,Vector Smart Gas,0x58aea10748a00d1781d6651f9d78a414ea32ca46,True,20557292.0,success,2024-02-16,2025-12-03,658.0,,good,TRUE
vsn,Vision,0x699ccf919c1dfdfa4c374292f42cadc9899bf753,True,,success,2025-07-16,2025-12-03,142.0,,good,TRUE
vsn,Vision,0x03c285e96b929983854cb75875f772627c0f6159,True,23584275.0,success,2025-10-17,2025-11-22,486.0,,good,TRUE
vsp,Vesper Finance,0x1b40183efb4dd766f11bda7a7c3ad8982e998421,True,11835649.0,success,2021-02-17,2025-12-03,1752.0,,good,TRUE
vst,Voice Street,0x77a1f4e744d810239f465043e35d067ca33de259,True,12920988.0,success,2022-01-28,2025-11-27,1342.0,,good,TRUE
vstr,Vestra DAO,0x92d5942f468447f1f21c2092580f15544923b434,True,20448482.0,success,2024-11-06,2025-12-03,394.0,,good,TRUE
vta,Virtual Trade Agent,0x9b5390fa690721f8c7a6464222eddac886fc9e7b,True,22797038.0,success,2025-07-09,2025-12-03,56.0,,good,TRUE
vtix,Vanguard xStock,0xbd730e618bcd88c82ddee52e10275cf2f88a4777,True,,success,2025-07-29,2025-12-03,129.0,,good,TRUE
vtrading,Vtrading,0x69cade383df52ec02562869da8aa146be08c5c3c,True,19938871.0,success,2024-05-30,2025-12-03,554.0,,good,TRUE
vu,Vu,0x6f99ad269c84e0e80318f6cfb01323c7bda4b087,True,23569873.0,success,2025-10-30,2025-12-03,650.0,,good,TRUE
vult,Vultisig,0xb788144df611029c60b859df47e79b7726c4deba,True,22072549.0,success,2025-10-27,2025-12-03,875.0,,good,TRUE
vusd,Vesper V-Dollar,0x677ddbd918637e5f2c79e164d402454de7da8619,True,12517755.0,success,2021-06-11,2025-12-03,1015.0,,good,TRUE
vuzz,VuzzMind,0xe469699f617bfd0fbffcd575970d34c2cecffa9f,True,18876337.0,success,2024-01-07,2025-12-01,532.0,,good,TRUE
vvs,VVS Finance,0x839e71613f9aa06e5701cf6de63e303616b0dde3,True,15260851.0,success,2021-11-15,2025-12-03,1481.0,,good,TRUE
vx,Visa xStock,0x2363fd1235c1b6d3a5088ddf8df3a0b3a30c5293,True,,success,2025-10-08,2025-12-03,852.0,,good,TRUE
vy,Valinity,0x40e5a14e1d151f34fea6b8e6197c338e737f9bf2,True,17381937.0,success,2024-09-25,2025-12-03,414.0,,good,TRUE
vybtc,YieldFi vyBTC,0x1e2a5622178f93efd4349e2eb3dbdf2761749e1b,True,,success,2025-11-21,2025-12-03,278.0,,bad,UNKNOWN
vyeth,YieldFi vyETH,0x3073112c2c4800b89764973d5790ccc7fba5c9f9,True,,success,2025-11-21,2025-12-03,280.0,,bad,UNKNOWN
vyper,VYPER.WIN,0xd7fa4cfc22ea07dfced53033fbe59d8b62b8ee9e,True,21142019.0,success,2024-11-08,2025-12-03,392.0,,good,TRUE
vyusd,YieldFi vyUSD,0x2e3c5e514eef46727de1fe44618027a9b70d92fc,True,,success,2025-11-09,2025-12-03,316.0,,good,TRUE
w,Wormhole,0xb0ffa8000886e57f86dd5264b9582b2ad87b2b91,True,,success,2024-04-03,2025-12-03,611.0,,good,TRUE
wa7a5,Wrapped A7A5,0xf442ff10b8def89514560a66c0ad28777094636a,True,23196108.0,success,2025-09-26,2025-12-03,1617.0,,good,TRUE
waac,Wrapped AyeAyeCoin,0x30ae41d5f9988d359c733232c6c693c0e645c77e,True,19957983.0,success,2024-05-31,2025-12-03,553.0,,good,TRUE
waba,WABA,0xbc53e54ee9b39d6347e49566ea0edaf1da107288,True,23296373.0,success,2025-09-30,2025-11-27,729.0,,good,TRUE
wacme,Wrapped Accumulate,0xdf4ef6ee483953fe3b84abd08c6a060445c01170,True,15830797.0,success,2022-11-10,2025-12-03,1118.0,,good,TRUE
waco,Waste Digital Coin,0x910c4da718caf4ee38ce5c2490cddaeca689204e,True,11826291.0,success,2021-10-14,2025-11-30,1379.0,,good,TRUE
waethlidogho,Wrapped Aave Ethereum Lido GHO,0xc71ea051a5f82c67adcf634c36ffe6334793d24c,True,,success,2025-08-12,2025-12-03,115.0,,good,TRUE
waethlidoweth,Wrapped Aave Ethereum Lido WETH,0x0fe906e030a44ef24ca8c7dc7b7c53a6c4f00ce9,True,,success,2025-08-11,2025-12-03,116.0,,good,TRUE
waethlidowsteth,Wrapped Aave Ethereum Lido wstETH,0x775f661b0bd1739349b9a2a3ef60be277c5d2d29,True,,success,2025-08-12,2025-12-03,115.0,,good,TRUE
waethusdc,Wrapped Aave Ethereum USDC,0xd4fa2d31b7968e448877f69a96de69f5de8cd23e,True,,success,2025-08-12,2025-12-03,115.0,,good,TRUE
waethusdt,Wrapped Aave Ethereum USDT,0x7bc3485026ac48b6cf9baf0a377477fff5703af8,True,,success,2025-08-12,2025-12-03,115.0,,good,TRUE
waethweth,Wrapped Aave Ethereum WETH,0x0bfc9d54fc184518a81162f8fb99c2eaca081202,True,,success,2025-08-12,2025-12-03,115.0,,good,TRUE
wagiebot,Wagie Bot,0xd2c869382c7ac9f87ff73548d029d67c0f9dee31,True,17665583.0,success,2023-07-13,2025-12-03,563.0,,good,TRUE
wagmi,Wagmi,0x92cc36d66e9d739d50673d1f27929a371fb83a67,True,17621321.0,success,2023-09-22,2025-12-03,805.0,,good,TRUE
wagmi,WAGMI,0x77791a1f85b8c67f17c43ba4a324f9bcd6e83113,True,20464407.0,success,2024-10-22,2025-12-02,339.0,,good,TRUE
wagmi,WAGMICOIN,0x5f4ab80c2c7755d565371236f090597921d18ee5,True,21269710.0,success,2024-11-26,2025-11-23,241.0,,good,TRUE
wagmi,Wagmi Coin,0xef8e456967122db4c3c160314bde8d2602ad6199,True,17280532.0,success,2023-05-21,2025-12-03,908.0,,good,TRUE
wagmigames,WAGMI Games,0x3b604747ad1720c01ded0455728b62c0d2f100f0,True,14889405.0,success,2022-06-07,2025-12-03,1277.0,,good,TRUE
wai,WienerAI,0xfe8526a77a2c3590e5973ba81308b90bea21fbff,True,19617396.0,success,2024-08-05,2025-12-03,487.0,,good,TRUE
wait,Hourglass,0x2559813bbb508c4c79e9ccce4703bcb1f149edd7,True,15371893.0,success,2022-09-28,2025-12-02,1153.0,,good,TRUE
wallet,Ambire Wallet,0x88800092ff476844f74dc2fc427974bbee2794ae,True,14087305.0,success,2022-01-29,2025-12-02,1405.0,,good,TRUE
wally,Emotional Support Alligator,0x4f7d2d728ce137dd01ec63ef7b225805c7b54575,True,21228110.0,success,2024-11-22,2025-11-26,360.0,,good,TRUE
walv,Alvey Chain,0x256d1fce1b1221e8398f65f9b36033ce50b2d497,True,15427326.0,success,2022-08-21,2025-12-02,1200.0,,good,TRUE
wampl,Wrapped Ampleforth,0xedb171c18ce90b633db442f2a6f72874093b49ef,True,13275716.0,success,2021-11-25,2025-12-03,1465.0,,good,TRUE
wander,WANDER,0x25c31b1f93f846c7c8debfd05898f162740a4581,True,,success,2025-01-12,2025-12-03,319.0,,good,TRUE
wape,Wrapped ApeCoin,0x4d224452801aced8b2f0aebe155379bb5d594381,True,14204533.0,success,2024-10-22,2025-12-03,405.0,,good,TRUE
warped,Warped Games,0x6af53c6ec427525f7240e211941223288a0e7c66,True,18572550.0,success,2023-12-01,2025-12-03,735.0,,good,TRUE
wars,Argentine Peso,0x0dc4f92879b7670e5f4e4e6e3c801d229129d90d,True,,success,2025-11-26,2025-12-02,150.0,,good,TRUE
was,Wasder,0x0c572544a4ee47904d54aaa6a970af96b6f00e1b,True,12382993.0,success,2021-05-11,2025-12-03,1654.0,,good,TRUE
wasd,WASD Studios,0xbdcd291c32e06bbf2d7b1ffc823959e3258e3583,True,19491811.0,success,2024-03-26,2025-12-03,618.0,,good,TRUE
wassie,WASSIE,0x2c95d751da37a5c1d9c5a7fd465c1d50f3d96160,True,17188821.0,success,2023-05-06,2025-12-03,943.0,,good,TRUE
wat,Wat,0x636bd98fc13908e475f56d8a38a6e03616ec5563,True,20113531.0,success,2024-06-20,2025-12-03,533.0,,good,TRUE
waves,Waves,0x1cf4592ebffd730c7dc92c1bdffdfc3b9efcf29a,True,11093593.0,success,2016-06-02,2025-12-03,3473.0,,good,TRUE
waxe,WAXE,0x7a2bc711e19ba6aff6ce8246c546e8c4b4944dfd,True,,success,2020-12-29,2025-12-02,1779.0,,good,TRUE
waxp,WAX,0x2a79324c19ef2b89ea98b23bc669b7e7c9f8a517,True,,success,2018-01-08,2025-12-03,2888.0,,good,TRUE
wban,Wrapped Banano,0xe20b9e246db5a0d21bf9209e4858bc9a3ff7a034,True,,success,2023-10-31,2025-12-03,766.0,,good,TRUE
wbcoin,Wrapped Backed Coinbase Global,0xdec933e2392ad908263e70a386fbf34e703ffe8f,True,,success,2025-02-19,2025-12-03,280.0,,good,TRUE
wbmstr,Wrapped bMSTR,0x1a4f71b0ff3c22540887bcf83b50054a213c673d,True,,success,2025-03-12,2025-12-03,268.0,,bad,UNKNOWN
wbnvda,Wrapped bNVDA,0x7e8101a1c322d394b3961498c7d40d2dfa94c392,True,,success,2025-03-12,2025-12-03,268.0,,bad,UNKNOWN
wbrge,Wrapped OrdBridge,0x6602e9319f2c5ec0ba31ffcdc4301d7ef03b709e,True,18756040.0,success,2023-12-16,2025-12-01,628.0,,good,TRUE
wbrl,Brazilian real,0xd76f5faf6888e24d9f04bf92a0c8b921fe4390e0,True,,success,2025-11-27,2025-11-29,26.0,,good,TRUE
wbt,WhiteBIT Coin,0x925206b8a707096ed26ae47c84747fe0bb734f59,True,15281980.0,success,2022-08-26,2025-12-03,1184.0,,good,TRUE
wbtc,Wrapped Bitcoin,0x2260fac5e5542a773aa44fbcfedf7c193bc2c599,True,6766284.0,success,2019-02-01,2025-12-03,2499.0,,good,TRUE
wbtsla,Wrapped bTSLA,0x1f82284c1658ad71c576f7230e6c2dee7901c1fa,True,,success,2025-03-12,2025-12-03,268.0,,good,TRUE
wbx,Wibx,0xbb97e381f1d1e94ffa2a5844f6875e6146981009,True,7615116.0,success,2020-04-18,2025-12-03,2057.0,,good,TRUE
wcd,WcDonalds,0x79349edd0b8e83ffaa1af2e6ba0c8ce87731c267,True,19276734.0,success,2024-03-11,2025-11-28,392.0,,good,TRUE
wcfg,Wrapped Centrifuge,0xc221b7e65ffc80de234bbb6667abdd46593d34f0,True,12499944.0,success,2021-07-14,2025-12-03,1605.0,,good,TRUE
wchi,XAYA,0x6dc02164d75651758ac74435806093e421b64605,True,12146432.0,success,2018-11-08,2025-12-02,2583.0,,good,TRUE
wcm,World Computer Money,0x692353f0bebb3e53301b626edb10eee6040b45fe,True,23128959.0,success,2025-08-18,2025-12-03,105.0,,good,TRUE
wcop,Colombian Peso,0x8a1d45e102e886510e891d2ec656a708991e2d76,True,,success,2025-11-29,2025-12-02,50.0,,good,TRUE
wct,WalletConnect Token,0xef4461891dfb3ac8572ccf7c794664a8dd927945,True,,success,2025-04-15,2025-12-02,233.0,,good,TRUE
wctc,Wrapped CTC,0xeb32ad88b09fb94129a8b972876ad02eaac91e53,True,23499274.0,success,2025-03-09,2025-12-03,271.0,,good,TRUE
wcx,WeCoOwn,0xc014186cf1ba36032aaec7f96088f09eb3934347,True,11768532.0,success,2021-03-24,2025-12-03,1717.0,,good,TRUE
wdag,Wrapped DAG,0x2e3cfe45e3ee7c017277f22e35d2f29edc99d570,True,20226364.0,success,2024-08-07,2025-12-03,471.0,,good,TRUE
web,Web,0x2b81945875f892aff04af0a298d35fb2cf848c7b,True,18562434.0,success,2023-11-14,2025-12-03,752.0,,good,TRUE
webs,Websync,0x5a84fa4033b865543c5208f8c9786eda476a4102,True,22915215.0,success,2025-07-15,2025-11-18,67.0,,good,TRUE
wecan,Wecan,0xea60cd69f2b9fd6eb067bddbbf86a5bdeffbbc55,True,,success,2023-12-21,2025-12-16,728.0,,good,TRUE
weeth,Wrapped eETH,0xcd5fe23c85820f7b72d0926fc9b05b43e359b7ee,True,,success,2023-12-04,2025-12-03,702.0,,good,TRUE
weeths,ether.fi weETHs,0x917cee801a67f933f2e6b33fc0cd1ed2d5909d88,True,20072943.0,success,2024-09-04,2025-12-02,456.0,,good,TRUE
wefi,Wefi,0xffa188493c15dfaf2c206c97d8633377847b6a52,True,17221918.0,success,2023-05-25,2025-12-03,925.0,,good,TRUE
wel,Welshare Health Token,0x1e762e1fac176bbb341656035daf5601b1c69be5,True,21008054.0,success,2024-10-24,2025-12-03,407.0,,good,TRUE
weld,WELD,0xdd2a36ae937bc134ea694d77fc7e2e36f5d86de0,True,,success,2021-09-23,2025-12-01,1406.0,,good,TRUE
welf,WELF,0x2a92525fda8d3ab481f8e2a913b64b64bd1c9fdd,True,21371928.0,success,2024-12-20,2025-12-03,350.0,,good,TRUE
welle,Welle,0x1376a81fe3ee7d0e431f1ac24286b00f3ccf44e7,True,15652074.0,success,2023-11-03,2025-12-03,763.0,,good,TRUE
wen,WEN Token,0x830a8512db4f6fca51968593e2667156c2c483a8,True,17240799.0,success,2023-05-18,2025-12-03,900.0,,good,TRUE
wenlambo,wenlambo,0x340d7adda2a709e488faf443612ca69eac063a80,True,22547395.0,success,2025-05-23,2025-11-28,128.0,,good,TRUE
wepe,Wall Street Pepe,0xccb365d2e11ae4d6d74715c680f56cf58bf4bf10,True,21135065.0,success,2025-02-17,2025-12-03,291.0,,good,TRUE
weth,WETH,0xc02aaa39b223fe8d0a0e5c4f27ead9083c756cc2,True,4719568.0,success,2018-02-14,2025-12-03,2841.0,,good,TRUE
wexo,Wexo,0xf31698ddad0d11160fe85c500397a470cd3d492e,True,18782843.0,success,2023-12-30,2025-12-03,706.0,,good,TRUE
wfai,WaifuAI,0x8a001303158670e284950565164933372807cd48,True,17335550.0,success,2023-06-01,2025-11-29,831.0,,good,TRUE
wfca,World Friendship Cash,0xae4533189c7281501f04ba4b7c37e3aded402902,True,15444690.0,success,2023-09-29,2025-12-03,723.0,,good,TRUE
wfcon,Wells Fargo (Ondo Tokenized Stock),0x4ad2118da8a65eaa81402a3d583fef6ee76bdf3f,True,,success,2025-09-02,2025-12-03,83.0,,good,TRUE
wfio,Wrapped FIO,0xbea269038eb75bdab47a9c04d0f5c572d94b93d5,True,16026471.0,success,2023-02-24,2025-12-03,738.0,,good,TRUE
wfo,WoofOracle,0x97d2fc7d16bc34121c3311f2e2e05d298c19956f,True,19374598.0,success,2024-03-07,2025-11-26,466.0,,good,TRUE
wfrax,Wrapped FRAX,0x04acaf8d2865c0714f79da09645c13fd2888977f,True,,success,2025-04-30,2025-12-03,219.0,,good,TRUE
wftm,Wrapped Fantom,0x4e15361fd6b4bb609fa63c81a2be19d873717870,True,5787425.0,success,2021-06-12,2025-12-03,1637.0,,good,UNKNOWN
wglue,Wrapped Glue,0x840b20fa3d48ac709fd841fcd878c3e8aabd7087,True,21563042.0,success,2025-02-22,2025-12-02,281.0,,good,TRUE
wgr,Wagerr,0xc237868a9c5729bdf3173dddacaa336a0a5bb6e0,True,10952873.0,success,2017-07-15,2025-12-03,3046.0,,good,UNKNOWN
whai,WhaleAI,0xb5c5fc6d3576ae31b24dc18e5bcb8a4822f13333,True,22366855.0,success,2025-08-14,2025-12-03,112.0,,good,TRUE
whale,WHALE,0x9355372396e3f6daf13359b7b607a3374cc638e0,True,9987207.0,success,2020-07-17,2025-12-03,1966.0,,good,TRUE
whirl,Whirl,0xb7037457de15fed6cbecc0c62d5d610834b958ec,True,19114727.0,success,2024-02-01,2025-11-28,551.0,,good,TRUE
white,Whiteheart,0x5f0e628b693018f639d10e4a4f59bd4d8b2b6b44,True,11498588.0,success,2020-12-27,2025-12-01,1666.0,,good,TRUE
white,WhiteRock,0x9cdf242ef7975d8c68d5c1f5b6905801699b1940,True,,success,2024-12-06,2025-12-03,364.0,,good,TRUE
whl,WhaleRoom,0x2af72850c504ddd3c1876c66a914caee7ff8a46a,True,11829931.0,success,2021-03-11,2025-11-19,1427.0,,good,TRUE
whydra,Wrapped Hydra,0x96c3530bfd0a906a123a4e26cebb635636b41f9d,True,21158299.0,success,2025-06-30,2025-12-03,158.0,,good,UNKNOWN
wicked,Wicked,0xed2d1ef84a6a07dd49e8ca934908e9de005b7824,True,20832572.0,success,2024-10-08,2025-12-03,423.0,,good,TRUE
wif,WIF on ETH,0x886c869cdc619214138c87f1db0ada522b16dfa3,True,19855595.0,success,2024-05-13,2025-12-03,568.0,,good,TRUE
wifpepemog,WIFPEPEMOGINU,0x0f0bbaf936f7ada2aca5b80bed7b655758d66950,True,19344767.0,success,2024-03-04,2025-12-02,375.0,,good,TRUE
wifsa,dogwifsaudihat,0x6630e3a2ec1e7e0a2f9f1d2289a9a89b0551683a,True,19558168.0,success,2024-04-09,2025-11-22,423.0,,good,TRUE
wigger,Wigger,0x170dec83c7753aaad20c01a0016b5a2e143990d4,True,18214228.0,success,2023-10-06,2025-12-03,654.0,,good,TRUE
wigl,Wigl,0xf8206a19fca5999425358de4e4cdefc7f5c5d4ca,True,20720792.0,success,2024-09-13,2025-12-03,448.0,,good,TRUE
wik,WickedBet Casino,0xa9049425b938c46ac3e312d4cdaeccb26282aeb2,True,18094366.0,success,2023-09-13,2025-12-03,790.0,,good,TRUE
wiki,Wiki Agent,0x6964ae9753df7f79c5db6006a13c22c934623570,True,22797173.0,success,2025-06-29,2025-11-25,93.0,,good,TRUE
wild,Wilder World,0x2a3bff78b79a009976eea096a51a948a3dc00e34,True,,success,2021-05-11,2025-12-03,1669.0,,good,TRUE
win,Win,0xb10cb07ca2cdac77fbb5707f6690301f9d036f45,True,17388257.0,success,2025-08-30,2025-12-03,97.0,,good,TRUE
winter,Winter,0xccba0b2bc4babe4cbfb6bd2f1edc2a9e86b7845f,True,13165188.0,success,2022-04-30,2025-12-03,1303.0,,good,TRUE
wise,Wise,0x66a0f676479cee1d7373f3dc2e2952778bff5bd6,True,11504583.0,success,2021-01-04,2025-12-03,1796.0,,good,TRUE
wit,Witnet,0xcafe5de18756817d98f4603f6828397406d4cafe,True,23576424.0,success,2021-12-01,2025-12-03,1450.0,,good,TRUE
witch,Witch Token,0xdc524e3c6910257744c1f93cf15e9f472b5bd236,True,12430166.0,success,2021-07-21,2025-12-03,1583.0,,good,TRUE
wizard,Wizard Cat,0x4a7c9897ae01ff08d6e3820507a6b967bdbffa29,True,20967326.0,success,2024-10-16,2025-11-23,212.0,,good,TRUE
wizard,WIZARD Vault (NFTX),0x87931e7ad81914e7898d07c68f145fc0a553d8fb,True,,success,2021-07-28,2025-12-03,1483.0,,good,TRUE
wjxn,Jax.Network,0xca1262e77fb25c0a4112cfc9bad3ff54f617f2e6,True,12638070.0,success,2021-10-04,2025-12-02,1501.0,,good,TRUE
wlai,Weblume AI,0x767a98a4f0ac1d1c09e93e97c752f357b8f86976,True,22714240.0,success,2025-06-19,2025-11-30,155.0,,good,TRUE
wld,Worldcoin,0x163f8c2467924be0ae7b5347228cabf260318753,True,17714705.0,success,2023-07-24,2025-12-03,865.0,,good,TRUE
wlf,WLF TOKEN,0xd1bb58e1f2ee11ff62aea1225a6f210467863031,True,21485548.0,success,2025-08-29,2025-12-03,98.0,,good,TRUE
wlfi,World Liberty Financial,0xda5e1988097297dcdc1f90d4dfe7909e847cbef6,True,,success,2025-09-01,2025-12-03,95.0,,good,TRUE
wlyx,Wrapped LYX (SigmaSwap),0x0808e6c4400bde1d70db0d02170b67de05e07ef5,True,18927549.0,success,2024-01-08,2025-12-03,635.0,,good,TRUE
wm,WrappedM by M^0,0x437cc33344a0b27a429f795ff6b469c72698b291,True,,success,2025-04-02,2025-12-03,247.0,,good,TRUE
wmc,Wrapped MistCoin,0x7fd4d7737597e7b4ee22acbf8d94362343ae0a79,True,15227119.0,success,2023-10-26,2025-12-03,771.0,,good,TRUE
wmemo,Wonderful Memories,0x3b79a28264fc52c7b4cea90558aa0b162f7faf57,True,13725283.0,success,2022-01-10,2025-12-03,1425.0,,good,TRUE
wminima,Wrapped Minima,0x669c01caf0edcad7c2b8dc771474ad937a7ca4af,True,16568830.0,success,2023-03-21,2025-12-03,986.0,,good,TRUE
wmton,Walmart (Ondo Tokenized Stock),0x82106347ddbb23ce44cf4ce4053ef1adf8b9323b,True,,success,2025-09-02,2025-12-03,76.0,,good,TRUE
wmtx,World Mobile Token,0xdbb5cf12408a3ac17d668037ce289f9ea75439d7,True,19311796.0,success,2021-12-23,2025-12-03,1443.0,,good,TRUE
wmxn,Mexican Peso,0x337e7456b420bd3481e7fa61fa9850343d610d34,True,,success,2025-11-29,2025-12-02,55.0,,good,TRUE
wncg,Wrapped NCG,0xf203ca1769ca8e9e8fe1da9d147db68b6c919817,True,12970809.0,success,2021-08-17,2025-12-03,1571.0,,good,TRUE
wnxm,Wrapped NXM,0x0d438f3b5175bebc262bf23753c1e53d03432bde,True,10383026.0,success,2020-07-27,2025-12-03,1957.0,,good,TRUE
wnz,Winnerz,0x02795795196f563fdafce8dd97fca4871ded51c3,True,15944933.0,success,2024-01-31,2025-12-03,662.0,,good,TRUE
woas,Wrapped OAS,0x03b4bd7d900defe84098665e3d96dca73a1f608b,True,17960132.0,success,2022-12-16,2025-12-03,1085.0,,good,TRUE
woeth,Wrapped OETH,0xdcee70654261af21c44c093c300ed3bb97b78192,True,,success,2023-11-14,2025-11-11,675.0,,good,UNKNOWN
wojak,Wojak,0x5026f006b85729a8b14553fae6af249ad16c9aab,True,17069315.0,success,2023-04-18,2025-12-03,962.0,,good,TRUE
wolf,Landwolf,0x67859a9314b9dca2642023ad8231beaa6cbf1933,True,19988244.0,success,2024-06-03,2025-12-02,429.0,,good,TRUE
wolf,LandWolf,0xf6afc05fccea5a53f22a3e39ffee861e016bd9a0,True,17680681.0,success,2023-07-14,2025-11-29,811.0,,good,TRUE
wolf,LandWolf,0x67466be17df832165f8c80a5a120ccc652bd7e69,True,19682916.0,success,2024-04-29,2025-12-02,584.0,,good,TRUE
wolf,Landwolf,0x9c7d4fb43919def524c1a9d92fe836169eaf0615,True,19386219.0,success,2024-03-11,2025-12-02,629.0,,good,TRUE
wolf,Landwolf,0x33abe795f9c1b6136608c36db211bd7590f5fdae,True,17083462.0,success,2024-04-13,2025-12-02,600.0,,good,TRUE
wolt,Wolt,0x3d288a54e08fe41796556efdfc24c015fe47f74e,True,19905081.0,success,2024-10-23,2025-12-01,307.0,,good,TRUE
wolverinu,Wolverinu,0x7cc97bf17c5adabe25f9d19d15a1ec8a1ad65f14,True,15337991.0,success,2022-10-19,2025-12-03,912.0,,good,TRUE
wom,Wombat Exchange,0xc0b314a8c08637685fc3dafc477b92028c540cfb,True,,success,2022-09-01,2025-12-03,1191.0,,good,TRUE
wom,WOM Protocol,0xbd356a39bff2cada8e9248532dd879147221cf76,True,,success,2019-11-07,2025-12-03,2220.0,,good,TRUE
wombat,Wombat,0x0c9c7712c83b3c70e7c5e11100d33d9401bdf9dd,True,15179224.0,success,2022-07-29,2025-12-03,1209.0,,good,TRUE
woo,WOO,0x4691937a7508860f876c9c0a2a617e7d9e945d4b,True,11067236.0,success,2020-10-30,2025-12-03,1862.0,,good,TRUE
woof,WoofWork.io,0x6bc08509b36a98e829dffad49fde5e412645d0a3,True,16527098.0,success,2023-02-01,2025-12-03,1023.0,,good,TRUE
woolly,Miniature Woolly Mammoth,0x9f277edfc463ebaa3d2a6274b01177697e910391,True,22669110.0,success,2025-06-19,2025-12-02,168.0,,good,TRUE
wope,WojakPepe,0xb2e0f591191ee5f6fb8a7f1777a733b6aa92bb55,True,19630102.0,success,2024-04-15,2025-11-29,359.0,,good,TRUE
wousd,Wrapped OUSD,0xd2af830e8cbdfed6cc11bab697bb25496ed6fa62,True,,success,2024-01-09,2025-12-03,696.0,,bad,UNKNOWN
wow,WOWswap,0x3405a1bd46b85c5c029483fbecf2f3e611026e45,True,12657052.0,success,2021-02-26,2025-12-03,1703.0,,good,TRUE
wozx,Efforce,0x34950ff2b487d9e5282c5ab342d08a2f712eb79f,True,8607727.0,success,2020-12-07,2025-12-03,1824.0,,good,TRUE
wpe,OpesAI,0xd075e95423c5c4ba1e122cae0f4cdfa19b82881b,True,10851896.0,success,2021-07-08,2025-12-02,1606.0,,good,TRUE
wpeaq,Wrapped Peaq,0x1eef208926667594e5136e89d0e9dd6907959197,True,20527218.0,success,2025-08-28,2025-12-03,99.0,,good,TRUE
wpls,Wrapped Pulse,0xa882606494d86804b5514e07e6bd2d6a6ee6d68a,True,17392865.0,success,2023-05-19,2025-12-03,931.0,,good,TRUE
wpokt,Wrapped POKT,0x67f4c72a50f8df6487720261e188f2abe83f57d7,True,18275606.0,success,2023-10-09,2025-12-03,788.0,,good,TRUE
wpr,WePower,0x4cf488387f035ff08c371515562cba712f9015d4,True,4991670.0,success,2018-02-11,2025-12-02,2653.0,,good,TRUE
wqt,Work Quest,0x06677dc4fe12d3ba3c7ccfd0df8cd45e4d4095bf,True,12010978.0,success,2023-04-28,2025-12-03,941.0,,good,TRUE
wrbnt,Wrapped RBNT,0xb45ffb51984d626ee758b336c61cf20990c6bf13,True,21485265.0,success,2025-07-04,2025-12-03,154.0,,good,TRUE
wreath,Wreath,0xe5823202be971dbe7e7c4395053943b242f5fedc,True,22619339.0,success,2025-06-04,2025-09-30,52.0,,good,TRUE
wrld,NFT Worlds,0xd5d86fc8d5c0ea1ac1ac5dfab6e529c9967a45e9,True,13890434.0,success,2021-12-30,2025-12-02,1422.0,,good,TRUE
wsb,Wall Street Baby,0x15f20f9dfdf96ccf6ac96653b7c0abfe4a9c9f0f,True,17093345.0,success,2021-04-27,2025-12-03,1176.0,,good,TRUE
wsb,WallStreetBets DApp,0xe1590a6fa0cff9c960181cb77d8a873601772f64,True,,success,2021-04-29,2025-12-03,1681.0,,good,TRUE
wsb,WSB Coin,0x0414d8c87b271266a5864329fb4932bbe19c0c49,True,17169287.0,success,2023-05-02,2025-11-29,897.0,,good,TRUE
wsbc,WSB Classic,0xe46091dce9c67691bcf22768bbee0bc9e20d4beb,True,17183857.0,success,2023-05-10,2025-11-28,673.0,,good,TRUE
wscrt,Secret (ERC20),0x2b89bf8ba858cd2fcee1fada378d5cd6936968be,True,11718188.0,success,2021-01-26,2025-11-30,1563.0,,good,TRUE
wsol,Wormhole Bridged WSOL,0xd31a59c85ae9d8edefec411d448f90841571b89c,True,,success,2022-01-21,2025-12-03,1414.0,,good,TRUE
wsomi,Wrapped SOMI,0x1b0f6590d21dc02b92ad3a7d00f8884dc4f1aed9,True,22998167.0,success,2025-09-08,2025-12-03,2057.0,,good,TRUE
wsrusd,Wrapped Savings rUSD,0xd3fd63209fa2d55b07a0f6db36c2f43900be3094,True,22275492.0,success,2025-06-18,2025-12-03,92.0,,good,TRUE
wsteth,Wrapped stETH,0x7f39c581f595b53c5cb19bd0b3f8da6c935e2ca0,True,11888477.0,success,2021-10-07,2025-12-03,1520.0,,good,TRUE
wstlink,Wrapped Staked LINK,0x911d86c72155c33993d594b0ec7e6206b4c803da,True,16118202.0,success,2024-04-25,2025-12-03,589.0,,good,TRUE
wstor,StorageChain,0x346b46280f559def274f80c5d16471b4b7ef2f14,True,20643285.0,success,2023-12-21,2025-12-03,639.0,,good,TRUE
wstusdt,Wrapped Staked USDT,0x572975ff6d5136c81c8d7448b6361ef9eefe1ab0,True,,success,2023-08-03,2025-12-16,868.0,,good,TRUE
wstusr,Resolv wstUSR,0x1202f5c7b4b9e47a1a484e8b270be34dbbc75055,True,,success,2025-01-11,2025-12-03,225.0,,good,TRUE
wtao,Wrapped TAO,0x77e06c9eccf2e797fd462a92b6d7642ef85b0a44,True,16521600.0,success,2023-02-16,2025-12-03,1023.0,,good,TRUE
wtf,DaVinci,0x730bcbe5cdc1a3061dfe700774b7b8dd1d4173db,True,19363689.0,success,2024-03-06,2025-11-26,236.0,,good,TRUE
wtlos,Wrapped Telos,0x7825e833d495f3d1c28872415a4aee339d26ac88,True,11882236.0,success,2023-02-03,2025-12-03,1036.0,,good,TRUE
wtrx,Wrapped Tron,0x50327c6c5a14dcade707abad2e27eb517df87ab5,True,14203496.0,success,2022-04-08,2025-12-03,1337.0,,good,UNKNOWN
wukong,Wukong Musk,0x1039bae6254178ee2f6123cd64cde9e4ca79d779,True,20695712.0,success,2024-09-10,2025-12-02,324.0,,good,TRUE
wusd,Worldwide USD,0x7cd017ca5ddb86861fa983a34b5f495c6f898c41,True,,success,2024-02-19,2025-12-03,655.0,,good,TRUE
wusdm,Wrapped USDM,0x57f5e098cad7a3d1eed53991d4d66c45c9af7812,True,,success,2023-12-28,2025-12-03,429.0,,good,TRUE
wusdn,SMARDEX WRAPPED USDN,0x99999999999999cc837c997b882957dafdcb1af9,True,21622812.0,success,2025-01-28,2025-12-03,311.0,,good,TRUE
wvg0,Wrapped Virgin Gen-0 CryptoKittties,0x25c7b64a93eb1261e130ec21a3e9918caa38b611,True,9471001.0,success,2020-10-20,2025-12-03,1284.0,,good,TRUE
wvtrs,Vitreus,0x74950fc112473caba58193c6bf6412a6f1e4d7d2,True,,success,2024-06-19,2025-12-03,534.0,,good,TRUE
wwy,WeWay,0x9ab70e92319f0b9127df78868fd3655fb9f1e322,True,13977770.0,success,2022-01-12,2025-12-03,1423.0,,good,TRUE
wx,Weave6,0x2817cecf94465a9f7becf43d9b7c8025e88a4213,True,19104966.0,success,2024-03-07,2025-12-03,638.0,,good,TRUE
wxm,WeatherXM,0xde654f497a563dd7a121c176a125dd2f11f13a83,True,18820174.0,success,2024-05-30,2025-12-03,554.0,,good,TRUE
wxoc,Wrapped XOC,0x83915de0d525bb57a38cd97d9f508cabead6a0d5,True,22444710.0,success,2025-09-18,2025-12-03,1823.0,,good,TRUE
wxt,WEEX Token,0x1b66474c8eca3827f16202907f41f63785579716,True,19016752.0,success,2024-07-06,2025-12-03,517.0,,good,TRUE
wxt,WXT Token,0xa02120696c7b8fe16c09c749e4598819b2b0e915,True,12304236.0,success,2019-07-02,2025-12-03,2348.0,,good,TRUE
wxtm,Wrapped MinoTari,0xfd36fa88bb3fea8d1264fc89d70723b6a2b56958,True,,success,2025-07-30,2025-12-03,128.0,,good,TRUE
wxtz,Wrapped XTZ,0xc9b53ab2679f573e480d01e0f49e2b5cfb7a3eab,True,20140436.0,success,2024-11-04,2025-12-03,396.0,,good,TRUE
w🍖,Unicorn Meat,0xdfa208bb0b811cfbb5fa3ea98ec37aa86180e668,True,22924879.0,success,2025-07-29,2025-12-03,129.0,,good,TRUE
x,AI-X,0x5f5166c4fdb9055efb24a7e75cc1a21ca8ca61a3,True,17478400.0,success,2023-06-20,2025-12-02,898.0,,good,TRUE
x,Free Speech,0x140007c65535aa9c3801ea3bbd3f83c378c7f457,True,21276357.0,success,2024-12-27,2025-12-02,342.0,,good,TRUE
x,X,0x7f3141c4d6b047fb930991b450f1ed996a51cb26,True,13803552.0,success,2022-01-07,2025-12-03,1359.0,,good,TRUE
x,XAI,0xafe53eea0cfe20198328890b69107d5fd8159a77,True,17767786.0,success,2023-07-28,2025-12-03,861.0,,good,TRUE
x,CruxDecussata,0xabec00542d141bddf58649bfe860c6449807237c,True,17821053.0,success,2023-08-11,2025-12-03,847.0,,good,TRUE
x,X,0xa62894d5196bc44e4c3978400ad07e7b30352372,True,17756202.0,success,2023-08-03,2025-12-03,855.0,,good,TRUE
x2y2,X2Y2,0x1e4ede388cbc9f4b5c79681b7f94d36a11abebc9,True,14201940.0,success,2022-02-15,2025-12-03,1389.0,,good,TRUE
x7r,X7R,0x70008f18fc58928dce982b0a69c2c21ff80dca54,True,15602630.0,success,2022-10-09,2025-11-22,927.0,,good,TRUE
x8x,X8X,0x910dfc18d6ea3d6a7124a6f8b5458f281060fa4c,True,4492090.0,success,2018-08-10,2025-12-03,2515.0,,good,TRUE
xai,SideShift,0x35e78b3982e87ecfd5b3f3265b601c046cdbe232,True,10858525.0,success,2021-05-21,2025-12-03,1659.0,,good,TRUE
xai,XAI Corp,0x0a13a5929e5f0ff0eaba4bd9e9512c91fce40280,True,17048247.0,success,2023-07-17,2025-12-03,871.0,,good,TRUE
xalpha,XALPHA.AI,0x369733153e6e08d38f2bc72ae2432e855cfbe221,True,18971853.0,success,2024-01-15,2025-12-01,681.0,,good,TRUE
xan,Anoma,0xcedbea37c8872c4171259cdfd5255cb8923cf8e7,True,,success,2025-09-29,2025-12-02,1549.0,,good,TRUE
xar,Arcana Network,0x5027fc44a7ba114b8f494b1e4970900c6652fedf,True,19126340.0,success,2024-04-03,2025-12-02,593.0,,good,TRUE
xau,XAU9999,0x999903502c1c7fea3591fb17315544c6bdde7699,True,22976523.0,success,2025-07-22,2025-12-03,136.0,,good,TRUE
xaum,Matrixdock Gold,0x2103e845c5e135493bb6c2a4f0b8651956ea8682,True,,success,2024-11-29,2025-12-02,369.0,,good,TRUE
xaut,Tether Gold,0x68749665ff8d2d112fa859aa293f07a622782f38,True,,success,2020-01-26,2025-12-03,2140.0,,good,TRUE
xavier,Xavier: Renegade Angel,0x69b1ac639c0153b8eae75e4c19a176d07071683c,True,23175609.0,success,2025-05-19,2025-12-03,200.0,,good,TRUE
xb,XBANKING,0x33e80a92a9ea73dd02f6e732d1702d58c68388ca,True,16823306.0,success,2023-09-10,2025-11-29,738.0,,good,TRUE
xbg,XBorg,0xeae00d6f9b16deb1bd584c7965e4c7d762f178a1,True,19989187.0,success,2024-08-21,2025-12-03,471.0,,good,TRUE
xblaze,Trailblaze,0x989fa855ce126275bc269e0ec8f04a57b4af02b4,True,19974826.0,success,2024-06-05,2025-11-28,500.0,,good,TRUE
xbo,$XBO Token,0x167e6fcd728cdd00d012d8862934c2c333cb0839,True,,success,2025-08-22,2025-12-03,105.0,,good,TRUE
xcad,XCAD Network,0x7659ce147d0e714454073a5dd7003544234b6aa0,True,12429387.0,success,2021-05-31,2025-12-03,1649.0,,good,TRUE
xccx,BlockChainCoinX,0x7df4122d3eae29fc8fb6be58d9177e8e560be4fb,True,18108301.0,success,2023-10-13,2025-12-02,783.0,,good,TRUE
xcept,XCeption,0xac506c7dc601500e997cad42ea446624ed40c743,True,19725695.0,success,2023-12-01,2025-12-03,577.0,,good,TRUE
xchng,Chainge,0xb712d62fe84258292d1961b5150a19bc4ab49026,True,19097423.0,success,2021-06-22,2025-12-02,1614.0,,good,TRUE
xcl,Xcellar,0xca5e50710f656f2e537ce2fc8504db6e24ed3515,True,23489048.0,success,2025-10-05,2025-12-03,1408.0,,good,TRUE
xcm,Coinmetro,0x36ac219f90f5a6a3c77f2a7b660e3cc701f68e25,True,11320818.0,success,2019-04-24,2025-12-02,2389.0,,good,TRUE
xcn,Onyxcoin,0xa2cd3d43c775978a96bdbf12d733d5a1ed94fb18,True,14342018.0,success,2022-03-15,2025-12-02,1360.0,,good,TRUE
xcredi,xCREDI,0x3bbfb303842dd4a76da4c927be644e9cf3170afd,True,18113899.0,success,2025-01-16,2025-12-03,323.0,,good,TRUE
xcvx,Leveraged CVX,0xb90d347e10a085b591955cbd0603ac7866fcadc8,True,,success,2024-08-09,2025-12-02,482.0,,bad,UNKNOWN
xd,XDoge,0x01eeffcd9a10266ed00946121df097eed173b43d,True,17764749.0,success,2023-11-05,2025-12-03,743.0,,good,TRUE
xdata,Streamr XDATA,0x0cf0ee63788a0849fe5297f3407f701e122cc023,True,4067648.0,success,2017-11-08,2025-12-03,2949.0,,good,TRUE
xdefi,XDEFI,0x72b886d09c117654ab7da13a14d603001de0b777,True,,success,2021-11-18,2025-12-03,1439.0,,good,TRUE
xdna,extraDNA,0x8e57c27761ebbd381b0f9d09bb92ceb51a358abb,True,10427932.0,success,2020-09-30,2025-12-02,1594.0,,good,TRUE
xdoge,XDOGE,0xd2b274cfbf9534f56b59ad0fb7e645e0354f4941,True,,success,2023-07-28,2025-12-03,821.0,,good,TRUE
xdoge,XDOGE,0xff054e7550dbb28b9b0777d6d64c425e16865159,True,23319503.0,success,2025-09-10,2025-10-21,922.0,,good,TRUE
xed,Exeedme [OLD],0xee573a945b01b788b9287ce062a0cfc15be9fd86,True,11550518.0,success,2020-12-30,2025-12-01,1751.0,,good,TRUE
xed,Exeedme,0xef7f7820a001aabac5e0979b175c9ff8af3dd4ec,True,21587707.0,success,2025-01-14,2025-12-02,318.0,,good,TRUE
xeeth,Leveraged eETH,0xacb3604aadf26e6c0bb8c720420380629a328d2c,True,,success,2024-08-09,2025-12-02,482.0,,bad,UNKNOWN
xels,XELS,0x397deb686c72384fad502a81f4d7fdb89e1f1280,True,14383761.0,success,2021-04-09,2025-12-03,1701.0,,good,TRUE
xen,XEN Crypto,0x06450dee7fd2fb8e39061434babcfc05599a6fb8,True,15704871.0,success,2022-10-11,2025-12-03,1151.0,,good,TRUE
xeno,Xeno,0x451fd37983d494bce294295f78a426832376b7df,True,18638643.0,success,2024-01-21,2025-11-26,628.0,,good,TRUE
xera,Xera,0xd24c0f14142aaf45ff995bc84ebf6a06add01b8d,True,23795657.0,success,2025-11-17,2025-12-03,381.0,,good,TRUE
xerai,XERO AI,0x72bb0df29b6c595d0636bf028c3093a0d7fd9403,True,22833536.0,success,2025-07-04,2025-10-13,68.0,,good,TRUE
xers,X Project ERC,0x6c10d1611a5a95cb967e4bcab5791fd101194949,True,19020437.0,success,2024-02-05,2025-12-03,669.0,,good,TRUE
xeta,XANA,0x967fb0d760ed3ce53afe2f0a071674cccae73550,True,15703240.0,success,2022-07-20,2025-12-03,1234.0,,good,TRUE
xeth,f(x) Protocol Leveraged ETH,0xe063f04f280c60aeca68b38341c2eecbec703ae2,True,,success,2023-10-08,2025-12-02,709.0,,good,TRUE
xetra,Xetra AI,0x0f48e776a4d983c0dddf4c0c946d66e3786f134f,True,21487886.0,success,2024-12-27,2025-11-21,227.0,,good,TRUE
xezeth,Leveraged ezETH,0x2e5a5af7ee900d34bcfb70c47023bf1d6be35cf5,True,,success,2024-08-09,2025-12-02,482.0,,bad,UNKNOWN
xfi,Xfinance,0x5befbb272290dd5b8521d4a938f6c4757742c430,True,10778029.0,success,2020-09-12,2025-12-02,1744.0,,good,TRUE
xfit,XFai,0x4aa41bc1649c9c3177ed16caaa11482295fc7441,True,12237136.0,success,2021-04-21,2025-12-03,1620.0,,good,TRUE
xfloki,NEW X CEO IS BACK,0x76fc5dd3360479b1669e7996ff9b1d35f978078f,True,23619867.0,success,2025-10-20,2025-11-21,197.0,,good,TRUE
xfrxeth,Leveraged frxETH,0x2bb0c32101456f5960d4e994bac183fe0dc6c82c,True,,success,2024-08-09,2025-12-02,482.0,,bad,UNKNOWN
xft,Offshift,0x76bc677d444f1e9d57daf5187ee2b7dc852745ae,True,16670941.0,success,2020-08-05,2025-11-28,1940.0,,good,TRUE
xfund,xFUND,0x892a6f9df0147e5f079b0993f486f9aca3c87881,True,10951800.0,success,2021-01-26,2025-12-03,1774.0,,good,TRUE
xgn,0xGen,0x683c8e87e74f3f8f27c0d2ebd4350fe4dba814ef,True,,success,2024-06-15,2025-12-02,537.0,,good,TRUE
xi,Xi,0x295b42684f90c77da7ea46336001010f2791ec8c,True,12615989.0,success,2021-09-27,2025-12-03,1530.0,,good,TRUE
xiaobai,XiaoBai,0xcb69e5750f8dc3b69647b9d8b1f45466ace0a027,True,22834967.0,success,2025-07-11,2025-12-03,147.0,,good,TRUE
xidr,XIDR,0xebf2096e01455108badcbaf86ce30b6e5a72aa52,True,,success,2021-12-01,2025-12-16,1433.0,,good,TRUE
xin,Mixin,0xa974c709cfb4566686553a20790685a47aceaa33,True,4611765.0,success,2018-01-16,2025-12-02,2879.0,,good,TRUE
xio,Blockzero Labs,0x0f7f961648ae6db43c75663ac7e5414eb79b5704,True,8792690.0,success,2019-11-29,2025-12-03,2025.0,,good,TRUE
xion,XION,0x24d7ad9402717f429a81925fe7643b78918eda8b,True,21999142.0,success,2024-12-06,2025-12-03,364.0,,good,TRUE
xl1,XL1,0xf72ae3e0da743033abd7a407557d684c1ae66aed,True,23341807.0,success,2025-09-16,2025-12-03,1860.0,,good,TRUE
xmon,XMON,0x3aada3e213abf8529606924d8d1c55cbdc70bf74,True,11247376.0,success,2021-02-18,2025-12-03,1751.0,,good,TRUE
xmoney,X Money,0x21cd589a989615a9e901328d3c089bbca16d00b2,True,21398840.0,success,2025-01-06,2025-12-03,333.0,,good,TRUE
xmt,MetalSwap,0x3e5d9d8a63cc8a88748f229999cf59487e90721e,True,13638496.0,success,2021-12-29,2025-12-02,1430.0,,good,TRUE
xmw,Morphware,0x391cf4b21f557c935c7f670218ef42c21bd8d686,True,20779868.0,success,2024-09-22,2025-12-02,438.0,,good,TRUE
xmx,XMax,0x0f8c45b896784a1e408526b9300519ef8660209c,True,5588690.0,success,2018-06-19,2025-11-10,2555.0,,good,TRUE
xnk,Kinka,0x722a89f1b925fe41883978219c2176aecc7d6699,True,18816551.0,success,2024-03-19,2025-12-02,605.0,,good,TRUE
xnl,Chronicle,0x06a00715e6f92210af9d7680b584931faf71a833,True,13105722.0,success,2021-09-17,2025-11-28,1408.0,,good,TRUE
xomx,Exxon Mobil xStock,0xeedb0273c5af792745180e9ff568cd01550ffa13,True,,success,2025-10-20,2025-12-02,364.0,,good,TRUE
xor,Sora,0x40fd72257597aa14c7231a7b1aaa29fce868f677,True,8745763.0,success,2020-04-30,2025-12-03,2042.0,,good,TRUE
xox,XOX Labs,0x0f5c78f152152dda52a2ea45b0a8c10733010748,True,18026708.0,success,2024-01-19,2025-11-30,526.0,,good,TRUE
xpr,XPR Network,0xd7efb00d12c2c13131fd319336fdf952525da2af,True,9699025.0,success,2020-04-07,2025-12-03,2067.0,,good,TRUE
xprt,Persistence One,0xd454b59f16d42667be2fa55292d16647e27f40c4,True,19960291.0,success,2021-04-01,2025-12-02,1708.0,,good,TRUE
xrgb,XRGB,0x5cc5e64ab764a0f1e97f23984e20fd4528356a6a,True,19249445.0,success,2024-02-22,2025-12-03,410.0,,good,TRUE
xrp,HarryPotterObamaPacMan8Inu,0x07e0edf8ce600fb51d44f51e3348d77d67f298ae,True,17858403.0,success,2023-08-11,2025-12-02,846.0,,good,TRUE
xrp,WarioXRPDumbledoreYugioh69Inu,0xb1c064c3f2908f741c9dea4afc5773238b53e6cc,True,17419424.0,success,2023-08-03,2025-12-03,756.0,,good,TRUE
xrp20,XRP20,0xe4ab0be415e277d82c38625b72bd7dea232c2e7d,True,17891903.0,success,2023-08-24,2025-12-03,831.0,,good,TRUE
xrt,Robonomics Network,0x7de91b204c1c737bcee6f000aaa6569cf7061cb7,True,7584503.0,success,2019-09-04,2025-12-03,2169.0,,good,TRUE
xrun,XRun,0x5833dbb0749887174b254ba4a5df747ff523a905,True,7749365.0,success,2022-04-28,2025-12-03,1189.0,,good,TRUE
xrune,Thorstarter,0x69fa0fee221ad11012bab0fdb45d444d3d2ce71c,True,12661794.0,success,2021-07-04,2025-12-03,1615.0,,good,TRUE
xsgd,XSGD,0x70e8de73ce538da2beed35d14187f6959a8eca96,True,,success,2020-10-16,2025-12-16,1889.0,,good,TRUE
xshib,XSHIB,0xb61ebb6bceb7635ecd7e59884ee2e2bcdfd810ba,True,18498206.0,success,2023-11-10,2025-11-05,615.0,,good,TRUE
xsolvbtc,Solv Protocol Staked BTC,0xd9d920aa40f578ab794426f5c90f6c731d159def,True,,success,2024-08-02,2025-12-03,490.0,,good,TRUE
xsteth,Leveraged stETH,0x5a097b014c547718e79030a077a91ae37679eff5,True,,success,2024-08-09,2025-12-02,482.0,,bad,UNKNOWN
xsushi,xSUSHI,0x8798249c2e607446efb7ad49ec89dd1865ff4272,True,10801571.0,success,2021-01-21,2025-12-03,1779.0,,good,TRUE
xswap,XSwap,0x8fe815417913a93ea99049fc0718ee1647a2a07c,True,,success,2024-05-06,2025-12-03,578.0,,good,TRUE
xt,XT.com,0x4be10da47a07716af28ad199fbe020501bddd7af,True,,success,2019-05-17,2025-12-03,2383.0,,good,TRUE
xtk,xToken,0x7f3edcdd180dbe4819bd98fee8929b5cedb3adeb,True,,success,2021-02-25,2025-11-20,1435.0,,good,TRUE
xtn,Neutrino Index Token,0x674c6ad92fd080e4004b2312b45f796a192d27a0,True,10970706.0,success,2020-02-01,2025-12-02,2133.0,,good,TRUE
xtp,XTP,0x6368e1e18c4c419ddfc608a0bed1ccb87b9250fc,True,9126582.0,success,2019-12-25,2025-12-03,1976.0,,good,TRUE
xtreme,Xtremeverse,0x000000000503be77a5ed27bef2c19943a8b5ae73,True,19380362.0,success,2024-03-18,2025-12-03,528.0,,good,TRUE
xusd,Staked Stream USD,0xe2fc85bfb48c4cf147921fbe110cf92ef9f26f94,True,21870476.0,success,2025-07-16,2025-12-03,69.0,,good,TRUE
xusd,StraitsX XUSD,0xc08e7e23c235073c6807c2efe7021304cb7c2815,True,,success,2024-07-13,2025-12-16,523.0,,good,TRUE
xv,XV,0x34dce75a3d1910cc9d188aa5a75fb9addcae0fcc,True,18647764.0,success,2023-12-05,2025-12-03,691.0,,good,TRUE
xvg,Verge (ETH),0x85614a474dbeed440d5bbdb8ac50b0f22367f997,True,18428018.0,success,2023-10-29,2025-12-03,768.0,,good,TRUE
xvs,Venus,0xd3cc9d8f3689b83c91b7b59cab4946b063eb894a,True,18889145.0,success,2020-10-06,2025-12-03,1886.0,,good,TRUE
xwbtc,Leverage WBTC,0x9f23562ec47249761222ef7ac02b327a8c45ba7d,True,,success,2024-08-09,2025-12-02,482.0,,bad,UNKNOWN
xwg,X World Games,0x0a77ef9bf662d62fbf9ba4cf861eaa83f9cc4fec,True,15444888.0,success,2021-08-20,2025-12-03,1566.0,,good,TRUE
xx,XX Network,0x171120219d3223e008558654ec3254a0f206edb2,True,19367404.0,success,2022-08-03,2025-12-03,1220.0,,good,TRUE
xx,XX,0x642ac912a58428767fa14a26a749f9a1b001ba92,True,18214265.0,success,2023-09-28,2025-12-02,605.0,,good,TRUE
xyb,Xybertic,0xb64c4379ae2d03ce6b7df0ca5135d3b7e9bb0a89,True,22553325.0,success,2025-06-12,2025-11-15,105.0,,good,TRUE
xyo,XYO Network,0x55296f69f40ea6d20e478533c15a6b08b654e758,True,,success,2018-06-12,2025-12-03,2733.0,,good,TRUE
xyro,XYRO,0x4eddb15a0abfa2c349e8065af9214e942d9a6d36,True,21565662.0,success,2025-01-23,2025-12-03,316.0,,good,TRUE
xyz,Universe.XYZ,0x618679df9efcd19694bb1daa8d00718eacfa2883,True,12502616.0,success,2021-06-07,2025-12-03,1512.0,,good,TRUE
xzk,Expand,0xe8fc52b1bb3a40fd8889c0f8f75879676310ddf0,True,19317935.0,success,2024-06-18,2025-12-03,535.0,,good,TRUE
y2k,Dotcom,0x06903ae134cca527742fe138a7cb97fe08322000,True,23097456.0,success,2024-11-26,2025-12-02,373.0,,good,TRUE
yai,Ÿ,0x477a3d269266994f15e9c43a8d9c0561c4928088,True,19528174.0,success,2024-04-01,2025-12-03,613.0,,good,TRUE
yak,YAK,0xe842e272a18625319cc36f64eb9f97e5ad0c32af,True,19338789.0,success,2024-03-03,2025-12-02,422.0,,good,TRUE
yaku,Yaku,0x1155db64b59265f57533bc0f9ae012fffd34eb7f,True,19691951.0,success,2024-01-12,2025-12-03,693.0,,good,TRUE
yaku,Yakushima Inu,0xffd228cf984815b071ceb20c368dc98a122b56a7,True,23298652.0,success,2025-09-05,2025-09-18,101.0,,good,TRUE
yala,Yala,0xf970706063b7853877f39515c96932d49d5ac9cd,True,22930225.0,success,2025-07-22,2025-12-03,136.0,,good,TRUE
yam,YAM,0x0aacfbec6a24756c20d41914f2caba817c0d8521,True,,success,2020-09-19,2025-12-03,1882.0,,good,TRUE
yapp,Yapp Ai,0xbb820cdc399d93b614023cae612f85eaa0db944f,True,23118315.0,success,2025-08-12,2025-11-13,36.0,,good,TRUE
yawn,Yawn's World,0x88ce174c655b6d11210a069b2c106632dabdb068,True,20680112.0,success,2024-09-14,2025-11-28,306.0,,good,TRUE
yayageth,Yay Kelp DAO’s Airdrop Gain ETH,0x0341d2c2ce65b62af8887e905245b8cfea2a3b97,True,,success,2025-02-17,2025-12-03,289.0,,good,TRUE
yaystone,Yay StakeStone Ether,0xe86142af1321eaac4270422081c1eda31eecff0c,True,20441403.0,success,2025-02-17,2025-12-03,291.0,,good,TRUE
yb,Yield Basis,0x01791f726b4103694969820be083196cc7c045ff,True,23370923.0,success,2025-10-15,2025-12-03,1167.0,,good,TRUE
ybr,YieldBricks,0x9d9535dae62f5f12ab83f1183dca1ead244b0db3,True,,success,2024-11-12,2025-12-03,388.0,,good,TRUE
ybtc,Yala BTC,0x27a70b9f8073efe5a02998d5cc64acdc9e0ba589,True,22337113.0,success,2025-07-16,2025-11-24,62.0,,good,TRUE
ybtc,YieldFi yBTC,0xa01200b2e74de6489cf56864e3d76bbc06fc6c43,True,,success,2025-11-21,2025-12-03,280.0,,bad,UNKNOWN
ycrv,Yearn CRV,0xfcc5c47be19d06bf83eb04298b026f81069ff65b,True,15624808.0,success,2022-12-20,2025-12-03,1066.0,,good,TRUE
ydf,Yieldification,0x30dcba0405004cf124045793e1933c798af9e66a,True,15266638.0,success,2022-10-05,2025-11-29,997.0,,good,TRUE
ydr,YDragon,0x3757232b55e60da4a8793183ac030cfce4c3865d,True,13043966.0,success,2021-08-18,2025-11-08,1205.0,,good,TRUE
yee,Yee Token,0x9ac9468e7e3e1d194080827226b45d0b892c77fd,True,17144167.0,success,2025-04-16,2025-12-03,233.0,,good,TRUE
yel,Yel.Finance,0x949185d3be66775ea648f4a306740ea9eff9c567,True,19278916.0,success,2021-07-30,2025-12-03,1578.0,,good,TRUE
yes,YES,0xfc10cd3895f2c66d6639ec33ae6360d6cfca7d6d,True,18547337.0,success,2023-11-13,2025-12-03,720.0,,good,TRUE
yes,Yes Chad,0x5da42c37dea61d1c31e7a810e7d2aff736a41643,True,21174018.0,success,2024-11-14,2025-12-03,366.0,,good,TRUE
yes,Yes Chad,0x2526ae18c3beeabb248e401368ef0f4515d24f9d,True,22954565.0,success,2025-07-24,2025-12-03,134.0,,good,TRUE
yeth,Yearn Ether,0x1bed97cbc3c24a4fb5c069c6e311a967386131f7,True,17583859.0,success,2023-10-09,2025-12-01,722.0,,good,FALSE
yeth,YieldFi yETH,0x8464f6ecae1ea58ec816c13f964030eab8ec123a,True,,success,2025-09-29,2025-12-03,302.0,,good,TRUE
yeti,Yeti the Abominable,0x7af8e99e7adafd299bdab66081dc1662a3f5d552,True,23342912.0,success,2025-09-12,2025-09-25,135.0,,good,TRUE
yf-dai,YfDAI.finance,0xf4cd3d3fda8d7fd6c5a500203e38640a70bf9577,True,10779885.0,success,2020-09-08,2025-12-03,1914.0,,good,TRUE
yfi,yearn.finance,0x0bc529c00c6401aef6d220be8c6ea1667f6ad93e,True,10475744.0,success,2020-07-18,2025-12-03,1966.0,,good,TRUE
yfii,DFI.money,0xa1d0e215a23d7030842fc67ce582a6afa3ccab83,True,10535249.0,success,2020-07-29,2025-12-03,1955.0,,good,TRUE
yfx,Your Futures Exchange,0xf55a93b613d172b86c2ba3981a849dae2aecde2f,True,12289042.0,success,2021-05-20,2025-11-13,1592.0,,good,TRUE
ygg,Yield Guild Games,0x25f8087ead173b73d6e8b84329989a8eea16cf73,True,12901564.0,success,2021-07-28,2025-12-03,1591.0,,good,TRUE
yield,Yield Protocol,0xa8b61cff52564758a204f841e636265bebc8db9b,True,11971544.0,success,2021-03-06,2025-11-26,1658.0,,good,TRUE
ylay,Yelay,0xaee5913ffd19dbca4fd1ef6f3925ed0414407d37,True,,success,2024-10-22,2025-12-03,409.0,,good,TRUE
yld,Yield App,0xf94b5c5651c888d928439ab6514b93944eee6f48,True,,success,2020-12-14,2025-12-03,1686.0,,good,TRUE
ynd,YieldNest,0x7159cc276d7d17ab4b3beb19959e1f39368a45ba,True,,success,2025-06-05,2025-12-03,183.0,,good,TRUE
yneth,YieldNest Restaked ETH,0x09db87a538bd693e9d08544577d5ccfaa6373a48,True,,success,2024-07-26,2025-12-03,478.0,,good,TRUE
ynethx,ynETH MAX,0x657d9aba1dbb59e53f9f3ecaa878447dcfc96dcb,True,,success,2024-12-14,2025-12-03,317.0,,good,TRUE
yng,Young,0xa26cbb76156090f4b40a1799a220fc4c946afb3c,True,8650532.0,success,2025-07-18,2025-12-03,135.0,,good,TRUE
ynrwax,YieldNest RWA MAX,0x01ba69727e2860b37bc1a2bd56999c1afb4c15d8,True,,success,2025-10-17,2025-12-03,486.0,,good,TRUE
ynusdx,ynUSD Max,0x3db228fe836d99ccb25ec4dfdc80ed6d2cddcb4b,True,,success,2025-06-21,2025-12-02,71.0,,good,TRUE
yobase,All Your Base,0x551d0501cd5df92663c3d12c3201c9d70ba79998,True,17080047.0,success,2023-12-13,2025-11-25,503.0,,good,TRUE
yobi,Yobi,0x98931a97a62ff3a8e2b42b7ea186cff193c2a67f,True,22781409.0,success,2025-06-26,2025-12-03,160.0,,good,TRUE
yogold,Yield Optimizer Gold,0x586675a3a46b008d8408933cf42d8ff6c9cc61a1,True,,success,2025-10-11,2025-12-03,1265.0,,bad,UNKNOWN
you,Youwho,0xb92ba0a6a843379499770de82aa936d6ba0fd8ca,True,15425798.0,success,2022-04-30,2025-12-03,1275.0,,good,TRUE
yourai,YOUR AI,0xc5ba042bf8832999b17c9036e8212f49dce0501a,True,19447676.0,success,2024-03-20,2025-12-03,625.0,,good,TRUE
yu,Yala Stablecoin,0xe868084cf08f3c3db11f4b73a95473762d9463f7,True,22344666.0,success,2025-05-26,2025-12-03,193.0,,good,TRUE
yuge,ErectusDAO,0xfdc9d2a3cae56e484a85de3c2e812784a8184d0d,True,21307633.0,success,2025-09-20,2025-12-02,1612.0,,good,TRUE
yuge,Yuge,0x8854d278bdb3140c161bf011888d9dc7a5918e77,True,19943877.0,success,2024-05-27,2025-11-30,384.0,,good,TRUE
yum,Yum,0xce682c89c63d2850cb2ca898e44d6c7c30d897a6,True,19615709.0,success,2024-08-08,2025-12-03,453.0,,good,TRUE
yup,Yup,0x69bbc3f8787d573f1bbdd0a5f40c7ba0aee9bcc9,True,,success,2020-09-03,2025-11-29,1766.0,,good,TRUE
yusd,Aegis YUSD,0x4274cd7277c7bb0806bd5fe84b9adae466a8da0a,True,21687269.0,success,2025-04-03,2025-12-02,245.0,,good,TRUE
yusd,YieldFi yToken,0x19ebd191f7a24ece672ba13a302212b5ef7f35cb,True,,success,2025-01-14,2025-12-03,317.0,,good,TRUE
yvaave,Aave yVault,0xd9788f3931ede4d5018184e198699dc6d66c1915,True,,success,2023-01-20,2025-12-02,1049.0,,bad,UNKNOWN
yvboost,Yearn Compounding veCRV yVault,0x9d409a0a012cfba9b15f6d4b36ac57a46966ab9a,True,,success,2021-05-02,2025-11-20,1164.0,,good,TRUE
yvdai,yvDAI,0xda816459f1ab5631232fe5e97a05bbbb94970c95,True,,success,2023-01-16,2025-12-03,1054.0,,bad,UNKNOWN
yvhegic,HEGIC yVault,0xe11ba472f74869176652c35d30db89854b5ae84d,True,11616780.0,success,2023-01-20,2025-12-02,1049.0,,bad,UNKNOWN
yvlink,LINK yVault,0x671a912c10bba0cfa74cfc2d6fba9ba1ed9530b2,True,12542636.0,success,2023-01-20,2025-12-02,1049.0,,bad,UNKNOWN
yvlusd,LUSD yVault,0x378cb52b00f9d0921cb46dfc099cff73b42419dc,True,,success,2023-01-20,2025-12-02,1049.0,,bad,UNKNOWN
yvrai,RAI yVault,0x873fb544277fd7b977b196a826459a69e27ea4ea,True,,success,2023-01-20,2025-12-03,1050.0,,bad,UNKNOWN
yvsnx,SNX yVault,0xf29ae508698bdef169b89834f76704c3b205aedf,True,,success,2023-01-20,2025-12-03,1050.0,,bad,UNKNOWN
yvsusd,sUSD yVault,0xa5ca62d95d24a4a350983d5b8ac4eb8638887396,True,,success,2023-01-20,2025-12-03,1050.0,,bad,UNKNOWN
yvsushi,SUSHI yVault,0x6d765cbe5bc922694afe112c140b8878b9fb0390,True,,success,2023-01-20,2025-12-03,1050.0,,bad,UNKNOWN
yvtusd,TUSD yVault,0xfd0877d9095789caf24c98f7cce092fa8e120775,True,,success,2023-01-20,2025-12-03,1050.0,,bad,UNKNOWN
yvuni,UNI yVault,0xfbeb78a723b8087fd2ea7ef1afec93d35e8bed42,True,,success,2023-01-20,2025-12-03,1050.0,,bad,UNKNOWN
yvusdc,USDC yVault,0xa354f35829ae975e850e23e9615b11da1b3dc4de,True,,success,2023-01-20,2025-12-03,1050.0,,bad,UNKNOWN
yvusdt,USDT yVault,0x3b27f92c0e212c671ea351827edf93db27cc0c65,True,,success,2023-01-20,2025-12-03,1050.0,,bad,UNKNOWN
yvwbtc,WBTC yVault,0xa696a63cc78dffa1a63e9e50587c197387ff6c7e,True,12185982.0,success,2023-01-20,2025-12-03,1050.0,,bad,UNKNOWN
yvweth,WETH yVault,0xa258c4606ca8206d8aa700ce2143d7db854d168c,True,,success,2023-01-20,2025-12-03,1050.0,,good,TRUE
yvyfi,YFI yVault,0xdb25ca703181e7484a155dd612b06f57e12be5f0,True,,success,2023-01-20,2025-12-03,1050.0,,bad,UNKNOWN
z,zkCLOB,0x1c13522ca36e5e13c591c0803083d5bb9282fe48,True,23719256.0,success,2025-11-12,2025-12-03,474.0,,good,TRUE
zaddy,Zaddy Coin,0x981293a7928638939d126207f7aca94e2f164806,True,23670671.0,success,2025-10-28,2025-11-15,123.0,,good,TRUE
zai,Zaibot,0x68449870eea84453044bd430822827e21fd8f101,True,19304215.0,success,2024-03-13,2025-12-03,630.0,,good,TRUE
zai,ZAIHO,0x67037abcfefd566aeff31c240168c25d65a0754d,True,18638471.0,success,2023-12-28,2025-12-03,704.0,,good,TRUE
zam,Zam.io,0xd373576a9e738f37dc6882328358ff69c4caf4c6,True,12200442.0,success,2021-11-03,2025-12-03,1493.0,,good,TRUE
zap,Zap,0x6781a0f84c7e9e846dcb84a9a5bd49333067b104,True,4331635.0,success,2018-01-12,2025-12-03,2884.0,,good,TRUE
zapi,Zapicorn,0xc434268603ca8854e0be1a3ff15cad73bd6ec49a,True,18601875.0,success,2023-11-24,2025-12-03,671.0,,good,TRUE
zarp,ZARP Stablecoin,0xb755506531786c8ac63b756bab1ac387bacb0c04,True,,success,2022-09-20,2025-12-03,801.0,,good,TRUE
zazzles,Zazzles,0x44a023a4c32bdd2c89ee87ee76a2332b1a883012,True,20224264.0,success,2024-07-06,2025-11-24,254.0,,good,TRUE
zbt,ZEROBASE,0xfab99fcf605fd8f4593edb70a43ba56542777777,True,23419176.0,success,2025-10-17,2025-12-03,1118.0,,good,TRUE
zbu,Zeebu,0xe77f6acd24185e149e329c1c0f479201b9ec2f4b,True,,success,2023-08-03,2025-12-03,855.0,,good,TRUE
zchf,Frankencoin,0xb58e61c3098d85632df34eecfb899a1ed80921cb,True,18451518.0,success,2024-04-18,2025-12-02,595.0,,good,TRUE
zcn,Zus,0xb9ef770b6a5e12e45983c5d80545258aa38f3b78,True,5706471.0,success,2018-07-19,2025-12-02,2694.0,,good,TRUE
zco,Zebi,0x2008e3057bd734e10ad13c9eae45ff132abc1722,True,5029451.0,success,2018-04-30,2025-12-03,2653.0,,good,TRUE
zcore,Zencore AI,0xc295a421d6cb1752c6c218e98794e4ade68ca8a9,True,23241164.0,success,2025-08-30,2025-11-24,50.0,,good,TRUE
zcx,Unizen,0xc52c326331e9ce41f04484d3b5e5648158028804,True,,success,2021-04-16,2025-12-03,1694.0,,good,TRUE
zedxion,Zedxion,0xbafdabadcf19d0cfbbe0ab9c69cf050d86ff888c,True,16776263.0,success,2021-10-07,2025-12-03,1520.0,,good,TRUE
zee,ZeroSwap,0x2edf094db69d6dcd487f1b3db9febe2eec0dd4c5,True,11029159.0,success,2020-10-19,2025-12-03,1873.0,,good,TRUE
zelix,ZELIX,0x0257ffd7ea2ebba4aaa090c7adbdd032a08c1f74,True,17940567.0,success,2023-10-25,2025-11-26,765.0,,good,TRUE
zen,Zenith,0x3bbbb6a231d0a1a12c6b79ba5bc2ed6358db5160,True,19327369.0,success,2024-03-08,2025-12-03,634.0,,good,TRUE
zeniq,ZENIQ,0x5b52bfb8062ce664d74bbcd4cd6dc7df53fd7233,True,12145213.0,success,2023-03-02,2025-12-03,1008.0,,good,TRUE
zenith,Zenith Chain,0x0343131c0257ac21ea5a8dc83841f071efd9285c,True,13156245.0,success,2021-12-07,2025-11-24,1215.0,,good,TRUE
zent,Zentium Tech,0x2b37127988e4e5e9576b7a533d873c23cfbdb1e9,True,22718008.0,success,2025-07-08,2025-11-28,69.0,,good,TRUE
zent,Zentry,0xdbb7a34bf10169d6d2d0d02a6cbb436cf4381bfa,True,19499513.0,success,2024-04-26,2025-12-03,588.0,,good,TRUE
zent,ZENTU,0x3e985250cb137fc1ff55922116934c5982d29f85,True,19007760.0,success,2024-09-03,2025-12-03,458.0,,good,TRUE
zeon,ZEON Network,0xe5b826ca2ca02f09c1725e9bd98d9a8874c30532,True,6520711.0,success,2018-11-13,2025-11-12,2459.0,,good,TRUE
zerc,zkRace,0xf8428a5a99cb452ea50b6ea70b052daa3df4934f,True,19498473.0,success,2021-08-03,2025-12-02,1584.0,,good,TRUE
zero,0.exchange,0xf0939011a9bb95c3b791f0cb546377ed2693a574,True,11532403.0,success,2021-01-19,2025-12-03,1386.0,,good,TRUE
zeta,ZetaChain,0xf091867ec603a6628ed83d274e835539d82e9cc8,True,13527187.0,success,2024-02-01,2025-12-03,673.0,,good,TRUE
zeum,Colizeum,0x436da116249044e8b4464f0cf21dd93311d88190,True,12646196.0,success,2022-05-04,2025-12-02,1310.0,,good,TRUE
zeus,Pepes Dog,0x0f7dc5d02cc1e1f5ee47854d534d332a1081ccc8,True,22534005.0,success,2025-05-23,2025-12-02,195.0,,good,TRUE
zeus,Zeus,0x4d4574f50dd8b9dbe623cf329dcc78d76935e610,True,22528511.0,success,2025-05-25,2025-12-03,194.0,,good,TRUE
zeus,Zeus AI,0x6ef460eb3563cfcc73f8147b0a77daffee71f867,True,16878161.0,success,2023-03-27,2025-12-03,570.0,,good,TRUE
zeus,Zeus,0x7137e8a3b069c3f787c4ffbb901b91e4ba47d082,True,18145364.0,success,2024-04-08,2025-12-03,599.0,,good,TRUE
zig,ZIGChain,0xb2617246d0c6c0087f18703d576831899ca94f01,True,13796453.0,success,2021-04-15,2025-12-03,1695.0,,good,TRUE
zik,ZIK coin,0xd4419c2d3daa986dc30444fa333a846be44fd1eb,True,19578340.0,success,2024-07-19,2025-12-03,504.0,,good,TRUE
zk,ZKsync,0x66a5cfb2e9c529f14fe6364ad1075df3a649c0a5,True,,success,2024-06-17,2025-12-03,536.0,,good,TRUE
zkai,ZKCrypt AI,0x5959e94661e1203e0c8ef84095a7846bacc6a94f,True,21023271.0,success,2024-11-12,2025-12-01,382.0,,good,TRUE
zkb,ZKBase,0xbbbbbbbb46a1da0f0c3f64522c275baa4c332636,True,18890576.0,success,2021-01-06,2025-11-08,1732.0,,good,TRUE
zkc,Boundless,0x000006c2a22ff4a44ff1f5d0f2ed65f781f55555,True,,success,2025-09-15,2025-12-02,1882.0,,good,TRUE
zkcro,Cronos zkEVM CRO,0x28ff2e4dd1b58efeb0fc138602a28d5ae81e44e2,True,,success,2024-08-28,2025-12-02,462.0,,good,TRUE
zkex,zkExchange,0xec2bc2b25ab6ed8e669e202cd0ee533e24c9a068,True,21581067.0,success,2025-01-17,2025-11-21,263.0,,good,TRUE
zkgpt,ZKGPT,0x733fd1b5aa477d55070546922ba1bd3751c167c7,True,21423370.0,success,2024-12-19,2025-12-03,289.0,,good,TRUE
zkhive,zkHive,0x750c3a0a0ce9984eeb8c5d146dff024b584e5e33,True,19369679.0,success,2024-03-12,2025-12-03,576.0,,good,TRUE
zkj,Polyhedra Network,0xc71b5f631354be6853efe9c3ab6b9590f8302e81,True,19403971.0,success,2024-03-19,2025-12-03,626.0,,good,TRUE
zkl,zkLink,0xfc385a1df85660a7e041423db512f779070fcede,True,,success,2024-07-22,2025-12-03,501.0,,good,TRUE
zkml,zKML,0xe92344b4edf545f3209094b192e46600a19e7c2d,True,19215676.0,success,2024-02-14,2025-12-03,660.0,,good,TRUE
zkp,Panther Protocol,0x909e34d3f6124c324ac83dcca84b74398a6fa173,True,13679933.0,success,2022-02-01,2025-12-02,1402.0,,good,TRUE
zlw,Zelwin,0x5319e86f0e41a06e49eb37046b8c11d78bcad68c,True,8881637.0,success,2020-06-01,2025-12-03,2013.0,,good,TRUE
znd,ZND Token,0x2d8ea194902bc55431420bd26be92b0782dce91d,True,20993307.0,success,2024-10-30,2025-12-03,401.0,,good,TRUE
znk,Zenk AI,0xeeea5086ae38df6c1f46f6f56011501d373731ab,True,22875670.0,success,2025-07-10,2025-11-18,79.0,,good,TRUE
znn,Zenon,0xb2e96a63479c2edd2fd62b382c89d5ca79f572d3,True,17236904.0,success,2023-06-14,2025-12-03,888.0,,good,TRUE
znx,ZENEX,0x9471d30d78a3c9f076ce206d14867a8d8be1efde,True,16644360.0,success,2023-03-30,2025-12-03,830.0,,good,TRUE
zod,Zodor,0x8258df28cbaa51199c0a8b7e1de1d669e4be9fc1,True,,success,2025-05-16,2025-11-26,164.0,,good,TRUE
zodia,ZODIA,0xe1270268fa6fcef965958bf2f24e09d70deed06f,True,23197371.0,success,2025-08-24,2025-11-23,44.0,,good,TRUE
zon,Zon Token,0x25d29fa7cf5cd5a11102b793f1a0149546e026e4,True,19565735.0,success,2025-07-16,2025-10-28,106.0,,good,TRUE
zoomer,Zoomer,0x0d505c03d30e65f6e9b4ef88855a47a89e4b7676,True,17594376.0,success,2023-07-05,2025-12-03,880.0,,good,TRUE
zoot,Zoo,0x1341a2257fa7b770420ef70616f888056f90926c,True,12437078.0,success,2021-05-19,2025-12-03,1621.0,,good,TRUE
zrc,Zircuit,0xfd418e42783382e86ae91e445406600ba144d162,True,20450219.0,success,2024-11-25,2025-12-03,375.0,,good,TRUE
zro,LayerZero,0x6985884c4392d348587b19cb9eaaf157f13271cd,True,19678360.0,success,2024-06-20,2025-12-02,532.0,,good,TRUE
zrx,0x Protocol,0xe41d2489571d322189246dafa5ebde1f4699f498,True,4145415.0,success,2017-10-17,2025-12-02,2970.0,,good,TRUE
zsc,Zeusshield,0x7a41e0517a5eca4fdbc7fbeba4d4c47b9ff6dc63,True,3999076.0,success,2017-12-27,2025-12-03,2900.0,,good,TRUE
zulu,Zulu Network,0x7b67d8b4da0b17a9b98eddc21230b60c8ede69a4,True,20713654.0,success,2024-11-12,2025-12-03,388.0,,good,TRUE
zum,ZUM,0xe0b9bcd54bf8a730ea5d3f1ffce0885e911a502c,True,8342825.0,success,2019-10-17,2025-12-03,1913.0,,good,TRUE
zuzalu,Zuzalu Inu,0xd1f17b7a6bff962659ed608bcd6d318bb5fbb249,True,16912052.0,success,2024-01-16,2025-12-03,676.0,,good,TRUE
zyn,ZynCoin,0x58cb30368ceb2d194740b144eab4c2da8a917dcb,True,18665578.0,success,2024-03-06,2025-12-03,639.0,,good,TRUE
zypto,Zypto Token,0x7a65cb87f596caf31a4932f074c59c0592be77d7,True,19264697.0,success,2021-10-16,2025-12-02,1510.0,,good,TRUE
ǝԁǝԁ,Pepe Inverted,0x69d29f1b0cc37d8d3b61583c99ad0ab926142069,True,18156195.0,success,2023-09-26,2025-12-02,731.0,,good,TRUE
صباح الفر,Strawberry Elephant,0xd22a61e8503bea5842e5e0126ca9ffc4dd492084,True,18143578.0,success,2023-09-20,2025-12-02,434.0,,good,TRUE
₿o₿,Bitcoin Bob,0xf86506384453d4875f7cfb31290b9b60daeb810a,True,22818719.0,success,2025-07-05,2025-11-29,140.0,,good,TRUE
∑,∑,0xb772c8745c46c8868610dcecdcefc803cfdf28f5,True,22892854.0,success,2025-07-11,2025-11-27,127.0,,good,TRUE
⌘,NANI,0x00000000000007c8612ba63df8ddefd9e6077c97,True,20855064.0,success,2025-01-12,2025-12-02,287.0,,good,TRUE
小白,小白,0x642ee4b1f054da33bc6003ad0278f9a27478caf5,True,23275107.0,success,2025-09-04,2025-11-20,994.0,,good,TRUE
datai,Datai,0x8e21856edada501a9cd5cb8b92ac632908c90c2f,True,22840195.0,not_enough_data,2025-07-05,2025-07-08,5.0,price history has fewer than 15 days of data,unchecked,UNKNOWN
stcusd,Staked Cap USD,0x88887be419578051ff9f4eb6c858a951921d8888,True,,not_enough_data,2025-10-15,2025-10-15,10.0,price history has fewer than 15 days of data,unchecked,UNKNOWN
stkaave,Staked Aave,0x4da27a545c0c5b758a6ba100e3a049001de870f5,True,,not_enough_data,2025-12-02,2025-12-03,12.0,price history has fewer than 15 days of data,unchecked,UNKNOWN
yvcomp,COMP yVault,0x4a3fe75762017db0ed73a71c9a06db7768db5e66,True,,not_enough_data,2023-01-20,2023-01-21,3.0,price history has fewer than 15 days of data,unchecked,UNKNOWN
$iceraids,ICE Raids,0xaae45d365b76a6af2785b298b19be2d9b961fd8c,False,,failure,,,,no matching price status row,unchecked,UNKNOWN
00,00 Token,0x881ba05de1e78f549cc63a8f6cabb1d4ad32250d,False,,failure,,,,no matching price status row,unchecked,UNKNOWN
ara,Ara,0xa92e7c82b11d10716ab534051b271d2f6aef7df5,False,,failure,,,,no matching price status row,unchecked,UNKNOWN
bag,Bagholder,0x70881d5c8a5950ceedf1f1b4b5d4105718642548,False,,failure,,,,no matching price status row,unchecked,UNKNOWN
bcdn,BlockCDN,0x1e797ce986c3cff4472f7d38d5c4aba55dfefe40,False,,failure,,,,no matching price status row,unchecked,UNKNOWN
btcpx,BTC Proxy,0x9c32185b81766a051e08de671207b34466dd1021,False,,failure,,,,no matching price status row,unchecked,UNKNOWN
buidl,BlackRock USD Institutional Digital Liquidity Fund,0x7712c34205737192402172409a8f7ccef8aa2aec,False,,failure,,,,no matching price status row,unchecked,UNKNOWN
deploy,Deployyyyer,0x3914bdb4130306f80f5d8ee099c180442d19680d,False,,failure,,,,no matching price status row,unchecked,UNKNOWN
dgnx,DegenX (Ethereum),0x0000000000300dd8b0230efcfef136ecdf6abcde,False,,failure,,,,no matching price status row,unchecked,UNKNOWN
dog,Own The Doge,0xbaac2b4491727d78d2b78815144570b9f2fe8899,False,,failure,,,,no matching price status row,unchecked,UNKNOWN
dpet,My DeFi Pet,0xfb62ae373aca027177d1c18ee0862817f9080d08,False,,failure,,,,no matching price status row,unchecked,UNKNOWN
dzhv,DizzyHavoc,0x3419875b4d3bca7f3fdda2db7a476a79fd31b4fe,False,,failure,,,,no matching price status row,unchecked,UNKNOWN
eland,Etherland,0x33e07f5055173cf8febede8b21b12d1e2b523205,False,,failure,,,,no matching price status row,unchecked,UNKNOWN
fdit,Fidelity Digital Interest Token,0x48ab4e39ac59f4e88974804b04a991b3a402717f,False,,failure,,,,no matching price status row,unchecked,UNKNOWN
free,FreeRossDAO,0x4cd0c43b0d53bc318cc5342b77eb6f124e47f526,False,,failure,,,,no matching price status row,unchecked,UNKNOWN
gnus,GENIUS AI,0x614577036f0a024dbc1c88ba616b394dd65d105a,False,,failure,,,,no matching price status row,unchecked,UNKNOWN
harambe,Harambe,0xade6fdaba1643e4d1eef68da7170f234470938c6,False,,failure,,,,no matching price status row,unchecked,UNKNOWN
hlg,Holograph,0x740df024ce73f589acd5e8756b377ef8c6558bab,False,,failure,,,,no matching price status row,unchecked,UNKNOWN
hokk,HOKK Finance,0xe87e15b9c7d989474cb6d8c56b3db4efad5b21e8,False,,failure,,,,no matching price status row,unchecked,UNKNOWN
hoodie,CryptoPunk #7171,0xdffa3a7f5b40789c7a437dbe7b31b47f9b08fe75,False,,failure,,,,no matching price status row,unchecked,UNKNOWN
idle,Idle Network,0x8102c01df1b3f917a159047315fb901b18ce3bd9,False,,failure,,,,no matching price status row,unchecked,UNKNOWN
magic,Treasure,0xb0c7a3ba49c7a6eaba6cd4a96c55a1391070ac9a,False,,failure,,,,no matching price status row,unchecked,UNKNOWN
mith,Mithril,0x3893b9422cd5d70a81edeffe3d5a1c6a978310bb,False,,failure,,,,no matching price status row,unchecked,UNKNOWN
mvt,MOTHER VEGETABLE Token,0x33a4bcb4e941dd13439a8f4f723580927c6d9800,False,,failure,,,,no matching price status row,unchecked,UNKNOWN
nfd,Feisty Doge NFT,0xdfdb7f72c1f195c5951a234e8db9806eb0635346,False,,failure,,,,no matching price status row,unchecked,UNKNOWN
nrg,Energi,0x1416946162b1c2c871a73b07e932d2fb6c932069,False,,failure,,,,no matching price status row,unchecked,UNKNOWN
odoge,Ordinal Doge,0x68b429161ec09a6c1d65ba70727ab1faa5bc4026,False,,failure,,,,no matching price status row,unchecked,UNKNOWN
of,OceanFund,0xde7e34ad87bfc5d5906f334661110eb438af718b,False,,failure,,,,no matching price status row,unchecked,UNKNOWN
punketh-20,MetaStreet V2 mwstETH-WPUNKS:20,0xc975342a95ccb75378ddc646b8620fa3cd5bc051,False,,failure,,,,no matching price status row,unchecked,UNKNOWN
source,ReSource Protocol,0x7118057ff0f4fd0994fb9d2d94de8231d5cca79e,False,,failure,,,,no matching price status row,unchecked,UNKNOWN
umint,UBS USD Money Market Investment Fund Token,0x3797c46db697c24a983222c335f17ba28e8c5b69,False,,failure,,,,no matching price status row,unchecked,UNKNOWN
wflow,Wrapped Flow,0x5c147e74d63b1d31aa3fd78eb229b65161983b2b,False,,failure,,,,no matching price status row,unchecked,UNKNOWN
wxrp,Wrapped XRP,0x39fbbabf11738317a448031930706cd3e612e1b9,False,,failure,,,,no matching price status row,unchecked,UNKNOWN
yv1inch,1INCH yVault,0xb8c3b7a2a618c552c23b1e4701109a9e756bab67,False,,failure,,,,no matching price status row,unchecked,UNKNOWN
zaro,ZARO Coin,0xc311fd6da9686507f33991543d8158ef5fadd5e7,False,,failure,,,,no matching price status row,unchecked,UNKNOWN
$bored,Bored Token,0x2047ab3072b52561596ce5e0131bdbb7c848538d,True,16158693.0,not_available,,,,price not yet available,unchecked,UNKNOWN
$cino,Cinogames,0x9b0b23b35ad8136e6181f22b346134ce5f426090,True,16673827.0,not_available,,,,price not yet available,unchecked,UNKNOWN
21avax,21.co Wrapped AVAX,0x399508a43d7e2b4451cd344633108b4d84b33b03,True,,not_available,,,,price not yet available,unchecked,UNKNOWN
21bch,21.co Wrapped BCH,0xff4927e04c6a01868284f5c3fb9cba7f7ca4aec0,True,,not_available,,,,price not yet available,unchecked,UNKNOWN
21bnb,21.co Wrapped BNB,0x1be9d03bfc211d83cff3abdb94a75f9db46e1334,True,,not_available,,,,price not yet available,unchecked,UNKNOWN
21sol,21.co Wrapped SOL,0xb80a1d87654bef7ad8eb6bbda3d2309e31d4e598,True,,not_available,,,,price not yet available,unchecked,UNKNOWN
abe,Aboard,0xb0ed164f6e3c6a4153eeb43bf9674955a259ec45,True,19929909.0,not_available,,,,price not yet available,unchecked,UNKNOWN
achf,Anchored Coins ACHF,0x653aab62056b92641116d63927de6141d780e596,True,,not_available,,,,price not yet available,unchecked,UNKNOWN
acu,Acurast,0x216b3643ff8b7bb30d8a48e9f1bd550126202add,True,23075642.0,not_available,,,,price not yet available,unchecked,UNKNOWN
adbe.d,Dinari ADBE,0x5d7bb43885988eb8bfb9d854077e7ccfd6bf8c50,True,,not_available,,,,price not yet available,unchecked,UNKNOWN
adbex,Adobe xStock,0x16e0b579be45baae54ceddd52e742b6457a7fe12,True,,not_available,,,,price not yet available,unchecked,UNKNOWN
agg,AmpliFi DAO,0x492798fb464e77cb3cda62b9a2c3c65162db198e,True,15639511.0,not_available,,,,price not yet available,unchecked,UNKNOWN
aib,$AIBOT IYI,0x78f5823bbea7bbce98091e60beeef8df31cc9f54,True,23459360.0,not_available,,,,price not yet available,unchecked,UNKNOWN
aio,All In One Wallet,0xb2f79d891f11bc8e9805db135defc04ead8d780e,True,18636310.0,not_available,,,,price not yet available,unchecked,UNKNOWN
align,Aligned,0x50614cc8e44f7814549c223aa31db9296e58057c,True,,not_available,,,,price not yet available,unchecked,UNKNOWN
amdx,AMD xStock,0x3522513e5f146a2006e2901b05f16b2821485e19,True,,not_available,,,,price not yet available,unchecked,UNKNOWN
arc,Archly Finance,0x9482c407d32204462d8cbbc0755e96c39b79878e,True,19651427.0,not_available,,,,price not yet available,unchecked,UNKNOWN
arkb.d,Dinari ARKB,0xa64c9f707bbb4cbc4e22f596a53d85b3ab7000f8,True,,not_available,,,,price not yet available,unchecked,UNKNOWN
arkx.d,Dinari ARKX,0xf0d7ee633636bae1d502a96f1130b00deaf06dc4,True,,not_available,,,,price not yet available,unchecked,UNKNOWN
asdcrv,Aladdin sdCRV,0x43e54c2e7b3e294de3a155785f52ab49d87b9922,True,,not_available,,,,price not yet available,unchecked,UNKNOWN
aset,AssetLink,0x0e6641e62baa87d77e01ab1c7e9d2f323f26942b,True,18105677.0,not_available,,,,price not yet available,unchecked,UNKNOWN
asmlx,ASML xStock,0xc0b417e7f83db438631eb5e096684dd742e5294f,True,,not_available,,,,price not yet available,unchecked,UNKNOWN
astsx,AST SpaceMobile xStock,0x89b2607878ae19bab8020b8140ed550ef3e953bb,True,,not_available,,,,price not yet available,unchecked,UNKNOWN
au,Auryn,0x58d7fa7356d68c494c2de09f95d55c2ff2d38bd3,True,23743531.0,not_available,,,,price not yet available,unchecked,UNKNOWN
ausdc,Alpha USDC Vault,0xd50b9bbf136d1bd5cd5ac6ed9b3f26c458a6d4a6,True,21879735.0,not_available,,,,price not yet available,unchecked,UNKNOWN
avgo.d,Dinari AVGO,0x53aff1d59ea64f7f836670e33e99a0443f0ef25c,True,,not_available,,,,price not yet available,unchecked,UNKNOWN
aweth,Alpha WETH Vault,0x47fe8ab9ee47dd65c24df52324181790b9f47efc,True,21872647.0,not_available,,,,price not yet available,unchecked,UNKNOWN
axpx,American Express xStock,0xb23767492d0ca6dc7221cbea45689a0410f388c4,True,,not_available,,,,price not yet available,unchecked,UNKNOWN
azchf,Alpha ZCHF Vault,0xfa7ed49eb24a6117d8a3168eee69d26b45c40c63,True,21985216.0,not_available,,,,price not yet available,unchecked,UNKNOWN
azn.d,Dinari AZN,0x103d7c5c657cb92f4acec796da416d52a6a86bf6,True,,not_available,,,,price not yet available,unchecked,UNKNOWN
ba.d,Dinari BA,0x67637766495858fd3c0a0e65a1feb91f78479753,True,,not_available,,,,price not yet available,unchecked,UNKNOWN
bac.d,Dinari BAC,0x6c1aa3dd4195522ffd963215a13416324eaf9216,True,,not_available,,,,price not yet available,unchecked,UNKNOWN
bbc,Big Bonus Coin [ETH],0x015628ce9150db1bce2fbb717a09e846f8a32436,True,18437754.0,not_available,,,,price not yet available,unchecked,UNKNOWN
bdt,BitDelta,0xcac1277aa6ecb68b84fad070910d37029e810b79,True,18675901.0,not_available,,,,price not yet available,unchecked,UNKNOWN
bernx,Backed ERNX € Bond,0x3f95aa88ddbb7d9d484aa3d482bf0a80009c52c9,True,,not_available,,,,price not yet available,unchecked,UNKNOWN
bfbtc,BitFi Bitcoin,0xcdfb58c8c859cb3f62ebe9cf2767f9e036c7fb15,True,,not_available,,,,price not yet available,unchecked,UNKNOWN
bfx,BlockchainFX,0x87ad29bc7a161d7ca644eb1db221d962e2d383d2,True,22195305.0,not_available,,,,price not yet available,unchecked,UNKNOWN
bitb.d,Dinari BITB,0xc4a217a8b2cdf85eb8206391ae3723d72b3a4e04,True,,not_available,,,,price not yet available,unchecked,UNKNOWN
bkngx,Booking xStock,0xa8a25db6cf17fa097f1dbbc9c841892456898ff3,True,,not_available,,,,price not yet available,unchecked,UNKNOWN
blkx,BlackRock xStock,0x5a6a0742ca689e7e8a91a38f5255589cb2191646,True,,not_available,,,,price not yet available,unchecked,UNKNOWN
blshx,Bullish xStock,0x38de7b9fc733def81525e65c1bf99722026489e2,True,,not_available,,,,price not yet available,unchecked,UNKNOWN
bmnrx,Bitmine xStock,0xaeb681b69e5094e04d11bcef51a71358a374c3ed,True,,not_available,,,,price not yet available,unchecked,UNKNOWN
boxx.d,Dinari BOXX,0x088828f0a8e2dc8511e957230f4681371451fa1d,True,,not_available,,,,price not yet available,unchecked,UNKNOWN
brrr.d,Dinari BRRR,0xf12a38e6e51913ea04d70dba97d7420a13fd7941,True,,not_available,,,,price not yet available,unchecked,UNKNOWN
brx,Bricks,0x5ce6f2c0e2a1b4540894f286254bf13b1110d240,True,17528755.0,not_available,,,,price not yet available,unchecked,UNKNOWN
btbtx,Bit Digital xStock,0x22e1991e5f82736a2a990322a46aac0e95826c5b,True,,not_available,,,,price not yet available,unchecked,UNKNOWN
btco.d,Dinari BTCO,0x0c7ec64a7b3416bc3578e02d4b1e5763da756183,True,,not_available,,,,price not yet available,unchecked,UNKNOWN
btcw.d,Dinari BTCW,0x18c278edc2ed4ed9d23a8a73a3a6ed014094b784,True,,not_available,,,,price not yet available,unchecked,UNKNOWN
bvr,Basketballverse,0x96cc63eef1f63cde9acd69061bfb7606887f26d8,True,14449179.0,not_available,,,,price not yet available,unchecked,UNKNOWN
cad,Caduceus Protocol,0x4349929808e515936a68903f6085f5e2b143ff3d,True,19030512.0,not_available,,,,price not yet available,unchecked,UNKNOWN
candy,ZKcandy,0xc92fe380bf07fedc239a4b53639a6479fde8d30b,True,23329668.0,not_available,,,,price not yet available,unchecked,UNKNOWN
cat.d,Dinari CAT,0x4cfba646ca9c05ad653fea94d485d15cfc449b2d,True,,not_available,,,,price not yet available,unchecked,UNKNOWN
ccl.d,Dinari CCL,0x09de9c8fbe90271e8886b55d66e3b37130e3a3da,True,,not_available,,,,price not yet available,unchecked,UNKNOWN
cdeti,Index Coop CoinDesk ETH Trend Index,0x55b2cfcfe99110c773f00b023560dd9ef6c8a13b,True,18337228.0,not_available,,,,price not yet available,unchecked,UNKNOWN
clone,Confidential Layer,0xc9faeba86e8567477783b8432945f131d84e3fda,True,22967901.0,not_available,,,,price not yet available,unchecked,UNKNOWN
clskx,CleanSpark xStock,0xd0194f0f077968da8ca59811e9407f54ae6c9432,True,,not_available,,,,price not yet available,unchecked,UNKNOWN
coin.d,Dinari COIN,0xd71b200bf061509b85df50cc0d8cdee8818a4577,True,,not_available,,,,price not yet available,unchecked,UNKNOWN
corzx,Core Scientific xStock,0x51ed5b74a05f256dbd9ebb4e4f68bb41ba10160b,True,,not_available,,,,price not yet available,unchecked,UNKNOWN
cost.d,Dinari COST,0xe5ad37798daa0231279859d4699cf8f466e8b020,True,,not_available,,,,price not yet available,unchecked,UNKNOWN
costx,Costco xStock,0x4720b5e6421e6879132aed52040d56bb6e5cfeef,True,,not_available,,,,price not yet available,unchecked,UNKNOWN
cove,Cove DAO,0x32fb7d6e0cbeb9433772689aa4647828cc7cbba8,True,19594522.0,not_available,,,,price not yet available,unchecked,UNKNOWN
coveusd,Cove USD,0xeea3edc017877c603e2f332fc1828a46432cdf96,True,,not_available,,,,price not yet available,unchecked,UNKNOWN
cret,CREAT'OR,0x6d0bb9b6ce385e28ea4ebb7d76dcb3a1aaf7bc4b,True,,not_available,,,,price not yet available,unchecked,UNKNOWN
csco.d,Dinari CSCO,0x0a27c31f087cd3d30cdad339731bede4194531a4,True,,not_available,,,,price not yet available,unchecked,UNKNOWN
cvpad,CV Pad,0x259b0f9494b3f02c652fa11417b94cb700f1f7d8,True,19439801.0,not_available,,,,price not yet available,unchecked,UNKNOWN
cvx.d,Dinari CVX,0xc49da7892155ccc603f0b88eaedaa3b57910096f,True,,not_available,,,,price not yet available,unchecked,UNKNOWN
dal.d,Dinari DAL,0xf373c3d96996ede40ea161f6929fd457cda8111c,True,,not_available,,,,price not yet available,unchecked,UNKNOWN
dco,DCOMY,0x2a304fda5a85182dca1d03741bb2f07881b9e095,True,15943730.0,not_available,,,,price not yet available,unchecked,UNKNOWN
defi.d,Dinari DEFI,0x81b11d330d9af45599be0580b9bcba7f4e57bd35,True,,not_available,,,,price not yet available,unchecked,UNKNOWN
dench,DENCHCOIN,0x4b7265d153886a7dc717e815862acde6ff7b5bc8,True,9561253.0,not_available,,,,price not yet available,unchecked,UNKNOWN
dgcs,Aktionariat Green Consensus AG Tokenized Shares,0x4e1a609ec87cf6477613f515f6eb64ef2d31089a,True,12113495.0,not_available,,,,price not yet available,unchecked,UNKNOWN
diva,Diva Staking,0xbfabde619ed5c4311811cf422562709710db587d,True,17572623.0,not_available,,,,price not yet available,unchecked,UNKNOWN
duolx,Duolingo xStock,0x03d44b9bb0398e2be3c89417d51e615c3d461f5a,True,,not_available,,,,price not yet available,unchecked,UNKNOWN
dvsteth,Decentralized Validator Token,0x5e362eb2c0706bd1d134689ec75176018385430b,True,,not_available,,,,price not yet available,unchecked,UNKNOWN
ebayx,eBay xStock,0x4c7610990cb63cdca174ce61822f7693b49fce93,True,,not_available,,,,price not yet available,unchecked,UNKNOWN
eem.d,Dinari EEM,0xf0e9e98ef4b78ddfbbfafba519345d877eb7a81e,True,,not_available,,,,price not yet available,unchecked,UNKNOWN
enoch,Enoch,0x4db57d585fa82ca32d25086ddc069d899f08d455,True,17179407.0,not_available,,,,price not yet available,unchecked,UNKNOWN
envi,Envi Coin,0xc8020985a6b30773d866cbef65a7a11f96773413,True,12558747.0,not_available,,,,price not yet available,unchecked,UNKNOWN
ero.d,Dinari ERO,0xcf5905de7d83dce7cd109485c42723bb76eba5a6,True,,not_available,,,,price not yet available,unchecked,UNKNOWN
eslbr,Escrowed LBR,0x571042b7138ee957a96a6820fce79c48fe2da816,True,17084857.0,not_available,,,,price not yet available,unchecked,UNKNOWN
ethe.d,Dinari ETHE,0x4e4016eb5014468f3dba5883c70f9997026ea11e,True,,not_available,,,,price not yet available,unchecked,UNKNOWN
eths,ETH Stable,0xa9ad6830180f9c150349f2cecadd710586e35cb7,True,,not_available,,,,price not yet available,unchecked,UNKNOWN
etrx,Etheria Token,0xa3c48ef518cab21e5772392d5405de5d73b35190,True,23349327.0,not_available,,,,price not yet available,unchecked,UNKNOWN
expex,Expedia xStock,0xd1be5ba0c293997c7f69da707d14eb4abcb13ddd,True,,not_available,,,,price not yet available,unchecked,UNKNOWN
eye,Eyeverse,0x92d529163c5e880b9de86f01de0cb8924d790357,True,16305484.0,not_available,,,,price not yet available,unchecked,UNKNOWN
ezbc.d,Dinari EZBC,0xc4c6213024d9adc5132707942905918df7fbbbe8,True,,not_available,,,,price not yet available,unchecked,UNKNOWN
ezbtc,Renzo Restaked WBTC,0xedd5c6f4526ea6fdea31e56d206e94e966257b70,True,,not_available,,,,price not yet available,unchecked,UNKNOWN
f.d,Dinari F,0x9ba08fa0428db35dde85d6c515184642c6301199,True,,not_available,,,,price not yet available,unchecked,UNKNOWN
fbtc.d,Dinari FBTC,0x33e5b290badbd8ba868b51a72ab6062601f9e9b2,True,,not_available,,,,price not yet available,unchecked,UNKNOWN
fdai,Fluid DAI,0x244517dc59943e8cdfbd424bdb3262c5f04a1387,True,,not_available,,,,price not yet available,unchecked,UNKNOWN
fdai,Flux DAI,0xe2ba8693ce7474900a045757fe0efca900f6530b,True,,not_available,,,,price not yet available,unchecked,UNKNOWN
ffrax,Flux FRAX,0x1c9a2d6b33b4826757273d47ebee0e2dddcd978b,True,,not_available,,,,price not yet available,unchecked,UNKNOWN
figx,Figma xStock,0x3c313d234d0c6c876f6c21ba2ec1f26823247be2,True,,not_available,,,,price not yet available,unchecked,UNKNOWN
frnt,Frontier Stable Token,0x5e817f2abccb9095585d26c2a3ce234a440574fc,True,,not_available,,,,price not yet available,unchecked,UNKNOWN
fsx,FUTURESYNCX,0x05df9c31db36c7a0da33e7be1fdbc652d35b6922,True,22194491.0,not_available,,,,price not yet available,unchecked,UNKNOWN
ftusd,Fluid TUSD,0x0b319db00d07c8fadfaaef13c910141a5da0aa8f,True,,not_available,,,,price not yet available,unchecked,UNKNOWN
fufux,BitFuFu xStock,0x3ae27479e6e52f6ddb6ea8aa567e6cc92c78d93a,True,,not_available,,,,price not yet available,unchecked,UNKNOWN
gbtc.d,Dinari GBTC,0xd0f48caf8fdb1e7b1fb8b08b914e0b44ed0aade0,True,,not_available,,,,price not yet available,unchecked,UNKNOWN
gld.d,Dinari GLD,0x43c72ea1736072f42f785e704e5244cc5b9a6779,True,,not_available,,,,price not yet available,unchecked,UNKNOWN
gltm,Golteum,0x556d4f40982cb95e0714989e0c229c42be8b1499,True,16182630.0,not_available,,,,price not yet available,unchecked,UNKNOWN
glxyx,Galaxy Digital xStock,0xf7f4fac56f012de7dd6adff54c761986b9e0655a,True,,not_available,,,,price not yet available,unchecked,UNKNOWN
gme.d,Dinari GME,0x7fb5da212239593f4bf544fbe2ec70ce91f0afdb,True,,not_available,,,,price not yet available,unchecked,UNKNOWN
goofy,Goofy Inu,0x4752613b11dfc4e735c4853692c43542e87f0cc2,True,,not_available,,,,price not yet available,unchecked,UNKNOWN
handz,Handz of Gods,0x9baa12a9e3b9dc355f162082762f95626367d087,True,17976596.0,not_available,,,,price not yet available,unchecked,UNKNOWN
hedgehog,Hedgehog,0x6d4ca1177087924edfe0908ef655169ea766fdc3,True,15635187.0,not_available,,,,price not yet available,unchecked,UNKNOWN
hixokdkekjcjdksicndnaiaihsbznnxnxnduje,DEV SMASHED HIS KEYBOARD,0x2105465ab589b74747b01afdaf606d058fb082be,True,18444564.0,not_available,,,,price not yet available,unchecked,UNKNOWN
hodl.d,Dinari HODL,0xaedc5e1e05c2fb8840f6d6df4e8f63e983c32bd5,True,,not_available,,,,price not yet available,unchecked,UNKNOWN
hood.d,Dinari HOOD,0xcc195aa6859fbbe792b9e0b18c74c00a0e90c1f8,True,,not_available,,,,price not yet available,unchecked,UNKNOWN
hsdtx,Helius Medical Technologies xStock,0xd457b379801433ea5c3a8542b61902023ae39dcd,True,,not_available,,,,price not yet available,unchecked,UNKNOWN
hut.d,Dinari HUT,0x47db0ac0d6ad7765007f983184b12ae137f8ccac,True,,not_available,,,,price not yet available,unchecked,UNKNOWN
hutx,Hut 8 xStock,0x560deb3d70ac90064ff809349cdf9a771a06fd36,True,,not_available,,,,price not yet available,unchecked,UNKNOWN
hymb.d,Dinari HYMB,0x88cee7bf66435f6fdbb681a6a522f26598fe39a2,True,,not_available,,,,price not yet available,unchecked,UNKNOWN
iau.d,Dinari IAU,0x4be7aeda82870609cd934babc3a11b886b8cdb02,True,,not_available,,,,price not yet available,unchecked,UNKNOWN
ibit.d,Dinari IBIT,0x3c4024408efac2dbf7ed453c95d9d97889e4846a,True,,not_available,,,,price not yet available,unchecked,UNKNOWN
ijrx,S&P Small Cap xStock,0xaa28cb97d7f7e172f54dee950743886d2d65447d,True,,not_available,,,,price not yet available,unchecked,UNKNOWN
ineigen,Inception Restaked EIGEN,0xf21014b114bb976f890e15c19900ce9be5fb1e12,True,,not_available,,,,price not yet available,unchecked,UNKNOWN
inlseth,Inception lsETH,0x94b888e11a9e960a9c3b3528eb6ac807b27ca62e,True,,not_available,,,,price not yet available,unchecked,UNKNOWN
inmeth,Inception mETH,0xecf3672a6d2147e2a77f07069fb48d8cf6f6fbf9,True,,not_available,,,,price not yet available,unchecked,UNKNOWN
inoseth,Inception osETH,0xfd07fd5ebea6f24888a397997e262179bf494336,True,,not_available,,,,price not yet available,unchecked,UNKNOWN
insfrax,Inception Restaked sFRAX,0x50253dc4a01c6408fab9646e804fcbfdb74e3e4c,True,,not_available,,,,price not yet available,unchecked,UNKNOWN
inslisbnb,Inception Restaked slisBNB,0x74d1984a64f447371be4019920180b52a33adadd,True,,not_available,,,,price not yet available,unchecked,UNKNOWN
int,InteNet,0x5019fe1867d8ccfd76d8d5abd85db5efce548fba,True,,not_available,,,,price not yet available,unchecked,UNKNOWN
intbtc,Inception Restaked tBTC,0x1aee5ec60fc79b669f11fe368fde789e267649e2,True,,not_available,,,,price not yet available,unchecked,UNKNOWN
ita.d,Dinari ITA,0x993d9ca16686746fef44e320e7f091578710cd18,True,,not_available,,,,price not yet available,unchecked,UNKNOWN
iwmx,Russell 2000 xStock,0xdadfb355c6110eda0908740d52c834d6c2bcddc7,True,,not_available,,,,price not yet available,unchecked,UNKNOWN
jack,Blackjack.fun,0xf434908dcf8206691bb99cae9232d4833ec257d4,True,,not_available,,,,price not yet available,unchecked,UNKNOWN
jart,JournArt [OLD],0xf3e07812ebc8604fddb0aa35ff79a03f48f48948,True,16534861.0,not_available,,,,price not yet available,unchecked,UNKNOWN
jnj.d,Dinari JNJ,0x97e4db79d2924f1c5ce2a821e7d5b111f9925e70,True,,not_available,,,,price not yet available,unchecked,UNKNOWN
jpm.d,Dinari JPM,0x4026f916beda6ca2b347c44517a83f5efab3f569,True,,not_available,,,,price not yet available,unchecked,UNKNOWN
kbt,KoinBay Token,0x41b13e815308485f7f1af5afcc64a01519085609,True,18832377.0,not_available,,,,price not yet available,unchecked,UNKNOWN
keep,Keep Finance,0xbf40440703a3f7092b2e73c2f7868727275dbbda,True,18761562.0,not_available,,,,price not yet available,unchecked,UNKNOWN
keth,Stakehouse kETH,0xe0c28a5a2da3920946e8bf821f61f7bea311048b,True,,not_available,,,,price not yet available,unchecked,UNKNOWN
ko.d,Dinari KO,0x05fed61f7a3eca96dc7f9a41b38fa7c5f0e62158,True,,not_available,,,,price not yet available,unchecked,UNKNOWN
kpk,kpk,0xbf3f63d8ac133b16d7d50c015036b33219dd8d23,True,,not_available,,,,price not yet available,unchecked,UNKNOWN
lbt,Lyfebloc,0x5ac83bfbfcebb3397a40fd259dbe7a4be04237d3,True,,not_available,,,,price not yet available,unchecked,UNKNOWN
lcai,Lightchain AI,0x9ca8530ca349c966fe9ef903df17a75b8a778927,True,21264025.0,not_available,,,,price not yet available,unchecked,UNKNOWN
lgas,Laser Gas,0xd9b9f72d6f5cdec754243d7d3cefd5b4370af094,True,20440481.0,not_available,,,,price not yet available,unchecked,UNKNOWN
liusd,infiniFi Locked iUSD (4week),0x66bcf6151d5558afb47c38b20663589843156078,True,22540416.0,not_available,,,,price not yet available,unchecked,UNKNOWN
liusd,infiniFi Locked iUSD (8week),0xf68b95b7e851170c0e5123a3249dd1ca46215085,True,22540416.0,not_available,,,,price not yet available,unchecked,UNKNOWN
lnex,Lunex Network,0x6d3c9269bd1bc9426798a752ecebbd749e5edaa8,True,20778309.0,not_available,,,,price not yet available,unchecked,UNKNOWN
lsdai,Liquid Savings DAI,0xe1a70b24e109f7a8b39806c554e123efc6769e91,True,17841474.0,not_available,,,,price not yet available,unchecked,UNKNOWN
lulux,lululemon xStock,0x847deb9c78fb00319bc7a006dff729c11428e537,True,,not_available,,,,price not yet available,unchecked,UNKNOWN
m,M by M0,0x866a2bf4e572cbcf37d5071a7a58503bfb36be1b,True,19818438.0,not_available,,,,price not yet available,unchecked,UNKNOWN
macrv,Morpho-Aave Curve DAO Token,0x9dc7094530cb1bcf5442c3b9389ee386738a190c,True,,not_available,,,,price not yet available,unchecked,UNKNOWN
madai,Morpho-Aave Dai Stablecoin,0x36f8d0d0573ae92326827c4a82fe4ce4c244cab6,True,,not_available,,,,price not yet available,unchecked,UNKNOWN
mankreth,Eigenpie ankrETH,0x5a4a503f4745c06a07e29d9a9dd88ab52f7a505b,True,,not_available,,,,price not yet available,unchecked,UNKNOWN
marax,MARA xStock,0x9d692bffef6f6bedf4274053ff9998efe3b2539e,True,,not_available,,,,price not yet available,unchecked,UNKNOWN
mausdc,Morpho-Aave USD Coin,0xa5269a8e31b93ff27b887b56720a25f844db0529,True,,not_available,,,,price not yet available,unchecked,UNKNOWN
mausdt,Morpho-Aave Tether USD,0xafe7131a57e44f832cb2de78ade38cad644aac2f,True,,not_available,,,,price not yet available,unchecked,UNKNOWN
mc.eusdc,MEV Capital Elixir USDC,0x1265a81d42d513df40d0031f8f2e1346954d665a,True,20692476.0,not_available,,,,price not yet available,unchecked,UNKNOWN
mc.wm,MEV Capital M^0 Morpho Vault,0xfbdee8670b273e12b019210426e70091464b02ab,True,20873628.0,not_available,,,,price not yet available,unchecked,UNKNOWN
mcbeth,Eigenpie cbETH,0xd09124e8a1e3d620e8807ad1d968021a5495cee8,True,,not_available,,,,price not yet available,unchecked,UNKNOWN
mccbbtc,MEV Capital cbBTC,0x98cf0b67da0f16e1f8f1a1d23ad8dc64c0c70e0b,True,20823713.0,not_available,,,,price not yet available,unchecked,UNKNOWN
mcd.d,Dinari MCD,0xec3e2998c87ac9bced45381f84932c877cad6930,True,,not_available,,,,price not yet available,unchecked,UNKNOWN
mcwbtc,MEV Capital WBTC,0x1c530d6de70c05a81bf1670157b9d928e9699089,True,20741276.0,not_available,,,,price not yet available,unchecked,UNKNOWN
meg,Meg4mint,0x0ede75b5f548e0d37f494368f4fa4982b6d0630a,True,,not_available,,,,price not yet available,unchecked,UNKNOWN
meli.d,Dinari MELI,0x52bd2411f090af9b1fc688fcf3c4242ab0e7ddaf,True,,not_available,,,,price not yet available,unchecked,UNKNOWN
meslbr,Match Finance esLBR,0x0af0e83d064f160376303ac67dd9a7971af88d4c,True,,not_available,,,,price not yet available,unchecked,UNKNOWN
methx,Eigenpie ETHx,0x9a1722b1f4a1bb2f271211ade8e851afc54f77e5,True,,not_available,,,,price not yet available,unchecked,UNKNOWN
mevbtc,Midas mevBTC,0xb64c014307622eb15046c66ff71d04258f5963dc,True,,not_available,,,,price not yet available,unchecked,UNKNOWN
mevusd,Midas Everstake USD,0x548857309befb6fb6f20a9c5a56c9023d892785b,True,,not_available,,,,price not yet available,unchecked,UNKNOWN
mfarm,Midas mFARM,0xa19f6e0df08a7917f2f8a33db66d0af31ff5eca6,True,,not_available,,,,price not yet available,unchecked,UNKNOWN
milk,MILK Coin,0xf31826269ac7f452b1274cc884812f426c18ddca,True,19070104.0,not_available,,,,price not yet available,unchecked,UNKNOWN
minty,Minterest,0x149cac67f1cd5d80651e7c9bb359ec285d821a05,True,,not_available,,,,price not yet available,unchecked,UNKNOWN
mlseth,Eigenpie LsETH,0xa939c02dba8f237b40d2a3e96ad4252b00bb8a72,True,,not_available,,,,price not yet available,unchecked,UNKNOWN
mmeth,Eigenpie mETH,0x8a053350ca5f9352a16ded26ab333e2d251dad7c,True,,not_available,,,,price not yet available,unchecked,UNKNOWN
mnstx,Monster xStock,0x8499b26bbfc8c3830a37b92e47df2d7cbc0154e9,True,,not_available,,,,price not yet available,unchecked,UNKNOWN
mnte,Mintera,0x94d40b49f020bfebba1a80a0191eb3737b90e8d3,True,16371157.0,not_available,,,,price not yet available,unchecked,UNKNOWN
moeth,Eigenpie oETH,0x310718274509a38cc5559a1ff48c5edbe75a382b,True,,not_available,,,,price not yet available,unchecked,UNKNOWN
moka,Mokens League,0x79eddec7f9648cf9953db39507efa9f772c83c6e,True,19890952.0,not_available,,,,price not yet available,unchecked,UNKNOWN
morpho,Legacy Morpho,0x9994e35db50125e0df82e4c2dde62496ce330999,True,15018448.0,not_available,,,,price not yet available,unchecked,UNKNOWN
moseth,Eigenpie OsETH,0x352a3144e88d23427993938cfd780291d95ef091,True,,not_available,,,,price not yet available,unchecked,UNKNOWN
mreth,Eigenpie rETH,0xd05728038681bcc79b2d5aeb4d9b002e66c93a40,True,,not_available,,,,price not yet available,unchecked,UNKNOWN
msfrxeth,Eigenpie frxETH,0x879054273cb2dad631980fa4efe6d25eefe08aa4,True,,not_available,,,,price not yet available,unchecked,UNKNOWN
msyrupusd,Midas msyrupUSD,0x20226607b4fa64228abf3072ce561d6257683464,True,,not_available,,,,price not yet available,unchecked,UNKNOWN
mux,Micron Technology xStock,0xf6a873bae4ba1b304e45df52a4b7d176e1c6a8c4,True,,not_available,,,,price not yet available,unchecked,UNKNOWN
mwbeth,Eigenpie wBETH,0xe46a5e19b19711332e33f33c2db3ea143e86bc10,True,,not_available,,,,price not yet available,unchecked,UNKNOWN
nacrdx,Nest Apollo ACRDX Vault,0x2a3e301dbd45c143dfbb7b1ce1c55bf0bbf161cb,True,23472232.0,not_available,,,,price not yet available,unchecked,UNKNOWN
nbtc,NexusBTC,0x8bb97a618211695f5a6a889fac3546d1a573ea77,True,,not_available,,,,price not yet available,unchecked,UNKNOWN
ned,NED,0x8d9d725aaa3f6236763ff548051657a342c37623,True,14479985.0,not_available,,,,price not yet available,unchecked,UNKNOWN
nftfn,NFTFN,0x9a64977ebf739dff35ed4281a4b5e833bfdb1314,True,19390976.0,not_available,,,,price not yet available,unchecked,UNKNOWN
ngprime,Nest Goldfinch Prime Vault,0x2b89048d45e9eff64bc5ff563b8ba40a2f0aa83e,True,23690176.0,not_available,,,,price not yet available,unchecked,UNKNOWN
nly.d,Dinari NLY,0x2cad08360009226261ab4d32684aacdbbec3f8da,True,,not_available,,,,price not yet available,unchecked,UNKNOWN
nmnrl,Nest Mineral Vault,0x9d08946ca5856f882a56c29042fbedc5142663b9,True,23599526.0,not_available,,,,price not yet available,unchecked,UNKNOWN
nopal,Nest BlackOpal LiquidStone II Vault,0x119dd7daff816f29d7ee47596ae5e4bdc4299165,True,23690639.0,not_available,,,,price not yet available,unchecked,UNKNOWN
nwisdom,Nest WisdomTree Vault,0x29bf22381a5811dec89dc7b46a5ce57ad02c0240,True,23665830.0,not_available,,,,price not yet available,unchecked,UNKNOWN
oblue,Blueprint oBLUE,0xedb73d4ed90be7a49d06d0d940055e6d181d22fa,True,19166992.0,not_available,,,,price not yet available,unchecked,UNKNOWN
oklox,Oklo xStock,0x4b0ee7c047d43ca403239f28f42115bedb7c0076,True,,not_available,,,,price not yet available,unchecked,UNKNOWN
oooi,Corridor Finance,0xd7b675cd5c84a13d1d0f84509345530f6421b57c,True,18988635.0,not_available,,,,price not yet available,unchecked,UNKNOWN
opch,Opticash,0x4d4d883f920f7c0c36a1be71a02aa0cde2aa22d1,True,16753693.0,not_available,,,,price not yet available,unchecked,UNKNOWN
opz,OPZ,0x18e1b6aa7ef866eba192f2817d43bae92d75c817,True,19563005.0,not_available,,,,price not yet available,unchecked,UNKNOWN
order,ORDER,0x551e5d59e4c061984fdcc292b03a20c4741bbbdf,True,23639082.0,not_available,,,,price not yet available,unchecked,UNKNOWN
pall.d,Dinari PALL,0x328a9bc033b22de0b82762c49762ce1440b45d4b,True,,not_available,,,,price not yet available,unchecked,UNKNOWN
panwx,Palo Alto Networks xStock,0xe12bb32d77be4db10ddc82088b230d35d097e9c5,True,,not_available,,,,price not yet available,unchecked,UNKNOWN
pepd,Pepe Dollar,0x8745a1eac4e22454fd5b9386995fae949221042e,True,22674870.0,not_available,,,,price not yet available,unchecked,UNKNOWN
pg.d,Dinari PG,0xaa88ab7413f909eef5bd69bb2a2b6f97dc6743b8,True,,not_available,,,,price not yet available,unchecked,UNKNOWN
pho.d,Dinari PHO,0x251530c7f24d6904a31425b9afa24b0e1e5aafde,True,,not_available,,,,price not yet available,unchecked,UNKNOWN
piku,Piku Utility Token,0x2e4039e8e31475d65dc00293c366fdbfbbc02dc3,True,23195799.0,not_available,,,,price not yet available,unchecked,UNKNOWN
plx,Planet Labs xStock,0x536825370f1159cba953055f5c2f16ddc7b5a348,True,,not_available,,,,price not yet available,unchecked,UNKNOWN
pmw,Photon Milky Way,0x47b751e318fe7e9769f4b56fabbffb05d530a88c,True,16896005.0,not_available,,,,price not yet available,unchecked,UNKNOWN
pwbtc,MEV Capital Pendle WBTC,0x2f1abb81ed86be95bcf8178ba62c8e72d6834775,True,21131121.0,not_available,,,,price not yet available,unchecked,UNKNOWN
pyplx,PayPal xStock,0xf706585e7e8900be0267bee3b9a2f70835ec6628,True,,not_available,,,,price not yet available,unchecked,UNKNOWN
qns,QuantoSwap,0x37a2f8701856a78de92dbe35df2200c355eae090,True,19829523.0,not_available,,,,price not yet available,unchecked,UNKNOWN
rave,RaveDAO,0x17205fab260a7a6383a81452ce6315a39370db97,True,23591860.0,not_available,,,,price not yet available,unchecked,UNKNOWN
rblx.d,Dinari RBLX,0x461ad31f69e694e2e20b2070d8be1105626110c3,True,,not_available,,,,price not yet available,unchecked,UNKNOWN
rblxx,Roblox xStock,0x5d8da1417e3565eb02c9ca8cc588be5d8f65b1c5,True,,not_available,,,,price not yet available,unchecked,UNKNOWN
rcbeth,Astrid Restaked cbETH,0xe38149abc673a117abeb8af7d1ff3d0d1aa5af15,True,,not_available,,,,price not yet available,unchecked,UNKNOWN
rddt.d,Dinari RDDT,0xac20315350d7b59cbe846144f5eb8a6d1df1f5fc,True,,not_available,,,,price not yet available,unchecked,UNKNOWN
re7usda,Re7 USDA,0x89d80f5e9bc88d8021b352064ae73f0eaf79ebd8,True,19639183.0,not_available,,,,price not yet available,unchecked,UNKNOWN
re7weth,Re7 WETH Morpho Vault,0x78fc2c2ed1a4cdb5402365934ae5648adad094d0,True,19121118.0,not_available,,,,price not yet available,unchecked,UNKNOWN
repx,RepoSwap,0x3261902514414a131202e792a5ef763db795e639,True,20175338.0,not_available,,,,price not yet available,unchecked,UNKNOWN
riot.d,Dinari RIOT,0xcd7c6ed75151745c893dfc1dca1daa1d55034e67,True,,not_available,,,,price not yet available,unchecked,UNKNOWN
riotx,Riot Platforms xStock,0x6ac47387f0a2798df4c4ee5bb31ab9517ac97cb8,True,,not_available,,,,price not yet available,unchecked,UNKNOWN
rklb.d,Dinari RKLB,0xc3260a0e1dd1f7ac6508ae29cb00f4fa4b544ba7,True,,not_available,,,,price not yet available,unchecked,UNKNOWN
rklbx,Rocket Lab xStock,0xe17ce7dd2afb6da3488fd9ef2558523d569e17b4,True,,not_available,,,,price not yet available,unchecked,UNKNOWN
rmav,Rogue MAV,0x8f0f56472c3e5730b1ea2f444e7829288da261e6,True,18207085.0,not_available,,,,price not yet available,unchecked,UNKNOWN
rreth,Astrid Restaked rETH,0x37cfc2e83665d49364670dfea6d2dd4cb1215f22,True,,not_available,,,,price not yet available,unchecked,UNKNOWN
sbetx,SharpLink Gaming xStock,0x338791c58fded314b81eab139a1a2fb7967d90d6,True,,not_available,,,,price not yet available,unchecked,UNKNOWN
sbold,sBOLD by K3 Capital,0x50bd66d59911f5e086ec87ae43c811e0d059dd11,True,22639160.0,not_available,,,,price not yet available,unchecked,UNKNOWN
sbux.d,Dinari SBUX,0x86ccbf2471be7ebca2c2c92a12fcf7089a44b4df,True,,not_available,,,,price not yet available,unchecked,UNKNOWN
scorch,SCORCH,0x6b2e4f25fa8d8c9a0c77477de50c166147bd891d,True,22760326.0,not_available,,,,price not yet available,unchecked,UNKNOWN
scrx,Screx,0xa20f1b74822f0c88f1bbff3bfd7ccd535a8ae6b8,True,22981509.0,not_available,,,,price not yet available,unchecked,UNKNOWN
sdpendle,Stake DAO sdPENDLE,0x5ea630e00d6ee438d3dea1556a110359acdc10a9,True,17321373.0,not_available,,,,price not yet available,unchecked,UNKNOWN
sdusd,Davos Protocol Staked DUSD,0x1c91d9482c4802315e617267bb3ef50c0aa15c41,True,,not_available,,,,price not yet available,unchecked,UNKNOWN
sent,Sentient,0x56a3ba04e95d34268a19b2a4474dc979babdaf76,True,,not_available,,,,price not yet available,unchecked,UNKNOWN
seur0,Savings EUR0,0x35f43c6604b0de814abaa2d94c878bd1f5165478,True,,not_available,,,,price not yet available,unchecked,UNKNOWN
sgyd,sGYD,0xea50f402653c41cadbafd1f788341db7b7f37816,True,,not_available,,,,price not yet available,unchecked,UNKNOWN
shusd,Staked Sherpa USD,0x96043804d00dcec238718eedad9ac10719778380,True,23853752.0,not_available,,,,price not yet available,unchecked,UNKNOWN
sinv,Staked INV,0x08d23468a467d2bb86fae0e32f247a26c7e2e994,True,20771285.0,not_available,,,,price not yet available,unchecked,UNKNOWN
sivr.d,Dinari SIVR,0xe36fb561dcc177492da42a6ba5fd4a9d0987bfe2,True,,not_available,,,,price not yet available,unchecked,UNKNOWN
slx.d,Dinari SLX,0x0ecb3513ebf1e62be765452900608aa957dbd13d,True,,not_available,,,,price not yet available,unchecked,UNKNOWN
smp,Seamoon Protocol,0x7d36f7d8e9220f021305b8f13414c87df688aa8b,True,20461154.0,not_available,,,,price not yet available,unchecked,UNKNOWN
snow.d,Dinari SNOW,0x3482968ed0e10bf7446706a6680e8a8f486f61b0,True,,not_available,,,,price not yet available,unchecked,UNKNOWN
snusd,sNUSD,0x08efcc2f3e61185d0ea7f8830b3fec9bfa2ee313,True,23495849.0,not_available,,,,price not yet available,unchecked,UNKNOWN
solvbtc.bera,Solv Protocol SolvBTC.BERA,0xe7c253ead50976caf7b0c2cbca569146a7741b50,True,,not_available,,,,price not yet available,unchecked,UNKNOWN
soma,SOMA.finance,0x77163c968c2506077dbe74838dea72314a2d5760,True,,not_available,,,,price not yet available,unchecked,UNKNOWN
sony.d,Dinari SONY,0xb49e40e97b41b253ecfe6b01a11f1a4f021724f9,True,,not_available,,,,price not yet available,unchecked,UNKNOWN
soxl.d,Dinari SOXL,0xc580919e2e4b083321f9e4c5ed56bc862f275916,True,,not_available,,,,price not yet available,unchecked,UNKNOWN
spcex,Virgin Galactic xStock,0x7f8ba411ecbc0a135d669d5eae5d15b0ca0b0ea1,True,,not_available,,,,price not yet available,unchecked,UNKNOWN
speth,Spectrum ETH,0xf96d4b1e0a0b129e1471e88df6f1281b933bc474,True,,not_available,,,,price not yet available,unchecked,UNKNOWN
spgix,S&P Global xStock,0xd3c5af6b2f0f754b2141f368cfc5ea99c3594d3a,True,,not_available,,,,price not yet available,unchecked,UNKNOWN
spiku,Staked PIKU,0x5da17ca137f1128d4be7ce574bc61f3ac4839df8,True,23195800.0,not_available,,,,price not yet available,unchecked,UNKNOWN
spsk.d,Dinari SPSK,0x9c879a1c2021bd0594750c148f37176395be0b8f,True,,not_available,,,,price not yet available,unchecked,UNKNOWN
spte.d,Dinari SPTE,0x2711018a5489df0d9816bdb7670d58ba23fb2d5e,True,,not_available,,,,price not yet available,unchecked,UNKNOWN
spus.d,Dinari SPUS,0xdf9be795fee855aaeb82dc112b0f27b62524a17b,True,,not_available,,,,price not yet available,unchecked,UNKNOWN
spwo.d,Dinari SPWO,0xfae8f97cafea5133159992e83a4b30e1aae88328,True,,not_available,,,,price not yet available,unchecked,UNKNOWN
sq.d,Dinari SQ,0x9e6dbde4211e6853b33b8bcd5ce82144997c63ba,True,,not_available,,,,price not yet available,unchecked,UNKNOWN
sqmg,Smart Quantum Game,0x13b22eba36493772b3a75b7217dcbb258ea8b1da,True,22497314.0,not_available,,,,price not yet available,unchecked,UNKNOWN
steakm,Steakhouse M Morpho Vault,0xbeef0075e03a5ce0d84d4accf3481363e0584f5c,True,20542516.0,not_available,,,,price not yet available,unchecked,UNKNOWN
steakrusd,Steakhouse RUSD Morpho Vault,0xbeef11ecb698f4b5378685c05a210bdf71093521,True,20578263.0,not_available,,,,price not yet available,unchecked,UNKNOWN
steakusdl,Steakhouse USDL Morpho Vault,0xbeefd1c0c6c1f7c94dc6b989dba2e983a47a26a8,True,20911999.0,not_available,,,,price not yet available,unchecked,UNKNOWN
stflip,Thunderhead Staked FLIP,0x961d4921e1718e633bac8ded88c4a1cae44b785a,True,,not_available,,,,price not yet available,unchecked,UNKNOWN
sthusd,Staked Tharwa USD,0xf7af0a8079f12f19533b0df69ce7ee6718b0c46f,True,23219040.0,not_available,,,,price not yet available,unchecked,UNKNOWN
stkgho,Aave stkGHO,0x1a88df1cfe15af22b3c4c783d4e6f7f9e0c1885d,True,,not_available,,,,price not yet available,unchecked,UNKNOWN
stpeth,Stake Together,0x218de5e6324c5351c3a2bf0c40d76f585b8de04d,True,,not_available,,,,price not yet available,unchecked,UNKNOWN
sttia,Bridged stTIA (Hyperlane),0x48a612a6da945205a221e94bb9f40b0550cd2c4e,True,,not_available,,,,price not yet available,unchecked,UNKNOWN
suigx,SUI xStock,0x311c27827ea53894aa40ad7fab72b43e26fb34b0,True,,not_available,,,,price not yet available,unchecked,UNKNOWN
susd0,Savings USD0,0xd861be82dee3223cfbed160791f6550b0704d406,True,,not_available,,,,price not yet available,unchecked,UNKNOWN
tbllx,TBLL xStock,0x4cbf89ed7bb30b8a860fa86d3c96e9c72931299b,True,,not_available,,,,price not yet available,unchecked,UNKNOWN
tbos,Aktionariat TBo c/o Comon Accelerator Holding AG Tokenized Shares,0xb446566d6d644249d5d82aab5fea8a5b7da3f691,True,13050748.0,not_available,,,,price not yet available,unchecked,UNKNOWN
tea,Tea Protocol,0x7eaa67f8d365bbe27d6278fdc2ba24a1aa71c8e5,True,21524255.0,not_available,,,,price not yet available,unchecked,UNKNOWN
temx,Tempus AI xStock,0x61aee4f4e6b62806c26eaff921e7f41782ca2e03,True,,not_available,,,,price not yet available,unchecked,UNKNOWN
tfbill,Adapt3r Digital Treasury Bill Fund,0xa1f3aca66403d29b909605040c30ae1f1245d14c,True,,not_available,,,,price not yet available,unchecked,UNKNOWN
tgtx,Target xStock,0xab6a44ad34d083f463fa6f64d0619f11eb2cb48d,True,,not_available,,,,price not yet available,unchecked,UNKNOWN
time,Time Alliance Guild Time,0xef89c37fe9e5c906b404cd7edae4a2992b5d25fa,True,18368187.0,not_available,,,,price not yet available,unchecked,UNKNOWN
tjx.d,Dinari TJX,0x90fa6faf82ddcbbbd48f66ee70b8515a7a626ac3,True,,not_available,,,,price not yet available,unchecked,UNKNOWN
tmusx,T-Mobile xStock,0x68f3ddee8bae33691e7cd0372984fd857e842760,True,,not_available,,,,price not yet available,unchecked,UNKNOWN
tqqq.d,Dinari TQQQ,0xf7248e588f88655d4a5230c4cec2db2cf4438ff0,True,,not_available,,,,price not yet available,unchecked,UNKNOWN
tronx,Tron xStock,0xecf59a3fd0224d33429920f8fa6de493abc4efc0,True,,not_available,,,,price not yet available,unchecked,UNKNOWN
tsmx,TSMC xStock,0x9e3bf4ecfc44eedd624f26656b6736a3f093b073,True,,not_available,,,,price not yet available,unchecked,UNKNOWN
twb,TargetWatch Bot,0xacdbfcbd4d6d4e9fe72c3ba4280d728ab2ace30f,True,18567990.0,not_available,,,,price not yet available,unchecked,UNKNOWN
tx,AT&T xStock,0x75639ae3a05079873d7189dcbdbc455898cae904,True,,not_available,,,,price not yet available,unchecked,UNKNOWN
uberx,Uber xStock,0xdb9783ca04bbd64fe2c6d7b9503a979b3de30729,True,,not_available,,,,price not yet available,unchecked,UNKNOWN
ufo.d,Dinari UFO,0x1194e99f23c8b99cb55a328160aeb0bb010bf0c3,True,,not_available,,,,price not yet available,unchecked,UNKNOWN
un,UNIT DAO,0x93109af5638be68ed2d0e094f618777ff1051d28,True,18905176.0,not_available,,,,price not yet available,unchecked,UNKNOWN
usd0a,Alpha USD0,0x2e7fc02be94bc7f0cd69dcab572f64bcc173cd81,True,,not_available,,,,price not yet available,unchecked,UNKNOWN
usde,Ethereum Reserve Dollar USDE,0x1d00e86748573c322f4cc41518aa0e77bd912eb4,True,,not_available,,,,price not yet available,unchecked,UNKNOWN
usdlr,Stable USDLR,0x68592c5c98c4f4a8a4bc6da2121e65da3d1c0917,True,,not_available,,,,price not yet available,unchecked,UNKNOWN
usdv,USDV,0x05a275ed9edf4378ac54928379ee6bc6e8900e4c,True,,not_available,,,,price not yet available,unchecked,UNKNOWN
ushy.d,Dinari USHY,0xd16acb3147bcafd8469ffb288f45db52cc04ae68,True,,not_available,,,,price not yet available,unchecked,UNKNOWN
usual*,USUAL Star,0x094b360ae512a65584d4f5be33d68b2e08677b89,True,,not_available,,,,price not yet available,unchecked,UNKNOWN
usualusdt,MEV Capital Usual Boosted USDT,0x225c119ffaf1caddcfcdb493283edf4b816bf773,True,20752174.0,not_available,,,,price not yet available,unchecked,UNKNOWN
v.d,Dinari V,0x842227039640c7d38e3b307a3ab556a7baeee730,True,,not_available,,,,price not yet available,unchecked,UNKNOWN
vachi,NOVAWCHI,0x337af08bb6980ecb68389c5ed8876d08643abf8a,True,16707856.0,not_available,,,,price not yet available,unchecked,UNKNOWN
vct,VibingCatToken,0x42dae489f1ca3764aabe1907c22bc18776415fcd,True,18371496.0,not_available,,,,price not yet available,unchecked,UNKNOWN
vcw,VCW,0x588d467b92bd2d08a2961ba681e2c75f1ad7c5b0,True,22693027.0,not_available,,,,price not yet available,unchecked,UNKNOWN
voy,Voy Finance,0x45df9fb545eca3a16982dccc0b8a21d0489a0047,True,21070785.0,not_available,,,,price not yet available,unchecked,UNKNOWN
vstx,Vistra xStock,0x7ab6c97f65e4227adc5090bd31a376d1f36f39fa,True,,not_available,,,,price not yet available,unchecked,UNKNOWN
vwo.d,Dinari VWO,0x9f9e5c45d95d66e85e8a878007bf27ca2d987394,True,,not_available,,,,price not yet available,unchecked,UNKNOWN
vxdefi,vXDEFI,0xe1a3864dbf62fb94834b108ff6bf439ce70183ac,True,17222654.0,not_available,,,,price not yet available,unchecked,UNKNOWN
vxx.d,Dinari VXX,0x0123b0a381348f3ba793091923daeb7356ec5862,True,,not_available,,,,price not yet available,unchecked,UNKNOWN
walrf.d,Dinari WALRF,0x5e796f7e42117ca82b1db3eb227bef11b7a48aa0,True,,not_available,,,,price not yet available,unchecked,UNKNOWN
war,War Legends,0x983d8edb44ca96c0595f3c456ebdd47855911f34,True,16418847.0,not_available,,,,price not yet available,unchecked,UNKNOWN
wbdx,Warner Bros. Discovery xStock,0xc435b3c41ae56d9bc57b8525f4d522c978f168e8,True,,not_available,,,,price not yet available,unchecked,UNKNOWN
weat.d,Dinari WEAT,0xaf614642e58c65b71a3aaab2d3afc20e5cb93246,True,,not_available,,,,price not yet available,unchecked,UNKNOWN
wenx,Wendy's xStock,0xfeee18422f8f1cd6193c12aafad7123dbff15517,True,,not_available,,,,price not yet available,unchecked,UNKNOWN
whns,Wrapped HNS,0xa771b49064da011df051052848477f18dba1d2ac,True,,not_available,,,,price not yet available,unchecked,UNKNOWN
wmpc,Wrapped MPC,0x36a0e44c73e5a6a7727817377c0127f320a9456e,True,,not_available,,,,price not yet available,unchecked,UNKNOWN
wmtx,Walmart xStock,0x7aefc9965699fbea943e03264d96e50cd4a97b21,True,,not_available,,,,price not yet available,unchecked,UNKNOWN
wood.d,Dinari WOOD,0xd2a64bb1776f02e6b2b5503fe6a8ca6bf1f46d07,True,,not_available,,,,price not yet available,unchecked,UNKNOWN
wulfx,TeraWulf xStock,0xc0c2150cf0870e2d7abc7cde17c20a542fafbb9b,True,,not_available,,,,price not yet available,unchecked,UNKNOWN
xogn,Staked OGN,0x63898b3b6ef3d39332082178656e9862bee45c57,True,,not_available,,,,price not yet available,unchecked,UNKNOWN
xom.d,Dinari XOM,0x52926f7f983d3d7ddcbe644a809d67bbe4a9e785,True,,not_available,,,,price not yet available,unchecked,UNKNOWN
xpass,X-PASS,0xb0df0e6133ce2bae93f1bb1737ed3f39593c67f5,True,20873487.0,not_available,,,,price not yet available,unchecked,UNKNOWN
xring,Darwinia Network xRING,0x81e32d4652be82ae225dedd1bd0bf3bcba8fee07,True,19536738.0,not_available,,,,price not yet available,unchecked,UNKNOWN
xrpl,Constellation Staked RPL,0x1db1afd9552eeb28e2e36597082440598b7f1320,True,,not_available,,,,price not yet available,unchecked,UNKNOWN
ybeth,Veno Yield Bearing ETH,0x76bf2d1e6dfda645c0c17440b17eccc181dfc351,True,,not_available,,,,price not yet available,unchecked,UNKNOWN
ybtc,pSTAKE Staked Bitcoin,0x4b6d20acfc764ef6b60f0339e7cbad83284e7d6e,True,21585302.0,not_available,,,,price not yet available,unchecked,UNKNOWN
ybusd,Veno Yield Bearing USD,0xfa59075dfce274e028b58bddfcc3d709960f594a,True,,not_available,,,,price not yet available,unchecked,UNKNOWN
yum.d,Dinari YUM,0x0af5b873df94efeba34c0b0a9fa34a8c13e078cd,True,,not_available,,,,price not yet available,unchecked,UNKNOWN
zai,Zesh AI Layer,0x51129dad3db1c28d693616308ae1062e43280ed7,True,21465583.0,not_available,,,,price not yet available,unchecked,UNKNOWN
zeth,ZeroLiquid ETH,0x776280f68ad33c4d49e6846507b7dbaf7811c89f,True,17986403.0,not_available,,,,price not yet available,unchecked,UNKNOWN
zeusd,ZeUSD,0x7dc9748da8e762e569f9269f48f69a1a9f8ea761,True,,not_available,,,,price not yet available,unchecked,UNKNOWN
zoo,ZooCoin,0x0c08638473cafbca3beb113616a1871f4bfad4f9,True,17763879.0,not_available,,,,price not yet available,unchecked,UNKNOWN
