size_bucket,wallet_count,wallet_pct,wealth_bucket,block
1,1775855,86.8627,0–1,9193266
11–20,147,0.0072,0–1,9193266
2,197805,9.6753,0–1,9193266
21–50,23,0.0011,0–1,9193266
3,44357,2.1696,0–1,9193266
4,14928,0.7302,0–1,9193266
5,7765,0.3798,0–1,9193266
6–10,3560,0.1741,0–1,9193266
1,48493,58.88,"1,000–10,000",9193266
11–20,1519,1.8444,"1,000–10,000",9193266
2,11213,13.6148,"1,000–10,000",9193266
21–50,108,0.1311,"1,000–10,000",9193266
3,7455,9.0518,"1,000–10,000",9193266
4,4663,5.6618,"1,000–10,000",9193266
5,3034,3.6839,"1,000–10,000",9193266
51–100,4,0.0049,"1,000–10,000",9193266
6–10,5870,7.1273,"1,000–10,000",9193266
1,12928,64.7274,"10,000–100,000",9193266
11–20,374,1.8725,"10,000–100,000",9193266
2,2619,13.1127,"10,000–100,000",9193266
21–50,54,0.2704,"10,000–100,000",9193266
3,1356,6.7892,"10,000–100,000",9193266
4,903,4.5211,"10,000–100,000",9193266
5,591,2.959,"10,000–100,000",9193266
51–100,4,0.02,"10,000–100,000",9193266
6–10,1144,5.7277,"10,000–100,000",9193266
1,228355,72.2825,"100–1,000",9193266
11–20,1265,0.4004,"100–1,000",9193266
2,36038,11.4073,"100–1,000",9193266
21–50,113,0.0358,"100–1,000",9193266
3,21363,6.7622,"100–1,000",9193266
4,11995,3.7968,"100–1,000",9193266
5,7047,2.2306,"100–1,000",9193266
51–100,2,0.0006,"100–1,000",9193266
6–10,9742,3.0837,"100–1,000",9193266
1,3000513,85.6301,1–100,9193266
11–20,1365,0.039,1–100,9193266
2,375344,10.7118,1–100,9193266
21–50,88,0.0025,1–100,9193266
3,73117,2.0866,1–100,9193266
4,27184,0.7758,1–100,9193266
5,12853,0.3668,1–100,9193266
51–100,1,0.0,1–100,9193266
6–10,13574,0.3874,1–100,9193266
1,3808,71.4983,">100,000",9193266
11–20,104,1.9527,">100,000",9193266
2,622,11.6786,">100,000",9193266
21–50,47,0.8825,">100,000",9193266
3,278,5.2197,">100,000",9193266
4,150,2.8164,">100,000",9193266
5,101,1.8964,">100,000",9193266
51–100,17,0.3192,">100,000",9193266
6–10,197,3.6988,">100,000",9193266
>100,2,0.0376,">100,000",9193266
1,1812635,87.518,0–1,9393154
11–20,134,0.0065,0–1,9393154
2,193087,9.3227,0–1,9393154
21–50,21,0.001,0–1,9393154
3,41482,2.0028,0–1,9393154
4,13532,0.6534,0–1,9393154
5,7154,0.3454,0–1,9393154
51–100,1,0.0,0–1,9393154
6–10,3111,0.1502,0–1,9393154
1,52452,56.054,"1,000–10,000",9393154
11–20,1645,1.758,"1,000–10,000",9393154
2,14788,15.8035,"1,000–10,000",9393154
21–50,117,0.125,"1,000–10,000",9393154
3,8909,9.5208,"1,000–10,000",9393154
4,5473,5.8488,"1,000–10,000",9393154
5,3483,3.7222,"1,000–10,000",9393154
51–100,4,0.0043,"1,000–10,000",9393154
6–10,6703,7.1633,"1,000–10,000",9393154
1,14036,60.9043,"10,000–100,000",9393154
11–20,486,2.1088,"10,000–100,000",9393154
2,3547,15.391,"10,000–100,000",9393154
21–50,58,0.2517,"10,000–100,000",9393154
3,1687,7.3201,"10,000–100,000",9393154
4,1054,4.5735,"10,000–100,000",9393154
5,726,3.1502,"10,000–100,000",9393154
51–100,5,0.0217,"10,000–100,000",9393154
6–10,1447,6.2787,"10,000–100,000",9393154
1,239166,70.2122,"100–1,000",9393154
11–20,1271,0.3731,"100–1,000",9393154
2,47295,13.8844,"100–1,000",9393154
21–50,109,0.032,"100–1,000",9393154
3,22920,6.7286,"100–1,000",9393154
4,12580,3.6931,"100–1,000",9393154
5,7348,2.1572,"100–1,000",9393154
51–100,4,0.0012,"100–1,000",9393154
6–10,9940,2.9181,"100–1,000",9393154
1,3045128,85.505,1–100,9393154
11–20,1346,0.0378,1–100,9393154
2,384804,10.805,1–100,9393154
21–50,86,0.0024,1–100,9393154
3,75118,2.1093,1–100,9393154
4,28090,0.7887,1–100,9393154
5,13133,0.3688,1–100,9393154
51–100,1,0.0,1–100,9393154
6–10,13638,0.3829,1–100,9393154
1,4278,68.8113,">100,000",9393154
11–20,114,1.8337,">100,000",9393154
2,799,12.8519,">100,000",9393154
21–50,57,0.9168,">100,000",9393154
3,362,5.8227,">100,000",9393154
4,215,3.4583,">100,000",9393154
5,127,2.0428,">100,000",9393154
51–100,17,0.2734,">100,000",9393154
6–10,246,3.9569,">100,000",9393154
>100,2,0.0322,">100,000",9393154
1,1865917,87.8765,0–1,9581792
11–20,246,0.0116,0–1,9581792
2,193504,9.1132,0–1,9581792
21–50,20,0.0009,0–1,9581792
3,40614,1.9127,0–1,9581792
4,13130,0.6184,0–1,9581792
5,6959,0.3277,0–1,9581792
51–100,1,0.0,0–1,9581792
6–10,2950,0.1389,0–1,9581792
1,88073,65.2079,"1,000–10,000",9581792
11–20,1670,1.2364,"1,000–10,000",9581792
2,17309,12.8153,"1,000–10,000",9581792
21–50,125,0.0925,"1,000–10,000",9581792
3,10290,7.6186,"1,000–10,000",9581792
4,6327,4.6844,"1,000–10,000",9581792
5,3893,2.8823,"1,000–10,000",9581792
51–100,3,0.0022,"1,000–10,000",9581792
6–10,7375,5.4603,"1,000–10,000",9581792
1,39410,78.9258,"10,000–100,000",9581792
11–20,596,1.1936,"10,000–100,000",9581792
2,3972,7.9547,"10,000–100,000",9581792
21–50,72,0.1442,"10,000–100,000",9581792
3,2003,4.0114,"10,000–100,000",9581792
4,1274,2.5514,"10,000–100,000",9581792
5,843,1.6883,"10,000–100,000",9581792
51–100,5,0.01,"10,000–100,000",9581792
6–10,1758,3.5207,"10,000–100,000",9581792
1,294468,73.895,"100–1,000",9581792
11–20,1221,0.3064,"100–1,000",9581792
2,49182,12.3419,"100–1,000",9581792
21–50,109,0.0274,"100–1,000",9581792
3,23594,5.9208,"100–1,000",9581792
4,12836,3.2211,"100–1,000",9581792
5,7336,1.8409,"100–1,000",9581792
51–100,2,0.0005,"100–1,000",9581792
6–10,9747,2.446,"100–1,000",9581792
1,3106602,85.605,1–100,9581792
11–20,1396,0.0385,1–100,9581792
2,388831,10.7146,1–100,9581792
21–50,87,0.0024,1–100,9581792
3,76570,2.1099,1–100,9581792
4,28456,0.7841,1–100,9581792
5,13194,0.3636,1–100,9581792
51–100,2,0.0001,1–100,9581792
6–10,13859,0.3819,1–100,9581792
>100,1,0.0,1–100,9581792
1,8848,79.397,">100,000",9581792
11–20,117,1.0499,">100,000",9581792
2,932,8.3632,">100,000",9581792
21–50,67,0.6012,">100,000",9581792
3,414,3.715,">100,000",9581792
4,266,2.3869,">100,000",9581792
5,164,1.4716,">100,000",9581792
51–100,17,0.1525,">100,000",9581792
6–10,317,2.8446,">100,000",9581792
>100,2,0.0179,">100,000",9581792
1,1936278,87.5609,0–1,9782602
11–20,334,0.0151,0–1,9782602
2,202860,9.1736,0–1,9782602
21–50,23,0.001,0–1,9782602
3,44771,2.0246,0–1,9782602
4,15421,0.6974,0–1,9782602
5,7889,0.3568,0–1,9782602
51–100,1,0.0,0–1,9782602
6–10,3774,0.1707,0–1,9782602
1,150364,77.7714,"1,000–10,000",9782602
11–20,1770,0.9155,"1,000–10,000",9782602
2,16661,8.6174,"1,000–10,000",9782602
21–50,130,0.0672,"1,000–10,000",9782602
3,8618,4.4574,"1,000–10,000",9782602
4,5451,2.8194,"1,000–10,000",9782602
5,3567,1.8449,"1,000–10,000",9782602
51–100,4,0.0021,"1,000–10,000",9782602
6–10,6776,3.5047,"1,000–10,000",9782602
1,40355,82.0791,"10,000–100,000",9782602
11–20,512,1.0414,"10,000–100,000",9782602
2,3438,6.9926,"10,000–100,000",9782602
21–50,60,0.122,"10,000–100,000",9782602
3,1605,3.2645,"10,000–100,000",9782602
4,1070,2.1763,"10,000–100,000",9782602
5,720,1.4644,"10,000–100,000",9782602
51–100,5,0.0102,"10,000–100,000",9782602
6–10,1401,2.8495,"10,000–100,000",9782602
1,335481,77.2918,"100–1,000",9782602
11–20,1361,0.3136,"100–1,000",9782602
2,45755,10.5415,"100–1,000",9782602
21–50,121,0.0279,"100–1,000",9782602
3,21990,5.0663,"100–1,000",9782602
4,12194,2.8094,"100–1,000",9782602
5,7095,1.6346,"100–1,000",9782602
51–100,4,0.0009,"100–1,000",9782602
6–10,10044,2.314,"100–1,000",9782602
1,3170775,85.6059,1–100,9782602
11–20,1557,0.042,1–100,9782602
2,391149,10.5604,1–100,9782602
21–50,109,0.0029,1–100,9782602
3,82035,2.2148,1–100,9782602
4,29539,0.7975,1–100,9782602
5,13840,0.3737,1–100,9782602
51–100,1,0.0,1–100,9782602
6–10,14915,0.4027,1–100,9782602
>100,1,0.0,1–100,9782602
1,5032,71.6911,">100,000",9782602
11–20,103,1.4674,">100,000",9782602
2,792,11.2837,">100,000",9782602
21–50,62,0.8833,">100,000",9782602
3,385,5.4851,">100,000",9782602
4,206,2.9349,">100,000",9782602
5,140,1.9946,">100,000",9782602
51–100,19,0.2707,">100,000",9782602
6–10,278,3.9607,">100,000",9782602
>100,2,0.0285,">100,000",9782602
1,2312010,89.1496,0–1,9976964
11–20,362,0.014,0–1,9976964
2,211558,8.1575,0–1,9976964
21–50,22,0.0008,0–1,9976964
3,44543,1.7175,0–1,9976964
4,14300,0.5514,0–1,9976964
5,7337,0.2829,0–1,9976964
51–100,1,0.0,0–1,9976964
6–10,3271,0.1261,0–1,9976964
1,174729,74.9833,"1,000–10,000",9976964
11–20,1897,0.8141,"1,000–10,000",9976964
2,24903,10.6869,"1,000–10,000",9976964
21–50,143,0.0614,"1,000–10,000",9976964
3,11699,5.0205,"1,000–10,000",9976964
4,6996,3.0023,"1,000–10,000",9976964
5,4553,1.9539,"1,000–10,000",9976964
51–100,6,0.0026,"1,000–10,000",9976964
6–10,8098,3.4752,"1,000–10,000",9976964
1,43748,78.2332,"10,000–100,000",9976964
11–20,749,1.3394,"10,000–100,000",9976964
2,4659,8.3315,"10,000–100,000",9976964
21–50,86,0.1538,"10,000–100,000",9976964
3,2261,4.0433,"10,000–100,000",9976964
4,1392,2.4893,"10,000–100,000",9976964
5,1002,1.7918,"10,000–100,000",9976964
51–100,4,0.0072,"10,000–100,000",9976964
6–10,2019,3.6105,"10,000–100,000",9976964
1,517886,82.6947,"100–1,000",9976964
11–20,1348,0.2152,"100–1,000",9976964
2,51874,8.2831,"100–1,000",9976964
21–50,123,0.0196,"100–1,000",9976964
3,24297,3.8797,"100–1,000",9976964
4,13019,2.0788,"100–1,000",9976964
5,7574,1.2094,"100–1,000",9976964
51–100,4,0.0006,"100–1,000",9976964
6–10,10137,1.6186,"100–1,000",9976964
>100,1,0.0002,"100–1,000",9976964
1,3187082,84.9738,1–100,9976964
11–20,1451,0.0387,1–100,9976964
2,416995,11.1179,1–100,9976964
21–50,106,0.0028,1–100,9976964
3,85420,2.2775,1–100,9976964
4,30657,0.8174,1–100,9976964
5,14119,0.3764,1–100,9976964
6–10,14833,0.3955,1–100,9976964
1,7114,72.7626,">100,000",9976964
11–20,134,1.3706,">100,000",9976964
2,1114,11.3941,">100,000",9976964
21–50,68,0.6955,">100,000",9976964
3,483,4.9402,">100,000",9976964
4,274,2.8025,">100,000",9976964
5,193,1.974,">100,000",9976964
51–100,23,0.2352,">100,000",9976964
6–10,372,3.8048,">100,000",9976964
>100,2,0.0205,">100,000",9976964
1,2366729,89.5206,0–1,10176690
11–20,371,0.014,0–1,10176690
2,209049,7.9072,0–1,10176690
21–50,20,0.0008,0–1,10176690
3,43132,1.6315,0–1,10176690
4,13984,0.5289,0–1,10176690
5,7257,0.2745,0–1,10176690
6–10,3238,0.1225,0–1,10176690
1,146784,67.8265,"1,000–10,000",10176690
11–20,2019,0.9329,"1,000–10,000",10176690
2,28383,13.1153,"1,000–10,000",10176690
21–50,159,0.0735,"1,000–10,000",10176690
3,14938,6.9026,"1,000–10,000",10176690
4,8743,4.04,"1,000–10,000",10176690
5,5652,2.6117,"1,000–10,000",10176690
51–100,7,0.0032,"1,000–10,000",10176690
6–10,9726,4.4942,"1,000–10,000",10176690
1,51275,76.1333,"10,000–100,000",10176690
11–20,949,1.4091,"10,000–100,000",10176690
2,6265,9.3023,"10,000–100,000",10176690
21–50,101,0.15,"10,000–100,000",10176690
3,3040,4.5138,"10,000–100,000",10176690
4,1852,2.7499,"10,000–100,000",10176690
5,1275,1.8931,"10,000–100,000",10176690
51–100,4,0.0059,"10,000–100,000",10176690
6–10,2588,3.8427,"10,000–100,000",10176690
1,683522,84.4799,"100–1,000",10176690
11–20,1298,0.1604,"100–1,000",10176690
2,62701,7.7495,"100–1,000",10176690
21–50,126,0.0156,"100–1,000",10176690
3,28240,3.4903,"100–1,000",10176690
4,14566,1.8003,"100–1,000",10176690
5,8169,1.0096,"100–1,000",10176690
51–100,4,0.0005,"100–1,000",10176690
6–10,10467,1.2937,"100–1,000",10176690
>100,1,0.0001,"100–1,000",10176690
1,3390742,85.8038,1–100,10176690
11–20,1379,0.0349,1–100,10176690
2,418697,10.5953,1–100,10176690
21–50,97,0.0025,1–100,10176690
3,84023,2.1262,1–100,10176690
4,29589,0.7488,1–100,10176690
5,13326,0.3372,1–100,10176690
51–100,1,0.0,1–100,10176690
6–10,13885,0.3514,1–100,10176690
>100,1,0.0,1–100,10176690
1,8346,73.3714,">100,000",10176690
11–20,149,1.3099,">100,000",10176690
2,1297,11.4022,">100,000",10176690
21–50,71,0.6242,">100,000",10176690
3,546,4.8,">100,000",10176690
4,307,2.6989,">100,000",10176690
5,214,1.8813,">100,000",10176690
51–100,25,0.2198,">100,000",10176690
6–10,418,3.6747,">100,000",10176690
>100,2,0.0176,">100,000",10176690
1,2361936,89.4142,0–1,10370274
11–20,376,0.0142,0–1,10370274
2,212354,8.0389,0–1,10370274
21–50,21,0.0008,0–1,10370274
3,42784,1.6196,0–1,10370274
4,13781,0.5217,0–1,10370274
5,7135,0.2701,0–1,10370274
51–100,1,0.0,0–1,10370274
6–10,3179,0.1203,0–1,10370274
>100,1,0.0,0–1,10370274
1,109866,59.7611,"1,000–10,000",10370274
11–20,2197,1.195,"1,000–10,000",10370274
2,28448,15.4742,"1,000–10,000",10370274
21–50,174,0.0946,"1,000–10,000",10370274
3,16257,8.8429,"1,000–10,000",10370274
4,9747,5.3018,"1,000–10,000",10370274
5,6350,3.4541,"1,000–10,000",10370274
51–100,7,0.0038,"1,000–10,000",10370274
6–10,10796,5.8724,"1,000–10,000",10370274
1,50747,74.4615,"10,000–100,000",10370274
11–20,1063,1.5597,"10,000–100,000",10370274
2,6400,9.3908,"10,000–100,000",10370274
21–50,132,0.1937,"10,000–100,000",10370274
3,3323,4.8759,"10,000–100,000",10370274
4,2119,3.1092,"10,000–100,000",10370274
5,1459,2.1408,"10,000–100,000",10370274
51–100,4,0.0059,"10,000–100,000",10370274
6–10,2905,4.2625,"10,000–100,000",10370274
1,373722,74.6174,"100–1,000",10370274
11–20,1319,0.2634,"100–1,000",10370274
2,60192,12.0179,"100–1,000",10370274
21–50,130,0.026,"100–1,000",10370274
3,30447,6.0791,"100–1,000",10370274
4,15547,3.1041,"100–1,000",10370274
5,8595,1.7161,"100–1,000",10370274
51–100,8,0.0016,"100–1,000",10370274
6–10,10889,2.1741,"100–1,000",10370274
>100,2,0.0004,"100–1,000",10370274
1,3644558,86.4453,1–100,10370274
11–20,1416,0.0336,1–100,10370274
2,426206,10.1092,1–100,10370274
21–50,96,0.0023,1–100,10370274
3,86038,2.0407,1–100,10370274
4,30014,0.7119,1–100,10370274
5,13586,0.3222,1–100,10370274
6–10,14116,0.3348,1–100,10370274
1,9247,71.4054,">100,000",10370274
11–20,198,1.529,">100,000",10370274
2,1491,11.5135,">100,000",10370274
21–50,77,0.5946,">100,000",10370274
3,665,5.1351,">100,000",10370274
4,403,3.112,">100,000",10370274
5,303,2.3398,">100,000",10370274
51–100,25,0.1931,">100,000",10370274
6–10,539,4.1622,">100,000",10370274
>100,2,0.0154,">100,000",10370274
0,1,0.0,0–1,10570485
1,2490247,90.2164,0–1,10570485
11–20,383,0.0139,0–1,10570485
2,206169,7.4691,0–1,10570485
21–50,20,0.0007,0–1,10570485
3,40940,1.4832,0–1,10570485
4,12859,0.4659,0–1,10570485
5,6767,0.2452,0–1,10570485
51–100,1,0.0,0–1,10570485
6–10,2916,0.1056,0–1,10570485
1,128201,58.8207,"1,000–10,000",10570485
11–20,2512,1.1525,"1,000–10,000",10570485
2,34908,16.0164,"1,000–10,000",10570485
21–50,206,0.0945,"1,000–10,000",10570485
3,19777,9.074,"1,000–10,000",10570485
4,11772,5.4012,"1,000–10,000",10570485
5,7628,3.4999,"1,000–10,000",10570485
51–100,11,0.005,"1,000–10,000",10570485
6–10,12937,5.9357,"1,000–10,000",10570485
1,53451,70.4591,"10,000–100,000",10570485
11–20,1496,1.972,"10,000–100,000",10570485
2,7618,10.0421,"10,000–100,000",10570485
21–50,189,0.2491,"10,000–100,000",10570485
3,4189,5.5219,"10,000–100,000",10570485
4,2757,3.6343,"10,000–100,000",10570485
5,1968,2.5942,"10,000–100,000",10570485
51–100,6,0.0079,"10,000–100,000",10570485
6–10,4186,5.518,"10,000–100,000",10570485
>100,1,0.0013,"10,000–100,000",10570485
1,365321,72.3253,"100–1,000",10570485
11–20,1374,0.272,"100–1,000",10570485
2,67813,13.4254,"100–1,000",10570485
21–50,128,0.0253,"100–1,000",10570485
3,33324,6.5974,"100–1,000",10570485
4,16751,3.3163,"100–1,000",10570485
5,9150,1.8115,"100–1,000",10570485
51–100,3,0.0006,"100–1,000",10570485
6–10,11242,2.2257,"100–1,000",10570485
>100,2,0.0004,"100–1,000",10570485
1,3709274,86.3915,1–100,10570485
11–20,1332,0.031,1–100,10570485
2,436496,10.1663,1–100,10570485
21–50,94,0.0022,1–100,10570485
3,87948,2.0484,1–100,10570485
4,30702,0.7151,1–100,10570485
5,13672,0.3184,1–100,10570485
51–100,3,0.0001,1–100,10570485
6–10,14041,0.327,1–100,10570485
1,14793,74.8368,">100,000",10570485
11–20,308,1.5582,">100,000",10570485
2,1916,9.6929,">100,000",10570485
21–50,97,0.4907,">100,000",10570485
3,872,4.4114,">100,000",10570485
4,563,2.8482,">100,000",10570485
5,427,2.1602,">100,000",10570485
51–100,25,0.1265,">100,000",10570485
6–10,763,3.86,">100,000",10570485
>100,3,0.0152,">100,000",10570485
0,1,0.0,0–1,10771925
1,2529825,90.6084,0–1,10771925
11–20,391,0.014,0–1,10771925
2,201579,7.2198,0–1,10771925
21–50,23,0.0008,0–1,10771925
3,39099,1.4004,0–1,10771925
4,11991,0.4295,0–1,10771925
5,6407,0.2295,0–1,10771925
51–100,1,0.0,0–1,10771925
6–10,2724,0.0976,0–1,10771925
1,225587,64.1457,"1,000–10,000",10771925
11–20,3189,0.9068,"1,000–10,000",10771925
2,52139,14.8257,"1,000–10,000",10771925
21–50,296,0.0842,"1,000–10,000",10771925
3,28097,7.9894,"1,000–10,000",10771925
4,15817,4.4976,"1,000–10,000",10771925
5,9934,2.8247,"1,000–10,000",10771925
51–100,14,0.004,"1,000–10,000",10771925
6–10,16605,4.7216,"1,000–10,000",10771925
>100,1,0.0003,"1,000–10,000",10771925
1,67491,63.8255,"10,000–100,000",10771925
11–20,2765,2.6148,"10,000–100,000",10771925
2,12325,11.6556,"10,000–100,000",10771925
21–50,383,0.3622,"10,000–100,000",10771925
3,7154,6.7655,"10,000–100,000",10771925
4,4676,4.422,"10,000–100,000",10771925
5,3366,3.1832,"10,000–100,000",10771925
51–100,16,0.0151,"10,000–100,000",10771925
6–10,7566,7.1551,"10,000–100,000",10771925
>100,1,0.0009,"10,000–100,000",10771925
1,581353,78.0359,"100–1,000",10771925
11–20,1401,0.1881,"100–1,000",10771925
2,84569,11.3518,"100–1,000",10771925
21–50,127,0.017,"100–1,000",10771925
3,37657,5.0548,"100–1,000",10771925
4,18342,2.4621,"100–1,000",10771925
5,9819,1.318,"100–1,000",10771925
51–100,4,0.0005,"100–1,000",10771925
6–10,11708,1.5716,"100–1,000",10771925
>100,1,0.0001,"100–1,000",10771925
1,3700174,86.3699,1–100,10771925
11–20,1187,0.0277,1–100,10771925
2,439958,10.2696,1–100,10771925
21–50,83,0.0019,1–100,10771925
3,87001,2.0308,1–100,10771925
4,29778,0.6951,1–100,10771925
5,13032,0.3042,1–100,10771925
51–100,4,0.0001,1–100,10771925
6–10,12883,0.3007,1–100,10771925
1,18123,69.4687,">100,000",10771925
11–20,604,2.3152,">100,000",10771925
2,2838,10.8786,">100,000",10771925
21–50,163,0.6248,">100,000",10771925
3,1382,5.2975,">100,000",10771925
4,862,3.3042,">100,000",10771925
5,649,2.4877,">100,000",10771925
51–100,34,0.1303,">100,000",10771925
6–10,1428,5.4738,">100,000",10771925
>100,5,0.0192,">100,000",10771925
0,1,0.0,0–1,10966874
1,2528002,90.0978,0–1,10966874
11–20,438,0.0156,0–1,10966874
2,211876,7.5512,0–1,10966874
21–50,25,0.0009,0–1,10966874
3,42044,1.4984,0–1,10966874
4,13283,0.4734,0–1,10966874
5,6934,0.2471,0–1,10966874
51–100,7,0.0002,0–1,10966874
6–10,3231,0.1152,0–1,10966874
1,285856,64.736,"1,000–10,000",10966874
11–20,5158,1.1681,"1,000–10,000",10966874
2,62295,14.1076,"1,000–10,000",10966874
21–50,568,0.1286,"1,000–10,000",10966874
3,33280,7.5367,"1,000–10,000",10966874
4,19466,4.4083,"1,000–10,000",10966874
5,12664,2.8679,"1,000–10,000",10966874
51–100,21,0.0048,"1,000–10,000",10966874
6–10,22261,5.0413,"1,000–10,000",10966874
>100,3,0.0007,"1,000–10,000",10966874
1,68094,66.734,"10,000–100,000",10966874
11–20,2911,2.8529,"10,000–100,000",10966874
2,10444,10.2354,"10,000–100,000",10966874
21–50,525,0.5145,"10,000–100,000",10966874
3,6017,5.8968,"10,000–100,000",10966874
4,4056,3.975,"10,000–100,000",10966874
5,2975,2.9156,"10,000–100,000",10966874
51–100,25,0.0245,"10,000–100,000",10966874
6–10,6991,6.8514,"10,000–100,000",10966874
1,700681,78.9081,"100–1,000",10966874
11–20,1760,0.1982,"100–1,000",10966874
2,96566,10.8749,"100–1,000",10966874
21–50,146,0.0164,"100–1,000",10966874
3,42549,4.7917,"100–1,000",10966874
4,20730,2.3345,"100–1,000",10966874
5,11270,1.2692,"100–1,000",10966874
51–100,4,0.0005,"100–1,000",10966874
6–10,14263,1.6062,"100–1,000",10966874
>100,2,0.0002,"100–1,000",10966874
1,3843136,86.3388,1–100,10966874
11–20,1448,0.0325,1–100,10966874
2,452583,10.1676,1–100,10966874
21–50,97,0.0022,1–100,10966874
3,92671,2.0819,1–100,10966874
4,31918,0.7171,1–100,10966874
5,14260,0.3204,1–100,10966874
51–100,2,0.0,1–100,10966874
6–10,15113,0.3395,1–100,10966874
1,20448,74.4593,">100,000",10966874
11–20,585,2.1302,">100,000",10966874
2,2573,9.3693,">100,000",10966874
21–50,174,0.6336,">100,000",10966874
3,1142,4.1585,">100,000",10966874
4,749,2.7274,">100,000",10966874
5,542,1.9736,">100,000",10966874
51–100,38,0.1384,">100,000",10966874
6–10,1202,4.377,">100,000",10966874
>100,9,0.0328,">100,000",10966874
0,1,0.0,0–1,11167817
1,2644978,90.428,0–1,11167817
11–20,458,0.0157,0–1,11167817
2,211255,7.2225,0–1,11167817
21–50,27,0.0009,0–1,11167817
3,43613,1.4911,0–1,11167817
4,13996,0.4785,0–1,11167817
5,7245,0.2477,0–1,11167817
51–100,8,0.0003,0–1,11167817
6–10,3373,0.1153,0–1,11167817
1,189300,57.756,"1,000–10,000",11167817
11–20,5575,1.701,"1,000–10,000",11167817
2,52161,15.9145,"1,000–10,000",11167817
21–50,749,0.2285,"1,000–10,000",11167817
3,28997,8.8471,"1,000–10,000",11167817
4,17584,5.3649,"1,000–10,000",11167817
5,11640,3.5514,"1,000–10,000",11167817
51–100,32,0.0098,"1,000–10,000",11167817
6–10,21719,6.6265,"1,000–10,000",11167817
>100,1,0.0003,"1,000–10,000",11167817
1,78195,71.4077,"10,000–100,000",11167817
11–20,2709,2.4739,"10,000–100,000",11167817
2,10100,9.2233,"10,000–100,000",11167817
21–50,555,0.5068,"10,000–100,000",11167817
3,5550,5.0683,"10,000–100,000",11167817
4,3612,3.2985,"10,000–100,000",11167817
5,2634,2.4054,"10,000–100,000",11167817
51–100,32,0.0292,"10,000–100,000",11167817
6–10,6115,5.5842,"10,000–100,000",11167817
>100,3,0.0027,"10,000–100,000",11167817
1,533998,72.3414,"100–1,000",11167817
11–20,2436,0.33,"100–1,000",11167817
2,101605,13.7646,"100–1,000",11167817
21–50,219,0.0297,"100–1,000",11167817
3,46526,6.3029,"100–1,000",11167817
4,23216,3.1451,"100–1,000",11167817
5,12823,1.7371,"100–1,000",11167817
51–100,6,0.0008,"100–1,000",11167817
6–10,17331,2.3479,"100–1,000",11167817
>100,4,0.0005,"100–1,000",11167817
1,4005479,85.8584,1–100,11167817
11–20,1764,0.0378,1–100,11167817
2,489546,10.4935,1–100,11167817
21–50,123,0.0026,1–100,11167817
3,100726,2.1591,1–100,11167817
4,34981,0.7498,1–100,11167817
5,15673,0.336,1–100,11167817
51–100,8,0.0002,1–100,11167817
6–10,16911,0.3625,1–100,11167817
>100,2,0.0,1–100,11167817
1,18836,71.7671,">100,000",11167817
11–20,561,2.1375,">100,000",11167817
2,2819,10.7407,">100,000",11167817
21–50,198,0.7544,">100,000",11167817
3,1252,4.7703,">100,000",11167817
4,768,2.9262,">100,000",11167817
5,557,2.1222,">100,000",11167817
51–100,39,0.1486,">100,000",11167817
6–10,1203,4.5836,">100,000",11167817
>100,13,0.0495,">100,000",11167817
0,1,0.0,0–1,11363270
1,2797150,90.8316,0–1,11363270
11–20,488,0.0158,0–1,11363270
2,215689,7.004,0–1,11363270
21–50,37,0.0012,0–1,11363270
3,42414,1.3773,0–1,11363270
4,13358,0.4338,0–1,11363270
5,7044,0.2287,0–1,11363270
51–100,12,0.0004,0–1,11363270
6–10,3297,0.1071,0–1,11363270
1,209314,58.733,"1,000–10,000",11363270
11–20,5917,1.6603,"1,000–10,000",11363270
2,53998,15.1517,"1,000–10,000",11363270
21–50,826,0.2318,"1,000–10,000",11363270
3,30910,8.6733,"1,000–10,000",11363270
4,18826,5.2825,"1,000–10,000",11363270
5,12727,3.5712,"1,000–10,000",11363270
51–100,36,0.0101,"1,000–10,000",11363270
6–10,23826,6.6855,"1,000–10,000",11363270
>100,2,0.0006,"1,000–10,000",11363270
1,96234,70.6222,"10,000–100,000",11363270
11–20,3643,2.6734,"10,000–100,000",11363270
2,12502,9.1747,"10,000–100,000",11363270
21–50,773,0.5673,"10,000–100,000",11363270
3,6891,5.057,"10,000–100,000",11363270
4,4718,3.4623,"10,000–100,000",11363270
5,3358,2.4643,"10,000–100,000",11363270
51–100,43,0.0316,"10,000–100,000",11363270
6–10,8099,5.9435,"10,000–100,000",11363270
>100,5,0.0037,"10,000–100,000",11363270
1,553712,72.944,"100–1,000",11363270
11–20,2300,0.303,"100–1,000",11363270
2,103452,13.6284,"100–1,000",11363270
21–50,209,0.0275,"100–1,000",11363270
3,46985,6.1896,"100–1,000",11363270
4,23256,3.0637,"100–1,000",11363270
5,12540,1.652,"100–1,000",11363270
51–100,8,0.0011,"100–1,000",11363270
6–10,16627,2.1904,"100–1,000",11363270
>100,3,0.0004,"100–1,000",11363270
1,4372692,86.2983,1–100,11363270
11–20,1679,0.0331,1–100,11363270
2,519863,10.2599,1–100,11363270
21–50,112,0.0022,1–100,11363270
3,105566,2.0834,1–100,11363270
4,35543,0.7015,1–100,11363270
5,15114,0.2983,1–100,11363270
51–100,7,0.0001,1–100,11363270
6–10,16374,0.3232,1–100,11363270
>100,3,0.0001,1–100,11363270
1,24121,71.5927,">100,000",11363270
11–20,781,2.3181,">100,000",11363270
2,3613,10.7236,">100,000",11363270
21–50,251,0.745,">100,000",11363270
3,1631,4.8409,">100,000",11363270
4,951,2.8226,">100,000",11363270
5,684,2.0302,">100,000",11363270
51–100,46,0.1365,">100,000",11363270
6–10,1597,4.74,">100,000",11363270
>100,17,0.0505,">100,000",11363270
0,1,0.0,0–1,11565019
1,2676574,90.4325,0–1,11565019
11–20,472,0.0159,0–1,11565019
2,215807,7.2914,0–1,11565019
21–50,34,0.0011,0–1,11565019
3,42942,1.4509,0–1,11565019
4,13554,0.4579,0–1,11565019
5,7041,0.2379,0–1,11565019
51–100,14,0.0005,0–1,11565019
6–10,3307,0.1117,0–1,11565019
>100,1,0.0,0–1,11565019
1,224959,58.7324,"1,000–10,000",11565019
11–20,7313,1.9093,"1,000–10,000",11565019
2,56355,14.7132,"1,000–10,000",11565019
21–50,1040,0.2715,"1,000–10,000",11565019
3,32629,8.5188,"1,000–10,000",11565019
4,20230,5.2817,"1,000–10,000",11565019
5,13881,3.6241,"1,000–10,000",11565019
51–100,50,0.0131,"1,000–10,000",11565019
6–10,26563,6.9351,"1,000–10,000",11565019
>100,4,0.001,"1,000–10,000",11565019
1,101077,69.5442,"10,000–100,000",11565019
11–20,4368,3.0053,"10,000–100,000",11565019
2,13853,9.5313,"10,000–100,000",11565019
21–50,1049,0.7217,"10,000–100,000",11565019
3,7585,5.2187,"10,000–100,000",11565019
4,4931,3.3927,"10,000–100,000",11565019
5,3658,2.5168,"10,000–100,000",11565019
51–100,64,0.044,"10,000–100,000",11565019
6–10,8750,6.0203,"10,000–100,000",11565019
>100,7,0.0048,"10,000–100,000",11565019
1,647813,73.6998,"100–1,000",11565019
11–20,2629,0.2991,"100–1,000",11565019
2,118348,13.4641,"100–1,000",11565019
21–50,249,0.0283,"100–1,000",11565019
3,52381,5.9592,"100–1,000",11565019
4,25618,2.9145,"100–1,000",11565019
5,13678,1.5561,"100–1,000",11565019
51–100,7,0.0008,"100–1,000",11565019
6–10,18263,2.0777,"100–1,000",11565019
>100,3,0.0003,"100–1,000",11565019
1,4751693,86.476,1–100,11565019
11–20,1769,0.0322,1–100,11565019
2,556526,10.1282,1–100,11565019
21–50,135,0.0025,1–100,11565019
3,113517,2.0659,1–100,11565019
4,37681,0.6858,1–100,11565019
5,16104,0.2931,1–100,11565019
51–100,10,0.0002,1–100,11565019
6–10,17375,0.3162,1–100,11565019
>100,4,0.0001,1–100,11565019
1,32458,75.4101,">100,000",11565019
11–20,865,2.0097,">100,000",11565019
2,4165,9.6766,">100,000",11565019
21–50,300,0.697,">100,000",11565019
3,1721,3.9984,">100,000",11565019
4,1014,2.3558,">100,000",11565019
5,715,1.6612,">100,000",11565019
51–100,59,0.1371,">100,000",11565019
6–10,1724,4.0054,">100,000",11565019
>100,21,0.0488,">100,000",11565019
0,1,0.0,0–1,11766939
1,2824177,90.7878,0–1,11766939
11–20,528,0.017,0–1,11766939
2,220155,7.0772,0–1,11766939
21–50,46,0.0015,0–1,11766939
3,42450,1.3646,0–1,11766939
4,13190,0.424,0–1,11766939
5,6845,0.22,0–1,11766939
51–100,15,0.0005,0–1,11766939
6–10,3334,0.1072,0–1,11766939
>100,3,0.0001,0–1,11766939
1,281588,56.8152,"1,000–10,000",11766939
11–20,7116,1.4358,"1,000–10,000",11766939
2,83471,16.8417,"1,000–10,000",11766939
21–50,866,0.1747,"1,000–10,000",11766939
3,46407,9.3634,"1,000–10,000",11766939
4,27772,5.6035,"1,000–10,000",11766939
5,17652,3.5616,"1,000–10,000",11766939
51–100,41,0.0083,"1,000–10,000",11766939
6–10,30707,6.1957,"1,000–10,000",11766939
>100,1,0.0002,"1,000–10,000",11766939
1,119779,61.004,"10,000–100,000",11766939
11–20,8027,4.0882,"10,000–100,000",11766939
2,21159,10.7764,"10,000–100,000",11766939
21–50,1817,0.9254,"10,000–100,000",11766939
3,12782,6.5099,"10,000–100,000",11766939
4,8881,4.5231,"10,000–100,000",11766939
5,6765,3.4454,"10,000–100,000",11766939
51–100,96,0.0489,"10,000–100,000",11766939
6–10,17023,8.6699,"10,000–100,000",11766939
>100,17,0.0087,"10,000–100,000",11766939
1,810612,75.5239,"100–1,000",11766939
11–20,2103,0.1959,"100–1,000",11766939
2,145191,13.5273,"100–1,000",11766939
21–50,180,0.0168,"100–1,000",11766939
3,58676,5.4668,"100–1,000",11766939
4,26729,2.4903,"100–1,000",11766939
5,13461,1.2541,"100–1,000",11766939
51–100,2,0.0002,"100–1,000",11766939
6–10,16359,1.5242,"100–1,000",11766939
>100,6,0.0006,"100–1,000",11766939
1,4757150,87.0292,1–100,11766939
11–20,1544,0.0282,1–100,11766939
2,539401,9.868,1–100,11766939
21–50,128,0.0023,1–100,11766939
3,105226,1.925,1–100,11766939
4,33627,0.6152,1–100,11766939
5,14197,0.2597,1–100,11766939
51–100,10,0.0002,1–100,11766939
6–10,14867,0.272,1–100,11766939
>100,1,0.0,1–100,11766939
1,32123,64.9461,">100,000",11766939
11–20,1771,3.5806,">100,000",11766939
2,5944,12.0175,">100,000",11766939
21–50,629,1.2717,">100,000",11766939
3,2787,5.6347,">100,000",11766939
4,1799,3.6372,">100,000",11766939
5,1229,2.4848,">100,000",11766939
51–100,81,0.1638,">100,000",11766939
6–10,3069,6.2049,">100,000",11766939
>100,29,0.0586,">100,000",11766939
0,1,0.0,0–1,11948960
1,2815815,91.2261,0–1,11948960
11–20,554,0.0179,0–1,11948960
2,208222,6.7459,0–1,11948960
21–50,63,0.002,0–1,11948960
3,39525,1.2805,0–1,11948960
4,12496,0.4048,0–1,11948960
5,6654,0.2156,0–1,11948960
51–100,17,0.0006,0–1,11948960
6–10,3278,0.1062,0–1,11948960
>100,7,0.0002,0–1,11948960
1,406418,58.3678,"1,000–10,000",11948960
11–20,7911,1.1361,"1,000–10,000",11948960
2,121485,17.4471,"1,000–10,000",11948960
21–50,865,0.1242,"1,000–10,000",11948960
3,63719,9.151,"1,000–10,000",11948960
4,36281,5.2105,"1,000–10,000",11948960
5,22567,3.241,"1,000–10,000",11948960
51–100,26,0.0037,"1,000–10,000",11948960
6–10,37031,5.3182,"1,000–10,000",11948960
>100,2,0.0003,"1,000–10,000",11948960
1,127935,53.5728,"10,000–100,000",11948960
11–20,11484,4.8089,"10,000–100,000",11948960
2,29693,12.4339,"10,000–100,000",11948960
21–50,2835,1.1872,"10,000–100,000",11948960
3,18609,7.7925,"10,000–100,000",11948960
4,13308,5.5727,"10,000–100,000",11948960
5,9958,4.1699,"10,000–100,000",11948960
51–100,149,0.0624,"10,000–100,000",11948960
6–10,24820,10.3934,"10,000–100,000",11948960
>100,15,0.0063,"10,000–100,000",11948960
1,1060365,77.5537,"100–1,000",11948960
11–20,1884,0.1378,"100–1,000",11948960
2,180409,13.1949,"100–1,000",11948960
21–50,180,0.0132,"100–1,000",11948960
3,66203,4.842,"100–1,000",11948960
4,28515,2.0856,"100–1,000",11948960
5,13691,1.0013,"100–1,000",11948960
51–100,5,0.0004,"100–1,000",11948960
6–10,16006,1.1707,"100–1,000",11948960
>100,7,0.0005,"100–1,000",11948960
1,4910631,87.3491,1–100,11948960
11–20,1403,0.025,1–100,11948960
2,546698,9.7245,1–100,11948960
21–50,118,0.0021,1–100,11948960
3,103771,1.8459,1–100,11948960
4,32202,0.5728,1–100,11948960
5,13326,0.237,1–100,11948960
51–100,12,0.0002,1–100,11948960
6–10,13685,0.2434,1–100,11948960
>100,1,0.0,1–100,11948960
1,47886,67.0391,">100,000",11948960
11–20,2594,3.6315,">100,000",11948960
2,7654,10.7154,">100,000",11948960
21–50,1062,1.4868,">100,000",11948960
3,3648,5.1071,">100,000",11948960
4,2392,3.3487,">100,000",11948960
5,1701,2.3814,">100,000",11948960
51–100,131,0.1834,">100,000",11948960
6–10,4328,6.0591,">100,000",11948960
>100,34,0.0476,">100,000",11948960
0,1,0.0,0–1,12150245
1,2620035,93.1689,0–1,12150245
11–20,537,0.0191,0–1,12150245
2,134765,4.7923,0–1,12150245
21–50,58,0.0021,0–1,12150245
3,36610,1.3019,0–1,12150245
4,11289,0.4014,0–1,12150245
5,5944,0.2114,0–1,12150245
51–100,18,0.0006,0–1,12150245
6–10,2865,0.1019,0–1,12150245
>100,13,0.0005,0–1,12150245
1,540192,59.7824,"1,000–10,000",12150245
11–20,7240,0.8012,"1,000–10,000",12150245
2,163584,18.1036,"1,000–10,000",12150245
21–50,729,0.0807,"1,000–10,000",12150245
3,81322,8.9998,"1,000–10,000",12150245
4,44299,4.9025,"1,000–10,000",12150245
5,26079,2.8861,"1,000–10,000",12150245
51–100,26,0.0029,"1,000–10,000",12150245
6–10,40122,4.4403,"1,000–10,000",12150245
>100,4,0.0004,"1,000–10,000",12150245
1,165734,50.4257,"10,000–100,000",12150245
11–20,15184,4.6198,"10,000–100,000",12150245
2,45009,13.6943,"10,000–100,000",12150245
21–50,3520,1.071,"10,000–100,000",12150245
3,29134,8.8642,"10,000–100,000",12150245
4,19902,6.0553,"10,000–100,000",12150245
5,14916,4.5383,"10,000–100,000",12150245
51–100,154,0.0469,"10,000–100,000",12150245
6–10,35095,10.6779,"10,000–100,000",12150245
>100,22,0.0067,"10,000–100,000",12150245
1,1266519,77.5975,"100–1,000",12150245
11–20,2002,0.1227,"100–1,000",12150245
2,224857,13.7766,"100–1,000",12150245
21–50,159,0.0097,"100–1,000",12150245
3,76816,4.7064,"100–1,000",12150245
4,30647,1.8777,"100–1,000",12150245
5,14690,0.9,"100–1,000",12150245
51–100,9,0.0006,"100–1,000",12150245
6–10,16460,1.0085,"100–1,000",12150245
>100,5,0.0003,"100–1,000",12150245
1,5226830,87.6595,1–100,12150245
11–20,976,0.0164,1–100,12150245
2,592876,9.9432,1–100,12150245
21–50,115,0.0019,1–100,12150245
3,91854,1.5405,1–100,12150245
4,28143,0.472,1–100,12150245
5,11351,0.1904,1–100,12150245
51–100,11,0.0002,1–100,12150245
6–10,10489,0.1759,1–100,12150245
>100,3,0.0001,1–100,12150245
1,56788,62.1837,">100,000",12150245
11–20,4223,4.6242,">100,000",12150245
2,10553,11.5557,">100,000",12150245
21–50,1852,2.028,">100,000",12150245
3,5171,5.6623,">100,000",12150245
4,3446,3.7734,">100,000",12150245
5,2482,2.7178,">100,000",12150245
51–100,219,0.2398,">100,000",12150245
6–10,6538,7.1592,">100,000",12150245
>100,51,0.0558,">100,000",12150245
0,1,0.0,0–1,12344945
1,2702479,93.0983,0–1,12344945
11–20,569,0.0196,0–1,12344945
2,140876,4.8531,0–1,12344945
21–50,73,0.0025,0–1,12344945
3,37731,1.2998,0–1,12344945
4,11793,0.4063,0–1,12344945
5,6172,0.2126,0–1,12344945
51–100,20,0.0007,0–1,12344945
6–10,3093,0.1066,0–1,12344945
>100,17,0.0006,0–1,12344945
1,642955,61.5554,"1,000–10,000",12344945
11–20,8477,0.8116,"1,000–10,000",12344945
2,181373,17.3643,"1,000–10,000",12344945
21–50,880,0.0842,"1,000–10,000",12344945
3,88254,8.4493,"1,000–10,000",12344945
4,48371,4.631,"1,000–10,000",12344945
5,28998,2.7762,"1,000–10,000",12344945
51–100,27,0.0026,"1,000–10,000",12344945
6–10,45170,4.3245,"1,000–10,000",12344945
>100,9,0.0009,"1,000–10,000",12344945
1,187698,51.3587,"10,000–100,000",12344945
11–20,16687,4.566,"10,000–100,000",12344945
2,51375,14.0574,"10,000–100,000",12344945
21–50,4018,1.0994,"10,000–100,000",12344945
3,31382,8.5869,"10,000–100,000",12344945
4,21160,5.7899,"10,000–100,000",12344945
5,15632,4.2773,"10,000–100,000",12344945
51–100,208,0.0569,"10,000–100,000",12344945
6–10,37279,10.2004,"10,000–100,000",12344945
>100,26,0.0071,"10,000–100,000",12344945
1,1601043,78.1296,"100–1,000",12344945
11–20,2109,0.1029,"100–1,000",12344945
2,284159,13.8667,"100–1,000",12344945
21–50,207,0.0101,"100–1,000",12344945
3,92898,4.5333,"100–1,000",12344945
4,35401,1.7275,"100–1,000",12344945
5,15997,0.7806,"100–1,000",12344945
51–100,7,0.0003,"100–1,000",12344945
6–10,17386,0.8484,"100–1,000",12344945
>100,8,0.0004,"100–1,000",12344945
1,5381167,88.2834,1–100,12344945
11–20,1097,0.018,1–100,12344945
2,576827,9.4634,1–100,12344945
21–50,130,0.0021,1–100,12344945
3,86376,1.4171,1–100,12344945
4,26952,0.4422,1–100,12344945
5,11488,0.1885,1–100,12344945
51–100,13,0.0002,1–100,12344945
6–10,11281,0.1851,1–100,12344945
>100,4,0.0001,1–100,12344945
1,64647,63.2498,">100,000",12344945
11–20,4237,4.1454,">100,000",12344945
2,11899,11.6418,">100,000",12344945
21–50,1970,1.9274,">100,000",12344945
3,5745,5.6208,">100,000",12344945
4,3755,3.6738,">100,000",12344945
5,2660,2.6025,">100,000",12344945
51–100,241,0.2358,">100,000",12344945
6–10,6993,6.8419,">100,000",12344945
>100,62,0.0607,">100,000",12344945
0,1,0.0,0–1,12545219
1,3028142,91.5596,0–1,12545219
11–20,622,0.0188,0–1,12545219
2,212881,6.4367,0–1,12545219
21–50,85,0.0026,0–1,12545219
3,41694,1.2607,0–1,12545219
4,13189,0.3988,0–1,12545219
5,6953,0.2102,0–1,12545219
51–100,26,0.0008,0–1,12545219
6–10,3675,0.1111,0–1,12545219
>100,21,0.0006,0–1,12545219
1,628574,60.5336,"1,000–10,000",12545219
11–20,12441,1.1981,"1,000–10,000",12545219
2,176629,17.0099,"1,000–10,000",12545219
21–50,1634,0.1574,"1,000–10,000",12545219
3,86802,8.3593,"1,000–10,000",12545219
4,49058,4.7244,"1,000–10,000",12545219
5,30631,2.9499,"1,000–10,000",12545219
51–100,52,0.005,"1,000–10,000",12545219
6–10,52562,5.0619,"1,000–10,000",12545219
>100,5,0.0005,"1,000–10,000",12545219
1,176560,54.338,"10,000–100,000",12545219
11–20,14222,4.377,"10,000–100,000",12545219
2,45511,14.0064,"10,000–100,000",12545219
21–50,4259,1.3107,"10,000–100,000",12545219
3,25950,7.9864,"10,000–100,000",12545219
4,16957,5.2187,"10,000–100,000",12545219
5,12095,3.7224,"10,000–100,000",12545219
51–100,247,0.076,"10,000–100,000",12545219
6–10,29097,8.9549,"10,000–100,000",12545219
>100,31,0.0095,"10,000–100,000",12545219
1,1777237,78.1624,"100–1,000",12545219
11–20,2670,0.1174,"100–1,000",12545219
2,304834,13.4065,"100–1,000",12545219
21–50,330,0.0145,"100–1,000",12545219
3,103253,4.541,"100–1,000",12545219
4,42768,1.8809,"100–1,000",12545219
5,20113,0.8846,"100–1,000",12545219
51–100,11,0.0005,"100–1,000",12545219
6–10,22548,0.9917,"100–1,000",12545219
>100,10,0.0004,"100–1,000",12545219
1,5575709,88.0989,1–100,12545219
11–20,1528,0.0241,1–100,12545219
2,586106,9.2608,1–100,12545219
21–50,163,0.0026,1–100,12545219
3,105124,1.661,1–100,12545219
4,32580,0.5148,1–100,12545219
5,13719,0.2168,1–100,12545219
51–100,19,0.0003,1–100,12545219
6–10,13967,0.2207,1–100,12545219
>100,6,0.0001,1–100,12545219
1,58334,64.2417,">100,000",12545219
11–20,3097,3.4106,">100,000",12545219
2,11551,12.7208,">100,000",12545219
21–50,1382,1.522,">100,000",12545219
3,5346,5.8874,">100,000",12545219
4,3204,3.5285,">100,000",12545219
5,2160,2.3787,">100,000",12545219
51–100,201,0.2214,">100,000",12545219
6–10,5455,6.0074,">100,000",12545219
>100,74,0.0815,">100,000",12545219
0,1,0.0,0–1,12738509
1,3046623,91.0942,0–1,12738509
11–20,631,0.0189,0–1,12738509
2,226308,6.7666,0–1,12738509
21–50,101,0.003,0–1,12738509
3,45221,1.3521,0–1,12738509
4,14227,0.4254,0–1,12738509
5,7349,0.2197,0–1,12738509
51–100,28,0.0008,0–1,12738509
6–10,3963,0.1185,0–1,12738509
>100,23,0.0007,0–1,12738509
1,590639,59.8625,"1,000–10,000",12738509
11–20,14548,1.4745,"1,000–10,000",12738509
2,164474,16.6698,"1,000–10,000",12738509
21–50,2204,0.2234,"1,000–10,000",12738509
3,82866,8.3986,"1,000–10,000",12738509
4,47253,4.7892,"1,000–10,000",12738509
5,30044,3.045,"1,000–10,000",12738509
51–100,75,0.0076,"1,000–10,000",12738509
6–10,54545,5.5282,"1,000–10,000",12738509
>100,12,0.0012,"1,000–10,000",12738509
1,150355,55.3777,"10,000–100,000",12738509
11–20,11934,4.3955,"10,000–100,000",12738509
2,37463,13.7981,"10,000–100,000",12738509
21–50,3912,1.4408,"10,000–100,000",12738509
3,20863,7.6841,"10,000–100,000",12738509
4,13594,5.0069,"10,000–100,000",12738509
5,9704,3.5741,"10,000–100,000",12738509
51–100,251,0.0924,"10,000–100,000",12738509
6–10,23394,8.6163,"10,000–100,000",12738509
>100,38,0.014,"10,000–100,000",12738509
1,1784632,77.1136,"100–1,000",12738509
11–20,3450,0.1491,"100–1,000",12738509
2,315942,13.6518,"100–1,000",12738509
21–50,420,0.0181,"100–1,000",12738509
3,110692,4.783,"100–1,000",12738509
4,48101,2.0784,"100–1,000",12738509
5,23417,1.0118,"100–1,000",12738509
51–100,12,0.0005,"100–1,000",12738509
6–10,27614,1.1932,"100–1,000",12738509
>100,11,0.0005,"100–1,000",12738509
1,5742992,87.6409,1–100,12738509
11–20,1893,0.0289,1–100,12738509
2,622904,9.5058,1–100,12738509
21–50,207,0.0032,1–100,12738509
3,116532,1.7783,1–100,12738509
4,36723,0.5604,1–100,12738509
5,15538,0.2371,1–100,12738509
51–100,23,0.0004,1–100,12738509
6–10,16047,0.2449,1–100,12738509
>100,11,0.0002,1–100,12738509
1,53914,65.2214,">100,000",12738509
11–20,2485,3.0062,">100,000",12738509
2,10740,12.9925,">100,000",12738509
21–50,1107,1.3392,">100,000",12738509
3,4804,5.8115,">100,000",12738509
4,2900,3.5082,">100,000",12738509
5,1905,2.3045,">100,000",12738509
51–100,173,0.2093,">100,000",12738509
6–10,4559,5.5152,">100,000",12738509
>100,76,0.0919,">100,000",12738509
0,1,0.0,0–1,12936340
1,3130707,91.1783,0–1,12936340
11–20,660,0.0192,0–1,12936340
2,230220,6.7049,0–1,12936340
21–50,109,0.0032,0–1,12936340
3,46258,1.3472,0–1,12936340
4,14241,0.4148,0–1,12936340
5,7353,0.2141,0–1,12936340
51–100,31,0.0009,0–1,12936340
6–10,4004,0.1166,0–1,12936340
>100,24,0.0007,0–1,12936340
1,589832,58.4179,"1,000–10,000",12936340
11–20,14760,1.4619,"1,000–10,000",12936340
2,174456,17.2784,"1,000–10,000",12936340
21–50,2146,0.2125,"1,000–10,000",12936340
3,88601,8.7752,"1,000–10,000",12936340
4,50749,5.0263,"1,000–10,000",12936340
5,32088,3.178,"1,000–10,000",12936340
51–100,73,0.0072,"1,000–10,000",12936340
6–10,56957,5.6411,"1,000–10,000",12936340
>100,14,0.0014,"1,000–10,000",12936340
1,136763,50.6078,"10,000–100,000",12936340
11–20,13202,4.8853,"10,000–100,000",12936340
2,40118,14.8453,"10,000–100,000",12936340
21–50,4289,1.5871,"10,000–100,000",12936340
3,23162,8.5709,"10,000–100,000",12936340
4,15169,5.6131,"10,000–100,000",12936340
5,10848,4.0142,"10,000–100,000",12936340
51–100,279,0.1032,"10,000–100,000",12936340
6–10,26367,9.7568,"10,000–100,000",12936340
>100,44,0.0163,"10,000–100,000",12936340
1,1915661,77.2381,"100–1,000",12936340
11–20,3502,0.1412,"100–1,000",12936340
2,342861,13.8239,"100–1,000",12936340
21–50,443,0.0179,"100–1,000",12936340
3,117606,4.7418,"100–1,000",12936340
4,49158,1.982,"100–1,000",12936340
5,23400,0.9435,"100–1,000",12936340
51–100,14,0.0006,"100–1,000",12936340
6–10,27546,1.1106,"100–1,000",12936340
>100,12,0.0005,"100–1,000",12936340
1,5950739,87.7748,1–100,12936340
11–20,1943,0.0287,1–100,12936340
2,638031,9.4111,1–100,12936340
21–50,205,0.003,1–100,12936340
3,118602,1.7494,1–100,12936340
4,37855,0.5584,1–100,12936340
5,15832,0.2335,1–100,12936340
51–100,28,0.0004,1–100,12936340
6–10,16306,0.2405,1–100,12936340
>100,12,0.0002,1–100,12936340
1,63968,66.2819,">100,000",12936340
11–20,2982,3.0899,">100,000",12936340
2,11793,12.2196,">100,000",12936340
21–50,1288,1.3346,">100,000",12936340
3,5610,5.8129,">100,000",12936340
4,3233,3.3499,">100,000",12936340
5,2156,2.234,">100,000",12936340
51–100,196,0.2031,">100,000",12936340
6–10,5205,5.3933,">100,000",12936340
>100,78,0.0808,">100,000",12936340
0,207,0.006,0–1,13136427
1,3153047,91.2667,0–1,13136427
11–20,673,0.0195,0–1,13136427
2,229474,6.6423,0–1,13136427
21–50,111,0.0032,0–1,13136427
3,45796,1.3256,0–1,13136427
4,14055,0.4068,0–1,13136427
5,7333,0.2123,0–1,13136427
51–100,28,0.0008,0–1,13136427
6–10,4014,0.1162,0–1,13136427
>100,25,0.0007,0–1,13136427
1,696091,59.161,"1,000–10,000",13136427
11–20,13327,1.1327,"1,000–10,000",13136427
2,212003,18.0182,"1,000–10,000",13136427
21–50,1849,0.1571,"1,000–10,000",13136427
3,102978,8.7521,"1,000–10,000",13136427
4,56776,4.8254,"1,000–10,000",13136427
5,34852,2.9621,"1,000–10,000",13136427
51–100,77,0.0065,"1,000–10,000",13136427
6–10,58635,4.9834,"1,000–10,000",13136427
>100,17,0.0014,"1,000–10,000",13136427
1,192688,52.7295,"10,000–100,000",13136427
11–20,16203,4.434,"10,000–100,000",13136427
2,52743,14.4333,"10,000–100,000",13136427
21–50,4729,1.2941,"10,000–100,000",13136427
3,30588,8.3705,"10,000–100,000",13136427
4,20055,5.4881,"10,000–100,000",13136427
5,14320,3.9187,"10,000–100,000",13136427
51–100,285,0.078,"10,000–100,000",13136427
6–10,33774,9.2423,"10,000–100,000",13136427
>100,42,0.0115,"10,000–100,000",13136427
1,2166999,78.7076,"100–1,000",13136427
11–20,3160,0.1148,"100–1,000",13136427
2,367502,13.348,"100–1,000",13136427
21–50,366,0.0133,"100–1,000",13136427
3,120213,4.3663,"100–1,000",13136427
4,47969,1.7423,"100–1,000",13136427
5,21910,0.7958,"100–1,000",13136427
51–100,17,0.0006,"100–1,000",13136427
6–10,25079,0.9109,"100–1,000",13136427
>100,12,0.0004,"100–1,000",13136427
1,6028011,88.2448,1–100,13136427
11–20,1765,0.0258,1–100,13136427
2,623512,9.1277,1–100,13136427
21–50,223,0.0033,1–100,13136427
3,111962,1.639,1–100,13136427
4,35497,0.5196,1–100,13136427
5,14732,0.2157,1–100,13136427
51–100,31,0.0005,1–100,13136427
6–10,15265,0.2235,1–100,13136427
>100,11,0.0002,1–100,13136427
1,70756,63.3027,">100,000",13136427
11–20,4064,3.6359,">100,000",13136427
2,14065,12.5834,">100,000",13136427
21–50,1797,1.6077,">100,000",13136427
3,6979,6.2438,">100,000",13136427
4,4038,3.6126,">100,000",13136427
5,2787,2.4934,">100,000",13136427
51–100,244,0.2183,">100,000",13136427
6–10,6939,6.2081,">100,000",13136427
>100,105,0.0939,">100,000",13136427
0,207,0.0059,0–1,13330090
1,3249992,92.6417,0–1,13330090
11–20,735,0.021,0–1,13330090
2,182937,5.2147,0–1,13330090
21–50,120,0.0034,0–1,13330090
3,47633,1.3578,0–1,13330090
4,14660,0.4179,0–1,13330090
5,7555,0.2154,0–1,13330090
51–100,30,0.0009,0–1,13330090
6–10,4236,0.1207,0–1,13330090
>100,27,0.0008,0–1,13330090
1,714703,59.4382,"1,000–10,000",13330090
11–20,14539,1.2091,"1,000–10,000",13330090
2,214964,17.8774,"1,000–10,000",13330090
21–50,2154,0.1791,"1,000–10,000",13330090
3,103611,8.6168,"1,000–10,000",13330090
4,56974,4.7382,"1,000–10,000",13330090
5,34937,2.9055,"1,000–10,000",13330090
51–100,86,0.0072,"1,000–10,000",13330090
6–10,60441,5.0266,"1,000–10,000",13330090
>100,22,0.0018,"1,000–10,000",13330090
1,191009,53.7329,"10,000–100,000",13330090
11–20,15472,4.3524,"10,000–100,000",13330090
2,50789,14.2875,"10,000–100,000",13330090
21–50,4684,1.3177,"10,000–100,000",13330090
3,29049,8.1718,"10,000–100,000",13330090
4,19094,5.3713,"10,000–100,000",13330090
5,13452,3.7842,"10,000–100,000",13330090
51–100,296,0.0833,"10,000–100,000",13330090
6–10,31590,8.8866,"10,000–100,000",13330090
>100,44,0.0124,"10,000–100,000",13330090
1,2281494,78.7783,"100–1,000",13330090
11–20,3668,0.1267,"100–1,000",13330090
2,381671,13.1788,"100–1,000",13330090
21–50,408,0.0141,"100–1,000",13330090
3,125300,4.3265,"100–1,000",13330090
4,51183,1.7673,"100–1,000",13330090
5,24042,0.8302,"100–1,000",13330090
51–100,13,0.0004,"100–1,000",13330090
6–10,28300,0.9772,"100–1,000",13330090
>100,15,0.0005,"100–1,000",13330090
1,6194020,87.3078,1–100,13330090
11–20,1959,0.0276,1–100,13330090
2,706572,9.9595,1–100,13330090
21–50,244,0.0034,1–100,13330090
3,120494,1.6984,1–100,13330090
4,38481,0.5424,1–100,13330090
5,16054,0.2263,1–100,13330090
51–100,34,0.0005,1–100,13330090
6–10,16597,0.2339,1–100,13330090
>100,9,0.0001,1–100,13330090
1,71330,63.4767,">100,000",13330090
11–20,3834,3.4119,">100,000",13330090
2,14645,13.0326,">100,000",13330090
21–50,1753,1.56,">100,000",13330090
3,6920,6.1581,">100,000",13330090
4,4059,3.6121,">100,000",13330090
5,2754,2.4508,">100,000",13330090
51–100,244,0.2171,">100,000",13330090
6–10,6715,5.9757,">100,000",13330090
>100,118,0.105,">100,000",13330090
0,207,0.0057,0–1,13527859
1,3378257,93.1416,0–1,13527859
11–20,710,0.0196,0–1,13527859
2,175635,4.8424,0–1,13527859
21–50,118,0.0033,0–1,13527859
3,45792,1.2625,0–1,13527859
4,14061,0.3877,0–1,13527859
5,7424,0.2047,0–1,13527859
51–100,30,0.0008,0–1,13527859
6–10,4751,0.131,0–1,13527859
>100,28,0.0008,0–1,13527859
1,1015364,63.5101,"1,000–10,000",13527859
11–20,12710,0.795,"1,000–10,000",13527859
2,283705,17.7455,"1,000–10,000",13527859
21–50,1708,0.1068,"1,000–10,000",13527859
3,123957,7.7534,"1,000–10,000",13527859
4,64048,4.0061,"1,000–10,000",13527859
5,37465,2.3434,"1,000–10,000",13527859
51–100,68,0.0043,"1,000–10,000",13527859
6–10,59708,3.7347,"1,000–10,000",13527859
>100,11,0.0007,"1,000–10,000",13527859
1,252825,53.2481,"10,000–100,000",13527859
11–20,17747,3.7377,"10,000–100,000",13527859
2,75405,15.8812,"10,000–100,000",13527859
21–50,4885,1.0288,"10,000–100,000",13527859
3,40891,8.6121,"10,000–100,000",13527859
4,25588,5.3891,"10,000–100,000",13527859
5,17516,3.6891,"10,000–100,000",13527859
51–100,274,0.0577,"10,000–100,000",13527859
6–10,39626,8.3457,"10,000–100,000",13527859
>100,49,0.0103,"10,000–100,000",13527859
1,2603571,80.5605,"100–1,000",13527859
11–20,3288,0.1017,"100–1,000",13527859
2,406467,12.577,"100–1,000",13527859
21–50,372,0.0115,"100–1,000",13527859
3,124494,3.8521,"100–1,000",13527859
4,47402,1.4667,"100–1,000",13527859
5,21490,0.6649,"100–1,000",13527859
51–100,18,0.0006,"100–1,000",13527859
6–10,24703,0.7644,"100–1,000",13527859
>100,17,0.0005,"100–1,000",13527859
1,6077513,87.8549,1–100,13527859
11–20,2007,0.029,1–100,13527859
2,665091,9.6144,1–100,13527859
21–50,234,0.0034,1–100,13527859
3,108162,1.5636,1–100,13527859
4,34904,0.5046,1–100,13527859
5,14537,0.2101,1–100,13527859
51–100,31,0.0004,1–100,13527859
6–10,15185,0.2195,1–100,13527859
>100,8,0.0001,1–100,13527859
1,83915,61.2742,">100,000",13527859
11–20,5057,3.6926,">100,000",13527859
2,18263,13.3355,">100,000",13527859
21–50,2239,1.6349,">100,000",13527859
3,8936,6.525,">100,000",13527859
4,5448,3.9781,">100,000",13527859
5,3731,2.7244,">100,000",13527859
51–100,314,0.2293,">100,000",13527859
6–10,8918,6.5119,">100,000",13527859
>100,129,0.0942,">100,000",13527859
0,208,0.0058,0–1,13717847
1,3330531,93.3175,0–1,13717847
11–20,724,0.0203,0–1,13717847
2,166014,4.6515,0–1,13717847
21–50,123,0.0034,0–1,13717847
3,44777,1.2546,0–1,13717847
4,14296,0.4006,0–1,13717847
5,7538,0.2112,0–1,13717847
51–100,26,0.0007,0–1,13717847
6–10,4769,0.1336,0–1,13717847
>100,26,0.0007,0–1,13717847
1,1091278,63.2004,"1,000–10,000",13717847
11–20,12687,0.7348,"1,000–10,000",13717847
2,313653,18.1649,"1,000–10,000",13717847
21–50,1755,0.1016,"1,000–10,000",13717847
3,136354,7.8968,"1,000–10,000",13717847
4,69335,4.0155,"1,000–10,000",13717847
5,39444,2.2844,"1,000–10,000",13717847
51–100,68,0.0039,"1,000–10,000",13717847
6–10,62107,3.5969,"1,000–10,000",13717847
>100,13,0.0008,"1,000–10,000",13717847
1,250734,51.4827,"10,000–100,000",13717847
11–20,18939,3.8887,"10,000–100,000",13717847
2,78290,16.0751,"10,000–100,000",13717847
21–50,5088,1.0447,"10,000–100,000",13717847
3,43436,8.9186,"10,000–100,000",13717847
4,27932,5.7352,"10,000–100,000",13717847
5,19147,3.9314,"10,000–100,000",13717847
51–100,284,0.0583,"10,000–100,000",13717847
6–10,43133,8.8564,"10,000–100,000",13717847
>100,43,0.0088,"10,000–100,000",13717847
1,4984325,83.5239,"100–1,000",13717847
11–20,3678,0.0616,"100–1,000",13717847
2,708314,11.8694,"100–1,000",13717847
21–50,436,0.0073,"100–1,000",13717847
3,162099,2.7163,"100–1,000",13717847
4,56852,0.9527,"100–1,000",13717847
5,24594,0.4121,"100–1,000",13717847
51–100,25,0.0004,"100–1,000",13717847
6–10,27201,0.4558,"100–1,000",13717847
>100,17,0.0003,"100–1,000",13717847
1,4443015,88.58,1–100,13717847
11–20,2302,0.0459,1–100,13717847
2,434657,8.6657,1–100,13717847
21–50,348,0.0069,1–100,13717847
3,82182,1.6385,1–100,13717847
4,27955,0.5573,1–100,13717847
5,12173,0.2427,1–100,13717847
51–100,39,0.0008,1–100,13717847
6–10,13142,0.262,1–100,13717847
>100,11,0.0002,1–100,13717847
1,89211,61.5635,">100,000",13717847
11–20,5478,3.7803,">100,000",13717847
2,18959,13.0834,">100,000",13717847
21–50,2526,1.7432,">100,000",13717847
3,9127,6.2984,">100,000",13717847
4,5637,3.89,">100,000",13717847
5,3989,2.7528,">100,000",13717847
51–100,331,0.2284,">100,000",13717847
6–10,9502,6.5572,">100,000",13717847
>100,149,0.1028,">100,000",13717847
0,210,0.0056,0–1,13916166
1,3457317,91.8159,0–1,13916166
11–20,745,0.0198,0–1,13916166
2,231645,6.1518,0–1,13916166
21–50,127,0.0034,0–1,13916166
3,47370,1.258,0–1,13916166
4,15197,0.4036,0–1,13916166
5,7770,0.2063,0–1,13916166
51–100,30,0.0008,0–1,13916166
6–10,5045,0.134,0–1,13916166
>100,31,0.0008,0–1,13916166
1,983125,60.8636,"1,000–10,000",13916166
11–20,16115,0.9977,"1,000–10,000",13916166
2,293991,18.2005,"1,000–10,000",13916166
21–50,2329,0.1442,"1,000–10,000",13916166
3,135754,8.4043,"1,000–10,000",13916166
4,72073,4.4619,"1,000–10,000",13916166
5,42262,2.6164,"1,000–10,000",13916166
51–100,100,0.0062,"1,000–10,000",13916166
6–10,69528,4.3044,"1,000–10,000",13916166
>100,16,0.001,"1,000–10,000",13916166
1,218393,51.9234,"10,000–100,000",13916166
11–20,17602,4.1849,"10,000–100,000",13916166
2,64385,15.3077,"10,000–100,000",13916166
21–50,5173,1.2299,"10,000–100,000",13916166
3,36062,8.5738,"10,000–100,000",13916166
4,23920,5.687,"10,000–100,000",13916166
5,16614,3.95,"10,000–100,000",13916166
51–100,333,0.0792,"10,000–100,000",13916166
6–10,38074,9.0522,"10,000–100,000",13916166
>100,50,0.0119,"10,000–100,000",13916166
1,2965672,78.2251,"100–1,000",13916166
11–20,4703,0.1241,"100–1,000",13916166
2,530311,13.9879,"100–1,000",13916166
21–50,567,0.015,"100–1,000",13916166
3,164597,4.3416,"100–1,000",13916166
4,63044,1.6629,"100–1,000",13916166
5,28778,0.7591,"100–1,000",13916166
51–100,28,0.0007,"100–1,000",13916166
6–10,33483,0.8832,"100–1,000",13916166
>100,19,0.0005,"100–1,000",13916166
1,6875221,88.9645,1–100,13916166
11–20,2561,0.0331,1–100,13916166
2,667684,8.6398,1–100,13916166
21–50,387,0.005,1–100,13916166
3,115082,1.4891,1–100,13916166
4,36219,0.4687,1–100,13916166
5,15143,0.1959,1–100,13916166
51–100,41,0.0005,1–100,13916166
6–10,15697,0.2031,1–100,13916166
>100,11,0.0001,1–100,13916166
1,87381,63.9007,">100,000",13916166
11–20,4703,3.4392,">100,000",13916166
2,17231,12.6008,">100,000",13916166
21–50,2102,1.5372,">100,000",13916166
3,8144,5.9556,">100,000",13916166
4,4901,3.584,">100,000",13916166
5,3527,2.5793,">100,000",13916166
51–100,296,0.2165,">100,000",13916166
6–10,8305,6.0733,">100,000",13916166
>100,155,0.1133,">100,000",13916166
0,210,0.0055,0–1,14116761
1,3469948,91.5324,0–1,14116761
11–20,794,0.0209,0–1,14116761
2,240011,6.3312,0–1,14116761
21–50,135,0.0036,0–1,14116761
3,49823,1.3143,0–1,14116761
4,16082,0.4242,0–1,14116761
5,8326,0.2196,0–1,14116761
51–100,31,0.0008,0–1,14116761
6–10,5558,0.1466,0–1,14116761
>100,33,0.0009,0–1,14116761
1,873186,60.4361,"1,000–10,000",14116761
11–20,19068,1.3198,"1,000–10,000",14116761
2,250079,17.3088,"1,000–10,000",14116761
21–50,3047,0.2109,"1,000–10,000",14116761
3,121090,8.381,"1,000–10,000",14116761
4,66588,4.6088,"1,000–10,000",14116761
5,40562,2.8074,"1,000–10,000",14116761
51–100,128,0.0089,"1,000–10,000",14116761
6–10,71047,4.9174,"1,000–10,000",14116761
>100,13,0.0009,"1,000–10,000",14116761
1,188550,54.1299,"10,000–100,000",14116761
11–20,14378,4.1277,"10,000–100,000",14116761
2,51669,14.8334,"10,000–100,000",14116761
21–50,4782,1.3728,"10,000–100,000",14116761
3,28023,8.045,"10,000–100,000",14116761
4,18266,5.2439,"10,000–100,000",14116761
5,12573,3.6095,"10,000–100,000",14116761
51–100,346,0.0993,"10,000–100,000",14116761
6–10,29683,8.5215,"10,000–100,000",14116761
>100,59,0.0169,"10,000–100,000",14116761
1,3048785,78.1823,"100–1,000",14116761
11–20,5967,0.153,"100–1,000",14116761
2,528235,13.5459,"100–1,000",14116761
21–50,737,0.0189,"100–1,000",14116761
3,171109,4.3879,"100–1,000",14116761
4,70088,1.7973,"100–1,000",14116761
5,33394,0.8563,"100–1,000",14116761
51–100,33,0.0008,"100–1,000",14116761
6–10,41219,1.057,"100–1,000",14116761
>100,19,0.0005,"100–1,000",14116761
1,7324659,88.0944,1–100,14116761
11–20,3022,0.0363,1–100,14116761
2,761473,9.1583,1–100,14116761
21–50,427,0.0051,1–100,14116761
3,142409,1.7128,1–100,14116761
4,44933,0.5404,1–100,14116761
5,18539,0.223,1–100,14116761
51–100,45,0.0005,1–100,14116761
6–10,19030,0.2289,1–100,14116761
>100,17,0.0002,1–100,14116761
1,77684,65.657,">100,000",14116761
11–20,3623,3.0621,">100,000",14116761
2,14943,12.6295,">100,000",14116761
21–50,1664,1.4064,">100,000",14116761
3,6743,5.699,">100,000",14116761
4,4082,3.45,">100,000",14116761
5,2815,2.3792,">100,000",14116761
51–100,271,0.229,">100,000",14116761
6–10,6343,5.361,">100,000",14116761
>100,150,0.1268,">100,000",14116761
0,231,0.006,0–1,14297759
1,3536371,91.5054,0–1,14297759
11–20,834,0.0216,0–1,14297759
2,245401,6.3499,0–1,14297759
21–50,135,0.0035,0–1,14297759
3,51051,1.321,0–1,14297759
4,16459,0.4259,0–1,14297759
5,8470,0.2192,0–1,14297759
51–100,32,0.0008,0–1,14297759
6–10,5639,0.1459,0–1,14297759
>100,35,0.0009,0–1,14297759
1,871268,60.3965,"1,000–10,000",14297759
11–20,19734,1.368,"1,000–10,000",14297759
2,249469,17.2932,"1,000–10,000",14297759
21–50,3267,0.2265,"1,000–10,000",14297759
3,120318,8.3405,"1,000–10,000",14297759
4,66635,4.6192,"1,000–10,000",14297759
5,40449,2.8039,"1,000–10,000",14297759
51–100,139,0.0096,"1,000–10,000",14297759
6–10,71279,4.9411,"1,000–10,000",14297759
>100,23,0.0016,"1,000–10,000",14297759
1,205272,56.4567,"10,000–100,000",14297759
11–20,13611,3.7435,"10,000–100,000",14297759
2,53247,14.6447,"10,000–100,000",14297759
21–50,4633,1.2742,"10,000–100,000",14297759
3,28044,7.713,"10,000–100,000",14297759
4,17941,4.9344,"10,000–100,000",14297759
5,12108,3.3301,"10,000–100,000",14297759
51–100,345,0.0949,"10,000–100,000",14297759
6–10,28330,7.7917,"10,000–100,000",14297759
>100,61,0.0168,"10,000–100,000",14297759
1,3170580,78.2416,"100–1,000",14297759
11–20,6482,0.16,"100–1,000",14297759
2,543447,13.4108,"100–1,000",14297759
21–50,816,0.0201,"100–1,000",14297759
3,177177,4.3723,"100–1,000",14297759
4,73795,1.8211,"100–1,000",14297759
5,35684,0.8806,"100–1,000",14297759
51–100,35,0.0009,"100–1,000",14297759
6–10,44260,1.0922,"100–1,000",14297759
>100,20,0.0005,"100–1,000",14297759
1,7407827,87.935,1–100,14297759
11–20,3259,0.0387,1–100,14297759
2,779834,9.2571,1–100,14297759
21–50,446,0.0053,1–100,14297759
3,147176,1.7471,1–100,14297759
4,46571,0.5528,1–100,14297759
5,19255,0.2286,1–100,14297759
51–100,51,0.0006,1–100,14297759
6–10,19768,0.2347,1–100,14297759
>100,17,0.0002,1–100,14297759
1,75251,65.2863,">100,000",14297759
11–20,3348,2.9047,">100,000",14297759
2,15153,13.1465,">100,000",14297759
21–50,1592,1.3812,">100,000",14297759
3,6664,5.7816,">100,000",14297759
4,3957,3.433,">100,000",14297759
5,2723,2.3624,">100,000",14297759
51–100,259,0.2247,">100,000",14297759
6–10,6163,5.3469,">100,000",14297759
>100,153,0.1327,">100,000",14297759
0,244,0.0062,0–1,14497034
1,3600191,91.5058,0–1,14497034
11–20,863,0.0219,0–1,14497034
2,249714,6.347,0–1,14497034
21–50,133,0.0034,0–1,14497034
3,51926,1.3198,0–1,14497034
4,16823,0.4276,0–1,14497034
5,8572,0.2179,0–1,14497034
51–100,33,0.0008,0–1,14497034
6–10,5857,0.1489,0–1,14497034
>100,30,0.0008,0–1,14497034
1,815702,58.7583,"1,000–10,000",14497034
11–20,19134,1.3783,"1,000–10,000",14497034
2,247565,17.8331,"1,000–10,000",14497034
21–50,3077,0.2216,"1,000–10,000",14497034
3,121868,8.7786,"1,000–10,000",14497034
4,67947,4.8945,"1,000–10,000",14497034
5,41092,2.96,"1,000–10,000",14497034
51–100,136,0.0098,"1,000–10,000",14497034
6–10,71684,5.1637,"1,000–10,000",14497034
>100,28,0.002,"1,000–10,000",14497034
1,186994,52.452,"10,000–100,000",14497034
11–20,14601,4.0956,"10,000–100,000",14497034
2,55578,15.5897,"10,000–100,000",14497034
21–50,4817,1.3512,"10,000–100,000",14497034
3,30311,8.5023,"10,000–100,000",14497034
4,19443,5.4538,"10,000–100,000",14497034
5,13350,3.7447,"10,000–100,000",14497034
51–100,351,0.0985,"10,000–100,000",14497034
6–10,30995,8.6941,"10,000–100,000",14497034
>100,65,0.0182,"10,000–100,000",14497034
1,3137977,78.1715,"100–1,000",14497034
11–20,6409,0.1597,"100–1,000",14497034
2,541410,13.4873,"100–1,000",14497034
21–50,827,0.0206,"100–1,000",14497034
3,176345,4.393,"100–1,000",14497034
4,72911,1.8163,"100–1,000",14497034
5,35253,0.8782,"100–1,000",14497034
51–100,38,0.0009,"100–1,000",14497034
6–10,43034,1.072,"100–1,000",14497034
>100,19,0.0005,"100–1,000",14497034
1,7420316,87.9024,1–100,14497034
11–20,3357,0.0398,1–100,14497034
2,782505,9.2697,1–100,14497034
21–50,492,0.0058,1–100,14497034
3,147888,1.7519,1–100,14497034
4,47093,0.5579,1–100,14497034
5,19625,0.2325,1–100,14497034
51–100,55,0.0007,1–100,14497034
6–10,20182,0.2391,1–100,14497034
>100,22,0.0003,1–100,14497034
1,77993,64.0642,">100,000",14497034
11–20,3685,3.0269,">100,000",14497034
2,16375,13.4506,">100,000",14497034
21–50,1762,1.4473,">100,000",14497034
3,7213,5.9248,">100,000",14497034
4,4436,3.6438,">100,000",14497034
5,2964,2.4347,">100,000",14497034
51–100,287,0.2357,">100,000",14497034
6–10,6865,5.639,">100,000",14497034
>100,162,0.1331,">100,000",14497034
0,279,0.0067,0–1,14688630
1,3810180,91.5807,0–1,14688630
11–20,904,0.0217,0–1,14688630
2,261461,6.2844,0–1,14688630
21–50,143,0.0034,0–1,14688630
3,54563,1.3115,0–1,14688630
4,17707,0.4256,0–1,14688630
5,8947,0.215,0–1,14688630
51–100,35,0.0008,0–1,14688630
6–10,6213,0.1493,0–1,14688630
>100,32,0.0008,0–1,14688630
1,724983,58.6464,"1,000–10,000",14688630
11–20,20855,1.687,"1,000–10,000",14688630
2,210727,17.0464,"1,000–10,000",14688630
21–50,3805,0.3078,"1,000–10,000",14688630
3,106669,8.6288,"1,000–10,000",14688630
4,61193,4.9501,"1,000–10,000",14688630
5,38102,3.0822,"1,000–10,000",14688630
51–100,162,0.0131,"1,000–10,000",14688630
6–10,69667,5.6356,"1,000–10,000",14688630
>100,30,0.0024,"1,000–10,000",14688630
1,163660,54.0066,"10,000–100,000",14688630
11–20,11938,3.9395,"10,000–100,000",14688630
2,46438,15.3242,"10,000–100,000",14688630
21–50,4229,1.3955,"10,000–100,000",14688630
3,24854,8.2016,"10,000–100,000",14688630
4,15934,5.2581,"10,000–100,000",14688630
5,10704,3.5322,"10,000–100,000",14688630
51–100,361,0.1191,"10,000–100,000",14688630
6–10,24845,8.1987,"10,000–100,000",14688630
>100,74,0.0244,"10,000–100,000",14688630
1,3090794,77.3209,"100–1,000",14688630
11–20,8046,0.2013,"100–1,000",14688630
2,540926,13.5321,"100–1,000",14688630
21–50,1062,0.0266,"100–1,000",14688630
3,184386,4.6127,"100–1,000",14688630
4,80384,2.0109,"100–1,000",14688630
5,40192,1.0055,"100–1,000",14688630
51–100,43,0.0011,"100–1,000",14688630
6–10,51501,1.2884,"100–1,000",14688630
>100,24,0.0006,"100–1,000",14688630
1,7690903,87.0861,1–100,14688630
11–20,4018,0.0455,1–100,14688630
2,859062,9.7274,1–100,14688630
21–50,635,0.0072,1–100,14688630
3,172674,1.9552,1–100,14688630
4,56149,0.6358,1–100,14688630
5,23463,0.2657,1–100,14688630
51–100,61,0.0007,1–100,14688630
6–10,24381,0.2761,1–100,14688630
>100,29,0.0003,1–100,14688630
1,70174,65.0132,">100,000",14688630
11–20,3032,2.809,">100,000",14688630
2,14830,13.7394,">100,000",14688630
21–50,1460,1.3526,">100,000",14688630
3,6331,5.8654,">100,000",14688630
4,3646,3.3779,">100,000",14688630
5,2510,2.3254,">100,000",14688630
51–100,256,0.2372,">100,000",14688630
6–10,5541,5.1335,">100,000",14688630
>100,158,0.1464,">100,000",14688630
0,287,0.0063,0–1,14881677
1,4153585,91.706,0–1,14881677
11–20,1020,0.0225,0–1,14881677
2,280012,6.1823,0–1,14881677
21–50,154,0.0034,0–1,14881677
3,58684,1.2957,0–1,14881677
4,19052,0.4206,0–1,14881677
5,9539,0.2106,0–1,14881677
51–100,39,0.0009,0–1,14881677
6–10,6832,0.1508,0–1,14881677
>100,35,0.0008,0–1,14881677
1,575562,57.0696,"1,000–10,000",14881677
11–20,21017,2.0839,"1,000–10,000",14881677
2,170803,16.9359,"1,000–10,000",14881677
21–50,4399,0.4362,"1,000–10,000",14881677
3,88484,8.7736,"1,000–10,000",14881677
4,51918,5.1479,"1,000–10,000",14881677
5,32995,3.2716,"1,000–10,000",14881677
51–100,215,0.0213,"1,000–10,000",14881677
6–10,63097,6.2564,"1,000–10,000",14881677
>100,37,0.0037,"1,000–10,000",14881677
1,137161,54.8609,"10,000–100,000",14881677
11–20,9187,3.6746,"10,000–100,000",14881677
2,39267,15.7058,"10,000–100,000",14881677
21–50,3318,1.3271,"10,000–100,000",14881677
3,20151,8.0599,"10,000–100,000",14881677
4,12893,5.1569,"10,000–100,000",14881677
5,8519,3.4074,"10,000–100,000",14881677
51–100,327,0.1308,"10,000–100,000",14881677
6–10,19114,7.6451,"10,000–100,000",14881677
>100,79,0.0316,"10,000–100,000",14881677
1,2829198,75.9777,"100–1,000",14881677
11–20,10429,0.2801,"100–1,000",14881677
2,513312,13.7849,"100–1,000",14881677
21–50,1374,0.0369,"100–1,000",14881677
3,183034,4.9154,"100–1,000",14881677
4,83342,2.2381,"100–1,000",14881677
5,43346,1.1641,"100–1,000",14881677
51–100,65,0.0017,"100–1,000",14881677
6–10,59601,1.6006,"100–1,000",14881677
>100,21,0.0006,"100–1,000",14881677
1,7993638,86.221,1–100,14881677
11–20,4833,0.0521,1–100,14881677
2,942150,10.1622,1–100,14881677
21–50,767,0.0083,1–100,14881677
3,201850,2.1772,1–100,14881677
4,67983,0.7333,1–100,14881677
5,29048,0.3133,1–100,14881677
51–100,61,0.0007,1–100,14881677
6–10,30735,0.3315,1–100,14881677
>100,34,0.0004,1–100,14881677
1,61370,64.6327,">100,000",14881677
11–20,2474,2.6055,">100,000",14881677
2,13464,14.1798,">100,000",14881677
21–50,1205,1.2691,">100,000",14881677
3,5795,6.1031,">100,000",14881677
4,3351,3.5292,">100,000",14881677
5,2150,2.2643,">100,000",14881677
51–100,219,0.2306,">100,000",14881677
6–10,4767,5.0204,">100,000",14881677
>100,157,0.1653,">100,000",14881677
0,291,0.0061,0–1,15053226
1,4342255,91.5182,0–1,15053226
11–20,1119,0.0236,0–1,15053226
2,299580,6.314,0–1,15053226
21–50,173,0.0036,0–1,15053226
3,62711,1.3217,0–1,15053226
4,20870,0.4399,0–1,15053226
5,10247,0.216,0–1,15053226
51–100,40,0.0008,0–1,15053226
6–10,7366,0.1552,0–1,15053226
>100,40,0.0008,0–1,15053226
1,485755,56.1277,"1,000–10,000",15053226
11–20,20485,2.367,"1,000–10,000",15053226
2,146390,16.915,"1,000–10,000",15053226
21–50,4750,0.5488,"1,000–10,000",15053226
3,76039,8.7861,"1,000–10,000",15053226
4,45314,5.2359,"1,000–10,000",15053226
5,29170,3.3705,"1,000–10,000",15053226
51–100,269,0.0311,"1,000–10,000",15053226
6–10,57219,6.6115,"1,000–10,000",15053226
>100,55,0.0064,"1,000–10,000",15053226
1,125461,56.0557,"10,000–100,000",15053226
11–20,7542,3.3697,"10,000–100,000",15053226
2,35756,15.9757,"10,000–100,000",15053226
21–50,2799,1.2506,"10,000–100,000",15053226
3,17685,7.9016,"10,000–100,000",15053226
4,10990,4.9103,"10,000–100,000",15053226
5,7145,3.1924,"10,000–100,000",15053226
51–100,296,0.1323,"10,000–100,000",15053226
6–10,16059,7.1751,"10,000–100,000",15053226
>100,82,0.0366,"10,000–100,000",15053226
1,2620763,74.9943,"100–1,000",15053226
11–20,12646,0.3619,"100–1,000",15053226
2,484831,13.8737,"100–1,000",15053226
21–50,1644,0.047,"100–1,000",15053226
3,178758,5.1152,"100–1,000",15053226
4,84544,2.4193,"100–1,000",15053226
5,45592,1.3046,"100–1,000",15053226
51–100,74,0.0021,"100–1,000",15053226
6–10,65742,1.8812,"100–1,000",15053226
>100,23,0.0007,"100–1,000",15053226
1,8237808,85.7219,1–100,15053226
11–20,5608,0.0584,1–100,15053226
2,995314,10.3571,1–100,15053226
21–50,876,0.0091,1–100,15053226
3,223196,2.3226,1–100,15053226
4,76988,0.8011,1–100,15053226
5,33701,0.3507,1–100,15053226
51–100,66,0.0007,1–100,15053226
6–10,36335,0.3781,1–100,15053226
>100,35,0.0004,1–100,15053226
1,57838,65.1718,">100,000",15053226
11–20,2182,2.4587,">100,000",15053226
2,12655,14.2596,">100,000",15053226
21–50,1058,1.1922,">100,000",15053226
3,5442,6.132,">100,000",15053226
4,3068,3.457,">100,000",15053226
5,1932,2.177,">100,000",15053226
51–100,198,0.2231,">100,000",15053226
6–10,4230,4.7664,">100,000",15053226
>100,144,0.1623,">100,000",15053226
0,306,0.0067,0–1,15253306
1,4205098,91.4617,0–1,15253306
11–20,1036,0.0225,0–1,15253306
2,293417,6.3819,0–1,15253306
21–50,182,0.004,0–1,15253306
3,60760,1.3215,0–1,15253306
4,19684,0.4281,0–1,15253306
5,9883,0.215,0–1,15253306
51–100,46,0.001,0–1,15253306
6–10,7202,0.1566,0–1,15253306
>100,48,0.001,0–1,15253306
1,532220,54.7991,"1,000–10,000",15253306
11–20,21771,2.2416,"1,000–10,000",15253306
2,171290,17.6366,"1,000–10,000",15253306
21–50,4575,0.4711,"1,000–10,000",15253306
3,89638,9.2294,"1,000–10,000",15253306
4,53025,5.4596,"1,000–10,000",15253306
5,33856,3.4859,"1,000–10,000",15253306
51–100,251,0.0258,"1,000–10,000",15253306
6–10,64548,6.6461,"1,000–10,000",15253306
>100,47,0.0048,"1,000–10,000",15253306
1,135534,53.4796,"10,000–100,000",15253306
11–20,9340,3.6854,"10,000–100,000",15253306
2,41814,16.4992,"10,000–100,000",15253306
21–50,3409,1.3451,"10,000–100,000",15253306
3,21281,8.3972,"10,000–100,000",15253306
4,13027,5.1403,"10,000–100,000",15253306
5,8763,3.4577,"10,000–100,000",15253306
51–100,332,0.131,"10,000–100,000",15253306
6–10,19857,7.8353,"10,000–100,000",15253306
>100,74,0.0292,"10,000–100,000",15253306
1,2699524,75.1434,"100–1,000",15253306
11–20,11088,0.3086,"100–1,000",15253306
2,504368,14.0395,"100–1,000",15253306
21–50,1501,0.0418,"100–1,000",15253306
3,183810,5.1165,"100–1,000",15253306
4,84784,2.36,"100–1,000",15253306
5,45008,1.2528,"100–1,000",15253306
51–100,70,0.0019,"100–1,000",15253306
6–10,62321,1.7348,"100–1,000",15253306
>100,24,0.0007,"100–1,000",15253306
1,8186478,86.0968,1–100,15253306
11–20,5408,0.0569,1–100,15253306
2,966759,10.1674,1–100,15253306
21–50,844,0.0089,1–100,15253306
3,211954,2.2291,1–100,15253306
4,72600,0.7635,1–100,15253306
5,31024,0.3263,1–100,15253306
51–100,64,0.0007,1–100,15253306
6–10,33292,0.3501,1–100,15253306
>100,39,0.0004,1–100,15253306
1,62349,63.0157,">100,000",15253306
11–20,2520,2.5469,">100,000",15253306
2,15772,15.9407,">100,000",15253306
21–50,1195,1.2078,">100,000",15253306
3,6167,6.2329,">100,000",15253306
4,3493,3.5304,">100,000",15253306
5,2229,2.2528,">100,000",15253306
51–100,216,0.2183,">100,000",15253306
6–10,4839,4.8907,">100,000",15253306
>100,162,0.1637,">100,000",15253306
0,306,0.0063,0–1,15449618
1,4470216,91.6336,0–1,15449618
11–20,1136,0.0233,0–1,15449618
2,304358,6.2389,0–1,15449618
21–50,198,0.0041,0–1,15449618
3,63426,1.3002,0–1,15449618
4,20575,0.4218,0–1,15449618
5,10242,0.2099,0–1,15449618
51–100,48,0.001,0–1,15449618
6–10,7800,0.1599,0–1,15449618
>100,55,0.0011,0–1,15449618
1,487578,53.8448,"1,000–10,000",15449618
11–20,21774,2.4046,"1,000–10,000",15449618
2,162126,17.9041,"1,000–10,000",15449618
21–50,4711,0.5203,"1,000–10,000",15449618
3,84431,9.324,"1,000–10,000",15449618
4,50132,5.5362,"1,000–10,000",15449618
5,32271,3.5638,"1,000–10,000",15449618
51–100,255,0.0282,"1,000–10,000",15449618
6–10,62200,6.869,"1,000–10,000",15449618
>100,46,0.0051,"1,000–10,000",15449618
1,145423,56.1416,"10,000–100,000",15449618
11–20,8587,3.3151,"10,000–100,000",15449618
2,41608,16.0631,"10,000–100,000",15449618
21–50,3227,1.2458,"10,000–100,000",15449618
3,20481,7.9068,"10,000–100,000",15449618
4,12493,4.823,"10,000–100,000",15449618
5,8271,3.1931,"10,000–100,000",15449618
51–100,327,0.1262,"10,000–100,000",15449618
6–10,18536,7.156,"10,000–100,000",15449618
>100,76,0.0293,"10,000–100,000",15449618
1,2487036,73.9629,"100–1,000",15449618
11–20,12049,0.3583,"100–1,000",15449618
2,485459,14.4372,"100–1,000",15449618
21–50,1700,0.0506,"100–1,000",15449618
3,180890,5.3796,"100–1,000",15449618
4,84990,2.5275,"100–1,000",15449618
5,45595,1.356,"100–1,000",15449618
51–100,83,0.0025,"100–1,000",15449618
6–10,64714,1.9246,"100–1,000",15449618
>100,30,0.0009,"100–1,000",15449618
1,8183719,85.6544,1–100,15449618
11–20,5812,0.0608,1–100,15449618
2,993635,10.3998,1–100,15449618
21–50,933,0.0098,1–100,15449618
3,222728,2.3312,1–100,15449618
4,77496,0.8111,1–100,15449618
5,33528,0.3509,1–100,15449618
51–100,71,0.0007,1–100,15449618
6–10,36382,0.3808,1–100,15449618
>100,40,0.0004,1–100,15449618
1,60739,63.1028,">100,000",15449618
11–20,2346,2.4373,">100,000",15449618
2,15410,16.0097,">100,000",15449618
21–50,1090,1.1324,">100,000",15449618
3,6368,6.6158,">100,000",15449618
4,3280,3.4077,">100,000",15449618
5,2107,2.189,">100,000",15449618
51–100,202,0.2099,">100,000",15449618
6–10,4551,4.7281,">100,000",15449618
>100,161,0.1673,">100,000",15449618
0,305,0.0054,0–1,15649595
1,5241737,92.5726,0–1,15649595
11–20,1200,0.0212,0–1,15649595
2,312790,5.5241,0–1,15649595
21–50,234,0.0041,0–1,15649595
3,65949,1.1647,0–1,15649595
4,21345,0.377,0–1,15649595
5,10476,0.185,0–1,15649595
51–100,56,0.001,0–1,15649595
6–10,8142,0.1438,0–1,15649595
>100,62,0.0011,0–1,15649595
1,463281,53.4102,"1,000–10,000",15649595
11–20,21607,2.491,"1,000–10,000",15649595
2,154382,17.7982,"1,000–10,000",15649595
21–50,4798,0.5531,"1,000–10,000",15649595
3,81368,9.3807,"1,000–10,000",15649595
4,48857,5.6326,"1,000–10,000",15649595
5,31492,3.6306,"1,000–10,000",15649595
51–100,276,0.0318,"1,000–10,000",15649595
6–10,61282,7.065,"1,000–10,000",15649595
>100,58,0.0067,"1,000–10,000",15649595
1,143208,56.1931,"10,000–100,000",15649595
11–20,8365,3.2823,"10,000–100,000",15649595
2,41079,16.1189,"10,000–100,000",15649595
21–50,3130,1.2282,"10,000–100,000",15649595
3,20140,7.9027,"10,000–100,000",15649595
4,12161,4.7718,"10,000–100,000",15649595
5,8218,3.2246,"10,000–100,000",15649595
51–100,319,0.1252,"10,000–100,000",15649595
6–10,18150,7.1218,"10,000–100,000",15649595
>100,80,0.0314,"10,000–100,000",15649595
1,2402504,73.5859,"100–1,000",15649595
11–20,12781,0.3915,"100–1,000",15649595
2,472372,14.4682,"100–1,000",15649595
21–50,1868,0.0572,"100–1,000",15649595
3,178809,5.4767,"100–1,000",15649595
4,84516,2.5886,"100–1,000",15649595
5,45839,1.404,"100–1,000",15649595
51–100,93,0.0028,"100–1,000",15649595
6–10,66084,2.0241,"100–1,000",15649595
>100,32,0.001,"100–1,000",15649595
1,8369518,85.5737,1–100,15649595
11–20,6306,0.0645,1–100,15649595
2,1015650,10.3845,1–100,15649595
21–50,1024,0.0105,1–100,15649595
3,231253,2.3644,1–100,15649595
4,81503,0.8333,1–100,15649595
5,35778,0.3658,1–100,15649595
51–100,77,0.0008,1–100,15649595
6–10,39325,0.4021,1–100,15649595
>100,43,0.0004,1–100,15649595
1,61554,63.8355,">100,000",15649595
11–20,2235,2.3178,">100,000",15649595
2,15283,15.8495,">100,000",15649595
21–50,1024,1.062,">100,000",15649595
3,6241,6.4723,">100,000",15649595
4,3268,3.3891,">100,000",15649595
5,2028,2.1032,">100,000",15649595
51–100,179,0.1856,">100,000",15649595
6–10,4460,4.6253,">100,000",15649595
>100,154,0.1597,">100,000",15649595
0,308,0.0052,0–1,15871480
1,5509404,92.8368,0–1,15871480
11–20,1216,0.0205,0–1,15871480
2,316646,5.3357,0–1,15871480
21–50,240,0.004,0–1,15871480
3,66372,1.1184,0–1,15871480
4,21473,0.3618,0–1,15871480
5,10531,0.1775,0–1,15871480
51–100,55,0.0009,0–1,15871480
6–10,8193,0.1381,0–1,15871480
>100,64,0.0011,0–1,15871480
1,478370,52.9818,"1,000–10,000",15871480
11–20,21994,2.4359,"1,000–10,000",15871480
2,163271,18.0831,"1,000–10,000",15871480
21–50,4822,0.5341,"1,000–10,000",15871480
3,86227,9.5501,"1,000–10,000",15871480
4,51335,5.6856,"1,000–10,000",15871480
5,32844,3.6376,"1,000–10,000",15871480
51–100,270,0.0299,"1,000–10,000",15871480
6–10,63703,7.0554,"1,000–10,000",15871480
>100,59,0.0065,"1,000–10,000",15871480
1,140486,53.7869,"10,000–100,000",15871480
11–20,8987,3.4408,"10,000–100,000",15871480
2,44429,17.0102,"10,000–100,000",15871480
21–50,3329,1.2746,"10,000–100,000",15871480
3,21835,8.3598,"10,000–100,000",15871480
4,13081,5.0082,"10,000–100,000",15871480
5,8856,3.3906,"10,000–100,000",15871480
51–100,328,0.1256,"10,000–100,000",15871480
6–10,19778,7.5723,"10,000–100,000",15871480
>100,81,0.031,"10,000–100,000",15871480
1,2465103,73.679,"100–1,000",15871480
11–20,12725,0.3803,"100–1,000",15871480
2,485500,14.511,"100–1,000",15871480
21–50,1864,0.0557,"100–1,000",15871480
3,182382,5.4512,"100–1,000",15871480
4,85787,2.5641,"100–1,000",15871480
5,46115,1.3783,"100–1,000",15871480
51–100,98,0.0029,"100–1,000",15871480
6–10,66126,1.9764,"100–1,000",15871480
>100,32,0.001,"100–1,000",15871480
1,8343363,85.4617,1–100,15871480
11–20,6458,0.0661,1–100,15871480
2,1020795,10.4561,1–100,15871480
21–50,1051,0.0108,1–100,15871480
3,232395,2.3804,1–100,15871480
4,82283,0.8428,1–100,15871480
5,36153,0.3703,1–100,15871480
51–100,82,0.0008,1–100,15871480
6–10,40065,0.4104,1–100,15871480
>100,49,0.0005,1–100,15871480
1,58441,59.7617,">100,000",15871480
11–20,2378,2.4317,">100,000",15871480
2,17328,17.7196,">100,000",15871480
21–50,1127,1.1525,">100,000",15871480
3,7173,7.3351,">100,000",15871480
4,3893,3.981,">100,000",15871480
5,2274,2.3254,">100,000",15871480
51–100,211,0.2158,">100,000",15871480
6–10,4810,4.9187,">100,000",15871480
>100,155,0.1585,">100,000",15871480
0,310,0.0052,0–1,16086234
1,5566698,92.5357,0–1,16086234
11–20,1398,0.0232,0–1,16086234
2,333306,5.5406,0–1,16086234
21–50,269,0.0045,0–1,16086234
3,70284,1.1683,0–1,16086234
4,23410,0.3891,0–1,16086234
5,11172,0.1857,0–1,16086234
51–100,72,0.0012,0–1,16086234
6–10,8737,0.1452,0–1,16086234
>100,74,0.0012,0–1,16086234
1,458743,52.1921,"1,000–10,000",16086234
11–20,22988,2.6154,"1,000–10,000",16086234
2,156563,17.8125,"1,000–10,000",16086234
21–50,5332,0.6066,"1,000–10,000",16086234
3,84389,9.6011,"1,000–10,000",16086234
4,51090,5.8126,"1,000–10,000",16086234
5,33416,3.8018,"1,000–10,000",16086234
51–100,295,0.0336,"1,000–10,000",16086234
6–10,66072,7.5171,"1,000–10,000",16086234
>100,63,0.0072,"1,000–10,000",16086234
1,135896,52.8595,"10,000–100,000",16086234
11–20,9031,3.5128,"10,000–100,000",16086234
2,45149,17.5616,"10,000–100,000",16086234
21–50,3282,1.2766,"10,000–100,000",16086234
3,21652,8.422,"10,000–100,000",16086234
4,13157,5.1177,"10,000–100,000",16086234
5,8913,3.4669,"10,000–100,000",16086234
51–100,339,0.1319,"10,000–100,000",16086234
6–10,19570,7.6121,"10,000–100,000",16086234
>100,100,0.0389,"10,000–100,000",16086234
1,2244295,72.0898,"100–1,000",16086234
11–20,14544,0.4672,"100–1,000",16086234
2,460590,14.7948,"100–1,000",16086234
21–50,2142,0.0688,"100–1,000",16086234
3,182960,5.8769,"100–1,000",16086234
4,88736,2.8503,"100–1,000",16086234
5,48649,1.5627,"100–1,000",16086234
51–100,110,0.0035,"100–1,000",16086234
6–10,71136,2.285,"100–1,000",16086234
>100,33,0.0011,"100–1,000",16086234
1,8594506,85.1528,1–100,16086234
11–20,7218,0.0715,1–100,16086234
2,1066763,10.5693,1–100,16086234
21–50,1201,0.0119,1–100,16086234
3,249481,2.4718,1–100,16086234
4,88916,0.881,1–100,16086234
5,40017,0.3965,1–100,16086234
51–100,91,0.0009,1–100,16086234
6–10,44794,0.4438,1–100,16086234
>100,47,0.0005,1–100,16086234
1,60663,60.4755,">100,000",16086234
11–20,2327,2.3198,">100,000",16086234
2,17534,17.4798,">100,000",16086234
21–50,1061,1.0577,">100,000",16086234
3,7376,7.3532,">100,000",16086234
4,3914,3.9019,">100,000",16086234
5,2342,2.3348,">100,000",16086234
51–100,187,0.1864,">100,000",16086234
6–10,4776,4.7612,">100,000",16086234
>100,130,0.1296,">100,000",16086234
0,43624,0.7013,0–1,16308190
1,5707794,91.7566,0–1,16308190
11–20,1629,0.0262,0–1,16308190
2,348302,5.5992,0–1,16308190
21–50,293,0.0047,0–1,16308190
3,73452,1.1808,0–1,16308190
4,24610,0.3956,0–1,16308190
5,11602,0.1865,0–1,16308190
51–100,77,0.0012,0–1,16308190
6–10,9123,0.1467,0–1,16308190
>100,76,0.0012,0–1,16308190
1,441024,52.7271,"1,000–10,000",16308190
11–20,23426,2.8007,"1,000–10,000",16308190
2,145167,17.3556,"1,000–10,000",16308190
21–50,5693,0.6806,"1,000–10,000",16308190
3,77874,9.3103,"1,000–10,000",16308190
4,47710,5.704,"1,000–10,000",16308190
5,31253,3.7365,"1,000–10,000",16308190
51–100,325,0.0389,"1,000–10,000",16308190
6–10,63880,7.6372,"1,000–10,000",16308190
>100,75,0.009,"1,000–10,000",16308190
1,135086,53.5036,"10,000–100,000",16308190
11–20,8190,3.2438,"10,000–100,000",16308190
2,45300,17.942,"10,000–100,000",16308190
21–50,3033,1.2013,"10,000–100,000",16308190
3,21142,8.3737,"10,000–100,000",16308190
4,12772,5.0586,"10,000–100,000",16308190
5,8387,3.3218,"10,000–100,000",16308190
51–100,314,0.1244,"10,000–100,000",16308190
6–10,18152,7.1895,"10,000–100,000",16308190
>100,104,0.0412,"10,000–100,000",16308190
1,1741606,67.9992,"100–1,000",16308190
11–20,16099,0.6286,"100–1,000",16308190
2,410835,16.0406,"100–1,000",16308190
21–50,2394,0.0935,"100–1,000",16308190
3,175619,6.8569,"100–1,000",16308190
4,88590,3.4589,"100–1,000",16308190
5,50229,1.9611,"100–1,000",16308190
51–100,119,0.0046,"100–1,000",16308190
6–10,75689,2.9552,"100–1,000",16308190
>100,35,0.0014,"100–1,000",16308190
1,8727896,84.6895,1–100,16308190
11–20,7874,0.0764,1–100,16308190
2,1111623,10.7864,1–100,16308190
21–50,1321,0.0128,1–100,16308190
3,266800,2.5888,1–100,16308190
4,96582,0.9372,1–100,16308190
5,43811,0.4251,1–100,16308190
51–100,102,0.001,1–100,16308190
6–10,49694,0.4822,1–100,16308190
>100,54,0.0005,1–100,16308190
1,62676,61.7948,">100,000",16308190
11–20,2204,2.173,">100,000",16308190
2,17343,17.0992,">100,000",16308190
21–50,977,0.9633,">100,000",16308190
3,7323,7.22,">100,000",16308190
4,3825,3.7712,">100,000",16308190
5,2265,2.2332,">100,000",16308190
51–100,176,0.1735,">100,000",16308190
6–10,4510,4.4466,">100,000",16308190
>100,127,0.1252,">100,000",16308190
0,43627,0.7184,0–1,16530248
1,5586828,91.9969,0–1,16530248
11–20,1349,0.0222,0–1,16530248
2,329498,5.4258,0–1,16530248
21–50,280,0.0046,0–1,16530248
3,68596,1.1296,0–1,16530248
4,22938,0.3777,0–1,16530248
5,11003,0.1812,0–1,16530248
51–100,77,0.0013,0–1,16530248
6–10,8574,0.1412,0–1,16530248
>100,75,0.0012,0–1,16530248
1,506185,51.6176,"1,000–10,000",16530248
11–20,25188,2.5685,"1,000–10,000",16530248
2,177091,18.0586,"1,000–10,000",16530248
21–50,5495,0.5603,"1,000–10,000",16530248
3,95790,9.7681,"1,000–10,000",16530248
4,58174,5.9322,"1,000–10,000",16530248
5,37912,3.866,"1,000–10,000",16530248
51–100,294,0.03,"1,000–10,000",16530248
6–10,74445,7.5914,"1,000–10,000",16530248
>100,70,0.0071,"1,000–10,000",16530248
1,145205,50.8913,"10,000–100,000",16530248
11–20,10779,3.7778,"10,000–100,000",16530248
2,50786,17.7994,"10,000–100,000",16530248
21–50,3886,1.362,"10,000–100,000",16530248
3,25083,8.7911,"10,000–100,000",16530248
4,15520,5.4394,"10,000–100,000",16530248
5,10367,3.6334,"10,000–100,000",16530248
51–100,388,0.136,"10,000–100,000",16530248
6–10,23200,8.1311,"10,000–100,000",16530248
>100,110,0.0386,"10,000–100,000",16530248
1,1905612,69.1863,"100–1,000",16530248
11–20,13969,0.5072,"100–1,000",16530248
2,442089,16.0508,"100–1,000",16530248
21–50,2111,0.0766,"100–1,000",16530248
3,182522,6.6268,"100–1,000",16530248
4,88621,3.2175,"100–1,000",16530248
5,48917,1.776,"100–1,000",16530248
51–100,111,0.004,"100–1,000",16530248
6–10,70333,2.5536,"100–1,000",16530248
>100,34,0.0012,"100–1,000",16530248
1,8747313,85.2896,1–100,16530248
11–20,7358,0.0717,1–100,16530248
2,1078095,10.5118,1–100,16530248
21–50,1235,0.012,1–100,16530248
3,249964,2.4372,1–100,16530248
4,88417,0.8621,1–100,16530248
5,39536,0.3855,1–100,16530248
51–100,86,0.0008,1–100,16530248
6–10,43955,0.4286,1–100,16530248
>100,55,0.0005,1–100,16530248
1,71408,62.8,">100,000",16530248
11–20,2553,2.2452,">100,000",16530248
2,18495,16.2655,">100,000",16530248
21–50,1144,1.0061,">100,000",16530248
3,7778,6.8404,">100,000",16530248
4,4275,3.7597,">100,000",16530248
5,2488,2.1881,">100,000",16530248
51–100,203,0.1785,">100,000",16530248
6–10,5216,4.5872,">100,000",16530248
>100,147,0.1293,">100,000",16530248
0,43632,0.6966,0–1,16730072
1,5775158,92.2072,0–1,16730072
11–20,1366,0.0218,0–1,16730072
2,331267,5.2891,0–1,16730072
21–50,292,0.0047,0–1,16730072
3,69227,1.1053,0–1,16730072
4,22522,0.3596,0–1,16730072
5,10983,0.1754,0–1,16730072
51–100,74,0.0012,0–1,16730072
6–10,8645,0.138,0–1,16730072
>100,75,0.0012,0–1,16730072
1,519120,50.79,"1,000–10,000",16730072
11–20,26285,2.5717,"1,000–10,000",16730072
2,187746,18.3688,"1,000–10,000",16730072
21–50,5553,0.5433,"1,000–10,000",16730072
3,101886,9.9684,"1,000–10,000",16730072
4,62157,6.0814,"1,000–10,000",16730072
5,40193,3.9324,"1,000–10,000",16730072
51–100,299,0.0293,"1,000–10,000",16730072
6–10,78779,7.7076,"1,000–10,000",16730072
>100,73,0.0071,"1,000–10,000",16730072
1,143530,48.6486,"10,000–100,000",16730072
11–20,12056,4.0863,"10,000–100,000",16730072
2,53526,18.1423,"10,000–100,000",16730072
21–50,4402,1.492,"10,000–100,000",16730072
3,26986,9.1467,"10,000–100,000",16730072
4,16896,5.7268,"10,000–100,000",16730072
5,11289,3.8263,"10,000–100,000",16730072
51–100,403,0.1366,"10,000–100,000",16730072
6–10,25827,8.7539,"10,000–100,000",16730072
>100,119,0.0403,"10,000–100,000",16730072
1,1856887,68.3179,"100–1,000",16730072
11–20,13481,0.496,"100–1,000",16730072
2,450544,16.5762,"100–1,000",16730072
21–50,2101,0.0773,"100–1,000",16730072
3,185377,6.8203,"100–1,000",16730072
4,89933,3.3088,"100–1,000",16730072
5,49292,1.8135,"100–1,000",16730072
51–100,106,0.0039,"100–1,000",16730072
6–10,70257,2.5849,"100–1,000",16730072
>100,33,0.0012,"100–1,000",16730072
1,8735642,85.3798,1–100,16730072
11–20,7170,0.0701,1–100,16730072
2,1073551,10.4926,1–100,16730072
21–50,1198,0.0117,1–100,16730072
3,246290,2.4072,1–100,16730072
4,86903,0.8494,1–100,16730072
5,38256,0.3739,1–100,16730072
51–100,87,0.0009,1–100,16730072
6–10,42350,0.4139,1–100,16730072
>100,61,0.0006,1–100,16730072
1,73370,62.8378,">100,000",16730072
11–20,2667,2.2842,">100,000",16730072
2,18751,16.0593,">100,000",16730072
21–50,1272,1.0894,">100,000",16730072
3,7825,6.7017,">100,000",16730072
4,4428,3.7924,">100,000",16730072
5,2531,2.1677,">100,000",16730072
51–100,213,0.1824,">100,000",16730072
6–10,5549,4.7524,">100,000",16730072
>100,155,0.1327,">100,000",16730072
0,43616,0.6979,0–1,16950603
1,5747170,91.9626,0–1,16950603
11–20,1408,0.0225,0–1,16950603
2,342405,5.479,0–1,16950603
21–50,314,0.005,0–1,16950603
3,71145,1.1384,0–1,16950603
4,23124,0.37,0–1,16950603
5,11193,0.1791,0–1,16950603
51–100,79,0.0013,0–1,16950603
6–10,8927,0.1428,0–1,16950603
>100,82,0.0013,0–1,16950603
1,509007,50.5931,"1,000–10,000",16950603
11–20,26885,2.6723,"1,000–10,000",16950603
2,183264,18.2156,"1,000–10,000",16950603
21–50,5742,0.5707,"1,000–10,000",16950603
3,99960,9.9356,"1,000–10,000",16950603
4,61355,6.0984,"1,000–10,000",16950603
5,40068,3.9826,"1,000–10,000",16950603
51–100,325,0.0323,"1,000–10,000",16950603
6–10,79400,7.892,"1,000–10,000",16950603
>100,74,0.0074,"1,000–10,000",16950603
1,142422,49.1526,"10,000–100,000",16950603
11–20,11962,4.1283,"10,000–100,000",16950603
2,51622,17.8157,"10,000–100,000",16950603
21–50,4320,1.4909,"10,000–100,000",16950603
3,26268,9.0656,"10,000–100,000",16950603
4,16504,5.6958,"10,000–100,000",16950603
5,10994,3.7942,"10,000–100,000",16950603
51–100,414,0.1429,"10,000–100,000",16950603
6–10,25134,8.6742,"10,000–100,000",16950603
>100,115,0.0397,"10,000–100,000",16950603
1,1863291,68.5873,"100–1,000",16950603
11–20,14019,0.516,"100–1,000",16950603
2,441339,16.2456,"100–1,000",16950603
21–50,2218,0.0816,"100–1,000",16950603
3,184049,6.7748,"100–1,000",16950603
4,90202,3.3203,"100–1,000",16950603
5,49378,1.8176,"100–1,000",16950603
51–100,110,0.004,"100–1,000",16950603
6–10,72027,2.6513,"100–1,000",16950603
>100,38,0.0014,"100–1,000",16950603
1,8879305,85.4017,1–100,16950603
11–20,7615,0.0732,1–100,16950603
2,1083522,10.4214,1–100,16950603
21–50,1250,0.012,1–100,16950603
3,250526,2.4096,1–100,16950603
4,90073,0.8663,1–100,16950603
5,40209,0.3867,1–100,16950603
51–100,95,0.0009,1–100,16950603
6–10,44451,0.4275,1–100,16950603
>100,64,0.0006,1–100,16950603
1,70815,62.9937,">100,000",16950603
11–20,2614,2.3253,">100,000",16950603
2,17767,15.8047,">100,000",16950603
21–50,1221,1.0861,">100,000",16950603
3,7570,6.7339,">100,000",16950603
4,4264,3.7931,">100,000",16950603
5,2472,2.199,">100,000",16950603
51–100,222,0.1975,">100,000",16950603
6–10,5312,4.7253,">100,000",16950603
>100,159,0.1414,">100,000",16950603
0,43616,0.688,0–1,17162287
1,5827760,91.9245,0–1,17162287
11–20,1443,0.0228,0–1,17162287
2,349160,5.5075,0–1,17162287
21–50,301,0.0047,0–1,17162287
3,72969,1.151,0–1,17162287
4,23713,0.374,0–1,17162287
5,11466,0.1809,0–1,17162287
51–100,83,0.0013,0–1,17162287
6–10,9133,0.1441,0–1,17162287
>100,82,0.0013,0–1,17162287
1,500052,50.4693,"1,000–10,000",17162287
11–20,27538,2.7794,"1,000–10,000",17162287
2,177743,17.9393,"1,000–10,000",17162287
21–50,5979,0.6034,"1,000–10,000",17162287
3,98184,9.9095,"1,000–10,000",17162287
4,60584,6.1146,"1,000–10,000",17162287
5,39976,4.0347,"1,000–10,000",17162287
51–100,346,0.0349,"1,000–10,000",17162287
6–10,80329,8.1074,"1,000–10,000",17162287
>100,74,0.0075,"1,000–10,000",17162287
1,143469,49.7167,"10,000–100,000",17162287
11–20,11861,4.1102,"10,000–100,000",17162287
2,50904,17.6399,"10,000–100,000",17162287
21–50,4261,1.4766,"10,000–100,000",17162287
3,25983,9.004,"10,000–100,000",17162287
4,16157,5.5989,"10,000–100,000",17162287
5,10708,3.7107,"10,000–100,000",17162287
51–100,432,0.1497,"10,000–100,000",17162287
6–10,24677,8.5514,"10,000–100,000",17162287
>100,121,0.0419,"10,000–100,000",17162287
1,1938325,68.6447,"100–1,000",17162287
11–20,14975,0.5303,"100–1,000",17162287
2,454592,16.0991,"100–1,000",17162287
21–50,2323,0.0823,"100–1,000",17162287
3,190638,6.7513,"100–1,000",17162287
4,94561,3.3488,"100–1,000",17162287
5,51978,1.8408,"100–1,000",17162287
51–100,110,0.0039,"100–1,000",17162287
6–10,76163,2.6973,"100–1,000",17162287
>100,40,0.0014,"100–1,000",17162287
1,9030884,85.3809,1–100,17162287
11–20,7918,0.0749,1–100,17162287
2,1101858,10.4173,1–100,17162287
21–50,1338,0.0126,1–100,17162287
3,255753,2.418,1–100,17162287
4,92408,0.8737,1–100,17162287
5,41151,0.3891,1–100,17162287
51–100,108,0.001,1–100,17162287
6–10,45684,0.4319,1–100,17162287
>100,71,0.0007,1–100,17162287
1,71948,63.8216,">100,000",17162287
11–20,2549,2.2611,">100,000",17162287
2,17408,15.4418,">100,000",17162287
21–50,1231,1.092,">100,000",17162287
3,7454,6.6121,">100,000",17162287
4,4131,3.6644,">100,000",17162287
5,2431,2.1564,">100,000",17162287
51–100,219,0.1943,">100,000",17162287
6–10,5194,4.6073,">100,000",17162287
>100,168,0.149,">100,000",17162287
0,43618,0.6662,0–1,17382266
1,6012519,91.8388,0–1,17382266
11–20,1632,0.0249,0–1,17382266
2,364249,5.5638,0–1,17382266
21–50,346,0.0053,0–1,17382266
3,76615,1.1703,0–1,17382266
4,25581,0.3907,0–1,17382266
5,12176,0.186,0–1,17382266
51–100,96,0.0015,0–1,17382266
6–10,9895,0.1511,0–1,17382266
>100,92,0.0014,0–1,17382266
1,468310,49.9659,"1,000–10,000",17382266
11–20,28866,3.0798,"1,000–10,000",17382266
2,164601,17.562,"1,000–10,000",17382266
21–50,6568,0.7008,"1,000–10,000",17382266
3,91671,9.7808,"1,000–10,000",17382266
4,57762,6.1629,"1,000–10,000",17382266
5,38846,4.1446,"1,000–10,000",17382266
51–100,370,0.0395,"1,000–10,000",17382266
6–10,80178,8.5545,"1,000–10,000",17382266
>100,87,0.0093,"1,000–10,000",17382266
1,138307,50.7083,"10,000–100,000",17382266
11–20,11328,4.1533,"10,000–100,000",17382266
2,47716,17.4944,"10,000–100,000",17382266
21–50,4136,1.5164,"10,000–100,000",17382266
3,23601,8.653,"10,000–100,000",17382266
4,14666,5.3771,"10,000–100,000",17382266
5,9763,3.5795,"10,000–100,000",17382266
51–100,439,0.161,"10,000–100,000",17382266
6–10,22671,8.312,"10,000–100,000",17382266
>100,123,0.0451,"10,000–100,000",17382266
1,1908372,67.8075,"100–1,000",17382266
11–20,17218,0.6118,"100–1,000",17382266
2,450671,16.0131,"100–1,000",17382266
21–50,2655,0.0943,"100–1,000",17382266
3,195224,6.9366,"100–1,000",17382266
4,99727,3.5435,"100–1,000",17382266
5,55936,1.9875,"100–1,000",17382266
51–100,138,0.0049,"100–1,000",17382266
6–10,84415,2.9994,"100–1,000",17382266
>100,41,0.0015,"100–1,000",17382266
1,9204992,84.8611,1–100,17382266
11–20,8940,0.0824,1–100,17382266
2,1154665,10.6449,1–100,17382266
21–50,1489,0.0137,1–100,17382266
3,277621,2.5594,1–100,17382266
4,101589,0.9366,1–100,17382266
5,45874,0.4229,1–100,17382266
51–100,120,0.0011,1–100,17382266
6–10,51774,0.4773,1–100,17382266
>100,68,0.0006,1–100,17382266
1,70360,64.5463,">100,000",17382266
11–20,2390,2.1925,">100,000",17382266
2,16702,15.322,">100,000",17382266
21–50,1188,1.0898,">100,000",17382266
3,7047,6.4647,">100,000",17382266
4,3939,3.6135,">100,000",17382266
5,2247,2.0613,">100,000",17382266
51–100,206,0.189,">100,000",17382266
6–10,4754,4.3612,">100,000",17382266
>100,174,0.1596,">100,000",17382266
0,41645,0.5978,0–1,17595510
1,6411682,92.0382,0–1,17595510
11–20,1782,0.0256,0–1,17595510
2,381457,5.4757,0–1,17595510
21–50,364,0.0052,0–1,17595510
3,79764,1.145,0–1,17595510
4,26532,0.3809,0–1,17595510
5,12542,0.18,0–1,17595510
51–100,106,0.0015,0–1,17595510
6–10,10358,0.1487,0–1,17595510
>100,98,0.0014,0–1,17595510
1,443074,49.111,"1,000–10,000",17595510
11–20,29193,3.2358,"1,000–10,000",17595510
2,159233,17.6496,"1,000–10,000",17595510
21–50,6733,0.7463,"1,000–10,000",17595510
3,89377,9.9067,"1,000–10,000",17595510
4,56665,6.2808,"1,000–10,000",17595510
5,38013,4.2134,"1,000–10,000",17595510
51–100,382,0.0423,"1,000–10,000",17595510
6–10,79431,8.8043,"1,000–10,000",17595510
>100,88,0.0098,"1,000–10,000",17595510
1,135944,50.6205,"10,000–100,000",17595510
11–20,11119,4.1403,"10,000–100,000",17595510
2,47175,17.5662,"10,000–100,000",17595510
21–50,4098,1.5259,"10,000–100,000",17595510
3,23132,8.6135,"10,000–100,000",17595510
4,14377,5.3535,"10,000–100,000",17595510
5,9688,3.6075,"10,000–100,000",17595510
51–100,452,0.1683,"10,000–100,000",17595510
6–10,22450,8.3596,"10,000–100,000",17595510
>100,120,0.0447,"10,000–100,000",17595510
1,1756709,66.8339,"100–1,000",17595510
11–20,17995,0.6846,"100–1,000",17595510
2,424248,16.1405,"100–1,000",17595510
21–50,2834,0.1078,"100–1,000",17595510
3,188144,7.1579,"100–1,000",17595510
4,97599,3.7131,"100–1,000",17595510
5,55695,2.1189,"100–1,000",17595510
51–100,142,0.0054,"100–1,000",17595510
6–10,85060,3.2361,"100–1,000",17595510
>100,45,0.0017,"100–1,000",17595510
1,8950987,84.3362,1–100,17595510
11–20,9460,0.0891,1–100,17595510
2,1156861,10.8999,1–100,17595510
21–50,1618,0.0152,1–100,17595510
3,284502,2.6806,1–100,17595510
4,105744,0.9963,1–100,17595510
5,48795,0.4597,1–100,17595510
51–100,125,0.0012,1–100,17595510
6–10,55290,0.5209,1–100,17595510
>100,74,0.0007,1–100,17595510
1,68208,64.2236,">100,000",17595510
11–20,2368,2.2297,">100,000",17595510
2,16272,15.3215,">100,000",17595510
21–50,1158,1.0904,">100,000",17595510
3,6966,6.5591,">100,000",17595510
4,3853,3.6279,">100,000",17595510
5,2229,2.0988,">100,000",17595510
51–100,200,0.1883,">100,000",17595510
6–10,4766,4.4876,">100,000",17595510
>100,184,0.1733,">100,000",17595510
0,41623,0.588,0–1,17816434
1,6512922,92.0094,0–1,17816434
11–20,1985,0.028,0–1,17816434
2,389377,5.5008,0–1,17816434
21–50,391,0.0055,0–1,17816434
3,81405,1.15,0–1,17816434
4,27053,0.3822,0–1,17816434
5,12822,0.1811,0–1,17816434
51–100,108,0.0015,0–1,17816434
6–10,10751,0.1519,0–1,17816434
>100,105,0.0015,0–1,17816434
1,448057,49.0433,"1,000–10,000",17816434
11–20,29514,3.2305,"1,000–10,000",17816434
2,161532,17.6809,"1,000–10,000",17816434
21–50,6865,0.7514,"1,000–10,000",17816434
3,90687,9.9264,"1,000–10,000",17816434
4,57413,6.2843,"1,000–10,000",17816434
5,38689,4.2348,"1,000–10,000",17816434
51–100,394,0.0431,"1,000–10,000",17816434
6–10,80345,8.7944,"1,000–10,000",17816434
>100,99,0.0108,"1,000–10,000",17816434
1,136431,50.306,"10,000–100,000",17816434
11–20,11372,4.1932,"10,000–100,000",17816434
2,47622,17.5596,"10,000–100,000",17816434
21–50,4166,1.5361,"10,000–100,000",17816434
3,23444,8.6445,"10,000–100,000",17816434
4,14764,5.4439,"10,000–100,000",17816434
5,9852,3.6327,"10,000–100,000",17816434
51–100,464,0.1711,"10,000–100,000",17816434
6–10,22963,8.4671,"10,000–100,000",17816434
>100,124,0.0457,"10,000–100,000",17816434
1,1819763,67.2564,"100–1,000",17816434
11–20,18543,0.6853,"100–1,000",17816434
2,432123,15.9708,"100–1,000",17816434
21–50,2954,0.1092,"100–1,000",17816434
3,190582,7.0437,"100–1,000",17816434
4,98716,3.6484,"100–1,000",17816434
5,56268,2.0796,"100–1,000",17816434
51–100,161,0.006,"100–1,000",17816434
6–10,86554,3.1989,"100–1,000",17816434
>100,46,0.0017,"100–1,000",17816434
1,9116243,84.3124,1–100,17816434
11–20,9866,0.0912,1–100,17816434
2,1175667,10.8733,1–100,17816434
21–50,1679,0.0155,1–100,17816434
3,291279,2.6939,1–100,17816434
4,109099,1.009,1–100,17816434
5,50720,0.4691,1–100,17816434
51–100,136,0.0013,1–100,17816434
6–10,57693,0.5336,1–100,17816434
>100,74,0.0007,1–100,17816434
1,63519,59.7871,">100,000",17816434
11–20,2453,2.3089,">100,000",17816434
2,18824,17.718,">100,000",17816434
21–50,1213,1.1417,">100,000",17816434
3,7776,7.3191,">100,000",17816434
4,4503,4.2384,">100,000",17816434
5,2488,2.3418,">100,000",17816434
51–100,204,0.192,">100,000",17816434
6–10,5078,4.7797,">100,000",17816434
>100,184,0.1732,">100,000",17816434
0,41626,0.5701,0–1,18037988
1,6707497,91.8722,0–1,18037988
11–20,2194,0.0301,0–1,18037988
2,409029,5.6024,0–1,18037988
21–50,414,0.0057,0–1,18037988
3,86089,1.1792,0–1,18037988
4,29022,0.3975,0–1,18037988
5,13456,0.1843,0–1,18037988
51–100,117,0.0016,0–1,18037988
6–10,11347,0.1554,0–1,18037988
>100,111,0.0015,0–1,18037988
1,426192,48.8059,"1,000–10,000",18037988
11–20,29528,3.3814,"1,000–10,000",18037988
2,153559,17.585,"1,000–10,000",18037988
21–50,7081,0.8109,"1,000–10,000",18037988
3,86043,9.8533,"1,000–10,000",18037988
4,54876,6.2842,"1,000–10,000",18037988
5,37261,4.267,"1,000–10,000",18037988
51–100,417,0.0478,"1,000–10,000",18037988
6–10,78178,8.9526,"1,000–10,000",18037988
>100,104,0.0119,"1,000–10,000",18037988
1,131479,50.821,"10,000–100,000",18037988
11–20,10475,4.0489,"10,000–100,000",18037988
2,45847,17.7214,"10,000–100,000",18037988
21–50,3929,1.5187,"10,000–100,000",18037988
3,22026,8.5138,"10,000–100,000",18037988
4,13707,5.2982,"10,000–100,000",18037988
5,9267,3.582,"10,000–100,000",18037988
51–100,470,0.1817,"10,000–100,000",18037988
6–10,21375,8.2621,"10,000–100,000",18037988
>100,135,0.0522,"10,000–100,000",18037988
1,1729744,66.2438,"100–1,000",18037988
11–20,19980,0.7652,"100–1,000",18037988
2,420938,16.1206,"100–1,000",18037988
21–50,3216,0.1232,"100–1,000",18037988
3,189719,7.2656,"100–1,000",18037988
4,99685,3.8176,"100–1,000",18037988
5,57616,2.2065,"100–1,000",18037988
51–100,173,0.0066,"100–1,000",18037988
6–10,90055,3.4488,"100–1,000",18037988
>100,54,0.0021,"100–1,000",18037988
1,9221434,84.0334,1–100,18037988
11–20,10748,0.0979,1–100,18037988
2,1203823,10.9702,1–100,18037988
21–50,1860,0.0169,1–100,18037988
3,303465,2.7654,1–100,18037988
4,115167,1.0495,1–100,18037988
5,54165,0.4936,1–100,18037988
51–100,142,0.0013,1–100,18037988
6–10,62656,0.571,1–100,18037988
>100,71,0.0006,1–100,18037988
1,62365,60.9241,">100,000",18037988
11–20,2285,2.2322,">100,000",18037988
2,17634,17.2266,">100,000",18037988
21–50,1142,1.1156,">100,000",18037988
3,7353,7.1831,">100,000",18037988
4,4122,4.0268,">100,000",18037988
5,2410,2.3543,">100,000",18037988
51–100,194,0.1895,">100,000",18037988
6–10,4677,4.5689,">100,000",18037988
>100,183,0.1788,">100,000",18037988
0,41622,0.5755,0–1,18251965
1,6628733,91.6524,0–1,18251965
11–20,2217,0.0307,0–1,18251965
2,415701,5.7477,0–1,18251965
21–50,435,0.006,0–1,18251965
3,88020,1.217,0–1,18251965
4,29920,0.4137,0–1,18251965
5,13815,0.191,0–1,18251965
51–100,114,0.0016,0–1,18251965
6–10,11785,0.1629,0–1,18251965
>100,112,0.0015,0–1,18251965
1,430451,48.6746,"1,000–10,000",18251965
11–20,29877,3.3784,"1,000–10,000",18251965
2,155779,17.6152,"1,000–10,000",18251965
21–50,7095,0.8023,"1,000–10,000",18251965
3,87427,9.8861,"1,000–10,000",18251965
4,55671,6.2952,"1,000–10,000",18251965
5,37887,4.2842,"1,000–10,000",18251965
51–100,411,0.0465,"1,000–10,000",18251965
6–10,79641,9.0056,"1,000–10,000",18251965
>100,106,0.012,"1,000–10,000",18251965
1,132583,50.6054,"10,000–100,000",18251965
11–20,10869,4.1486,"10,000–100,000",18251965
2,46002,17.5584,"10,000–100,000",18251965
21–50,4041,1.5424,"10,000–100,000",18251965
3,22490,8.5842,"10,000–100,000",18251965
4,14038,5.3581,"10,000–100,000",18251965
5,9415,3.5936,"10,000–100,000",18251965
51–100,467,0.1782,"10,000–100,000",18251965
6–10,21945,8.3761,"10,000–100,000",18251965
>100,144,0.055,"10,000–100,000",18251965
1,1782376,66.986,"100–1,000",18251965
11–20,20028,0.7527,"100–1,000",18251965
2,419975,15.7837,"100–1,000",18251965
21–50,3283,0.1234,"100–1,000",18251965
3,188804,7.0957,"100–1,000",18251965
4,99333,3.7332,"100–1,000",18251965
5,57316,2.1541,"100–1,000",18251965
51–100,178,0.0067,"100–1,000",18251965
6–10,89464,3.3623,"100–1,000",18251965
>100,62,0.0023,"100–1,000",18251965
1,9373335,84.146,1–100,18251965
11–20,11169,0.1003,1–100,18251965
2,1211587,10.8766,1–100,18251965
21–50,1957,0.0176,1–100,18251965
3,306052,2.7475,1–100,18251965
4,116626,1.047,1–100,18251965
5,54653,0.4906,1–100,18251965
51–100,156,0.0014,1–100,18251965
6–10,63758,0.5724,1–100,18251965
>100,80,0.0007,1–100,18251965
1,64293,62.0637,">100,000",18251965
11–20,2246,2.1681,">100,000",18251965
2,17153,16.5582,">100,000",18251965
21–50,1152,1.1121,">100,000",18251965
3,7241,6.9899,">100,000",18251965
4,4105,3.9627,">100,000",18251965
5,2391,2.3081,">100,000",18251965
51–100,200,0.1931,">100,000",18251965
6–10,4629,4.4685,">100,000",18251965
>100,182,0.1757,">100,000",18251965
0,41635,0.5683,0–1,18473543
1,6721314,91.7435,0–1,18473543
11–20,2249,0.0307,0–1,18473543
2,417680,5.7012,0–1,18473543
21–50,452,0.0062,0–1,18473543
3,87261,1.1911,0–1,18473543
4,29597,0.404,0–1,18473543
5,13770,0.188,0–1,18473543
51–100,119,0.0016,0–1,18473543
6–10,12005,0.1639,0–1,18473543
>100,116,0.0016,0–1,18473543
1,461788,48.2824,"1,000–10,000",18473543
11–20,30996,3.2408,"1,000–10,000",18473543
2,170558,17.8328,"1,000–10,000",18473543
21–50,7127,0.7452,"1,000–10,000",18473543
3,96642,10.1044,"1,000–10,000",18473543
4,61427,6.4225,"1,000–10,000",18473543
5,41631,4.3527,"1,000–10,000",18473543
51–100,431,0.0451,"1,000–10,000",18473543
6–10,85721,8.9626,"1,000–10,000",18473543
>100,110,0.0115,"1,000–10,000",18473543
1,139513,49.1357,"10,000–100,000",18473543
11–20,12594,4.4355,"10,000–100,000",18473543
2,49645,17.4847,"10,000–100,000",18473543
21–50,4539,1.5986,"10,000–100,000",18473543
3,24802,8.7351,"10,000–100,000",18473543
4,15924,5.6083,"10,000–100,000",18473543
5,10802,3.8044,"10,000–100,000",18473543
51–100,498,0.1754,"10,000–100,000",18473543
6–10,25476,8.9725,"10,000–100,000",18473543
>100,141,0.0497,"10,000–100,000",18473543
1,1840730,67.3757,"100–1,000",18473543
11–20,18777,0.6873,"100–1,000",18473543
2,433420,15.8643,"100–1,000",18473543
21–50,3095,0.1133,"100–1,000",18473543
3,192573,7.0487,"100–1,000",18473543
4,99627,3.6466,"100–1,000",18473543
5,56637,2.0731,"100–1,000",18473543
51–100,179,0.0066,"100–1,000",18473543
6–10,86935,3.1821,"100–1,000",18473543
>100,66,0.0024,"100–1,000",18473543
1,9330673,84.3261,1–100,18473543
11–20,11080,0.1001,1–100,18473543
2,1195498,10.8043,1–100,18473543
21–50,1976,0.0179,1–100,18473543
3,297765,2.6911,1–100,18473543
4,113542,1.0261,1–100,18473543
5,52729,0.4765,1–100,18473543
51–100,157,0.0014,1–100,18473543
6–10,61479,0.5556,1–100,18473543
>100,83,0.0008,1–100,18473543
1,66407,61.3947,">100,000",18473543
11–20,2572,2.3779,">100,000",18473543
2,17925,16.5721,">100,000",18473543
21–50,1234,1.1409,">100,000",18473543
3,7646,7.0689,">100,000",18473543
4,4306,3.981,">100,000",18473543
5,2457,2.2716,">100,000",18473543
51–100,225,0.208,">100,000",18473543
6–10,5203,4.8103,">100,000",18473543
>100,189,0.1747,">100,000",18473543
0,41645,0.5593,0–1,18687851
1,6851693,92.0201,0–1,18687851
11–20,2152,0.0289,0–1,18687851
2,409565,5.5006,0–1,18687851
21–50,453,0.0061,0–1,18687851
3,85940,1.1542,0–1,18687851
4,28620,0.3844,0–1,18687851
5,13571,0.1823,0–1,18687851
51–100,126,0.0017,0–1,18687851
6–10,11985,0.161,0–1,18687851
>100,117,0.0016,0–1,18687851
1,501822,47.6139,"1,000–10,000",18687851
11–20,32717,3.1043,"1,000–10,000",18687851
2,190485,18.0736,"1,000–10,000",18687851
21–50,6945,0.659,"1,000–10,000",18687851
3,109217,10.3627,"1,000–10,000",18687851
4,69425,6.5872,"1,000–10,000",18687851
5,46933,4.4531,"1,000–10,000",18687851
51–100,430,0.0408,"1,000–10,000",18687851
6–10,95858,9.0952,"1,000–10,000",18687851
>100,108,0.0102,"1,000–10,000",18687851
1,145387,46.2096,"10,000–100,000",18687851
11–20,16091,5.1143,"10,000–100,000",18687851
2,54656,17.3718,"10,000–100,000",18687851
21–50,5699,1.8114,"10,000–100,000",18687851
3,28480,9.052,"10,000–100,000",18687851
4,18834,5.9862,"10,000–100,000",18687851
5,13112,4.1675,"10,000–100,000",18687851
51–100,549,0.1745,"10,000–100,000",18687851
6–10,31662,10.0634,"10,000–100,000",18687851
>100,155,0.0493,"10,000–100,000",18687851
1,1949263,67.6844,"100–1,000",18687851
11–20,17445,0.6057,"100–1,000",18687851
2,465079,16.149,"100–1,000",18687851
21–50,2875,0.0998,"100–1,000",18687851
3,200955,6.9778,"100–1,000",18687851
4,102457,3.5576,"100–1,000",18687851
5,56949,1.9774,"100–1,000",18687851
51–100,169,0.0059,"100–1,000",18687851
6–10,84677,2.9402,"100–1,000",18687851
>100,61,0.0021,"100–1,000",18687851
1,9429887,84.6803,1–100,18687851
11–20,10710,0.0962,1–100,18687851
2,1185225,10.6433,1–100,18687851
21–50,1956,0.0176,1–100,18687851
3,290228,2.6062,1–100,18687851
4,109255,0.9811,1–100,18687851
5,50202,0.4508,1–100,18687851
51–100,166,0.0015,1–100,18687851
6–10,58155,0.5222,1–100,18687851
>100,90,0.0008,1–100,18687851
1,70979,61.0142,">100,000",18687851
11–20,3113,2.676,">100,000",18687851
2,18795,16.1563,">100,000",18687851
21–50,1506,1.2946,">100,000",18687851
3,8066,6.9336,">100,000",18687851
4,4615,3.9671,">100,000",18687851
5,2820,2.4241,">100,000",18687851
51–100,281,0.2416,">100,000",18687851
6–10,5945,5.1104,">100,000",18687851
>100,212,0.1822,">100,000",18687851
0,41650,0.5596,0–1,18908895
1,6848635,92.021,0–1,18908895
11–20,2195,0.0295,0–1,18908895
2,410654,5.5177,0–1,18908895
21–50,463,0.0062,0–1,18908895
3,84905,1.1408,0–1,18908895
4,28231,0.3793,0–1,18908895
5,13441,0.1806,0–1,18908895
51–100,126,0.0017,0–1,18908895
6–10,12048,0.1619,0–1,18908895
>100,121,0.0016,0–1,18908895
1,537708,47.3058,"1,000–10,000",18908895
11–20,34245,3.0128,"1,000–10,000",18908895
2,207707,18.2734,"1,000–10,000",18908895
21–50,6987,0.6147,"1,000–10,000",18908895
3,119096,10.4777,"1,000–10,000",18908895
4,75791,6.6678,"1,000–10,000",18908895
5,51445,4.526,"1,000–10,000",18908895
51–100,426,0.0375,"1,000–10,000",18908895
6–10,103133,9.0733,"1,000–10,000",18908895
>100,127,0.0112,"1,000–10,000",18908895
1,152488,44.6319,"10,000–100,000",18908895
11–20,18793,5.5005,"10,000–100,000",18908895
2,58694,17.1792,"10,000–100,000",18908895
21–50,6549,1.9168,"10,000–100,000",18908895
3,31362,9.1794,"10,000–100,000",18908895
4,21170,6.1963,"10,000–100,000",18908895
5,15062,4.4085,"10,000–100,000",18908895
51–100,598,0.175,"10,000–100,000",18908895
6–10,36768,10.7617,"10,000–100,000",18908895
>100,173,0.0506,"10,000–100,000",18908895
1,2074697,68.1707,"100–1,000",18908895
11–20,16867,0.5542,"100–1,000",18908895
2,493031,16.2001,"100–1,000",18908895
21–50,2783,0.0914,"100–1,000",18908895
3,208863,6.8629,"100–1,000",18908895
4,104848,3.4451,"100–1,000",18908895
5,57788,1.8988,"100–1,000",18908895
51–100,167,0.0055,"100–1,000",18908895
6–10,84279,2.7693,"100–1,000",18908895
>100,60,0.002,"100–1,000",18908895
1,9587594,84.988,1–100,18908895
11–20,10590,0.0939,1–100,18908895
2,1180123,10.4611,1–100,18908895
21–50,2007,0.0178,1–100,18908895
3,287024,2.5443,1–100,18908895
4,107428,0.9523,1–100,18908895
5,49058,0.4349,1–100,18908895
51–100,170,0.0015,1–100,18908895
6–10,57027,0.5055,1–100,18908895
>100,92,0.0008,1–100,18908895
1,71852,60.5289,">100,000",18908895
11–20,3461,2.9156,">100,000",18908895
2,18734,15.7817,">100,000",18908895
21–50,1704,1.4355,">100,000",18908895
3,8192,6.901,">100,000",18908895
4,4822,4.0621,">100,000",18908895
5,2922,2.4615,">100,000",18908895
51–100,334,0.2814,">100,000",18908895
6–10,6465,5.4462,">100,000",18908895
>100,221,0.1862,">100,000",18908895
0,41708,0.5501,0–1,19129889
1,6984420,92.1123,0–1,19129889
11–20,2309,0.0305,0–1,19129889
2,411757,5.4304,0–1,19129889
21–50,506,0.0067,0–1,19129889
3,86152,1.1362,0–1,19129889
4,29229,0.3855,0–1,19129889
5,13746,0.1813,0–1,19129889
51–100,131,0.0017,0–1,19129889
6–10,12422,0.1638,0–1,19129889
>100,124,0.0016,0–1,19129889
1,532920,46.8788,"1,000–10,000",19129889
11–20,36401,3.202,"1,000–10,000",19129889
2,206696,18.1822,"1,000–10,000",19129889
21–50,7633,0.6714,"1,000–10,000",19129889
3,118603,10.433,"1,000–10,000",19129889
4,76499,6.7293,"1,000–10,000",19129889
5,51741,4.5514,"1,000–10,000",19129889
51–100,448,0.0394,"1,000–10,000",19129889
6–10,105719,9.2997,"1,000–10,000",19129889
>100,143,0.0126,"1,000–10,000",19129889
1,150008,44.7242,"10,000–100,000",19129889
11–20,18611,5.5488,"10,000–100,000",19129889
2,57388,17.11,"10,000–100,000",19129889
21–50,6674,1.9898,"10,000–100,000",19129889
3,30676,9.1459,"10,000–100,000",19129889
4,20504,6.1132,"10,000–100,000",19129889
5,14684,4.378,"10,000–100,000",19129889
51–100,660,0.1968,"10,000–100,000",19129889
6–10,36021,10.7395,"10,000–100,000",19129889
>100,181,0.054,"10,000–100,000",19129889
1,2170788,68.1837,"100–1,000",19129889
11–20,18892,0.5934,"100–1,000",19129889
2,509476,16.0025,"100–1,000",19129889
21–50,3052,0.0959,"100–1,000",19129889
3,217461,6.8304,"100–1,000",19129889
4,110534,3.4718,"100–1,000",19129889
5,61484,1.9312,"100–1,000",19129889
51–100,181,0.0057,"100–1,000",19129889
6–10,91799,2.8834,"100–1,000",19129889
>100,68,0.0021,"100–1,000",19129889
1,10706664,85.619,1–100,19129889
11–20,10624,0.085,1–100,19129889
2,1253794,10.0263,1–100,19129889
21–50,2017,0.0161,1–100,19129889
3,306112,2.4479,1–100,19129889
4,113637,0.9087,1–100,19129889
5,52018,0.416,1–100,19129889
51–100,182,0.0015,1–100,19129889
6–10,59862,0.4787,1–100,19129889
>100,99,0.0008,1–100,19129889
1,70848,60.8284,">100,000",19129889
11–20,3288,2.823,">100,000",19129889
2,18368,15.7703,">100,000",19129889
21–50,1700,1.4596,">100,000",19129889
3,7909,6.7905,">100,000",19129889
4,4670,4.0095,">100,000",19129889
5,2901,2.4907,">100,000",19129889
51–100,319,0.2739,">100,000",19129889
6–10,6238,5.3558,">100,000",19129889
>100,231,0.1983,">100,000",19129889
0,41709,0.5676,0–1,19336607
1,6776976,92.2285,0–1,19336607
11–20,2162,0.0294,0–1,19336607
2,392266,5.3384,0–1,19336607
21–50,483,0.0066,0–1,19336607
3,82042,1.1165,0–1,19336607
4,27254,0.3709,0–1,19336607
5,13107,0.1784,0–1,19336607
51–100,126,0.0017,0–1,19336607
6–10,11782,0.1603,0–1,19336607
>100,122,0.0017,0–1,19336607
1,641326,47.5234,"1,000–10,000",19336607
11–20,37078,2.7475,"1,000–10,000",19336607
2,252542,18.7138,"1,000–10,000",19336607
21–50,7282,0.5396,"1,000–10,000",19336607
3,143187,10.6104,"1,000–10,000",19336607
4,90226,6.6859,"1,000–10,000",19336607
5,59802,4.4314,"1,000–10,000",19336607
51–100,391,0.029,"1,000–10,000",19336607
6–10,117525,8.7088,"1,000–10,000",19336607
>100,135,0.01,"1,000–10,000",19336607
1,175890,42.3853,"10,000–100,000",19336607
11–20,24375,5.8738,"10,000–100,000",19336607
2,70124,16.8982,"10,000–100,000",19336607
21–50,8163,1.9671,"10,000–100,000",19336607
3,39698,9.5663,"10,000–100,000",19336607
4,27240,6.5642,"10,000–100,000",19336607
5,19702,4.7477,"10,000–100,000",19336607
51–100,741,0.1786,"10,000–100,000",19336607
6–10,48868,11.776,"10,000–100,000",19336607
>100,178,0.0429,"10,000–100,000",19336607
1,2527149,70.3076,"100–1,000",19336607
11–20,16439,0.4573,"100–1,000",19336607
2,563211,15.6691,"100–1,000",19336607
21–50,2680,0.0746,"100–1,000",19336607
3,228283,6.351,"100–1,000",19336607
4,111302,3.0965,"100–1,000",19336607
5,59721,1.6615,"100–1,000",19336607
51–100,173,0.0048,"100–1,000",19336607
6–10,85388,2.3756,"100–1,000",19336607
>100,71,0.002,"100–1,000",19336607
1,10852289,86.3693,1–100,19336607
11–20,9582,0.0763,1–100,19336607
2,1212445,9.6494,1–100,19336607
21–50,1864,0.0148,1–100,19336607
3,285379,2.2712,1–100,19336607
4,103808,0.8262,1–100,19336607
5,46634,0.3711,1–100,19336607
51–100,172,0.0014,1–100,19336607
6–10,52716,0.4195,1–100,19336607
>100,99,0.0008,1–100,19336607
1,78188,58.2128,">100,000",19336607
11–20,4676,3.4814,">100,000",19336607
2,21038,15.6633,">100,000",19336607
21–50,2312,1.7213,">100,000",19336607
3,9465,7.0469,">100,000",19336607
4,5741,4.2743,">100,000",19336607
5,3746,2.789,">100,000",19336607
51–100,415,0.309,">100,000",19336607
6–10,8463,6.3009,">100,000",19336607
>100,270,0.201,">100,000",19336607
0,41744,0.5688,0–1,19557289
1,6760821,92.1198,0–1,19557289
11–20,2204,0.03,0–1,19557289
2,399147,5.4386,0–1,19557289
21–50,483,0.0066,0–1,19557289
3,82483,1.1239,0–1,19557289
4,27287,0.3718,0–1,19557289
5,12932,0.1762,0–1,19557289
51–100,133,0.0018,0–1,19557289
6–10,11805,0.1608,0–1,19557289
>100,124,0.0017,0–1,19557289
1,781489,48.3654,"1,000–10,000",19557289
11–20,38291,2.3698,"1,000–10,000",19557289
2,308029,19.0635,"1,000–10,000",19557289
21–50,7130,0.4413,"1,000–10,000",19557289
3,172947,10.7035,"1,000–10,000",19557289
4,106667,6.6015,"1,000–10,000",19557289
5,69312,4.2896,"1,000–10,000",19557289
51–100,364,0.0225,"1,000–10,000",19557289
6–10,131436,8.1344,"1,000–10,000",19557289
>100,138,0.0085,"1,000–10,000",19557289
1,196900,39.8387,"10,000–100,000",19557289
11–20,31331,6.3392,"10,000–100,000",19557289
2,82271,16.6459,"10,000–100,000",19557289
21–50,9842,1.9913,"10,000–100,000",19557289
3,49335,9.9819,"10,000–100,000",19557289
4,34872,7.0556,"10,000–100,000",19557289
5,25134,5.0854,"10,000–100,000",19557289
51–100,846,0.1712,"10,000–100,000",19557289
6–10,63512,12.8504,"10,000–100,000",19557289
>100,200,0.0405,"10,000–100,000",19557289
1,3052686,72.593,"100–1,000",19557289
11–20,15142,0.3601,"100–1,000",19557289
2,641362,15.2516,"100–1,000",19557289
21–50,2533,0.0602,"100–1,000",19557289
3,240748,5.725,"100–1,000",19557289
4,112728,2.6807,"100–1,000",19557289
5,58700,1.3959,"100–1,000",19557289
51–100,165,0.0039,"100–1,000",19557289
6–10,81077,1.928,"100–1,000",19557289
>100,69,0.0016,"100–1,000",19557289
1,10798538,86.8304,1–100,19557289
11–20,9310,0.0749,1–100,19557289
2,1162477,9.3474,1–100,19557289
21–50,1871,0.015,1–100,19557289
3,270403,2.1743,1–100,19557289
4,98514,0.7921,1–100,19557289
5,44471,0.3576,1–100,19557289
51–100,175,0.0014,1–100,19557289
6–10,50498,0.4061,1–100,19557289
>100,98,0.0008,1–100,19557289
1,74558,52.7396,">100,000",19557289
11–20,6352,4.4932,">100,000",19557289
2,23468,16.6004,">100,000",19557289
21–50,3123,2.2091,">100,000",19557289
3,10751,7.6049,">100,000",19557289
4,6785,4.7995,">100,000",19557289
5,4473,3.164,">100,000",19557289
51–100,527,0.3728,">100,000",19557289
6–10,11036,7.8065,">100,000",19557289
>100,297,0.2101,">100,000",19557289
0,41742,0.5295,0–1,19771560
1,7255506,92.0367,0–1,19771560
11–20,2553,0.0324,0–1,19771560
2,433261,5.496,0–1,19771560
21–50,557,0.0071,0–1,19771560
3,90731,1.1509,0–1,19771560
4,30821,0.391,0–1,19771560
5,14492,0.1838,0–1,19771560
51–100,140,0.0018,0–1,19771560
6–10,13340,0.1692,0–1,19771560
>100,132,0.0017,0–1,19771560
1,657835,46.4307,"1,000–10,000",19771560
11–20,43492,3.0697,"1,000–10,000",19771560
2,259707,18.3304,"1,000–10,000",19771560
21–50,8855,0.625,"1,000–10,000",19771560
3,151290,10.6782,"1,000–10,000",19771560
4,97054,6.8502,"1,000–10,000",19771560
5,65302,4.6091,"1,000–10,000",19771560
51–100,478,0.0337,"1,000–10,000",19771560
6–10,132633,9.3614,"1,000–10,000",19771560
>100,164,0.0116,"1,000–10,000",19771560
1,161347,40.6726,"10,000–100,000",19771560
11–20,25866,6.5203,"10,000–100,000",19771560
2,66317,16.7173,"10,000–100,000",19771560
21–50,9090,2.2914,"10,000–100,000",19771560
3,38067,9.596,"10,000–100,000",19771560
4,26485,6.6764,"10,000–100,000",19771560
5,19319,4.87,"10,000–100,000",19771560
51–100,877,0.2211,"10,000–100,000",19771560
6–10,49122,12.3828,"10,000–100,000",19771560
>100,207,0.0522,"10,000–100,000",19771560
1,2688623,69.5663,"100–1,000",19771560
11–20,18850,0.4877,"100–1,000",19771560
2,618089,15.9926,"100–1,000",19771560
21–50,3144,0.0813,"100–1,000",19771560
3,250686,6.4863,"100–1,000",19771560
4,122568,3.1714,"100–1,000",19771560
5,66653,1.7246,"100–1,000",19771560
51–100,208,0.0054,"100–1,000",19771560
6–10,95937,2.4823,"100–1,000",19771560
>100,76,0.002,"100–1,000",19771560
1,11205651,85.9956,1–100,19771560
11–20,11293,0.0867,1–100,19771560
2,1274504,9.7809,1–100,19771560
21–50,2276,0.0175,1–100,19771560
3,308054,2.3641,1–100,19771560
4,114392,0.8779,1–100,19771560
5,52705,0.4045,1–100,19771560
51–100,201,0.0015,1–100,19771560
6–10,61298,0.4704,1–100,19771560
>100,117,0.0009,1–100,19771560
1,53726,50.1835,">100,000",19771560
11–20,4497,4.2005,">100,000",19771560
2,20258,18.9223,">100,000",19771560
21–50,2278,2.1278,">100,000",19771560
3,8744,8.1675,">100,000",19771560
4,5413,5.0561,">100,000",19771560
5,3391,3.1674,">100,000",19771560
51–100,416,0.3886,">100,000",19771560
6–10,8057,7.5258,">100,000",19771560
>100,279,0.2606,">100,000",19771560
0,41736,0.5204,0–1,19993250
1,7376299,91.9776,0–1,19993250
11–20,2520,0.0314,0–1,19993250
2,445334,5.553,0–1,19993250
21–50,590,0.0074,0–1,19993250
3,93065,1.1605,0–1,19993250
4,31408,0.3916,0–1,19993250
5,14756,0.184,0–1,19993250
51–100,140,0.0017,0–1,19993250
6–10,13692,0.1707,0–1,19993250
>100,131,0.0016,0–1,19993250
1,712281,46.8373,"1,000–10,000",19993250
11–20,43599,2.8669,"1,000–10,000",19993250
2,284624,18.7159,"1,000–10,000",19993250
21–50,8725,0.5737,"1,000–10,000",19993250
3,163096,10.7247,"1,000–10,000",19993250
4,102677,6.7517,"1,000–10,000",19993250
5,68819,4.5253,"1,000–10,000",19993250
51–100,498,0.0327,"1,000–10,000",19993250
6–10,136289,8.9619,"1,000–10,000",19993250
>100,149,0.0098,"1,000–10,000",19993250
1,176417,39.6397,"10,000–100,000",19993250
11–20,29063,6.5303,"10,000–100,000",19993250
2,74955,16.8419,"10,000–100,000",19993250
21–50,9846,2.2123,"10,000–100,000",19993250
3,43963,9.8782,"10,000–100,000",19993250
4,30729,6.9046,"10,000–100,000",19993250
5,22386,5.03,"10,000–100,000",19993250
51–100,904,0.2031,"10,000–100,000",19993250
6–10,56551,12.7066,"10,000–100,000",19993250
>100,237,0.0533,"10,000–100,000",19993250
1,2788374,70.1554,"100–1,000",19993250
11–20,18496,0.4654,"100–1,000",19993250
2,627098,15.7778,"100–1,000",19993250
21–50,3176,0.0799,"100–1,000",19993250
3,254204,6.3958,"100–1,000",19993250
4,122331,3.0778,"100–1,000",19993250
5,65954,1.6594,"100–1,000",19993250
51–100,214,0.0054,"100–1,000",19993250
6–10,94625,2.3808,"100–1,000",19993250
>100,95,0.0024,"100–1,000",19993250
1,11175471,86.0132,1–100,19993250
11–20,11220,0.0864,1–100,19993250
2,1270940,9.7819,1–100,19993250
21–50,2238,0.0172,1–100,19993250
3,306171,2.3565,1–100,19993250
4,113301,0.872,1–100,19993250
5,52318,0.4027,1–100,19993250
51–100,193,0.0015,1–100,19993250
6–10,60782,0.4678,1–100,19993250
>100,112,0.0009,1–100,19993250
1,56749,48.381,">100,000",19993250
11–20,5371,4.579,">100,000",19993250
2,22006,18.7611,">100,000",19993250
21–50,2688,2.2916,">100,000",19993250
3,9770,8.3294,">100,000",19993250
4,6242,5.3216,">100,000",19993250
5,4059,3.4605,">100,000",19993250
51–100,483,0.4118,">100,000",19993250
6–10,9621,8.2023,">100,000",19993250
>100,307,0.2617,">100,000",19993250
0,41737,0.4953,0–1,20207949
1,7729740,91.7367,0–1,20207949
11–20,2976,0.0353,0–1,20207949
2,481544,5.715,0–1,20207949
21–50,732,0.0087,0–1,20207949
3,102949,1.2218,0–1,20207949
4,34643,0.4111,0–1,20207949
5,16161,0.1918,0–1,20207949
51–100,169,0.002,0–1,20207949
6–10,15200,0.1804,0–1,20207949
>100,151,0.0018,0–1,20207949
1,627692,45.758,"1,000–10,000",20207949
11–20,45929,3.3482,"1,000–10,000",20207949
2,249580,18.1941,"1,000–10,000",20207949
21–50,9980,0.7275,"1,000–10,000",20207949
3,145722,10.623,"1,000–10,000",20207949
4,94384,6.8805,"1,000–10,000",20207949
5,64303,4.6876,"1,000–10,000",20207949
51–100,603,0.044,"1,000–10,000",20207949
6–10,133408,9.7253,"1,000–10,000",20207949
>100,163,0.0119,"1,000–10,000",20207949
1,160617,41.143,"10,000–100,000",20207949
11–20,25298,6.4802,"10,000–100,000",20207949
2,65199,16.7011,"10,000–100,000",20207949
21–50,8971,2.298,"10,000–100,000",20207949
3,37151,9.5165,"10,000–100,000",20207949
4,25856,6.6232,"10,000–100,000",20207949
5,18683,4.7858,"10,000–100,000",20207949
51–100,922,0.2362,"10,000–100,000",20207949
6–10,47444,12.1531,"10,000–100,000",20207949
>100,246,0.063,"10,000–100,000",20207949
1,2597276,68.6186,"100–1,000",20207949
11–20,21856,0.5774,"100–1,000",20207949
2,601919,15.9024,"100–1,000",20207949
21–50,3628,0.0958,"100–1,000",20207949
3,255247,6.7435,"100–1,000",20207949
4,127761,3.3754,"100–1,000",20207949
5,70981,1.8753,"100–1,000",20207949
51–100,260,0.0069,"100–1,000",20207949
6–10,106065,2.8022,"100–1,000",20207949
>100,99,0.0026,"100–1,000",20207949
1,11311336,85.2387,1–100,20207949
11–20,12710,0.0958,1–100,20207949
2,1351985,10.1881,1–100,20207949
21–50,2534,0.0191,1–100,20207949
3,335687,2.5296,1–100,20207949
4,126484,0.9531,1–100,20207949
5,59119,0.4455,1–100,20207949
51–100,213,0.0016,1–100,20207949
6–10,70011,0.5276,1–100,20207949
>100,115,0.0009,1–100,20207949
1,53588,50.1605,">100,000",20207949
11–20,4353,4.0746,">100,000",20207949
2,20377,19.0737,">100,000",20207949
21–50,2238,2.0949,">100,000",20207949
3,8678,8.123,">100,000",20207949
4,5238,4.903,">100,000",20207949
5,3564,3.336,">100,000",20207949
51–100,405,0.3791,">100,000",20207949
6–10,8085,7.5679,">100,000",20207949
>100,307,0.2874,">100,000",20207949
0,43756,0.4884,0–1,20429973
1,8224018,91.8008,0–1,20429973
11–20,3305,0.0369,0–1,20429973
2,508066,5.6713,0–1,20429973
21–50,803,0.009,0–1,20429973
3,108045,1.2061,0–1,20429973
4,36646,0.4091,0–1,20429973
5,17144,0.1914,0–1,20429973
51–100,183,0.002,0–1,20429973
6–10,16429,0.1834,0–1,20429973
>100,154,0.0017,0–1,20429973
1,613228,46.0756,"1,000–10,000",20429973
11–20,46674,3.5069,"1,000–10,000",20429973
2,235964,17.7294,"1,000–10,000",20429973
21–50,10366,0.7789,"1,000–10,000",20429973
3,138801,10.429,"1,000–10,000",20429973
4,90916,6.8311,"1,000–10,000",20429973
5,62333,4.6835,"1,000–10,000",20429973
51–100,684,0.0514,"1,000–10,000",20429973
6–10,131765,9.9003,"1,000–10,000",20429973
>100,185,0.0139,"1,000–10,000",20429973
1,153386,41.8253,"10,000–100,000",20429973
11–20,23754,6.4772,"10,000–100,000",20429973
2,60760,16.568,"10,000–100,000",20429973
21–50,8695,2.371,"10,000–100,000",20429973
3,34215,9.3298,"10,000–100,000",20429973
4,23638,6.4456,"10,000–100,000",20429973
5,17248,4.7032,"10,000–100,000",20429973
51–100,884,0.241,"10,000–100,000",20429973
6–10,43906,11.9723,"10,000–100,000",20429973
>100,244,0.0665,"10,000–100,000",20429973
1,2566564,68.2249,"100–1,000",20429973
11–20,23524,0.6253,"100–1,000",20429973
2,596618,15.8594,"100–1,000",20429973
21–50,3974,0.1056,"100–1,000",20429973
3,256178,6.8098,"100–1,000",20429973
4,130247,3.4622,"100–1,000",20429973
5,73245,1.947,"100–1,000",20429973
51–100,295,0.0078,"100–1,000",20429973
6–10,111162,2.9549,"100–1,000",20429973
>100,112,0.003,"100–1,000",20429973
1,11156009,84.5978,1–100,20429973
11–20,13959,0.1059,1–100,20429973
2,1389525,10.537,1–100,20429973
21–50,2863,0.0217,1–100,20429973
3,351127,2.6627,1–100,20429973
4,134340,1.0187,1–100,20429973
5,63039,0.478,1–100,20429973
51–100,243,0.0018,1–100,20429973
6–10,75892,0.5755,1–100,20429973
>100,121,0.0009,1–100,20429973
1,52170,50.7975,">100,000",20429973
11–20,4124,4.0155,">100,000",20429973
2,19451,18.9393,">100,000",20429973
21–50,2092,2.037,">100,000",20429973
3,8258,8.0407,">100,000",20429973
4,4706,4.5822,">100,000",20429973
5,3183,3.0993,">100,000",20429973
51–100,390,0.3797,">100,000",20429973
6–10,8023,7.8119,">100,000",20429973
>100,305,0.297,">100,000",20429973
0,43752,0.4588,0–1,20651994
1,8746721,91.7266,0–1,20651994
11–20,3728,0.0391,0–1,20651994
2,546630,5.7325,0–1,20651994
21–50,919,0.0096,0–1,20651994
3,117115,1.2282,0–1,20651994
4,39931,0.4188,0–1,20651994
5,18544,0.1945,0–1,20651994
51–100,195,0.002,0–1,20651994
6–10,17952,0.1883,0–1,20651994
>100,161,0.0017,0–1,20651994
1,579818,46.177,"1,000–10,000",20651994
11–20,47072,3.7488,"1,000–10,000",20651994
2,217960,17.3584,"1,000–10,000",20651994
21–50,11035,0.8788,"1,000–10,000",20651994
3,128429,10.2281,"1,000–10,000",20651994
4,84871,6.7592,"1,000–10,000",20651994
5,58548,4.6628,"1,000–10,000",20651994
51–100,757,0.0603,"1,000–10,000",20651994
6–10,126949,10.1103,"1,000–10,000",20651994
>100,204,0.0162,"1,000–10,000",20651994
1,140428,42.6039,"10,000–100,000",20651994
11–20,20870,6.3317,"10,000–100,000",20651994
2,55019,16.692,"10,000–100,000",20651994
21–50,7954,2.4131,"10,000–100,000",20651994
3,30102,9.1325,"10,000–100,000",20651994
4,20804,6.3116,"10,000–100,000",20651994
5,14969,4.5414,"10,000–100,000",20651994
51–100,881,0.2673,"10,000–100,000",20651994
6–10,38348,11.6342,"10,000–100,000",20651994
>100,238,0.0722,"10,000–100,000",20651994
1,2449357,67.5029,"100–1,000",20651994
11–20,26329,0.7256,"100–1,000",20651994
2,572135,15.7677,"100–1,000",20651994
21–50,4522,0.1246,"100–1,000",20651994
3,251854,6.941,"100–1,000",20651994
4,131016,3.6107,"100–1,000",20651994
5,75135,2.0707,"100–1,000",20651994
51–100,307,0.0085,"100–1,000",20651994
6–10,117745,3.245,"100–1,000",20651994
>100,123,0.0034,"100–1,000",20651994
1,11084385,83.9147,1–100,20651994
11–20,15615,0.1182,1–100,20651994
2,1432494,10.8447,1–100,20651994
21–50,3166,0.024,1–100,20651994
3,373679,2.8289,1–100,20651994
4,145226,1.0994,1–100,20651994
5,69190,0.5238,1–100,20651994
51–100,284,0.0022,1–100,20651994
6–10,84948,0.6431,1–100,20651994
>100,124,0.0009,1–100,20651994
1,48006,51.5456,">100,000",20651994
11–20,3469,3.7248,">100,000",20651994
2,17942,19.2649,">100,000",20651994
21–50,1777,1.908,">100,000",20651994
3,7328,7.8683,">100,000",20651994
4,4217,4.5279,">100,000",20651994
5,2733,2.9345,">100,000",20651994
51–100,362,0.3887,">100,000",20651994
6–10,6983,7.4979,">100,000",20651994
>100,316,0.3393,">100,000",20651994
0,43747,0.4716,0–1,20866919
1,8517868,91.8152,0–1,20866919
11–20,3743,0.0403,0–1,20866919
2,524736,5.6562,0–1,20866919
21–50,925,0.01,0–1,20866919
3,111873,1.2059,0–1,20866919
4,38306,0.4129,0–1,20866919
5,17888,0.1928,0–1,20866919
51–100,187,0.002,0–1,20866919
6–10,17749,0.1913,0–1,20866919
>100,169,0.0018,0–1,20866919
1,648683,46.476,"1,000–10,000",20866919
11–20,49056,3.5147,"1,000–10,000",20866919
2,245305,17.5753,"1,000–10,000",20866919
21–50,11147,0.7986,"1,000–10,000",20866919
3,144138,10.327,"1,000–10,000",20866919
4,94324,6.758,"1,000–10,000",20866919
5,64878,4.6483,"1,000–10,000",20866919
51–100,752,0.0539,"1,000–10,000",20866919
6–10,137241,9.8329,"1,000–10,000",20866919
>100,215,0.0154,"1,000–10,000",20866919
1,150122,40.0231,"10,000–100,000",20866919
11–20,25373,6.7645,"10,000–100,000",20866919
2,62408,16.6382,"10,000–100,000",20866919
21–50,9202,2.4533,"10,000–100,000",20866919
3,35777,9.5383,"10,000–100,000",20866919
4,25227,6.7256,"10,000–100,000",20866919
5,18394,4.9039,"10,000–100,000",20866919
51–100,965,0.2573,"10,000–100,000",20866919
6–10,47360,12.6264,"10,000–100,000",20866919
>100,260,0.0693,"10,000–100,000",20866919
1,2699274,68.3695,"100–1,000",20866919
11–20,25267,0.64,"100–1,000",20866919
2,620756,15.723,"100–1,000",20866919
21–50,4251,0.1077,"100–1,000",20866919
3,266203,6.7426,"100–1,000",20866919
4,136358,3.4538,"100–1,000",20866919
5,77503,1.9631,"100–1,000",20866919
51–100,308,0.0078,"100–1,000",20866919
6–10,118027,2.9895,"100–1,000",20866919
>100,123,0.0031,"100–1,000",20866919
1,11357550,84.6081,1–100,20866919
11–20,13393,0.0998,1–100,20866919
2,1416315,10.5508,1–100,20866919
21–50,2706,0.0202,1–100,20866919
3,358919,2.6738,1–100,20866919
4,135650,1.0105,1–100,20866919
5,63308,0.4716,1–100,20866919
51–100,286,0.0021,1–100,20866919
6–10,75454,0.5621,1–100,20866919
>100,127,0.0009,1–100,20866919
1,53776,50.6361,">100,000",20866919
11–20,4459,4.1986,">100,000",20866919
2,19479,18.3416,">100,000",20866919
21–50,2287,2.1535,">100,000",20866919
3,8390,7.9001,">100,000",20866919
4,4934,4.6459,">100,000",20866919
5,3411,3.2118,">100,000",20866919
51–100,449,0.4228,">100,000",20866919
6–10,8678,8.1713,">100,000",20866919
>100,338,0.3183,">100,000",20866919
0,43758,0.4552,0–1,21089069
1,8817976,91.7403,0–1,21089069
11–20,4128,0.0429,0–1,21089069
2,547150,5.6924,0–1,21089069
21–50,1047,0.0109,0–1,21089069
3,118320,1.231,0–1,21089069
4,40678,0.4232,0–1,21089069
5,19158,0.1993,0–1,21089069
51–100,209,0.0022,0–1,21089069
6–10,19292,0.2007,0–1,21089069
>100,173,0.0018,0–1,21089069
1,634272,46.6138,"1,000–10,000",21089069
11–20,49729,3.6547,"1,000–10,000",21089069
2,234360,17.2235,"1,000–10,000",21089069
21–50,11623,0.8542,"1,000–10,000",21089069
3,139246,10.2334,"1,000–10,000",21089069
4,91209,6.7031,"1,000–10,000",21089069
5,63401,4.6595,"1,000–10,000",21089069
51–100,811,0.0596,"1,000–10,000",21089069
6–10,135822,9.9818,"1,000–10,000",21089069
>100,224,0.0165,"1,000–10,000",21089069
1,147512,40.3622,"10,000–100,000",21089069
11–20,24857,6.8014,"10,000–100,000",21089069
2,60518,16.5589,"10,000–100,000",21089069
21–50,9244,2.5293,"10,000–100,000",21089069
3,34186,9.354,"10,000–100,000",21089069
4,24206,6.6232,"10,000–100,000",21089069
5,17632,4.8245,"10,000–100,000",21089069
51–100,992,0.2714,"10,000–100,000",21089069
6–10,46042,12.598,"10,000–100,000",21089069
>100,282,0.0772,"10,000–100,000",21089069
1,2536872,67.3003,"100–1,000",21089069
11–20,26234,0.696,"100–1,000",21089069
2,605694,16.0684,"100–1,000",21089069
21–50,4551,0.1207,"100–1,000",21089069
3,263578,6.9924,"100–1,000",21089069
4,135640,3.5984,"100–1,000",21089069
5,76935,2.041,"100–1,000",21089069
51–100,365,0.0097,"100–1,000",21089069
6–10,119474,3.1695,"100–1,000",21089069
>100,136,0.0036,"100–1,000",21089069
1,11514159,84.1841,1–100,21089069
11–20,15752,0.1152,1–100,21089069
2,1465622,10.7157,1–100,21089069
21–50,3285,0.024,1–100,21089069
3,378939,2.7706,1–100,21089069
4,145571,1.0643,1–100,21089069
5,68857,0.5034,1–100,21089069
51–100,326,0.0024,1–100,21089069
6–10,84696,0.6192,1–100,21089069
>100,147,0.0011,1–100,21089069
1,51867,50.0391,">100,000",21089069
11–20,4471,4.3134,">100,000",21089069
2,19124,18.45,">100,000",21089069
21–50,2280,2.1996,">100,000",21089069
3,8204,7.9149,">100,000",21089069
4,4843,4.6723,">100,000",21089069
5,3338,3.2204,">100,000",21089069
51–100,464,0.4476,">100,000",21089069
6–10,8713,8.4059,">100,000",21089069
>100,349,0.3367,">100,000",21089069
0,43778,0.5216,0–1,21303934
1,7644547,91.085,0–1,21303934
11–20,3804,0.0453,0–1,21303934
2,515270,6.1395,0–1,21303934
21–50,1076,0.0128,0–1,21303934
3,110515,1.3168,0–1,21303934
4,37450,0.4462,0–1,21303934
5,17879,0.213,0–1,21303934
51–100,199,0.0024,0–1,21303934
6–10,18073,0.2153,0–1,21303934
>100,169,0.002,0–1,21303934
1,786104,48.411,"1,000–10,000",21303934
11–20,47557,2.9287,"1,000–10,000",21303934
2,289840,17.8494,"1,000–10,000",21303934
21–50,10327,0.636,"1,000–10,000",21303934
3,166803,10.2723,"1,000–10,000",21303934
4,105966,6.5258,"1,000–10,000",21303934
5,71762,4.4194,"1,000–10,000",21303934
51–100,722,0.0445,"1,000–10,000",21303934
6–10,144503,8.899,"1,000–10,000",21303934
>100,228,0.014,"1,000–10,000",21303934
1,182271,38.0465,"10,000–100,000",21303934
11–20,33517,6.9962,"10,000–100,000",21303934
2,79447,16.5835,"10,000–100,000",21303934
21–50,11402,2.38,"10,000–100,000",21303934
3,47551,9.9256,"10,000–100,000",21303934
4,33418,6.9755,"10,000–100,000",21303934
5,25366,5.2948,"10,000–100,000",21303934
51–100,1129,0.2357,"10,000–100,000",21303934
6–10,64693,13.5038,"10,000–100,000",21303934
>100,280,0.0584,"10,000–100,000",21303934
1,2916806,69.8208,"100–1,000",21303934
11–20,22836,0.5466,"100–1,000",21303934
2,655677,15.6952,"100–1,000",21303934
21–50,4142,0.0991,"100–1,000",21303934
3,267119,6.3941,"100–1,000",21303934
4,132385,3.169,"100–1,000",21303934
5,71658,1.7153,"100–1,000",21303934
51–100,328,0.0079,"100–1,000",21303934
6–10,106480,2.5489,"100–1,000",21303934
>100,132,0.0032,"100–1,000",21303934
1,12534988,85.8109,1–100,21303934
11–20,14435,0.0988,1–100,21303934
2,1425172,9.7563,1–100,21303934
21–50,3078,0.0211,1–100,21303934
3,354552,2.4272,1–100,21303934
4,134857,0.9232,1–100,21303934
5,63200,0.4326,1–100,21303934
51–100,326,0.0022,1–100,21303934
6–10,76922,0.5266,1–100,21303934
>100,153,0.001,1–100,21303934
1,62771,48.1166,">100,000",21303934
11–20,6755,5.178,">100,000",21303934
2,22989,17.622,">100,000",21303934
21–50,3332,2.5541,">100,000",21303934
3,10391,7.9651,">100,000",21303934
4,6348,4.866,">100,000",21303934
5,4712,3.6119,">100,000",21303934
51–100,606,0.4645,">100,000",21303934
6–10,12140,9.3058,">100,000",21303934
>100,412,0.3158,">100,000",21303934
0,43796,0.4742,0–1,21525891
1,8435136,91.3286,0–1,21525891
11–20,4135,0.0448,0–1,21525891
2,552904,5.9864,0–1,21525891
21–50,1159,0.0125,0–1,21525891
3,119384,1.2926,0–1,21525891
4,40318,0.4365,0–1,21525891
5,19240,0.2083,0–1,21525891
51–100,203,0.0022,0–1,21525891
6–10,19564,0.2118,0–1,21525891
>100,185,0.002,0–1,21525891
1,747811,47.519,"1,000–10,000",21525891
11–20,50912,3.2352,"1,000–10,000",21525891
2,278552,17.7003,"1,000–10,000",21525891
21–50,11472,0.729,"1,000–10,000",21525891
3,161715,10.276,"1,000–10,000",21525891
4,104338,6.6301,"1,000–10,000",21525891
5,71074,4.5163,"1,000–10,000",21525891
51–100,804,0.0511,"1,000–10,000",21525891
6–10,146759,9.3257,"1,000–10,000",21525891
>100,272,0.0173,"1,000–10,000",21525891
1,178007,38.5683,"10,000–100,000",21525891
11–20,32400,7.02,"10,000–100,000",21525891
2,76869,16.655,"10,000–100,000",21525891
21–50,11326,2.454,"10,000–100,000",21525891
3,44903,9.729,"10,000–100,000",21525891
4,31721,6.8729,"10,000–100,000",21525891
5,23590,5.1112,"10,000–100,000",21525891
51–100,1192,0.2583,"10,000–100,000",21525891
6–10,61232,13.267,"10,000–100,000",21525891
>100,297,0.0644,"10,000–100,000",21525891
1,2771120,68.1586,"100–1,000",21525891
11–20,25394,0.6246,"100–1,000",21525891
2,657141,16.1631,"100–1,000",21525891
21–50,4540,0.1117,"100–1,000",21525891
3,276724,6.8063,"100–1,000",21525891
4,138685,3.4111,"100–1,000",21525891
5,76145,1.8729,"100–1,000",21525891
51–100,348,0.0086,"100–1,000",21525891
6–10,115458,2.8398,"100–1,000",21525891
>100,139,0.0034,"100–1,000",21525891
1,12380512,85.0663,1–100,21525891
11–20,15881,0.1091,1–100,21525891
2,1479056,10.1626,1–100,21525891
21–50,3293,0.0226,1–100,21525891
3,376674,2.5881,1–100,21525891
4,145022,0.9964,1–100,21525891
5,68443,0.4703,1–100,21525891
51–100,351,0.0024,1–100,21525891
6–10,84572,0.5811,1–100,21525891
>100,153,0.0011,1–100,21525891
1,62044,48.7637,">100,000",21525891
11–20,6334,4.9782,">100,000",21525891
2,22565,17.735,">100,000",21525891
21–50,3103,2.4388,">100,000",21525891
3,10196,8.0136,">100,000",21525891
4,6068,4.7692,">100,000",21525891
5,4429,3.481,">100,000",21525891
51–100,600,0.4716,">100,000",21525891
6–10,11494,9.0337,">100,000",21525891
>100,401,0.3152,">100,000",21525891
0,44154,0.4326,0–1,21747950
1,9361281,91.716,0–1,21747950
11–20,4493,0.044,0–1,21747950
2,583066,5.7125,0–1,21747950
21–50,1262,0.0124,0–1,21747950
3,126767,1.242,0–1,21747950
4,43629,0.4274,0–1,21747950
5,20573,0.2016,0–1,21747950
51–100,225,0.0022,0–1,21747950
6–10,21172,0.2074,0–1,21747950
>100,189,0.0019,0–1,21747950
1,726913,47.7224,"1,000–10,000",21747950
11–20,52016,3.4149,"1,000–10,000",21747950
2,266525,17.4976,"1,000–10,000",21747950
21–50,12346,0.8105,"1,000–10,000",21747950
3,153329,10.0662,"1,000–10,000",21747950
4,99110,6.5066,"1,000–10,000",21747950
5,68098,4.4707,"1,000–10,000",21747950
51–100,865,0.0568,"1,000–10,000",21747950
6–10,143725,9.4357,"1,000–10,000",21747950
>100,284,0.0186,"1,000–10,000",21747950
1,173979,39.7358,"10,000–100,000",21747950
11–20,29475,6.7319,"10,000–100,000",21747950
2,73881,16.874,"10,000–100,000",21747950
21–50,10619,2.4253,"10,000–100,000",21747950
3,42055,9.6051,"10,000–100,000",21747950
4,29257,6.6821,"10,000–100,000",21747950
5,21741,4.9655,"10,000–100,000",21747950
51–100,1149,0.2624,"10,000–100,000",21747950
6–10,55381,12.6487,"10,000–100,000",21747950
>100,302,0.069,"10,000–100,000",21747950
1,2770626,68.0291,"100–1,000",21747950
11–20,28398,0.6973,"100–1,000",21747950
2,647867,15.9075,"100–1,000",21747950
21–50,5226,0.1283,"100–1,000",21747950
3,275777,6.7713,"100–1,000",21747950
4,141257,3.4684,"100–1,000",21747950
5,79234,1.9455,"100–1,000",21747950
51–100,418,0.0103,"100–1,000",21747950
6–10,123750,3.0385,"100–1,000",21747950
>100,156,0.0038,"100–1,000",21747950
1,11982114,84.1188,1–100,21747950
11–20,17055,0.1197,1–100,21747950
2,1527571,10.7241,1–100,21747950
21–50,3497,0.0246,1–100,21747950
3,395825,2.7788,1–100,21747950
4,153224,1.0757,1–100,21747950
5,73172,0.5137,1–100,21747950
51–100,389,0.0027,1–100,21747950
6–10,91267,0.6407,1–100,21747950
>100,165,0.0012,1–100,21747950
1,61303,49.822,">100,000",21747950
11–20,5539,4.5016,">100,000",21747950
2,22463,18.2561,">100,000",21747950
21–50,2759,2.2423,">100,000",21747950
3,9823,7.9833,">100,000",21747950
4,5657,4.5975,">100,000",21747950
5,4065,3.3037,">100,000",21747950
51–100,542,0.4405,">100,000",21747950
6–10,10496,8.5303,">100,000",21747950
>100,397,0.3226,">100,000",21747950
0,45144,0.4118,0–1,21948292
1,10018887,91.3844,0–1,21948292
11–20,5338,0.0487,0–1,21948292
2,652203,5.9489,0–1,21948292
21–50,1442,0.0132,0–1,21948292
3,142388,1.2988,0–1,21948292
4,49620,0.4526,0–1,21948292
5,23414,0.2136,0–1,21948292
51–100,255,0.0023,0–1,21948292
6–10,24550,0.2239,0–1,21948292
>100,213,0.0019,0–1,21948292
1,640190,47.8488,"1,000–10,000",21948292
11–20,51618,3.858,"1,000–10,000",21948292
2,223676,16.7179,"1,000–10,000",21948292
21–50,13246,0.99,"1,000–10,000",21948292
3,130275,9.7369,"1,000–10,000",21948292
4,85699,6.4053,"1,000–10,000",21948292
5,59940,4.48,"1,000–10,000",21948292
51–100,973,0.0727,"1,000–10,000",21948292
6–10,132020,9.8674,"1,000–10,000",21948292
>100,308,0.023,"1,000–10,000",21948292
1,149490,42.1613,"10,000–100,000",21948292
11–20,21958,6.1929,"10,000–100,000",21948292
2,61376,17.3101,"10,000–100,000",21948292
21–50,8509,2.3998,"10,000–100,000",21948292
3,32667,9.2132,"10,000–100,000",21948292
4,22224,6.2679,"10,000–100,000",21948292
5,16138,4.5515,"10,000–100,000",21948292
51–100,1020,0.2877,"10,000–100,000",21948292
6–10,40896,11.5341,"10,000–100,000",21948292
>100,289,0.0815,"10,000–100,000",21948292
1,2552585,66.8418,"100–1,000",21948292
11–20,33601,0.8799,"100–1,000",21948292
2,600967,15.7369,"100–1,000",21948292
21–50,6275,0.1643,"100–1,000",21948292
3,265385,6.9494,"100–1,000",21948292
4,141556,3.7068,"100–1,000",21948292
5,82492,2.1601,"100–1,000",21948292
51–100,474,0.0124,"100–1,000",21948292
6–10,135320,3.5435,"100–1,000",21948292
>100,189,0.0049,"100–1,000",21948292
1,11994087,83.1287,1–100,21948292
11–20,20360,0.1411,1–100,21948292
2,1605463,11.1272,1–100,21948292
21–50,4162,0.0288,1–100,21948292
3,437474,3.032,1–100,21948292
4,173834,1.2048,1–100,21948292
5,83980,0.582,1–100,21948292
51–100,469,0.0033,1–100,21948292
6–10,108332,0.7508,1–100,21948292
>100,170,0.0012,1–100,21948292
1,52012,50.69,">100,000",21948292
11–20,4017,3.9149,">100,000",21948292
2,20100,19.5891,">100,000",21948292
21–50,2013,1.9618,">100,000",21948292
3,8161,7.9536,">100,000",21948292
4,4492,4.3778,">100,000",21948292
5,3081,3.0027,">100,000",21948292
51–100,450,0.4386,">100,000",21948292
6–10,7911,7.7099,">100,000",21948292
>100,371,0.3616,">100,000",21948292
0,45556,0.396,0–1,22170335
1,10490313,91.1923,0–1,22170335
11–20,5828,0.0507,0–1,22170335
2,698906,6.0756,0–1,22170335
21–50,1576,0.0137,0–1,22170335
3,154260,1.341,0–1,22170335
4,53997,0.4694,0–1,22170335
5,25477,0.2215,0–1,22170335
51–100,277,0.0024,0–1,22170335
6–10,27095,0.2355,0–1,22170335
>100,225,0.002,0–1,22170335
1,605134,48.291,"1,000–10,000",22170335
11–20,50227,4.0082,"1,000–10,000",22170335
2,205870,16.4289,"1,000–10,000",22170335
21–50,13484,1.0761,"1,000–10,000",22170335
3,118978,9.4947,"1,000–10,000",22170335
4,78970,6.302,"1,000–10,000",22170335
5,55196,4.4048,"1,000–10,000",22170335
51–100,1051,0.0839,"1,000–10,000",22170335
6–10,123855,9.8839,"1,000–10,000",22170335
>100,335,0.0267,"1,000–10,000",22170335
1,140421,43.5075,"10,000–100,000",22170335
11–20,18970,5.8776,"10,000–100,000",22170335
2,56847,17.6133,"10,000–100,000",22170335
21–50,7453,2.3092,"10,000–100,000",22170335
3,29128,9.0249,"10,000–100,000",22170335
4,19098,5.9173,"10,000–100,000",22170335
5,14133,4.3789,"10,000–100,000",22170335
51–100,957,0.2965,"10,000–100,000",22170335
6–10,35458,10.9862,"10,000–100,000",22170335
>100,286,0.0886,"10,000–100,000",22170335
1,2472777,66.5818,"100–1,000",22170335
11–20,36561,0.9844,"100–1,000",22170335
2,575587,15.4982,"100–1,000",22170335
21–50,7020,0.189,"100–1,000",22170335
3,257944,6.9454,"100–1,000",22170335
4,139805,3.7644,"100–1,000",22170335
5,83038,2.2359,"100–1,000",22170335
51–100,559,0.0151,"100–1,000",22170335
6–10,140396,3.7803,"100–1,000",22170335
>100,208,0.0056,"100–1,000",22170335
1,12126264,82.7189,1–100,22170335
11–20,22753,0.1552,1–100,22170335
2,1649354,11.251,1–100,22170335
21–50,4647,0.0317,1–100,22170335
3,459843,3.1368,1–100,22170335
4,185853,1.2678,1–100,22170335
5,91389,0.6234,1–100,22170335
51–100,486,0.0033,1–100,22170335
6–10,118832,0.8106,1–100,22170335
>100,184,0.0013,1–100,22170335
1,48615,50.3219,">100,000",22170335
11–20,3584,3.7098,">100,000",22170335
2,19285,19.9621,">100,000",22170335
21–50,1755,1.8166,">100,000",22170335
3,8217,8.5055,">100,000",22170335
4,4422,4.5773,">100,000",22170335
5,2908,3.0101,">100,000",22170335
51–100,394,0.4078,">100,000",22170335
6–10,7073,7.3213,">100,000",22170335
>100,355,0.3675,">100,000",22170335
0,46189,0.3995,0–1,22385294
1,10523759,91.0282,0–1,22385294
11–20,5994,0.0518,0–1,22385294
2,714583,6.181,0–1,22385294
21–50,1638,0.0142,0–1,22385294
3,158287,1.3691,0–1,22385294
4,55596,0.4809,0–1,22385294
5,26226,0.2268,0–1,22385294
51–100,285,0.0025,0–1,22385294
6–10,28197,0.2439,0–1,22385294
>100,233,0.002,0–1,22385294
1,640316,48.6659,"1,000–10,000",22385294
11–20,50679,3.8518,"1,000–10,000",22385294
2,217834,16.556,"1,000–10,000",22385294
21–50,13220,1.0048,"1,000–10,000",22385294
3,125259,9.52,"1,000–10,000",22385294
4,82472,6.2681,"1,000–10,000",22385294
5,57433,4.3651,"1,000–10,000",22385294
51–100,1024,0.0778,"1,000–10,000",22385294
6–10,127173,9.6655,"1,000–10,000",22385294
>100,329,0.025,"1,000–10,000",22385294
1,144545,42.2302,"10,000–100,000",22385294
11–20,20732,6.057,"10,000–100,000",22385294
2,61020,17.8276,"10,000–100,000",22385294
21–50,8026,2.3449,"10,000–100,000",22385294
3,31322,9.151,"10,000–100,000",22385294
4,20987,6.1315,"10,000–100,000",22385294
5,15508,4.5308,"10,000–100,000",22385294
51–100,998,0.2916,"10,000–100,000",22385294
6–10,38832,11.3451,"10,000–100,000",22385294
>100,309,0.0903,"10,000–100,000",22385294
1,2619174,67.713,"100–1,000",22385294
11–20,34759,0.8986,"100–1,000",22385294
2,589773,15.2473,"100–1,000",22385294
21–50,6769,0.175,"100–1,000",22385294
3,259634,6.7123,"100–1,000",22385294
4,139280,3.6008,"100–1,000",22385294
5,81675,2.1115,"100–1,000",22385294
51–100,555,0.0143,"100–1,000",22385294
6–10,136224,3.5218,"100–1,000",22385294
>100,207,0.0054,"100–1,000",22385294
1,12343015,83.0288,1–100,22385294
11–20,22863,0.1538,1–100,22385294
2,1646513,11.0757,1–100,22385294
21–50,4742,0.0319,1–100,22385294
3,456258,3.0692,1–100,22385294
4,183968,1.2375,1–100,22385294
5,89989,0.6053,1–100,22385294
51–100,516,0.0035,1–100,22385294
6–10,117877,0.7929,1–100,22385294
>100,197,0.0013,1–100,22385294
1,50831,50.4266,">100,000",22385294
11–20,3800,3.7698,">100,000",22385294
2,19737,19.58,">100,000",22385294
21–50,1863,1.8482,">100,000",22385294
3,8577,8.5088,">100,000",22385294
4,4624,4.5872,">100,000",22385294
5,3070,3.0456,">100,000",22385294
51–100,428,0.4246,">100,000",22385294
6–10,7503,7.4433,">100,000",22385294
>100,369,0.3661,">100,000",22385294
0,46969,0.3945,0–1,22606143
1,10829281,90.956,0–1,22606143
11–20,6085,0.0511,0–1,22606143
2,745163,6.2587,0–1,22606143
21–50,1666,0.014,0–1,22606143
3,163087,1.3698,0–1,22606143
4,57257,0.4809,0–1,22606143
5,27030,0.227,0–1,22606143
51–100,297,0.0025,0–1,22606143
6–10,28995,0.2435,0–1,22606143
>100,238,0.002,0–1,22606143
1,673065,49.3597,"1,000–10,000",22606143
11–20,51059,3.7444,"1,000–10,000",22606143
2,225708,16.5524,"1,000–10,000",22606143
21–50,13390,0.982,"1,000–10,000",22606143
3,128218,9.403,"1,000–10,000",22606143
4,84063,6.1648,"1,000–10,000",22606143
5,58201,4.2682,"1,000–10,000",22606143
51–100,1052,0.0771,"1,000–10,000",22606143
6–10,128512,9.4245,"1,000–10,000",22606143
>100,325,0.0238,"1,000–10,000",22606143
1,152565,42.3486,"10,000–100,000",22606143
11–20,21463,5.9576,"10,000–100,000",22606143
2,64468,17.8949,"10,000–100,000",22606143
21–50,8339,2.3147,"10,000–100,000",22606143
3,33079,9.182,"10,000–100,000",22606143
4,22057,6.1225,"10,000–100,000",22606143
5,16433,4.5614,"10,000–100,000",22606143
51–100,1059,0.294,"10,000–100,000",22606143
6–10,40464,11.2319,"10,000–100,000",22606143
>100,333,0.0924,"10,000–100,000",22606143
1,2691162,68.2151,"100–1,000",22606143
11–20,34758,0.881,"100–1,000",22606143
2,594439,15.0677,"100–1,000",22606143
21–50,6752,0.1711,"100–1,000",22606143
3,260647,6.6068,"100–1,000",22606143
4,138730,3.5165,"100–1,000",22606143
5,81677,2.0703,"100–1,000",22606143
51–100,541,0.0137,"100–1,000",22606143
6–10,136197,3.4523,"100–1,000",22606143
>100,209,0.0053,"100–1,000",22606143
1,12469635,82.98,1–100,22606143
11–20,23194,0.1543,1–100,22606143
2,1664771,11.0783,1–100,22606143
21–50,4819,0.0321,1–100,22606143
3,464691,3.0923,1–100,22606143
4,188059,1.2515,1–100,22606143
5,91636,0.6098,1–100,22606143
51–100,523,0.0035,1–100,22606143
6–10,119731,0.7968,1–100,22606143
>100,212,0.0014,1–100,22606143
1,53446,50.2586,">100,000",22606143
11–20,4119,3.8734,">100,000",22606143
2,20669,19.4363,">100,000",22606143
21–50,1976,1.8582,">100,000",22606143
3,9140,8.5949,">100,000",22606143
4,4867,4.5767,">100,000",22606143
5,3343,3.1436,">100,000",22606143
51–100,436,0.41,">100,000",22606143
6–10,7961,7.4862,">100,000",22606143
>100,385,0.362,">100,000",22606143
0,47025,0.3821,0–1,22820674
1,11183787,90.8773,0–1,22820674
11–20,6469,0.0526,0–1,22820674
2,772635,6.2783,0–1,22820674
21–50,1745,0.0142,0–1,22820674
3,172951,1.4054,0–1,22820674
4,61348,0.4985,0–1,22820674
5,28826,0.2342,0–1,22820674
51–100,317,0.0026,0–1,22820674
6–10,31122,0.2529,0–1,22820674
>100,243,0.002,0–1,22820674
1,668867,50.0222,"1,000–10,000",22820674
11–20,49959,3.7363,"1,000–10,000",22820674
2,219099,16.3856,"1,000–10,000",22820674
21–50,13569,1.0148,"1,000–10,000",22820674
3,123178,9.212,"1,000–10,000",22820674
4,80887,6.0493,"1,000–10,000",22820674
5,55918,4.1819,"1,000–10,000",22820674
51–100,1104,0.0826,"1,000–10,000",22820674
6–10,124220,9.29,"1,000–10,000",22820674
>100,339,0.0254,"1,000–10,000",22820674
1,152912,43.4114,"10,000–100,000",22820674
11–20,20107,5.7083,"10,000–100,000",22820674
2,63780,18.107,"10,000–100,000",22820674
21–50,7836,2.2246,"10,000–100,000",22820674
3,31771,9.0197,"10,000–100,000",22820674
4,20947,5.9468,"10,000–100,000",22820674
5,15429,4.3803,"10,000–100,000",22820674
51–100,1024,0.2907,"10,000–100,000",22820674
6–10,38104,10.8177,"10,000–100,000",22820674
>100,329,0.0934,"10,000–100,000",22820674
1,2687527,68.1968,"100–1,000",22820674
11–20,36645,0.9299,"100–1,000",22820674
2,588579,14.9354,"100–1,000",22820674
21–50,7331,0.186,"100–1,000",22820674
3,259151,6.576,"100–1,000",22820674
4,139005,3.5273,"100–1,000",22820674
5,82546,2.0946,"100–1,000",22820674
51–100,612,0.0155,"100–1,000",22820674
6–10,139214,3.5326,"100–1,000",22820674
>100,232,0.0059,"100–1,000",22820674
1,12607813,82.4631,1–100,22820674
11–20,25370,0.1659,1–100,22820674
2,1742272,11.3956,1–100,22820674
21–50,5276,0.0345,1–100,22820674
3,485526,3.1756,1–100,22820674
4,196930,1.288,1–100,22820674
5,96696,0.6325,1–100,22820674
51–100,555,0.0036,1–100,22820674
6–10,128377,0.8397,1–100,22820674
>100,222,0.0015,1–100,22820674
1,53217,50.751,">100,000",22820674
11–20,3869,3.6897,">100,000",22820674
2,20596,19.6416,">100,000",22820674
21–50,1882,1.7948,">100,000",22820674
3,8893,8.4809,">100,000",22820674
4,4716,4.4975,">100,000",22820674
5,3247,3.0965,">100,000",22820674
51–100,411,0.392,">100,000",22820674
6–10,7650,7.2955,">100,000",22820674
>100,378,0.3605,">100,000",22820674
0,47049,0.375,0–1,23042514
1,11422475,91.0467,0–1,23042514
11–20,6460,0.0515,0–1,23042514
2,772868,6.1604,0–1,23042514
21–50,1755,0.014,0–1,23042514
3,173846,1.3857,0–1,23042514
4,61246,0.4882,0–1,23042514
5,28738,0.2291,0–1,23042514
51–100,324,0.0026,0–1,23042514
6–10,30727,0.2449,0–1,23042514
>100,241,0.0019,0–1,23042514
1,694300,49.5576,"1,000–10,000",23042514
11–20,50714,3.6199,"1,000–10,000",23042514
2,235635,16.8191,"1,000–10,000",23042514
21–50,13409,0.9571,"1,000–10,000",23042514
3,131790,9.4069,"1,000–10,000",23042514
4,86006,6.1389,"1,000–10,000",23042514
5,59194,4.2251,"1,000–10,000",23042514
51–100,1116,0.0797,"1,000–10,000",23042514
6–10,128481,9.1707,"1,000–10,000",23042514
>100,351,0.0251,"1,000–10,000",23042514
1,166941,42.7689,"10,000–100,000",23042514
11–20,22520,5.7694,"10,000–100,000",23042514
2,70817,18.1427,"10,000–100,000",23042514
21–50,8711,2.2317,"10,000–100,000",23042514
3,35886,9.1937,"10,000–100,000",23042514
4,23514,6.0241,"10,000–100,000",23042514
5,17430,4.4654,"10,000–100,000",23042514
51–100,1099,0.2816,"10,000–100,000",23042514
6–10,43090,11.0393,"10,000–100,000",23042514
>100,325,0.0833,"10,000–100,000",23042514
1,2788907,68.434,"100–1,000",23042514
11–20,35499,0.8711,"100–1,000",23042514
2,616915,15.1378,"100–1,000",23042514
21–50,7077,0.1737,"100–1,000",23042514
3,266263,6.5335,"100–1,000",23042514
4,140669,3.4517,"100–1,000",23042514
5,82424,2.0225,"100–1,000",23042514
51–100,588,0.0144,"100–1,000",23042514
6–10,136754,3.3557,"100–1,000",23042514
>100,227,0.0056,"100–1,000",23042514
1,12702751,82.7367,1–100,23042514
11–20,24663,0.1606,1–100,23042514
2,1729649,11.2657,1–100,23042514
21–50,5165,0.0336,1–100,23042514
3,477153,3.1078,1–100,23042514
4,193163,1.2581,1–100,23042514
5,94737,0.617,1–100,23042514
51–100,577,0.0038,1–100,23042514
6–10,125136,0.815,1–100,23042514
>100,232,0.0015,1–100,23042514
1,56815,49.9508,">100,000",23042514
11–20,4380,3.8508,">100,000",23042514
2,22407,19.6998,">100,000",23042514
21–50,2110,1.8551,">100,000",23042514
3,9702,8.5298,">100,000",23042514
4,5228,4.5964,">100,000",23042514
5,3660,3.2178,">100,000",23042514
51–100,464,0.4079,">100,000",23042514
6–10,8572,7.5364,">100,000",23042514
>100,404,0.3552,">100,000",23042514
0,47141,0.3558,0–1,23264566
1,12065532,91.0636,0–1,23264566
11–20,6701,0.0506,0–1,23264566
2,818331,6.1763,0–1,23264566
21–50,1816,0.0137,0–1,23264566
3,182435,1.3769,0–1,23264566
4,64249,0.4849,0–1,23264566
5,30412,0.2295,0–1,23264566
51–100,323,0.0024,0–1,23264566
6–10,32365,0.2443,0–1,23264566
>100,254,0.0019,0–1,23264566
1,700044,48.2795,"1,000–10,000",23264566
11–20,51564,3.5562,"1,000–10,000",23264566
2,258756,17.8455,"1,000–10,000",23264566
21–50,13770,0.9497,"1,000–10,000",23264566
3,140927,9.7192,"1,000–10,000",23264566
4,90109,6.2145,"1,000–10,000",23264566
5,61382,4.2333,"1,000–10,000",23264566
51–100,1160,0.08,"1,000–10,000",23264566
6–10,131911,9.0974,"1,000–10,000",23264566
>100,360,0.0248,"1,000–10,000",23264566
1,160956,39.6437,"10,000–100,000",23264566
11–20,23205,5.7154,"10,000–100,000",23264566
2,79456,19.5701,"10,000–100,000",23264566
21–50,8727,2.1495,"10,000–100,000",23264566
3,41426,10.2033,"10,000–100,000",23264566
4,26285,6.474,"10,000–100,000",23264566
5,19019,4.6844,"10,000–100,000",23264566
51–100,1097,0.2702,"10,000–100,000",23264566
6–10,45494,11.2052,"10,000–100,000",23264566
>100,342,0.0842,"10,000–100,000",23264566
1,2857145,68.1239,"100–1,000",23264566
11–20,36559,0.8717,"100–1,000",23264566
2,648981,15.4739,"100–1,000",23264566
21–50,7249,0.1728,"100–1,000",23264566
3,274734,6.5506,"100–1,000",23264566
4,144848,3.4537,"100–1,000",23264566
5,84409,2.0126,"100–1,000",23264566
51–100,625,0.0149,"100–1,000",23264566
6–10,139248,3.3201,"100–1,000",23264566
>100,246,0.0059,"100–1,000",23264566
1,12904179,82.4381,1–100,23264566
11–20,25294,0.1616,1–100,23264566
2,1780119,11.3723,1–100,23264566
21–50,5323,0.034,1–100,23264566
3,513794,3.2824,1–100,23264566
4,198556,1.2685,1–100,23264566
5,96818,0.6185,1–100,23264566
51–100,604,0.0039,1–100,23264566
6–10,128244,0.8193,1–100,23264566
>100,242,0.0015,1–100,23264566
1,55404,46.4075,">100,000",23264566
11–20,4670,3.9117,">100,000",23264566
2,24752,20.7327,">100,000",23264566
21–50,2197,1.8402,">100,000",23264566
3,11541,9.667,">100,000",23264566
4,6276,5.2569,">100,000",23264566
5,4263,3.5708,">100,000",23264566
51–100,445,0.3727,">100,000",23264566
6–10,9415,7.8862,">100,000",23264566
>100,423,0.3543,">100,000",23264566
0,47247,0.3342,0–1,23479244
1,12874718,91.0713,0–1,23479244
11–20,7229,0.0511,0–1,23479244
2,875479,6.1928,0–1,23479244
21–50,1980,0.014,0–1,23479244
3,193820,1.371,0–1,23479244
4,68298,0.4831,0–1,23479244
5,32361,0.2289,0–1,23479244
51–100,361,0.0026,0–1,23479244
6–10,35204,0.249,0–1,23479244
>100,275,0.0019,0–1,23479244
1,679524,47.5241,"1,000–10,000",23479244
11–20,51992,3.6362,"1,000–10,000",23479244
2,257048,17.9773,"1,000–10,000",23479244
21–50,14206,0.9935,"1,000–10,000",23479244
3,142008,9.9317,"1,000–10,000",23479244
4,90381,6.321,"1,000–10,000",23479244
5,61703,4.3153,"1,000–10,000",23479244
51–100,1180,0.0825,"1,000–10,000",23479244
6–10,131428,9.1917,"1,000–10,000",23479244
>100,380,0.0266,"1,000–10,000",23479244
1,149594,38.0694,"10,000–100,000",23479244
11–20,22147,5.6361,"10,000–100,000",23479244
2,79646,20.2687,"10,000–100,000",23479244
21–50,8379,2.1323,"10,000–100,000",23479244
3,42395,10.7889,"10,000–100,000",23479244
4,26151,6.655,"10,000–100,000",23479244
5,18788,4.7813,"10,000–100,000",23479244
51–100,1054,0.2682,"10,000–100,000",23479244
6–10,44451,11.3121,"10,000–100,000",23479244
>100,346,0.0881,"10,000–100,000",23479244
1,3056703,68.932,"100–1,000",23479244
11–20,38847,0.876,"100–1,000",23479244
2,670591,15.1226,"100–1,000",23479244
21–50,7784,0.1755,"100–1,000",23479244
3,279932,6.3128,"100–1,000",23479244
4,148351,3.3455,"100–1,000",23479244
5,86436,1.9492,"100–1,000",23479244
51–100,674,0.0152,"100–1,000",23479244
6–10,144800,3.2654,"100–1,000",23479244
>100,257,0.0058,"100–1,000",23479244
1,12801129,81.4952,1–100,23479244
11–20,27296,0.1738,1–100,23479244
2,1860014,11.8413,1–100,23479244
21–50,5687,0.0362,1–100,23479244
3,561737,3.5762,1–100,23479244
4,209999,1.3369,1–100,23479244
5,103821,0.661,1–100,23479244
51–100,620,0.0039,1–100,23479244
6–10,137280,0.874,1–100,23479244
>100,257,0.0016,1–100,23479244
1,52993,44.8865,">100,000",23479244
11–20,4551,3.8548,">100,000",23479244
2,24987,21.1647,">100,000",23479244
21–50,2083,1.7644,">100,000",23479244
3,12058,10.2135,">100,000",23479244
4,6671,5.6505,">100,000",23479244
5,4333,3.6702,">100,000",23479244
51–100,451,0.382,">100,000",23479244
6–10,9515,8.0595,">100,000",23479244
>100,418,0.3541,">100,000",23479244
0,48128,0.3233,0–1,23700767
1,13535067,90.9241,0–1,23700767
11–20,7924,0.0532,0–1,23700767
2,933986,6.2742,0–1,23700767
21–50,2190,0.0147,0–1,23700767
3,209331,1.4062,0–1,23700767
4,74537,0.5007,0–1,23700767
5,35504,0.2385,0–1,23700767
51–100,397,0.0027,0–1,23700767
6–10,38752,0.2603,0–1,23700767
>100,301,0.002,0–1,23700767
1,631303,47.844,"1,000–10,000",23700767
11–20,49941,3.7848,"1,000–10,000",23700767
2,234447,17.7678,"1,000–10,000",23700767
21–50,14192,1.0756,"1,000–10,000",23700767
3,128003,9.7009,"1,000–10,000",23700767
4,81868,6.2045,"1,000–10,000",23700767
5,56370,4.2721,"1,000–10,000",23700767
51–100,1227,0.093,"1,000–10,000",23700767
6–10,121773,9.2287,"1,000–10,000",23700767
>100,378,0.0286,"1,000–10,000",23700767
1,144320,39.8819,"10,000–100,000",23700767
11–20,18678,5.1616,"10,000–100,000",23700767
2,75055,20.741,"10,000–100,000",23700767
21–50,7327,2.0248,"10,000–100,000",23700767
3,38319,10.5892,"10,000–100,000",23700767
4,23056,6.3714,"10,000–100,000",23700767
5,16074,4.442,"10,000–100,000",23700767
51–100,944,0.2609,"10,000–100,000",23700767
6–10,37747,10.4312,"10,000–100,000",23700767
>100,348,0.0962,"10,000–100,000",23700767
1,2927432,68.6294,"100–1,000",23700767
11–20,41469,0.9722,"100–1,000",23700767
2,638340,14.965,"100–1,000",23700767
21–50,8588,0.2013,"100–1,000",23700767
3,269331,6.3141,"100–1,000",23700767
4,144898,3.3969,"100–1,000",23700767
5,86372,2.0249,"100–1,000",23700767
51–100,733,0.0172,"100–1,000",23700767
6–10,148128,3.4726,"100–1,000",23700767
>100,276,0.0065,"100–1,000",23700767
1,12806748,80.9507,1–100,23700767
11–20,30348,0.1918,1–100,23700767
2,1908563,12.0639,1–100,23700767
21–50,6257,0.0396,1–100,23700767
3,585403,3.7003,1–100,23700767
4,222334,1.4054,1–100,23700767
5,110843,0.7006,1–100,23700767
51–100,670,0.0042,1–100,23700767
6–10,148981,0.9417,1–100,23700767
>100,275,0.0017,1–100,23700767
1,51082,45.4672,">100,000",23700767
11–20,4189,3.7286,">100,000",23700767
2,24214,21.5525,">100,000",23700767
21–50,1842,1.6395,">100,000",23700767
3,11503,10.2386,">100,000",23700767
4,6254,5.5666,">100,000",23700767
5,4046,3.6013,">100,000",23700767
51–100,418,0.3721,">100,000",23700767
6–10,8394,7.4714,">100,000",23700767
>100,407,0.3623,">100,000",23700767
0,50357,0.3272,0–1,23914921
1,13941284,90.5791,0–1,23914921
11–20,8655,0.0562,0–1,23914921
2,998066,6.4846,0–1,23914921
21–50,2395,0.0156,0–1,23914921
3,226427,1.4711,0–1,23914921
4,81055,0.5266,0–1,23914921
5,38976,0.2532,0–1,23914921
51–100,434,0.0028,0–1,23914921
6–10,43312,0.2814,0–1,23914921
>100,315,0.002,0–1,23914921
1,451452,36.0926,"1,000–10,000",23914921
11–20,47574,3.8034,"1,000–10,000",23914921
2,353525,28.2635,"1,000–10,000",23914921
21–50,13930,1.1137,"1,000–10,000",23914921
3,136171,10.8866,"1,000–10,000",23914921
4,79398,6.3477,"1,000–10,000",23914921
5,53431,4.2717,"1,000–10,000",23914921
51–100,1221,0.0976,"1,000–10,000",23914921
6–10,113735,9.0929,"1,000–10,000",23914921
>100,380,0.0304,"1,000–10,000",23914921
1,110556,32.5871,"10,000–100,000",23914921
11–20,16282,4.7992,"10,000–100,000",23914921
2,86775,25.5775,"10,000–100,000",23914921
21–50,6328,1.8652,"10,000–100,000",23914921
3,44400,13.0872,"10,000–100,000",23914921
4,24151,7.1187,"10,000–100,000",23914921
5,15447,4.5531,"10,000–100,000",23914921
51–100,881,0.2597,"10,000–100,000",23914921
6–10,34113,10.055,"10,000–100,000",23914921
>100,330,0.0973,"10,000–100,000",23914921
1,2442149,61.1215,"100–1,000",23914921
11–20,43590,1.091,"100–1,000",23914921
2,848126,21.2267,"100–1,000",23914921
21–50,9506,0.2379,"100–1,000",23914921
3,272995,6.8324,"100–1,000",23914921
4,142780,3.5735,"100–1,000",23914921
5,85536,2.1408,"100–1,000",23914921
51–100,789,0.0197,"100–1,000",23914921
6–10,149800,3.7492,"100–1,000",23914921
>100,296,0.0074,"100–1,000",23914921
1,13168039,80.8532,1–100,23914921
11–20,33783,0.2074,1–100,23914921
2,1955458,12.0067,1–100,23914921
21–50,6755,0.0415,1–100,23914921
3,606983,3.7269,1–100,23914921
4,235003,1.4429,1–100,23914921
5,117853,0.7236,1–100,23914921
51–100,739,0.0045,1–100,23914921
6–10,161435,0.9912,1–100,23914921
>100,305,0.0019,1–100,23914921
1,41930,38.1657,">100,000",23914921
11–20,3920,3.5681,">100,000",23914921
2,27253,24.8063,">100,000",23914921
21–50,1694,1.5419,">100,000",23914921
3,14163,12.8915,">100,000",23914921
4,7393,6.7293,">100,000",23914921
5,4411,4.015,">100,000",23914921
51–100,385,0.3504,">100,000",23914921
6–10,8323,7.5758,">100,000",23914921
>100,391,0.3559,">100,000",23914921