size_bucket,wallet_count,wallet_pct,wallet_type,wealth_bucket,block
1,878,94.7141,CA,0–1,9193266
11–20,1,0.1079,CA,0–1,9193266
2,39,4.2071,CA,0–1,9193266
3,6,0.6472,CA,0–1,9193266
4,2,0.2157,CA,0–1,9193266
6–10,1,0.1079,CA,0–1,9193266
1,29,64.4444,CA,"1,000–10,000",9193266
11–20,1,2.2222,CA,"1,000–10,000",9193266
2,7,15.5556,CA,"1,000–10,000",9193266
3,4,8.8889,CA,"1,000–10,000",9193266
4,2,4.4444,CA,"1,000–10,000",9193266
6–10,2,4.4444,CA,"1,000–10,000",9193266
1,3,42.8571,CA,"10,000–100,000",9193266
2,2,28.5714,CA,"10,000–100,000",9193266
4,1,14.2857,CA,"10,000–100,000",9193266
6–10,1,14.2857,CA,"10,000–100,000",9193266
1,50,64.9351,CA,"100–1,000",9193266
2,12,15.5844,CA,"100–1,000",9193266
21–50,1,1.2987,CA,"100–1,000",9193266
3,8,10.3896,CA,"100–1,000",9193266
4,3,3.8961,CA,"100–1,000",9193266
5,1,1.2987,CA,"100–1,000",9193266
6–10,2,2.5974,CA,"100–1,000",9193266
1,184,68.6567,CA,1–100,9193266
2,44,16.4179,CA,1–100,9193266
3,15,5.597,CA,1–100,9193266
4,13,4.8507,CA,1–100,9193266
5,6,2.2388,CA,1–100,9193266
6–10,6,2.2388,CA,1–100,9193266
1,11,84.6154,CA,">100,000",9193266
2,1,7.6923,CA,">100,000",9193266
6–10,1,7.6923,CA,">100,000",9193266
1,1774977,86.8591,EOA,0–1,9193266
11–20,146,0.0071,EOA,0–1,9193266
2,197766,9.6777,EOA,0–1,9193266
21–50,23,0.0011,EOA,0–1,9193266
3,44351,2.1703,EOA,0–1,9193266
4,14926,0.7304,EOA,0–1,9193266
5,7765,0.38,EOA,0–1,9193266
6–10,3559,0.1742,EOA,0–1,9193266
1,48464,58.877,EOA,"1,000–10,000",9193266
11–20,1518,1.8442,EOA,"1,000–10,000",9193266
2,11206,13.6137,EOA,"1,000–10,000",9193266
21–50,108,0.1312,EOA,"1,000–10,000",9193266
3,7451,9.0519,EOA,"1,000–10,000",9193266
4,4661,5.6625,EOA,"1,000–10,000",9193266
5,3034,3.6859,EOA,"1,000–10,000",9193266
51–100,4,0.0049,EOA,"1,000–10,000",9193266
6–10,5868,7.1288,EOA,"1,000–10,000",9193266
1,12925,64.735,EOA,"10,000–100,000",9193266
11–20,374,1.8732,EOA,"10,000–100,000",9193266
2,2617,13.1073,EOA,"10,000–100,000",9193266
21–50,54,0.2705,EOA,"10,000–100,000",9193266
3,1356,6.7915,EOA,"10,000–100,000",9193266
4,902,4.5177,EOA,"10,000–100,000",9193266
5,591,2.96,EOA,"10,000–100,000",9193266
51–100,4,0.02,EOA,"10,000–100,000",9193266
6–10,1143,5.7247,EOA,"10,000–100,000",9193266
1,228305,72.2843,EOA,"100–1,000",9193266
11–20,1265,0.4005,EOA,"100–1,000",9193266
2,36026,11.4063,EOA,"100–1,000",9193266
21–50,112,0.0355,EOA,"100–1,000",9193266
3,21355,6.7613,EOA,"100–1,000",9193266
4,11992,3.7968,EOA,"100–1,000",9193266
5,7046,2.2309,EOA,"100–1,000",9193266
51–100,2,0.0006,EOA,"100–1,000",9193266
6–10,9740,3.0838,EOA,"100–1,000",9193266
1,3000329,85.6314,EOA,1–100,9193266
11–20,1365,0.039,EOA,1–100,9193266
2,375300,10.7113,EOA,1–100,9193266
21–50,88,0.0025,EOA,1–100,9193266
3,73102,2.0864,EOA,1–100,9193266
4,27171,0.7755,EOA,1–100,9193266
5,12847,0.3667,EOA,1–100,9193266
51–100,1,0.0,EOA,1–100,9193266
6–10,13568,0.3872,EOA,1–100,9193266
1,3797,71.4662,EOA,">100,000",9193266
11–20,104,1.9575,EOA,">100,000",9193266
2,621,11.6883,EOA,">100,000",9193266
21–50,47,0.8846,EOA,">100,000",9193266
3,278,5.2324,EOA,">100,000",9193266
4,150,2.8233,EOA,">100,000",9193266
5,101,1.901,EOA,">100,000",9193266
51–100,17,0.32,EOA,">100,000",9193266
6–10,196,3.6891,EOA,">100,000",9193266
>100,2,0.0376,EOA,">100,000",9193266
1,901,94.2469,CA,0–1,9393154
11–20,1,0.1046,CA,0–1,9393154
2,42,4.3933,CA,0–1,9393154
3,8,0.8368,CA,0–1,9393154
4,3,0.3138,CA,0–1,9393154
6–10,1,0.1046,CA,0–1,9393154
1,34,60.7143,CA,"1,000–10,000",9393154
2,11,19.6429,CA,"1,000–10,000",9393154
3,6,10.7143,CA,"1,000–10,000",9393154
4,2,3.5714,CA,"1,000–10,000",9393154
5,1,1.7857,CA,"1,000–10,000",9393154
6–10,2,3.5714,CA,"1,000–10,000",9393154
1,3,50.0,CA,"10,000–100,000",9393154
2,1,16.6667,CA,"10,000–100,000",9393154
4,1,16.6667,CA,"10,000–100,000",9393154
6–10,1,16.6667,CA,"10,000–100,000",9393154
1,57,67.0588,CA,"100–1,000",9393154
2,8,9.4118,CA,"100–1,000",9393154
21–50,1,1.1765,CA,"100–1,000",9393154
3,11,12.9412,CA,"100–1,000",9393154
4,2,2.3529,CA,"100–1,000",9393154
5,2,2.3529,CA,"100–1,000",9393154
6–10,4,4.7059,CA,"100–1,000",9393154
1,186,69.403,CA,1–100,9393154
2,46,17.1642,CA,1–100,9393154
3,15,5.597,CA,1–100,9393154
4,10,3.7313,CA,1–100,9393154
5,6,2.2388,CA,1–100,9393154
6–10,5,1.8657,CA,1–100,9393154
1,11,84.6154,CA,">100,000",9393154
2,1,7.6923,CA,">100,000",9393154
6–10,1,7.6923,CA,">100,000",9393154
1,1811734,87.5149,EOA,0–1,9393154
11–20,133,0.0064,EOA,0–1,9393154
2,193045,9.3249,EOA,0–1,9393154
21–50,21,0.001,EOA,0–1,9393154
3,41474,2.0034,EOA,0–1,9393154
4,13529,0.6535,EOA,0–1,9393154
5,7154,0.3456,EOA,0–1,9393154
51–100,1,0.0,EOA,0–1,9393154
6–10,3110,0.1502,EOA,0–1,9393154
1,52418,56.0512,EOA,"1,000–10,000",9393154
11–20,1645,1.759,EOA,"1,000–10,000",9393154
2,14777,15.8012,EOA,"1,000–10,000",9393154
21–50,117,0.1251,EOA,"1,000–10,000",9393154
3,8903,9.5201,EOA,"1,000–10,000",9393154
4,5471,5.8502,EOA,"1,000–10,000",9393154
5,3482,3.7233,EOA,"1,000–10,000",9393154
51–100,4,0.0043,EOA,"1,000–10,000",9393154
6–10,6701,7.1655,EOA,"1,000–10,000",9393154
1,14033,60.9071,EOA,"10,000–100,000",9393154
11–20,486,2.1094,EOA,"10,000–100,000",9393154
2,3546,15.3906,EOA,"10,000–100,000",9393154
21–50,58,0.2517,EOA,"10,000–100,000",9393154
3,1687,7.322,EOA,"10,000–100,000",9393154
4,1053,4.5703,EOA,"10,000–100,000",9393154
5,726,3.151,EOA,"10,000–100,000",9393154
51–100,5,0.0217,EOA,"10,000–100,000",9393154
6–10,1446,6.276,EOA,"10,000–100,000",9393154
1,239109,70.213,EOA,"100–1,000",9393154
11–20,1271,0.3732,EOA,"100–1,000",9393154
2,47287,13.8856,EOA,"100–1,000",9393154
21–50,108,0.0317,EOA,"100–1,000",9393154
3,22909,6.7271,EOA,"100–1,000",9393154
4,12578,3.6935,EOA,"100–1,000",9393154
5,7346,2.1571,EOA,"100–1,000",9393154
51–100,4,0.0012,EOA,"100–1,000",9393154
6–10,9936,2.9177,EOA,"100–1,000",9393154
1,3044942,85.5062,EOA,1–100,9393154
11–20,1346,0.0378,EOA,1–100,9393154
2,384758,10.8045,EOA,1–100,9393154
21–50,86,0.0024,EOA,1–100,9393154
3,75103,2.109,EOA,1–100,9393154
4,28080,0.7885,EOA,1–100,9393154
5,13127,0.3686,EOA,1–100,9393154
51–100,1,0.0,EOA,1–100,9393154
6–10,13633,0.3828,EOA,1–100,9393154
1,4267,68.7782,EOA,">100,000",9393154
11–20,114,1.8375,EOA,">100,000",9393154
2,798,12.8627,EOA,">100,000",9393154
21–50,57,0.9188,EOA,">100,000",9393154
3,362,5.8349,EOA,">100,000",9393154
4,215,3.4655,EOA,">100,000",9393154
5,127,2.0471,EOA,">100,000",9393154
51–100,17,0.274,EOA,">100,000",9393154
6–10,245,3.9491,EOA,">100,000",9393154
>100,2,0.0322,EOA,">100,000",9393154
1,939,93.9,CA,0–1,9581792
11–20,1,0.1,CA,0–1,9581792
2,45,4.5,CA,0–1,9581792
3,10,1.0,CA,0–1,9581792
4,3,0.3,CA,0–1,9581792
6–10,2,0.2,CA,0–1,9581792
1,47,65.2778,CA,"1,000–10,000",9581792
2,12,16.6667,CA,"1,000–10,000",9581792
3,6,8.3333,CA,"1,000–10,000",9581792
4,4,5.5556,CA,"1,000–10,000",9581792
5,1,1.3889,CA,"1,000–10,000",9581792
6–10,2,2.7778,CA,"1,000–10,000",9581792
1,5,55.5556,CA,"10,000–100,000",9581792
2,2,22.2222,CA,"10,000–100,000",9581792
4,1,11.1111,CA,"10,000–100,000",9581792
6–10,1,11.1111,CA,"10,000–100,000",9581792
1,62,66.6667,CA,"100–1,000",9581792
2,13,13.9785,CA,"100–1,000",9581792
21–50,1,1.0753,CA,"100–1,000",9581792
3,9,9.6774,CA,"100–1,000",9581792
4,2,2.1505,CA,"100–1,000",9581792
5,2,2.1505,CA,"100–1,000",9581792
6–10,4,4.3011,CA,"100–1,000",9581792
1,196,69.7509,CA,1–100,9581792
2,48,17.0819,CA,1–100,9581792
3,16,5.694,CA,1–100,9581792
4,11,3.9146,CA,1–100,9581792
5,7,2.4911,CA,1–100,9581792
6–10,3,1.0676,CA,1–100,9581792
1,13,68.4211,CA,">100,000",9581792
2,5,26.3158,CA,">100,000",9581792
6–10,1,5.2632,CA,">100,000",9581792
1,1864978,87.8736,EOA,0–1,9581792
11–20,245,0.0115,EOA,0–1,9581792
2,193459,9.1154,EOA,0–1,9581792
21–50,20,0.0009,EOA,0–1,9581792
3,40604,1.9132,EOA,0–1,9581792
4,13127,0.6185,EOA,0–1,9581792
5,6959,0.3279,EOA,0–1,9581792
51–100,1,0.0,EOA,0–1,9581792
6–10,2948,0.1389,EOA,0–1,9581792
1,88026,65.2078,EOA,"1,000–10,000",9581792
11–20,1670,1.2371,EOA,"1,000–10,000",9581792
2,17297,12.8133,EOA,"1,000–10,000",9581792
21–50,125,0.0926,EOA,"1,000–10,000",9581792
3,10284,7.6182,EOA,"1,000–10,000",9581792
4,6323,4.6839,EOA,"1,000–10,000",9581792
5,3892,2.8831,EOA,"1,000–10,000",9581792
51–100,3,0.0022,EOA,"1,000–10,000",9581792
6–10,7373,5.4618,EOA,"1,000–10,000",9581792
1,39405,78.93,EOA,"10,000–100,000",9581792
11–20,596,1.1938,EOA,"10,000–100,000",9581792
2,3970,7.9521,EOA,"10,000–100,000",9581792
21–50,72,0.1442,EOA,"10,000–100,000",9581792
3,2003,4.0121,EOA,"10,000–100,000",9581792
4,1273,2.5499,EOA,"10,000–100,000",9581792
5,843,1.6886,EOA,"10,000–100,000",9581792
51–100,5,0.01,EOA,"10,000–100,000",9581792
6–10,1757,3.5193,EOA,"10,000–100,000",9581792
1,294406,73.8967,EOA,"100–1,000",9581792
11–20,1221,0.3065,EOA,"100–1,000",9581792
2,49169,12.3416,EOA,"100–1,000",9581792
21–50,108,0.0271,EOA,"100–1,000",9581792
3,23585,5.9199,EOA,"100–1,000",9581792
4,12834,3.2214,EOA,"100–1,000",9581792
5,7334,1.8409,EOA,"100–1,000",9581792
51–100,2,0.0005,EOA,"100–1,000",9581792
6–10,9743,2.4455,EOA,"100–1,000",9581792
1,3106406,85.6062,EOA,1–100,9581792
11–20,1396,0.0385,EOA,1–100,9581792
2,388783,10.7141,EOA,1–100,9581792
21–50,87,0.0024,EOA,1–100,9581792
3,76554,2.1097,EOA,1–100,9581792
4,28445,0.7839,EOA,1–100,9581792
5,13187,0.3634,EOA,1–100,9581792
51–100,2,0.0001,EOA,1–100,9581792
6–10,13856,0.3818,EOA,1–100,9581792
>100,1,0.0,EOA,1–100,9581792
1,8835,79.4157,EOA,">100,000",9581792
11–20,117,1.0517,EOA,">100,000",9581792
2,927,8.3326,EOA,">100,000",9581792
21–50,67,0.6022,EOA,">100,000",9581792
3,414,3.7213,EOA,">100,000",9581792
4,266,2.391,EOA,">100,000",9581792
5,164,1.4742,EOA,">100,000",9581792
51–100,17,0.1528,EOA,">100,000",9581792
6–10,316,2.8404,EOA,">100,000",9581792
>100,2,0.018,EOA,">100,000",9581792
1,985,93.3649,CA,0–1,9782602
11–20,1,0.0948,CA,0–1,9782602
2,55,5.2133,CA,0–1,9782602
3,10,0.9479,CA,0–1,9782602
4,2,0.1896,CA,0–1,9782602
6–10,2,0.1896,CA,0–1,9782602
1,48,68.5714,CA,"1,000–10,000",9782602
2,13,18.5714,CA,"1,000–10,000",9782602
3,3,4.2857,CA,"1,000–10,000",9782602
4,1,1.4286,CA,"1,000–10,000",9782602
5,1,1.4286,CA,"1,000–10,000",9782602
6–10,4,5.7143,CA,"1,000–10,000",9782602
1,9,60.0,CA,"10,000–100,000",9782602
2,4,26.6667,CA,"10,000–100,000",9782602
4,1,6.6667,CA,"10,000–100,000",9782602
6–10,1,6.6667,CA,"10,000–100,000",9782602
1,57,58.7629,CA,"100–1,000",9782602
2,17,17.5258,CA,"100–1,000",9782602
21–50,1,1.0309,CA,"100–1,000",9782602
3,12,12.3711,CA,"100–1,000",9782602
4,5,5.1546,CA,"100–1,000",9782602
5,3,3.0928,CA,"100–1,000",9782602
6–10,2,2.0619,CA,"100–1,000",9782602
1,206,69.8305,CA,1–100,9782602
2,48,16.2712,CA,1–100,9782602
3,18,6.1017,CA,1–100,9782602
4,11,3.7288,CA,1–100,9782602
5,7,2.3729,CA,1–100,9782602
6–10,5,1.6949,CA,1–100,9782602
1,11,73.3333,CA,">100,000",9782602
2,3,20.0,CA,">100,000",9782602
6–10,1,6.6667,CA,">100,000",9782602
1,1935293,87.5581,EOA,0–1,9782602
11–20,333,0.0151,EOA,0–1,9782602
2,202805,9.1755,EOA,0–1,9782602
21–50,23,0.001,EOA,0–1,9782602
3,44761,2.0251,EOA,0–1,9782602
4,15419,0.6976,EOA,0–1,9782602
5,7889,0.3569,EOA,0–1,9782602
51–100,1,0.0,EOA,0–1,9782602
6–10,3772,0.1707,EOA,0–1,9782602
1,150316,77.7747,EOA,"1,000–10,000",9782602
11–20,1770,0.9158,EOA,"1,000–10,000",9782602
2,16648,8.6138,EOA,"1,000–10,000",9782602
21–50,130,0.0673,EOA,"1,000–10,000",9782602
3,8615,4.4575,EOA,"1,000–10,000",9782602
4,5450,2.8199,EOA,"1,000–10,000",9782602
5,3566,1.8451,EOA,"1,000–10,000",9782602
51–100,4,0.0021,EOA,"1,000–10,000",9782602
6–10,6772,3.5039,EOA,"1,000–10,000",9782602
1,40346,82.0858,EOA,"10,000–100,000",9782602
11–20,512,1.0417,EOA,"10,000–100,000",9782602
2,3434,6.9866,EOA,"10,000–100,000",9782602
21–50,60,0.1221,EOA,"10,000–100,000",9782602
3,1605,3.2654,EOA,"10,000–100,000",9782602
4,1069,2.1749,EOA,"10,000–100,000",9782602
5,720,1.4649,EOA,"10,000–100,000",9782602
51–100,5,0.0102,EOA,"10,000–100,000",9782602
6–10,1400,2.8484,EOA,"10,000–100,000",9782602
1,335424,77.2959,EOA,"100–1,000",9782602
11–20,1361,0.3136,EOA,"100–1,000",9782602
2,45738,10.54,EOA,"100–1,000",9782602
21–50,120,0.0277,EOA,"100–1,000",9782602
3,21978,5.0647,EOA,"100–1,000",9782602
4,12189,2.8089,EOA,"100–1,000",9782602
5,7092,1.6343,EOA,"100–1,000",9782602
51–100,4,0.0009,EOA,"100–1,000",9782602
6–10,10042,2.3141,EOA,"100–1,000",9782602
1,3170569,85.6072,EOA,1–100,9782602
11–20,1557,0.042,EOA,1–100,9782602
2,391101,10.5599,EOA,1–100,9782602
21–50,109,0.0029,EOA,1–100,9782602
3,82017,2.2145,EOA,1–100,9782602
4,29528,0.7973,EOA,1–100,9782602
5,13833,0.3735,EOA,1–100,9782602
51–100,1,0.0,EOA,1–100,9782602
6–10,14910,0.4026,EOA,1–100,9782602
>100,1,0.0,EOA,1–100,9782602
1,5021,71.6876,EOA,">100,000",9782602
11–20,103,1.4706,EOA,">100,000",9782602
2,789,11.265,EOA,">100,000",9782602
21–50,62,0.8852,EOA,">100,000",9782602
3,385,5.4969,EOA,">100,000",9782602
4,206,2.9412,EOA,">100,000",9782602
5,140,1.9989,EOA,">100,000",9782602
51–100,19,0.2713,EOA,">100,000",9782602
6–10,277,3.9549,EOA,">100,000",9782602
>100,2,0.0286,EOA,">100,000",9782602
1,993,93.2394,CA,0–1,9976964
11–20,1,0.0939,CA,0–1,9976964
2,55,5.1643,CA,0–1,9976964
3,12,1.1268,CA,0–1,9976964
4,2,0.1878,CA,0–1,9976964
6–10,2,0.1878,CA,0–1,9976964
1,47,61.039,CA,"1,000–10,000",9976964
2,13,16.8831,CA,"1,000–10,000",9976964
21–50,1,1.2987,CA,"1,000–10,000",9976964
3,6,7.7922,CA,"1,000–10,000",9976964
4,3,3.8961,CA,"1,000–10,000",9976964
5,1,1.2987,CA,"1,000–10,000",9976964
6–10,6,7.7922,CA,"1,000–10,000",9976964
1,16,51.6129,CA,"10,000–100,000",9976964
2,12,38.7097,CA,"10,000–100,000",9976964
3,1,3.2258,CA,"10,000–100,000",9976964
4,1,3.2258,CA,"10,000–100,000",9976964
6–10,1,3.2258,CA,"10,000–100,000",9976964
1,72,62.069,CA,"100–1,000",9976964
2,18,15.5172,CA,"100–1,000",9976964
3,16,13.7931,CA,"100–1,000",9976964
4,4,3.4483,CA,"100–1,000",9976964
5,3,2.5862,CA,"100–1,000",9976964
6–10,3,2.5862,CA,"100–1,000",9976964
1,226,69.969,CA,1–100,9976964
2,56,17.3375,CA,1–100,9976964
3,19,5.8824,CA,1–100,9976964
4,10,3.096,CA,1–100,9976964
5,7,2.1672,CA,1–100,9976964
6–10,5,1.548,CA,1–100,9976964
1,16,72.7273,CA,">100,000",9976964
2,3,13.6364,CA,">100,000",9976964
3,1,4.5455,CA,">100,000",9976964
5,1,4.5455,CA,">100,000",9976964
6–10,1,4.5455,CA,">100,000",9976964
1,2311017,89.1479,EOA,0–1,9976964
11–20,361,0.0139,EOA,0–1,9976964
2,211503,8.1588,EOA,0–1,9976964
21–50,22,0.0008,EOA,0–1,9976964
3,44531,1.7178,EOA,0–1,9976964
4,14298,0.5515,EOA,0–1,9976964
5,7337,0.283,EOA,0–1,9976964
51–100,1,0.0,EOA,0–1,9976964
6–10,3269,0.1261,EOA,0–1,9976964
1,174682,74.9879,EOA,"1,000–10,000",9976964
11–20,1897,0.8143,EOA,"1,000–10,000",9976964
2,24890,10.6848,EOA,"1,000–10,000",9976964
21–50,142,0.061,EOA,"1,000–10,000",9976964
3,11693,5.0196,EOA,"1,000–10,000",9976964
4,6993,3.002,EOA,"1,000–10,000",9976964
5,4552,1.9541,EOA,"1,000–10,000",9976964
51–100,6,0.0026,EOA,"1,000–10,000",9976964
6–10,8092,3.4738,EOA,"1,000–10,000",9976964
1,43732,78.248,EOA,"10,000–100,000",9976964
11–20,749,1.3402,EOA,"10,000–100,000",9976964
2,4647,8.3147,EOA,"10,000–100,000",9976964
21–50,86,0.1539,EOA,"10,000–100,000",9976964
3,2260,4.0437,EOA,"10,000–100,000",9976964
4,1391,2.4889,EOA,"10,000–100,000",9976964
5,1002,1.7928,EOA,"10,000–100,000",9976964
51–100,4,0.0072,EOA,"10,000–100,000",9976964
6–10,2018,3.6107,EOA,"10,000–100,000",9976964
1,517814,82.6985,EOA,"100–1,000",9976964
11–20,1348,0.2153,EOA,"100–1,000",9976964
2,51856,8.2818,EOA,"100–1,000",9976964
21–50,123,0.0196,EOA,"100–1,000",9976964
3,24281,3.8778,EOA,"100–1,000",9976964
4,13015,2.0786,EOA,"100–1,000",9976964
5,7571,1.2091,EOA,"100–1,000",9976964
51–100,4,0.0006,EOA,"100–1,000",9976964
6–10,10134,1.6185,EOA,"100–1,000",9976964
>100,1,0.0002,EOA,"100–1,000",9976964
1,3186856,84.9751,EOA,1–100,9976964
11–20,1451,0.0387,EOA,1–100,9976964
2,416939,11.1174,EOA,1–100,9976964
21–50,106,0.0028,EOA,1–100,9976964
3,85401,2.2772,EOA,1–100,9976964
4,30647,0.8172,EOA,1–100,9976964
5,14112,0.3763,EOA,1–100,9976964
6–10,14828,0.3954,EOA,1–100,9976964
1,7098,72.7627,EOA,">100,000",9976964
11–20,134,1.3737,EOA,">100,000",9976964
2,1111,11.389,EOA,">100,000",9976964
21–50,68,0.6971,EOA,">100,000",9976964
3,482,4.9411,EOA,">100,000",9976964
4,274,2.8088,EOA,">100,000",9976964
5,192,1.9682,EOA,">100,000",9976964
51–100,23,0.2358,EOA,">100,000",9976964
6–10,371,3.8032,EOA,">100,000",9976964
>100,2,0.0205,EOA,">100,000",9976964
1,1056,92.7944,CA,0–1,10176690
11–20,1,0.0879,CA,0–1,10176690
2,67,5.8875,CA,0–1,10176690
3,11,0.9666,CA,0–1,10176690
4,1,0.0879,CA,0–1,10176690
6–10,2,0.1757,CA,0–1,10176690
1,104,57.7778,CA,"1,000–10,000",10176690
2,52,28.8889,CA,"1,000–10,000",10176690
21–50,1,0.5556,CA,"1,000–10,000",10176690
3,11,6.1111,CA,"1,000–10,000",10176690
4,4,2.2222,CA,"1,000–10,000",10176690
5,2,1.1111,CA,"1,000–10,000",10176690
6–10,6,3.3333,CA,"1,000–10,000",10176690
1,43,47.7778,CA,"10,000–100,000",10176690
2,41,45.5556,CA,"10,000–100,000",10176690
3,1,1.1111,CA,"10,000–100,000",10176690
4,2,2.2222,CA,"10,000–100,000",10176690
5,2,2.2222,CA,"10,000–100,000",10176690
6–10,1,1.1111,CA,"10,000–100,000",10176690
1,169,70.4167,CA,"100–1,000",10176690
2,44,18.3333,CA,"100–1,000",10176690
3,13,5.4167,CA,"100–1,000",10176690
4,6,2.5,CA,"100–1,000",10176690
5,5,2.0833,CA,"100–1,000",10176690
6–10,3,1.25,CA,"100–1,000",10176690
1,347,74.946,CA,1–100,10176690
2,73,15.7667,CA,1–100,10176690
3,21,4.5356,CA,1–100,10176690
4,10,2.1598,CA,1–100,10176690
5,6,1.2959,CA,1–100,10176690
6–10,6,1.2959,CA,1–100,10176690
1,22,43.1373,CA,">100,000",10176690
2,24,47.0588,CA,">100,000",10176690
3,3,5.8824,CA,">100,000",10176690
5,1,1.9608,CA,">100,000",10176690
6–10,1,1.9608,CA,">100,000",10176690
1,2365673,89.5192,EOA,0–1,10176690
11–20,370,0.014,EOA,0–1,10176690
2,208982,7.9081,EOA,0–1,10176690
21–50,20,0.0008,EOA,0–1,10176690
3,43121,1.6317,EOA,0–1,10176690
4,13983,0.5291,EOA,0–1,10176690
5,7257,0.2746,EOA,0–1,10176690
6–10,3236,0.1225,EOA,0–1,10176690
1,146680,67.8349,EOA,"1,000–10,000",10176690
11–20,2019,0.9337,EOA,"1,000–10,000",10176690
2,28331,13.1022,EOA,"1,000–10,000",10176690
21–50,158,0.0731,EOA,"1,000–10,000",10176690
3,14927,6.9033,EOA,"1,000–10,000",10176690
4,8739,4.0415,EOA,"1,000–10,000",10176690
5,5650,2.6129,EOA,"1,000–10,000",10176690
51–100,7,0.0032,EOA,"1,000–10,000",10176690
6–10,9720,4.4952,EOA,"1,000–10,000",10176690
1,51232,76.1712,EOA,"10,000–100,000",10176690
11–20,949,1.411,EOA,"10,000–100,000",10176690
2,6224,9.2538,EOA,"10,000–100,000",10176690
21–50,101,0.1502,EOA,"10,000–100,000",10176690
3,3039,4.5184,EOA,"10,000–100,000",10176690
4,1850,2.7506,EOA,"10,000–100,000",10176690
5,1273,1.8927,EOA,"10,000–100,000",10176690
51–100,4,0.0059,EOA,"10,000–100,000",10176690
6–10,2587,3.8463,EOA,"10,000–100,000",10176690
1,683353,84.4841,EOA,"100–1,000",10176690
11–20,1298,0.1605,EOA,"100–1,000",10176690
2,62657,7.7464,EOA,"100–1,000",10176690
21–50,126,0.0156,EOA,"100–1,000",10176690
3,28227,3.4898,EOA,"100–1,000",10176690
4,14560,1.8001,EOA,"100–1,000",10176690
5,8164,1.0093,EOA,"100–1,000",10176690
51–100,4,0.0005,EOA,"100–1,000",10176690
6–10,10464,1.2937,EOA,"100–1,000",10176690
>100,1,0.0001,EOA,"100–1,000",10176690
1,3390395,85.805,EOA,1–100,10176690
11–20,1379,0.0349,EOA,1–100,10176690
2,418624,10.5947,EOA,1–100,10176690
21–50,97,0.0025,EOA,1–100,10176690
3,84002,2.1259,EOA,1–100,10176690
4,29579,0.7486,EOA,1–100,10176690
5,13320,0.3371,EOA,1–100,10176690
51–100,1,0.0,EOA,1–100,10176690
6–10,13879,0.3513,EOA,1–100,10176690
>100,1,0.0,EOA,1–100,10176690
1,8324,73.5076,EOA,">100,000",10176690
11–20,149,1.3158,EOA,">100,000",10176690
2,1273,11.2416,EOA,">100,000",10176690
21–50,71,0.627,EOA,">100,000",10176690
3,543,4.7951,EOA,">100,000",10176690
4,307,2.7111,EOA,">100,000",10176690
5,213,1.881,EOA,">100,000",10176690
51–100,25,0.2208,EOA,">100,000",10176690
6–10,417,3.6824,EOA,">100,000",10176690
>100,2,0.0177,EOA,">100,000",10176690
1,1808,93.5334,CA,0–1,10370274
11–20,1,0.0517,CA,0–1,10370274
2,109,5.6389,CA,0–1,10370274
3,10,0.5173,CA,0–1,10370274
4,2,0.1035,CA,0–1,10370274
6–10,3,0.1552,CA,0–1,10370274
1,175,58.9226,CA,"1,000–10,000",10370274
2,81,27.2727,CA,"1,000–10,000",10370274
21–50,1,0.3367,CA,"1,000–10,000",10370274
3,14,4.7138,CA,"1,000–10,000",10370274
4,6,2.0202,CA,"1,000–10,000",10370274
5,10,3.367,CA,"1,000–10,000",10370274
6–10,10,3.367,CA,"1,000–10,000",10370274
1,129,55.6034,CA,"10,000–100,000",10370274
2,88,37.931,CA,"10,000–100,000",10370274
3,7,3.0172,CA,"10,000–100,000",10370274
4,2,0.8621,CA,"10,000–100,000",10370274
5,4,1.7241,CA,"10,000–100,000",10370274
6–10,2,0.8621,CA,"10,000–100,000",10370274
1,262,66.4975,CA,"100–1,000",10370274
2,86,21.8274,CA,"100–1,000",10370274
3,23,5.8376,CA,"100–1,000",10370274
4,12,3.0457,CA,"100–1,000",10370274
5,6,1.5228,CA,"100–1,000",10370274
6–10,5,1.269,CA,"100–1,000",10370274
1,569,78.8089,CA,1–100,10370274
2,88,12.1884,CA,1–100,10370274
3,33,4.5706,CA,1–100,10370274
4,16,2.2161,CA,1–100,10370274
5,11,1.5235,CA,1–100,10370274
6–10,5,0.6925,CA,1–100,10370274
1,46,34.0741,CA,">100,000",10370274
2,71,52.5926,CA,">100,000",10370274
3,14,10.3704,CA,">100,000",10370274
4,1,0.7407,CA,">100,000",10370274
5,1,0.7407,CA,">100,000",10370274
6–10,2,1.4815,CA,">100,000",10370274
1,2360128,89.4111,EOA,0–1,10370274
11–20,375,0.0142,EOA,0–1,10370274
2,212245,8.0407,EOA,0–1,10370274
21–50,21,0.0008,EOA,0–1,10370274
3,42774,1.6205,EOA,0–1,10370274
4,13779,0.522,EOA,0–1,10370274
5,7135,0.2703,EOA,0–1,10370274
51–100,1,0.0,EOA,0–1,10370274
6–10,3176,0.1203,EOA,0–1,10370274
>100,1,0.0,EOA,0–1,10370274
1,109691,59.7625,EOA,"1,000–10,000",10370274
11–20,2197,1.197,EOA,"1,000–10,000",10370274
2,28367,15.4551,EOA,"1,000–10,000",10370274
21–50,173,0.0943,EOA,"1,000–10,000",10370274
3,16243,8.8496,EOA,"1,000–10,000",10370274
4,9741,5.3071,EOA,"1,000–10,000",10370274
5,6340,3.4542,EOA,"1,000–10,000",10370274
51–100,7,0.0038,EOA,"1,000–10,000",10370274
6–10,10786,5.8765,EOA,"1,000–10,000",10370274
1,50618,74.5259,EOA,"10,000–100,000",10370274
11–20,1063,1.5651,EOA,"10,000–100,000",10370274
2,6312,9.2933,EOA,"10,000–100,000",10370274
21–50,132,0.1943,EOA,"10,000–100,000",10370274
3,3316,4.8822,EOA,"10,000–100,000",10370274
4,2117,3.1169,EOA,"10,000–100,000",10370274
5,1455,2.1422,EOA,"10,000–100,000",10370274
51–100,4,0.0059,EOA,"10,000–100,000",10370274
6–10,2903,4.2741,EOA,"10,000–100,000",10370274
1,373460,74.6238,EOA,"100–1,000",10370274
11–20,1319,0.2636,EOA,"100–1,000",10370274
2,60106,12.0102,EOA,"100–1,000",10370274
21–50,130,0.026,EOA,"100–1,000",10370274
3,30424,6.0792,EOA,"100–1,000",10370274
4,15535,3.1042,EOA,"100–1,000",10370274
5,8589,1.7162,EOA,"100–1,000",10370274
51–100,8,0.0016,EOA,"100–1,000",10370274
6–10,10884,2.1748,EOA,"100–1,000",10370274
>100,2,0.0004,EOA,"100–1,000",10370274
1,3643989,86.4466,EOA,1–100,10370274
11–20,1416,0.0336,EOA,1–100,10370274
2,426118,10.1088,EOA,1–100,10370274
21–50,96,0.0023,EOA,1–100,10370274
3,86005,2.0403,EOA,1–100,10370274
4,29998,0.7116,EOA,1–100,10370274
5,13575,0.322,EOA,1–100,10370274
6–10,14111,0.3348,EOA,1–100,10370274
1,9201,71.7987,EOA,">100,000",10370274
11–20,198,1.5451,EOA,">100,000",10370274
2,1420,11.0808,EOA,">100,000",10370274
21–50,77,0.6009,EOA,">100,000",10370274
3,651,5.08,EOA,">100,000",10370274
4,402,3.1369,EOA,">100,000",10370274
5,302,2.3566,EOA,">100,000",10370274
51–100,25,0.1951,EOA,">100,000",10370274
6–10,537,4.1904,EOA,">100,000",10370274
>100,2,0.0156,EOA,">100,000",10370274
1,2770,94.928,CA,0–1,10570485
11–20,1,0.0343,CA,0–1,10570485
2,130,4.4551,CA,0–1,10570485
3,11,0.377,CA,0–1,10570485
4,2,0.0685,CA,0–1,10570485
6–10,4,0.1371,CA,0–1,10570485
1,318,65.8385,CA,"1,000–10,000",10570485
2,106,21.9462,CA,"1,000–10,000",10570485
21–50,2,0.4141,CA,"1,000–10,000",10570485
3,26,5.383,CA,"1,000–10,000",10570485
4,15,3.1056,CA,"1,000–10,000",10570485
5,8,1.6563,CA,"1,000–10,000",10570485
6–10,8,1.6563,CA,"1,000–10,000",10570485
1,236,63.9566,CA,"10,000–100,000",10570485
2,114,30.8943,CA,"10,000–100,000",10570485
3,9,2.439,CA,"10,000–100,000",10570485
4,3,0.813,CA,"10,000–100,000",10570485
5,2,0.542,CA,"10,000–100,000",10570485
6–10,5,1.355,CA,"10,000–100,000",10570485
1,386,69.8011,CA,"100–1,000",10570485
2,107,19.349,CA,"100–1,000",10570485
3,28,5.0633,CA,"100–1,000",10570485
4,15,2.7125,CA,"100–1,000",10570485
5,11,1.9892,CA,"100–1,000",10570485
6–10,6,1.085,CA,"100–1,000",10570485
1,827,80.6043,CA,1–100,10570485
2,127,12.3782,CA,1–100,10570485
3,37,3.6062,CA,1–100,10570485
4,11,1.0721,CA,1–100,10570485
5,17,1.6569,CA,1–100,10570485
6–10,7,0.6823,CA,1–100,10570485
1,85,38.9908,CA,">100,000",10570485
11–20,1,0.4587,CA,">100,000",10570485
2,115,52.7523,CA,">100,000",10570485
3,8,3.6697,CA,">100,000",10570485
4,6,2.7523,CA,">100,000",10570485
5,2,0.9174,CA,">100,000",10570485
6–10,1,0.4587,CA,">100,000",10570485
0,1,0.0,EOA,0–1,10570485
1,2487477,90.2115,EOA,0–1,10570485
11–20,382,0.0139,EOA,0–1,10570485
2,206039,7.4723,EOA,0–1,10570485
21–50,20,0.0007,EOA,0–1,10570485
3,40929,1.4843,EOA,0–1,10570485
4,12857,0.4663,EOA,0–1,10570485
5,6767,0.2454,EOA,0–1,10570485
51–100,1,0.0,EOA,0–1,10570485
6–10,2912,0.1056,EOA,0–1,10570485
1,127883,58.8052,EOA,"1,000–10,000",10570485
11–20,2512,1.1551,EOA,"1,000–10,000",10570485
2,34802,16.0032,EOA,"1,000–10,000",10570485
21–50,204,0.0938,EOA,"1,000–10,000",10570485
3,19751,9.0822,EOA,"1,000–10,000",10570485
4,11757,5.4063,EOA,"1,000–10,000",10570485
5,7620,3.5039,EOA,"1,000–10,000",10570485
51–100,11,0.0051,EOA,"1,000–10,000",10570485
6–10,12929,5.9452,EOA,"1,000–10,000",10570485
1,53215,70.4909,EOA,"10,000–100,000",10570485
11–20,1496,1.9817,EOA,"10,000–100,000",10570485
2,7504,9.9401,EOA,"10,000–100,000",10570485
21–50,189,0.2504,EOA,"10,000–100,000",10570485
3,4180,5.537,EOA,"10,000–100,000",10570485
4,2754,3.6481,EOA,"10,000–100,000",10570485
5,1966,2.6042,EOA,"10,000–100,000",10570485
51–100,6,0.0079,EOA,"10,000–100,000",10570485
6–10,4181,5.5383,EOA,"10,000–100,000",10570485
>100,1,0.0013,EOA,"10,000–100,000",10570485
1,364935,72.3281,EOA,"100–1,000",10570485
11–20,1374,0.2723,EOA,"100–1,000",10570485
2,67706,13.419,EOA,"100–1,000",10570485
21–50,128,0.0254,EOA,"100–1,000",10570485
3,33296,6.5991,EOA,"100–1,000",10570485
4,16736,3.317,EOA,"100–1,000",10570485
5,9139,1.8113,EOA,"100–1,000",10570485
51–100,3,0.0006,EOA,"100–1,000",10570485
6–10,11236,2.2269,EOA,"100–1,000",10570485
>100,2,0.0004,EOA,"100–1,000",10570485
1,3708447,86.3929,EOA,1–100,10570485
11–20,1332,0.031,EOA,1–100,10570485
2,436369,10.1658,EOA,1–100,10570485
21–50,94,0.0022,EOA,1–100,10570485
3,87911,2.048,EOA,1–100,10570485
4,30691,0.715,EOA,1–100,10570485
5,13655,0.3181,EOA,1–100,10570485
51–100,3,0.0001,EOA,1–100,10570485
6–10,14034,0.3269,EOA,1–100,10570485
1,14708,75.2366,EOA,">100,000",10570485
11–20,307,1.5704,EOA,">100,000",10570485
2,1801,9.2127,EOA,">100,000",10570485
21–50,97,0.4962,EOA,">100,000",10570485
3,864,4.4197,EOA,">100,000",10570485
4,557,2.8493,EOA,">100,000",10570485
5,425,2.174,EOA,">100,000",10570485
51–100,25,0.1279,EOA,">100,000",10570485
6–10,762,3.8979,EOA,">100,000",10570485
>100,3,0.0153,EOA,">100,000",10570485
1,5287,96.8315,CA,0–1,10771925
11–20,1,0.0183,CA,0–1,10771925
2,158,2.8938,CA,0–1,10771925
3,7,0.1282,CA,0–1,10771925
4,2,0.0366,CA,0–1,10771925
6–10,5,0.0916,CA,0–1,10771925
1,511,70.3857,CA,"1,000–10,000",10771925
2,135,18.595,CA,"1,000–10,000",10771925
21–50,2,0.2755,CA,"1,000–10,000",10771925
3,37,5.0964,CA,"1,000–10,000",10771925
4,17,2.3416,CA,"1,000–10,000",10771925
5,14,1.9284,CA,"1,000–10,000",10771925
6–10,10,1.3774,CA,"1,000–10,000",10771925
1,402,67.563,CA,"10,000–100,000",10771925
2,152,25.5462,CA,"10,000–100,000",10771925
3,19,3.1933,CA,"10,000–100,000",10771925
4,6,1.0084,CA,"10,000–100,000",10771925
5,7,1.1765,CA,"10,000–100,000",10771925
6–10,9,1.5126,CA,"10,000–100,000",10771925
1,653,78.0167,CA,"100–1,000",10771925
2,124,14.8148,CA,"100–1,000",10771925
3,27,3.2258,CA,"100–1,000",10771925
4,16,1.9116,CA,"100–1,000",10771925
5,10,1.1947,CA,"100–1,000",10771925
6–10,7,0.8363,CA,"100–1,000",10771925
1,1183,83.6042,CA,1–100,10771925
2,151,10.6714,CA,1–100,10771925
3,44,3.1095,CA,1–100,10771925
4,10,0.7067,CA,1–100,10771925
5,17,1.2014,CA,1–100,10771925
6–10,10,0.7067,CA,1–100,10771925
1,236,50.0,CA,">100,000",10771925
11–20,1,0.2119,CA,">100,000",10771925
2,208,44.0678,CA,">100,000",10771925
3,15,3.178,CA,">100,000",10771925
4,6,1.2712,CA,">100,000",10771925
5,2,0.4237,CA,">100,000",10771925
6–10,4,0.8475,CA,">100,000",10771925
0,1,0.0,EOA,0–1,10771925
1,2524538,90.5963,EOA,0–1,10771925
11–20,390,0.014,EOA,0–1,10771925
2,201421,7.2282,EOA,0–1,10771925
21–50,23,0.0008,EOA,0–1,10771925
3,39092,1.4029,EOA,0–1,10771925
4,11989,0.4302,EOA,0–1,10771925
5,6407,0.2299,EOA,0–1,10771925
51–100,1,0.0,EOA,0–1,10771925
6–10,2719,0.0976,EOA,0–1,10771925
1,225076,64.1328,EOA,"1,000–10,000",10771925
11–20,3189,0.9087,EOA,"1,000–10,000",10771925
2,52004,14.8179,EOA,"1,000–10,000",10771925
21–50,294,0.0838,EOA,"1,000–10,000",10771925
3,28060,7.9954,EOA,"1,000–10,000",10771925
4,15800,4.502,EOA,"1,000–10,000",10771925
5,9920,2.8266,EOA,"1,000–10,000",10771925
51–100,14,0.004,EOA,"1,000–10,000",10771925
6–10,16595,4.7286,EOA,"1,000–10,000",10771925
>100,1,0.0003,EOA,"1,000–10,000",10771925
1,67089,63.8044,EOA,"10,000–100,000",10771925
11–20,2765,2.6296,EOA,"10,000–100,000",10771925
2,12173,11.577,EOA,"10,000–100,000",10771925
21–50,383,0.3642,EOA,"10,000–100,000",10771925
3,7135,6.7857,EOA,"10,000–100,000",10771925
4,4670,4.4414,EOA,"10,000–100,000",10771925
5,3359,3.1945,EOA,"10,000–100,000",10771925
51–100,16,0.0152,EOA,"10,000–100,000",10771925
6–10,7557,7.187,EOA,"10,000–100,000",10771925
>100,1,0.001,EOA,"10,000–100,000",10771925
1,580700,78.036,EOA,"100–1,000",10771925
11–20,1401,0.1883,EOA,"100–1,000",10771925
2,84445,11.3479,EOA,"100–1,000",10771925
21–50,127,0.0171,EOA,"100–1,000",10771925
3,37630,5.0568,EOA,"100–1,000",10771925
4,18326,2.4627,EOA,"100–1,000",10771925
5,9809,1.3182,EOA,"100–1,000",10771925
51–100,4,0.0005,EOA,"100–1,000",10771925
6–10,11701,1.5724,EOA,"100–1,000",10771925
>100,1,0.0001,EOA,"100–1,000",10771925
1,3698991,86.3708,EOA,1–100,10771925
11–20,1187,0.0277,EOA,1–100,10771925
2,439807,10.2694,EOA,1–100,10771925
21–50,83,0.0019,EOA,1–100,10771925
3,86957,2.0304,EOA,1–100,10771925
4,29768,0.6951,EOA,1–100,10771925
5,13015,0.3039,EOA,1–100,10771925
51–100,4,0.0001,EOA,1–100,10771925
6–10,12873,0.3006,EOA,1–100,10771925
1,17887,69.8275,EOA,">100,000",10771925
11–20,603,2.354,EOA,">100,000",10771925
2,2630,10.267,EOA,">100,000",10771925
21–50,163,0.6363,EOA,">100,000",10771925
3,1367,5.3365,EOA,">100,000",10771925
4,856,3.3417,EOA,">100,000",10771925
5,647,2.5258,EOA,">100,000",10771925
51–100,34,0.1327,EOA,">100,000",10771925
6–10,1424,5.559,EOA,">100,000",10771925
>100,5,0.0195,EOA,">100,000",10771925
1,8396,96.9851,CA,0–1,10966874
11–20,1,0.0116,CA,0–1,10966874
2,243,2.807,CA,0–1,10966874
3,10,0.1155,CA,0–1,10966874
4,2,0.0231,CA,0–1,10966874
6–10,5,0.0578,CA,0–1,10966874
1,1024,77.8707,CA,"1,000–10,000",10966874
2,209,15.8935,CA,"1,000–10,000",10966874
21–50,2,0.1521,CA,"1,000–10,000",10966874
3,38,2.8897,CA,"1,000–10,000",10966874
4,19,1.4449,CA,"1,000–10,000",10966874
5,10,0.7605,CA,"1,000–10,000",10966874
6–10,13,0.9886,CA,"1,000–10,000",10966874
1,721,70.2729,CA,"10,000–100,000",10966874
11–20,1,0.0975,CA,"10,000–100,000",10966874
2,251,24.4639,CA,"10,000–100,000",10966874
3,21,2.0468,CA,"10,000–100,000",10966874
4,14,1.3645,CA,"10,000–100,000",10966874
5,8,0.7797,CA,"10,000–100,000",10966874
6–10,10,0.9747,CA,"10,000–100,000",10966874
1,1134,81.5241,CA,"100–1,000",10966874
2,183,13.156,CA,"100–1,000",10966874
3,35,2.5162,CA,"100–1,000",10966874
4,18,1.294,CA,"100–1,000",10966874
5,8,0.5751,CA,"100–1,000",10966874
6–10,13,0.9346,CA,"100–1,000",10966874
1,1937,86.7055,CA,1–100,10966874
2,208,9.3107,CA,1–100,10966874
3,48,2.1486,CA,1–100,10966874
4,14,0.6267,CA,1–100,10966874
5,17,0.761,CA,1–100,10966874
6–10,10,0.4476,CA,1–100,10966874
1,335,49.0483,CA,">100,000",10966874
11–20,1,0.1464,CA,">100,000",10966874
2,319,46.7057,CA,">100,000",10966874
3,11,1.6105,CA,">100,000",10966874
4,7,1.0249,CA,">100,000",10966874
5,3,0.4392,CA,">100,000",10966874
6–10,7,1.0249,CA,">100,000",10966874
0,1,0.0,EOA,0–1,10966874
1,2519606,90.0765,EOA,0–1,10966874
11–20,437,0.0156,EOA,0–1,10966874
2,211633,7.5659,EOA,0–1,10966874
21–50,25,0.0009,EOA,0–1,10966874
3,42034,1.5027,EOA,0–1,10966874
4,13281,0.4748,EOA,0–1,10966874
5,6934,0.2479,EOA,0–1,10966874
51–100,7,0.0003,EOA,0–1,10966874
6–10,3226,0.1153,EOA,0–1,10966874
1,284832,64.6968,EOA,"1,000–10,000",10966874
11–20,5158,1.1716,EOA,"1,000–10,000",10966874
2,62086,14.1022,EOA,"1,000–10,000",10966874
21–50,566,0.1286,EOA,"1,000–10,000",10966874
3,33242,7.5506,EOA,"1,000–10,000",10966874
4,19447,4.4172,EOA,"1,000–10,000",10966874
5,12654,2.8742,EOA,"1,000–10,000",10966874
51–100,21,0.0048,EOA,"1,000–10,000",10966874
6–10,22248,5.0534,EOA,"1,000–10,000",10966874
>100,3,0.0007,EOA,"1,000–10,000",10966874
1,67373,66.698,EOA,"10,000–100,000",10966874
11–20,2910,2.8808,EOA,"10,000–100,000",10966874
2,10193,10.0909,EOA,"10,000–100,000",10966874
21–50,525,0.5197,EOA,"10,000–100,000",10966874
3,5996,5.9359,EOA,"10,000–100,000",10966874
4,4042,4.0015,EOA,"10,000–100,000",10966874
5,2967,2.9373,EOA,"10,000–100,000",10966874
51–100,25,0.0247,EOA,"10,000–100,000",10966874
6–10,6981,6.9111,EOA,"10,000–100,000",10966874
1,699547,78.904,EOA,"100–1,000",10966874
11–20,1760,0.1985,EOA,"100–1,000",10966874
2,96383,10.8713,EOA,"100–1,000",10966874
21–50,146,0.0165,EOA,"100–1,000",10966874
3,42514,4.7953,EOA,"100–1,000",10966874
4,20712,2.3362,EOA,"100–1,000",10966874
5,11262,1.2703,EOA,"100–1,000",10966874
51–100,4,0.0005,EOA,"100–1,000",10966874
6–10,14250,1.6073,EOA,"100–1,000",10966874
>100,2,0.0002,EOA,"100–1,000",10966874
1,3841199,86.3386,EOA,1–100,10966874
11–20,1448,0.0325,EOA,1–100,10966874
2,452375,10.168,EOA,1–100,10966874
21–50,97,0.0022,EOA,1–100,10966874
3,92623,2.0819,EOA,1–100,10966874
4,31904,0.7171,EOA,1–100,10966874
5,14243,0.3201,EOA,1–100,10966874
51–100,2,0.0,EOA,1–100,10966874
6–10,15103,0.3395,EOA,1–100,10966874
1,20113,75.1074,EOA,">100,000",10966874
11–20,584,2.1808,EOA,">100,000",10966874
2,2254,8.417,EOA,">100,000",10966874
21–50,174,0.6498,EOA,">100,000",10966874
3,1131,4.2235,EOA,">100,000",10966874
4,742,2.7708,EOA,">100,000",10966874
5,539,2.0128,EOA,">100,000",10966874
51–100,38,0.1419,EOA,">100,000",10966874
6–10,1195,4.4625,EOA,">100,000",10966874
>100,9,0.0336,EOA,">100,000",10966874
1,13568,97.4573,CA,0–1,11167817
11–20,1,0.0072,CA,0–1,11167817
2,331,2.3775,CA,0–1,11167817
3,11,0.079,CA,0–1,11167817
4,5,0.0359,CA,0–1,11167817
6–10,6,0.0431,CA,0–1,11167817
1,1390,79.0671,CA,"1,000–10,000",11167817
2,282,16.041,CA,"1,000–10,000",11167817
21–50,2,0.1138,CA,"1,000–10,000",11167817
3,39,2.2184,CA,"1,000–10,000",11167817
4,23,1.3083,CA,"1,000–10,000",11167817
5,12,0.6826,CA,"1,000–10,000",11167817
6–10,10,0.5688,CA,"1,000–10,000",11167817
1,883,72.6151,CA,"10,000–100,000",11167817
11–20,1,0.0822,CA,"10,000–100,000",11167817
2,289,23.7664,CA,"10,000–100,000",11167817
3,18,1.4803,CA,"10,000–100,000",11167817
4,8,0.6579,CA,"10,000–100,000",11167817
5,7,0.5757,CA,"10,000–100,000",11167817
6–10,10,0.8224,CA,"10,000–100,000",11167817
1,1666,83.4251,CA,"100–1,000",11167817
2,247,12.3686,CA,"100–1,000",11167817
3,40,2.003,CA,"100–1,000",11167817
4,18,0.9014,CA,"100–1,000",11167817
5,11,0.5508,CA,"100–1,000",11167817
6–10,15,0.7511,CA,"100–1,000",11167817
1,3242,88.7733,CA,1–100,11167817
2,296,8.1051,CA,1–100,11167817
3,59,1.6156,CA,1–100,11167817
4,23,0.6298,CA,1–100,11167817
5,19,0.5203,CA,1–100,11167817
6–10,13,0.356,CA,1–100,11167817
1,352,47.4394,CA,">100,000",11167817
11–20,1,0.1348,CA,">100,000",11167817
2,349,47.035,CA,">100,000",11167817
3,19,2.5606,CA,">100,000",11167817
4,8,1.0782,CA,">100,000",11167817
5,4,0.5391,CA,">100,000",11167817
6–10,9,1.2129,CA,">100,000",11167817
0,1,0.0,EOA,0–1,11167817
1,2631410,90.3944,EOA,0–1,11167817
11–20,457,0.0157,EOA,0–1,11167817
2,210924,7.2457,EOA,0–1,11167817
21–50,27,0.0009,EOA,0–1,11167817
3,43602,1.4978,EOA,0–1,11167817
4,13991,0.4806,EOA,0–1,11167817
5,7245,0.2489,EOA,0–1,11167817
51–100,8,0.0003,EOA,0–1,11167817
6–10,3367,0.1157,EOA,0–1,11167817
1,187910,57.6411,EOA,"1,000–10,000",11167817
11–20,5575,1.7101,EOA,"1,000–10,000",11167817
2,51879,15.9138,EOA,"1,000–10,000",11167817
21–50,747,0.2291,EOA,"1,000–10,000",11167817
3,28958,8.8828,EOA,"1,000–10,000",11167817
4,17561,5.3868,EOA,"1,000–10,000",11167817
5,11628,3.5669,EOA,"1,000–10,000",11167817
51–100,32,0.0098,EOA,"1,000–10,000",11167817
6–10,21709,6.6592,EOA,"1,000–10,000",11167817
>100,1,0.0003,EOA,"1,000–10,000",11167817
1,77312,71.3941,EOA,"10,000–100,000",11167817
11–20,2708,2.5007,EOA,"10,000–100,000",11167817
2,9811,9.06,EOA,"10,000–100,000",11167817
21–50,555,0.5125,EOA,"10,000–100,000",11167817
3,5532,5.1086,EOA,"10,000–100,000",11167817
4,3604,3.3281,EOA,"10,000–100,000",11167817
5,2627,2.4259,EOA,"10,000–100,000",11167817
51–100,32,0.0296,EOA,"10,000–100,000",11167817
6–10,6105,5.6377,EOA,"10,000–100,000",11167817
>100,3,0.0028,EOA,"10,000–100,000",11167817
1,532332,72.3113,EOA,"100–1,000",11167817
11–20,2436,0.3309,EOA,"100–1,000",11167817
2,101358,13.7683,EOA,"100–1,000",11167817
21–50,219,0.0297,EOA,"100–1,000",11167817
3,46486,6.3146,EOA,"100–1,000",11167817
4,23198,3.1512,EOA,"100–1,000",11167817
5,12812,1.7404,EOA,"100–1,000",11167817
51–100,6,0.0008,EOA,"100–1,000",11167817
6–10,17316,2.3522,EOA,"100–1,000",11167817
>100,4,0.0005,EOA,"100–1,000",11167817
1,4002237,85.8562,EOA,1–100,11167817
11–20,1764,0.0378,EOA,1–100,11167817
2,489250,10.4954,EOA,1–100,11167817
21–50,123,0.0026,EOA,1–100,11167817
3,100667,2.1595,EOA,1–100,11167817
4,34958,0.7499,EOA,1–100,11167817
5,15654,0.3358,EOA,1–100,11167817
51–100,8,0.0002,EOA,1–100,11167817
6–10,16898,0.3625,EOA,1–100,11167817
>100,2,0.0,EOA,1–100,11167817
1,18484,72.4749,EOA,">100,000",11167817
11–20,560,2.1957,EOA,">100,000",11167817
2,2470,9.6848,EOA,">100,000",11167817
21–50,198,0.7763,EOA,">100,000",11167817
3,1233,4.8345,EOA,">100,000",11167817
4,760,2.9799,EOA,">100,000",11167817
5,553,2.1683,EOA,">100,000",11167817
51–100,39,0.1529,EOA,">100,000",11167817
6–10,1194,4.6816,EOA,">100,000",11167817
>100,13,0.051,EOA,">100,000",11167817
1,16864,97.4854,CA,0–1,11363270
11–20,1,0.0058,CA,0–1,11363270
2,412,2.3816,CA,0–1,11363270
3,11,0.0636,CA,0–1,11363270
4,5,0.0289,CA,0–1,11363270
6–10,6,0.0347,CA,0–1,11363270
1,1609,79.2611,CA,"1,000–10,000",11363270
2,309,15.2217,CA,"1,000–10,000",11363270
21–50,2,0.0985,CA,"1,000–10,000",11363270
3,50,2.4631,CA,"1,000–10,000",11363270
4,30,1.4778,CA,"1,000–10,000",11363270
5,13,0.6404,CA,"1,000–10,000",11363270
6–10,17,0.8374,CA,"1,000–10,000",11363270
1,1032,74.1912,CA,"10,000–100,000",11363270
11–20,1,0.0719,CA,"10,000–100,000",11363270
2,301,21.6391,CA,"10,000–100,000",11363270
3,19,1.3659,CA,"10,000–100,000",11363270
4,11,0.7908,CA,"10,000–100,000",11363270
5,11,0.7908,CA,"10,000–100,000",11363270
6–10,16,1.1503,CA,"10,000–100,000",11363270
1,1979,83.9271,CA,"100–1,000",11363270
2,298,12.6378,CA,"100–1,000",11363270
3,39,1.6539,CA,"100–1,000",11363270
4,20,0.8482,CA,"100–1,000",11363270
5,11,0.4665,CA,"100–1,000",11363270
6–10,11,0.4665,CA,"100–1,000",11363270
1,4116,89.8886,CA,1–100,11363270
2,344,7.5126,CA,1–100,11363270
3,63,1.3758,CA,1–100,11363270
4,21,0.4586,CA,1–100,11363270
5,20,0.4368,CA,1–100,11363270
6–10,15,0.3276,CA,1–100,11363270
1,424,47.3214,CA,">100,000",11363270
11–20,2,0.2232,CA,">100,000",11363270
2,420,46.875,CA,">100,000",11363270
3,24,2.6786,CA,">100,000",11363270
4,12,1.3393,CA,">100,000",11363270
5,3,0.3348,CA,">100,000",11363270
6–10,11,1.2277,CA,">100,000",11363270
0,1,0.0,EOA,0–1,11363270
1,2780286,90.794,EOA,0–1,11363270
11–20,487,0.0159,EOA,0–1,11363270
2,215277,7.0302,EOA,0–1,11363270
21–50,37,0.0012,EOA,0–1,11363270
3,42403,1.3847,EOA,0–1,11363270
4,13353,0.4361,EOA,0–1,11363270
5,7044,0.23,EOA,0–1,11363270
51–100,12,0.0004,EOA,0–1,11363270
6–10,3291,0.1075,EOA,0–1,11363270
1,207705,58.6154,EOA,"1,000–10,000",11363270
11–20,5917,1.6698,EOA,"1,000–10,000",11363270
2,53689,15.1513,EOA,"1,000–10,000",11363270
21–50,824,0.2325,EOA,"1,000–10,000",11363270
3,30860,8.7089,EOA,"1,000–10,000",11363270
4,18796,5.3043,EOA,"1,000–10,000",11363270
5,12714,3.588,EOA,"1,000–10,000",11363270
51–100,36,0.0102,EOA,"1,000–10,000",11363270
6–10,23809,6.719,EOA,"1,000–10,000",11363270
>100,2,0.0006,EOA,"1,000–10,000",11363270
1,95202,70.5854,EOA,"10,000–100,000",11363270
11–20,3642,2.7003,EOA,"10,000–100,000",11363270
2,12201,9.0462,EOA,"10,000–100,000",11363270
21–50,773,0.5731,EOA,"10,000–100,000",11363270
3,6872,5.0951,EOA,"10,000–100,000",11363270
4,4707,3.4899,EOA,"10,000–100,000",11363270
5,3347,2.4816,EOA,"10,000–100,000",11363270
51–100,43,0.0319,EOA,"10,000–100,000",11363270
6–10,8083,5.993,EOA,"10,000–100,000",11363270
>100,5,0.0037,EOA,"10,000–100,000",11363270
1,551733,72.9098,EOA,"100–1,000",11363270
11–20,2300,0.3039,EOA,"100–1,000",11363270
2,103154,13.6315,EOA,"100–1,000",11363270
21–50,209,0.0276,EOA,"100–1,000",11363270
3,46946,6.2038,EOA,"100–1,000",11363270
4,23236,3.0706,EOA,"100–1,000",11363270
5,12529,1.6557,EOA,"100–1,000",11363270
51–100,8,0.0011,EOA,"100–1,000",11363270
6–10,16616,2.1958,EOA,"100–1,000",11363270
>100,3,0.0004,EOA,"100–1,000",11363270
1,4368576,86.295,EOA,1–100,11363270
11–20,1679,0.0332,EOA,1–100,11363270
2,519519,10.2624,EOA,1–100,11363270
21–50,112,0.0022,EOA,1–100,11363270
3,105503,2.0841,EOA,1–100,11363270
4,35522,0.7017,EOA,1–100,11363270
5,15094,0.2982,EOA,1–100,11363270
51–100,7,0.0001,EOA,1–100,11363270
6–10,16359,0.3231,EOA,1–100,11363270
>100,3,0.0001,EOA,1–100,11363270
1,23697,72.2558,EOA,">100,000",11363270
11–20,779,2.3753,EOA,">100,000",11363270
2,3193,9.7359,EOA,">100,000",11363270
21–50,251,0.7653,EOA,">100,000",11363270
3,1607,4.9,EOA,">100,000",11363270
4,939,2.8632,EOA,">100,000",11363270
5,681,2.0765,EOA,">100,000",11363270
51–100,46,0.1403,EOA,">100,000",11363270
6–10,1586,4.836,EOA,">100,000",11363270
>100,17,0.0518,EOA,">100,000",11363270
1,18509,97.3543,CA,0–1,11565019
11–20,1,0.0053,CA,0–1,11565019
2,477,2.5089,CA,0–1,11565019
3,14,0.0736,CA,0–1,11565019
4,4,0.021,CA,0–1,11565019
6–10,7,0.0368,CA,0–1,11565019
1,1883,80.0595,CA,"1,000–10,000",11565019
2,355,15.0935,CA,"1,000–10,000",11565019
21–50,2,0.085,CA,"1,000–10,000",11565019
3,48,2.0408,CA,"1,000–10,000",11565019
4,31,1.318,CA,"1,000–10,000",11565019
5,15,0.6378,CA,"1,000–10,000",11565019
6–10,18,0.7653,CA,"1,000–10,000",11565019
1,1139,74.1054,CA,"10,000–100,000",11565019
11–20,1,0.0651,CA,"10,000–100,000",11565019
2,321,20.8848,CA,"10,000–100,000",11565019
3,36,2.3422,CA,"10,000–100,000",11565019
4,11,0.7157,CA,"10,000–100,000",11565019
5,15,0.9759,CA,"10,000–100,000",11565019
6–10,14,0.9109,CA,"10,000–100,000",11565019
1,2319,84.3886,CA,"100–1,000",11565019
11–20,1,0.0364,CA,"100–1,000",11565019
2,337,12.2635,CA,"100–1,000",11565019
3,48,1.7467,CA,"100–1,000",11565019
4,17,0.6186,CA,"100–1,000",11565019
5,12,0.4367,CA,"100–1,000",11565019
6–10,14,0.5095,CA,"100–1,000",11565019
1,4697,89.9464,CA,1–100,11565019
2,399,7.6408,CA,1–100,11565019
3,68,1.3022,CA,1–100,11565019
4,24,0.4596,CA,1–100,11565019
5,20,0.383,CA,1–100,11565019
6–10,14,0.2681,CA,1–100,11565019
1,531,48.5819,CA,">100,000",11565019
11–20,2,0.183,CA,">100,000",11565019
2,505,46.2031,CA,">100,000",11565019
3,29,2.6532,CA,">100,000",11565019
4,13,1.1894,CA,">100,000",11565019
5,2,0.183,CA,">100,000",11565019
6–10,11,1.0064,CA,">100,000",11565019
0,1,0.0,EOA,0–1,11565019
1,2658065,90.3878,EOA,0–1,11565019
11–20,471,0.016,EOA,0–1,11565019
2,215330,7.3223,EOA,0–1,11565019
21–50,34,0.0012,EOA,0–1,11565019
3,42928,1.4598,EOA,0–1,11565019
4,13550,0.4608,EOA,0–1,11565019
5,7041,0.2394,EOA,0–1,11565019
51–100,14,0.0005,EOA,0–1,11565019
6–10,3300,0.1122,EOA,0–1,11565019
>100,1,0.0,EOA,0–1,11565019
1,223076,58.6006,EOA,"1,000–10,000",11565019
11–20,7313,1.9211,EOA,"1,000–10,000",11565019
2,56000,14.7108,EOA,"1,000–10,000",11565019
21–50,1038,0.2727,EOA,"1,000–10,000",11565019
3,32581,8.5588,EOA,"1,000–10,000",11565019
4,20199,5.3061,EOA,"1,000–10,000",11565019
5,13866,3.6425,EOA,"1,000–10,000",11565019
51–100,50,0.0131,EOA,"1,000–10,000",11565019
6–10,26545,6.9732,EOA,"1,000–10,000",11565019
>100,4,0.0011,EOA,"1,000–10,000",11565019
1,99938,69.4955,EOA,"10,000–100,000",11565019
11–20,4367,3.0368,EOA,"10,000–100,000",11565019
2,13532,9.41,EOA,"10,000–100,000",11565019
21–50,1049,0.7295,EOA,"10,000–100,000",11565019
3,7549,5.2495,EOA,"10,000–100,000",11565019
4,4920,3.4213,EOA,"10,000–100,000",11565019
5,3643,2.5333,EOA,"10,000–100,000",11565019
51–100,64,0.0445,EOA,"10,000–100,000",11565019
6–10,8736,6.0749,EOA,"10,000–100,000",11565019
>100,7,0.0049,EOA,"10,000–100,000",11565019
1,645494,73.6663,EOA,"100–1,000",11565019
11–20,2628,0.2999,EOA,"100–1,000",11565019
2,118011,13.4679,EOA,"100–1,000",11565019
21–50,249,0.0284,EOA,"100–1,000",11565019
3,52333,5.9724,EOA,"100–1,000",11565019
4,25601,2.9217,EOA,"100–1,000",11565019
5,13666,1.5596,EOA,"100–1,000",11565019
51–100,7,0.0008,EOA,"100–1,000",11565019
6–10,18249,2.0826,EOA,"100–1,000",11565019
>100,3,0.0003,EOA,"100–1,000",11565019
1,4746996,86.4727,EOA,1–100,11565019
11–20,1769,0.0322,EOA,1–100,11565019
2,556127,10.1306,EOA,1–100,11565019
21–50,135,0.0025,EOA,1–100,11565019
3,113449,2.0666,EOA,1–100,11565019
4,37657,0.686,EOA,1–100,11565019
5,16084,0.293,EOA,1–100,11565019
51–100,10,0.0002,EOA,1–100,11565019
6–10,17361,0.3163,EOA,1–100,11565019
>100,4,0.0001,EOA,1–100,11565019
1,31927,76.1091,EOA,">100,000",11565019
11–20,863,2.0573,EOA,">100,000",11565019
2,3660,8.7249,EOA,">100,000",11565019
21–50,300,0.7152,EOA,">100,000",11565019
3,1692,4.0335,EOA,">100,000",11565019
4,1001,2.3862,EOA,">100,000",11565019
5,713,1.6997,EOA,">100,000",11565019
51–100,59,0.1406,EOA,">100,000",11565019
6–10,1713,4.0835,EOA,">100,000",11565019
>100,21,0.0501,EOA,">100,000",11565019
1,19359,97.2619,CA,0–1,11766939
11–20,1,0.005,CA,0–1,11766939
2,521,2.6176,CA,0–1,11766939
3,13,0.0653,CA,0–1,11766939
4,4,0.0201,CA,0–1,11766939
6–10,6,0.0301,CA,0–1,11766939
1,2033,80.7387,CA,"1,000–10,000",11766939
2,357,14.1779,CA,"1,000–10,000",11766939
21–50,1,0.0397,CA,"1,000–10,000",11766939
3,57,2.2637,CA,"1,000–10,000",11766939
4,30,1.1914,CA,"1,000–10,000",11766939
5,16,0.6354,CA,"1,000–10,000",11766939
6–10,24,0.9531,CA,"1,000–10,000",11766939
1,1379,76.6963,CA,"10,000–100,000",11766939
11–20,1,0.0556,CA,"10,000–100,000",11766939
2,316,17.5751,CA,"10,000–100,000",11766939
21–50,1,0.0556,CA,"10,000–100,000",11766939
3,42,2.3359,CA,"10,000–100,000",11766939
4,20,1.1123,CA,"10,000–100,000",11766939
5,15,0.8343,CA,"10,000–100,000",11766939
6–10,24,1.3348,CA,"10,000–100,000",11766939
1,2777,86.269,CA,"100–1,000",11766939
11–20,1,0.0311,CA,"100–1,000",11766939
2,349,10.8419,CA,"100–1,000",11766939
3,45,1.3979,CA,"100–1,000",11766939
4,21,0.6524,CA,"100–1,000",11766939
5,13,0.4039,CA,"100–1,000",11766939
6–10,13,0.4039,CA,"100–1,000",11766939
1,4760,90.1857,CA,1–100,11766939
2,400,7.5786,CA,1–100,11766939
3,67,1.2694,CA,1–100,11766939
4,20,0.3789,CA,1–100,11766939
5,16,0.3031,CA,1–100,11766939
6–10,15,0.2842,CA,1–100,11766939
1,744,50.8197,CA,">100,000",11766939
11–20,4,0.2732,CA,">100,000",11766939
2,646,44.1257,CA,">100,000",11766939
3,39,2.6639,CA,">100,000",11766939
4,16,1.0929,CA,">100,000",11766939
5,5,0.3415,CA,">100,000",11766939
6–10,10,0.6831,CA,">100,000",11766939
0,1,0.0,EOA,0–1,11766939
1,2804818,90.7461,EOA,0–1,11766939
11–20,527,0.0171,EOA,0–1,11766939
2,219634,7.106,EOA,0–1,11766939
21–50,46,0.0015,EOA,0–1,11766939
3,42437,1.373,EOA,0–1,11766939
4,13186,0.4266,EOA,0–1,11766939
5,6845,0.2215,EOA,0–1,11766939
51–100,15,0.0005,EOA,0–1,11766939
6–10,3328,0.1077,EOA,0–1,11766939
>100,3,0.0001,EOA,0–1,11766939
1,279555,56.693,EOA,"1,000–10,000",11766939
11–20,7116,1.4431,EOA,"1,000–10,000",11766939
2,83114,16.8553,EOA,"1,000–10,000",11766939
21–50,865,0.1754,EOA,"1,000–10,000",11766939
3,46350,9.3997,EOA,"1,000–10,000",11766939
4,27742,5.626,EOA,"1,000–10,000",11766939
5,17636,3.5765,EOA,"1,000–10,000",11766939
51–100,41,0.0083,EOA,"1,000–10,000",11766939
6–10,30683,6.2224,EOA,"1,000–10,000",11766939
>100,1,0.0002,EOA,"1,000–10,000",11766939
1,118400,60.859,EOA,"10,000–100,000",11766939
11–20,8026,4.1255,EOA,"10,000–100,000",11766939
2,20843,10.7136,EOA,"10,000–100,000",11766939
21–50,1816,0.9334,EOA,"10,000–100,000",11766939
3,12740,6.5485,EOA,"10,000–100,000",11766939
4,8861,4.5547,EOA,"10,000–100,000",11766939
5,6750,3.4696,EOA,"10,000–100,000",11766939
51–100,96,0.0493,EOA,"10,000–100,000",11766939
6–10,16999,8.7377,EOA,"10,000–100,000",11766939
>100,17,0.0087,EOA,"10,000–100,000",11766939
1,807835,75.4915,EOA,"100–1,000",11766939
11–20,2102,0.1964,EOA,"100–1,000",11766939
2,144842,13.5354,EOA,"100–1,000",11766939
21–50,180,0.0168,EOA,"100–1,000",11766939
3,58631,5.479,EOA,"100–1,000",11766939
4,26708,2.4958,EOA,"100–1,000",11766939
5,13448,1.2567,EOA,"100–1,000",11766939
51–100,2,0.0002,EOA,"100–1,000",11766939
6–10,16346,1.5275,EOA,"100–1,000",11766939
>100,6,0.0006,EOA,"100–1,000",11766939
1,4752390,87.0262,EOA,1–100,11766939
11–20,1544,0.0283,EOA,1–100,11766939
2,539001,9.8702,EOA,1–100,11766939
21–50,128,0.0023,EOA,1–100,11766939
3,105159,1.9257,EOA,1–100,11766939
4,33607,0.6154,EOA,1–100,11766939
5,14181,0.2597,EOA,1–100,11766939
51–100,10,0.0002,EOA,1–100,11766939
6–10,14852,0.272,EOA,1–100,11766939
>100,1,0.0,EOA,1–100,11766939
1,31379,65.377,EOA,">100,000",11766939
11–20,1767,3.6815,EOA,">100,000",11766939
2,5298,11.0382,EOA,">100,000",11766939
21–50,629,1.3105,EOA,">100,000",11766939
3,2748,5.7254,EOA,">100,000",11766939
4,1783,3.7148,EOA,">100,000",11766939
5,1224,2.5502,EOA,">100,000",11766939
51–100,81,0.1688,EOA,">100,000",11766939
6–10,3059,6.3733,EOA,">100,000",11766939
>100,29,0.0604,EOA,">100,000",11766939
1,19907,97.1547,CA,0–1,11948960
11–20,1,0.0049,CA,0–1,11948960
2,556,2.7135,CA,0–1,11948960
3,13,0.0634,CA,0–1,11948960
4,4,0.0195,CA,0–1,11948960
6–10,9,0.0439,CA,0–1,11948960
1,2096,79.2139,CA,"1,000–10,000",11948960
2,410,15.4951,CA,"1,000–10,000",11948960
21–50,1,0.0378,CA,"1,000–10,000",11948960
3,64,2.4187,CA,"1,000–10,000",11948960
4,34,1.285,CA,"1,000–10,000",11948960
5,14,0.5291,CA,"1,000–10,000",11948960
6–10,27,1.0204,CA,"1,000–10,000",11948960
1,1467,75.6576,CA,"10,000–100,000",11948960
2,343,17.6895,CA,"10,000–100,000",11948960
21–50,1,0.0516,CA,"10,000–100,000",11948960
3,52,2.6818,CA,"10,000–100,000",11948960
4,23,1.1862,CA,"10,000–100,000",11948960
5,22,1.1346,CA,"10,000–100,000",11948960
6–10,31,1.5988,CA,"10,000–100,000",11948960
1,2939,85.9357,CA,"100–1,000",11948960
11–20,1,0.0292,CA,"100–1,000",11948960
2,371,10.848,CA,"100–1,000",11948960
3,54,1.5789,CA,"100–1,000",11948960
4,26,0.7602,CA,"100–1,000",11948960
5,13,0.3801,CA,"100–1,000",11948960
6–10,16,0.4678,CA,"100–1,000",11948960
1,4918,90.338,CA,1–100,11948960
2,418,7.6782,CA,1–100,11948960
3,60,1.1021,CA,1–100,11948960
4,18,0.3306,CA,1–100,11948960
5,16,0.2939,CA,1–100,11948960
6–10,14,0.2572,CA,1–100,11948960
1,875,50.6073,CA,">100,000",11948960
11–20,6,0.347,CA,">100,000",11948960
2,766,44.3031,CA,">100,000",11948960
3,46,2.6605,CA,">100,000",11948960
4,15,0.8676,CA,">100,000",11948960
5,5,0.2892,CA,">100,000",11948960
6–10,16,0.9254,CA,">100,000",11948960
0,1,0.0,EOA,0–1,11948960
1,2795908,91.1865,EOA,0–1,11948960
11–20,553,0.018,EOA,0–1,11948960
2,207666,6.7729,EOA,0–1,11948960
21–50,63,0.0021,EOA,0–1,11948960
3,39512,1.2887,EOA,0–1,11948960
4,12492,0.4074,EOA,0–1,11948960
5,6654,0.217,EOA,0–1,11948960
51–100,17,0.0006,EOA,0–1,11948960
6–10,3269,0.1066,EOA,0–1,11948960
>100,7,0.0002,EOA,0–1,11948960
1,404322,58.2883,EOA,"1,000–10,000",11948960
11–20,7911,1.1405,EOA,"1,000–10,000",11948960
2,121075,17.4545,EOA,"1,000–10,000",11948960
21–50,864,0.1246,EOA,"1,000–10,000",11948960
3,63655,9.1767,EOA,"1,000–10,000",11948960
4,36247,5.2255,EOA,"1,000–10,000",11948960
5,22553,3.2513,EOA,"1,000–10,000",11948960
51–100,26,0.0037,EOA,"1,000–10,000",11948960
6–10,37004,5.3346,EOA,"1,000–10,000",11948960
>100,2,0.0003,EOA,"1,000–10,000",11948960
1,126468,53.392,EOA,"10,000–100,000",11948960
11–20,11484,4.8483,EOA,"10,000–100,000",11948960
2,29350,12.3909,EOA,"10,000–100,000",11948960
21–50,2834,1.1965,EOA,"10,000–100,000",11948960
3,18557,7.8344,EOA,"10,000–100,000",11948960
4,13285,5.6086,EOA,"10,000–100,000",11948960
5,9936,4.1948,EOA,"10,000–100,000",11948960
51–100,149,0.0629,EOA,"10,000–100,000",11948960
6–10,24789,10.4654,EOA,"10,000–100,000",11948960
>100,15,0.0063,EOA,"10,000–100,000",11948960
1,1057426,77.5327,EOA,"100–1,000",11948960
11–20,1883,0.1381,EOA,"100–1,000",11948960
2,180038,13.2008,EOA,"100–1,000",11948960
21–50,180,0.0132,EOA,"100–1,000",11948960
3,66149,4.8502,EOA,"100–1,000",11948960
4,28489,2.0889,EOA,"100–1,000",11948960
5,13678,1.0029,EOA,"100–1,000",11948960
51–100,5,0.0004,EOA,"100–1,000",11948960
6–10,15990,1.1724,EOA,"100–1,000",11948960
>100,7,0.0005,EOA,"100–1,000",11948960
1,4905713,87.3462,EOA,1–100,11948960
11–20,1403,0.025,EOA,1–100,11948960
2,546280,9.7265,EOA,1–100,11948960
21–50,118,0.0021,EOA,1–100,11948960
3,103711,1.8466,EOA,1–100,11948960
4,32184,0.573,EOA,1–100,11948960
5,13310,0.237,EOA,1–100,11948960
51–100,12,0.0002,EOA,1–100,11948960
6–10,13671,0.2434,EOA,1–100,11948960
>100,1,0.0,EOA,1–100,11948960
1,47011,67.4467,EOA,">100,000",11948960
11–20,2588,3.713,EOA,">100,000",11948960
2,6888,9.8822,EOA,">100,000",11948960
21–50,1062,1.5237,EOA,">100,000",11948960
3,3602,5.1678,EOA,">100,000",11948960
4,2377,3.4103,EOA,">100,000",11948960
5,1696,2.4333,EOA,">100,000",11948960
51–100,131,0.1879,EOA,">100,000",11948960
6–10,4312,6.1864,EOA,">100,000",11948960
>100,34,0.0488,EOA,">100,000",11948960
1,20675,97.1296,CA,0–1,12150245
11–20,1,0.0047,CA,0–1,12150245
2,579,2.7201,CA,0–1,12150245
3,15,0.0705,CA,0–1,12150245
4,5,0.0235,CA,0–1,12150245
6–10,11,0.0517,CA,0–1,12150245
1,2250,80.2139,CA,"1,000–10,000",12150245
11–20,1,0.0357,CA,"1,000–10,000",12150245
2,424,15.1159,CA,"1,000–10,000",12150245
3,56,1.9964,CA,"1,000–10,000",12150245
4,36,1.2834,CA,"1,000–10,000",12150245
5,11,0.3922,CA,"1,000–10,000",12150245
6–10,27,0.9626,CA,"1,000–10,000",12150245
1,1620,75.2089,CA,"10,000–100,000",12150245
11–20,2,0.0929,CA,"10,000–100,000",12150245
2,375,17.4095,CA,"10,000–100,000",12150245
21–50,2,0.0929,CA,"10,000–100,000",12150245
3,72,3.3426,CA,"10,000–100,000",12150245
4,29,1.3463,CA,"10,000–100,000",12150245
5,21,0.9749,CA,"10,000–100,000",12150245
6–10,33,1.532,CA,"10,000–100,000",12150245
1,3157,86.2333,CA,"100–1,000",12150245
2,385,10.5163,CA,"100–1,000",12150245
3,59,1.6116,CA,"100–1,000",12150245
4,26,0.7102,CA,"100–1,000",12150245
5,17,0.4644,CA,"100–1,000",12150245
6–10,17,0.4644,CA,"100–1,000",12150245
1,4931,90.6101,CA,1–100,12150245
2,407,7.4789,CA,1–100,12150245
3,62,1.1393,CA,1–100,12150245
4,14,0.2573,CA,1–100,12150245
5,13,0.2389,CA,1–100,12150245
6–10,15,0.2756,CA,1–100,12150245
1,1167,51.3193,CA,">100,000",12150245
11–20,7,0.3078,CA,">100,000",12150245
2,956,42.0405,CA,">100,000",12150245
21–50,1,0.044,CA,">100,000",12150245
3,86,3.7819,CA,">100,000",12150245
4,22,0.9675,CA,">100,000",12150245
5,10,0.4398,CA,">100,000",12150245
6–10,25,1.0994,CA,">100,000",12150245
0,1,0.0,EOA,0–1,12150245
1,2599360,93.1387,EOA,0–1,12150245
11–20,536,0.0192,EOA,0–1,12150245
2,134186,4.8081,EOA,0–1,12150245
21–50,58,0.0021,EOA,0–1,12150245
3,36595,1.3112,EOA,0–1,12150245
4,11284,0.4043,EOA,0–1,12150245
5,5944,0.213,EOA,0–1,12150245
51–100,18,0.0006,EOA,0–1,12150245
6–10,2854,0.1023,EOA,0–1,12150245
>100,13,0.0005,EOA,0–1,12150245
1,537942,59.7188,EOA,"1,000–10,000",12150245
11–20,7239,0.8036,EOA,"1,000–10,000",12150245
2,163160,18.1129,EOA,"1,000–10,000",12150245
21–50,729,0.0809,EOA,"1,000–10,000",12150245
3,81266,9.0216,EOA,"1,000–10,000",12150245
4,44263,4.9138,EOA,"1,000–10,000",12150245
5,26068,2.8939,EOA,"1,000–10,000",12150245
51–100,26,0.0029,EOA,"1,000–10,000",12150245
6–10,40095,4.4511,EOA,"1,000–10,000",12150245
>100,4,0.0004,EOA,"1,000–10,000",12150245
1,164114,50.2622,EOA,"10,000–100,000",12150245
11–20,15182,4.6497,EOA,"10,000–100,000",12150245
2,44634,13.6698,EOA,"10,000–100,000",12150245
21–50,3518,1.0774,EOA,"10,000–100,000",12150245
3,29062,8.9006,EOA,"10,000–100,000",12150245
4,19873,6.0864,EOA,"10,000–100,000",12150245
5,14895,4.5618,EOA,"10,000–100,000",12150245
51–100,154,0.0472,EOA,"10,000–100,000",12150245
6–10,35062,10.7382,EOA,"10,000–100,000",12150245
>100,22,0.0067,EOA,"10,000–100,000",12150245
1,1263362,77.5781,EOA,"100–1,000",12150245
11–20,2002,0.1229,EOA,"100–1,000",12150245
2,224472,13.7839,EOA,"100–1,000",12150245
21–50,159,0.0098,EOA,"100–1,000",12150245
3,76757,4.7133,EOA,"100–1,000",12150245
4,30621,1.8803,EOA,"100–1,000",12150245
5,14673,0.901,EOA,"100–1,000",12150245
51–100,9,0.0006,EOA,"100–1,000",12150245
6–10,16443,1.0097,EOA,"100–1,000",12150245
>100,5,0.0003,EOA,"100–1,000",12150245
1,5221899,87.6568,EOA,1–100,12150245
11–20,976,0.0164,EOA,1–100,12150245
2,592469,9.9454,EOA,1–100,12150245
21–50,115,0.0019,EOA,1–100,12150245
3,91792,1.5409,EOA,1–100,12150245
4,28129,0.4722,EOA,1–100,12150245
5,11338,0.1903,EOA,1–100,12150245
51–100,11,0.0002,EOA,1–100,12150245
6–10,10474,0.1758,EOA,1–100,12150245
>100,3,0.0001,EOA,1–100,12150245
1,55621,62.4611,EOA,">100,000",12150245
11–20,4216,4.7345,EOA,">100,000",12150245
2,9597,10.7772,EOA,">100,000",12150245
21–50,1851,2.0786,EOA,">100,000",12150245
3,5085,5.7103,EOA,">100,000",12150245
4,3424,3.8451,EOA,">100,000",12150245
5,2472,2.776,EOA,">100,000",12150245
51–100,219,0.2459,EOA,">100,000",12150245
6–10,6513,7.314,EOA,">100,000",12150245
>100,51,0.0573,EOA,">100,000",12150245
1,22543,97.1095,CA,0–1,12344945
11–20,2,0.0086,CA,0–1,12344945
2,637,2.744,CA,0–1,12344945
3,17,0.0732,CA,0–1,12344945
4,5,0.0215,CA,0–1,12344945
6–10,10,0.0431,CA,0–1,12344945
1,2594,81.2657,CA,"1,000–10,000",12344945
11–20,4,0.1253,CA,"1,000–10,000",12344945
2,439,13.7531,CA,"1,000–10,000",12344945
3,60,1.8797,CA,"1,000–10,000",12344945
4,43,1.3471,CA,"1,000–10,000",12344945
5,17,0.5326,CA,"1,000–10,000",12344945
6–10,35,1.0965,CA,"1,000–10,000",12344945
1,1916,76.64,CA,"10,000–100,000",12344945
11–20,3,0.12,CA,"10,000–100,000",12344945
2,411,16.44,CA,"10,000–100,000",12344945
21–50,2,0.08,CA,"10,000–100,000",12344945
3,81,3.24,CA,"10,000–100,000",12344945
4,35,1.4,CA,"10,000–100,000",12344945
5,17,0.68,CA,"10,000–100,000",12344945
6–10,35,1.4,CA,"10,000–100,000",12344945
1,3453,86.7806,CA,"100–1,000",12344945
11–20,1,0.0251,CA,"100–1,000",12344945
2,392,9.8517,CA,"100–1,000",12344945
3,66,1.6587,CA,"100–1,000",12344945
4,25,0.6283,CA,"100–1,000",12344945
5,23,0.578,CA,"100–1,000",12344945
6–10,19,0.4775,CA,"100–1,000",12344945
1,5008,90.3319,CA,1–100,12344945
2,434,7.8283,CA,1–100,12344945
3,57,1.0281,CA,1–100,12344945
4,18,0.3247,CA,1–100,12344945
5,12,0.2165,CA,1–100,12344945
6–10,15,0.2706,CA,1–100,12344945
1,1383,53.9813,CA,">100,000",12344945
11–20,7,0.2732,CA,">100,000",12344945
2,1051,41.0226,CA,">100,000",12344945
21–50,3,0.1171,CA,">100,000",12344945
3,60,2.3419,CA,">100,000",12344945
4,21,0.8197,CA,">100,000",12344945
5,11,0.4294,CA,">100,000",12344945
6–10,26,1.0148,CA,">100,000",12344945
0,1,0.0,EOA,0–1,12344945
1,2679936,93.0659,EOA,0–1,12344945
11–20,567,0.0197,EOA,0–1,12344945
2,140239,4.8701,EOA,0–1,12344945
21–50,73,0.0025,EOA,0–1,12344945
3,37714,1.3097,EOA,0–1,12344945
4,11788,0.4094,EOA,0–1,12344945
5,6172,0.2143,EOA,0–1,12344945
51–100,20,0.0007,EOA,0–1,12344945
6–10,3083,0.1071,EOA,0–1,12344945
>100,17,0.0006,EOA,0–1,12344945
1,640361,61.495,EOA,"1,000–10,000",12344945
11–20,8473,0.8137,EOA,"1,000–10,000",12344945
2,180934,17.3754,EOA,"1,000–10,000",12344945
21–50,880,0.0845,EOA,"1,000–10,000",12344945
3,88194,8.4694,EOA,"1,000–10,000",12344945
4,48328,4.641,EOA,"1,000–10,000",12344945
5,28981,2.7831,EOA,"1,000–10,000",12344945
51–100,27,0.0026,EOA,"1,000–10,000",12344945
6–10,45135,4.3344,EOA,"1,000–10,000",12344945
>100,9,0.0009,EOA,"1,000–10,000",12344945
1,185782,51.1845,EOA,"10,000–100,000",12344945
11–20,16684,4.5966,EOA,"10,000–100,000",12344945
2,50964,14.041,EOA,"10,000–100,000",12344945
21–50,4016,1.1064,EOA,"10,000–100,000",12344945
3,31301,8.6237,EOA,"10,000–100,000",12344945
4,21125,5.8201,EOA,"10,000–100,000",12344945
5,15615,4.3021,EOA,"10,000–100,000",12344945
51–100,208,0.0573,EOA,"10,000–100,000",12344945
6–10,37244,10.261,EOA,"10,000–100,000",12344945
>100,26,0.0072,EOA,"10,000–100,000",12344945
1,1597590,78.1127,EOA,"100–1,000",12344945
11–20,2108,0.1031,EOA,"100–1,000",12344945
2,283767,13.8745,EOA,"100–1,000",12344945
21–50,207,0.0101,EOA,"100–1,000",12344945
3,92832,4.5389,EOA,"100–1,000",12344945
4,35376,1.7297,EOA,"100–1,000",12344945
5,15974,0.781,EOA,"100–1,000",12344945
51–100,7,0.0003,EOA,"100–1,000",12344945
6–10,17367,0.8491,EOA,"100–1,000",12344945
>100,8,0.0004,EOA,"100–1,000",12344945
1,5376159,88.2815,EOA,1–100,12344945
11–20,1097,0.018,EOA,1–100,12344945
2,576393,9.4649,EOA,1–100,12344945
21–50,130,0.0021,EOA,1–100,12344945
3,86319,1.4174,EOA,1–100,12344945
4,26934,0.4423,EOA,1–100,12344945
5,11476,0.1884,EOA,1–100,12344945
51–100,13,0.0002,EOA,1–100,12344945
6–10,11266,0.185,EOA,1–100,12344945
>100,4,0.0001,EOA,1–100,12344945
1,63264,63.4881,EOA,">100,000",12344945
11–20,4230,4.245,EOA,">100,000",12344945
2,10848,10.8864,EOA,">100,000",12344945
21–50,1967,1.974,EOA,">100,000",12344945
3,5685,5.7051,EOA,">100,000",12344945
4,3734,3.7472,EOA,">100,000",12344945
5,2649,2.6584,EOA,">100,000",12344945
51–100,241,0.2419,EOA,">100,000",12344945
6–10,6967,6.9917,EOA,">100,000",12344945
>100,62,0.0622,EOA,">100,000",12344945
1,26076,97.1571,CA,0–1,12545219
11–20,2,0.0075,CA,0–1,12545219
2,721,2.6864,CA,0–1,12545219
3,20,0.0745,CA,0–1,12545219
4,5,0.0186,CA,0–1,12545219
6–10,15,0.0559,CA,0–1,12545219
1,2694,80.707,CA,"1,000–10,000",12545219
11–20,3,0.0899,CA,"1,000–10,000",12545219
2,463,13.8706,CA,"1,000–10,000",12545219
3,76,2.2768,CA,"1,000–10,000",12545219
4,41,1.2283,CA,"1,000–10,000",12545219
5,20,0.5992,CA,"1,000–10,000",12545219
6–10,41,1.2283,CA,"1,000–10,000",12545219
1,2082,76.997,CA,"10,000–100,000",12545219
11–20,7,0.2589,CA,"10,000–100,000",12545219
2,441,16.3092,CA,"10,000–100,000",12545219
21–50,2,0.074,CA,"10,000–100,000",12545219
3,76,2.8107,CA,"10,000–100,000",12545219
4,31,1.1464,CA,"10,000–100,000",12545219
5,21,0.7766,CA,"10,000–100,000",12545219
6–10,44,1.6272,CA,"10,000–100,000",12545219
1,3731,86.6667,CA,"100–1,000",12545219
11–20,3,0.0697,CA,"100–1,000",12545219
2,428,9.9419,CA,"100–1,000",12545219
3,77,1.7886,CA,"100–1,000",12545219
4,29,0.6736,CA,"100–1,000",12545219
5,20,0.4646,CA,"100–1,000",12545219
6–10,17,0.3949,CA,"100–1,000",12545219
1,5614,90.3153,CA,1–100,12545219
2,480,7.722,CA,1–100,12545219
3,62,0.9974,CA,1–100,12545219
4,23,0.37,CA,1–100,12545219
5,17,0.2735,CA,1–100,12545219
6–10,20,0.3218,CA,1–100,12545219
1,1279,53.2695,CA,">100,000",12545219
11–20,7,0.2915,CA,">100,000",12545219
2,1012,42.1491,CA,">100,000",12545219
21–50,5,0.2082,CA,">100,000",12545219
3,49,2.0408,CA,">100,000",12545219
4,21,0.8746,CA,">100,000",12545219
5,5,0.2082,CA,">100,000",12545219
6–10,23,0.9579,CA,">100,000",12545219
0,1,0.0,EOA,0–1,12545219
1,3002066,91.5138,EOA,0–1,12545219
11–20,620,0.0189,EOA,0–1,12545219
2,212160,6.4674,EOA,0–1,12545219
21–50,85,0.0026,EOA,0–1,12545219
3,41674,1.2704,EOA,0–1,12545219
4,13184,0.4019,EOA,0–1,12545219
5,6953,0.212,EOA,0–1,12545219
51–100,26,0.0008,EOA,0–1,12545219
6–10,3660,0.1116,EOA,0–1,12545219
>100,21,0.0006,EOA,0–1,12545219
1,625880,60.4686,EOA,"1,000–10,000",12545219
11–20,12438,1.2017,EOA,"1,000–10,000",12545219
2,176166,17.02,EOA,"1,000–10,000",12545219
21–50,1634,0.1579,EOA,"1,000–10,000",12545219
3,86726,8.3789,EOA,"1,000–10,000",12545219
4,49017,4.7357,EOA,"1,000–10,000",12545219
5,30611,2.9574,EOA,"1,000–10,000",12545219
51–100,52,0.005,EOA,"1,000–10,000",12545219
6–10,52521,5.0742,EOA,"1,000–10,000",12545219
>100,5,0.0005,EOA,"1,000–10,000",12545219
1,174478,54.1479,EOA,"10,000–100,000",12545219
11–20,14215,4.4115,EOA,"10,000–100,000",12545219
2,45070,13.9871,EOA,"10,000–100,000",12545219
21–50,4257,1.3211,EOA,"10,000–100,000",12545219
3,25874,8.0298,EOA,"10,000–100,000",12545219
4,16926,5.2529,EOA,"10,000–100,000",12545219
5,12074,3.7471,EOA,"10,000–100,000",12545219
51–100,247,0.0767,EOA,"10,000–100,000",12545219
6–10,29053,9.0164,EOA,"10,000–100,000",12545219
>100,31,0.0096,EOA,"10,000–100,000",12545219
1,1773506,78.1463,EOA,"100–1,000",12545219
11–20,2667,0.1175,EOA,"100–1,000",12545219
2,304406,13.4131,EOA,"100–1,000",12545219
21–50,330,0.0145,EOA,"100–1,000",12545219
3,103176,4.5463,EOA,"100–1,000",12545219
4,42739,1.8832,EOA,"100–1,000",12545219
5,20093,0.8854,EOA,"100–1,000",12545219
51–100,11,0.0005,EOA,"100–1,000",12545219
6–10,22531,0.9928,EOA,"100–1,000",12545219
>100,10,0.0004,EOA,"100–1,000",12545219
1,5570095,88.0967,EOA,1–100,12545219
11–20,1528,0.0242,EOA,1–100,12545219
2,585626,9.2623,EOA,1–100,12545219
21–50,163,0.0026,EOA,1–100,12545219
3,105062,1.6617,EOA,1–100,12545219
4,32557,0.5149,EOA,1–100,12545219
5,13702,0.2167,EOA,1–100,12545219
51–100,19,0.0003,EOA,1–100,12545219
6–10,13947,0.2206,EOA,1–100,12545219
>100,6,0.0001,EOA,1–100,12545219
1,57055,64.5397,EOA,">100,000",12545219
11–20,3090,3.4954,EOA,">100,000",12545219
2,10539,11.9215,EOA,">100,000",12545219
21–50,1377,1.5576,EOA,">100,000",12545219
3,5297,5.9919,EOA,">100,000",12545219
4,3183,3.6006,EOA,">100,000",12545219
5,2155,2.4377,EOA,">100,000",12545219
51–100,201,0.2274,EOA,">100,000",12545219
6–10,5432,6.1446,EOA,">100,000",12545219
>100,74,0.0837,EOA,">100,000",12545219
1,31228,97.3502,CA,0–1,12738509
11–20,2,0.0062,CA,0–1,12738509
2,807,2.5157,CA,0–1,12738509
3,20,0.0623,CA,0–1,12738509
4,6,0.0187,CA,0–1,12738509
5,1,0.0031,CA,0–1,12738509
6–10,14,0.0436,CA,0–1,12738509
1,2962,80.6425,CA,"1,000–10,000",12738509
11–20,5,0.1361,CA,"1,000–10,000",12738509
2,492,13.395,CA,"1,000–10,000",12738509
21–50,1,0.0272,CA,"1,000–10,000",12738509
3,95,2.5864,CA,"1,000–10,000",12738509
4,52,1.4157,CA,"1,000–10,000",12738509
5,19,0.5173,CA,"1,000–10,000",12738509
6–10,47,1.2796,CA,"1,000–10,000",12738509
1,2290,78.2104,CA,"10,000–100,000",12738509
11–20,6,0.2049,CA,"10,000–100,000",12738509
2,484,16.5301,CA,"10,000–100,000",12738509
21–50,1,0.0342,CA,"10,000–100,000",12738509
3,64,2.1858,CA,"10,000–100,000",12738509
4,28,0.9563,CA,"10,000–100,000",12738509
5,18,0.6148,CA,"10,000–100,000",12738509
6–10,37,1.2637,CA,"10,000–100,000",12738509
1,3909,86.4058,CA,"100–1,000",12738509
11–20,3,0.0663,CA,"100–1,000",12738509
2,465,10.2785,CA,"100–1,000",12738509
3,75,1.6578,CA,"100–1,000",12738509
4,33,0.7294,CA,"100–1,000",12738509
5,19,0.42,CA,"100–1,000",12738509
6–10,20,0.4421,CA,"100–1,000",12738509
1,6703,90.8635,CA,1–100,12738509
2,529,7.1709,CA,1–100,12738509
3,72,0.976,CA,1–100,12738509
4,26,0.3524,CA,1–100,12738509
5,22,0.2982,CA,1–100,12738509
6–10,25,0.3389,CA,1–100,12738509
1,1117,51.4984,CA,">100,000",12738509
11–20,8,0.3688,CA,">100,000",12738509
2,954,43.9834,CA,">100,000",12738509
21–50,6,0.2766,CA,">100,000",12738509
3,44,2.0286,CA,">100,000",12738509
4,16,0.7377,CA,">100,000",12738509
5,6,0.2766,CA,">100,000",12738509
6–10,18,0.8299,CA,">100,000",12738509
0,1,0.0,EOA,0–1,12738509
1,3015395,91.0336,EOA,0–1,12738509
11–20,629,0.019,EOA,0–1,12738509
2,225501,6.8078,EOA,0–1,12738509
21–50,101,0.003,EOA,0–1,12738509
3,45201,1.3646,EOA,0–1,12738509
4,14221,0.4293,EOA,0–1,12738509
5,7348,0.2218,EOA,0–1,12738509
51–100,28,0.0008,EOA,0–1,12738509
6–10,3949,0.1192,EOA,0–1,12738509
>100,23,0.0007,EOA,0–1,12738509
1,587677,59.7848,EOA,"1,000–10,000",12738509
11–20,14543,1.4795,EOA,"1,000–10,000",12738509
2,163982,16.682,EOA,"1,000–10,000",12738509
21–50,2203,0.2241,EOA,"1,000–10,000",12738509
3,82771,8.4204,EOA,"1,000–10,000",12738509
4,47201,4.8018,EOA,"1,000–10,000",12738509
5,30025,3.0545,EOA,"1,000–10,000",12738509
51–100,75,0.0076,EOA,"1,000–10,000",12738509
6–10,54498,5.5441,EOA,"1,000–10,000",12738509
>100,12,0.0012,EOA,"1,000–10,000",12738509
1,148065,55.1288,EOA,"10,000–100,000",12738509
11–20,11928,4.4411,EOA,"10,000–100,000",12738509
2,36979,13.7683,EOA,"10,000–100,000",12738509
21–50,3911,1.4562,EOA,"10,000–100,000",12738509
3,20799,7.7441,EOA,"10,000–100,000",12738509
4,13566,5.051,EOA,"10,000–100,000",12738509
5,9686,3.6064,EOA,"10,000–100,000",12738509
51–100,251,0.0935,EOA,"10,000–100,000",12738509
6–10,23357,8.6965,EOA,"10,000–100,000",12738509
>100,38,0.0141,EOA,"10,000–100,000",12738509
1,1780723,77.0954,EOA,"100–1,000",12738509
11–20,3447,0.1492,EOA,"100–1,000",12738509
2,315477,13.6584,EOA,"100–1,000",12738509
21–50,420,0.0182,EOA,"100–1,000",12738509
3,110617,4.7891,EOA,"100–1,000",12738509
4,48068,2.0811,EOA,"100–1,000",12738509
5,23398,1.013,EOA,"100–1,000",12738509
51–100,12,0.0005,EOA,"100–1,000",12738509
6–10,27594,1.1947,EOA,"100–1,000",12738509
>100,11,0.0005,EOA,"100–1,000",12738509
1,5736289,87.6372,EOA,1–100,12738509
11–20,1893,0.0289,EOA,1–100,12738509
2,622375,9.5085,EOA,1–100,12738509
21–50,207,0.0032,EOA,1–100,12738509
3,116460,1.7792,EOA,1–100,12738509
4,36697,0.5606,EOA,1–100,12738509
5,15516,0.237,EOA,1–100,12738509
51–100,23,0.0004,EOA,1–100,12738509
6–10,16022,0.2448,EOA,1–100,12738509
>100,11,0.0002,EOA,1–100,12738509
1,52797,65.5912,EOA,">100,000",12738509
11–20,2477,3.0772,EOA,">100,000",12738509
2,9786,12.1574,EOA,">100,000",12738509
21–50,1101,1.3678,EOA,">100,000",12738509
3,4760,5.9135,EOA,">100,000",12738509
4,2884,3.5829,EOA,">100,000",12738509
5,1899,2.3592,EOA,">100,000",12738509
51–100,173,0.2149,EOA,">100,000",12738509
6–10,4541,5.6414,EOA,">100,000",12738509
>100,76,0.0944,EOA,">100,000",12738509
1,34267,97.3467,CA,0–1,12936340
11–20,3,0.0085,CA,0–1,12936340
2,877,2.4914,CA,0–1,12936340
3,27,0.0767,CA,0–1,12936340
4,8,0.0227,CA,0–1,12936340
5,3,0.0085,CA,0–1,12936340
6–10,16,0.0455,CA,0–1,12936340
1,3080,79.8548,CA,"1,000–10,000",12936340
11–20,5,0.1296,CA,"1,000–10,000",12936340
2,543,14.0783,CA,"1,000–10,000",12936340
21–50,1,0.0259,CA,"1,000–10,000",12936340
3,96,2.489,CA,"1,000–10,000",12936340
4,55,1.426,CA,"1,000–10,000",12936340
5,23,0.5963,CA,"1,000–10,000",12936340
6–10,54,1.4001,CA,"1,000–10,000",12936340
1,2415,78.7671,CA,"10,000–100,000",12936340
11–20,7,0.2283,CA,"10,000–100,000",12936340
2,483,15.7534,CA,"10,000–100,000",12936340
21–50,2,0.0652,CA,"10,000–100,000",12936340
3,71,2.3157,CA,"10,000–100,000",12936340
4,32,1.0437,CA,"10,000–100,000",12936340
5,19,0.6197,CA,"10,000–100,000",12936340
6–10,37,1.2068,CA,"10,000–100,000",12936340
1,4198,85.8838,CA,"100–1,000",12936340
11–20,4,0.0818,CA,"100–1,000",12936340
2,533,10.9043,CA,"100–1,000",12936340
3,74,1.5139,CA,"100–1,000",12936340
4,34,0.6956,CA,"100–1,000",12936340
5,23,0.4705,CA,"100–1,000",12936340
6–10,22,0.4501,CA,"100–1,000",12936340
1,7240,91.115,CA,1–100,12936340
2,567,7.1357,CA,1–100,12936340
3,74,0.9313,CA,1–100,12936340
4,22,0.2769,CA,1–100,12936340
5,19,0.2391,CA,1–100,12936340
6–10,24,0.302,CA,1–100,12936340
1,1167,50.0,CA,">100,000",12936340
11–20,7,0.2999,CA,">100,000",12936340
2,931,39.8886,CA,">100,000",12936340
21–50,6,0.2571,CA,">100,000",12936340
3,173,7.4122,CA,">100,000",12936340
4,20,0.8569,CA,">100,000",12936340
5,9,0.3856,CA,">100,000",12936340
6–10,21,0.8997,CA,">100,000",12936340
0,1,0.0,EOA,0–1,12936340
1,3096440,91.1145,EOA,0–1,12936340
11–20,657,0.0193,EOA,0–1,12936340
2,229343,6.7485,EOA,0–1,12936340
21–50,109,0.0032,EOA,0–1,12936340
3,46231,1.3604,EOA,0–1,12936340
4,14233,0.4188,EOA,0–1,12936340
5,7350,0.2163,EOA,0–1,12936340
51–100,31,0.0009,EOA,0–1,12936340
6–10,3988,0.1173,EOA,0–1,12936340
>100,24,0.0007,EOA,0–1,12936340
1,586752,58.3357,EOA,"1,000–10,000",12936340
11–20,14755,1.467,EOA,"1,000–10,000",12936340
2,173913,17.2907,EOA,"1,000–10,000",12936340
21–50,2145,0.2133,EOA,"1,000–10,000",12936340
3,88505,8.7993,EOA,"1,000–10,000",12936340
4,50694,5.0401,EOA,"1,000–10,000",12936340
5,32065,3.1879,EOA,"1,000–10,000",12936340
51–100,73,0.0073,EOA,"1,000–10,000",12936340
6–10,56903,5.6574,EOA,"1,000–10,000",12936340
>100,14,0.0014,EOA,"1,000–10,000",12936340
1,134348,50.2846,EOA,"10,000–100,000",12936340
11–20,13195,4.9387,EOA,"10,000–100,000",12936340
2,39635,14.8348,EOA,"10,000–100,000",12936340
21–50,4287,1.6046,EOA,"10,000–100,000",12936340
3,23091,8.6426,EOA,"10,000–100,000",12936340
4,15137,5.6656,EOA,"10,000–100,000",12936340
5,10829,4.0531,EOA,"10,000–100,000",12936340
51–100,279,0.1044,EOA,"10,000–100,000",12936340
6–10,26330,9.855,EOA,"10,000–100,000",12936340
>100,44,0.0165,EOA,"10,000–100,000",12936340
1,1911463,77.221,EOA,"100–1,000",12936340
11–20,3498,0.1413,EOA,"100–1,000",12936340
2,342328,13.8297,EOA,"100–1,000",12936340
21–50,443,0.0179,EOA,"100–1,000",12936340
3,117532,4.7482,EOA,"100–1,000",12936340
4,49124,1.9846,EOA,"100–1,000",12936340
5,23377,0.9444,EOA,"100–1,000",12936340
51–100,14,0.0006,EOA,"100–1,000",12936340
6–10,27524,1.1119,EOA,"100–1,000",12936340
>100,12,0.0005,EOA,"100–1,000",12936340
1,5943499,87.7709,EOA,1–100,12936340
11–20,1943,0.0287,EOA,1–100,12936340
2,637464,9.4138,EOA,1–100,12936340
21–50,205,0.003,EOA,1–100,12936340
3,118528,1.7504,EOA,1–100,12936340
4,37833,0.5587,EOA,1–100,12936340
5,15813,0.2335,EOA,1–100,12936340
51–100,28,0.0004,EOA,1–100,12936340
6–10,16282,0.2404,EOA,1–100,12936340
>100,12,0.0002,EOA,1–100,12936340
1,62801,66.6854,EOA,">100,000",12936340
11–20,2975,3.159,EOA,">100,000",12936340
2,10862,11.5338,EOA,">100,000",12936340
21–50,1282,1.3613,EOA,">100,000",12936340
3,5437,5.7733,EOA,">100,000",12936340
4,3213,3.4117,EOA,">100,000",12936340
5,2147,2.2798,EOA,">100,000",12936340
51–100,196,0.2081,EOA,">100,000",12936340
6–10,5184,5.5046,EOA,">100,000",12936340
>100,78,0.0828,EOA,">100,000",12936340
1,35366,97.3465,CA,0–1,13136427
11–20,4,0.011,CA,0–1,13136427
2,904,2.4883,CA,0–1,13136427
3,28,0.0771,CA,0–1,13136427
4,10,0.0275,CA,0–1,13136427
5,3,0.0083,CA,0–1,13136427
6–10,15,0.0413,CA,0–1,13136427
1,3151,79.631,CA,"1,000–10,000",13136427
11–20,5,0.1264,CA,"1,000–10,000",13136427
2,580,14.6576,CA,"1,000–10,000",13136427
3,92,2.325,CA,"1,000–10,000",13136427
4,49,1.2383,CA,"1,000–10,000",13136427
5,25,0.6318,CA,"1,000–10,000",13136427
6–10,55,1.3899,CA,"1,000–10,000",13136427
1,2693,79.6746,CA,"10,000–100,000",13136427
11–20,7,0.2071,CA,"10,000–100,000",13136427
2,495,14.645,CA,"10,000–100,000",13136427
21–50,3,0.0888,CA,"10,000–100,000",13136427
3,85,2.5148,CA,"10,000–100,000",13136427
4,38,1.1243,CA,"10,000–100,000",13136427
5,21,0.6213,CA,"10,000–100,000",13136427
6–10,38,1.1243,CA,"10,000–100,000",13136427
1,4524,86.7498,CA,"100–1,000",13136427
11–20,3,0.0575,CA,"100–1,000",13136427
2,533,10.2205,CA,"100–1,000",13136427
3,74,1.419,CA,"100–1,000",13136427
4,34,0.652,CA,"100–1,000",13136427
5,22,0.4219,CA,"100–1,000",13136427
6–10,25,0.4794,CA,"100–1,000",13136427
1,7261,90.842,CA,1–100,13136427
2,602,7.5316,CA,1–100,13136427
3,71,0.8883,CA,1–100,13136427
4,21,0.2627,CA,1–100,13136427
5,16,0.2002,CA,1–100,13136427
6–10,22,0.2752,CA,1–100,13136427
1,1316,51.0671,CA,">100,000",13136427
11–20,7,0.2716,CA,">100,000",13136427
2,1006,39.0376,CA,">100,000",13136427
21–50,8,0.3104,CA,">100,000",13136427
3,176,6.8296,CA,">100,000",13136427
4,31,1.2029,CA,">100,000",13136427
5,10,0.388,CA,">100,000",13136427
6–10,23,0.8925,CA,">100,000",13136427
0,207,0.0061,EOA,0–1,13136427
1,3117681,91.2021,EOA,0–1,13136427
11–20,669,0.0196,EOA,0–1,13136427
2,228570,6.6864,EOA,0–1,13136427
21–50,111,0.0032,EOA,0–1,13136427
3,45768,1.3389,EOA,0–1,13136427
4,14045,0.4109,EOA,0–1,13136427
5,7330,0.2144,EOA,0–1,13136427
51–100,28,0.0008,EOA,0–1,13136427
6–10,3999,0.117,EOA,0–1,13136427
>100,25,0.0007,EOA,0–1,13136427
1,692940,59.0919,EOA,"1,000–10,000",13136427
11–20,13322,1.1361,EOA,"1,000–10,000",13136427
2,211423,18.0295,EOA,"1,000–10,000",13136427
21–50,1849,0.1577,EOA,"1,000–10,000",13136427
3,102886,8.7738,EOA,"1,000–10,000",13136427
4,56727,4.8375,EOA,"1,000–10,000",13136427
5,34827,2.9699,EOA,"1,000–10,000",13136427
51–100,77,0.0066,EOA,"1,000–10,000",13136427
6–10,58580,4.9955,EOA,"1,000–10,000",13136427
>100,17,0.0014,EOA,"1,000–10,000",13136427
1,189995,52.478,EOA,"10,000–100,000",13136427
11–20,16196,4.4735,EOA,"10,000–100,000",13136427
2,52248,14.4313,EOA,"10,000–100,000",13136427
21–50,4726,1.3054,EOA,"10,000–100,000",13136427
3,30503,8.4251,EOA,"10,000–100,000",13136427
4,20017,5.5288,EOA,"10,000–100,000",13136427
5,14299,3.9495,EOA,"10,000–100,000",13136427
51–100,285,0.0787,EOA,"10,000–100,000",13136427
6–10,33736,9.3181,EOA,"10,000–100,000",13136427
>100,42,0.0116,EOA,"10,000–100,000",13136427
1,2162475,78.6923,EOA,"100–1,000",13136427
11–20,3157,0.1149,EOA,"100–1,000",13136427
2,366969,13.354,EOA,"100–1,000",13136427
21–50,366,0.0133,EOA,"100–1,000",13136427
3,120139,4.3719,EOA,"100–1,000",13136427
4,47935,1.7444,EOA,"100–1,000",13136427
5,21888,0.7965,EOA,"100–1,000",13136427
51–100,17,0.0006,EOA,"100–1,000",13136427
6–10,25054,0.9117,EOA,"100–1,000",13136427
>100,12,0.0004,EOA,"100–1,000",13136427
1,6020750,88.2418,EOA,1–100,13136427
11–20,1765,0.0259,EOA,1–100,13136427
2,622910,9.1295,EOA,1–100,13136427
21–50,223,0.0033,EOA,1–100,13136427
3,111891,1.6399,EOA,1–100,13136427
4,35476,0.5199,EOA,1–100,13136427
5,14716,0.2157,EOA,1–100,13136427
51–100,31,0.0005,EOA,1–100,13136427
6–10,15243,0.2234,EOA,1–100,13136427
>100,11,0.0002,EOA,1–100,13136427
1,69440,63.5915,EOA,">100,000",13136427
11–20,4057,3.7153,EOA,">100,000",13136427
2,13059,11.9591,EOA,">100,000",13136427
21–50,1789,1.6383,EOA,">100,000",13136427
3,6803,6.23,EOA,">100,000",13136427
4,4007,3.6695,EOA,">100,000",13136427
5,2777,2.5431,EOA,">100,000",13136427
51–100,244,0.2234,EOA,">100,000",13136427
6–10,6916,6.3335,EOA,">100,000",13136427
>100,105,0.0962,EOA,">100,000",13136427
1,36322,97.331,CA,0–1,13330090
11–20,4,0.0107,CA,0–1,13330090
2,931,2.4948,CA,0–1,13330090
3,29,0.0777,CA,0–1,13330090
4,10,0.0268,CA,0–1,13330090
5,3,0.008,CA,0–1,13330090
6–10,19,0.0509,CA,0–1,13330090
1,3192,79.4227,CA,"1,000–10,000",13330090
11–20,5,0.1244,CA,"1,000–10,000",13330090
2,593,14.7549,CA,"1,000–10,000",13330090
21–50,2,0.0498,CA,"1,000–10,000",13330090
3,99,2.4633,CA,"1,000–10,000",13330090
4,54,1.3436,CA,"1,000–10,000",13330090
5,23,0.5723,CA,"1,000–10,000",13330090
6–10,51,1.269,CA,"1,000–10,000",13330090
1,2526,78.7898,CA,"10,000–100,000",13330090
11–20,7,0.2183,CA,"10,000–100,000",13330090
2,499,15.5646,CA,"10,000–100,000",13330090
21–50,2,0.0624,CA,"10,000–100,000",13330090
3,78,2.4329,CA,"10,000–100,000",13330090
4,33,1.0293,CA,"10,000–100,000",13330090
5,22,0.6862,CA,"10,000–100,000",13330090
6–10,39,1.2165,CA,"10,000–100,000",13330090
1,4592,86.4295,CA,"100–1,000",13330090
11–20,4,0.0753,CA,"100–1,000",13330090
2,546,10.2767,CA,"100–1,000",13330090
3,81,1.5246,CA,"100–1,000",13330090
4,36,0.6776,CA,"100–1,000",13330090
5,22,0.4141,CA,"100–1,000",13330090
6–10,32,0.6023,CA,"100–1,000",13330090
1,7760,90.8346,CA,1–100,13330090
2,641,7.5032,CA,1–100,13330090
3,77,0.9013,CA,1–100,13330090
4,23,0.2692,CA,1–100,13330090
5,17,0.199,CA,1–100,13330090
6–10,25,0.2926,CA,1–100,13330090
1,1186,47.8998,CA,">100,000",13330090
11–20,7,0.2827,CA,">100,000",13330090
2,1039,41.9628,CA,">100,000",13330090
21–50,7,0.2827,CA,">100,000",13330090
3,174,7.0275,CA,">100,000",13330090
4,31,1.252,CA,">100,000",13330090
5,9,0.3635,CA,">100,000",13330090
6–10,23,0.9289,CA,">100,000",13330090
0,207,0.006,EOA,0–1,13330090
1,3213670,92.5912,EOA,0–1,13330090
11–20,731,0.0211,EOA,0–1,13330090
2,182006,5.2439,EOA,0–1,13330090
21–50,120,0.0035,EOA,0–1,13330090
3,47604,1.3716,EOA,0–1,13330090
4,14650,0.4221,EOA,0–1,13330090
5,7552,0.2176,EOA,0–1,13330090
51–100,30,0.0009,EOA,0–1,13330090
6–10,4217,0.1215,EOA,0–1,13330090
>100,27,0.0008,EOA,0–1,13330090
1,711511,59.3712,EOA,"1,000–10,000",13330090
11–20,14534,1.2128,EOA,"1,000–10,000",13330090
2,214371,17.8879,EOA,"1,000–10,000",13330090
21–50,2152,0.1796,EOA,"1,000–10,000",13330090
3,103512,8.6374,EOA,"1,000–10,000",13330090
4,56920,4.7496,EOA,"1,000–10,000",13330090
5,34914,2.9134,EOA,"1,000–10,000",13330090
51–100,86,0.0072,EOA,"1,000–10,000",13330090
6–10,60390,5.0392,EOA,"1,000–10,000",13330090
>100,22,0.0018,EOA,"1,000–10,000",13330090
1,188483,53.5048,EOA,"10,000–100,000",13330090
11–20,15465,4.3901,EOA,"10,000–100,000",13330090
2,50290,14.2759,EOA,"10,000–100,000",13330090
21–50,4682,1.3291,EOA,"10,000–100,000",13330090
3,28971,8.224,EOA,"10,000–100,000",13330090
4,19061,5.4109,EOA,"10,000–100,000",13330090
5,13430,3.8124,EOA,"10,000–100,000",13330090
51–100,296,0.084,EOA,"10,000–100,000",13330090
6–10,31551,8.9564,EOA,"10,000–100,000",13330090
>100,44,0.0125,EOA,"10,000–100,000",13330090
1,2276902,78.7643,EOA,"100–1,000",13330090
11–20,3664,0.1267,EOA,"100–1,000",13330090
2,381125,13.1842,EOA,"100–1,000",13330090
21–50,408,0.0141,EOA,"100–1,000",13330090
3,125219,4.3317,EOA,"100–1,000",13330090
4,51147,1.7693,EOA,"100–1,000",13330090
5,24020,0.8309,EOA,"100–1,000",13330090
51–100,13,0.0004,EOA,"100–1,000",13330090
6–10,28268,0.9779,EOA,"100–1,000",13330090
>100,15,0.0005,EOA,"100–1,000",13330090
1,6186260,87.3035,EOA,1–100,13330090
11–20,1959,0.0276,EOA,1–100,13330090
2,705931,9.9624,EOA,1–100,13330090
21–50,244,0.0034,EOA,1–100,13330090
3,120417,1.6994,EOA,1–100,13330090
4,38458,0.5427,EOA,1–100,13330090
5,16037,0.2263,EOA,1–100,13330090
51–100,34,0.0005,EOA,1–100,13330090
6–10,16572,0.2339,EOA,1–100,13330090
>100,9,0.0001,EOA,1–100,13330090
1,70144,63.8276,EOA,">100,000",13330090
11–20,3827,3.4824,EOA,">100,000",13330090
2,13606,12.3808,EOA,">100,000",13330090
21–50,1746,1.5888,EOA,">100,000",13330090
3,6746,6.1385,EOA,">100,000",13330090
4,4028,3.6653,EOA,">100,000",13330090
5,2745,2.4978,EOA,">100,000",13330090
51–100,244,0.222,EOA,">100,000",13330090
6–10,6692,6.0894,EOA,">100,000",13330090
>100,118,0.1074,EOA,">100,000",13330090
1,37563,97.4119,CA,0–1,13527859
11–20,4,0.0104,CA,0–1,13527859
2,934,2.4221,CA,0–1,13527859
3,28,0.0726,CA,0–1,13527859
4,11,0.0285,CA,0–1,13527859
5,3,0.0078,CA,0–1,13527859
6–10,18,0.0467,CA,0–1,13527859
1,3268,79.7852,CA,"1,000–10,000",13527859
11–20,6,0.1465,CA,"1,000–10,000",13527859
2,596,14.5508,CA,"1,000–10,000",13527859
21–50,2,0.0488,CA,"1,000–10,000",13527859
3,105,2.5635,CA,"1,000–10,000",13527859
4,51,1.2451,CA,"1,000–10,000",13527859
5,21,0.5127,CA,"1,000–10,000",13527859
6–10,47,1.1475,CA,"1,000–10,000",13527859
1,2862,79.2139,CA,"10,000–100,000",13527859
11–20,10,0.2768,CA,"10,000–100,000",13527859
2,530,14.6692,CA,"10,000–100,000",13527859
21–50,2,0.0554,CA,"10,000–100,000",13527859
3,93,2.574,CA,"10,000–100,000",13527859
4,47,1.3009,CA,"10,000–100,000",13527859
5,22,0.6089,CA,"10,000–100,000",13527859
6–10,47,1.3009,CA,"10,000–100,000",13527859
1,5018,87.4216,CA,"100–1,000",13527859
11–20,3,0.0523,CA,"100–1,000",13527859
2,558,9.7213,CA,"100–1,000",13527859
3,74,1.2892,CA,"100–1,000",13527859
4,32,0.5575,CA,"100–1,000",13527859
5,24,0.4181,CA,"100–1,000",13527859
6–10,31,0.5401,CA,"100–1,000",13527859
1,7493,90.5498,CA,1–100,13527859
2,650,7.855,CA,1–100,13527859
3,74,0.8943,CA,1–100,13527859
4,20,0.2417,CA,1–100,13527859
5,15,0.1813,CA,1–100,13527859
6–10,23,0.2779,CA,1–100,13527859
1,1462,52.1212,CA,">100,000",13527859
11–20,9,0.3209,CA,">100,000",13527859
2,1081,38.5383,CA,">100,000",13527859
21–50,7,0.2496,CA,">100,000",13527859
3,172,6.1319,CA,">100,000",13527859
4,36,1.2834,CA,">100,000",13527859
5,13,0.4635,CA,">100,000",13527859
6–10,25,0.8913,CA,">100,000",13527859
0,207,0.0058,EOA,0–1,13527859
1,3340694,93.0957,EOA,0–1,13527859
11–20,706,0.0197,EOA,0–1,13527859
2,174701,4.8684,EOA,0–1,13527859
21–50,118,0.0033,EOA,0–1,13527859
3,45764,1.2753,EOA,0–1,13527859
4,14050,0.3915,EOA,0–1,13527859
5,7421,0.2068,EOA,0–1,13527859
51–100,30,0.0008,EOA,0–1,13527859
6–10,4733,0.1319,EOA,0–1,13527859
>100,28,0.0008,EOA,0–1,13527859
1,1012096,63.4683,EOA,"1,000–10,000",13527859
11–20,12704,0.7967,EOA,"1,000–10,000",13527859
2,283109,17.7537,EOA,"1,000–10,000",13527859
21–50,1706,0.107,EOA,"1,000–10,000",13527859
3,123852,7.7667,EOA,"1,000–10,000",13527859
4,63997,4.0132,EOA,"1,000–10,000",13527859
5,37444,2.3481,EOA,"1,000–10,000",13527859
51–100,68,0.0043,EOA,"1,000–10,000",13527859
6–10,59661,3.7413,EOA,"1,000–10,000",13527859
>100,11,0.0007,EOA,"1,000–10,000",13527859
1,249963,53.049,EOA,"10,000–100,000",13527859
11–20,17737,3.7643,EOA,"10,000–100,000",13527859
2,74875,15.8905,EOA,"10,000–100,000",13527859
21–50,4883,1.0363,EOA,"10,000–100,000",13527859
3,40798,8.6584,EOA,"10,000–100,000",13527859
4,25541,5.4205,EOA,"10,000–100,000",13527859
5,17494,3.7127,EOA,"10,000–100,000",13527859
51–100,274,0.0582,EOA,"10,000–100,000",13527859
6–10,39579,8.3997,EOA,"10,000–100,000",13527859
>100,49,0.0104,EOA,"10,000–100,000",13527859
1,2598553,80.5483,EOA,"100–1,000",13527859
11–20,3285,0.1018,EOA,"100–1,000",13527859
2,405909,12.5821,EOA,"100–1,000",13527859
21–50,372,0.0115,EOA,"100–1,000",13527859
3,124420,3.8567,EOA,"100–1,000",13527859
4,47370,1.4683,EOA,"100–1,000",13527859
5,21466,0.6654,EOA,"100–1,000",13527859
51–100,18,0.0006,EOA,"100–1,000",13527859
6–10,24672,0.7648,EOA,"100–1,000",13527859
>100,17,0.0005,EOA,"100–1,000",13527859
1,6070020,87.8517,EOA,1–100,13527859
11–20,2007,0.029,EOA,1–100,13527859
2,664441,9.6165,EOA,1–100,13527859
21–50,234,0.0034,EOA,1–100,13527859
3,108088,1.5644,EOA,1–100,13527859
4,34884,0.5049,EOA,1–100,13527859
5,14522,0.2102,EOA,1–100,13527859
51–100,31,0.0004,EOA,1–100,13527859
6–10,15162,0.2194,EOA,1–100,13527859
>100,8,0.0001,EOA,1–100,13527859
1,82453,61.4656,EOA,">100,000",13527859
11–20,5048,3.7631,EOA,">100,000",13527859
2,17182,12.8085,EOA,">100,000",13527859
21–50,2232,1.6639,EOA,">100,000",13527859
3,8764,6.5332,EOA,">100,000",13527859
4,5412,4.0344,EOA,">100,000",13527859
5,3718,2.7716,EOA,">100,000",13527859
51–100,314,0.2341,EOA,">100,000",13527859
6–10,8893,6.6294,EOA,">100,000",13527859
>100,129,0.0962,EOA,">100,000",13527859
1,39967,97.5257,CA,0–1,13717847
11–20,4,0.0098,CA,0–1,13717847
2,949,2.3157,CA,0–1,13717847
3,28,0.0683,CA,0–1,13717847
4,11,0.0268,CA,0–1,13717847
5,3,0.0073,CA,0–1,13717847
6–10,19,0.0464,CA,0–1,13717847
1,3467,79.7011,CA,"1,000–10,000",13717847
11–20,8,0.1839,CA,"1,000–10,000",13717847
2,639,14.6897,CA,"1,000–10,000",13717847
3,108,2.4828,CA,"1,000–10,000",13717847
4,54,1.2414,CA,"1,000–10,000",13717847
5,22,0.5057,CA,"1,000–10,000",13717847
6–10,52,1.1954,CA,"1,000–10,000",13717847
1,3308,81.3376,CA,"10,000–100,000",13717847
11–20,8,0.1967,CA,"10,000–100,000",13717847
2,550,13.5235,CA,"10,000–100,000",13717847
21–50,5,0.1229,CA,"10,000–100,000",13717847
3,87,2.1392,CA,"10,000–100,000",13717847
4,42,1.0327,CA,"10,000–100,000",13717847
5,24,0.5901,CA,"10,000–100,000",13717847
6–10,43,1.0573,CA,"10,000–100,000",13717847
1,5357,87.7334,CA,"100–1,000",13717847
11–20,3,0.0491,CA,"100–1,000",13717847
2,569,9.3187,CA,"100–1,000",13717847
3,81,1.3266,CA,"100–1,000",13717847
4,35,0.5732,CA,"100–1,000",13717847
5,24,0.3931,CA,"100–1,000",13717847
6–10,37,0.606,CA,"100–1,000",13717847
1,7671,90.556,CA,1–100,13717847
2,668,7.8857,CA,1–100,13717847
3,73,0.8618,CA,1–100,13717847
4,21,0.2479,CA,1–100,13717847
5,17,0.2007,CA,1–100,13717847
6–10,21,0.2479,CA,1–100,13717847
1,1579,52.951,CA,">100,000",13717847
11–20,10,0.3353,CA,">100,000",13717847
2,1129,37.8605,CA,">100,000",13717847
21–50,7,0.2347,CA,">100,000",13717847
3,176,5.9021,CA,">100,000",13717847
4,44,1.4755,CA,">100,000",13717847
5,14,0.4695,CA,">100,000",13717847
6–10,23,0.7713,CA,">100,000",13717847
0,208,0.0059,EOA,0–1,13717847
1,3290564,93.2686,EOA,0–1,13717847
11–20,720,0.0204,EOA,0–1,13717847
2,165065,4.6786,EOA,0–1,13717847
21–50,123,0.0035,EOA,0–1,13717847
3,44749,1.2684,EOA,0–1,13717847
4,14285,0.4049,EOA,0–1,13717847
5,7535,0.2136,EOA,0–1,13717847
51–100,26,0.0007,EOA,0–1,13717847
6–10,4750,0.1346,EOA,0–1,13717847
>100,26,0.0007,EOA,0–1,13717847
1,1087811,63.1588,EOA,"1,000–10,000",13717847
11–20,12679,0.7361,EOA,"1,000–10,000",13717847
2,313014,18.1737,EOA,"1,000–10,000",13717847
21–50,1755,0.1019,EOA,"1,000–10,000",13717847
3,136246,7.9105,EOA,"1,000–10,000",13717847
4,69281,4.0225,EOA,"1,000–10,000",13717847
5,39422,2.2889,EOA,"1,000–10,000",13717847
51–100,68,0.0039,EOA,"1,000–10,000",13717847
6–10,62055,3.6029,EOA,"1,000–10,000",13717847
>100,13,0.0008,EOA,"1,000–10,000",13717847
1,247426,51.2313,EOA,"10,000–100,000",13717847
11–20,18931,3.9198,EOA,"10,000–100,000",13717847
2,77740,16.0966,EOA,"10,000–100,000",13717847
21–50,5083,1.0525,EOA,"10,000–100,000",13717847
3,43349,8.9757,EOA,"10,000–100,000",13717847
4,27890,5.7748,EOA,"10,000–100,000",13717847
5,19123,3.9595,EOA,"10,000–100,000",13717847
51–100,284,0.0588,EOA,"10,000–100,000",13717847
6–10,43090,8.9221,EOA,"10,000–100,000",13717847
>100,43,0.0089,EOA,"10,000–100,000",13717847
1,4978968,83.5196,EOA,"100–1,000",13717847
11–20,3675,0.0616,EOA,"100–1,000",13717847
2,707745,11.8721,EOA,"100–1,000",13717847
21–50,436,0.0073,EOA,"100–1,000",13717847
3,162018,2.7178,EOA,"100–1,000",13717847
4,56817,0.9531,EOA,"100–1,000",13717847
5,24570,0.4121,EOA,"100–1,000",13717847
51–100,25,0.0004,EOA,"100–1,000",13717847
6–10,27164,0.4557,EOA,"100–1,000",13717847
>100,17,0.0003,EOA,"100–1,000",13717847
1,4435344,88.5766,EOA,1–100,13717847
11–20,2302,0.046,EOA,1–100,13717847
2,433989,8.667,EOA,1–100,13717847
21–50,348,0.0069,EOA,1–100,13717847
3,82109,1.6398,EOA,1–100,13717847
4,27934,0.5579,EOA,1–100,13717847
5,12156,0.2428,EOA,1–100,13717847
51–100,39,0.0008,EOA,1–100,13717847
6–10,13121,0.262,EOA,1–100,13717847
>100,11,0.0002,EOA,1–100,13717847
1,87632,61.7444,EOA,">100,000",13717847
11–20,5468,3.8527,EOA,">100,000",13717847
2,17830,12.5628,EOA,">100,000",13717847
21–50,2519,1.7749,EOA,">100,000",13717847
3,8951,6.3068,EOA,">100,000",13717847
4,5593,3.9408,EOA,">100,000",13717847
5,3975,2.8007,EOA,">100,000",13717847
51–100,331,0.2332,EOA,">100,000",13717847
6–10,9479,6.6788,EOA,">100,000",13717847
>100,149,0.105,EOA,">100,000",13717847
1,42066,97.5421,CA,0–1,13916166
11–20,5,0.0116,CA,0–1,13916166
2,989,2.2933,CA,0–1,13916166
3,31,0.0719,CA,0–1,13916166
4,10,0.0232,CA,0–1,13916166
5,5,0.0116,CA,0–1,13916166
6–10,20,0.0464,CA,0–1,13916166
1,3502,79.6996,CA,"1,000–10,000",13916166
11–20,8,0.1821,CA,"1,000–10,000",13916166
2,628,14.2922,CA,"1,000–10,000",13916166
21–50,1,0.0228,CA,"1,000–10,000",13916166
3,123,2.7993,CA,"1,000–10,000",13916166
4,54,1.2289,CA,"1,000–10,000",13916166
5,22,0.5007,CA,"1,000–10,000",13916166
6–10,56,1.2745,CA,"1,000–10,000",13916166
1,3202,80.7363,CA,"10,000–100,000",13916166
11–20,11,0.2774,CA,"10,000–100,000",13916166
2,566,14.2713,CA,"10,000–100,000",13916166
21–50,4,0.1009,CA,"10,000–100,000",13916166
3,76,1.9163,CA,"10,000–100,000",13916166
4,43,1.0842,CA,"10,000–100,000",13916166
5,24,0.6051,CA,"10,000–100,000",13916166
6–10,40,1.0086,CA,"10,000–100,000",13916166
1,5478,87.2571,CA,"100–1,000",13916166
11–20,3,0.0478,CA,"100–1,000",13916166
2,613,9.7643,CA,"100–1,000",13916166
3,86,1.3699,CA,"100–1,000",13916166
4,39,0.6212,CA,"100–1,000",13916166
5,22,0.3504,CA,"100–1,000",13916166
6–10,37,0.5894,CA,"100–1,000",13916166
1,8377,90.7879,CA,1–100,13916166
2,707,7.6623,CA,1–100,13916166
3,75,0.8128,CA,1–100,13916166
4,23,0.2493,CA,1–100,13916166
5,19,0.2059,CA,1–100,13916166
6–10,26,0.2818,CA,1–100,13916166
1,1371,49.6559,CA,">100,000",13916166
11–20,11,0.3984,CA,">100,000",13916166
2,1124,40.7099,CA,">100,000",13916166
21–50,7,0.2535,CA,">100,000",13916166
3,172,6.2296,CA,">100,000",13916166
4,39,1.4125,CA,">100,000",13916166
5,14,0.5071,CA,">100,000",13916166
6–10,23,0.833,CA,">100,000",13916166
0,210,0.0056,EOA,0–1,13916166
1,3415251,91.7496,EOA,0–1,13916166
11–20,740,0.0199,EOA,0–1,13916166
2,230656,6.1965,EOA,0–1,13916166
21–50,127,0.0034,EOA,0–1,13916166
3,47339,1.2717,EOA,0–1,13916166
4,15187,0.408,EOA,0–1,13916166
5,7765,0.2086,EOA,0–1,13916166
51–100,30,0.0008,EOA,0–1,13916166
6–10,5025,0.135,EOA,0–1,13916166
>100,31,0.0008,EOA,0–1,13916166
1,979623,60.8122,EOA,"1,000–10,000",13916166
11–20,16107,0.9999,EOA,"1,000–10,000",13916166
2,293363,18.2111,EOA,"1,000–10,000",13916166
21–50,2328,0.1445,EOA,"1,000–10,000",13916166
3,135631,8.4196,EOA,"1,000–10,000",13916166
4,72019,4.4707,EOA,"1,000–10,000",13916166
5,42240,2.6221,EOA,"1,000–10,000",13916166
51–100,100,0.0062,EOA,"1,000–10,000",13916166
6–10,69472,4.3126,EOA,"1,000–10,000",13916166
>100,16,0.001,EOA,"1,000–10,000",13916166
1,215191,51.6491,EOA,"10,000–100,000",13916166
11–20,17591,4.2221,EOA,"10,000–100,000",13916166
2,63819,15.3175,EOA,"10,000–100,000",13916166
21–50,5169,1.2406,EOA,"10,000–100,000",13916166
3,35986,8.6372,EOA,"10,000–100,000",13916166
4,23877,5.7308,EOA,"10,000–100,000",13916166
5,16590,3.9819,EOA,"10,000–100,000",13916166
51–100,333,0.0799,EOA,"10,000–100,000",13916166
6–10,38034,9.1287,EOA,"10,000–100,000",13916166
>100,50,0.012,EOA,"10,000–100,000",13916166
1,2960194,78.2101,EOA,"100–1,000",13916166
11–20,4700,0.1242,EOA,"100–1,000",13916166
2,529698,13.9949,EOA,"100–1,000",13916166
21–50,567,0.015,EOA,"100–1,000",13916166
3,164511,4.3465,EOA,"100–1,000",13916166
4,63005,1.6646,EOA,"100–1,000",13916166
5,28756,0.7598,EOA,"100–1,000",13916166
51–100,28,0.0007,EOA,"100–1,000",13916166
6–10,33446,0.8837,EOA,"100–1,000",13916166
>100,19,0.0005,EOA,"100–1,000",13916166
1,6866844,88.9624,EOA,1–100,13916166
11–20,2561,0.0332,EOA,1–100,13916166
2,666977,8.6409,EOA,1–100,13916166
21–50,387,0.005,EOA,1–100,13916166
3,115007,1.49,EOA,1–100,13916166
4,36196,0.4689,EOA,1–100,13916166
5,15124,0.1959,EOA,1–100,13916166
51–100,41,0.0005,EOA,1–100,13916166
6–10,15671,0.203,EOA,1–100,13916166
>100,11,0.0001,EOA,1–100,13916166
1,86010,64.1942,EOA,">100,000",13916166
11–20,4692,3.5019,EOA,">100,000",13916166
2,16107,12.0216,EOA,">100,000",13916166
21–50,2095,1.5636,EOA,">100,000",13916166
3,7972,5.95,EOA,">100,000",13916166
4,4862,3.6288,EOA,">100,000",13916166
5,3513,2.622,EOA,">100,000",13916166
51–100,296,0.2209,EOA,">100,000",13916166
6–10,8282,6.1813,EOA,">100,000",13916166
>100,155,0.1157,EOA,">100,000",13916166
1,43195,97.5056,CA,0–1,14116761
11–20,5,0.0113,CA,0–1,14116761
2,1031,2.3273,CA,0–1,14116761
3,32,0.0722,CA,0–1,14116761
4,10,0.0226,CA,0–1,14116761
5,6,0.0135,CA,0–1,14116761
6–10,21,0.0474,CA,0–1,14116761
1,3648,79.9474,CA,"1,000–10,000",14116761
11–20,7,0.1534,CA,"1,000–10,000",14116761
2,645,14.1354,CA,"1,000–10,000",14116761
21–50,2,0.0438,CA,"1,000–10,000",14116761
3,121,2.6518,CA,"1,000–10,000",14116761
4,60,1.3149,CA,"1,000–10,000",14116761
5,22,0.4821,CA,"1,000–10,000",14116761
6–10,58,1.2711,CA,"1,000–10,000",14116761
1,2882,78.3152,CA,"10,000–100,000",14116761
11–20,9,0.2446,CA,"10,000–100,000",14116761
2,602,16.3587,CA,"10,000–100,000",14116761
21–50,3,0.0815,CA,"10,000–100,000",14116761
3,87,2.3641,CA,"10,000–100,000",14116761
4,35,0.9511,CA,"10,000–100,000",14116761
5,23,0.625,CA,"10,000–100,000",14116761
6–10,39,1.0598,CA,"10,000–100,000",14116761
1,5336,86.357,CA,"100–1,000",14116761
11–20,5,0.0809,CA,"100–1,000",14116761
2,656,10.6166,CA,"100–1,000",14116761
3,86,1.3918,CA,"100–1,000",14116761
4,42,0.6797,CA,"100–1,000",14116761
5,20,0.3237,CA,"100–1,000",14116761
6–10,34,0.5503,CA,"100–1,000",14116761
1,9219,90.6668,CA,1–100,14116761
11–20,1,0.0098,CA,1–100,14116761
2,778,7.6515,CA,1–100,14116761
3,90,0.8851,CA,1–100,14116761
4,28,0.2754,CA,1–100,14116761
5,22,0.2164,CA,1–100,14116761
6–10,30,0.295,CA,1–100,14116761
1,1138,47.3575,CA,">100,000",14116761
11–20,13,0.541,CA,">100,000",14116761
2,1008,41.9476,CA,">100,000",14116761
21–50,7,0.2913,CA,">100,000",14116761
3,160,6.6583,CA,">100,000",14116761
4,40,1.6646,CA,">100,000",14116761
5,9,0.3745,CA,">100,000",14116761
6–10,28,1.1652,CA,">100,000",14116761
0,210,0.0056,EOA,0–1,14116761
1,3426753,91.4618,EOA,0–1,14116761
11–20,789,0.0211,EOA,0–1,14116761
2,238980,6.3785,EOA,0–1,14116761
21–50,135,0.0036,EOA,0–1,14116761
3,49791,1.3289,EOA,0–1,14116761
4,16072,0.429,EOA,0–1,14116761
5,8320,0.2221,EOA,0–1,14116761
51–100,31,0.0008,EOA,0–1,14116761
6–10,5537,0.1478,EOA,0–1,14116761
>100,33,0.0009,EOA,0–1,14116761
1,869538,60.3743,EOA,"1,000–10,000",14116761
11–20,19061,1.3235,EOA,"1,000–10,000",14116761
2,249434,17.3189,EOA,"1,000–10,000",14116761
21–50,3045,0.2114,EOA,"1,000–10,000",14116761
3,120969,8.3992,EOA,"1,000–10,000",14116761
4,66528,4.6192,EOA,"1,000–10,000",14116761
5,40540,2.8148,EOA,"1,000–10,000",14116761
51–100,128,0.0089,EOA,"1,000–10,000",14116761
6–10,70989,4.929,EOA,"1,000–10,000",14116761
>100,13,0.0009,EOA,"1,000–10,000",14116761
1,185668,53.8716,EOA,"10,000–100,000",14116761
11–20,14369,4.1692,EOA,"10,000–100,000",14116761
2,51067,14.8171,EOA,"10,000–100,000",14116761
21–50,4779,1.3866,EOA,"10,000–100,000",14116761
3,27936,8.1056,EOA,"10,000–100,000",14116761
4,18231,5.2897,EOA,"10,000–100,000",14116761
5,12550,3.6414,EOA,"10,000–100,000",14116761
51–100,346,0.1004,EOA,"10,000–100,000",14116761
6–10,29644,8.6012,EOA,"10,000–100,000",14116761
>100,59,0.0171,EOA,"10,000–100,000",14116761
1,3043449,78.1693,EOA,"100–1,000",14116761
11–20,5962,0.1531,EOA,"100–1,000",14116761
2,527579,13.5506,EOA,"100–1,000",14116761
21–50,737,0.0189,EOA,"100–1,000",14116761
3,171023,4.3926,EOA,"100–1,000",14116761
4,70046,1.7991,EOA,"100–1,000",14116761
5,33374,0.8572,EOA,"100–1,000",14116761
51–100,33,0.0008,EOA,"100–1,000",14116761
6–10,41185,1.0578,EOA,"100–1,000",14116761
>100,19,0.0005,EOA,"100–1,000",14116761
1,7315440,88.0913,EOA,1–100,14116761
11–20,3021,0.0364,EOA,1–100,14116761
2,760695,9.1602,EOA,1–100,14116761
21–50,427,0.0051,EOA,1–100,14116761
3,142319,1.7138,EOA,1–100,14116761
4,44905,0.5407,EOA,1–100,14116761
5,18517,0.223,EOA,1–100,14116761
51–100,45,0.0005,EOA,1–100,14116761
6–10,19000,0.2288,EOA,1–100,14116761
>100,17,0.0002,EOA,1–100,14116761
1,76546,66.0363,EOA,">100,000",14116761
11–20,3610,3.1144,EOA,">100,000",14116761
2,13935,12.0217,EOA,">100,000",14116761
21–50,1657,1.4295,EOA,">100,000",14116761
3,6583,5.6792,EOA,">100,000",14116761
4,4042,3.487,EOA,">100,000",14116761
5,2806,2.4207,EOA,">100,000",14116761
51–100,271,0.2338,EOA,">100,000",14116761
6–10,6315,5.448,EOA,">100,000",14116761
>100,150,0.1294,EOA,">100,000",14116761
1,44791,97.5456,CA,0–1,14297759
11–20,5,0.0109,CA,0–1,14297759
2,1050,2.2867,CA,0–1,14297759
3,34,0.074,CA,0–1,14297759
4,10,0.0218,CA,0–1,14297759
5,6,0.0131,CA,0–1,14297759
6–10,22,0.0479,CA,0–1,14297759
1,3636,79.6321,CA,"1,000–10,000",14297759
11–20,8,0.1752,CA,"1,000–10,000",14297759
2,663,14.5204,CA,"1,000–10,000",14297759
21–50,2,0.0438,CA,"1,000–10,000",14297759
3,121,2.65,CA,"1,000–10,000",14297759
4,58,1.2703,CA,"1,000–10,000",14297759
5,23,0.5037,CA,"1,000–10,000",14297759
6–10,55,1.2046,CA,"1,000–10,000",14297759
1,3048,79.0456,CA,"10,000–100,000",14297759
11–20,10,0.2593,CA,"10,000–100,000",14297759
2,603,15.638,CA,"10,000–100,000",14297759
21–50,3,0.0778,CA,"10,000–100,000",14297759
3,88,2.2822,CA,"10,000–100,000",14297759
4,37,0.9595,CA,"10,000–100,000",14297759
5,25,0.6483,CA,"10,000–100,000",14297759
6–10,42,1.0892,CA,"10,000–100,000",14297759
1,5587,86.7008,CA,"100–1,000",14297759
11–20,6,0.0931,CA,"100–1,000",14297759
2,659,10.2266,CA,"100–1,000",14297759
3,88,1.3656,CA,"100–1,000",14297759
4,43,0.6673,CA,"100–1,000",14297759
5,22,0.3414,CA,"100–1,000",14297759
6–10,39,0.6052,CA,"100–1,000",14297759
1,9531,90.5644,CA,1–100,14297759
11–20,1,0.0095,CA,1–100,14297759
2,820,7.7917,CA,1–100,14297759
3,92,0.8742,CA,1–100,14297759
4,29,0.2756,CA,1–100,14297759
5,21,0.1995,CA,1–100,14297759
6–10,30,0.2851,CA,1–100,14297759
1,1174,48.5325,CA,">100,000",14297759
11–20,13,0.5374,CA,">100,000",14297759
2,994,41.0914,CA,">100,000",14297759
21–50,7,0.2894,CA,">100,000",14297759
3,156,6.4489,CA,">100,000",14297759
4,39,1.6122,CA,">100,000",14297759
5,9,0.3721,CA,">100,000",14297759
6–10,27,1.1162,CA,">100,000",14297759
0,231,0.006,EOA,0–1,14297759
1,3491580,91.4328,EOA,0–1,14297759
11–20,829,0.0217,EOA,0–1,14297759
2,244351,6.3987,EOA,0–1,14297759
21–50,135,0.0035,EOA,0–1,14297759
3,51017,1.336,EOA,0–1,14297759
4,16449,0.4307,EOA,0–1,14297759
5,8464,0.2216,EOA,0–1,14297759
51–100,32,0.0008,EOA,0–1,14297759
6–10,5617,0.1471,EOA,0–1,14297759
>100,35,0.0009,EOA,0–1,14297759
1,867632,60.3354,EOA,"1,000–10,000",14297759
11–20,19726,1.3718,EOA,"1,000–10,000",14297759
2,248806,17.302,EOA,"1,000–10,000",14297759
21–50,3265,0.227,EOA,"1,000–10,000",14297759
3,120197,8.3585,EOA,"1,000–10,000",14297759
4,66577,4.6298,EOA,"1,000–10,000",14297759
5,40426,2.8112,EOA,"1,000–10,000",14297759
51–100,139,0.0097,EOA,"1,000–10,000",14297759
6–10,71224,4.9529,EOA,"1,000–10,000",14297759
>100,23,0.0016,EOA,"1,000–10,000",14297759
1,202224,56.2146,EOA,"10,000–100,000",14297759
11–20,13601,3.7808,EOA,"10,000–100,000",14297759
2,52644,14.6341,EOA,"10,000–100,000",14297759
21–50,4630,1.2871,EOA,"10,000–100,000",14297759
3,27956,7.7713,EOA,"10,000–100,000",14297759
4,17904,4.977,EOA,"10,000–100,000",14297759
5,12083,3.3589,EOA,"10,000–100,000",14297759
51–100,345,0.0959,EOA,"10,000–100,000",14297759
6–10,28288,7.8635,EOA,"10,000–100,000",14297759
>100,61,0.017,EOA,"10,000–100,000",14297759
1,3164993,78.2281,EOA,"100–1,000",14297759
11–20,6476,0.1601,EOA,"100–1,000",14297759
2,542788,13.4159,EOA,"100–1,000",14297759
21–50,816,0.0202,EOA,"100–1,000",14297759
3,177089,4.3771,EOA,"100–1,000",14297759
4,73752,1.8229,EOA,"100–1,000",14297759
5,35662,0.8814,EOA,"100–1,000",14297759
51–100,35,0.0009,EOA,"100–1,000",14297759
6–10,44221,1.093,EOA,"100–1,000",14297759
>100,20,0.0005,EOA,"100–1,000",14297759
1,7398296,87.9317,EOA,1–100,14297759
11–20,3258,0.0387,EOA,1–100,14297759
2,779014,9.2589,EOA,1–100,14297759
21–50,446,0.0053,EOA,1–100,14297759
3,147084,1.7482,EOA,1–100,14297759
4,46542,0.5532,EOA,1–100,14297759
5,19234,0.2286,EOA,1–100,14297759
51–100,51,0.0006,EOA,1–100,14297759
6–10,19738,0.2346,EOA,1–100,14297759
>100,17,0.0002,EOA,1–100,14297759
1,74077,65.6455,EOA,">100,000",14297759
11–20,3335,2.9554,EOA,">100,000",14297759
2,14159,12.5474,EOA,">100,000",14297759
21–50,1585,1.4046,EOA,">100,000",14297759
3,6508,5.7673,EOA,">100,000",14297759
4,3918,3.472,EOA,">100,000",14297759
5,2714,2.4051,EOA,">100,000",14297759
51–100,259,0.2295,EOA,">100,000",14297759
6–10,6136,5.4376,EOA,">100,000",14297759
>100,153,0.1356,EOA,">100,000",14297759
1,47430,97.6267,CA,0–1,14497034
11–20,6,0.0123,CA,0–1,14497034
2,1076,2.2148,CA,0–1,14497034
3,32,0.0659,CA,0–1,14497034
4,10,0.0206,CA,0–1,14497034
5,7,0.0144,CA,0–1,14497034
6–10,22,0.0453,CA,0–1,14497034
1,3735,79.8589,CA,"1,000–10,000",14497034
11–20,8,0.171,CA,"1,000–10,000",14497034
2,674,14.4109,CA,"1,000–10,000",14497034
21–50,1,0.0214,CA,"1,000–10,000",14497034
3,123,2.6299,CA,"1,000–10,000",14497034
4,57,1.2187,CA,"1,000–10,000",14497034
5,26,0.5559,CA,"1,000–10,000",14497034
6–10,53,1.1332,CA,"1,000–10,000",14497034
1,3420,80.6033,CA,"10,000–100,000",14497034
11–20,11,0.2593,CA,"10,000–100,000",14497034
2,607,14.3059,CA,"10,000–100,000",14497034
21–50,4,0.0943,CA,"10,000–100,000",14497034
3,94,2.2154,CA,"10,000–100,000",14497034
4,40,0.9427,CA,"10,000–100,000",14497034
5,27,0.6363,CA,"10,000–100,000",14497034
6–10,40,0.9427,CA,"10,000–100,000",14497034
1,6027,87.5763,CA,"100–1,000",14497034
11–20,4,0.0581,CA,"100–1,000",14497034
2,657,9.5466,CA,"100–1,000",14497034
3,86,1.2496,CA,"100–1,000",14497034
4,44,0.6393,CA,"100–1,000",14497034
5,23,0.3342,CA,"100–1,000",14497034
6–10,41,0.5958,CA,"100–1,000",14497034
1,9877,90.6646,CA,1–100,14497034
11–20,3,0.0275,CA,1–100,14497034
2,845,7.7566,CA,1–100,14497034
3,92,0.8445,CA,1–100,14497034
4,30,0.2754,CA,1–100,14497034
5,19,0.1744,CA,1–100,14497034
6–10,28,0.257,CA,1–100,14497034
1,1206,48.8259,CA,">100,000",14497034
11–20,14,0.5668,CA,">100,000",14497034
2,1009,40.8502,CA,">100,000",14497034
21–50,7,0.2834,CA,">100,000",14497034
3,156,6.3158,CA,">100,000",14497034
4,37,1.498,CA,">100,000",14497034
5,11,0.4453,CA,">100,000",14497034
6–10,30,1.2146,CA,">100,000",14497034
0,244,0.0063,EOA,0–1,14497034
1,3552761,91.4293,EOA,0–1,14497034
11–20,857,0.0221,EOA,0–1,14497034
2,248638,6.3986,EOA,0–1,14497034
21–50,133,0.0034,EOA,0–1,14497034
3,51894,1.3355,EOA,0–1,14497034
4,16813,0.4327,EOA,0–1,14497034
5,8565,0.2204,EOA,0–1,14497034
51–100,33,0.0008,EOA,0–1,14497034
6–10,5835,0.1502,EOA,0–1,14497034
>100,30,0.0008,EOA,0–1,14497034
1,811967,58.687,EOA,"1,000–10,000",14497034
11–20,19126,1.3824,EOA,"1,000–10,000",14497034
2,246891,17.8447,EOA,"1,000–10,000",14497034
21–50,3076,0.2223,EOA,"1,000–10,000",14497034
3,121745,8.7994,EOA,"1,000–10,000",14497034
4,67890,4.9069,EOA,"1,000–10,000",14497034
5,41066,2.9681,EOA,"1,000–10,000",14497034
51–100,136,0.0098,EOA,"1,000–10,000",14497034
6–10,71631,5.1773,EOA,"1,000–10,000",14497034
>100,28,0.002,EOA,"1,000–10,000",14497034
1,183574,52.1129,EOA,"10,000–100,000",14497034
11–20,14590,4.1418,EOA,"10,000–100,000",14497034
2,54971,15.6051,EOA,"10,000–100,000",14497034
21–50,4813,1.3663,EOA,"10,000–100,000",14497034
3,30217,8.578,EOA,"10,000–100,000",14497034
4,19403,5.5081,EOA,"10,000–100,000",14497034
5,13323,3.7821,EOA,"10,000–100,000",14497034
51–100,351,0.0996,EOA,"10,000–100,000",14497034
6–10,30955,8.7875,EOA,"10,000–100,000",14497034
>100,65,0.0185,EOA,"10,000–100,000",14497034
1,3131950,78.1553,EOA,"100–1,000",14497034
11–20,6405,0.1598,EOA,"100–1,000",14497034
2,540753,13.4941,EOA,"100–1,000",14497034
21–50,827,0.0206,EOA,"100–1,000",14497034
3,176259,4.3984,EOA,"100–1,000",14497034
4,72867,1.8183,EOA,"100–1,000",14497034
5,35230,0.8791,EOA,"100–1,000",14497034
51–100,38,0.0009,EOA,"100–1,000",14497034
6–10,42993,1.0729,EOA,"100–1,000",14497034
>100,19,0.0005,EOA,"100–1,000",14497034
1,7410439,87.8989,EOA,1–100,14497034
11–20,3354,0.0398,EOA,1–100,14497034
2,781660,9.2717,EOA,1–100,14497034
21–50,492,0.0058,EOA,1–100,14497034
3,147796,1.7531,EOA,1–100,14497034
4,47063,0.5582,EOA,1–100,14497034
5,19606,0.2326,EOA,1–100,14497034
51–100,55,0.0007,EOA,1–100,14497034
6–10,20154,0.2391,EOA,1–100,14497034
>100,22,0.0003,EOA,1–100,14497034
1,76787,64.3797,EOA,">100,000",14497034
11–20,3671,3.0778,EOA,">100,000",14497034
2,15366,12.8832,EOA,">100,000",14497034
21–50,1755,1.4714,EOA,">100,000",14497034
3,7057,5.9167,EOA,">100,000",14497034
4,4399,3.6882,EOA,">100,000",14497034
5,2953,2.4759,EOA,">100,000",14497034
51–100,287,0.2406,EOA,">100,000",14497034
6–10,6835,5.7306,EOA,">100,000",14497034
>100,162,0.1358,EOA,">100,000",14497034
1,50897,97.6985,CA,0–1,14688630
11–20,6,0.0115,CA,0–1,14688630
2,1119,2.148,CA,0–1,14688630
3,32,0.0614,CA,0–1,14688630
4,11,0.0211,CA,0–1,14688630
5,7,0.0134,CA,0–1,14688630
6–10,24,0.0461,CA,0–1,14688630
1,4240,81.6956,CA,"1,000–10,000",14688630
11–20,7,0.1349,CA,"1,000–10,000",14688630
2,669,12.8902,CA,"1,000–10,000",14688630
21–50,2,0.0385,CA,"1,000–10,000",14688630
3,127,2.447,CA,"1,000–10,000",14688630
4,60,1.1561,CA,"1,000–10,000",14688630
5,27,0.5202,CA,"1,000–10,000",14688630
6–10,58,1.1175,CA,"1,000–10,000",14688630
1,3279,79.3947,CA,"10,000–100,000",14688630
11–20,10,0.2421,CA,"10,000–100,000",14688630
2,644,15.5932,CA,"10,000–100,000",14688630
21–50,3,0.0726,CA,"10,000–100,000",14688630
3,88,2.1308,CA,"10,000–100,000",14688630
4,41,0.9927,CA,"10,000–100,000",14688630
5,26,0.6295,CA,"10,000–100,000",14688630
6–10,39,0.9443,CA,"10,000–100,000",14688630
1,5961,87.06,CA,"100–1,000",14688630
11–20,6,0.0876,CA,"100–1,000",14688630
2,680,9.9314,CA,"100–1,000",14688630
3,91,1.329,CA,"100–1,000",14688630
4,43,0.628,CA,"100–1,000",14688630
5,24,0.3505,CA,"100–1,000",14688630
6–10,42,0.6134,CA,"100–1,000",14688630
1,10815,90.9588,CA,1–100,14688630
11–20,3,0.0252,CA,1–100,14688630
2,888,7.4685,CA,1–100,14688630
3,102,0.8579,CA,1–100,14688630
4,31,0.2607,CA,1–100,14688630
5,21,0.1766,CA,1–100,14688630
6–10,30,0.2523,CA,1–100,14688630
1,1055,47.2247,CA,">100,000",14688630
11–20,15,0.6714,CA,">100,000",14688630
2,936,41.8979,CA,">100,000",14688630
21–50,7,0.3133,CA,">100,000",14688630
3,152,6.8039,CA,">100,000",14688630
4,31,1.3876,CA,">100,000",14688630
5,12,0.5372,CA,">100,000",14688630
6–10,26,1.1638,CA,">100,000",14688630
0,279,0.0068,EOA,0–1,14688630
1,3759283,91.5031,EOA,0–1,14688630
11–20,898,0.0219,EOA,0–1,14688630
2,260342,6.3369,EOA,0–1,14688630
21–50,143,0.0035,EOA,0–1,14688630
3,54531,1.3273,EOA,0–1,14688630
4,17696,0.4307,EOA,0–1,14688630
5,8940,0.2176,EOA,0–1,14688630
51–100,35,0.0009,EOA,0–1,14688630
6–10,6189,0.1506,EOA,0–1,14688630
>100,32,0.0008,EOA,0–1,14688630
1,720743,58.5492,EOA,"1,000–10,000",14688630
11–20,20848,1.6936,EOA,"1,000–10,000",14688630
2,210058,17.064,EOA,"1,000–10,000",14688630
21–50,3803,0.3089,EOA,"1,000–10,000",14688630
3,106542,8.6549,EOA,"1,000–10,000",14688630
4,61133,4.9661,EOA,"1,000–10,000",14688630
5,38075,3.093,EOA,"1,000–10,000",14688630
51–100,162,0.0132,EOA,"1,000–10,000",14688630
6–10,69609,5.6547,EOA,"1,000–10,000",14688630
>100,30,0.0024,EOA,"1,000–10,000",14688630
1,160381,53.6558,EOA,"10,000–100,000",14688630
11–20,11928,3.9905,EOA,"10,000–100,000",14688630
2,45794,15.3205,EOA,"10,000–100,000",14688630
21–50,4226,1.4138,EOA,"10,000–100,000",14688630
3,24766,8.2855,EOA,"10,000–100,000",14688630
4,15893,5.317,EOA,"10,000–100,000",14688630
5,10678,3.5723,EOA,"10,000–100,000",14688630
51–100,361,0.1208,EOA,"10,000–100,000",14688630
6–10,24806,8.2989,EOA,"10,000–100,000",14688630
>100,74,0.0248,EOA,"10,000–100,000",14688630
1,3084833,77.3042,EOA,"100–1,000",14688630
11–20,8040,0.2015,EOA,"100–1,000",14688630
2,540246,13.5383,EOA,"100–1,000",14688630
21–50,1062,0.0266,EOA,"100–1,000",14688630
3,184295,4.6183,EOA,"100–1,000",14688630
4,80341,2.0133,EOA,"100–1,000",14688630
5,40168,1.0066,EOA,"100–1,000",14688630
51–100,43,0.0011,EOA,"100–1,000",14688630
6–10,51459,1.2895,EOA,"100–1,000",14688630
>100,24,0.0006,EOA,"100–1,000",14688630
1,7680088,87.0809,EOA,1–100,14688630
11–20,4015,0.0455,EOA,1–100,14688630
2,858174,9.7304,EOA,1–100,14688630
21–50,635,0.0072,EOA,1–100,14688630
3,172572,1.9567,EOA,1–100,14688630
4,56118,0.6363,EOA,1–100,14688630
5,23442,0.2658,EOA,1–100,14688630
51–100,61,0.0007,EOA,1–100,14688630
6–10,24351,0.2761,EOA,1–100,14688630
>100,29,0.0003,EOA,1–100,14688630
1,69119,65.3892,EOA,">100,000",14688630
11–20,3017,2.8542,EOA,">100,000",14688630
2,13894,13.1443,EOA,">100,000",14688630
21–50,1453,1.3746,EOA,">100,000",14688630
3,6179,5.8456,EOA,">100,000",14688630
4,3615,3.4199,EOA,">100,000",14688630
5,2498,2.3632,EOA,">100,000",14688630
51–100,256,0.2422,EOA,">100,000",14688630
6–10,5515,5.2174,EOA,">100,000",14688630
>100,158,0.1495,EOA,">100,000",14688630
1,53846,97.7135,CA,0–1,14881677
11–20,6,0.0109,CA,0–1,14881677
2,1174,2.1304,CA,0–1,14881677
3,37,0.0671,CA,0–1,14881677
4,10,0.0181,CA,0–1,14881677
5,7,0.0127,CA,0–1,14881677
6–10,26,0.0472,CA,0–1,14881677
1,4417,82.1767,CA,"1,000–10,000",14881677
11–20,7,0.1302,CA,"1,000–10,000",14881677
2,669,12.4465,CA,"1,000–10,000",14881677
21–50,4,0.0744,CA,"1,000–10,000",14881677
3,128,2.3814,CA,"1,000–10,000",14881677
4,66,1.2279,CA,"1,000–10,000",14881677
5,29,0.5395,CA,"1,000–10,000",14881677
6–10,55,1.0233,CA,"1,000–10,000",14881677
1,2651,73.7003,CA,"10,000–100,000",14881677
11–20,9,0.2502,CA,"10,000–100,000",14881677
2,742,20.6283,CA,"10,000–100,000",14881677
21–50,1,0.0278,CA,"10,000–100,000",14881677
3,86,2.3909,CA,"10,000–100,000",14881677
4,37,1.0286,CA,"10,000–100,000",14881677
5,29,0.8062,CA,"10,000–100,000",14881677
6–10,42,1.1676,CA,"10,000–100,000",14881677
1,5578,86.0404,CA,"100–1,000",14881677
11–20,4,0.0617,CA,"100–1,000",14881677
2,694,10.7049,CA,"100–1,000",14881677
3,104,1.6042,CA,"100–1,000",14881677
4,41,0.6324,CA,"100–1,000",14881677
5,20,0.3085,CA,"100–1,000",14881677
6–10,42,0.6478,CA,"100–1,000",14881677
1,11974,91.0293,CA,1–100,14881677
11–20,6,0.0456,CA,1–100,14881677
2,965,7.3362,CA,1–100,14881677
3,104,0.7906,CA,1–100,14881677
4,38,0.2889,CA,1–100,14881677
5,30,0.2281,CA,1–100,14881677
6–10,37,0.2813,CA,1–100,14881677
1,759,43.7969,CA,">100,000",14881677
11–20,15,0.8656,CA,">100,000",14881677
2,767,44.2585,CA,">100,000",14881677
21–50,7,0.4039,CA,">100,000",14881677
3,134,7.7323,CA,">100,000",14881677
4,25,1.4426,CA,">100,000",14881677
5,8,0.4616,CA,">100,000",14881677
6–10,18,1.0387,CA,">100,000",14881677
0,287,0.0064,EOA,0–1,14881677
1,4099739,91.632,EOA,0–1,14881677
11–20,1014,0.0227,EOA,0–1,14881677
2,278838,6.2322,EOA,0–1,14881677
21–50,154,0.0034,EOA,0–1,14881677
3,58647,1.3108,EOA,0–1,14881677
4,19042,0.4256,EOA,0–1,14881677
5,9532,0.213,EOA,0–1,14881677
51–100,39,0.0009,EOA,0–1,14881677
6–10,6806,0.1521,EOA,0–1,14881677
>100,35,0.0008,EOA,0–1,14881677
1,571145,56.935,EOA,"1,000–10,000",14881677
11–20,21010,2.0944,EOA,"1,000–10,000",14881677
2,170134,16.9599,EOA,"1,000–10,000",14881677
21–50,4395,0.4381,EOA,"1,000–10,000",14881677
3,88356,8.8078,EOA,"1,000–10,000",14881677
4,51852,5.1689,EOA,"1,000–10,000",14881677
5,32966,3.2862,EOA,"1,000–10,000",14881677
51–100,215,0.0214,EOA,"1,000–10,000",14881677
6–10,63042,6.2844,EOA,"1,000–10,000",14881677
>100,37,0.0037,EOA,"1,000–10,000",14881677
1,134510,54.5859,EOA,"10,000–100,000",14881677
11–20,9178,3.7246,EOA,"10,000–100,000",14881677
2,38525,15.6339,EOA,"10,000–100,000",14881677
21–50,3317,1.3461,EOA,"10,000–100,000",14881677
3,20065,8.1426,EOA,"10,000–100,000",14881677
4,12856,5.2171,EOA,"10,000–100,000",14881677
5,8490,3.4454,EOA,"10,000–100,000",14881677
51–100,327,0.1327,EOA,"10,000–100,000",14881677
6–10,19072,7.7397,EOA,"10,000–100,000",14881677
>100,79,0.0321,EOA,"10,000–100,000",14881677
1,2823620,75.9601,EOA,"100–1,000",14881677
11–20,10425,0.2805,EOA,"100–1,000",14881677
2,512618,13.7903,EOA,"100–1,000",14881677
21–50,1374,0.037,EOA,"100–1,000",14881677
3,182930,4.9211,EOA,"100–1,000",14881677
4,83301,2.2409,EOA,"100–1,000",14881677
5,43326,1.1655,EOA,"100–1,000",14881677
51–100,65,0.0017,EOA,"100–1,000",14881677
6–10,59559,1.6022,EOA,"100–1,000",14881677
>100,21,0.0006,EOA,"100–1,000",14881677
1,7981664,86.2142,EOA,1–100,14881677
11–20,4827,0.0521,EOA,1–100,14881677
2,941185,10.1662,EOA,1–100,14881677
21–50,767,0.0083,EOA,1–100,14881677
3,201746,2.1792,EOA,1–100,14881677
4,67945,0.7339,EOA,1–100,14881677
5,29018,0.3134,EOA,1–100,14881677
51–100,61,0.0007,EOA,1–100,14881677
6–10,30698,0.3316,EOA,1–100,14881677
>100,34,0.0004,EOA,1–100,14881677
1,60611,65.02,EOA,">100,000",14881677
11–20,2459,2.6379,EOA,">100,000",14881677
2,12697,13.6206,EOA,">100,000",14881677
21–50,1198,1.2851,EOA,">100,000",14881677
3,5661,6.0728,EOA,">100,000",14881677
4,3326,3.5679,EOA,">100,000",14881677
5,2142,2.2978,EOA,">100,000",14881677
51–100,219,0.2349,EOA,">100,000",14881677
6–10,4749,5.0945,EOA,">100,000",14881677
>100,157,0.1684,EOA,">100,000",14881677
1,56455,97.695,CA,0–1,15053226
11–20,6,0.0104,CA,0–1,15053226
2,1238,2.1424,CA,0–1,15053226
3,40,0.0692,CA,0–1,15053226
4,12,0.0208,CA,0–1,15053226
5,8,0.0138,CA,0–1,15053226
6–10,28,0.0485,CA,0–1,15053226
1,4471,82.248,CA,"1,000–10,000",15053226
11–20,8,0.1472,CA,"1,000–10,000",15053226
2,679,12.4908,CA,"1,000–10,000",15053226
21–50,4,0.0736,CA,"1,000–10,000",15053226
3,128,2.3547,CA,"1,000–10,000",15053226
4,61,1.1221,CA,"1,000–10,000",15053226
5,31,0.5703,CA,"1,000–10,000",15053226
6–10,54,0.9934,CA,"1,000–10,000",15053226
1,1912,66.0449,CA,"10,000–100,000",15053226
11–20,10,0.3454,CA,"10,000–100,000",15053226
2,781,26.9775,CA,"10,000–100,000",15053226
21–50,3,0.1036,CA,"10,000–100,000",15053226
3,93,3.2124,CA,"10,000–100,000",15053226
4,34,1.1744,CA,"10,000–100,000",15053226
5,24,0.829,CA,"10,000–100,000",15053226
6–10,38,1.3126,CA,"10,000–100,000",15053226
1,5111,84.5213,CA,"100–1,000",15053226
11–20,6,0.0992,CA,"100–1,000",15053226
2,716,11.8406,CA,"100–1,000",15053226
3,105,1.7364,CA,"100–1,000",15053226
4,42,0.6946,CA,"100–1,000",15053226
5,22,0.3638,CA,"100–1,000",15053226
6–10,45,0.7442,CA,"100–1,000",15053226
1,13105,91.3177,CA,1–100,15053226
11–20,6,0.0418,CA,1–100,15053226
2,1008,7.0239,CA,1–100,15053226
3,113,0.7874,CA,1–100,15053226
4,45,0.3136,CA,1–100,15053226
5,32,0.223,CA,1–100,15053226
6–10,42,0.2927,CA,1–100,15053226
1,537,40.2247,CA,">100,000",15053226
11–20,10,0.7491,CA,">100,000",15053226
2,618,46.2921,CA,">100,000",15053226
21–50,6,0.4494,CA,">100,000",15053226
3,118,8.839,CA,">100,000",15053226
4,25,1.8727,CA,">100,000",15053226
5,7,0.5243,CA,">100,000",15053226
6–10,14,1.0487,CA,">100,000",15053226
0,291,0.0062,EOA,0–1,15053226
1,4285800,91.442,EOA,0–1,15053226
11–20,1113,0.0237,EOA,0–1,15053226
2,298342,6.3654,EOA,0–1,15053226
21–50,173,0.0037,EOA,0–1,15053226
3,62671,1.3372,EOA,0–1,15053226
4,20858,0.445,EOA,0–1,15053226
5,10239,0.2185,EOA,0–1,15053226
51–100,40,0.0009,EOA,0–1,15053226
6–10,7338,0.1566,EOA,0–1,15053226
>100,40,0.0009,EOA,0–1,15053226
1,481284,55.9626,EOA,"1,000–10,000",15053226
11–20,20477,2.381,EOA,"1,000–10,000",15053226
2,145711,16.9429,EOA,"1,000–10,000",15053226
21–50,4746,0.5519,EOA,"1,000–10,000",15053226
3,75911,8.8268,EOA,"1,000–10,000",15053226
4,45253,5.2619,EOA,"1,000–10,000",15053226
5,29139,3.3882,EOA,"1,000–10,000",15053226
51–100,269,0.0313,EOA,"1,000–10,000",15053226
6–10,57165,6.647,EOA,"1,000–10,000",15053226
>100,55,0.0064,EOA,"1,000–10,000",15053226
1,123549,55.9248,EOA,"10,000–100,000",15053226
11–20,7532,3.4094,EOA,"10,000–100,000",15053226
2,34975,15.8315,EOA,"10,000–100,000",15053226
21–50,2796,1.2656,EOA,"10,000–100,000",15053226
3,17592,7.9631,EOA,"10,000–100,000",15053226
4,10956,4.9593,EOA,"10,000–100,000",15053226
5,7121,3.2233,EOA,"10,000–100,000",15053226
51–100,296,0.134,EOA,"10,000–100,000",15053226
6–10,16021,7.2519,EOA,"10,000–100,000",15053226
>100,82,0.0371,EOA,"10,000–100,000",15053226
1,2615652,74.9778,EOA,"100–1,000",15053226
11–20,12640,0.3623,EOA,"100–1,000",15053226
2,484115,13.8772,EOA,"100–1,000",15053226
21–50,1644,0.0471,EOA,"100–1,000",15053226
3,178653,5.1211,EOA,"100–1,000",15053226
4,84502,2.4223,EOA,"100–1,000",15053226
5,45570,1.3063,EOA,"100–1,000",15053226
51–100,74,0.0021,EOA,"100–1,000",15053226
6–10,65697,1.8832,EOA,"100–1,000",15053226
>100,23,0.0007,EOA,"100–1,000",15053226
1,8224703,85.7135,EOA,1–100,15053226
11–20,5602,0.0584,EOA,1–100,15053226
2,994306,10.3621,EOA,1–100,15053226
21–50,876,0.0091,EOA,1–100,15053226
3,223083,2.3249,EOA,1–100,15053226
4,76943,0.8019,EOA,1–100,15053226
5,33669,0.3509,EOA,1–100,15053226
51–100,66,0.0007,EOA,1–100,15053226
6–10,36293,0.3782,EOA,1–100,15053226
>100,35,0.0004,EOA,1–100,15053226
1,57301,65.5528,EOA,">100,000",15053226
11–20,2172,2.4848,EOA,">100,000",15053226
2,12037,13.7704,EOA,">100,000",15053226
21–50,1052,1.2035,EOA,">100,000",15053226
3,5324,6.0907,EOA,">100,000",15053226
4,3043,3.4812,EOA,">100,000",15053226
5,1925,2.2022,EOA,">100,000",15053226
51–100,198,0.2265,EOA,">100,000",15053226
6–10,4216,4.8231,EOA,">100,000",15053226
>100,144,0.1647,EOA,">100,000",15053226
1,60508,97.865,CA,0–1,15253306
11–20,6,0.0097,CA,0–1,15253306
2,1231,1.991,CA,0–1,15253306
3,36,0.0582,CA,0–1,15253306
4,11,0.0178,CA,0–1,15253306
5,8,0.0129,CA,0–1,15253306
6–10,28,0.0453,CA,0–1,15253306
1,5186,84.0519,CA,"1,000–10,000",15253306
11–20,6,0.0972,CA,"1,000–10,000",15253306
2,691,11.1994,CA,"1,000–10,000",15253306
21–50,4,0.0648,CA,"1,000–10,000",15253306
3,126,2.0421,CA,"1,000–10,000",15253306
4,68,1.1021,CA,"1,000–10,000",15253306
5,33,0.5348,CA,"1,000–10,000",15253306
6–10,56,0.9076,CA,"1,000–10,000",15253306
1,2417,71.2349,CA,"10,000–100,000",15253306
11–20,13,0.3831,CA,"10,000–100,000",15253306
2,772,22.7527,CA,"10,000–100,000",15253306
21–50,2,0.0589,CA,"10,000–100,000",15253306
3,90,2.6525,CA,"10,000–100,000",15253306
4,36,1.061,CA,"10,000–100,000",15253306
5,24,0.7073,CA,"10,000–100,000",15253306
6–10,39,1.1494,CA,"10,000–100,000",15253306
1,5711,85.9055,CA,"100–1,000",15253306
11–20,6,0.0903,CA,"100–1,000",15253306
2,722,10.8604,CA,"100–1,000",15253306
3,106,1.5945,CA,"100–1,000",15253306
4,40,0.6017,CA,"100–1,000",15253306
5,18,0.2708,CA,"100–1,000",15253306
6–10,45,0.6769,CA,"100–1,000",15253306
1,13225,91.4782,CA,1–100,15253306
11–20,8,0.0553,CA,1–100,15253306
2,1002,6.9309,CA,1–100,15253306
3,110,0.7609,CA,1–100,15253306
4,42,0.2905,CA,1–100,15253306
5,33,0.2283,CA,1–100,15253306
6–10,37,0.2559,CA,1–100,15253306
1,680,42.8481,CA,">100,000",15253306
11–20,13,0.8192,CA,">100,000",15253306
2,704,44.3604,CA,">100,000",15253306
21–50,7,0.4411,CA,">100,000",15253306
3,130,8.1916,CA,">100,000",15253306
4,29,1.8273,CA,">100,000",15253306
5,8,0.5041,CA,">100,000",15253306
6–10,16,1.0082,CA,">100,000",15253306
0,306,0.0067,EOA,0–1,15253306
1,4144590,91.3744,EOA,0–1,15253306
11–20,1030,0.0227,EOA,0–1,15253306
2,292186,6.4417,EOA,0–1,15253306
21–50,182,0.004,EOA,0–1,15253306
3,60724,1.3388,EOA,0–1,15253306
4,19673,0.4337,EOA,0–1,15253306
5,9875,0.2177,EOA,0–1,15253306
51–100,46,0.001,EOA,0–1,15253306
6–10,7174,0.1582,EOA,0–1,15253306
>100,48,0.0011,EOA,0–1,15253306
1,527034,54.612,EOA,"1,000–10,000",15253306
11–20,21765,2.2553,EOA,"1,000–10,000",15253306
2,170599,17.6777,EOA,"1,000–10,000",15253306
21–50,4571,0.4737,EOA,"1,000–10,000",15253306
3,89512,9.2754,EOA,"1,000–10,000",15253306
4,52957,5.4875,EOA,"1,000–10,000",15253306
5,33823,3.5048,EOA,"1,000–10,000",15253306
51–100,251,0.026,EOA,"1,000–10,000",15253306
6–10,64492,6.6828,EOA,"1,000–10,000",15253306
>100,47,0.0049,EOA,"1,000–10,000",15253306
1,133117,53.2387,EOA,"10,000–100,000",15253306
11–20,9327,3.7302,EOA,"10,000–100,000",15253306
2,41042,16.4143,EOA,"10,000–100,000",15253306
21–50,3407,1.3626,EOA,"10,000–100,000",15253306
3,21191,8.4751,EOA,"10,000–100,000",15253306
4,12991,5.1956,EOA,"10,000–100,000",15253306
5,8739,3.4951,EOA,"10,000–100,000",15253306
51–100,332,0.1328,EOA,"10,000–100,000",15253306
6–10,19818,7.926,EOA,"10,000–100,000",15253306
>100,74,0.0296,EOA,"10,000–100,000",15253306
1,2693813,75.1234,EOA,"100–1,000",15253306
11–20,11082,0.309,EOA,"100–1,000",15253306
2,503646,14.0454,EOA,"100–1,000",15253306
21–50,1501,0.0419,EOA,"100–1,000",15253306
3,183704,5.123,EOA,"100–1,000",15253306
4,84744,2.3633,EOA,"100–1,000",15253306
5,44990,1.2547,EOA,"100–1,000",15253306
51–100,70,0.002,EOA,"100–1,000",15253306
6–10,62276,1.7367,EOA,"100–1,000",15253306
>100,24,0.0007,EOA,"100–1,000",15253306
1,8173253,86.0886,EOA,1–100,15253306
11–20,5400,0.0569,EOA,1–100,15253306
2,965757,10.1723,EOA,1–100,15253306
21–50,844,0.0089,EOA,1–100,15253306
3,211844,2.2313,EOA,1–100,15253306
4,72558,0.7643,EOA,1–100,15253306
5,30991,0.3264,EOA,1–100,15253306
51–100,64,0.0007,EOA,1–100,15253306
6–10,33255,0.3503,EOA,1–100,15253306
>100,39,0.0004,EOA,1–100,15253306
1,61669,63.3445,EOA,">100,000",15253306
11–20,2507,2.5751,EOA,">100,000",15253306
2,15068,15.4774,EOA,">100,000",15253306
21–50,1188,1.2203,EOA,">100,000",15253306
3,6037,6.201,EOA,">100,000",15253306
4,3464,3.5581,EOA,">100,000",15253306
5,2221,2.2813,EOA,">100,000",15253306
51–100,216,0.2219,EOA,">100,000",15253306
6–10,4823,4.954,EOA,">100,000",15253306
>100,162,0.1664,EOA,">100,000",15253306
1,67309,98.0095,CA,0–1,15449618
11–20,7,0.0102,CA,0–1,15449618
2,1274,1.8551,CA,0–1,15449618
3,38,0.0553,CA,0–1,15449618
4,12,0.0175,CA,0–1,15449618
5,8,0.0116,CA,0–1,15449618
6–10,28,0.0408,CA,0–1,15449618
1,5480,84.4246,CA,"1,000–10,000",15449618
11–20,6,0.0924,CA,"1,000–10,000",15449618
2,720,11.0923,CA,"1,000–10,000",15449618
21–50,4,0.0616,CA,"1,000–10,000",15449618
3,127,1.9566,CA,"1,000–10,000",15449618
4,63,0.9706,CA,"1,000–10,000",15449618
5,32,0.493,CA,"1,000–10,000",15449618
6–10,59,0.909,CA,"1,000–10,000",15449618
1,2318,70.4559,CA,"10,000–100,000",15449618
11–20,13,0.3951,CA,"10,000–100,000",15449618
2,768,23.3435,CA,"10,000–100,000",15449618
21–50,3,0.0912,CA,"10,000–100,000",15449618
3,94,2.8571,CA,"10,000–100,000",15449618
4,32,0.9726,CA,"10,000–100,000",15449618
5,26,0.7903,CA,"10,000–100,000",15449618
6–10,36,1.0942,CA,"10,000–100,000",15449618
1,5745,85.7079,CA,"100–1,000",15449618
11–20,7,0.1044,CA,"100–1,000",15449618
2,732,10.9205,CA,"100–1,000",15449618
3,106,1.5814,CA,"100–1,000",15449618
4,46,0.6863,CA,"100–1,000",15449618
5,22,0.3282,CA,"100–1,000",15449618
6–10,45,0.6713,CA,"100–1,000",15449618
1,14366,91.8307,CA,1–100,15449618
11–20,7,0.0447,CA,1–100,15449618
2,1038,6.6351,CA,1–100,15449618
3,114,0.7287,CA,1–100,15449618
4,45,0.2877,CA,1–100,15449618
5,33,0.2109,CA,1–100,15449618
6–10,41,0.2621,CA,1–100,15449618
1,615,41.498,CA,">100,000",15449618
11–20,12,0.8097,CA,">100,000",15449618
2,670,45.2092,CA,">100,000",15449618
21–50,7,0.4723,CA,">100,000",15449618
3,127,8.5695,CA,">100,000",15449618
4,26,1.7544,CA,">100,000",15449618
5,10,0.6748,CA,">100,000",15449618
6–10,15,1.0121,CA,">100,000",15449618
0,306,0.0064,EOA,0–1,15449618
1,4402907,91.5425,EOA,0–1,15449618
11–20,1129,0.0235,EOA,0–1,15449618
2,303084,6.3015,EOA,0–1,15449618
21–50,198,0.0041,EOA,0–1,15449618
3,63388,1.3179,EOA,0–1,15449618
4,20563,0.4275,EOA,0–1,15449618
5,10234,0.2128,EOA,0–1,15449618
51–100,48,0.001,EOA,0–1,15449618
6–10,7772,0.1616,EOA,0–1,15449618
>100,55,0.0011,EOA,0–1,15449618
1,482098,53.6241,EOA,"1,000–10,000",15449618
11–20,21768,2.4213,EOA,"1,000–10,000",15449618
2,161406,17.9533,EOA,"1,000–10,000",15449618
21–50,4707,0.5236,EOA,"1,000–10,000",15449618
3,84304,9.3772,EOA,"1,000–10,000",15449618
4,50069,5.5692,EOA,"1,000–10,000",15449618
5,32239,3.586,EOA,"1,000–10,000",15449618
51–100,255,0.0284,EOA,"1,000–10,000",15449618
6–10,62141,6.912,EOA,"1,000–10,000",15449618
>100,46,0.0051,EOA,"1,000–10,000",15449618
1,143105,55.9574,EOA,"10,000–100,000",15449618
11–20,8574,3.3526,EOA,"10,000–100,000",15449618
2,40840,15.9694,EOA,"10,000–100,000",15449618
21–50,3224,1.2607,EOA,"10,000–100,000",15449618
3,20387,7.9718,EOA,"10,000–100,000",15449618
4,12461,4.8725,EOA,"10,000–100,000",15449618
5,8245,3.224,EOA,"10,000–100,000",15449618
51–100,327,0.1279,EOA,"10,000–100,000",15449618
6–10,18500,7.2339,EOA,"10,000–100,000",15449618
>100,76,0.0297,EOA,"10,000–100,000",15449618
1,2481291,73.9394,EOA,"100–1,000",15449618
11–20,12042,0.3588,EOA,"100–1,000",15449618
2,484727,14.4443,EOA,"100–1,000",15449618
21–50,1700,0.0507,EOA,"100–1,000",15449618
3,180784,5.3871,EOA,"100–1,000",15449618
4,84944,2.5312,EOA,"100–1,000",15449618
5,45573,1.358,EOA,"100–1,000",15449618
51–100,83,0.0025,EOA,"100–1,000",15449618
6–10,64669,1.9271,EOA,"100–1,000",15449618
>100,30,0.0009,EOA,"100–1,000",15449618
1,8169353,85.6443,EOA,1–100,15449618
11–20,5805,0.0609,EOA,1–100,15449618
2,992597,10.406,EOA,1–100,15449618
21–50,933,0.0098,EOA,1–100,15449618
3,222614,2.3338,EOA,1–100,15449618
4,77451,0.812,EOA,1–100,15449618
5,33495,0.3511,EOA,1–100,15449618
51–100,71,0.0007,EOA,1–100,15449618
6–10,36341,0.381,EOA,1–100,15449618
>100,40,0.0004,EOA,1–100,15449618
1,60124,63.4407,EOA,">100,000",15449618
11–20,2334,2.4628,EOA,">100,000",15449618
2,14740,15.5531,EOA,">100,000",15449618
21–50,1083,1.1427,EOA,">100,000",15449618
3,6241,6.5853,EOA,">100,000",15449618
4,3254,3.4335,EOA,">100,000",15449618
5,2097,2.2127,EOA,">100,000",15449618
51–100,202,0.2131,EOA,">100,000",15449618
6–10,4536,4.7862,EOA,">100,000",15449618
>100,161,0.1699,EOA,">100,000",15449618
1,74125,98.1372,CA,0–1,15649595
11–20,6,0.0079,CA,0–1,15649595
2,1308,1.7317,CA,0–1,15649595
21–50,1,0.0013,CA,0–1,15649595
3,41,0.0543,CA,0–1,15649595
4,11,0.0146,CA,0–1,15649595
5,9,0.0119,CA,0–1,15649595
6–10,31,0.041,CA,0–1,15649595
1,6078,84.9713,CA,"1,000–10,000",15649595
11–20,7,0.0979,CA,"1,000–10,000",15649595
2,776,10.8486,CA,"1,000–10,000",15649595
21–50,4,0.0559,CA,"1,000–10,000",15649595
3,135,1.8873,CA,"1,000–10,000",15649595
4,59,0.8248,CA,"1,000–10,000",15649595
5,33,0.4613,CA,"1,000–10,000",15649595
6–10,61,0.8528,CA,"1,000–10,000",15649595
1,2113,68.404,CA,"10,000–100,000",15649595
11–20,13,0.4208,CA,"10,000–100,000",15649595
2,762,24.6682,CA,"10,000–100,000",15649595
21–50,4,0.1295,CA,"10,000–100,000",15649595
3,105,3.3992,CA,"10,000–100,000",15649595
4,30,0.9712,CA,"10,000–100,000",15649595
5,26,0.8417,CA,"10,000–100,000",15649595
6–10,36,1.1654,CA,"10,000–100,000",15649595
1,5805,85.6953,CA,"100–1,000",15649595
11–20,8,0.1181,CA,"100–1,000",15649595
2,744,10.9832,CA,"100–1,000",15649595
3,109,1.6091,CA,"100–1,000",15649595
4,49,0.7234,CA,"100–1,000",15649595
5,19,0.2805,CA,"100–1,000",15649595
6–10,40,0.5905,CA,"100–1,000",15649595
1,15672,92.134,CA,1–100,15649595
11–20,8,0.047,CA,1–100,15649595
2,1083,6.3668,CA,1–100,15649595
3,120,0.7055,CA,1–100,15649595
4,47,0.2763,CA,1–100,15649595
5,32,0.1881,CA,1–100,15649595
6–10,48,0.2822,CA,1–100,15649595
1,571,41.4369,CA,">100,000",15649595
11–20,10,0.7257,CA,">100,000",15649595
2,621,45.0653,CA,">100,000",15649595
21–50,7,0.508,CA,">100,000",15649595
3,117,8.4906,CA,">100,000",15649595
4,28,2.0319,CA,">100,000",15649595
5,10,0.7257,CA,">100,000",15649595
6–10,14,1.016,CA,">100,000",15649595
0,305,0.0055,EOA,0–1,15649595
1,5167612,92.4974,EOA,0–1,15649595
11–20,1194,0.0214,EOA,0–1,15649595
2,311482,5.5754,EOA,0–1,15649595
21–50,233,0.0042,EOA,0–1,15649595
3,65908,1.1797,EOA,0–1,15649595
4,21334,0.3819,EOA,0–1,15649595
5,10467,0.1874,EOA,0–1,15649595
51–100,56,0.001,EOA,0–1,15649595
6–10,8111,0.1452,EOA,0–1,15649595
>100,62,0.0011,EOA,0–1,15649595
1,457203,53.1478,EOA,"1,000–10,000",15649595
11–20,21600,2.5109,EOA,"1,000–10,000",15649595
2,153606,17.856,EOA,"1,000–10,000",15649595
21–50,4794,0.5573,EOA,"1,000–10,000",15649595
3,81233,9.443,EOA,"1,000–10,000",15649595
4,48798,5.6726,EOA,"1,000–10,000",15649595
5,31459,3.657,EOA,"1,000–10,000",15649595
51–100,276,0.0321,EOA,"1,000–10,000",15649595
6–10,61221,7.1167,EOA,"1,000–10,000",15649595
>100,58,0.0067,EOA,"1,000–10,000",15649595
1,141095,56.0432,EOA,"10,000–100,000",15649595
11–20,8352,3.3174,EOA,"10,000–100,000",15649595
2,40317,16.014,EOA,"10,000–100,000",15649595
21–50,3126,1.2417,EOA,"10,000–100,000",15649595
3,20035,7.9579,EOA,"10,000–100,000",15649595
4,12131,4.8185,EOA,"10,000–100,000",15649595
5,8192,3.2539,EOA,"10,000–100,000",15649595
51–100,319,0.1267,EOA,"10,000–100,000",15649595
6–10,18114,7.1949,EOA,"10,000–100,000",15649595
>100,80,0.0318,EOA,"10,000–100,000",15649595
1,2396699,73.5607,EOA,"100–1,000",15649595
11–20,12773,0.392,EOA,"100–1,000",15649595
2,471628,14.4754,EOA,"100–1,000",15649595
21–50,1868,0.0573,EOA,"100–1,000",15649595
3,178700,5.4848,EOA,"100–1,000",15649595
4,84467,2.5925,EOA,"100–1,000",15649595
5,45820,1.4063,EOA,"100–1,000",15649595
51–100,93,0.0029,EOA,"100–1,000",15649595
6–10,66044,2.0271,EOA,"100–1,000",15649595
>100,32,0.001,EOA,"100–1,000",15649595
1,8353846,85.5623,EOA,1–100,15649595
11–20,6298,0.0645,EOA,1–100,15649595
2,1014567,10.3915,EOA,1–100,15649595
21–50,1024,0.0105,EOA,1–100,15649595
3,231133,2.3673,EOA,1–100,15649595
4,81456,0.8343,EOA,1–100,15649595
5,35746,0.3661,EOA,1–100,15649595
51–100,77,0.0008,EOA,1–100,15649595
6–10,39277,0.4023,EOA,1–100,15649595
>100,43,0.0004,EOA,1–100,15649595
1,60983,64.1602,EOA,">100,000",15649595
11–20,2225,2.3409,EOA,">100,000",15649595
2,14662,15.4259,EOA,">100,000",15649595
21–50,1017,1.07,EOA,">100,000",15649595
3,6124,6.4431,EOA,">100,000",15649595
4,3240,3.4088,EOA,">100,000",15649595
5,2018,2.1231,EOA,">100,000",15649595
51–100,179,0.1883,EOA,">100,000",15649595
6–10,4446,4.6776,EOA,">100,000",15649595
>100,154,0.162,EOA,">100,000",15649595
1,83683,98.3187,CA,0–1,15871480
11–20,6,0.007,CA,0–1,15871480
2,1330,1.5626,CA,0–1,15871480
21–50,1,0.0012,CA,0–1,15871480
3,41,0.0482,CA,0–1,15871480
4,13,0.0153,CA,0–1,15871480
5,9,0.0106,CA,0–1,15871480
6–10,31,0.0364,CA,0–1,15871480
1,7564,87.5362,CA,"1,000–10,000",15871480
11–20,6,0.0694,CA,"1,000–10,000",15871480
2,775,8.9689,CA,"1,000–10,000",15871480
21–50,4,0.0463,CA,"1,000–10,000",15871480
3,138,1.597,CA,"1,000–10,000",15871480
4,59,0.6828,CA,"1,000–10,000",15871480
5,33,0.3819,CA,"1,000–10,000",15871480
6–10,62,0.7175,CA,"1,000–10,000",15871480
1,2243,69.3783,CA,"10,000–100,000",15871480
11–20,12,0.3712,CA,"10,000–100,000",15871480
2,770,23.8169,CA,"10,000–100,000",15871480
21–50,3,0.0928,CA,"10,000–100,000",15871480
3,109,3.3715,CA,"10,000–100,000",15871480
4,32,0.9898,CA,"10,000–100,000",15871480
5,25,0.7733,CA,"10,000–100,000",15871480
6–10,39,1.2063,CA,"10,000–100,000",15871480
1,6254,86.0603,CA,"100–1,000",15871480
11–20,8,0.1101,CA,"100–1,000",15871480
2,783,10.7747,CA,"100–1,000",15871480
3,114,1.5687,CA,"100–1,000",15871480
4,50,0.688,CA,"100–1,000",15871480
5,18,0.2477,CA,"100–1,000",15871480
6–10,40,0.5504,CA,"100–1,000",15871480
1,17415,92.6724,CA,1–100,15871480
11–20,8,0.0426,CA,1–100,15871480
2,1120,5.96,CA,1–100,15871480
3,122,0.6492,CA,1–100,15871480
4,45,0.2395,CA,1–100,15871480
5,33,0.1756,CA,1–100,15871480
6–10,49,0.2607,CA,1–100,15871480
1,598,40.8191,CA,">100,000",15871480
11–20,11,0.7509,CA,">100,000",15871480
2,637,43.4812,CA,">100,000",15871480
21–50,9,0.6143,CA,">100,000",15871480
3,147,10.0341,CA,">100,000",15871480
4,35,2.3891,CA,">100,000",15871480
5,11,0.7509,CA,">100,000",15871480
6–10,17,1.1604,CA,">100,000",15871480
0,308,0.0053,EOA,0–1,15871480
1,5425721,92.7571,EOA,0–1,15871480
11–20,1210,0.0207,EOA,0–1,15871480
2,315316,5.3906,EOA,0–1,15871480
21–50,239,0.0041,EOA,0–1,15871480
3,66331,1.134,EOA,0–1,15871480
4,21460,0.3669,EOA,0–1,15871480
5,10522,0.1799,EOA,0–1,15871480
51–100,55,0.0009,EOA,0–1,15871480
6–10,8162,0.1395,EOA,0–1,15871480
>100,64,0.0011,EOA,0–1,15871480
1,470806,52.6479,EOA,"1,000–10,000",15871480
11–20,21988,2.4588,EOA,"1,000–10,000",15871480
2,162496,18.1711,EOA,"1,000–10,000",15871480
21–50,4818,0.5388,EOA,"1,000–10,000",15871480
3,86089,9.6269,EOA,"1,000–10,000",15871480
4,51276,5.7339,EOA,"1,000–10,000",15871480
5,32811,3.6691,EOA,"1,000–10,000",15871480
51–100,270,0.0302,EOA,"1,000–10,000",15871480
6–10,63641,7.1167,EOA,"1,000–10,000",15871480
>100,59,0.0066,EOA,"1,000–10,000",15871480
1,138243,53.5915,EOA,"10,000–100,000",15871480
11–20,8975,3.4793,EOA,"10,000–100,000",15871480
2,43659,16.9249,EOA,"10,000–100,000",15871480
21–50,3326,1.2894,EOA,"10,000–100,000",15871480
3,21726,8.4223,EOA,"10,000–100,000",15871480
4,13049,5.0586,EOA,"10,000–100,000",15871480
5,8831,3.4234,EOA,"10,000–100,000",15871480
51–100,328,0.1272,EOA,"10,000–100,000",15871480
6–10,19739,7.6521,EOA,"10,000–100,000",15871480
>100,81,0.0314,EOA,"10,000–100,000",15871480
1,2458849,73.6521,EOA,"100–1,000",15871480
11–20,12717,0.3809,EOA,"100–1,000",15871480
2,484717,14.5192,EOA,"100–1,000",15871480
21–50,1864,0.0558,EOA,"100–1,000",15871480
3,182268,5.4596,EOA,"100–1,000",15871480
4,85737,2.5682,EOA,"100–1,000",15871480
5,46097,1.3808,EOA,"100–1,000",15871480
51–100,98,0.0029,EOA,"100–1,000",15871480
6–10,66086,1.9795,EOA,"100–1,000",15871480
>100,32,0.001,EOA,"100–1,000",15871480
1,8325948,85.4478,EOA,1–100,15871480
11–20,6450,0.0662,EOA,1–100,15871480
2,1019675,10.4648,EOA,1–100,15871480
21–50,1051,0.0108,EOA,1–100,15871480
3,232273,2.3838,EOA,1–100,15871480
4,82238,0.844,EOA,1–100,15871480
5,36120,0.3707,EOA,1–100,15871480
51–100,82,0.0008,EOA,1–100,15871480
6–10,40016,0.4107,EOA,1–100,15871480
>100,49,0.0005,EOA,1–100,15871480
1,57843,60.0498,EOA,">100,000",15871480
11–20,2367,2.4573,EOA,">100,000",15871480
2,16691,17.3278,EOA,">100,000",15871480
21–50,1118,1.1607,EOA,">100,000",15871480
3,7026,7.2941,EOA,">100,000",15871480
4,3858,4.0052,EOA,">100,000",15871480
5,2263,2.3493,EOA,">100,000",15871480
51–100,211,0.2191,EOA,">100,000",15871480
6–10,4793,4.9759,EOA,">100,000",15871480
>100,155,0.1609,EOA,">100,000",15871480
1,90825,98.3774,CA,0–1,16086234
11–20,7,0.0076,CA,0–1,16086234
2,1392,1.5077,CA,0–1,16086234
21–50,1,0.0011,CA,0–1,16086234
3,42,0.0455,CA,0–1,16086234
4,14,0.0152,CA,0–1,16086234
5,9,0.0097,CA,0–1,16086234
6–10,33,0.0357,CA,0–1,16086234
1,7271,87.0153,CA,"1,000–10,000",16086234
11–20,11,0.1316,CA,"1,000–10,000",16086234
2,775,9.2748,CA,"1,000–10,000",16086234
21–50,4,0.0479,CA,"1,000–10,000",16086234
3,141,1.6874,CA,"1,000–10,000",16086234
4,62,0.742,CA,"1,000–10,000",16086234
5,30,0.359,CA,"1,000–10,000",16086234
6–10,62,0.742,CA,"1,000–10,000",16086234
1,2002,67.1812,CA,"10,000–100,000",16086234
11–20,13,0.4362,CA,"10,000–100,000",16086234
2,761,25.5369,CA,"10,000–100,000",16086234
21–50,3,0.1007,CA,"10,000–100,000",16086234
3,107,3.5906,CA,"10,000–100,000",16086234
4,34,1.1409,CA,"10,000–100,000",16086234
5,23,0.7718,CA,"10,000–100,000",16086234
6–10,37,1.2416,CA,"10,000–100,000",16086234
1,6247,85.681,CA,"100–1,000",16086234
11–20,6,0.0823,CA,"100–1,000",16086234
2,809,11.0959,CA,"100–1,000",16086234
3,118,1.6184,CA,"100–1,000",16086234
4,50,0.6858,CA,"100–1,000",16086234
5,22,0.3017,CA,"100–1,000",16086234
6–10,39,0.5349,CA,"100–1,000",16086234
1,19121,92.9061,CA,1–100,16086234
11–20,8,0.0389,CA,1–100,16086234
2,1194,5.8015,CA,1–100,16086234
21–50,1,0.0049,CA,1–100,16086234
3,123,0.5976,CA,1–100,16086234
4,48,0.2332,CA,1–100,16086234
5,33,0.1603,CA,1–100,16086234
6–10,53,0.2575,CA,1–100,16086234
1,494,38.0879,CA,">100,000",16086234
11–20,9,0.6939,CA,">100,000",16086234
2,583,44.9499,CA,">100,000",16086234
21–50,9,0.6939,CA,">100,000",16086234
3,139,10.717,CA,">100,000",16086234
4,36,2.7756,CA,">100,000",16086234
5,10,0.771,CA,">100,000",16086234
6–10,17,1.3107,CA,">100,000",16086234
0,310,0.0052,EOA,0–1,16086234
1,5475873,92.4447,EOA,0–1,16086234
11–20,1391,0.0235,EOA,0–1,16086234
2,331914,5.6034,EOA,0–1,16086234
21–50,268,0.0045,EOA,0–1,16086234
3,70242,1.1858,EOA,0–1,16086234
4,23396,0.395,EOA,0–1,16086234
5,11163,0.1885,EOA,0–1,16086234
51–100,72,0.0012,EOA,0–1,16086234
6–10,8704,0.1469,EOA,0–1,16086234
>100,74,0.0012,EOA,0–1,16086234
1,451472,51.8579,EOA,"1,000–10,000",16086234
11–20,22977,2.6392,EOA,"1,000–10,000",16086234
2,155788,17.8944,EOA,"1,000–10,000",16086234
21–50,5328,0.612,EOA,"1,000–10,000",16086234
3,84248,9.6771,EOA,"1,000–10,000",16086234
4,51028,5.8613,EOA,"1,000–10,000",16086234
5,33386,3.8348,EOA,"1,000–10,000",16086234
51–100,295,0.0339,EOA,"1,000–10,000",16086234
6–10,66010,7.5822,EOA,"1,000–10,000",16086234
>100,63,0.0072,EOA,"1,000–10,000",16086234
1,133894,52.6916,EOA,"10,000–100,000",16086234
11–20,9018,3.5489,EOA,"10,000–100,000",16086234
2,44388,17.4681,EOA,"10,000–100,000",16086234
21–50,3279,1.2904,EOA,"10,000–100,000",16086234
3,21545,8.4786,EOA,"10,000–100,000",16086234
4,13123,5.1643,EOA,"10,000–100,000",16086234
5,8890,3.4985,EOA,"10,000–100,000",16086234
51–100,339,0.1334,EOA,"10,000–100,000",16086234
6–10,19533,7.6869,EOA,"10,000–100,000",16086234
>100,100,0.0394,EOA,"10,000–100,000",16086234
1,2238048,72.0579,EOA,"100–1,000",16086234
11–20,14538,0.4681,EOA,"100–1,000",16086234
2,459781,14.8035,EOA,"100–1,000",16086234
21–50,2142,0.069,EOA,"100–1,000",16086234
3,182842,5.8869,EOA,"100–1,000",16086234
4,88686,2.8554,EOA,"100–1,000",16086234
5,48627,1.5656,EOA,"100–1,000",16086234
51–100,110,0.0035,EOA,"100–1,000",16086234
6–10,71097,2.2891,EOA,"100–1,000",16086234
>100,33,0.0011,EOA,"100–1,000",16086234
1,8575385,85.137,EOA,1–100,16086234
11–20,7210,0.0716,EOA,1–100,16086234
2,1065569,10.579,EOA,1–100,16086234
21–50,1200,0.0119,EOA,1–100,16086234
3,249358,2.4756,EOA,1–100,16086234
4,88868,0.8823,EOA,1–100,16086234
5,39984,0.397,EOA,1–100,16086234
51–100,91,0.0009,EOA,1–100,16086234
6–10,44741,0.4442,EOA,1–100,16086234
>100,47,0.0005,EOA,1–100,16086234
1,60169,60.7688,EOA,">100,000",16086234
11–20,2318,2.3411,EOA,">100,000",16086234
2,16951,17.12,EOA,">100,000",16086234
21–50,1052,1.0625,EOA,">100,000",16086234
3,7237,7.3091,EOA,">100,000",16086234
4,3878,3.9167,EOA,">100,000",16086234
5,2332,2.3552,EOA,">100,000",16086234
51–100,187,0.1889,EOA,">100,000",16086234
6–10,4759,4.8064,EOA,">100,000",16086234
>100,130,0.1313,EOA,">100,000",16086234
0,11,0.0112,CA,0–1,16308190
1,96793,98.4289,CA,0–1,16308190
11–20,7,0.0071,CA,0–1,16308190
2,1420,1.444,CA,0–1,16308190
21–50,1,0.001,CA,0–1,16308190
3,47,0.0478,CA,0–1,16308190
4,16,0.0163,CA,0–1,16308190
5,9,0.0092,CA,0–1,16308190
6–10,34,0.0346,CA,0–1,16308190
1,7733,87.3489,CA,"1,000–10,000",16308190
11–20,12,0.1355,CA,"1,000–10,000",16308190
2,804,9.0817,CA,"1,000–10,000",16308190
21–50,4,0.0452,CA,"1,000–10,000",16308190
3,143,1.6153,CA,"1,000–10,000",16308190
4,66,0.7455,CA,"1,000–10,000",16308190
5,30,0.3389,CA,"1,000–10,000",16308190
6–10,61,0.689,CA,"1,000–10,000",16308190
1,1903,66.3529,CA,"10,000–100,000",16308190
11–20,13,0.4533,CA,"10,000–100,000",16308190
2,744,25.9414,CA,"10,000–100,000",16308190
21–50,3,0.1046,CA,"10,000–100,000",16308190
3,109,3.8006,CA,"10,000–100,000",16308190
4,35,1.2204,CA,"10,000–100,000",16308190
5,23,0.802,CA,"10,000–100,000",16308190
6–10,38,1.325,CA,"10,000–100,000",16308190
1,6431,85.8956,CA,"100–1,000",16308190
11–20,7,0.0935,CA,"100–1,000",16308190
2,819,10.939,CA,"100–1,000",16308190
3,121,1.6161,CA,"100–1,000",16308190
4,52,0.6945,CA,"100–1,000",16308190
5,21,0.2805,CA,"100–1,000",16308190
6–10,36,0.4808,CA,"100–1,000",16308190
1,20934,93.2888,CA,1–100,16308190
11–20,8,0.0357,CA,1–100,16308190
2,1239,5.5214,CA,1–100,16308190
21–50,1,0.0045,CA,1–100,16308190
3,120,0.5348,CA,1–100,16308190
4,47,0.2094,CA,1–100,16308190
5,35,0.156,CA,1–100,16308190
6–10,56,0.2496,CA,1–100,16308190
1,454,37.3048,CA,">100,000",16308190
11–20,8,0.6574,CA,">100,000",16308190
2,556,45.6861,CA,">100,000",16308190
21–50,9,0.7395,CA,">100,000",16308190
3,131,10.7642,CA,">100,000",16308190
4,35,2.8759,CA,">100,000",16308190
5,10,0.8217,CA,">100,000",16308190
6–10,14,1.1504,CA,">100,000",16308190
0,43613,0.7124,EOA,0–1,16308190
1,5611001,91.6494,EOA,0–1,16308190
11–20,1622,0.0265,EOA,0–1,16308190
2,346882,5.6659,EOA,0–1,16308190
21–50,292,0.0048,EOA,0–1,16308190
3,73405,1.199,EOA,0–1,16308190
4,24594,0.4017,EOA,0–1,16308190
5,11593,0.1894,EOA,0–1,16308190
51–100,77,0.0013,EOA,0–1,16308190
6–10,9089,0.1485,EOA,0–1,16308190
>100,76,0.0012,EOA,0–1,16308190
1,433291,52.3568,EOA,"1,000–10,000",16308190
11–20,23414,2.8292,EOA,"1,000–10,000",16308190
2,144363,17.4441,EOA,"1,000–10,000",16308190
21–50,5689,0.6874,EOA,"1,000–10,000",16308190
3,77731,9.3926,EOA,"1,000–10,000",16308190
4,47644,5.7571,EOA,"1,000–10,000",16308190
5,31223,3.7728,EOA,"1,000–10,000",16308190
51–100,325,0.0393,EOA,"1,000–10,000",16308190
6–10,63819,7.7116,EOA,"1,000–10,000",16308190
>100,75,0.0091,EOA,"1,000–10,000",16308190
1,133183,53.356,EOA,"10,000–100,000",16308190
11–20,8177,3.2759,EOA,"10,000–100,000",16308190
2,44556,17.8501,EOA,"10,000–100,000",16308190
21–50,3030,1.2139,EOA,"10,000–100,000",16308190
3,21033,8.4263,EOA,"10,000–100,000",16308190
4,12737,5.1027,EOA,"10,000–100,000",16308190
5,8364,3.3508,EOA,"10,000–100,000",16308190
51–100,314,0.1258,EOA,"10,000–100,000",16308190
6–10,18114,7.2569,EOA,"10,000–100,000",16308190
>100,104,0.0417,EOA,"10,000–100,000",16308190
1,1735175,67.9467,EOA,"100–1,000",16308190
11–20,16092,0.6301,EOA,"100–1,000",16308190
2,410016,16.0556,EOA,"100–1,000",16308190
21–50,2394,0.0937,EOA,"100–1,000",16308190
3,175498,6.8722,EOA,"100–1,000",16308190
4,88538,3.467,EOA,"100–1,000",16308190
5,50208,1.9661,EOA,"100–1,000",16308190
51–100,119,0.0047,EOA,"100–1,000",16308190
6–10,75653,2.9625,EOA,"100–1,000",16308190
>100,35,0.0014,EOA,"100–1,000",16308190
1,8706962,84.6708,EOA,1–100,16308190
11–20,7866,0.0765,EOA,1–100,16308190
2,1110384,10.7979,EOA,1–100,16308190
21–50,1320,0.0128,EOA,1–100,16308190
3,266680,2.5933,EOA,1–100,16308190
4,96535,0.9388,EOA,1–100,16308190
5,43776,0.4257,EOA,1–100,16308190
51–100,102,0.001,EOA,1–100,16308190
6–10,49638,0.4827,EOA,1–100,16308190
>100,54,0.0005,EOA,1–100,16308190
1,62222,62.0922,EOA,">100,000",16308190
11–20,2196,2.1914,EOA,">100,000",16308190
2,16787,16.752,EOA,">100,000",16308190
21–50,968,0.966,EOA,">100,000",16308190
3,7192,7.177,EOA,">100,000",16308190
4,3790,3.7821,EOA,">100,000",16308190
5,2255,2.2503,EOA,">100,000",16308190
51–100,176,0.1756,EOA,">100,000",16308190
6–10,4496,4.4866,EOA,">100,000",16308190
>100,127,0.1267,EOA,">100,000",16308190
0,11,0.0106,CA,0–1,16530248
1,102455,98.5286,CA,0–1,16530248
11–20,6,0.0058,CA,0–1,16530248
2,1411,1.3569,CA,0–1,16530248
21–50,1,0.001,CA,0–1,16530248
3,43,0.0414,CA,0–1,16530248
4,14,0.0135,CA,0–1,16530248
5,10,0.0096,CA,0–1,16530248
6–10,34,0.0327,CA,0–1,16530248
1,8564,88.4254,CA,"1,000–10,000",16530248
11–20,11,0.1136,CA,"1,000–10,000",16530248
2,816,8.4254,CA,"1,000–10,000",16530248
21–50,4,0.0413,CA,"1,000–10,000",16530248
3,135,1.3939,CA,"1,000–10,000",16530248
4,73,0.7537,CA,"1,000–10,000",16530248
5,25,0.2581,CA,"1,000–10,000",16530248
6–10,57,0.5885,CA,"1,000–10,000",16530248
1,2247,68.863,CA,"10,000–100,000",16530248
11–20,14,0.4291,CA,"10,000–100,000",16530248
2,770,23.5979,CA,"10,000–100,000",16530248
21–50,3,0.0919,CA,"10,000–100,000",16530248
3,120,3.6776,CA,"10,000–100,000",16530248
4,34,1.042,CA,"10,000–100,000",16530248
5,30,0.9194,CA,"10,000–100,000",16530248
6–10,45,1.3791,CA,"10,000–100,000",16530248
1,6902,86.5455,CA,"100–1,000",16530248
11–20,6,0.0752,CA,"100–1,000",16530248
2,830,10.4075,CA,"100–1,000",16530248
21–50,1,0.0125,CA,"100–1,000",16530248
3,122,1.5298,CA,"100–1,000",16530248
4,48,0.6019,CA,"100–1,000",16530248
5,24,0.3009,CA,"100–1,000",16530248
6–10,42,0.5266,CA,"100–1,000",16530248
1,22794,93.9533,CA,1–100,16530248
11–20,10,0.0412,CA,1–100,16530248
2,1214,5.0039,CA,1–100,16530248
3,116,0.4781,CA,1–100,16530248
4,46,0.1896,CA,1–100,16530248
5,34,0.1401,CA,1–100,16530248
6–10,47,0.1937,CA,1–100,16530248
1,575,40.7512,CA,">100,000",16530248
11–20,11,0.7796,CA,">100,000",16530248
2,616,43.657,CA,">100,000",16530248
21–50,9,0.6378,CA,">100,000",16530248
3,137,9.7094,CA,">100,000",16530248
4,39,2.764,CA,">100,000",16530248
5,10,0.7087,CA,">100,000",16530248
6–10,14,0.9922,CA,">100,000",16530248
0,43616,0.7307,EOA,0–1,16530248
1,5484373,91.8831,EOA,0–1,16530248
11–20,1343,0.0225,EOA,0–1,16530248
2,328087,5.4966,EOA,0–1,16530248
21–50,279,0.0047,EOA,0–1,16530248
3,68553,1.1485,EOA,0–1,16530248
4,22924,0.3841,EOA,0–1,16530248
5,10993,0.1842,EOA,0–1,16530248
51–100,77,0.0013,EOA,0–1,16530248
6–10,8540,0.1431,EOA,0–1,16530248
>100,75,0.0013,EOA,0–1,16530248
1,497621,51.2505,EOA,"1,000–10,000",16530248
11–20,25177,2.593,EOA,"1,000–10,000",16530248
2,176275,18.1547,EOA,"1,000–10,000",16530248
21–50,5491,0.5655,EOA,"1,000–10,000",16530248
3,95655,9.8516,EOA,"1,000–10,000",16530248
4,58101,5.9839,EOA,"1,000–10,000",16530248
5,37887,3.902,EOA,"1,000–10,000",16530248
51–100,294,0.0303,EOA,"1,000–10,000",16530248
6–10,74388,7.6613,EOA,"1,000–10,000",16530248
>100,70,0.0072,EOA,"1,000–10,000",16530248
1,142958,50.6834,EOA,"10,000–100,000",16530248
11–20,10765,3.8166,EOA,"10,000–100,000",16530248
2,50016,17.7323,EOA,"10,000–100,000",16530248
21–50,3883,1.3767,EOA,"10,000–100,000",16530248
3,24963,8.8502,EOA,"10,000–100,000",16530248
4,15486,5.4903,EOA,"10,000–100,000",16530248
5,10337,3.6648,EOA,"10,000–100,000",16530248
51–100,388,0.1376,EOA,"10,000–100,000",16530248
6–10,23155,8.2092,EOA,"10,000–100,000",16530248
>100,110,0.039,EOA,"10,000–100,000",16530248
1,1898710,69.1359,EOA,"100–1,000",16530248
11–20,13963,0.5084,EOA,"100–1,000",16530248
2,441259,16.0671,EOA,"100–1,000",16530248
21–50,2110,0.0768,EOA,"100–1,000",16530248
3,182400,6.6416,EOA,"100–1,000",16530248
4,88573,3.2251,EOA,"100–1,000",16530248
5,48893,1.7803,EOA,"100–1,000",16530248
51–100,111,0.004,EOA,"100–1,000",16530248
6–10,70291,2.5594,EOA,"100–1,000",16530248
>100,34,0.0012,EOA,"100–1,000",16530248
1,8724519,85.2691,EOA,1–100,16530248
11–20,7348,0.0718,EOA,1–100,16530248
2,1076881,10.5249,EOA,1–100,16530248
21–50,1235,0.0121,EOA,1–100,16530248
3,249848,2.4419,EOA,1–100,16530248
4,88371,0.8637,EOA,1–100,16530248
5,39502,0.3861,EOA,1–100,16530248
51–100,86,0.0008,EOA,1–100,16530248
6–10,43908,0.4291,EOA,1–100,16530248
>100,55,0.0005,EOA,1–100,16530248
1,70833,63.077,EOA,">100,000",16530248
11–20,2542,2.2637,EOA,">100,000",16530248
2,17879,15.9213,EOA,">100,000",16530248
21–50,1135,1.0107,EOA,">100,000",16530248
3,7641,6.8043,EOA,">100,000",16530248
4,4236,3.7722,EOA,">100,000",16530248
5,2478,2.2067,EOA,">100,000",16530248
51–100,203,0.1808,EOA,">100,000",16530248
6–10,5202,4.6324,EOA,">100,000",16530248
>100,147,0.1309,EOA,">100,000",16530248
0,11,0.0102,CA,0–1,16730072
1,106619,98.5734,CA,0–1,16730072
11–20,5,0.0046,CA,0–1,16730072
2,1425,1.3175,CA,0–1,16730072
21–50,1,0.0009,CA,0–1,16730072
3,44,0.0407,CA,0–1,16730072
4,15,0.0139,CA,0–1,16730072
5,10,0.0092,CA,0–1,16730072
6–10,32,0.0296,CA,0–1,16730072
1,8671,88.6243,CA,"1,000–10,000",16730072
11–20,13,0.1329,CA,"1,000–10,000",16730072
2,802,8.1971,CA,"1,000–10,000",16730072
21–50,4,0.0409,CA,"1,000–10,000",16730072
3,137,1.4002,CA,"1,000–10,000",16730072
4,73,0.7461,CA,"1,000–10,000",16730072
5,26,0.2657,CA,"1,000–10,000",16730072
6–10,58,0.5928,CA,"1,000–10,000",16730072
1,2305,69.0326,CA,"10,000–100,000",16730072
11–20,14,0.4193,CA,"10,000–100,000",16730072
2,785,23.51,CA,"10,000–100,000",16730072
21–50,3,0.0898,CA,"10,000–100,000",16730072
3,121,3.6238,CA,"10,000–100,000",16730072
4,35,1.0482,CA,"10,000–100,000",16730072
5,31,0.9284,CA,"10,000–100,000",16730072
6–10,45,1.3477,CA,"10,000–100,000",16730072
1,7173,86.9455,CA,"100–1,000",16730072
11–20,7,0.0848,CA,"100–1,000",16730072
2,843,10.2182,CA,"100–1,000",16730072
21–50,1,0.0121,CA,"100–1,000",16730072
3,117,1.4182,CA,"100–1,000",16730072
4,46,0.5576,CA,"100–1,000",16730072
5,23,0.2788,CA,"100–1,000",16730072
6–10,40,0.4848,CA,"100–1,000",16730072
1,24766,94.3503,CA,1–100,16730072
11–20,9,0.0343,CA,1–100,16730072
2,1229,4.6821,CA,1–100,16730072
3,117,0.4457,CA,1–100,16730072
4,45,0.1714,CA,1–100,16730072
5,34,0.1295,CA,1–100,16730072
6–10,49,0.1867,CA,1–100,16730072
1,600,40.7886,CA,">100,000",16730072
11–20,12,0.8158,CA,">100,000",16730072
2,644,43.7797,CA,">100,000",16730072
21–50,9,0.6118,CA,">100,000",16730072
3,138,9.3814,CA,">100,000",16730072
4,40,2.7192,CA,">100,000",16730072
5,11,0.7478,CA,">100,000",16730072
6–10,17,1.1557,CA,">100,000",16730072
0,43621,0.7087,EOA,0–1,16730072
1,5668539,92.0953,EOA,0–1,16730072
11–20,1361,0.0221,EOA,0–1,16730072
2,329842,5.3589,EOA,0–1,16730072
21–50,291,0.0047,EOA,0–1,16730072
3,69183,1.124,EOA,0–1,16730072
4,22507,0.3657,EOA,0–1,16730072
5,10973,0.1783,EOA,0–1,16730072
51–100,74,0.0012,EOA,0–1,16730072
6–10,8613,0.1399,EOA,0–1,16730072
>100,75,0.0012,EOA,0–1,16730072
1,510449,50.4243,EOA,"1,000–10,000",16730072
11–20,26272,2.5953,EOA,"1,000–10,000",16730072
2,186944,18.4671,EOA,"1,000–10,000",16730072
21–50,5549,0.5482,EOA,"1,000–10,000",16730072
3,101749,10.0512,EOA,"1,000–10,000",16730072
4,62084,6.1329,EOA,"1,000–10,000",16730072
5,40167,3.9679,EOA,"1,000–10,000",16730072
51–100,299,0.0295,EOA,"1,000–10,000",16730072
6–10,78721,7.7764,EOA,"1,000–10,000",16730072
>100,73,0.0072,EOA,"1,000–10,000",16730072
1,141225,48.4153,EOA,"10,000–100,000",16730072
11–20,12042,4.1283,EOA,"10,000–100,000",16730072
2,52741,18.0809,EOA,"10,000–100,000",16730072
21–50,4399,1.5081,EOA,"10,000–100,000",16730072
3,26865,9.21,EOA,"10,000–100,000",16730072
4,16861,5.7804,EOA,"10,000–100,000",16730072
5,11258,3.8595,EOA,"10,000–100,000",16730072
51–100,403,0.1382,EOA,"10,000–100,000",16730072
6–10,25782,8.8387,EOA,"10,000–100,000",16730072
>100,119,0.0408,EOA,"10,000–100,000",16730072
1,1849714,68.2611,EOA,"100–1,000",16730072
11–20,13474,0.4972,EOA,"100–1,000",16730072
2,449701,16.5956,EOA,"100–1,000",16730072
21–50,2100,0.0775,EOA,"100–1,000",16730072
3,185260,6.8368,EOA,"100–1,000",16730072
4,89887,3.3172,EOA,"100–1,000",16730072
5,49269,1.8182,EOA,"100–1,000",16730072
51–100,106,0.0039,EOA,"100–1,000",16730072
6–10,70217,2.5913,EOA,"100–1,000",16730072
>100,33,0.0012,EOA,"100–1,000",16730072
1,8710876,85.3567,EOA,1–100,16730072
11–20,7161,0.0702,EOA,1–100,16730072
2,1072322,10.5075,EOA,1–100,16730072
21–50,1198,0.0117,EOA,1–100,16730072
3,246173,2.4122,EOA,1–100,16730072
4,86858,0.8511,EOA,1–100,16730072
5,38222,0.3745,EOA,1–100,16730072
51–100,87,0.0009,EOA,1–100,16730072
6–10,42301,0.4145,EOA,1–100,16730072
>100,61,0.0006,EOA,1–100,16730072
1,72770,63.1191,EOA,">100,000",16730072
11–20,2655,2.3029,EOA,">100,000",16730072
2,18107,15.7056,EOA,">100,000",16730072
21–50,1263,1.0955,EOA,">100,000",16730072
3,7687,6.6675,EOA,">100,000",16730072
4,4388,3.8061,EOA,">100,000",16730072
5,2520,2.1858,EOA,">100,000",16730072
51–100,213,0.1848,EOA,">100,000",16730072
6–10,5532,4.7983,EOA,">100,000",16730072
>100,155,0.1344,EOA,">100,000",16730072
0,11,0.0097,CA,0–1,16950603
1,112254,98.6233,CA,0–1,16950603
11–20,5,0.0044,CA,0–1,16950603
2,1448,1.2722,CA,0–1,16950603
21–50,1,0.0009,CA,0–1,16950603
3,44,0.0387,CA,0–1,16950603
4,15,0.0132,CA,0–1,16950603
5,10,0.0088,CA,0–1,16950603
6–10,33,0.029,CA,0–1,16950603
1,9276,88.8165,CA,"1,000–10,000",16950603
11–20,12,0.1149,CA,"1,000–10,000",16950603
2,855,8.1865,CA,"1,000–10,000",16950603
21–50,3,0.0287,CA,"1,000–10,000",16950603
3,139,1.3309,CA,"1,000–10,000",16950603
4,74,0.7085,CA,"1,000–10,000",16950603
5,27,0.2585,CA,"1,000–10,000",16950603
6–10,58,0.5553,CA,"1,000–10,000",16950603
1,2551,70.9005,CA,"10,000–100,000",16950603
11–20,16,0.4447,CA,"10,000–100,000",16950603
2,793,22.04,CA,"10,000–100,000",16950603
21–50,4,0.1112,CA,"10,000–100,000",16950603
3,123,3.4186,CA,"10,000–100,000",16950603
4,35,0.9728,CA,"10,000–100,000",16950603
5,30,0.8338,CA,"10,000–100,000",16950603
6–10,46,1.2785,CA,"10,000–100,000",16950603
1,7690,87.6353,CA,"100–1,000",16950603
11–20,7,0.0798,CA,"100–1,000",16950603
2,849,9.6752,CA,"100–1,000",16950603
21–50,1,0.0114,CA,"100–1,000",16950603
3,115,1.3105,CA,"100–1,000",16950603
4,49,0.5584,CA,"100–1,000",16950603
5,23,0.2621,CA,"100–1,000",16950603
6–10,41,0.4672,CA,"100–1,000",16950603
1,26462,94.6051,CA,1–100,16950603
11–20,9,0.0322,CA,1–100,16950603
2,1253,4.4796,CA,1–100,16950603
3,120,0.429,CA,1–100,16950603
4,43,0.1537,CA,1–100,16950603
5,35,0.1251,CA,1–100,16950603
6–10,49,0.1752,CA,1–100,16950603
1,613,40.6768,CA,">100,000",16950603
11–20,11,0.7299,CA,">100,000",16950603
2,668,44.3265,CA,">100,000",16950603
21–50,8,0.5309,CA,">100,000",16950603
3,139,9.2236,CA,">100,000",16950603
4,37,2.4552,CA,">100,000",16950603
5,12,0.7963,CA,">100,000",16950603
51–100,1,0.0664,CA,">100,000",16950603
6–10,18,1.1944,CA,">100,000",16950603
0,43605,0.7107,EOA,0–1,16950603
1,5634916,91.8391,EOA,0–1,16950603
11–20,1403,0.0229,EOA,0–1,16950603
2,340957,5.557,EOA,0–1,16950603
21–50,313,0.0051,EOA,0–1,16950603
3,71101,1.1588,EOA,0–1,16950603
4,23109,0.3766,EOA,0–1,16950603
5,11183,0.1823,EOA,0–1,16950603
51–100,79,0.0013,EOA,0–1,16950603
6–10,8894,0.145,EOA,0–1,16950603
>100,82,0.0013,EOA,0–1,16950603
1,499731,50.1921,EOA,"1,000–10,000",16950603
11–20,26873,2.6991,EOA,"1,000–10,000",16950603
2,182409,18.3209,EOA,"1,000–10,000",16950603
21–50,5739,0.5764,EOA,"1,000–10,000",16950603
3,99821,10.0259,EOA,"1,000–10,000",16950603
4,61281,6.155,EOA,"1,000–10,000",16950603
5,40041,4.0217,EOA,"1,000–10,000",16950603
51–100,325,0.0326,EOA,"1,000–10,000",16950603
6–10,79342,7.969,EOA,"1,000–10,000",16950603
>100,74,0.0074,EOA,"1,000–10,000",16950603
1,139871,48.8791,EOA,"10,000–100,000",16950603
11–20,11946,4.1746,EOA,"10,000–100,000",16950603
2,50829,17.7626,EOA,"10,000–100,000",16950603
21–50,4316,1.5083,EOA,"10,000–100,000",16950603
3,26145,9.1366,EOA,"10,000–100,000",16950603
4,16469,5.7552,EOA,"10,000–100,000",16950603
5,10964,3.8315,EOA,"10,000–100,000",16950603
51–100,414,0.1447,EOA,"10,000–100,000",16950603
6–10,25088,8.7672,EOA,"10,000–100,000",16950603
>100,115,0.0402,EOA,"10,000–100,000",16950603
1,1855601,68.5256,EOA,"100–1,000",16950603
11–20,14012,0.5174,EOA,"100–1,000",16950603
2,440490,16.2669,EOA,"100–1,000",16950603
21–50,2217,0.0819,EOA,"100–1,000",16950603
3,183934,6.7925,EOA,"100–1,000",16950603
4,90153,3.3293,EOA,"100–1,000",16950603
5,49355,1.8226,EOA,"100–1,000",16950603
51–100,110,0.0041,EOA,"100–1,000",16950603
6–10,71986,2.6584,EOA,"100–1,000",16950603
>100,38,0.0014,EOA,"100–1,000",16950603
1,8852843,85.3768,EOA,1–100,16950603
11–20,7606,0.0734,EOA,1–100,16950603
2,1082269,10.4374,EOA,1–100,16950603
21–50,1250,0.0121,EOA,1–100,16950603
3,250406,2.4149,EOA,1–100,16950603
4,90030,0.8682,EOA,1–100,16950603
5,40174,0.3874,EOA,1–100,16950603
51–100,95,0.0009,EOA,1–100,16950603
6–10,44402,0.4282,EOA,1–100,16950603
>100,64,0.0006,EOA,1–100,16950603
1,70202,63.2969,EOA,">100,000",16950603
11–20,2603,2.347,EOA,">100,000",16950603
2,17099,15.4171,EOA,">100,000",16950603
21–50,1213,1.0937,EOA,">100,000",16950603
3,7431,6.7001,EOA,">100,000",16950603
4,4227,3.8112,EOA,">100,000",16950603
5,2460,2.218,EOA,">100,000",16950603
51–100,221,0.1993,EOA,">100,000",16950603
6–10,5294,4.7733,EOA,">100,000",16950603
>100,159,0.1434,EOA,">100,000",16950603
0,11,0.009,CA,0–1,17162287
1,120591,98.6857,CA,0–1,17162287
11–20,5,0.0041,CA,0–1,17162287
2,1482,1.2128,CA,0–1,17162287
21–50,1,0.0008,CA,0–1,17162287
3,46,0.0376,CA,0–1,17162287
4,18,0.0147,CA,0–1,17162287
5,10,0.0082,CA,0–1,17162287
6–10,33,0.027,CA,0–1,17162287
1,10714,89.8826,CA,"1,000–10,000",17162287
11–20,11,0.0923,CA,"1,000–10,000",17162287
2,878,7.3658,CA,"1,000–10,000",17162287
21–50,3,0.0252,CA,"1,000–10,000",17162287
3,153,1.2836,CA,"1,000–10,000",17162287
4,75,0.6292,CA,"1,000–10,000",17162287
5,28,0.2349,CA,"1,000–10,000",17162287
6–10,58,0.4866,CA,"1,000–10,000",17162287
1,2725,71.7105,CA,"10,000–100,000",17162287
11–20,17,0.4474,CA,"10,000–100,000",17162287
2,828,21.7895,CA,"10,000–100,000",17162287
21–50,4,0.1053,CA,"10,000–100,000",17162287
3,111,2.9211,CA,"10,000–100,000",17162287
4,36,0.9474,CA,"10,000–100,000",17162287
5,29,0.7632,CA,"10,000–100,000",17162287
6–10,50,1.3158,CA,"10,000–100,000",17162287
1,8123,87.8732,CA,"100–1,000",17162287
11–20,8,0.0865,CA,"100–1,000",17162287
2,874,9.4548,CA,"100–1,000",17162287
21–50,1,0.0108,CA,"100–1,000",17162287
3,120,1.2981,CA,"100–1,000",17162287
4,51,0.5517,CA,"100–1,000",17162287
5,23,0.2488,CA,"100–1,000",17162287
6–10,44,0.476,CA,"100–1,000",17162287
1,28824,94.8501,CA,1–100,17162287
11–20,9,0.0296,CA,1–100,17162287
2,1307,4.3009,CA,1–100,17162287
3,120,0.3949,CA,1–100,17162287
4,44,0.1448,CA,1–100,17162287
5,35,0.1152,CA,1–100,17162287
6–10,50,0.1645,CA,1–100,17162287
1,593,40.5609,CA,">100,000",17162287
11–20,11,0.7524,CA,">100,000",17162287
2,647,44.2544,CA,">100,000",17162287
21–50,8,0.5472,CA,">100,000",17162287
3,137,9.3707,CA,">100,000",17162287
4,39,2.6676,CA,">100,000",17162287
5,13,0.8892,CA,">100,000",17162287
51–100,1,0.0684,CA,">100,000",17162287
6–10,13,0.8892,CA,">100,000",17162287
0,43605,0.7013,EOA,0–1,17162287
1,5707169,91.7916,EOA,0–1,17162287
11–20,1438,0.0231,EOA,0–1,17162287
2,347678,5.5919,EOA,0–1,17162287
21–50,300,0.0048,EOA,0–1,17162287
3,72923,1.1729,EOA,0–1,17162287
4,23695,0.3811,EOA,0–1,17162287
5,11456,0.1843,EOA,0–1,17162287
51–100,83,0.0013,EOA,0–1,17162287
6–10,9100,0.1464,EOA,0–1,17162287
>100,82,0.0013,EOA,0–1,17162287
1,489338,49.9893,EOA,"1,000–10,000",17162287
11–20,27527,2.8121,EOA,"1,000–10,000",17162287
2,176865,18.068,EOA,"1,000–10,000",17162287
21–50,5976,0.6105,EOA,"1,000–10,000",17162287
3,98031,10.0146,EOA,"1,000–10,000",17162287
4,60509,6.1814,EOA,"1,000–10,000",17162287
5,39948,4.081,EOA,"1,000–10,000",17162287
51–100,346,0.0353,EOA,"1,000–10,000",17162287
6–10,80271,8.2002,EOA,"1,000–10,000",17162287
>100,74,0.0076,EOA,"1,000–10,000",17162287
1,140744,49.4232,EOA,"10,000–100,000",17162287
11–20,11844,4.1591,EOA,"10,000–100,000",17162287
2,50076,17.5845,EOA,"10,000–100,000",17162287
21–50,4257,1.4949,EOA,"10,000–100,000",17162287
3,25872,9.0851,EOA,"10,000–100,000",17162287
4,16121,5.661,EOA,"10,000–100,000",17162287
5,10679,3.75,EOA,"10,000–100,000",17162287
51–100,432,0.1517,EOA,"10,000–100,000",17162287
6–10,24627,8.6479,EOA,"10,000–100,000",17162287
>100,121,0.0425,EOA,"10,000–100,000",17162287
1,1930202,68.5816,EOA,"100–1,000",17162287
11–20,14967,0.5318,EOA,"100–1,000",17162287
2,453718,16.121,EOA,"100–1,000",17162287
21–50,2322,0.0825,EOA,"100–1,000",17162287
3,190518,6.7693,EOA,"100–1,000",17162287
4,94510,3.358,EOA,"100–1,000",17162287
5,51955,1.846,EOA,"100–1,000",17162287
51–100,110,0.0039,EOA,"100–1,000",17162287
6–10,76119,2.7046,EOA,"100–1,000",17162287
>100,40,0.0014,EOA,"100–1,000",17162287
1,9002060,85.3536,EOA,1–100,17162287
11–20,7909,0.075,EOA,1–100,17162287
2,1100551,10.4349,EOA,1–100,17162287
21–50,1338,0.0127,EOA,1–100,17162287
3,255633,2.4238,EOA,1–100,17162287
4,92364,0.8758,EOA,1–100,17162287
5,41116,0.3898,EOA,1–100,17162287
51–100,108,0.001,EOA,1–100,17162287
6–10,45634,0.4327,EOA,1–100,17162287
>100,71,0.0007,EOA,1–100,17162287
1,71355,64.1272,EOA,">100,000",17162287
11–20,2538,2.2809,EOA,">100,000",17162287
2,16761,15.0632,EOA,">100,000",17162287
21–50,1223,1.0991,EOA,">100,000",17162287
3,7317,6.5758,EOA,">100,000",17162287
4,4092,3.6775,EOA,">100,000",17162287
5,2418,2.1731,EOA,">100,000",17162287
51–100,218,0.1959,EOA,">100,000",17162287
6–10,5181,4.6562,EOA,">100,000",17162287
>100,168,0.151,EOA,">100,000",17162287
0,11,0.0081,CA,0–1,17382266
1,134408,98.7749,CA,0–1,17382266
11–20,6,0.0044,CA,0–1,17382266
2,1535,1.1281,CA,0–1,17382266
21–50,1,0.0007,CA,0–1,17382266
3,50,0.0367,CA,0–1,17382266
4,19,0.014,CA,0–1,17382266
5,9,0.0066,CA,0–1,17382266
6–10,36,0.0265,CA,0–1,17382266
1,13767,91.6822,CA,"1,000–10,000",17382266
11–20,10,0.0666,CA,"1,000–10,000",17382266
2,910,6.0602,CA,"1,000–10,000",17382266
21–50,4,0.0266,CA,"1,000–10,000",17382266
3,152,1.0123,CA,"1,000–10,000",17382266
4,78,0.5194,CA,"1,000–10,000",17382266
5,36,0.2397,CA,"1,000–10,000",17382266
6–10,59,0.3929,CA,"1,000–10,000",17382266
1,3110,74.2775,CA,"10,000–100,000",17382266
11–20,15,0.3583,CA,"10,000–100,000",17382266
2,836,19.9666,CA,"10,000–100,000",17382266
21–50,4,0.0955,CA,"10,000–100,000",17382266
3,112,2.6749,CA,"10,000–100,000",17382266
4,35,0.8359,CA,"10,000–100,000",17382266
5,25,0.5971,CA,"10,000–100,000",17382266
6–10,50,1.1942,CA,"10,000–100,000",17382266
1,8736,88.2781,CA,"100–1,000",17382266
11–20,8,0.0808,CA,"100–1,000",17382266
2,904,9.135,CA,"100–1,000",17382266
21–50,1,0.0101,CA,"100–1,000",17382266
3,129,1.3036,CA,"100–1,000",17382266
4,53,0.5356,CA,"100–1,000",17382266
5,22,0.2223,CA,"100–1,000",17382266
6–10,43,0.4345,CA,"100–1,000",17382266
1,31967,95.2476,CA,1–100,17382266
11–20,9,0.0268,CA,1–100,17382266
2,1333,3.9718,CA,1–100,17382266
3,120,0.3575,CA,1–100,17382266
4,46,0.1371,CA,1–100,17382266
5,35,0.1043,CA,1–100,17382266
6–10,52,0.1549,CA,1–100,17382266
1,592,40.7433,CA,">100,000",17382266
11–20,12,0.8259,CA,">100,000",17382266
2,645,44.3909,CA,">100,000",17382266
21–50,7,0.4818,CA,">100,000",17382266
3,133,9.1535,CA,">100,000",17382266
4,39,2.6841,CA,">100,000",17382266
5,13,0.8947,CA,">100,000",17382266
51–100,2,0.1376,CA,">100,000",17382266
6–10,10,0.6882,CA,">100,000",17382266
0,43607,0.6802,EOA,0–1,17382266
1,5878111,91.6916,EOA,0–1,17382266
11–20,1626,0.0254,EOA,0–1,17382266
2,362714,5.6579,EOA,0–1,17382266
21–50,345,0.0054,EOA,0–1,17382266
3,76565,1.1943,EOA,0–1,17382266
4,25562,0.3987,EOA,0–1,17382266
5,12167,0.1898,EOA,0–1,17382266
51–100,96,0.0015,EOA,0–1,17382266
6–10,9859,0.1538,EOA,0–1,17382266
>100,92,0.0014,EOA,0–1,17382266
1,454543,49.2867,EOA,"1,000–10,000",17382266
11–20,28856,3.1289,EOA,"1,000–10,000",17382266
2,163691,17.7492,EOA,"1,000–10,000",17382266
21–50,6564,0.7117,EOA,"1,000–10,000",17382266
3,91519,9.9235,EOA,"1,000–10,000",17382266
4,57684,6.2548,EOA,"1,000–10,000",17382266
5,38810,4.2082,EOA,"1,000–10,000",17382266
51–100,370,0.0401,EOA,"1,000–10,000",17382266
6–10,80119,8.6874,EOA,"1,000–10,000",17382266
>100,87,0.0094,EOA,"1,000–10,000",17382266
1,135197,50.3409,EOA,"10,000–100,000",17382266
11–20,11313,4.2124,EOA,"10,000–100,000",17382266
2,46880,17.4559,EOA,"10,000–100,000",17382266
21–50,4132,1.5386,EOA,"10,000–100,000",17382266
3,23489,8.7462,EOA,"10,000–100,000",17382266
4,14631,5.4479,EOA,"10,000–100,000",17382266
5,9738,3.626,EOA,"10,000–100,000",17382266
51–100,439,0.1635,EOA,"10,000–100,000",17382266
6–10,22621,8.423,EOA,"10,000–100,000",17382266
>100,123,0.0458,EOA,"10,000–100,000",17382266
1,1899636,67.7353,EOA,"100–1,000",17382266
11–20,17210,0.6137,EOA,"100–1,000",17382266
2,449767,16.0373,EOA,"100–1,000",17382266
21–50,2654,0.0946,EOA,"100–1,000",17382266
3,195095,6.9565,EOA,"100–1,000",17382266
4,99674,3.5541,EOA,"100–1,000",17382266
5,55914,1.9937,EOA,"100–1,000",17382266
51–100,138,0.0049,EOA,"100–1,000",17382266
6–10,84372,3.0084,EOA,"100–1,000",17382266
>100,41,0.0015,EOA,"100–1,000",17382266
1,9173025,84.8288,EOA,1–100,17382266
11–20,8931,0.0826,EOA,1–100,17382266
2,1153332,10.6656,EOA,1–100,17382266
21–50,1489,0.0138,EOA,1–100,17382266
3,277501,2.5662,EOA,1–100,17382266
4,101543,0.939,EOA,1–100,17382266
5,45839,0.4239,EOA,1–100,17382266
51–100,120,0.0011,EOA,1–100,17382266
6–10,51722,0.4783,EOA,1–100,17382266
>100,68,0.0006,EOA,1–100,17382266
1,69768,64.8679,EOA,">100,000",17382266
11–20,2378,2.211,EOA,">100,000",17382266
2,16057,14.9292,EOA,">100,000",17382266
21–50,1181,1.0981,EOA,">100,000",17382266
3,6914,6.4284,EOA,">100,000",17382266
4,3900,3.6261,EOA,">100,000",17382266
5,2234,2.0771,EOA,">100,000",17382266
51–100,204,0.1897,EOA,">100,000",17382266
6–10,4744,4.4108,EOA,">100,000",17382266
>100,174,0.1618,EOA,">100,000",17382266
0,11,0.0075,CA,0–1,17595510
1,144770,98.834,CA,0–1,17595510
11–20,5,0.0034,CA,0–1,17595510
2,1574,1.0746,CA,0–1,17595510
21–50,1,0.0007,CA,0–1,17595510
3,52,0.0355,CA,0–1,17595510
4,20,0.0137,CA,0–1,17595510
5,9,0.0061,CA,0–1,17595510
6–10,36,0.0246,CA,0–1,17595510
1,14726,92.1008,CA,"1,000–10,000",17595510
11–20,13,0.0813,CA,"1,000–10,000",17595510
2,918,5.7414,CA,"1,000–10,000",17595510
21–50,4,0.025,CA,"1,000–10,000",17595510
3,158,0.9882,CA,"1,000–10,000",17595510
4,79,0.4941,CA,"1,000–10,000",17595510
5,34,0.2126,CA,"1,000–10,000",17595510
6–10,57,0.3565,CA,"1,000–10,000",17595510
1,3219,74.6002,CA,"10,000–100,000",17595510
11–20,14,0.3244,CA,"10,000–100,000",17595510
2,847,19.6292,CA,"10,000–100,000",17595510
21–50,5,0.1159,CA,"10,000–100,000",17595510
3,118,2.7346,CA,"10,000–100,000",17595510
4,35,0.8111,CA,"10,000–100,000",17595510
5,27,0.6257,CA,"10,000–100,000",17595510
6–10,50,1.1587,CA,"10,000–100,000",17595510
1,9140,88.6948,CA,"100–1,000",17595510
11–20,8,0.0776,CA,"100–1,000",17595510
2,908,8.8113,CA,"100–1,000",17595510
21–50,1,0.0097,CA,"100–1,000",17595510
3,127,1.2324,CA,"100–1,000",17595510
4,55,0.5337,CA,"100–1,000",17595510
5,23,0.2232,CA,"100–1,000",17595510
6–10,43,0.4173,CA,"100–1,000",17595510
1,35075,95.5514,CA,1–100,17595510
11–20,10,0.0272,CA,1–100,17595510
2,1370,3.7322,CA,1–100,17595510
3,120,0.3269,CA,1–100,17595510
4,45,0.1226,CA,1–100,17595510
5,35,0.0953,CA,1–100,17595510
6–10,53,0.1444,CA,1–100,17595510
1,581,41.0311,CA,">100,000",17595510
11–20,12,0.8475,CA,">100,000",17595510
2,621,43.8559,CA,">100,000",17595510
21–50,6,0.4237,CA,">100,000",17595510
3,134,9.4633,CA,">100,000",17595510
4,38,2.6836,CA,">100,000",17595510
5,12,0.8475,CA,">100,000",17595510
51–100,2,0.1412,CA,">100,000",17595510
6–10,10,0.7062,CA,">100,000",17595510
0,41634,0.6105,EOA,0–1,17595510
1,6266912,91.8922,EOA,0–1,17595510
11–20,1777,0.0261,EOA,0–1,17595510
2,379883,5.5703,EOA,0–1,17595510
21–50,363,0.0053,EOA,0–1,17595510
3,79712,1.1688,EOA,0–1,17595510
4,26512,0.3887,EOA,0–1,17595510
5,12533,0.1838,EOA,0–1,17595510
51–100,106,0.0016,EOA,0–1,17595510
6–10,10322,0.1514,EOA,0–1,17595510
>100,98,0.0014,EOA,0–1,17595510
1,428348,48.3354,EOA,"1,000–10,000",17595510
11–20,29180,3.2927,EOA,"1,000–10,000",17595510
2,158315,17.8645,EOA,"1,000–10,000",17595510
21–50,6729,0.7593,EOA,"1,000–10,000",17595510
3,89219,10.0676,EOA,"1,000–10,000",17595510
4,56586,6.3852,EOA,"1,000–10,000",17595510
5,37979,4.2856,EOA,"1,000–10,000",17595510
51–100,382,0.0431,EOA,"1,000–10,000",17595510
6–10,79374,8.9567,EOA,"1,000–10,000",17595510
>100,88,0.0099,EOA,"1,000–10,000",17595510
1,132725,50.229,EOA,"10,000–100,000",17595510
11–20,11105,4.2026,EOA,"10,000–100,000",17595510
2,46328,17.5325,EOA,"10,000–100,000",17595510
21–50,4093,1.549,EOA,"10,000–100,000",17595510
3,23014,8.7095,EOA,"10,000–100,000",17595510
4,14342,5.4276,EOA,"10,000–100,000",17595510
5,9661,3.6561,EOA,"10,000–100,000",17595510
51–100,452,0.1711,EOA,"10,000–100,000",17595510
6–10,22400,8.4771,EOA,"10,000–100,000",17595510
>100,120,0.0454,EOA,"10,000–100,000",17595510
1,1747569,66.7478,EOA,"100–1,000",17595510
11–20,17987,0.687,EOA,"100–1,000",17595510
2,423340,16.1693,EOA,"100–1,000",17595510
21–50,2833,0.1082,EOA,"100–1,000",17595510
3,188017,7.1812,EOA,"100–1,000",17595510
4,97544,3.7257,EOA,"100–1,000",17595510
5,55672,2.1264,EOA,"100–1,000",17595510
51–100,142,0.0054,EOA,"100–1,000",17595510
6–10,85017,3.2472,EOA,"100–1,000",17595510
>100,45,0.0017,EOA,"100–1,000",17595510
1,8915912,84.2973,EOA,1–100,17595510
11–20,9450,0.0893,EOA,1–100,17595510
2,1155491,10.9248,EOA,1–100,17595510
21–50,1618,0.0153,EOA,1–100,17595510
3,284382,2.6887,EOA,1–100,17595510
4,105699,0.9994,EOA,1–100,17595510
5,48760,0.461,EOA,1–100,17595510
51–100,125,0.0012,EOA,1–100,17595510
6–10,55237,0.5222,EOA,1–100,17595510
>100,74,0.0007,EOA,1–100,17595510
1,67627,64.537,EOA,">100,000",17595510
11–20,2356,2.2483,EOA,">100,000",17595510
2,15651,14.9359,EOA,">100,000",17595510
21–50,1152,1.0994,EOA,">100,000",17595510
3,6832,6.5198,EOA,">100,000",17595510
4,3815,3.6407,EOA,">100,000",17595510
5,2217,2.1157,EOA,">100,000",17595510
51–100,198,0.189,EOA,">100,000",17595510
6–10,4756,4.5387,EOA,">100,000",17595510
>100,184,0.1756,EOA,">100,000",17595510
0,11,0.0069,CA,0–1,17816434
1,158292,98.9096,CA,0–1,17816434
11–20,6,0.0037,CA,0–1,17816434
2,1609,1.0054,CA,0–1,17816434
21–50,1,0.0006,CA,0–1,17816434
3,54,0.0337,CA,0–1,17816434
4,19,0.0119,CA,0–1,17816434
5,9,0.0056,CA,0–1,17816434
6–10,36,0.0225,CA,0–1,17816434
1,17351,93.1147,CA,"1,000–10,000",17816434
11–20,12,0.0644,CA,"1,000–10,000",17816434
2,933,5.007,CA,"1,000–10,000",17816434
21–50,4,0.0215,CA,"1,000–10,000",17816434
3,163,0.8747,CA,"1,000–10,000",17816434
4,79,0.424,CA,"1,000–10,000",17816434
5,34,0.1825,CA,"1,000–10,000",17816434
6–10,58,0.3113,CA,"1,000–10,000",17816434
1,3265,74.5604,CA,"10,000–100,000",17816434
11–20,15,0.3425,CA,"10,000–100,000",17816434
2,859,19.6164,CA,"10,000–100,000",17816434
21–50,4,0.0913,CA,"10,000–100,000",17816434
3,126,2.8774,CA,"10,000–100,000",17816434
4,37,0.8449,CA,"10,000–100,000",17816434
5,26,0.5937,CA,"10,000–100,000",17816434
6–10,47,1.0733,CA,"10,000–100,000",17816434
1,9502,88.8619,CA,"100–1,000",17816434
11–20,8,0.0748,CA,"100–1,000",17816434
2,920,8.6038,CA,"100–1,000",17816434
21–50,1,0.0094,CA,"100–1,000",17816434
3,133,1.2438,CA,"100–1,000",17816434
4,56,0.5237,CA,"100–1,000",17816434
5,27,0.2525,CA,"100–1,000",17816434
6–10,46,0.4302,CA,"100–1,000",17816434
1,38248,95.8476,CA,1–100,17816434
11–20,9,0.0226,CA,1–100,17816434
2,1396,3.4983,CA,1–100,17816434
3,117,0.2932,CA,1–100,17816434
4,47,0.1178,CA,1–100,17816434
5,34,0.0852,CA,1–100,17816434
6–10,54,0.1353,CA,1–100,17816434
1,528,38.1503,CA,">100,000",17816434
11–20,12,0.8671,CA,">100,000",17816434
2,614,44.3642,CA,">100,000",17816434
21–50,7,0.5058,CA,">100,000",17816434
3,150,10.8382,CA,">100,000",17816434
4,40,2.8902,CA,">100,000",17816434
5,16,1.1561,CA,">100,000",17816434
51–100,2,0.1445,CA,">100,000",17816434
6–10,15,1.0838,CA,">100,000",17816434
0,41612,0.6015,EOA,0–1,17816434
1,6354630,91.8498,EOA,0–1,17816434
11–20,1979,0.0286,EOA,0–1,17816434
2,387768,5.6048,EOA,0–1,17816434
21–50,390,0.0056,EOA,0–1,17816434
3,81351,1.1758,EOA,0–1,17816434
4,27034,0.3907,EOA,0–1,17816434
5,12813,0.1852,EOA,0–1,17816434
51–100,108,0.0016,EOA,0–1,17816434
6–10,10715,0.1549,EOA,0–1,17816434
>100,105,0.0015,EOA,0–1,17816434
1,430706,48.1257,EOA,"1,000–10,000",17816434
11–20,29502,3.2965,EOA,"1,000–10,000",17816434
2,160599,17.9448,EOA,"1,000–10,000",17816434
21–50,6861,0.7666,EOA,"1,000–10,000",17816434
3,90524,10.1149,EOA,"1,000–10,000",17816434
4,57334,6.4063,EOA,"1,000–10,000",17816434
5,38655,4.3192,EOA,"1,000–10,000",17816434
51–100,394,0.044,EOA,"1,000–10,000",17816434
6–10,80287,8.971,EOA,"1,000–10,000",17816434
>100,99,0.0111,EOA,"1,000–10,000",17816434
1,133166,49.908,EOA,"10,000–100,000",17816434
11–20,11357,4.2564,EOA,"10,000–100,000",17816434
2,46763,17.5259,EOA,"10,000–100,000",17816434
21–50,4162,1.5598,EOA,"10,000–100,000",17816434
3,23318,8.7391,EOA,"10,000–100,000",17816434
4,14727,5.5194,EOA,"10,000–100,000",17816434
5,9826,3.6826,EOA,"10,000–100,000",17816434
51–100,464,0.1739,EOA,"10,000–100,000",17816434
6–10,22916,8.5885,EOA,"10,000–100,000",17816434
>100,124,0.0465,EOA,"10,000–100,000",17816434
1,1810261,67.1707,EOA,"100–1,000",17816434
11–20,18535,0.6878,EOA,"100–1,000",17816434
2,431203,16.0,EOA,"100–1,000",17816434
21–50,2953,0.1096,EOA,"100–1,000",17816434
3,190449,7.0667,EOA,"100–1,000",17816434
4,98660,3.6608,EOA,"100–1,000",17816434
5,56241,2.0869,EOA,"100–1,000",17816434
51–100,161,0.006,EOA,"100–1,000",17816434
6–10,86508,3.2099,EOA,"100–1,000",17816434
>100,46,0.0017,EOA,"100–1,000",17816434
1,9077995,84.2697,EOA,1–100,17816434
11–20,9857,0.0915,EOA,1–100,17816434
2,1174271,10.9006,EOA,1–100,17816434
21–50,1679,0.0156,EOA,1–100,17816434
3,291162,2.7028,EOA,1–100,17816434
4,109052,1.0123,EOA,1–100,17816434
5,50686,0.4705,EOA,1–100,17816434
51–100,136,0.0013,EOA,1–100,17816434
6–10,57639,0.5351,EOA,1–100,17816434
>100,74,0.0007,EOA,1–100,17816434
1,62991,60.0727,EOA,">100,000",17816434
11–20,2441,2.3279,EOA,">100,000",17816434
2,18210,17.3663,EOA,">100,000",17816434
21–50,1206,1.1501,EOA,">100,000",17816434
3,7626,7.2727,EOA,">100,000",17816434
4,4463,4.2562,EOA,">100,000",17816434
5,2472,2.3575,EOA,">100,000",17816434
51–100,202,0.1926,EOA,">100,000",17816434
6–10,5063,4.8284,EOA,">100,000",17816434
>100,184,0.1755,EOA,">100,000",17816434
0,11,0.0064,CA,0–1,18037988
1,171196,98.9607,CA,0–1,18037988
11–20,7,0.004,CA,0–1,18037988
2,1658,0.9584,CA,0–1,18037988
21–50,1,0.0006,CA,0–1,18037988
3,54,0.0312,CA,0–1,18037988
4,20,0.0116,CA,0–1,18037988
5,10,0.0058,CA,0–1,18037988
6–10,37,0.0214,CA,0–1,18037988
1,18305,93.3072,CA,"1,000–10,000",18037988
11–20,13,0.0663,CA,"1,000–10,000",18037988
2,955,4.868,CA,"1,000–10,000",18037988
21–50,4,0.0204,CA,"1,000–10,000",18037988
3,166,0.8462,CA,"1,000–10,000",18037988
4,78,0.3976,CA,"1,000–10,000",18037988
5,38,0.1937,CA,"1,000–10,000",18037988
6–10,59,0.3007,CA,"1,000–10,000",18037988
1,3029,73.0408,CA,"10,000–100,000",18037988
11–20,15,0.3617,CA,"10,000–100,000",18037988
2,870,20.979,CA,"10,000–100,000",18037988
21–50,4,0.0965,CA,"10,000–100,000",18037988
3,129,3.1107,CA,"10,000–100,000",18037988
4,33,0.7958,CA,"10,000–100,000",18037988
5,24,0.5787,CA,"10,000–100,000",18037988
6–10,43,1.0369,CA,"10,000–100,000",18037988
1,9586,88.71,CA,"100–1,000",18037988
11–20,7,0.0648,CA,"100–1,000",18037988
2,942,8.7174,CA,"100–1,000",18037988
21–50,1,0.0093,CA,"100–1,000",18037988
3,145,1.3418,CA,"100–1,000",18037988
4,54,0.4997,CA,"100–1,000",18037988
5,25,0.2314,CA,"100–1,000",18037988
6–10,46,0.4257,CA,"100–1,000",18037988
1,42151,96.0991,CA,1–100,18037988
11–20,10,0.0228,CA,1–100,18037988
2,1442,3.2876,CA,1–100,18037988
3,119,0.2713,CA,1–100,18037988
4,48,0.1094,CA,1–100,18037988
5,36,0.0821,CA,1–100,18037988
6–10,56,0.1277,CA,1–100,18037988
1,500,37.2578,CA,">100,000",18037988
11–20,12,0.8942,CA,">100,000",18037988
2,610,45.4545,CA,">100,000",18037988
21–50,7,0.5216,CA,">100,000",18037988
3,138,10.2832,CA,">100,000",18037988
4,42,3.1297,CA,">100,000",18037988
5,17,1.2668,CA,">100,000",18037988
51–100,2,0.149,CA,">100,000",18037988
6–10,14,1.0432,CA,">100,000",18037988
0,41615,0.5838,EOA,0–1,18037988
1,6536301,91.7001,EOA,0–1,18037988
11–20,2187,0.0307,EOA,0–1,18037988
2,407371,5.7152,EOA,0–1,18037988
21–50,413,0.0058,EOA,0–1,18037988
3,86035,1.207,EOA,0–1,18037988
4,29002,0.4069,EOA,0–1,18037988
5,13446,0.1886,EOA,0–1,18037988
51–100,117,0.0016,EOA,0–1,18037988
6–10,11310,0.1587,EOA,0–1,18037988
>100,111,0.0016,EOA,0–1,18037988
1,407887,47.7831,EOA,"1,000–10,000",18037988
11–20,29515,3.4576,EOA,"1,000–10,000",18037988
2,152604,17.8773,EOA,"1,000–10,000",18037988
21–50,7077,0.8291,EOA,"1,000–10,000",18037988
3,85877,10.0603,EOA,"1,000–10,000",18037988
4,54798,6.4195,EOA,"1,000–10,000",18037988
5,37223,4.3606,EOA,"1,000–10,000",18037988
51–100,417,0.0489,EOA,"1,000–10,000",18037988
6–10,78119,9.1515,EOA,"1,000–10,000",18037988
>100,104,0.0122,EOA,"1,000–10,000",18037988
1,128450,50.459,EOA,"10,000–100,000",18037988
11–20,10460,4.109,EOA,"10,000–100,000",18037988
2,44977,17.6683,EOA,"10,000–100,000",18037988
21–50,3925,1.5419,EOA,"10,000–100,000",18037988
3,21897,8.6018,EOA,"10,000–100,000",18037988
4,13674,5.3716,EOA,"10,000–100,000",18037988
5,9243,3.6309,EOA,"10,000–100,000",18037988
51–100,470,0.1846,EOA,"10,000–100,000",18037988
6–10,21332,8.3799,EOA,"10,000–100,000",18037988
>100,135,0.053,EOA,"10,000–100,000",18037988
1,1720158,66.1504,EOA,"100–1,000",18037988
11–20,19973,0.7681,EOA,"100–1,000",18037988
2,419996,16.1514,EOA,"100–1,000",18037988
21–50,3215,0.1236,EOA,"100–1,000",18037988
3,189574,7.2903,EOA,"100–1,000",18037988
4,99631,3.8314,EOA,"100–1,000",18037988
5,57591,2.2147,EOA,"100–1,000",18037988
51–100,173,0.0067,EOA,"100–1,000",18037988
6–10,90009,3.4614,EOA,"100–1,000",18037988
>100,54,0.0021,EOA,"100–1,000",18037988
1,9179283,83.985,EOA,1–100,18037988
11–20,10738,0.0982,EOA,1–100,18037988
2,1202381,11.0011,EOA,1–100,18037988
21–50,1860,0.017,EOA,1–100,18037988
3,303346,2.7754,EOA,1–100,18037988
4,115119,1.0533,EOA,1–100,18037988
5,54129,0.4952,EOA,1–100,18037988
51–100,142,0.0013,EOA,1–100,18037988
6–10,62600,0.5728,EOA,1–100,18037988
>100,71,0.0006,EOA,1–100,18037988
1,61865,61.2385,EOA,">100,000",18037988
11–20,2273,2.25,EOA,">100,000",18037988
2,17024,16.8516,EOA,">100,000",18037988
21–50,1135,1.1235,EOA,">100,000",18037988
3,7215,7.1419,EOA,">100,000",18037988
4,4080,4.0387,EOA,">100,000",18037988
5,2393,2.3688,EOA,">100,000",18037988
51–100,192,0.1901,EOA,">100,000",18037988
6–10,4663,4.6158,EOA,">100,000",18037988
>100,183,0.1811,EOA,">100,000",18037988
0,11,0.0059,CA,0–1,18251965
1,183259,99.007,CA,0–1,18251965
11–20,6,0.0032,CA,0–1,18251965
2,1702,0.9195,CA,0–1,18251965
21–50,1,0.0005,CA,0–1,18251965
3,52,0.0281,CA,0–1,18251965
4,20,0.0108,CA,0–1,18251965
5,10,0.0054,CA,0–1,18251965
6–10,36,0.0194,CA,0–1,18251965
1,19138,93.5158,CA,"1,000–10,000",18251965
11–20,13,0.0635,CA,"1,000–10,000",18251965
2,967,4.7251,CA,"1,000–10,000",18251965
21–50,4,0.0195,CA,"1,000–10,000",18251965
3,169,0.8258,CA,"1,000–10,000",18251965
4,76,0.3714,CA,"1,000–10,000",18251965
5,38,0.1857,CA,"1,000–10,000",18251965
6–10,60,0.2932,CA,"1,000–10,000",18251965
1,3046,72.749,CA,"10,000–100,000",18251965
11–20,15,0.3583,CA,"10,000–100,000",18251965
2,892,21.304,CA,"10,000–100,000",18251965
21–50,4,0.0955,CA,"10,000–100,000",18251965
3,127,3.0332,CA,"10,000–100,000",18251965
4,34,0.812,CA,"10,000–100,000",18251965
5,26,0.621,CA,"10,000–100,000",18251965
6–10,43,1.027,CA,"10,000–100,000",18251965
1,10037,89.1306,CA,"100–1,000",18251965
11–20,8,0.071,CA,"100–1,000",18251965
2,943,8.374,CA,"100–1,000",18251965
21–50,1,0.0089,CA,"100–1,000",18251965
3,145,1.2876,CA,"100–1,000",18251965
4,55,0.4884,CA,"100–1,000",18251965
5,26,0.2309,CA,"100–1,000",18251965
6–10,46,0.4085,CA,"100–1,000",18251965
1,45369,96.3126,CA,1–100,18251965
11–20,10,0.0212,CA,1–100,18251965
2,1465,3.11,CA,1–100,18251965
3,123,0.2611,CA,1–100,18251965
4,49,0.104,CA,1–100,18251965
5,35,0.0743,CA,1–100,18251965
6–10,55,0.1168,CA,1–100,18251965
1,482,36.2406,CA,">100,000",18251965
11–20,12,0.9023,CA,">100,000",18251965
2,610,45.8647,CA,">100,000",18251965
21–50,7,0.5263,CA,">100,000",18251965
3,142,10.6767,CA,">100,000",18251965
4,43,3.2331,CA,">100,000",18251965
5,17,1.2782,CA,">100,000",18251965
51–100,2,0.1504,CA,">100,000",18251965
6–10,15,1.1278,CA,">100,000",18251965
0,41611,0.5904,EOA,0–1,18251965
1,6445474,91.4592,EOA,0–1,18251965
11–20,2211,0.0314,EOA,0–1,18251965
2,413999,5.8745,EOA,0–1,18251965
21–50,434,0.0062,EOA,0–1,18251965
3,87968,1.2482,EOA,0–1,18251965
4,29900,0.4243,EOA,0–1,18251965
5,13805,0.1959,EOA,0–1,18251965
51–100,114,0.0016,EOA,0–1,18251965
6–10,11749,0.1667,EOA,0–1,18251965
>100,112,0.0016,EOA,0–1,18251965
1,411313,47.6123,EOA,"1,000–10,000",18251965
11–20,29864,3.457,EOA,"1,000–10,000",18251965
2,154812,17.9205,EOA,"1,000–10,000",18251965
21–50,7091,0.8208,EOA,"1,000–10,000",18251965
3,87258,10.1007,EOA,"1,000–10,000",18251965
4,55595,6.4355,EOA,"1,000–10,000",18251965
5,37849,4.3813,EOA,"1,000–10,000",18251965
51–100,411,0.0476,EOA,"1,000–10,000",18251965
6–10,79581,9.212,EOA,"1,000–10,000",18251965
>100,106,0.0123,EOA,"1,000–10,000",18251965
1,129537,50.2457,EOA,"10,000–100,000",18251965
11–20,10854,4.2101,EOA,"10,000–100,000",18251965
2,45110,17.4976,EOA,"10,000–100,000",18251965
21–50,4037,1.5659,EOA,"10,000–100,000",18251965
3,22363,8.6743,EOA,"10,000–100,000",18251965
4,14004,5.432,EOA,"10,000–100,000",18251965
5,9389,3.6419,EOA,"10,000–100,000",18251965
51–100,467,0.1811,EOA,"10,000–100,000",18251965
6–10,21902,8.4955,EOA,"10,000–100,000",18251965
>100,144,0.0559,EOA,"10,000–100,000",18251965
1,1772339,66.8919,EOA,"100–1,000",18251965
11–20,20020,0.7556,EOA,"100–1,000",18251965
2,419032,15.8152,EOA,"100–1,000",18251965
21–50,3282,0.1239,EOA,"100–1,000",18251965
3,188659,7.1204,EOA,"100–1,000",18251965
4,99278,3.747,EOA,"100–1,000",18251965
5,57290,2.1622,EOA,"100–1,000",18251965
51–100,178,0.0067,EOA,"100–1,000",18251965
6–10,89418,3.3748,EOA,"100–1,000",18251965
>100,62,0.0023,EOA,"100–1,000",18251965
1,9327966,84.0943,EOA,1–100,18251965
11–20,11159,0.1006,EOA,1–100,18251965
2,1210122,10.9096,EOA,1–100,18251965
21–50,1957,0.0176,EOA,1–100,18251965
3,305929,2.758,EOA,1–100,18251965
4,116577,1.051,EOA,1–100,18251965
5,54618,0.4924,EOA,1–100,18251965
51–100,156,0.0014,EOA,1–100,18251965
6–10,63703,0.5743,EOA,1–100,18251965
>100,80,0.0007,EOA,1–100,18251965
1,63811,62.3995,EOA,">100,000",18251965
11–20,2234,2.1846,EOA,">100,000",18251965
2,16543,16.1771,EOA,">100,000",18251965
21–50,1145,1.1197,EOA,">100,000",18251965
3,7099,6.942,EOA,">100,000",18251965
4,4062,3.9721,EOA,">100,000",18251965
5,2374,2.3215,EOA,">100,000",18251965
51–100,198,0.1936,EOA,">100,000",18251965
6–10,4614,4.5119,EOA,">100,000",18251965
>100,182,0.178,EOA,">100,000",18251965
0,11,0.0056,CA,0–1,18473543
1,194094,99.0538,CA,0–1,18473543
11–20,5,0.0026,CA,0–1,18473543
2,1723,0.8793,CA,0–1,18473543
21–50,1,0.0005,CA,0–1,18473543
3,49,0.025,CA,0–1,18473543
4,19,0.0097,CA,0–1,18473543
5,10,0.0051,CA,0–1,18473543
6–10,36,0.0184,CA,0–1,18473543
1,19567,93.5593,CA,"1,000–10,000",18473543
11–20,12,0.0574,CA,"1,000–10,000",18473543
2,990,4.7337,CA,"1,000–10,000",18473543
21–50,4,0.0191,CA,"1,000–10,000",18473543
3,171,0.8176,CA,"1,000–10,000",18473543
4,76,0.3634,CA,"1,000–10,000",18473543
5,36,0.1721,CA,"1,000–10,000",18473543
6–10,58,0.2773,CA,"1,000–10,000",18473543
1,3253,73.5307,CA,"10,000–100,000",18473543
11–20,17,0.3843,CA,"10,000–100,000",18473543
2,910,20.5696,CA,"10,000–100,000",18473543
21–50,4,0.0904,CA,"10,000–100,000",18473543
3,129,2.9159,CA,"10,000–100,000",18473543
4,36,0.8137,CA,"10,000–100,000",18473543
5,28,0.6329,CA,"10,000–100,000",18473543
6–10,47,1.0624,CA,"10,000–100,000",18473543
1,10394,89.4261,CA,"100–1,000",18473543
11–20,8,0.0688,CA,"100–1,000",18473543
2,943,8.1132,CA,"100–1,000",18473543
21–50,1,0.0086,CA,"100–1,000",18473543
3,146,1.2561,CA,"100–1,000",18473543
4,57,0.4904,CA,"100–1,000",18473543
5,26,0.2237,CA,"100–1,000",18473543
6–10,48,0.413,CA,"100–1,000",18473543
1,47860,96.5075,CA,1–100,18473543
11–20,10,0.0202,CA,1–100,18473543
2,1459,2.942,CA,1–100,18473543
3,126,0.2541,CA,1–100,18473543
4,49,0.0988,CA,1–100,18473543
5,35,0.0706,CA,1–100,18473543
6–10,53,0.1069,CA,1–100,18473543
1,526,37.4644,CA,">100,000",18473543
11–20,12,0.8547,CA,">100,000",18473543
2,640,45.584,CA,">100,000",18473543
21–50,7,0.4986,CA,">100,000",18473543
3,140,9.9715,CA,">100,000",18473543
4,45,3.2051,CA,">100,000",18473543
5,17,1.2108,CA,">100,000",18473543
51–100,2,0.1425,CA,">100,000",18473543
6–10,15,1.0684,CA,">100,000",18473543
0,41624,0.5838,EOA,0–1,18473543
1,6527220,91.5427,EOA,0–1,18473543
11–20,2244,0.0315,EOA,0–1,18473543
2,415957,5.8337,EOA,0–1,18473543
21–50,451,0.0063,EOA,0–1,18473543
3,87212,1.2231,EOA,0–1,18473543
4,29578,0.4148,EOA,0–1,18473543
5,13760,0.193,EOA,0–1,18473543
51–100,119,0.0017,EOA,0–1,18473543
6–10,11969,0.1679,EOA,0–1,18473543
>100,116,0.0016,EOA,0–1,18473543
1,442221,47.2702,EOA,"1,000–10,000",18473543
11–20,30984,3.312,EOA,"1,000–10,000",18473543
2,169568,18.1256,EOA,"1,000–10,000",18473543
21–50,7123,0.7614,EOA,"1,000–10,000",18473543
3,96471,10.3121,EOA,"1,000–10,000",18473543
4,61351,6.558,EOA,"1,000–10,000",18473543
5,41595,4.4462,EOA,"1,000–10,000",18473543
51–100,431,0.0461,EOA,"1,000–10,000",18473543
6–10,85663,9.1568,EOA,"1,000–10,000",18473543
>100,110,0.0118,EOA,"1,000–10,000",18473543
1,136260,48.7496,EOA,"10,000–100,000",18473543
11–20,12577,4.4997,EOA,"10,000–100,000",18473543
2,48735,17.4359,EOA,"10,000–100,000",18473543
21–50,4535,1.6225,EOA,"10,000–100,000",18473543
3,24673,8.8272,EOA,"10,000–100,000",18473543
4,15888,5.6842,EOA,"10,000–100,000",18473543
5,10774,3.8546,EOA,"10,000–100,000",18473543
51–100,498,0.1782,EOA,"10,000–100,000",18473543
6–10,25429,9.0977,EOA,"10,000–100,000",18473543
>100,141,0.0504,EOA,"10,000–100,000",18473543
1,1830336,67.2815,EOA,"100–1,000",18473543
11–20,18769,0.6899,EOA,"100–1,000",18473543
2,432477,15.8975,EOA,"100–1,000",18473543
21–50,3094,0.1137,EOA,"100–1,000",18473543
3,192427,7.0734,EOA,"100–1,000",18473543
4,99570,3.6601,EOA,"100–1,000",18473543
5,56611,2.081,EOA,"100–1,000",18473543
51–100,179,0.0066,EOA,"100–1,000",18473543
6–10,86887,3.1939,EOA,"100–1,000",18473543
>100,66,0.0024,EOA,"100–1,000",18473543
1,9282813,84.2713,EOA,1–100,18473543
11–20,11070,0.1005,EOA,1–100,18473543
2,1194039,10.8397,EOA,1–100,18473543
21–50,1976,0.0179,EOA,1–100,18473543
3,297639,2.702,EOA,1–100,18473543
4,113493,1.0303,EOA,1–100,18473543
5,52694,0.4784,EOA,1–100,18473543
51–100,157,0.0014,EOA,1–100,18473543
6–10,61426,0.5576,EOA,1–100,18473543
>100,83,0.0008,EOA,1–100,18473543
1,65881,61.7094,EOA,">100,000",18473543
11–20,2560,2.3979,EOA,">100,000",18473543
2,17285,16.1905,EOA,">100,000",18473543
21–50,1227,1.1493,EOA,">100,000",18473543
3,7506,7.0307,EOA,">100,000",18473543
4,4261,3.9912,EOA,">100,000",18473543
5,2440,2.2855,EOA,">100,000",18473543
51–100,223,0.2089,EOA,">100,000",18473543
6–10,5188,4.8595,EOA,">100,000",18473543
>100,189,0.177,EOA,">100,000",18473543
0,11,0.0054,CA,0–1,18687851
1,201636,99.0845,CA,0–1,18687851
11–20,5,0.0025,CA,0–1,18687851
2,1732,0.8511,CA,0–1,18687851
21–50,1,0.0005,CA,0–1,18687851
3,50,0.0246,CA,0–1,18687851
4,18,0.0088,CA,0–1,18687851
5,11,0.0054,CA,0–1,18687851
6–10,35,0.0172,CA,0–1,18687851
1,20759,93.9917,CA,"1,000–10,000",18687851
11–20,9,0.0407,CA,"1,000–10,000",18687851
2,969,4.3874,CA,"1,000–10,000",18687851
21–50,3,0.0136,CA,"1,000–10,000",18687851
3,177,0.8014,CA,"1,000–10,000",18687851
4,77,0.3486,CA,"1,000–10,000",18687851
5,33,0.1494,CA,"1,000–10,000",18687851
6–10,59,0.2671,CA,"1,000–10,000",18687851
1,3582,74.7652,CA,"10,000–100,000",18687851
11–20,17,0.3548,CA,"10,000–100,000",18687851
2,943,19.6827,CA,"10,000–100,000",18687851
21–50,6,0.1252,CA,"10,000–100,000",18687851
3,123,2.5673,CA,"10,000–100,000",18687851
4,40,0.8349,CA,"10,000–100,000",18687851
5,34,0.7097,CA,"10,000–100,000",18687851
6–10,46,0.9601,CA,"10,000–100,000",18687851
1,11251,90.2101,CA,"100–1,000",18687851
11–20,10,0.0802,CA,"100–1,000",18687851
2,936,7.5048,CA,"100–1,000",18687851
21–50,1,0.008,CA,"100–1,000",18687851
3,141,1.1305,CA,"100–1,000",18687851
4,58,0.465,CA,"100–1,000",18687851
5,26,0.2085,CA,"100–1,000",18687851
6–10,49,0.3929,CA,"100–1,000",18687851
1,49510,96.6218,CA,1–100,18687851
11–20,9,0.0176,CA,1–100,18687851
2,1467,2.8629,CA,1–100,18687851
3,121,0.2361,CA,1–100,18687851
4,49,0.0956,CA,1–100,18687851
5,34,0.0664,CA,1–100,18687851
6–10,51,0.0995,CA,1–100,18687851
1,616,38.7421,CA,">100,000",18687851
11–20,13,0.8176,CA,">100,000",18687851
2,720,45.283,CA,">100,000",18687851
21–50,6,0.3774,CA,">100,000",18687851
3,151,9.4969,CA,">100,000",18687851
4,46,2.8931,CA,">100,000",18687851
5,17,1.0692,CA,">100,000",18687851
51–100,3,0.1887,CA,">100,000",18687851
6–10,18,1.1321,CA,">100,000",18687851
0,41634,0.5749,EOA,0–1,18687851
1,6650057,91.8216,EOA,0–1,18687851
11–20,2147,0.0296,EOA,0–1,18687851
2,407833,5.6312,EOA,0–1,18687851
21–50,452,0.0062,EOA,0–1,18687851
3,85890,1.1859,EOA,0–1,18687851
4,28602,0.3949,EOA,0–1,18687851
5,13560,0.1872,EOA,0–1,18687851
51–100,126,0.0017,EOA,0–1,18687851
6–10,11950,0.165,EOA,0–1,18687851
>100,117,0.0016,EOA,0–1,18687851
1,481063,46.6212,EOA,"1,000–10,000",18687851
11–20,32708,3.1698,EOA,"1,000–10,000",18687851
2,189516,18.3666,EOA,"1,000–10,000",18687851
21–50,6942,0.6728,EOA,"1,000–10,000",18687851
3,109040,10.5674,EOA,"1,000–10,000",18687851
4,69348,6.7207,EOA,"1,000–10,000",18687851
5,46900,4.5452,EOA,"1,000–10,000",18687851
51–100,430,0.0417,EOA,"1,000–10,000",18687851
6–10,95799,9.2842,EOA,"1,000–10,000",18687851
>100,108,0.0105,EOA,"1,000–10,000",18687851
1,141805,45.7681,EOA,"10,000–100,000",18687851
11–20,16074,5.1879,EOA,"10,000–100,000",18687851
2,53713,17.3361,EOA,"10,000–100,000",18687851
21–50,5693,1.8374,EOA,"10,000–100,000",18687851
3,28357,9.1523,EOA,"10,000–100,000",18687851
4,18794,6.0658,EOA,"10,000–100,000",18687851
5,13078,4.221,EOA,"10,000–100,000",18687851
51–100,549,0.1772,EOA,"10,000–100,000",18687851
6–10,31616,10.2042,EOA,"10,000–100,000",18687851
>100,155,0.05,EOA,"10,000–100,000",18687851
1,1938012,67.5864,EOA,"100–1,000",18687851
11–20,17435,0.608,EOA,"100–1,000",18687851
2,464143,16.1866,EOA,"100–1,000",18687851
21–50,2874,0.1002,EOA,"100–1,000",18687851
3,200814,7.0032,EOA,"100–1,000",18687851
4,102399,3.5711,EOA,"100–1,000",18687851
5,56923,1.9851,EOA,"100–1,000",18687851
51–100,169,0.0059,EOA,"100–1,000",18687851
6–10,84628,2.9513,EOA,"100–1,000",18687851
>100,61,0.0021,EOA,"100–1,000",18687851
1,9380377,84.6251,EOA,1–100,18687851
11–20,10701,0.0965,EOA,1–100,18687851
2,1183758,10.6793,EOA,1–100,18687851
21–50,1956,0.0176,EOA,1–100,18687851
3,290107,2.6172,EOA,1–100,18687851
4,109206,0.9852,EOA,1–100,18687851
5,50168,0.4526,EOA,1–100,18687851
51–100,166,0.0015,EOA,1–100,18687851
6–10,58104,0.5242,EOA,1–100,18687851
>100,90,0.0008,EOA,1–100,18687851
1,70363,61.3228,EOA,">100,000",18687851
11–20,3100,2.7017,EOA,">100,000",18687851
2,18075,15.7527,EOA,">100,000",18687851
21–50,1500,1.3073,EOA,">100,000",18687851
3,7915,6.8981,EOA,">100,000",18687851
4,4569,3.982,EOA,">100,000",18687851
5,2803,2.4429,EOA,">100,000",18687851
51–100,278,0.2423,EOA,">100,000",18687851
6–10,5927,5.1655,EOA,">100,000",18687851
>100,212,0.1848,EOA,">100,000",18687851
0,11,0.0053,CA,0–1,18908895
1,206844,99.1021,CA,0–1,18908895
11–20,5,0.0024,CA,0–1,18908895
2,1744,0.8356,CA,0–1,18908895
21–50,1,0.0005,CA,0–1,18908895
3,49,0.0235,CA,0–1,18908895
4,18,0.0086,CA,0–1,18908895
5,11,0.0053,CA,0–1,18908895
6–10,35,0.0168,CA,0–1,18908895
1,20524,93.7297,CA,"1,000–10,000",18908895
11–20,11,0.0502,CA,"1,000–10,000",18908895
2,1004,4.5851,CA,"1,000–10,000",18908895
21–50,3,0.0137,CA,"1,000–10,000",18908895
3,177,0.8083,CA,"1,000–10,000",18908895
4,83,0.379,CA,"1,000–10,000",18908895
5,36,0.1644,CA,"1,000–10,000",18908895
6–10,59,0.2694,CA,"1,000–10,000",18908895
1,3786,75.0744,CA,"10,000–100,000",18908895
11–20,18,0.3569,CA,"10,000–100,000",18908895
2,979,19.413,CA,"10,000–100,000",18908895
21–50,6,0.119,CA,"10,000–100,000",18908895
3,130,2.5778,CA,"10,000–100,000",18908895
4,40,0.7932,CA,"10,000–100,000",18908895
5,35,0.694,CA,"10,000–100,000",18908895
6–10,49,0.9716,CA,"10,000–100,000",18908895
1,11531,90.4392,CA,"100–1,000",18908895
11–20,8,0.0627,CA,"100–1,000",18908895
2,934,7.3255,CA,"100–1,000",18908895
21–50,1,0.0078,CA,"100–1,000",18908895
3,147,1.1529,CA,"100–1,000",18908895
4,57,0.4471,CA,"100–1,000",18908895
5,23,0.1804,CA,"100–1,000",18908895
6–10,49,0.3843,CA,"100–1,000",18908895
1,51779,96.7759,CA,1–100,18908895
11–20,9,0.0168,CA,1–100,18908895
2,1459,2.7269,CA,1–100,18908895
3,127,0.2374,CA,1–100,18908895
4,45,0.0841,CA,1–100,18908895
5,34,0.0635,CA,1–100,18908895
6–10,51,0.0953,CA,1–100,18908895
1,672,39.2982,CA,">100,000",18908895
11–20,14,0.8187,CA,">100,000",18908895
2,769,44.9708,CA,">100,000",18908895
21–50,6,0.3509,CA,">100,000",18908895
3,157,9.1813,CA,">100,000",18908895
4,51,2.9825,CA,">100,000",18908895
5,16,0.9357,CA,">100,000",18908895
51–100,3,0.1754,CA,">100,000",18908895
6–10,22,1.2865,CA,">100,000",18908895
0,41639,0.5756,EOA,0–1,18908895
1,6641791,91.8167,EOA,0–1,18908895
11–20,2190,0.0303,EOA,0–1,18908895
2,408910,5.6528,EOA,0–1,18908895
21–50,462,0.0064,EOA,0–1,18908895
3,84856,1.1731,EOA,0–1,18908895
4,28213,0.39,EOA,0–1,18908895
5,13430,0.1857,EOA,0–1,18908895
51–100,126,0.0017,EOA,0–1,18908895
6–10,12013,0.1661,EOA,0–1,18908895
>100,121,0.0017,EOA,0–1,18908895
1,517184,46.3939,EOA,"1,000–10,000",18908895
11–20,34234,3.071,EOA,"1,000–10,000",18908895
2,206703,18.5422,EOA,"1,000–10,000",18908895
21–50,6984,0.6265,EOA,"1,000–10,000",18908895
3,118919,10.6676,EOA,"1,000–10,000",18908895
4,75708,6.7914,EOA,"1,000–10,000",18908895
5,51409,4.6116,EOA,"1,000–10,000",18908895
51–100,426,0.0382,EOA,"1,000–10,000",18908895
6–10,103074,9.2462,EOA,"1,000–10,000",18908895
>100,127,0.0114,EOA,"1,000–10,000",18908895
1,148702,44.1758,EOA,"10,000–100,000",18908895
11–20,18775,5.5776,EOA,"10,000–100,000",18908895
2,57715,17.1458,EOA,"10,000–100,000",18908895
21–50,6543,1.9438,EOA,"10,000–100,000",18908895
3,31232,9.2783,EOA,"10,000–100,000",18908895
4,21130,6.2772,EOA,"10,000–100,000",18908895
5,15027,4.4642,EOA,"10,000–100,000",18908895
51–100,598,0.1777,EOA,"10,000–100,000",18908895
6–10,36719,10.9083,EOA,"10,000–100,000",18908895
>100,173,0.0514,EOA,"10,000–100,000",18908895
1,2063166,68.0771,EOA,"100–1,000",18908895
11–20,16859,0.5563,EOA,"100–1,000",18908895
2,492097,16.2374,EOA,"100–1,000",18908895
21–50,2782,0.0918,EOA,"100–1,000",18908895
3,208716,6.8869,EOA,"100–1,000",18908895
4,104791,3.4577,EOA,"100–1,000",18908895
5,57765,1.906,EOA,"100–1,000",18908895
51–100,167,0.0055,EOA,"100–1,000",18908895
6–10,84230,2.7793,EOA,"100–1,000",18908895
>100,60,0.002,EOA,"100–1,000",18908895
1,9535815,84.9318,EOA,1–100,18908895
11–20,10581,0.0942,EOA,1–100,18908895
2,1178664,10.4979,EOA,1–100,18908895
21–50,2007,0.0179,EOA,1–100,18908895
3,286897,2.5553,EOA,1–100,18908895
4,107383,0.9564,EOA,1–100,18908895
5,49024,0.4366,EOA,1–100,18908895
51–100,170,0.0015,EOA,1–100,18908895
6–10,56976,0.5075,EOA,1–100,18908895
>100,92,0.0008,EOA,1–100,18908895
1,71180,60.8392,EOA,">100,000",18908895
11–20,3447,2.9462,EOA,">100,000",18908895
2,17965,15.3551,EOA,">100,000",18908895
21–50,1698,1.4513,EOA,">100,000",18908895
3,8035,6.8677,EOA,">100,000",18908895
4,4771,4.0779,EOA,">100,000",18908895
5,2906,2.4838,EOA,">100,000",18908895
51–100,331,0.2829,EOA,">100,000",18908895
6–10,6443,5.507,EOA,">100,000",18908895
>100,221,0.1889,EOA,">100,000",18908895
0,11,0.0051,CA,0–1,19129889
1,212897,99.1113,CA,0–1,19129889
11–20,5,0.0023,CA,0–1,19129889
2,1777,0.8273,CA,0–1,19129889
21–50,1,0.0005,CA,0–1,19129889
3,50,0.0233,CA,0–1,19129889
4,18,0.0084,CA,0–1,19129889
5,12,0.0056,CA,0–1,19129889
6–10,35,0.0163,CA,0–1,19129889
1,19654,93.4214,CA,"1,000–10,000",19129889
11–20,10,0.0475,CA,"1,000–10,000",19129889
2,1015,4.8246,CA,"1,000–10,000",19129889
21–50,3,0.0143,CA,"1,000–10,000",19129889
3,181,0.8603,CA,"1,000–10,000",19129889
4,82,0.3898,CA,"1,000–10,000",19129889
5,35,0.1664,CA,"1,000–10,000",19129889
6–10,58,0.2757,CA,"1,000–10,000",19129889
1,3691,74.6411,CA,"10,000–100,000",19129889
11–20,19,0.3842,CA,"10,000–100,000",19129889
2,971,19.636,CA,"10,000–100,000",19129889
21–50,6,0.1213,CA,"10,000–100,000",19129889
3,128,2.5885,CA,"10,000–100,000",19129889
4,44,0.8898,CA,"10,000–100,000",19129889
5,35,0.7078,CA,"10,000–100,000",19129889
6–10,51,1.0313,CA,"10,000–100,000",19129889
1,11504,90.1214,CA,"100–1,000",19129889
11–20,9,0.0705,CA,"100–1,000",19129889
2,966,7.5676,CA,"100–1,000",19129889
21–50,1,0.0078,CA,"100–1,000",19129889
3,148,1.1594,CA,"100–1,000",19129889
4,62,0.4857,CA,"100–1,000",19129889
5,25,0.1958,CA,"100–1,000",19129889
6–10,50,0.3917,CA,"100–1,000",19129889
1,53243,96.8072,CA,1–100,19129889
11–20,9,0.0164,CA,1–100,19129889
2,1486,2.7019,CA,1–100,19129889
3,128,0.2327,CA,1–100,19129889
4,46,0.0836,CA,1–100,19129889
5,34,0.0618,CA,1–100,19129889
6–10,53,0.0964,CA,1–100,19129889
1,689,39.3489,CA,">100,000",19129889
11–20,13,0.7424,CA,">100,000",19129889
2,793,45.2884,CA,">100,000",19129889
21–50,7,0.3998,CA,">100,000",19129889
3,161,9.1947,CA,">100,000",19129889
4,45,2.57,CA,">100,000",19129889
5,18,1.028,CA,">100,000",19129889
51–100,3,0.1713,CA,">100,000",19129889
6–10,22,1.2564,CA,">100,000",19129889
0,41697,0.5659,EOA,0–1,19129889
1,6771523,91.9083,EOA,0–1,19129889
11–20,2304,0.0313,EOA,0–1,19129889
2,409980,5.5646,EOA,0–1,19129889
21–50,505,0.0069,EOA,0–1,19129889
3,86102,1.1686,EOA,0–1,19129889
4,29211,0.3965,EOA,0–1,19129889
5,13734,0.1864,EOA,0–1,19129889
51–100,131,0.0018,EOA,0–1,19129889
6–10,12387,0.1681,EOA,0–1,19129889
>100,124,0.0017,EOA,0–1,19129889
1,513266,46.0013,EOA,"1,000–10,000",19129889
11–20,36391,3.2615,EOA,"1,000–10,000",19129889
2,205681,18.4341,EOA,"1,000–10,000",19129889
21–50,7630,0.6838,EOA,"1,000–10,000",19129889
3,118422,10.6135,EOA,"1,000–10,000",19129889
4,76417,6.8488,EOA,"1,000–10,000",19129889
5,51706,4.6341,EOA,"1,000–10,000",19129889
51–100,448,0.0402,EOA,"1,000–10,000",19129889
6–10,105661,9.4698,EOA,"1,000–10,000",19129889
>100,143,0.0128,EOA,"1,000–10,000",19129889
1,146317,44.2765,EOA,"10,000–100,000",19129889
11–20,18592,5.6261,EOA,"10,000–100,000",19129889
2,56417,17.0722,EOA,"10,000–100,000",19129889
21–50,6668,2.0178,EOA,"10,000–100,000",19129889
3,30548,9.244,EOA,"10,000–100,000",19129889
4,20460,6.1913,EOA,"10,000–100,000",19129889
5,14649,4.4329,EOA,"10,000–100,000",19129889
51–100,660,0.1997,EOA,"10,000–100,000",19129889
6–10,35970,10.8848,EOA,"10,000–100,000",19129889
>100,181,0.0548,EOA,"10,000–100,000",19129889
1,2159284,68.0954,EOA,"100–1,000",19129889
11–20,18883,0.5955,EOA,"100–1,000",19129889
2,508510,16.0364,EOA,"100–1,000",19129889
21–50,3051,0.0962,EOA,"100–1,000",19129889
3,217313,6.8532,EOA,"100–1,000",19129889
4,110472,3.4839,EOA,"100–1,000",19129889
5,61459,1.9382,EOA,"100–1,000",19129889
51–100,181,0.0057,EOA,"100–1,000",19129889
6–10,91749,2.8934,EOA,"100–1,000",19129889
>100,68,0.0021,EOA,"100–1,000",19129889
1,10653421,85.5696,EOA,1–100,19129889
11–20,10615,0.0853,EOA,1–100,19129889
2,1252308,10.0587,EOA,1–100,19129889
21–50,2017,0.0162,EOA,1–100,19129889
3,305984,2.4577,EOA,1–100,19129889
4,113591,0.9124,EOA,1–100,19129889
5,51984,0.4175,EOA,1–100,19129889
51–100,182,0.0015,EOA,1–100,19129889
6–10,59809,0.4804,EOA,1–100,19129889
>100,99,0.0008,EOA,1–100,19129889
1,70159,61.1562,EOA,">100,000",19129889
11–20,3275,2.8548,EOA,">100,000",19129889
2,17575,15.3198,EOA,">100,000",19129889
21–50,1693,1.4758,EOA,">100,000",19129889
3,7748,6.7538,EOA,">100,000",19129889
4,4625,4.0315,EOA,">100,000",19129889
5,2883,2.5131,EOA,">100,000",19129889
51–100,316,0.2755,EOA,">100,000",19129889
6–10,6216,5.4184,EOA,">100,000",19129889
>100,231,0.2014,EOA,">100,000",19129889
0,11,0.005,CA,0–1,19336607
1,215973,99.1361,CA,0–1,19336607
11–20,5,0.0023,CA,0–1,19336607
2,1757,0.8065,CA,0–1,19336607
21–50,1,0.0005,CA,0–1,19336607
3,46,0.0211,CA,0–1,19336607
4,18,0.0083,CA,0–1,19336607
5,12,0.0055,CA,0–1,19336607
6–10,32,0.0147,CA,0–1,19336607
1,19475,93.3918,CA,"1,000–10,000",19336607
11–20,11,0.0528,CA,"1,000–10,000",19336607
2,1010,4.8434,CA,"1,000–10,000",19336607
21–50,2,0.0096,CA,"1,000–10,000",19336607
3,182,0.8728,CA,"1,000–10,000",19336607
4,86,0.4124,CA,"1,000–10,000",19336607
5,33,0.1583,CA,"1,000–10,000",19336607
6–10,54,0.259,CA,"1,000–10,000",19336607
1,4935,79.5326,CA,"10,000–100,000",19336607
11–20,19,0.3062,CA,"10,000–100,000",19336607
2,963,15.5197,CA,"10,000–100,000",19336607
21–50,6,0.0967,CA,"10,000–100,000",19336607
3,138,2.224,CA,"10,000–100,000",19336607
4,46,0.7413,CA,"10,000–100,000",19336607
5,39,0.6285,CA,"10,000–100,000",19336607
6–10,59,0.9508,CA,"10,000–100,000",19336607
1,12610,90.739,CA,"100–1,000",19336607
11–20,9,0.0648,CA,"100–1,000",19336607
2,990,7.1238,CA,"100–1,000",19336607
21–50,1,0.0072,CA,"100–1,000",19336607
3,144,1.0362,CA,"100–1,000",19336607
4,68,0.4893,CA,"100–1,000",19336607
5,27,0.1943,CA,"100–1,000",19336607
6–10,48,0.3454,CA,"100–1,000",19336607
1,54144,96.9714,CA,1–100,19336607
11–20,7,0.0125,CA,1–100,19336607
2,1437,2.5737,CA,1–100,19336607
3,125,0.2239,CA,1–100,19336607
4,40,0.0716,CA,1–100,19336607
5,31,0.0555,CA,1–100,19336607
6–10,51,0.0913,CA,1–100,19336607
1,932,42.8703,CA,">100,000",19336607
11–20,17,0.782,CA,">100,000",19336607
2,948,43.6063,CA,">100,000",19336607
21–50,7,0.322,CA,">100,000",19336607
3,172,7.9117,CA,">100,000",19336607
4,50,2.2999,CA,">100,000",19336607
5,16,0.736,CA,">100,000",19336607
51–100,4,0.184,CA,">100,000",19336607
6–10,28,1.2879,CA,">100,000",19336607
0,41698,0.5848,EOA,0–1,19336607
1,6561003,92.0174,EOA,0–1,19336607
11–20,2157,0.0303,EOA,0–1,19336607
2,390509,5.4769,EOA,0–1,19336607
21–50,482,0.0068,EOA,0–1,19336607
3,81996,1.15,EOA,0–1,19336607
4,27236,0.382,EOA,0–1,19336607
5,13095,0.1837,EOA,0–1,19336607
51–100,126,0.0018,EOA,0–1,19336607
6–10,11750,0.1648,EOA,0–1,19336607
>100,122,0.0017,EOA,0–1,19336607
1,621851,46.8035,EOA,"1,000–10,000",19336607
11–20,37067,2.7898,EOA,"1,000–10,000",19336607
2,251532,18.9315,EOA,"1,000–10,000",19336607
21–50,7280,0.5479,EOA,"1,000–10,000",19336607
3,143005,10.7633,EOA,"1,000–10,000",19336607
4,90140,6.7844,EOA,"1,000–10,000",19336607
5,59769,4.4985,EOA,"1,000–10,000",19336607
51–100,391,0.0294,EOA,"1,000–10,000",19336607
6–10,117471,8.8414,EOA,"1,000–10,000",19336607
>100,135,0.0102,EOA,"1,000–10,000",19336607
1,170955,41.8214,EOA,"10,000–100,000",19336607
11–20,24356,5.9583,EOA,"10,000–100,000",19336607
2,69161,16.9191,EOA,"10,000–100,000",19336607
21–50,8157,1.9955,EOA,"10,000–100,000",19336607
3,39560,9.6777,EOA,"10,000–100,000",19336607
4,27194,6.6526,EOA,"10,000–100,000",19336607
5,19663,4.8102,EOA,"10,000–100,000",19336607
51–100,741,0.1813,EOA,"10,000–100,000",19336607
6–10,48809,11.9403,EOA,"10,000–100,000",19336607
>100,178,0.0435,EOA,"10,000–100,000",19336607
1,2514539,70.2283,EOA,"100–1,000",19336607
11–20,16430,0.4589,EOA,"100–1,000",19336607
2,562221,15.7022,EOA,"100–1,000",19336607
21–50,2679,0.0748,EOA,"100–1,000",19336607
3,228139,6.3717,EOA,"100–1,000",19336607
4,111234,3.1066,EOA,"100–1,000",19336607
5,59694,1.6672,EOA,"100–1,000",19336607
51–100,173,0.0048,EOA,"100–1,000",19336607
6–10,85340,2.3835,EOA,"100–1,000",19336607
>100,71,0.002,EOA,"100–1,000",19336607
1,10798145,86.322,EOA,1–100,19336607
11–20,9575,0.0765,EOA,1–100,19336607
2,1211008,9.681,EOA,1–100,19336607
21–50,1864,0.0149,EOA,1–100,19336607
3,285254,2.2804,EOA,1–100,19336607
4,103768,0.8295,EOA,1–100,19336607
5,46603,0.3726,EOA,1–100,19336607
51–100,172,0.0014,EOA,1–100,19336607
6–10,52665,0.421,EOA,1–100,19336607
>100,99,0.0008,EOA,1–100,19336607
1,77256,58.4653,EOA,">100,000",19336607
11–20,4659,3.5258,EOA,">100,000",19336607
2,20090,15.2036,EOA,">100,000",19336607
21–50,2305,1.7444,EOA,">100,000",19336607
3,9293,7.0327,EOA,">100,000",19336607
4,5691,4.3068,EOA,">100,000",19336607
5,3730,2.8228,EOA,">100,000",19336607
51–100,411,0.311,EOA,">100,000",19336607
6–10,8435,6.3834,EOA,">100,000",19336607
>100,270,0.2043,EOA,">100,000",19336607
0,11,0.005,CA,0–1,19557289
1,218837,99.1451,CA,0–1,19557289
11–20,5,0.0023,CA,0–1,19557289
2,1761,0.7978,CA,0–1,19557289
21–50,1,0.0005,CA,0–1,19557289
3,45,0.0204,CA,0–1,19557289
4,19,0.0086,CA,0–1,19557289
5,12,0.0054,CA,0–1,19557289
6–10,33,0.015,CA,0–1,19557289
1,19349,93.2302,CA,"1,000–10,000",19557289
11–20,11,0.053,CA,"1,000–10,000",19557289
2,1011,4.8714,CA,"1,000–10,000",19557289
21–50,3,0.0145,CA,"1,000–10,000",19557289
3,195,0.9396,CA,"1,000–10,000",19557289
4,90,0.4337,CA,"1,000–10,000",19557289
5,43,0.2072,CA,"1,000–10,000",19557289
6–10,52,0.2506,CA,"1,000–10,000",19557289
1,5444,80.5325,CA,"10,000–100,000",19557289
11–20,17,0.2515,CA,"10,000–100,000",19557289
2,985,14.571,CA,"10,000–100,000",19557289
21–50,5,0.074,CA,"10,000–100,000",19557289
3,146,2.1598,CA,"10,000–100,000",19557289
4,56,0.8284,CA,"10,000–100,000",19557289
5,43,0.6361,CA,"10,000–100,000",19557289
6–10,64,0.9467,CA,"10,000–100,000",19557289
1,13211,91.035,CA,"100–1,000",19557289
11–20,8,0.0551,CA,"100–1,000",19557289
2,1014,6.9873,CA,"100–1,000",19557289
21–50,1,0.0069,CA,"100–1,000",19557289
3,145,0.9992,CA,"100–1,000",19557289
4,65,0.4479,CA,"100–1,000",19557289
5,23,0.1585,CA,"100–1,000",19557289
6–10,45,0.3101,CA,"100–1,000",19557289
1,55148,97.0181,CA,1–100,19557289
11–20,7,0.0123,CA,1–100,19557289
2,1447,2.5456,CA,1–100,19557289
3,121,0.2129,CA,1–100,19557289
4,37,0.0651,CA,1–100,19557289
5,31,0.0545,CA,1–100,19557289
6–10,52,0.0915,CA,1–100,19557289
1,1025,42.6195,CA,">100,000",19557289
11–20,20,0.8316,CA,">100,000",19557289
2,1064,44.2412,CA,">100,000",19557289
21–50,9,0.3742,CA,">100,000",19557289
3,180,7.4844,CA,">100,000",19557289
4,52,2.1622,CA,">100,000",19557289
5,19,0.79,CA,">100,000",19557289
51–100,4,0.1663,CA,">100,000",19557289
6–10,32,1.3306,CA,">100,000",19557289
0,41733,0.5863,EOA,0–1,19557289
1,6541984,91.9019,EOA,0–1,19557289
11–20,2199,0.0309,EOA,0–1,19557289
2,397386,5.5825,EOA,0–1,19557289
21–50,482,0.0068,EOA,0–1,19557289
3,82438,1.1581,EOA,0–1,19557289
4,27268,0.3831,EOA,0–1,19557289
5,12920,0.1815,EOA,0–1,19557289
51–100,133,0.0019,EOA,0–1,19557289
6–10,11772,0.1654,EOA,0–1,19557289
>100,124,0.0017,EOA,0–1,19557289
1,762140,47.7816,EOA,"1,000–10,000",19557289
11–20,38280,2.3999,EOA,"1,000–10,000",19557289
2,307018,19.2482,EOA,"1,000–10,000",19557289
21–50,7127,0.4468,EOA,"1,000–10,000",19557289
3,172752,10.8305,EOA,"1,000–10,000",19557289
4,106577,6.6817,EOA,"1,000–10,000",19557289
5,69269,4.3428,EOA,"1,000–10,000",19557289
51–100,364,0.0228,EOA,"1,000–10,000",19557289
6–10,131384,8.237,EOA,"1,000–10,000",19557289
>100,138,0.0087,EOA,"1,000–10,000",19557289
1,191456,39.2744,EOA,"10,000–100,000",19557289
11–20,31314,6.4236,EOA,"10,000–100,000",19557289
2,81286,16.6746,EOA,"10,000–100,000",19557289
21–50,9837,2.0179,EOA,"10,000–100,000",19557289
3,49189,10.0904,EOA,"10,000–100,000",19557289
4,34816,7.142,EOA,"10,000–100,000",19557289
5,25091,5.1471,EOA,"10,000–100,000",19557289
51–100,846,0.1735,EOA,"10,000–100,000",19557289
6–10,63448,13.0154,EOA,"10,000–100,000",19557289
>100,200,0.041,EOA,"10,000–100,000",19557289
1,3039475,72.5291,EOA,"100–1,000",19557289
11–20,15134,0.3611,EOA,"100–1,000",19557289
2,640348,15.2802,EOA,"100–1,000",19557289
21–50,2532,0.0604,EOA,"100–1,000",19557289
3,240603,5.7414,EOA,"100–1,000",19557289
4,112663,2.6884,EOA,"100–1,000",19557289
5,58677,1.4002,EOA,"100–1,000",19557289
51–100,165,0.0039,EOA,"100–1,000",19557289
6–10,81032,1.9336,EOA,"100–1,000",19557289
>100,69,0.0016,EOA,"100–1,000",19557289
1,10743390,86.7836,EOA,1–100,19557289
11–20,9303,0.0751,EOA,1–100,19557289
2,1161030,9.3786,EOA,1–100,19557289
21–50,1871,0.0151,EOA,1–100,19557289
3,270282,2.1833,EOA,1–100,19557289
4,98477,0.7955,EOA,1–100,19557289
5,44440,0.359,EOA,1–100,19557289
51–100,175,0.0014,EOA,1–100,19557289
6–10,50446,0.4075,EOA,1–100,19557289
>100,98,0.0008,EOA,1–100,19557289
1,73533,52.9148,EOA,">100,000",19557289
11–20,6332,4.5565,EOA,">100,000",19557289
2,22404,16.122,EOA,">100,000",19557289
21–50,3114,2.2409,EOA,">100,000",19557289
3,10571,7.607,EOA,">100,000",19557289
4,6733,4.8451,EOA,">100,000",19557289
5,4454,3.2051,EOA,">100,000",19557289
51–100,523,0.3764,EOA,">100,000",19557289
6–10,11004,7.9185,EOA,">100,000",19557289
>100,297,0.2137,EOA,">100,000",19557289
0,11,0.0049,CA,0–1,19771560
1,224282,99.1232,CA,0–1,19771560
11–20,5,0.0022,CA,0–1,19771560
2,1847,0.8163,CA,0–1,19771560
21–50,1,0.0004,CA,0–1,19771560
3,52,0.023,CA,0–1,19771560
4,20,0.0088,CA,0–1,19771560
5,12,0.0053,CA,0–1,19771560
6–10,36,0.0159,CA,0–1,19771560
1,19575,93.13,CA,"1,000–10,000",19771560
11–20,9,0.0428,CA,"1,000–10,000",19771560
2,1028,4.8908,CA,"1,000–10,000",19771560
21–50,3,0.0143,CA,"1,000–10,000",19771560
3,206,0.9801,CA,"1,000–10,000",19771560
4,89,0.4234,CA,"1,000–10,000",19771560
5,46,0.2188,CA,"1,000–10,000",19771560
6–10,63,0.2997,CA,"1,000–10,000",19771560
1,4650,77.3196,CA,"10,000–100,000",19771560
11–20,21,0.3492,CA,"10,000–100,000",19771560
2,1048,17.426,CA,"10,000–100,000",19771560
21–50,6,0.0998,CA,"10,000–100,000",19771560
3,136,2.2614,CA,"10,000–100,000",19771560
4,52,0.8646,CA,"10,000–100,000",19771560
5,39,0.6485,CA,"10,000–100,000",19771560
6–10,62,1.0309,CA,"10,000–100,000",19771560
1,12503,90.2939,CA,"100–1,000",19771560
11–20,10,0.0722,CA,"100–1,000",19771560
2,1040,7.5107,CA,"100–1,000",19771560
21–50,1,0.0072,CA,"100–1,000",19771560
3,149,1.076,CA,"100–1,000",19771560
4,67,0.4839,CA,"100–1,000",19771560
5,28,0.2022,CA,"100–1,000",19771560
6–10,49,0.3539,CA,"100–1,000",19771560
1,56600,96.9859,CA,1–100,19771560
11–20,7,0.012,CA,1–100,19771560
2,1490,2.5532,CA,1–100,19771560
3,133,0.2279,CA,1–100,19771560
4,44,0.0754,CA,1–100,19771560
5,33,0.0565,CA,1–100,19771560
6–10,52,0.0891,CA,1–100,19771560
1,842,39.7733,CA,">100,000",19771560
11–20,16,0.7558,CA,">100,000",19771560
2,981,46.3392,CA,">100,000",19771560
21–50,9,0.4251,CA,">100,000",19771560
3,170,8.0302,CA,">100,000",19771560
4,50,2.3618,CA,">100,000",19771560
5,19,0.8975,CA,">100,000",19771560
51–100,4,0.1889,CA,">100,000",19771560
6–10,26,1.2282,CA,">100,000",19771560
0,41731,0.545,EOA,0–1,19771560
1,7031224,91.8273,EOA,0–1,19771560
11–20,2548,0.0333,EOA,0–1,19771560
2,431414,5.6342,EOA,0–1,19771560
21–50,556,0.0073,EOA,0–1,19771560
3,90679,1.1843,EOA,0–1,19771560
4,30801,0.4023,EOA,0–1,19771560
5,14480,0.1891,EOA,0–1,19771560
51–100,140,0.0018,EOA,0–1,19771560
6–10,13304,0.1737,EOA,0–1,19771560
>100,132,0.0017,EOA,0–1,19771560
1,638260,45.7275,EOA,"1,000–10,000",19771560
11–20,43483,3.1153,EOA,"1,000–10,000",19771560
2,258679,18.5328,EOA,"1,000–10,000",19771560
21–50,8852,0.6342,EOA,"1,000–10,000",19771560
3,151084,10.8243,EOA,"1,000–10,000",19771560
4,96965,6.947,EOA,"1,000–10,000",19771560
5,65256,4.6752,EOA,"1,000–10,000",19771560
51–100,478,0.0342,EOA,"1,000–10,000",19771560
6–10,132570,9.4978,EOA,"1,000–10,000",19771560
>100,164,0.0117,EOA,"1,000–10,000",19771560
1,156697,40.1085,EOA,"10,000–100,000",19771560
11–20,25845,6.6153,EOA,"10,000–100,000",19771560
2,65269,16.7064,EOA,"10,000–100,000",19771560
21–50,9084,2.3252,EOA,"10,000–100,000",19771560
3,37931,9.7089,EOA,"10,000–100,000",19771560
4,26433,6.7658,EOA,"10,000–100,000",19771560
5,19280,4.9349,EOA,"10,000–100,000",19771560
51–100,877,0.2245,EOA,"10,000–100,000",19771560
6–10,49060,12.5575,EOA,"10,000–100,000",19771560
>100,207,0.053,EOA,"10,000–100,000",19771560
1,2676120,69.4918,EOA,"100–1,000",19771560
11–20,18840,0.4892,EOA,"100–1,000",19771560
2,617049,16.0231,EOA,"100–1,000",19771560
21–50,3143,0.0816,EOA,"100–1,000",19771560
3,250537,6.5058,EOA,"100–1,000",19771560
4,122501,3.181,EOA,"100–1,000",19771560
5,66625,1.7301,EOA,"100–1,000",19771560
51–100,208,0.0054,EOA,"100–1,000",19771560
6–10,95888,2.49,EOA,"100–1,000",19771560
>100,76,0.002,EOA,"100–1,000",19771560
1,11149051,85.9462,EOA,1–100,19771560
11–20,11286,0.087,EOA,1–100,19771560
2,1273014,9.8135,EOA,1–100,19771560
21–50,2276,0.0175,EOA,1–100,19771560
3,307921,2.3737,EOA,1–100,19771560
4,114348,0.8815,EOA,1–100,19771560
5,52672,0.406,EOA,1–100,19771560
51–100,201,0.0015,EOA,1–100,19771560
6–10,61246,0.4721,EOA,1–100,19771560
>100,117,0.0009,EOA,1–100,19771560
1,52884,50.3936,EOA,">100,000",19771560
11–20,4481,4.27,EOA,">100,000",19771560
2,19277,18.3692,EOA,">100,000",19771560
21–50,2269,2.1621,EOA,">100,000",19771560
3,8574,8.1702,EOA,">100,000",19771560
4,5363,5.1104,EOA,">100,000",19771560
5,3372,3.2132,EOA,">100,000",19771560
51–100,412,0.3926,EOA,">100,000",19771560
6–10,8031,7.6528,EOA,">100,000",19771560
>100,279,0.2659,EOA,">100,000",19771560
0,11,0.0048,CA,0–1,19993250
1,229559,99.138,CA,0–1,19993250
11–20,5,0.0022,CA,0–1,19993250
2,1865,0.8054,CA,0–1,19993250
21–50,1,0.0004,CA,0–1,19993250
3,50,0.0216,CA,0–1,19993250
4,19,0.0082,CA,0–1,19993250
5,12,0.0052,CA,0–1,19993250
6–10,33,0.0143,CA,0–1,19993250
1,19693,93.1375,CA,"1,000–10,000",19993250
11–20,13,0.0615,CA,"1,000–10,000",19993250
2,1023,4.8383,CA,"1,000–10,000",19993250
21–50,3,0.0142,CA,"1,000–10,000",19993250
3,208,0.9837,CA,"1,000–10,000",19993250
4,95,0.4493,CA,"1,000–10,000",19993250
5,43,0.2034,CA,"1,000–10,000",19993250
6–10,66,0.3121,CA,"1,000–10,000",19993250
1,5547,79.9971,CA,"10,000–100,000",19993250
11–20,21,0.3029,CA,"10,000–100,000",19993250
2,1064,15.3447,CA,"10,000–100,000",19993250
21–50,6,0.0865,CA,"10,000–100,000",19993250
3,135,1.9469,CA,"10,000–100,000",19993250
4,57,0.822,CA,"10,000–100,000",19993250
5,38,0.548,CA,"10,000–100,000",19993250
6–10,66,0.9518,CA,"10,000–100,000",19993250
1,13515,90.7656,CA,"100–1,000",19993250
11–20,9,0.0604,CA,"100–1,000",19993250
2,1060,7.1189,CA,"100–1,000",19993250
21–50,1,0.0067,CA,"100–1,000",19993250
3,159,1.0678,CA,"100–1,000",19993250
4,67,0.45,CA,"100–1,000",19993250
5,25,0.1679,CA,"100–1,000",19993250
6–10,54,0.3627,CA,"100–1,000",19993250
1,56870,97.0329,CA,1–100,19993250
11–20,7,0.0119,CA,1–100,19993250
2,1473,2.5133,CA,1–100,19993250
3,130,0.2218,CA,1–100,19993250
4,43,0.0734,CA,1–100,19993250
5,31,0.0529,CA,1–100,19993250
6–10,55,0.0938,CA,1–100,19993250
1,927,39.7342,CA,">100,000",19993250
11–20,17,0.7287,CA,">100,000",19993250
2,1085,46.5066,CA,">100,000",19993250
21–50,8,0.3429,CA,">100,000",19993250
3,183,7.844,CA,">100,000",19993250
4,50,2.1432,CA,">100,000",19993250
5,22,0.943,CA,">100,000",19993250
51–100,5,0.2143,CA,">100,000",19993250
6–10,36,1.5431,CA,">100,000",19993250
0,41725,0.5358,EOA,0–1,19993250
1,7146740,91.7647,EOA,0–1,19993250
11–20,2515,0.0323,EOA,0–1,19993250
2,443469,5.6942,EOA,0–1,19993250
21–50,589,0.0076,EOA,0–1,19993250
3,93015,1.1943,EOA,0–1,19993250
4,31389,0.403,EOA,0–1,19993250
5,14744,0.1893,EOA,0–1,19993250
51–100,140,0.0018,EOA,0–1,19993250
6–10,13659,0.1754,EOA,0–1,19993250
>100,131,0.0017,EOA,0–1,19993250
1,692588,46.1844,EOA,"1,000–10,000",19993250
11–20,43586,2.9065,EOA,"1,000–10,000",19993250
2,283601,18.9116,EOA,"1,000–10,000",19993250
21–50,8722,0.5816,EOA,"1,000–10,000",19993250
3,162888,10.862,EOA,"1,000–10,000",19993250
4,102582,6.8406,EOA,"1,000–10,000",19993250
5,68776,4.5862,EOA,"1,000–10,000",19993250
51–100,498,0.0332,EOA,"1,000–10,000",19993250
6–10,136223,9.0839,EOA,"1,000–10,000",19993250
>100,149,0.0099,EOA,"1,000–10,000",19993250
1,170870,39.001,EOA,"10,000–100,000",19993250
11–20,29042,6.6288,EOA,"10,000–100,000",19993250
2,73891,16.8656,EOA,"10,000–100,000",19993250
21–50,9840,2.246,EOA,"10,000–100,000",19993250
3,43828,10.0037,EOA,"10,000–100,000",19993250
4,30672,7.0009,EOA,"10,000–100,000",19993250
5,22348,5.1009,EOA,"10,000–100,000",19993250
51–100,904,0.2063,EOA,"10,000–100,000",19993250
6–10,56485,12.8927,EOA,"10,000–100,000",19993250
>100,237,0.0541,EOA,"10,000–100,000",19993250
1,2774859,70.0779,EOA,"100–1,000",19993250
11–20,18487,0.4669,EOA,"100–1,000",19993250
2,626038,15.8103,EOA,"100–1,000",19993250
21–50,3175,0.0802,EOA,"100–1,000",19993250
3,254045,6.4158,EOA,"100–1,000",19993250
4,122264,3.0877,EOA,"100–1,000",19993250
5,65929,1.665,EOA,"100–1,000",19993250
51–100,214,0.0054,EOA,"100–1,000",19993250
6–10,94571,2.3884,EOA,"100–1,000",19993250
>100,95,0.0024,EOA,"100–1,000",19993250
1,11118601,85.9632,EOA,1–100,19993250
11–20,11213,0.0867,EOA,1–100,19993250
2,1269467,9.8149,EOA,1–100,19993250
21–50,2238,0.0173,EOA,1–100,19993250
3,306041,2.3661,EOA,1–100,19993250
4,113258,0.8757,EOA,1–100,19993250
5,52287,0.4043,EOA,1–100,19993250
51–100,193,0.0015,EOA,1–100,19993250
6–10,60727,0.4695,EOA,1–100,19993250
>100,112,0.0009,EOA,1–100,19993250
1,55822,48.5565,EOA,">100,000",19993250
11–20,5354,4.6572,EOA,">100,000",19993250
2,20921,18.198,EOA,">100,000",19993250
21–50,2680,2.3312,EOA,">100,000",19993250
3,9587,8.3392,EOA,">100,000",19993250
4,6192,5.3861,EOA,">100,000",19993250
5,4037,3.5116,EOA,">100,000",19993250
51–100,478,0.4158,EOA,">100,000",19993250
6–10,9585,8.3375,EOA,">100,000",19993250
>100,307,0.267,EOA,">100,000",19993250
0,11,0.0046,CA,0–1,20207949
1,238092,99.1327,CA,0–1,20207949
11–20,6,0.0025,CA,0–1,20207949
2,1942,0.8086,CA,0–1,20207949
21–50,1,0.0004,CA,0–1,20207949
3,54,0.0225,CA,0–1,20207949
4,22,0.0092,CA,0–1,20207949
5,12,0.005,CA,0–1,20207949
6–10,35,0.0146,CA,0–1,20207949
1,20973,93.4293,CA,"1,000–10,000",20207949
11–20,15,0.0668,CA,"1,000–10,000",20207949
2,1032,4.5973,CA,"1,000–10,000",20207949
21–50,3,0.0134,CA,"1,000–10,000",20207949
3,208,0.9266,CA,"1,000–10,000",20207949
4,97,0.4321,CA,"1,000–10,000",20207949
5,44,0.196,CA,"1,000–10,000",20207949
6–10,76,0.3386,CA,"1,000–10,000",20207949
1,5165,77.9623,CA,"10,000–100,000",20207949
11–20,24,0.3623,CA,"10,000–100,000",20207949
2,1143,17.2528,CA,"10,000–100,000",20207949
21–50,6,0.0906,CA,"10,000–100,000",20207949
3,134,2.0226,CA,"10,000–100,000",20207949
4,51,0.7698,CA,"10,000–100,000",20207949
5,37,0.5585,CA,"10,000–100,000",20207949
6–10,65,0.9811,CA,"10,000–100,000",20207949
1,13256,90.4291,CA,"100–1,000",20207949
11–20,11,0.075,CA,"100–1,000",20207949
2,1067,7.2788,CA,"100–1,000",20207949
21–50,1,0.0068,CA,"100–1,000",20207949
3,166,1.1324,CA,"100–1,000",20207949
4,73,0.498,CA,"100–1,000",20207949
5,28,0.191,CA,"100–1,000",20207949
6–10,57,0.3888,CA,"100–1,000",20207949
1,57734,96.9358,CA,1–100,20207949
11–20,6,0.0101,CA,1–100,20207949
2,1546,2.5957,CA,1–100,20207949
3,136,0.2283,CA,1–100,20207949
4,46,0.0772,CA,1–100,20207949
5,34,0.0571,CA,1–100,20207949
6–10,57,0.0957,CA,1–100,20207949
1,808,37.529,CA,">100,000",20207949
11–20,16,0.7431,CA,">100,000",20207949
2,1039,48.2582,CA,">100,000",20207949
21–50,8,0.3716,CA,">100,000",20207949
3,174,8.0817,CA,">100,000",20207949
4,47,2.183,CA,">100,000",20207949
5,21,0.9754,CA,">100,000",20207949
51–100,5,0.2322,CA,">100,000",20207949
6–10,35,1.6256,CA,">100,000",20207949
0,41726,0.5097,EOA,0–1,20207949
1,7491648,91.5197,EOA,0–1,20207949
11–20,2970,0.0363,EOA,0–1,20207949
2,479602,5.8589,EOA,0–1,20207949
21–50,731,0.0089,EOA,0–1,20207949
3,102895,1.257,EOA,0–1,20207949
4,34621,0.4229,EOA,0–1,20207949
5,16149,0.1973,EOA,0–1,20207949
51–100,169,0.0021,EOA,0–1,20207949
6–10,15165,0.1853,EOA,0–1,20207949
>100,151,0.0018,EOA,0–1,20207949
1,606719,44.9649,EOA,"1,000–10,000",20207949
11–20,45914,3.4028,EOA,"1,000–10,000",20207949
2,248548,18.4203,EOA,"1,000–10,000",20207949
21–50,9977,0.7394,EOA,"1,000–10,000",20207949
3,145514,10.7843,EOA,"1,000–10,000",20207949
4,94287,6.9878,EOA,"1,000–10,000",20207949
5,64259,4.7623,EOA,"1,000–10,000",20207949
51–100,603,0.0447,EOA,"1,000–10,000",20207949
6–10,133332,9.8815,EOA,"1,000–10,000",20207949
>100,163,0.0121,EOA,"1,000–10,000",20207949
1,155452,40.5074,EOA,"10,000–100,000",20207949
11–20,25274,6.5859,EOA,"10,000–100,000",20207949
2,64056,16.6916,EOA,"10,000–100,000",20207949
21–50,8965,2.3361,EOA,"10,000–100,000",20207949
3,37017,9.6458,EOA,"10,000–100,000",20207949
4,25805,6.7242,EOA,"10,000–100,000",20207949
5,18646,4.8587,EOA,"10,000–100,000",20207949
51–100,922,0.2403,EOA,"10,000–100,000",20207949
6–10,47379,12.3459,EOA,"10,000–100,000",20207949
>100,246,0.0641,EOA,"10,000–100,000",20207949
1,2584020,68.5338,EOA,"100–1,000",20207949
11–20,21845,0.5794,EOA,"100–1,000",20207949
2,600852,15.9359,EOA,"100–1,000",20207949
21–50,3627,0.0962,EOA,"100–1,000",20207949
3,255081,6.7653,EOA,"100–1,000",20207949
4,127688,3.3866,EOA,"100–1,000",20207949
5,70953,1.8818,EOA,"100–1,000",20207949
51–100,260,0.0069,EOA,"100–1,000",20207949
6–10,106008,2.8116,EOA,"100–1,000",20207949
>100,99,0.0026,EOA,"100–1,000",20207949
1,11253602,85.1859,EOA,1–100,20207949
11–20,12704,0.0962,EOA,1–100,20207949
2,1350439,10.2224,EOA,1–100,20207949
21–50,2534,0.0192,EOA,1–100,20207949
3,335551,2.54,EOA,1–100,20207949
4,126438,0.9571,EOA,1–100,20207949
5,59085,0.4473,EOA,1–100,20207949
51–100,213,0.0016,EOA,1–100,20207949
6–10,69954,0.5295,EOA,1–100,20207949
>100,115,0.0009,EOA,1–100,20207949
1,52780,50.4203,EOA,">100,000",20207949
11–20,4337,4.1431,EOA,">100,000",20207949
2,19338,18.4734,EOA,">100,000",20207949
21–50,2230,2.1303,EOA,">100,000",20207949
3,8504,8.1238,EOA,">100,000",20207949
4,5191,4.9589,EOA,">100,000",20207949
5,3543,3.3846,EOA,">100,000",20207949
51–100,400,0.3821,EOA,">100,000",20207949
6–10,8050,7.6901,EOA,">100,000",20207949
>100,307,0.2933,EOA,">100,000",20207949
0,11,0.0044,CA,0–1,20429973
1,247928,99.1407,CA,0–1,20429973
11–20,7,0.0028,CA,0–1,20429973
2,2001,0.8002,CA,0–1,20429973
21–50,1,0.0004,CA,0–1,20429973
3,55,0.022,CA,0–1,20429973
4,23,0.0092,CA,0–1,20429973
5,13,0.0052,CA,0–1,20429973
6–10,38,0.0152,CA,0–1,20429973
1,22581,93.7671,CA,"1,000–10,000",20429973
11–20,16,0.0664,CA,"1,000–10,000",20429973
2,1050,4.3601,CA,"1,000–10,000",20429973
21–50,2,0.0083,CA,"1,000–10,000",20429973
3,206,0.8554,CA,"1,000–10,000",20429973
4,99,0.4111,CA,"1,000–10,000",20429973
5,50,0.2076,CA,"1,000–10,000",20429973
6–10,78,0.3239,CA,"1,000–10,000",20429973
1,4712,75.9755,CA,"10,000–100,000",20429973
11–20,26,0.4192,CA,"10,000–100,000",20429973
2,1176,18.9616,CA,"10,000–100,000",20429973
21–50,8,0.129,CA,"10,000–100,000",20429973
3,132,2.1283,CA,"10,000–100,000",20429973
4,46,0.7417,CA,"10,000–100,000",20429973
5,33,0.5321,CA,"10,000–100,000",20429973
6–10,69,1.1125,CA,"10,000–100,000",20429973
1,12901,89.9589,CA,"100–1,000",20429973
11–20,10,0.0697,CA,"100–1,000",20429973
2,1081,7.5378,CA,"100–1,000",20429973
21–50,1,0.007,CA,"100–1,000",20429973
3,181,1.2621,CA,"100–1,000",20429973
4,73,0.509,CA,"100–1,000",20429973
5,34,0.2371,CA,"100–1,000",20429973
6–10,60,0.4184,CA,"100–1,000",20429973
1,58657,96.8929,CA,1–100,20429973
11–20,10,0.0165,CA,1–100,20429973
2,1581,2.6116,CA,1–100,20429973
3,146,0.2412,CA,1–100,20429973
4,51,0.0842,CA,1–100,20429973
5,35,0.0578,CA,1–100,20429973
6–10,58,0.0958,CA,1–100,20429973
1,767,36.8219,CA,">100,000",20429973
11–20,14,0.6721,CA,">100,000",20429973
2,1016,48.7758,CA,">100,000",20429973
21–50,7,0.3361,CA,">100,000",20429973
3,173,8.3053,CA,">100,000",20429973
4,48,2.3044,CA,">100,000",20429973
5,22,1.0562,CA,">100,000",20429973
51–100,5,0.24,CA,">100,000",20429973
6–10,31,1.4882,CA,">100,000",20429973
0,43745,0.5023,EOA,0–1,20429973
1,7976090,91.59,EOA,0–1,20429973
11–20,3298,0.0379,EOA,0–1,20429973
2,506065,5.8112,EOA,0–1,20429973
21–50,802,0.0092,EOA,0–1,20429973
3,107990,1.2401,EOA,0–1,20429973
4,36623,0.4205,EOA,0–1,20429973
5,17131,0.1967,EOA,0–1,20429973
51–100,183,0.0021,EOA,0–1,20429973
6–10,16391,0.1882,EOA,0–1,20429973
>100,154,0.0018,EOA,0–1,20429973
1,590647,45.1968,EOA,"1,000–10,000",20429973
11–20,46658,3.5703,EOA,"1,000–10,000",20429973
2,234914,17.9758,EOA,"1,000–10,000",20429973
21–50,10364,0.7931,EOA,"1,000–10,000",20429973
3,138595,10.6054,EOA,"1,000–10,000",20429973
4,90817,6.9494,EOA,"1,000–10,000",20429973
5,62283,4.7659,EOA,"1,000–10,000",20429973
51–100,684,0.0523,EOA,"1,000–10,000",20429973
6–10,131687,10.0768,EOA,"1,000–10,000",20429973
>100,185,0.0142,EOA,"1,000–10,000",20429973
1,148674,41.2379,EOA,"10,000–100,000",20429973
11–20,23728,6.5815,EOA,"10,000–100,000",20429973
2,59584,16.5269,EOA,"10,000–100,000",20429973
21–50,8687,2.4095,EOA,"10,000–100,000",20429973
3,34083,9.4536,EOA,"10,000–100,000",20429973
4,23592,6.5437,EOA,"10,000–100,000",20429973
5,17215,4.7749,EOA,"10,000–100,000",20429973
51–100,884,0.2452,EOA,"10,000–100,000",20429973
6–10,43837,12.1591,EOA,"10,000–100,000",20429973
>100,244,0.0677,EOA,"10,000–100,000",20429973
1,2553663,68.1417,EOA,"100–1,000",20429973
11–20,23514,0.6274,EOA,"100–1,000",20429973
2,595537,15.8913,EOA,"100–1,000",20429973
21–50,3973,0.106,EOA,"100–1,000",20429973
3,255997,6.831,EOA,"100–1,000",20429973
4,130174,3.4736,EOA,"100–1,000",20429973
5,73211,1.9536,EOA,"100–1,000",20429973
51–100,295,0.0079,EOA,"100–1,000",20429973
6–10,111102,2.9646,EOA,"100–1,000",20429973
>100,112,0.003,EOA,"100–1,000",20429973
1,11097352,84.5411,EOA,1–100,20429973
11–20,13949,0.1063,EOA,1–100,20429973
2,1387944,10.5735,EOA,1–100,20429973
21–50,2863,0.0218,EOA,1–100,20429973
3,350981,2.6738,EOA,1–100,20429973
4,134289,1.023,EOA,1–100,20429973
5,63004,0.48,EOA,1–100,20429973
51–100,243,0.0019,EOA,1–100,20429973
6–10,75834,0.5777,EOA,1–100,20429973
>100,121,0.0009,EOA,1–100,20429973
1,51403,51.0868,EOA,">100,000",20429973
11–20,4110,4.0847,EOA,">100,000",20429973
2,18435,18.3216,EOA,">100,000",20429973
21–50,2085,2.0722,EOA,">100,000",20429973
3,8085,8.0353,EOA,">100,000",20429973
4,4658,4.6293,EOA,">100,000",20429973
5,3161,3.1416,EOA,">100,000",20429973
51–100,385,0.3826,EOA,">100,000",20429973
6–10,7992,7.9428,EOA,">100,000",20429973
>100,305,0.3031,EOA,">100,000",20429973
0,11,0.0042,CA,0–1,20651994
1,259702,99.1501,CA,0–1,20651994
11–20,7,0.0027,CA,0–1,20651994
2,2072,0.7911,CA,0–1,20651994
21–50,1,0.0004,CA,0–1,20651994
3,58,0.0221,CA,0–1,20651994
4,25,0.0095,CA,0–1,20651994
5,13,0.005,CA,0–1,20651994
6–10,39,0.0149,CA,0–1,20651994
1,23498,93.8906,CA,"1,000–10,000",20651994
11–20,19,0.0759,CA,"1,000–10,000",20651994
2,1057,4.2234,CA,"1,000–10,000",20651994
21–50,3,0.012,CA,"1,000–10,000",20651994
3,214,0.8551,CA,"1,000–10,000",20651994
4,98,0.3916,CA,"1,000–10,000",20651994
5,53,0.2118,CA,"1,000–10,000",20651994
6–10,85,0.3396,CA,"1,000–10,000",20651994
1,3630,69.9961,CA,"10,000–100,000",20651994
11–20,23,0.4435,CA,"10,000–100,000",20651994
2,1233,23.7755,CA,"10,000–100,000",20651994
21–50,8,0.1543,CA,"10,000–100,000",20651994
3,152,2.931,CA,"10,000–100,000",20651994
4,47,0.9063,CA,"10,000–100,000",20651994
5,30,0.5785,CA,"10,000–100,000",20651994
6–10,63,1.2148,CA,"10,000–100,000",20651994
1,12469,89.499,CA,"100–1,000",20651994
11–20,11,0.079,CA,"100–1,000",20651994
2,1098,7.8811,CA,"100–1,000",20651994
21–50,1,0.0072,CA,"100–1,000",20651994
3,180,1.292,CA,"100–1,000",20651994
4,75,0.5383,CA,"100–1,000",20651994
5,34,0.244,CA,"100–1,000",20651994
6–10,64,0.4594,CA,"100–1,000",20651994
1,58930,96.7843,CA,1–100,20651994
11–20,10,0.0164,CA,1–100,20651994
2,1646,2.7033,CA,1–100,20651994
3,159,0.2611,CA,1–100,20651994
4,52,0.0854,CA,1–100,20651994
5,35,0.0575,CA,1–100,20651994
6–10,56,0.092,CA,1–100,20651994
1,614,33.7177,CA,">100,000",20651994
11–20,14,0.7688,CA,">100,000",20651994
2,925,50.7963,CA,">100,000",20651994
21–50,7,0.3844,CA,">100,000",20651994
3,153,8.402,CA,">100,000",20651994
4,48,2.6359,CA,">100,000",20651994
5,24,1.318,CA,">100,000",20651994
51–100,5,0.2746,CA,">100,000",20651994
6–10,31,1.7024,CA,">100,000",20651994
0,43741,0.4717,EOA,0–1,20651994
1,8487019,91.5169,EOA,0–1,20651994
11–20,3721,0.0401,EOA,0–1,20651994
2,544558,5.8721,EOA,0–1,20651994
21–50,918,0.0099,EOA,0–1,20651994
3,117057,1.2622,EOA,0–1,20651994
4,39906,0.4303,EOA,0–1,20651994
5,18531,0.1998,EOA,0–1,20651994
51–100,195,0.0021,EOA,0–1,20651994
6–10,17913,0.1932,EOA,0–1,20651994
>100,161,0.0017,EOA,0–1,20651994
1,556320,45.2066,EOA,"1,000–10,000",20651994
11–20,47053,3.8235,EOA,"1,000–10,000",20651994
2,216903,17.6256,EOA,"1,000–10,000",20651994
21–50,11032,0.8965,EOA,"1,000–10,000",20651994
3,128215,10.4188,EOA,"1,000–10,000",20651994
4,84773,6.8887,EOA,"1,000–10,000",20651994
5,58495,4.7533,EOA,"1,000–10,000",20651994
51–100,757,0.0615,EOA,"1,000–10,000",20651994
6–10,126864,10.309,EOA,"1,000–10,000",20651994
>100,204,0.0166,EOA,"1,000–10,000",20651994
1,136798,42.166,EOA,"10,000–100,000",20651994
11–20,20847,6.4258,EOA,"10,000–100,000",20651994
2,53786,16.5788,EOA,"10,000–100,000",20651994
21–50,7946,2.4492,EOA,"10,000–100,000",20651994
3,29950,9.2317,EOA,"10,000–100,000",20651994
4,20757,6.398,EOA,"10,000–100,000",20651994
5,14939,4.6047,EOA,"10,000–100,000",20651994
51–100,881,0.2716,EOA,"10,000–100,000",20651994
6–10,38285,11.8008,EOA,"10,000–100,000",20651994
>100,238,0.0734,EOA,"10,000–100,000",20651994
1,2436888,67.4181,EOA,"100–1,000",20651994
11–20,26318,0.7281,EOA,"100–1,000",20651994
2,571037,15.7981,EOA,"100–1,000",20651994
21–50,4521,0.1251,EOA,"100–1,000",20651994
3,251674,6.9627,EOA,"100–1,000",20651994
4,130941,3.6226,EOA,"100–1,000",20651994
5,75101,2.0777,EOA,"100–1,000",20651994
51–100,307,0.0085,EOA,"100–1,000",20651994
6–10,117681,3.2557,EOA,"100–1,000",20651994
>100,123,0.0034,EOA,"100–1,000",20651994
1,11025455,83.8551,EOA,1–100,20651994
11–20,15605,0.1187,EOA,1–100,20651994
2,1430848,10.8824,EOA,1–100,20651994
21–50,3166,0.0241,EOA,1–100,20651994
3,373520,2.8408,EOA,1–100,20651994
4,145174,1.1041,EOA,1–100,20651994
5,69155,0.526,EOA,1–100,20651994
51–100,284,0.0022,EOA,1–100,20651994
6–10,84892,0.6457,EOA,1–100,20651994
>100,124,0.0009,EOA,1–100,20651994
1,47392,51.9012,EOA,">100,000",20651994
11–20,3455,3.7837,EOA,">100,000",20651994
2,17017,18.6361,EOA,">100,000",20651994
21–50,1770,1.9384,EOA,">100,000",20651994
3,7175,7.8577,EOA,">100,000",20651994
4,4169,4.5657,EOA,">100,000",20651994
5,2709,2.9668,EOA,">100,000",20651994
51–100,357,0.391,EOA,">100,000",20651994
6–10,6952,7.6135,EOA,">100,000",20651994
>100,316,0.3461,EOA,">100,000",20651994
0,11,0.0041,CA,0–1,20866919
1,268963,99.1792,CA,0–1,20866919
11–20,7,0.0026,CA,0–1,20866919
2,2076,0.7655,CA,0–1,20866919
21–50,1,0.0004,CA,0–1,20866919
3,56,0.0206,CA,0–1,20866919
4,23,0.0085,CA,0–1,20866919
5,13,0.0048,CA,0–1,20866919
6–10,39,0.0144,CA,0–1,20866919
1,24758,94.1584,CA,"1,000–10,000",20866919
11–20,18,0.0685,CA,"1,000–10,000",20866919
2,1074,4.0846,CA,"1,000–10,000",20866919
21–50,3,0.0114,CA,"1,000–10,000",20866919
3,211,0.8025,CA,"1,000–10,000",20866919
4,95,0.3613,CA,"1,000–10,000",20866919
5,54,0.2054,CA,"1,000–10,000",20866919
6–10,81,0.3081,CA,"1,000–10,000",20866919
1,3961,71.3308,CA,"10,000–100,000",20866919
11–20,26,0.4682,CA,"10,000–100,000",20866919
2,1250,22.5104,CA,"10,000–100,000",20866919
21–50,6,0.108,CA,"10,000–100,000",20866919
3,159,2.8633,CA,"10,000–100,000",20866919
4,50,0.9004,CA,"10,000–100,000",20866919
5,32,0.5763,CA,"10,000–100,000",20866919
6–10,69,1.2426,CA,"10,000–100,000",20866919
1,12791,89.7425,CA,"100–1,000",20866919
11–20,9,0.0631,CA,"100–1,000",20866919
2,1091,7.6545,CA,"100–1,000",20866919
21–50,1,0.007,CA,"100–1,000",20866919
3,189,1.326,CA,"100–1,000",20866919
4,75,0.5262,CA,"100–1,000",20866919
5,32,0.2245,CA,"100–1,000",20866919
6–10,65,0.456,CA,"100–1,000",20866919
1,60053,96.805,CA,1–100,20866919
11–20,10,0.0161,CA,1–100,20866919
2,1671,2.6936,CA,1–100,20866919
3,157,0.2531,CA,1–100,20866919
4,54,0.087,CA,1–100,20866919
5,34,0.0548,CA,1–100,20866919
6–10,56,0.0903,CA,1–100,20866919
1,631,32.4588,CA,">100,000",20866919
11–20,14,0.7202,CA,">100,000",20866919
2,1007,51.8004,CA,">100,000",20866919
21–50,9,0.463,CA,">100,000",20866919
3,161,8.2819,CA,">100,000",20866919
4,57,2.9321,CA,">100,000",20866919
5,27,1.3889,CA,">100,000",20866919
51–100,5,0.2572,CA,">100,000",20866919
6–10,33,1.6975,CA,">100,000",20866919
0,43736,0.4856,EOA,0–1,20866919
1,8248905,91.5934,EOA,0–1,20866919
11–20,3736,0.0415,EOA,0–1,20866919
2,522660,5.8035,EOA,0–1,20866919
21–50,924,0.0103,EOA,0–1,20866919
3,111817,1.2416,EOA,0–1,20866919
4,38283,0.4251,EOA,0–1,20866919
5,17875,0.1985,EOA,0–1,20866919
51–100,187,0.0021,EOA,0–1,20866919
6–10,17710,0.1966,EOA,0–1,20866919
>100,169,0.0019,EOA,0–1,20866919
1,623925,45.5604,EOA,"1,000–10,000",20866919
11–20,49038,3.5809,EOA,"1,000–10,000",20866919
2,244231,17.8343,EOA,"1,000–10,000",20866919
21–50,11144,0.8138,EOA,"1,000–10,000",20866919
3,143927,10.5099,EOA,"1,000–10,000",20866919
4,94229,6.8808,EOA,"1,000–10,000",20866919
5,64824,4.7336,EOA,"1,000–10,000",20866919
51–100,752,0.0549,EOA,"1,000–10,000",20866919
6–10,137160,10.0157,EOA,"1,000–10,000",20866919
>100,215,0.0157,EOA,"1,000–10,000",20866919
1,146161,39.5527,EOA,"10,000–100,000",20866919
11–20,25347,6.8592,EOA,"10,000–100,000",20866919
2,61158,16.55,EOA,"10,000–100,000",20866919
21–50,9196,2.4885,EOA,"10,000–100,000",20866919
3,35618,9.6386,EOA,"10,000–100,000",20866919
4,25177,6.8132,EOA,"10,000–100,000",20866919
5,18362,4.9689,EOA,"10,000–100,000",20866919
51–100,965,0.2611,EOA,"10,000–100,000",20866919
6–10,47291,12.7974,EOA,"10,000–100,000",20866919
>100,260,0.0704,EOA,"10,000–100,000",20866919
1,2686483,68.292,EOA,"100–1,000",20866919
11–20,25258,0.6421,EOA,"100–1,000",20866919
2,619665,15.7523,EOA,"100–1,000",20866919
21–50,4250,0.108,EOA,"100–1,000",20866919
3,266014,6.7622,EOA,"100–1,000",20866919
4,136283,3.4644,EOA,"100–1,000",20866919
5,77471,1.9694,EOA,"100–1,000",20866919
51–100,308,0.0078,EOA,"100–1,000",20866919
6–10,117962,2.9987,EOA,"100–1,000",20866919
>100,123,0.0031,EOA,"100–1,000",20866919
1,11297497,84.5515,EOA,1–100,20866919
11–20,13383,0.1002,EOA,1–100,20866919
2,1414644,10.5873,EOA,1–100,20866919
21–50,2706,0.0203,EOA,1–100,20866919
3,358762,2.685,EOA,1–100,20866919
4,135596,1.0148,EOA,1–100,20866919
5,63274,0.4735,EOA,1–100,20866919
51–100,286,0.0021,EOA,1–100,20866919
6–10,75398,0.5643,EOA,1–100,20866919
>100,127,0.001,EOA,1–100,20866919
1,53145,50.975,EOA,">100,000",20866919
11–20,4445,4.2635,EOA,">100,000",20866919
2,18472,17.7178,EOA,">100,000",20866919
21–50,2278,2.185,EOA,">100,000",20866919
3,8229,7.893,EOA,">100,000",20866919
4,4877,4.6779,EOA,">100,000",20866919
5,3384,3.2458,EOA,">100,000",20866919
51–100,444,0.4259,EOA,">100,000",20866919
6–10,8645,8.292,EOA,">100,000",20866919
>100,338,0.3242,EOA,">100,000",20866919
0,11,0.0039,CA,0–1,21089069
1,277010,99.1836,CA,0–1,21089069
11–20,8,0.0029,CA,0–1,21089069
2,2126,0.7612,CA,0–1,21089069
21–50,1,0.0004,CA,0–1,21089069
3,58,0.0208,CA,0–1,21089069
4,23,0.0082,CA,0–1,21089069
5,13,0.0047,CA,0–1,21089069
6–10,40,0.0143,CA,0–1,21089069
1,25912,94.4074,CA,"1,000–10,000",21089069
11–20,14,0.051,CA,"1,000–10,000",21089069
2,1066,3.8838,CA,"1,000–10,000",21089069
21–50,3,0.0109,CA,"1,000–10,000",21089069
3,214,0.7797,CA,"1,000–10,000",21089069
4,94,0.3425,CA,"1,000–10,000",21089069
5,56,0.204,CA,"1,000–10,000",21089069
6–10,88,0.3206,CA,"1,000–10,000",21089069
1,3943,70.5493,CA,"10,000–100,000",21089069
11–20,29,0.5189,CA,"10,000–100,000",21089069
2,1306,23.3673,CA,"10,000–100,000",21089069
21–50,6,0.1074,CA,"10,000–100,000",21089069
3,152,2.7196,CA,"10,000–100,000",21089069
4,51,0.9125,CA,"10,000–100,000",21089069
5,31,0.5547,CA,"10,000–100,000",21089069
6–10,71,1.2704,CA,"10,000–100,000",21089069
1,12789,89.6467,CA,"100–1,000",21089069
11–20,11,0.0771,CA,"100–1,000",21089069
2,1099,7.7036,CA,"100–1,000",21089069
21–50,1,0.007,CA,"100–1,000",21089069
3,190,1.3318,CA,"100–1,000",21089069
4,81,0.5678,CA,"100–1,000",21089069
5,33,0.2313,CA,"100–1,000",21089069
6–10,62,0.4346,CA,"100–1,000",21089069
1,61303,96.836,CA,1–100,21089069
11–20,10,0.0158,CA,1–100,21089069
2,1685,2.6617,CA,1–100,21089069
3,165,0.2606,CA,1–100,21089069
4,54,0.0853,CA,1–100,21089069
5,34,0.0537,CA,1–100,21089069
6–10,55,0.0869,CA,1–100,21089069
1,608,31.1475,CA,">100,000",21089069
11–20,17,0.8709,CA,">100,000",21089069
2,1036,53.0738,CA,">100,000",21089069
21–50,9,0.4611,CA,">100,000",21089069
3,161,8.248,CA,">100,000",21089069
4,57,2.9201,CA,">100,000",21089069
5,28,1.4344,CA,">100,000",21089069
51–100,5,0.2561,CA,">100,000",21089069
6–10,31,1.5881,CA,">100,000",21089069
0,43747,0.4688,EOA,0–1,21089069
1,8540966,91.5176,EOA,0–1,21089069
11–20,4120,0.0441,EOA,0–1,21089069
2,545024,5.84,EOA,0–1,21089069
21–50,1046,0.0112,EOA,0–1,21089069
3,118262,1.2672,EOA,0–1,21089069
4,40655,0.4356,EOA,0–1,21089069
5,19145,0.2051,EOA,0–1,21089069
51–100,209,0.0022,EOA,0–1,21089069
6–10,19252,0.2063,EOA,0–1,21089069
>100,173,0.0019,EOA,0–1,21089069
1,608360,45.6299,EOA,"1,000–10,000",21089069
11–20,49715,3.7289,EOA,"1,000–10,000",21089069
2,233294,17.4981,EOA,"1,000–10,000",21089069
21–50,11620,0.8716,EOA,"1,000–10,000",21089069
3,139032,10.4281,EOA,"1,000–10,000",21089069
4,91115,6.8341,EOA,"1,000–10,000",21089069
5,63345,4.7512,EOA,"1,000–10,000",21089069
51–100,811,0.0608,EOA,"1,000–10,000",21089069
6–10,135734,10.1807,EOA,"1,000–10,000",21089069
>100,224,0.0168,EOA,"1,000–10,000",21089069
1,143569,39.8934,EOA,"10,000–100,000",21089069
11–20,24828,6.8989,EOA,"10,000–100,000",21089069
2,59212,16.4532,EOA,"10,000–100,000",21089069
21–50,9238,2.567,EOA,"10,000–100,000",21089069
3,34034,9.457,EOA,"10,000–100,000",21089069
4,24155,6.7119,EOA,"10,000–100,000",21089069
5,17601,4.8908,EOA,"10,000–100,000",21089069
51–100,992,0.2756,EOA,"10,000–100,000",21089069
6–10,45971,12.7739,EOA,"10,000–100,000",21089069
>100,282,0.0784,EOA,"10,000–100,000",21089069
1,2524083,67.2154,EOA,"100–1,000",21089069
11–20,26223,0.6983,EOA,"100–1,000",21089069
2,604595,16.1002,EOA,"100–1,000",21089069
21–50,4550,0.1212,EOA,"100–1,000",21089069
3,263388,7.0139,EOA,"100–1,000",21089069
4,135559,3.6099,EOA,"100–1,000",21089069
5,76902,2.0479,EOA,"100–1,000",21089069
51–100,365,0.0097,EOA,"100–1,000",21089069
6–10,119412,3.1799,EOA,"100–1,000",21089069
>100,136,0.0036,EOA,"100–1,000",21089069
1,11452856,84.1253,EOA,1–100,21089069
11–20,15742,0.1156,EOA,1–100,21089069
2,1463937,10.7531,EOA,1–100,21089069
21–50,3285,0.0241,EOA,1–100,21089069
3,378774,2.7822,EOA,1–100,21089069
4,145517,1.0689,EOA,1–100,21089069
5,68823,0.5055,EOA,1–100,21089069
51–100,326,0.0024,EOA,1–100,21089069
6–10,84641,0.6217,EOA,1–100,21089069
>100,147,0.0011,EOA,1–100,21089069
1,51259,50.4017,EOA,">100,000",21089069
11–20,4454,4.3795,EOA,">100,000",21089069
2,18088,17.7855,EOA,">100,000",21089069
21–50,2271,2.233,EOA,">100,000",21089069
3,8043,7.9085,EOA,">100,000",21089069
4,4786,4.706,EOA,">100,000",21089069
5,3310,3.2546,EOA,">100,000",21089069
51–100,459,0.4513,EOA,">100,000",21089069
6–10,8682,8.5368,EOA,">100,000",21089069
>100,349,0.3432,EOA,">100,000",21089069
0,11,0.0039,CA,0–1,21303934
1,279764,99.205,CA,0–1,21303934
11–20,7,0.0025,CA,0–1,21303934
2,2097,0.7436,CA,0–1,21303934
21–50,1,0.0004,CA,0–1,21303934
3,53,0.0188,CA,0–1,21303934
4,23,0.0082,CA,0–1,21303934
5,14,0.005,CA,0–1,21303934
6–10,36,0.0128,CA,0–1,21303934
1,26219,94.4182,CA,"1,000–10,000",21303934
11–20,18,0.0648,CA,"1,000–10,000",21303934
2,1060,3.8172,CA,"1,000–10,000",21303934
21–50,3,0.0108,CA,"1,000–10,000",21303934
3,231,0.8319,CA,"1,000–10,000",21303934
4,106,0.3817,CA,"1,000–10,000",21303934
5,49,0.1765,CA,"1,000–10,000",21303934
6–10,83,0.2989,CA,"1,000–10,000",21303934
1,5598,77.5561,CA,"10,000–100,000",21303934
11–20,26,0.3602,CA,"10,000–100,000",21303934
2,1273,17.6365,CA,"10,000–100,000",21303934
21–50,5,0.0693,CA,"10,000–100,000",21303934
3,147,2.0366,CA,"10,000–100,000",21303934
4,50,0.6927,CA,"10,000–100,000",21303934
5,39,0.5403,CA,"10,000–100,000",21303934
6–10,80,1.1083,CA,"10,000–100,000",21303934
1,14283,90.4503,CA,"100–1,000",21303934
11–20,9,0.057,CA,"100–1,000",21303934
2,1155,7.3143,CA,"100–1,000",21303934
21–50,1,0.0063,CA,"100–1,000",21303934
3,180,1.1399,CA,"100–1,000",21303934
4,79,0.5003,CA,"100–1,000",21303934
5,30,0.19,CA,"100–1,000",21303934
6–10,54,0.342,CA,"100–1,000",21303934
1,62047,96.9878,CA,1–100,21303934
11–20,9,0.0141,CA,1–100,21303934
2,1621,2.5338,CA,1–100,21303934
3,161,0.2517,CA,1–100,21303934
4,46,0.0719,CA,1–100,21303934
5,32,0.05,CA,1–100,21303934
6–10,58,0.0907,CA,1–100,21303934
1,763,32.4543,CA,">100,000",21303934
11–20,24,1.0208,CA,">100,000",21303934
2,1233,52.4458,CA,">100,000",21303934
21–50,9,0.3828,CA,">100,000",21303934
3,185,7.869,CA,">100,000",21303934
4,58,2.467,CA,">100,000",21303934
5,30,1.2761,CA,">100,000",21303934
51–100,6,0.2552,CA,">100,000",21303934
6–10,43,1.829,CA,">100,000",21303934
0,43767,0.5396,EOA,0–1,21303934
1,7364783,90.8027,EOA,0–1,21303934
11–20,3797,0.0468,EOA,0–1,21303934
2,513173,6.3271,EOA,0–1,21303934
21–50,1075,0.0133,EOA,0–1,21303934
3,110462,1.3619,EOA,0–1,21303934
4,37427,0.4614,EOA,0–1,21303934
5,17865,0.2203,EOA,0–1,21303934
51–100,199,0.0025,EOA,0–1,21303934
6–10,18037,0.2224,EOA,0–1,21303934
>100,169,0.0021,EOA,0–1,21303934
1,759885,47.6106,EOA,"1,000–10,000",21303934
11–20,47539,2.9786,EOA,"1,000–10,000",21303934
2,288780,18.0935,EOA,"1,000–10,000",21303934
21–50,10324,0.6468,EOA,"1,000–10,000",21303934
3,166572,10.4366,EOA,"1,000–10,000",21303934
4,105860,6.6327,EOA,"1,000–10,000",21303934
5,71713,4.4932,EOA,"1,000–10,000",21303934
51–100,722,0.0452,EOA,"1,000–10,000",21303934
6–10,144420,9.0486,EOA,"1,000–10,000",21303934
>100,228,0.0143,EOA,"1,000–10,000",21303934
1,176673,37.4421,EOA,"10,000–100,000",21303934
11–20,33491,7.0977,EOA,"10,000–100,000",21303934
2,78174,16.5673,EOA,"10,000–100,000",21303934
21–50,11397,2.4154,EOA,"10,000–100,000",21303934
3,47404,10.0463,EOA,"10,000–100,000",21303934
4,33368,7.0716,EOA,"10,000–100,000",21303934
5,25327,5.3675,EOA,"10,000–100,000",21303934
51–100,1129,0.2393,EOA,"10,000–100,000",21303934
6–10,64613,13.6934,EOA,"10,000–100,000",21303934
>100,280,0.0593,EOA,"10,000–100,000",21303934
1,2902523,69.7425,EOA,"100–1,000",21303934
11–20,22827,0.5485,EOA,"100–1,000",21303934
2,654522,15.727,EOA,"100–1,000",21303934
21–50,4141,0.0995,EOA,"100–1,000",21303934
3,266939,6.4141,EOA,"100–1,000",21303934
4,132306,3.1791,EOA,"100–1,000",21303934
5,71628,1.7211,EOA,"100–1,000",21303934
51–100,328,0.0079,EOA,"100–1,000",21303934
6–10,106426,2.5572,EOA,"100–1,000",21303934
>100,132,0.0032,EOA,"100–1,000",21303934
1,12472941,85.7618,EOA,1–100,21303934
11–20,14426,0.0992,EOA,1–100,21303934
2,1423551,9.7881,EOA,1–100,21303934
21–50,3078,0.0212,EOA,1–100,21303934
3,354391,2.4367,EOA,1–100,21303934
4,134811,0.9269,EOA,1–100,21303934
5,63168,0.4343,EOA,1–100,21303934
51–100,326,0.0022,EOA,1–100,21303934
6–10,76864,0.5285,EOA,1–100,21303934
>100,153,0.0011,EOA,1–100,21303934
1,62008,48.404,EOA,">100,000",21303934
11–20,6731,5.2543,EOA,">100,000",21303934
2,21756,16.9829,EOA,">100,000",21303934
21–50,3323,2.594,EOA,">100,000",21303934
3,10206,7.9669,EOA,">100,000",21303934
4,6290,4.91,EOA,">100,000",21303934
5,4682,3.6548,EOA,">100,000",21303934
51–100,600,0.4684,EOA,">100,000",21303934
6–10,12097,9.443,EOA,">100,000",21303934
>100,412,0.3216,EOA,">100,000",21303934
0,11,0.0039,CA,0–1,21525891
1,283348,99.1959,CA,0–1,21525891
11–20,6,0.0021,CA,0–1,21525891
2,2147,0.7516,CA,0–1,21525891
21–50,1,0.0004,CA,0–1,21525891
3,59,0.0207,CA,0–1,21525891
4,23,0.0081,CA,0–1,21525891
5,14,0.0049,CA,0–1,21525891
6–10,36,0.0126,CA,0–1,21525891
1,26523,94.4551,CA,"1,000–10,000",21525891
11–20,18,0.0641,CA,"1,000–10,000",21525891
2,1057,3.7642,CA,"1,000–10,000",21525891
21–50,3,0.0107,CA,"1,000–10,000",21525891
3,235,0.8369,CA,"1,000–10,000",21525891
4,107,0.3811,CA,"1,000–10,000",21525891
5,49,0.1745,CA,"1,000–10,000",21525891
6–10,88,0.3134,CA,"1,000–10,000",21525891
1,4785,73.797,CA,"10,000–100,000",21525891
11–20,32,0.4935,CA,"10,000–100,000",21525891
2,1337,20.62,CA,"10,000–100,000",21525891
21–50,5,0.0771,CA,"10,000–100,000",21525891
3,161,2.483,CA,"10,000–100,000",21525891
4,50,0.7711,CA,"10,000–100,000",21525891
5,31,0.4781,CA,"10,000–100,000",21525891
6–10,83,1.2801,CA,"10,000–100,000",21525891
1,14026,90.0719,CA,"100–1,000",21525891
11–20,9,0.0578,CA,"100–1,000",21525891
2,1167,7.4942,CA,"100–1,000",21525891
21–50,1,0.0064,CA,"100–1,000",21525891
3,195,1.2522,CA,"100–1,000",21525891
4,87,0.5587,CA,"100–1,000",21525891
5,31,0.1991,CA,"100–1,000",21525891
6–10,56,0.3596,CA,"100–1,000",21525891
1,63128,96.9038,CA,1–100,21525891
11–20,10,0.0154,CA,1–100,21525891
2,1694,2.6004,CA,1–100,21525891
3,166,0.2548,CA,1–100,21525891
4,52,0.0798,CA,1–100,21525891
5,36,0.0553,CA,1–100,21525891
6–10,59,0.0906,CA,1–100,21525891
1,693,31.5,CA,">100,000",21525891
11–20,21,0.9545,CA,">100,000",21525891
2,1174,53.3636,CA,">100,000",21525891
21–50,9,0.4091,CA,">100,000",21525891
3,173,7.8636,CA,">100,000",21525891
4,54,2.4545,CA,">100,000",21525891
5,32,1.4545,CA,">100,000",21525891
51–100,6,0.2727,CA,">100,000",21525891
6–10,38,1.7273,CA,">100,000",21525891
0,43785,0.4892,EOA,0–1,21525891
1,8151788,91.0776,EOA,0–1,21525891
11–20,4129,0.0461,EOA,0–1,21525891
2,550757,6.1534,EOA,0–1,21525891
21–50,1158,0.0129,EOA,0–1,21525891
3,119325,1.3332,EOA,0–1,21525891
4,40295,0.4502,EOA,0–1,21525891
5,19226,0.2148,EOA,0–1,21525891
51–100,203,0.0023,EOA,0–1,21525891
6–10,19528,0.2182,EOA,0–1,21525891
>100,185,0.0021,EOA,0–1,21525891
1,721288,46.6663,EOA,"1,000–10,000",21525891
11–20,50894,3.2928,EOA,"1,000–10,000",21525891
2,277495,17.9535,EOA,"1,000–10,000",21525891
21–50,11469,0.742,EOA,"1,000–10,000",21525891
3,161480,10.4475,EOA,"1,000–10,000",21525891
4,104231,6.7436,EOA,"1,000–10,000",21525891
5,71025,4.5952,EOA,"1,000–10,000",21525891
51–100,804,0.052,EOA,"1,000–10,000",21525891
6–10,146671,9.4894,EOA,"1,000–10,000",21525891
>100,272,0.0176,EOA,"1,000–10,000",21525891
1,173222,38.0663,EOA,"10,000–100,000",21525891
11–20,32368,7.113,EOA,"10,000–100,000",21525891
2,75532,16.5985,EOA,"10,000–100,000",21525891
21–50,11321,2.4878,EOA,"10,000–100,000",21525891
3,44742,9.8323,EOA,"10,000–100,000",21525891
4,31671,6.9598,EOA,"10,000–100,000",21525891
5,23559,5.1772,EOA,"10,000–100,000",21525891
51–100,1192,0.2619,EOA,"10,000–100,000",21525891
6–10,61149,13.4378,EOA,"10,000–100,000",21525891
>100,297,0.0653,EOA,"10,000–100,000",21525891
1,2757094,68.0743,EOA,"100–1,000",21525891
11–20,25385,0.6268,EOA,"100–1,000",21525891
2,655974,16.1964,EOA,"100–1,000",21525891
21–50,4539,0.1121,EOA,"100–1,000",21525891
3,276529,6.8277,EOA,"100–1,000",21525891
4,138598,3.4221,EOA,"100–1,000",21525891
5,76114,1.8793,EOA,"100–1,000",21525891
51–100,348,0.0086,EOA,"100–1,000",21525891
6–10,115402,2.8493,EOA,"100–1,000",21525891
>100,139,0.0034,EOA,"100–1,000",21525891
1,12317384,85.0131,EOA,1–100,21525891
11–20,15871,0.1095,EOA,1–100,21525891
2,1477362,10.1966,EOA,1–100,21525891
21–50,3293,0.0227,EOA,1–100,21525891
3,376508,2.5986,EOA,1–100,21525891
4,144970,1.0006,EOA,1–100,21525891
5,68407,0.4721,EOA,1–100,21525891
51–100,351,0.0024,EOA,1–100,21525891
6–10,84513,0.5833,EOA,1–100,21525891
>100,153,0.0011,EOA,1–100,21525891
1,61351,49.0675,EOA,">100,000",21525891
11–20,6313,5.049,EOA,">100,000",21525891
2,21391,17.1081,EOA,">100,000",21525891
21–50,3094,2.4745,EOA,">100,000",21525891
3,10023,8.0162,EOA,">100,000",21525891
4,6014,4.8099,EOA,">100,000",21525891
5,4397,3.5166,EOA,">100,000",21525891
51–100,594,0.4751,EOA,">100,000",21525891
6–10,11456,9.1623,EOA,">100,000",21525891
>100,401,0.3207,EOA,">100,000",21525891
0,11,0.0038,CA,0–1,21747950
1,287683,99.1884,CA,0–1,21747950
11–20,6,0.0021,CA,0–1,21747950
2,2200,0.7585,CA,0–1,21747950
21–50,1,0.0003,CA,0–1,21747950
3,61,0.021,CA,0–1,21747950
4,23,0.0079,CA,0–1,21747950
5,14,0.0048,CA,0–1,21747950
6–10,38,0.0131,CA,0–1,21747950
1,26947,94.425,CA,"1,000–10,000",21747950
11–20,14,0.0491,CA,"1,000–10,000",21747950
2,1086,3.8055,CA,"1,000–10,000",21747950
21–50,4,0.014,CA,"1,000–10,000",21747950
3,230,0.8059,CA,"1,000–10,000",21747950
4,113,0.396,CA,"1,000–10,000",21747950
5,51,0.1787,CA,"1,000–10,000",21747950
6–10,93,0.3259,CA,"1,000–10,000",21747950
1,4536,72.103,CA,"10,000–100,000",21747950
11–20,31,0.4928,CA,"10,000–100,000",21747950
2,1406,22.3494,CA,"10,000–100,000",21747950
21–50,5,0.0795,CA,"10,000–100,000",21747950
3,152,2.4162,CA,"10,000–100,000",21747950
4,50,0.7948,CA,"10,000–100,000",21747950
5,32,0.5087,CA,"10,000–100,000",21747950
6–10,79,1.2558,CA,"10,000–100,000",21747950
1,13687,89.7214,CA,"100–1,000",21747950
11–20,12,0.0787,CA,"100–1,000",21747950
2,1165,7.6368,CA,"100–1,000",21747950
21–50,1,0.0066,CA,"100–1,000",21747950
3,206,1.3504,CA,"100–1,000",21747950
4,93,0.6096,CA,"100–1,000",21747950
5,31,0.2032,CA,"100–1,000",21747950
6–10,60,0.3933,CA,"100–1,000",21747950
1,64172,96.8722,CA,1–100,21747950
11–20,11,0.0166,CA,1–100,21747950
2,1749,2.6402,CA,1–100,21747950
3,168,0.2536,CA,1–100,21747950
4,52,0.0785,CA,1–100,21747950
5,34,0.0513,CA,1–100,21747950
6–10,58,0.0876,CA,1–100,21747950
1,672,31.5641,CA,">100,000",21747950
11–20,22,1.0333,CA,">100,000",21747950
2,1116,52.419,CA,">100,000",21747950
21–50,9,0.4227,CA,">100,000",21747950
3,177,8.3138,CA,">100,000",21747950
4,55,2.5834,CA,">100,000",21747950
5,33,1.55,CA,">100,000",21747950
51–100,6,0.2818,CA,">100,000",21747950
6–10,39,1.8318,CA,">100,000",21747950
0,44143,0.4451,EOA,0–1,21747950
1,9073598,91.4975,EOA,0–1,21747950
11–20,4487,0.0452,EOA,0–1,21747950
2,580866,5.8574,EOA,0–1,21747950
21–50,1261,0.0127,EOA,0–1,21747950
3,126706,1.2777,EOA,0–1,21747950
4,43606,0.4397,EOA,0–1,21747950
5,20559,0.2073,EOA,0–1,21747950
51–100,225,0.0023,EOA,0–1,21747950
6–10,21134,0.2131,EOA,0–1,21747950
>100,189,0.0019,EOA,0–1,21747950
1,699966,46.8307,EOA,"1,000–10,000",21747950
11–20,52002,3.4792,EOA,"1,000–10,000",21747950
2,265439,17.759,EOA,"1,000–10,000",21747950
21–50,12342,0.8257,EOA,"1,000–10,000",21747950
3,153099,10.243,EOA,"1,000–10,000",21747950
4,98997,6.6233,EOA,"1,000–10,000",21747950
5,68047,4.5526,EOA,"1,000–10,000",21747950
51–100,865,0.0579,EOA,"1,000–10,000",21747950
6–10,143632,9.6096,EOA,"1,000–10,000",21747950
>100,284,0.019,EOA,"1,000–10,000",21747950
1,169443,39.264,EOA,"10,000–100,000",21747950
11–20,29444,6.8229,EOA,"10,000–100,000",21747950
2,72475,16.7942,EOA,"10,000–100,000",21747950
21–50,10614,2.4595,EOA,"10,000–100,000",21747950
3,41903,9.7099,EOA,"10,000–100,000",21747950
4,29207,6.768,EOA,"10,000–100,000",21747950
5,21709,5.0305,EOA,"10,000–100,000",21747950
51–100,1149,0.2663,EOA,"10,000–100,000",21747950
6–10,55302,12.8148,EOA,"10,000–100,000",21747950
>100,302,0.07,EOA,"10,000–100,000",21747950
1,2756939,67.9475,EOA,"100–1,000",21747950
11–20,28386,0.6996,EOA,"100–1,000",21747950
2,646702,15.9386,EOA,"100–1,000",21747950
21–50,5225,0.1288,EOA,"100–1,000",21747950
3,275571,6.7917,EOA,"100–1,000",21747950
4,141164,3.4791,EOA,"100–1,000",21747950
5,79203,1.952,EOA,"100–1,000",21747950
51–100,418,0.0103,EOA,"100–1,000",21747950
6–10,123690,3.0485,EOA,"100–1,000",21747950
>100,156,0.0038,EOA,"100–1,000",21747950
1,11917942,84.0592,EOA,1–100,21747950
11–20,17044,0.1202,EOA,1–100,21747950
2,1525822,10.7619,EOA,1–100,21747950
21–50,3497,0.0247,EOA,1–100,21747950
3,395657,2.7906,EOA,1–100,21747950
4,153172,1.0803,EOA,1–100,21747950
5,73138,0.5159,EOA,1–100,21747950
51–100,389,0.0027,EOA,1–100,21747950
6–10,91209,0.6433,EOA,1–100,21747950
>100,165,0.0012,EOA,1–100,21747950
1,60631,50.1435,EOA,">100,000",21747950
11–20,5517,4.5627,EOA,">100,000",21747950
2,21347,17.6546,EOA,">100,000",21747950
21–50,2750,2.2743,EOA,">100,000",21747950
3,9646,7.9775,EOA,">100,000",21747950
4,5602,4.633,EOA,">100,000",21747950
5,4032,3.3346,EOA,">100,000",21747950
51–100,536,0.4433,EOA,">100,000",21747950
6–10,10457,8.6482,EOA,">100,000",21747950
>100,397,0.3283,EOA,">100,000",21747950
0,11,0.0037,CA,0–1,21948292
1,294654,99.155,CA,0–1,21948292
11–20,6,0.002,CA,0–1,21948292
2,2342,0.7881,CA,0–1,21948292
21–50,1,0.0003,CA,0–1,21948292
3,71,0.0239,CA,0–1,21948292
4,23,0.0077,CA,0–1,21948292
5,13,0.0044,CA,0–1,21948292
6–10,44,0.0148,CA,0–1,21948292
1,26573,94.1837,CA,"1,000–10,000",21948292
11–20,17,0.0603,CA,"1,000–10,000",21948292
2,1150,4.076,CA,"1,000–10,000",21948292
21–50,3,0.0106,CA,"1,000–10,000",21948292
3,222,0.7868,CA,"1,000–10,000",21948292
4,99,0.3509,CA,"1,000–10,000",21948292
5,49,0.1737,CA,"1,000–10,000",21948292
6–10,101,0.358,CA,"1,000–10,000",21948292
1,2901,61.5401,CA,"10,000–100,000",21948292
11–20,34,0.7213,CA,"10,000–100,000",21948292
2,1460,30.9716,CA,"10,000–100,000",21948292
21–50,9,0.1909,CA,"10,000–100,000",21948292
3,161,3.4154,CA,"10,000–100,000",21948292
4,53,1.1243,CA,"10,000–100,000",21948292
5,29,0.6152,CA,"10,000–100,000",21948292
6–10,67,1.4213,CA,"10,000–100,000",21948292
1,13238,89.3373,CA,"100–1,000",21948292
11–20,14,0.0945,CA,"100–1,000",21948292
2,1147,7.7406,CA,"100–1,000",21948292
21–50,1,0.0067,CA,"100–1,000",21948292
3,213,1.4374,CA,"100–1,000",21948292
4,100,0.6749,CA,"100–1,000",21948292
5,37,0.2497,CA,"100–1,000",21948292
6–10,68,0.4589,CA,"100–1,000",21948292
1,64423,96.7385,CA,1–100,21948292
11–20,12,0.018,CA,1–100,21948292
2,1805,2.7104,CA,1–100,21948292
3,193,0.2898,CA,1–100,21948292
4,64,0.0961,CA,1–100,21948292
5,36,0.0541,CA,1–100,21948292
6–10,62,0.0931,CA,1–100,21948292
1,495,29.3246,CA,">100,000",21948292
11–20,18,1.0664,CA,">100,000",21948292
2,892,52.8436,CA,">100,000",21948292
21–50,8,0.4739,CA,">100,000",21948292
3,156,9.2417,CA,">100,000",21948292
4,47,2.7844,CA,">100,000",21948292
5,29,1.718,CA,">100,000",21948292
51–100,6,0.3555,CA,">100,000",21948292
6–10,37,2.1919,CA,">100,000",21948292
0,45133,0.4231,EOA,0–1,21948292
1,9724233,91.1679,EOA,0–1,21948292
11–20,5332,0.05,EOA,0–1,21948292
2,649861,6.0927,EOA,0–1,21948292
21–50,1441,0.0135,EOA,0–1,21948292
3,142317,1.3343,EOA,0–1,21948292
4,49597,0.465,EOA,0–1,21948292
5,23401,0.2194,EOA,0–1,21948292
51–100,255,0.0024,EOA,0–1,21948292
6–10,24506,0.2298,EOA,0–1,21948292
>100,213,0.002,EOA,0–1,21948292
1,613617,46.8506,EOA,"1,000–10,000",21948292
11–20,51601,3.9398,EOA,"1,000–10,000",21948292
2,222526,16.9902,EOA,"1,000–10,000",21948292
21–50,13243,1.0111,EOA,"1,000–10,000",21948292
3,130053,9.9297,EOA,"1,000–10,000",21948292
4,85600,6.5357,EOA,"1,000–10,000",21948292
5,59891,4.5728,EOA,"1,000–10,000",21948292
51–100,973,0.0743,EOA,"1,000–10,000",21948292
6–10,131919,10.0722,EOA,"1,000–10,000",21948292
>100,308,0.0235,EOA,"1,000–10,000",21948292
1,146589,41.9002,EOA,"10,000–100,000",21948292
11–20,21924,6.2666,EOA,"10,000–100,000",21948292
2,59916,17.1261,EOA,"10,000–100,000",21948292
21–50,8500,2.4296,EOA,"10,000–100,000",21948292
3,32506,9.2913,EOA,"10,000–100,000",21948292
4,22171,6.3372,EOA,"10,000–100,000",21948292
5,16109,4.6045,EOA,"10,000–100,000",21948292
51–100,1020,0.2916,EOA,"10,000–100,000",21948292
6–10,40829,11.6703,EOA,"10,000–100,000",21948292
>100,289,0.0826,EOA,"10,000–100,000",21948292
1,2539347,66.7542,EOA,"100–1,000",21948292
11–20,33587,0.8829,EOA,"100–1,000",21948292
2,599820,15.768,EOA,"100–1,000",21948292
21–50,6274,0.1649,EOA,"100–1,000",21948292
3,265172,6.9708,EOA,"100–1,000",21948292
4,141456,3.7186,EOA,"100–1,000",21948292
5,82455,2.1676,EOA,"100–1,000",21948292
51–100,474,0.0125,EOA,"100–1,000",21948292
6–10,135252,3.5555,EOA,"100–1,000",21948292
>100,189,0.005,EOA,"100–1,000",21948292
1,11929664,83.0656,EOA,1–100,21948292
11–20,20348,0.1417,EOA,1–100,21948292
2,1603658,11.1662,EOA,1–100,21948292
21–50,4162,0.029,EOA,1–100,21948292
3,437281,3.0448,EOA,1–100,21948292
4,173770,1.21,EOA,1–100,21948292
5,83944,0.5845,EOA,1–100,21948292
51–100,469,0.0033,EOA,1–100,21948292
6–10,108270,0.7539,EOA,1–100,21948292
>100,170,0.0012,EOA,1–100,21948292
1,51517,51.0474,EOA,">100,000",21948292
11–20,3999,3.9625,EOA,">100,000",21948292
2,19208,19.0329,EOA,">100,000",21948292
21–50,2005,1.9867,EOA,">100,000",21948292
3,8005,7.932,EOA,">100,000",21948292
4,4445,4.4045,EOA,">100,000",21948292
5,3052,3.0242,EOA,">100,000",21948292
51–100,444,0.44,EOA,">100,000",21948292
6–10,7874,7.8022,EOA,">100,000",21948292
>100,371,0.3676,EOA,">100,000",21948292
0,11,0.0036,CA,0–1,22170335
1,302098,99.1389,CA,0–1,22170335
11–20,7,0.0023,CA,0–1,22170335
2,2444,0.802,CA,0–1,22170335
21–50,1,0.0003,CA,0–1,22170335
3,74,0.0243,CA,0–1,22170335
4,25,0.0082,CA,0–1,22170335
5,14,0.0046,CA,0–1,22170335
6–10,48,0.0158,CA,0–1,22170335
1,25638,93.9018,CA,"1,000–10,000",22170335
11–20,19,0.0696,CA,"1,000–10,000",22170335
2,1157,4.2376,CA,"1,000–10,000",22170335
21–50,3,0.011,CA,"1,000–10,000",22170335
3,225,0.8241,CA,"1,000–10,000",22170335
4,107,0.3919,CA,"1,000–10,000",22170335
5,53,0.1941,CA,"1,000–10,000",22170335
6–10,101,0.3699,CA,"1,000–10,000",22170335
1,2352,56.1873,CA,"10,000–100,000",22170335
11–20,34,0.8122,CA,"10,000–100,000",22170335
2,1491,35.6187,CA,"10,000–100,000",22170335
21–50,11,0.2628,CA,"10,000–100,000",22170335
3,147,3.5117,CA,"10,000–100,000",22170335
4,53,1.2661,CA,"10,000–100,000",22170335
5,31,0.7406,CA,"10,000–100,000",22170335
6–10,67,1.6006,CA,"10,000–100,000",22170335
1,12760,88.8827,CA,"100–1,000",22170335
11–20,13,0.0906,CA,"100–1,000",22170335
2,1158,8.0663,CA,"100–1,000",22170335
21–50,1,0.007,CA,"100–1,000",22170335
3,218,1.5185,CA,"100–1,000",22170335
4,101,0.7035,CA,"100–1,000",22170335
5,36,0.2508,CA,"100–1,000",22170335
6–10,69,0.4806,CA,"100–1,000",22170335
1,65131,96.6522,CA,1–100,22170335
11–20,12,0.0178,CA,1–100,22170335
2,1860,2.7602,CA,1–100,22170335
3,208,0.3087,CA,1–100,22170335
4,69,0.1024,CA,1–100,22170335
5,36,0.0534,CA,1–100,22170335
6–10,71,0.1054,CA,1–100,22170335
1,419,27.8405,CA,">100,000",22170335
11–20,17,1.1296,CA,">100,000",22170335
2,771,51.2292,CA,">100,000",22170335
21–50,6,0.3987,CA,">100,000",22170335
3,173,11.495,CA,">100,000",22170335
4,52,3.4551,CA,">100,000",22170335
5,24,1.5947,CA,">100,000",22170335
51–100,6,0.3987,CA,">100,000",22170335
6–10,37,2.4585,CA,">100,000",22170335
0,45545,0.4067,EOA,0–1,22170335
1,10188215,90.9761,EOA,0–1,22170335
11–20,5821,0.052,EOA,0–1,22170335
2,696462,6.2191,EOA,0–1,22170335
21–50,1575,0.0141,EOA,0–1,22170335
3,154186,1.3768,EOA,0–1,22170335
4,53972,0.4819,EOA,0–1,22170335
5,25463,0.2274,EOA,0–1,22170335
51–100,277,0.0025,EOA,0–1,22170335
6–10,27047,0.2415,EOA,0–1,22170335
>100,225,0.002,EOA,0–1,22170335
1,579496,47.275,EOA,"1,000–10,000",22170335
11–20,50208,4.0959,EOA,"1,000–10,000",22170335
2,204713,16.7004,EOA,"1,000–10,000",22170335
21–50,13481,1.0998,EOA,"1,000–10,000",22170335
3,118753,9.6878,EOA,"1,000–10,000",22170335
4,78863,6.4336,EOA,"1,000–10,000",22170335
5,55143,4.4985,EOA,"1,000–10,000",22170335
51–100,1051,0.0857,EOA,"1,000–10,000",22170335
6–10,123754,10.0958,EOA,"1,000–10,000",22170335
>100,335,0.0273,EOA,"1,000–10,000",22170335
1,138069,43.3409,EOA,"10,000–100,000",22170335
11–20,18936,5.9442,EOA,"10,000–100,000",22170335
2,55356,17.3767,EOA,"10,000–100,000",22170335
21–50,7442,2.3361,EOA,"10,000–100,000",22170335
3,28981,9.0974,EOA,"10,000–100,000",22170335
4,19045,5.9784,EOA,"10,000–100,000",22170335
5,14102,4.4267,EOA,"10,000–100,000",22170335
51–100,957,0.3004,EOA,"10,000–100,000",22170335
6–10,35391,11.1095,EOA,"10,000–100,000",22170335
>100,286,0.0898,EOA,"10,000–100,000",22170335
1,2460017,66.4952,EOA,"100–1,000",22170335
11–20,36548,0.9879,EOA,"100–1,000",22170335
2,574429,15.527,EOA,"100–1,000",22170335
21–50,7019,0.1897,EOA,"100–1,000",22170335
3,257726,6.9664,EOA,"100–1,000",22170335
4,139704,3.7763,EOA,"100–1,000",22170335
5,83002,2.2436,EOA,"100–1,000",22170335
51–100,559,0.0151,EOA,"100–1,000",22170335
6–10,140327,3.7931,EOA,"100–1,000",22170335
>100,208,0.0056,EOA,"100–1,000",22170335
1,12061133,82.6546,EOA,1–100,22170335
11–20,22741,0.1558,EOA,1–100,22170335
2,1647494,11.2902,EOA,1–100,22170335
21–50,4647,0.0318,EOA,1–100,22170335
3,459635,3.1499,EOA,1–100,22170335
4,185784,1.2732,EOA,1–100,22170335
5,91353,0.626,EOA,1–100,22170335
51–100,486,0.0033,EOA,1–100,22170335
6–10,118761,0.8139,EOA,1–100,22170335
>100,184,0.0013,EOA,1–100,22170335
1,48196,50.6777,EOA,">100,000",22170335
11–20,3567,3.7507,EOA,">100,000",22170335
2,18514,19.4673,EOA,">100,000",22170335
21–50,1749,1.8391,EOA,">100,000",22170335
3,8044,8.4582,EOA,">100,000",22170335
4,4370,4.595,EOA,">100,000",22170335
5,2884,3.0325,EOA,">100,000",22170335
51–100,388,0.408,EOA,">100,000",22170335
6–10,7036,7.3983,EOA,">100,000",22170335
>100,355,0.3733,EOA,">100,000",22170335
0,11,0.0035,CA,0–1,22385294
1,307983,99.1383,CA,0–1,22385294
11–20,8,0.0026,CA,0–1,22385294
2,2476,0.797,CA,0–1,22385294
21–50,1,0.0003,CA,0–1,22385294
3,80,0.0258,CA,0–1,22385294
4,26,0.0084,CA,0–1,22385294
5,20,0.0064,CA,0–1,22385294
6–10,55,0.0177,CA,0–1,22385294
1,25639,93.7304,CA,"1,000–10,000",22385294
11–20,18,0.0658,CA,"1,000–10,000",22385294
2,1193,4.3613,CA,"1,000–10,000",22385294
21–50,3,0.011,CA,"1,000–10,000",22385294
3,240,0.8774,CA,"1,000–10,000",22385294
4,108,0.3948,CA,"1,000–10,000",22385294
5,52,0.1901,CA,"1,000–10,000",22385294
6–10,101,0.3692,CA,"1,000–10,000",22385294
1,2255,54.733,CA,"10,000–100,000",22385294
11–20,38,0.9223,CA,"10,000–100,000",22385294
2,1502,36.4563,CA,"10,000–100,000",22385294
21–50,10,0.2427,CA,"10,000–100,000",22385294
3,150,3.6408,CA,"10,000–100,000",22385294
4,56,1.3592,CA,"10,000–100,000",22385294
5,42,1.0194,CA,"10,000–100,000",22385294
6–10,67,1.6262,CA,"10,000–100,000",22385294
1,12872,88.8459,CA,"100–1,000",22385294
11–20,14,0.0966,CA,"100–1,000",22385294
2,1166,8.048,CA,"100–1,000",22385294
21–50,1,0.0069,CA,"100–1,000",22385294
3,226,1.5599,CA,"100–1,000",22385294
4,104,0.7178,CA,"100–1,000",22385294
5,33,0.2278,CA,"100–1,000",22385294
6–10,72,0.497,CA,"100–1,000",22385294
1,66418,96.653,CA,1–100,22385294
11–20,11,0.016,CA,1–100,22385294
2,1891,2.7518,CA,1–100,22385294
3,212,0.3085,CA,1–100,22385294
4,70,0.1019,CA,1–100,22385294
5,39,0.0568,CA,1–100,22385294
6–10,77,0.1121,CA,1–100,22385294
1,426,28.5906,CA,">100,000",22385294
11–20,19,1.2752,CA,">100,000",22385294
2,744,49.9329,CA,">100,000",22385294
21–50,9,0.604,CA,">100,000",22385294
3,174,11.6779,CA,">100,000",22385294
4,50,3.3557,CA,">100,000",22385294
5,24,1.6107,CA,">100,000",22385294
51–100,6,0.4027,CA,">100,000",22385294
6–10,38,2.5503,CA,">100,000",22385294
0,46178,0.4105,EOA,0–1,22385294
1,10215776,90.8043,EOA,0–1,22385294
11–20,5986,0.0532,EOA,0–1,22385294
2,712107,6.3297,EOA,0–1,22385294
21–50,1637,0.0146,EOA,0–1,22385294
3,158207,1.4062,EOA,0–1,22385294
4,55570,0.4939,EOA,0–1,22385294
5,26206,0.2329,EOA,0–1,22385294
51–100,285,0.0025,EOA,0–1,22385294
6–10,28142,0.2501,EOA,0–1,22385294
>100,233,0.0021,EOA,0–1,22385294
1,614677,47.7091,EOA,"1,000–10,000",22385294
11–20,50661,3.9321,EOA,"1,000–10,000",22385294
2,216641,16.8149,EOA,"1,000–10,000",22385294
21–50,13217,1.0259,EOA,"1,000–10,000",22385294
3,125019,9.7035,EOA,"1,000–10,000",22385294
4,82364,6.3928,EOA,"1,000–10,000",22385294
5,57381,4.4537,EOA,"1,000–10,000",22385294
51–100,1024,0.0795,EOA,"1,000–10,000",22385294
6–10,127072,9.8629,EOA,"1,000–10,000",22385294
>100,329,0.0255,EOA,"1,000–10,000",22385294
1,142290,42.0778,EOA,"10,000–100,000",22385294
11–20,20694,6.1196,EOA,"10,000–100,000",22385294
2,59518,17.6006,EOA,"10,000–100,000",22385294
21–50,8016,2.3705,EOA,"10,000–100,000",22385294
3,31172,9.2181,EOA,"10,000–100,000",22385294
4,20931,6.1897,EOA,"10,000–100,000",22385294
5,15466,4.5736,EOA,"10,000–100,000",22385294
51–100,998,0.2951,EOA,"10,000–100,000",22385294
6–10,38765,11.4635,EOA,"10,000–100,000",22385294
>100,309,0.0914,EOA,"10,000–100,000",22385294
1,2606302,67.6336,EOA,"100–1,000",22385294
11–20,34745,0.9016,EOA,"100–1,000",22385294
2,588607,15.2744,EOA,"100–1,000",22385294
21–50,6768,0.1756,EOA,"100–1,000",22385294
3,259408,6.7316,EOA,"100–1,000",22385294
4,139176,3.6116,EOA,"100–1,000",22385294
5,81642,2.1186,EOA,"100–1,000",22385294
51–100,555,0.0144,EOA,"100–1,000",22385294
6–10,136152,3.5331,EOA,"100–1,000",22385294
>100,207,0.0054,EOA,"100–1,000",22385294
1,12276597,82.9656,EOA,1–100,22385294
11–20,22852,0.1544,EOA,1–100,22385294
2,1644622,11.1144,EOA,1–100,22385294
21–50,4742,0.032,EOA,1–100,22385294
3,456046,3.082,EOA,1–100,22385294
4,183898,1.2428,EOA,1–100,22385294
5,89950,0.6079,EOA,1–100,22385294
51–100,516,0.0035,EOA,1–100,22385294
6–10,117800,0.7961,EOA,1–100,22385294
>100,197,0.0013,EOA,1–100,22385294
1,50405,50.7542,EOA,">100,000",22385294
11–20,3781,3.8072,EOA,">100,000",22385294
2,18993,19.1246,EOA,">100,000",22385294
21–50,1854,1.8668,EOA,">100,000",22385294
3,8403,8.4612,EOA,">100,000",22385294
4,4574,4.6057,EOA,">100,000",22385294
5,3046,3.0671,EOA,">100,000",22385294
51–100,422,0.4249,EOA,">100,000",22385294
6–10,7465,7.5167,EOA,">100,000",22385294
>100,369,0.3716,EOA,">100,000",22385294
0,11,0.0035,CA,0–1,22606143
1,313826,99.1523,CA,0–1,22606143
11–20,7,0.0022,CA,0–1,22606143
2,2482,0.7842,CA,0–1,22606143
21–50,1,0.0003,CA,0–1,22606143
3,81,0.0256,CA,0–1,22606143
4,28,0.0088,CA,0–1,22606143
5,20,0.0063,CA,0–1,22606143
6–10,53,0.0167,CA,0–1,22606143
1,27864,94.4062,CA,"1,000–10,000",22606143
11–20,20,0.0678,CA,"1,000–10,000",22606143
2,1124,3.8082,CA,"1,000–10,000",22606143
21–50,4,0.0136,CA,"1,000–10,000",22606143
3,247,0.8369,CA,"1,000–10,000",22606143
4,105,0.3558,CA,"1,000–10,000",22606143
5,53,0.1796,CA,"1,000–10,000",22606143
6–10,98,0.332,CA,"1,000–10,000",22606143
1,3058,61.5292,CA,"10,000–100,000",22606143
11–20,39,0.7847,CA,"10,000–100,000",22606143
2,1544,31.0664,CA,"10,000–100,000",22606143
21–50,9,0.1811,CA,"10,000–100,000",22606143
3,151,3.0382,CA,"10,000–100,000",22606143
4,55,1.1066,CA,"10,000–100,000",22606143
5,48,0.9658,CA,"10,000–100,000",22606143
6–10,66,1.328,CA,"10,000–100,000",22606143
1,13310,88.9825,CA,"100–1,000",22606143
11–20,15,0.1003,CA,"100–1,000",22606143
2,1195,7.989,CA,"100–1,000",22606143
21–50,1,0.0067,CA,"100–1,000",22606143
3,228,1.5243,CA,"100–1,000",22606143
4,101,0.6752,CA,"100–1,000",22606143
5,34,0.2273,CA,"100–1,000",22606143
6–10,74,0.4947,CA,"100–1,000",22606143
1,67915,96.7367,CA,1–100,22606143
11–20,12,0.0171,CA,1–100,22606143
2,1874,2.6693,CA,1–100,22606143
3,213,0.3034,CA,1–100,22606143
4,75,0.1068,CA,1–100,22606143
5,39,0.0556,CA,1–100,22606143
6–10,78,0.1111,CA,1–100,22606143
1,503,29.2442,CA,">100,000",22606143
11–20,20,1.1628,CA,">100,000",22606143
2,883,51.3372,CA,">100,000",22606143
21–50,9,0.5233,CA,">100,000",22606143
3,184,10.6977,CA,">100,000",22606143
4,51,2.9651,CA,">100,000",22606143
5,25,1.4535,CA,">100,000",22606143
51–100,6,0.3488,CA,">100,000",22606143
6–10,39,2.2674,CA,">100,000",22606143
0,46958,0.4052,EOA,0–1,22606143
1,10515455,90.7321,EOA,0–1,22606143
11–20,6078,0.0524,EOA,0–1,22606143
2,742681,6.4082,EOA,0–1,22606143
21–50,1665,0.0144,EOA,0–1,22606143
3,163006,1.4065,EOA,0–1,22606143
4,57229,0.4938,EOA,0–1,22606143
5,27010,0.2331,EOA,0–1,22606143
51–100,297,0.0026,EOA,0–1,22606143
6–10,28942,0.2497,EOA,0–1,22606143
>100,238,0.0021,EOA,0–1,22606143
1,645201,48.3631,EOA,"1,000–10,000",22606143
11–20,51039,3.8258,EOA,"1,000–10,000",22606143
2,224584,16.8344,EOA,"1,000–10,000",22606143
21–50,13386,1.0034,EOA,"1,000–10,000",22606143
3,127971,9.5925,EOA,"1,000–10,000",22606143
4,83958,6.2933,EOA,"1,000–10,000",22606143
5,58148,4.3587,EOA,"1,000–10,000",22606143
51–100,1052,0.0789,EOA,"1,000–10,000",22606143
6–10,128414,9.6257,EOA,"1,000–10,000",22606143
>100,325,0.0244,EOA,"1,000–10,000",22606143
1,149507,42.0803,EOA,"10,000–100,000",22606143
11–20,21424,6.03,EOA,"10,000–100,000",22606143
2,62924,17.7106,EOA,"10,000–100,000",22606143
21–50,8330,2.3446,EOA,"10,000–100,000",22606143
3,32928,9.2679,EOA,"10,000–100,000",22606143
4,22002,6.1927,EOA,"10,000–100,000",22606143
5,16385,4.6117,EOA,"10,000–100,000",22606143
51–100,1059,0.2981,EOA,"10,000–100,000",22606143
6–10,40398,11.3704,EOA,"10,000–100,000",22606143
>100,333,0.0937,EOA,"10,000–100,000",22606143
1,2677852,68.1361,EOA,"100–1,000",22606143
11–20,34743,0.884,EOA,"100–1,000",22606143
2,593244,15.0947,EOA,"100–1,000",22606143
21–50,6751,0.1718,EOA,"100–1,000",22606143
3,260419,6.6262,EOA,"100–1,000",22606143
4,138629,3.5273,EOA,"100–1,000",22606143
5,81643,2.0773,EOA,"100–1,000",22606143
51–100,541,0.0138,EOA,"100–1,000",22606143
6–10,136123,3.4636,EOA,"100–1,000",22606143
>100,209,0.0053,EOA,"100–1,000",22606143
1,12401720,82.9155,EOA,1–100,22606143
11–20,23182,0.155,EOA,1–100,22606143
2,1662897,11.1178,EOA,1–100,22606143
21–50,4819,0.0322,EOA,1–100,22606143
3,464478,3.1054,EOA,1–100,22606143
4,187984,1.2568,EOA,1–100,22606143
5,91597,0.6124,EOA,1–100,22606143
51–100,523,0.0035,EOA,1–100,22606143
6–10,119653,0.8,EOA,1–100,22606143
>100,212,0.0014,EOA,1–100,22606143
1,52943,50.6041,EOA,">100,000",22606143
11–20,4099,3.9179,EOA,">100,000",22606143
2,19786,18.9119,EOA,">100,000",22606143
21–50,1967,1.8801,EOA,">100,000",22606143
3,8956,8.5603,EOA,">100,000",22606143
4,4816,4.6032,EOA,">100,000",22606143
5,3318,3.1714,EOA,">100,000",22606143
51–100,430,0.411,EOA,">100,000",22606143
6–10,7922,7.572,EOA,">100,000",22606143
>100,385,0.368,EOA,">100,000",22606143
0,11,0.0034,CA,0–1,22820674
1,322424,99.1549,CA,0–1,22820674
11–20,8,0.0025,CA,0–1,22820674
2,2545,0.7827,CA,0–1,22820674
21–50,1,0.0003,CA,0–1,22820674
3,83,0.0255,CA,0–1,22820674
4,27,0.0083,CA,0–1,22820674
5,20,0.0062,CA,0–1,22820674
6–10,53,0.0163,CA,0–1,22820674
1,28330,94.361,CA,"1,000–10,000",22820674
11–20,19,0.0633,CA,"1,000–10,000",22820674
2,1152,3.8371,CA,"1,000–10,000",22820674
21–50,5,0.0167,CA,"1,000–10,000",22820674
3,251,0.836,CA,"1,000–10,000",22820674
4,108,0.3597,CA,"1,000–10,000",22820674
5,56,0.1865,CA,"1,000–10,000",22820674
6–10,102,0.3397,CA,"1,000–10,000",22820674
1,2895,59.5924,CA,"10,000–100,000",22820674
11–20,42,0.8646,CA,"10,000–100,000",22820674
2,1601,32.9559,CA,"10,000–100,000",22820674
21–50,9,0.1853,CA,"10,000–100,000",22820674
3,150,3.0877,CA,"10,000–100,000",22820674
4,54,1.1116,CA,"10,000–100,000",22820674
5,44,0.9057,CA,"10,000–100,000",22820674
6–10,63,1.2968,CA,"10,000–100,000",22820674
1,13203,89.071,CA,"100–1,000",22820674
11–20,15,0.1012,CA,"100–1,000",22820674
2,1166,7.8662,CA,"100–1,000",22820674
21–50,1,0.0067,CA,"100–1,000",22820674
3,225,1.5179,CA,"100–1,000",22820674
4,106,0.7151,CA,"100–1,000",22820674
5,30,0.2024,CA,"100–1,000",22820674
6–10,77,0.5195,CA,"100–1,000",22820674
1,69010,96.7421,CA,1–100,22820674
11–20,11,0.0154,CA,1–100,22820674
2,1895,2.6565,CA,1–100,22820674
3,222,0.3112,CA,1–100,22820674
4,76,0.1065,CA,1–100,22820674
5,42,0.0589,CA,1–100,22820674
6–10,78,0.1093,CA,1–100,22820674
1,494,29.5455,CA,">100,000",22820674
11–20,20,1.1962,CA,">100,000",22820674
2,860,51.4354,CA,">100,000",22820674
21–50,8,0.4785,CA,">100,000",22820674
3,177,10.5861,CA,">100,000",22820674
4,46,2.7512,CA,">100,000",22820674
5,25,1.4952,CA,">100,000",22820674
51–100,5,0.299,CA,">100,000",22820674
6–10,36,2.1531,CA,">100,000",22820674
>100,1,0.0598,CA,">100,000",22820674
0,47014,0.3924,EOA,0–1,22820674
1,10861363,90.6527,EOA,0–1,22820674
11–20,6461,0.0539,EOA,0–1,22820674
2,770090,6.4274,EOA,0–1,22820674
21–50,1744,0.0146,EOA,0–1,22820674
3,172868,1.4428,EOA,0–1,22820674
4,61321,0.5118,EOA,0–1,22820674
5,28806,0.2404,EOA,0–1,22820674
51–100,317,0.0026,EOA,0–1,22820674
6–10,31069,0.2593,EOA,0–1,22820674
>100,243,0.002,EOA,0–1,22820674
1,640537,49.0038,EOA,"1,000–10,000",22820674
11–20,49940,3.8206,EOA,"1,000–10,000",22820674
2,217947,16.6739,EOA,"1,000–10,000",22820674
21–50,13564,1.0377,EOA,"1,000–10,000",22820674
3,122927,9.4044,EOA,"1,000–10,000",22820674
4,80779,6.1799,EOA,"1,000–10,000",22820674
5,55862,4.2737,EOA,"1,000–10,000",22820674
51–100,1104,0.0845,EOA,"1,000–10,000",22820674
6–10,124118,9.4956,EOA,"1,000–10,000",22820674
>100,339,0.0259,EOA,"1,000–10,000",22820674
1,150017,43.1851,EOA,"10,000–100,000",22820674
11–20,20065,5.7761,EOA,"10,000–100,000",22820674
2,62179,17.8994,EOA,"10,000–100,000",22820674
21–50,7827,2.2531,EOA,"10,000–100,000",22820674
3,31621,9.1027,EOA,"10,000–100,000",22820674
4,20893,6.0144,EOA,"10,000–100,000",22820674
5,15385,4.4289,EOA,"10,000–100,000",22820674
51–100,1024,0.2948,EOA,"10,000–100,000",22820674
6–10,38041,10.9508,EOA,"10,000–100,000",22820674
>100,329,0.0947,EOA,"10,000–100,000",22820674
1,2674324,68.118,EOA,"100–1,000",22820674
11–20,36630,0.933,EOA,"100–1,000",22820674
2,587413,14.9621,EOA,"100–1,000",22820674
21–50,7330,0.1867,EOA,"100–1,000",22820674
3,258926,6.5951,EOA,"100–1,000",22820674
4,138899,3.5379,EOA,"100–1,000",22820674
5,82516,2.1018,EOA,"100–1,000",22820674
51–100,612,0.0156,EOA,"100–1,000",22820674
6–10,139137,3.544,EOA,"100–1,000",22820674
>100,232,0.0059,EOA,"100–1,000",22820674
1,12538803,82.3962,EOA,1–100,22820674
11–20,25359,0.1666,EOA,1–100,22820674
2,1740377,11.4365,EOA,1–100,22820674
21–50,5276,0.0347,EOA,1–100,22820674
3,485304,3.1891,EOA,1–100,22820674
4,196854,1.2936,EOA,1–100,22820674
5,96654,0.6351,EOA,1–100,22820674
51–100,555,0.0036,EOA,1–100,22820674
6–10,128299,0.8431,EOA,1–100,22820674
>100,222,0.0015,EOA,1–100,22820674
1,52723,51.0946,EOA,">100,000",22820674
11–20,3849,3.7301,EOA,">100,000",22820674
2,19736,19.1264,EOA,">100,000",22820674
21–50,1874,1.8161,EOA,">100,000",22820674
3,8716,8.4468,EOA,">100,000",22820674
4,4670,4.5258,EOA,">100,000",22820674
5,3222,3.1225,EOA,">100,000",22820674
51–100,406,0.3935,EOA,">100,000",22820674
6–10,7614,7.3788,EOA,">100,000",22820674
>100,377,0.3654,EOA,">100,000",22820674
0,11,0.0033,CA,0–1,23042514
1,327696,99.1723,CA,0–1,23042514
11–20,7,0.0021,CA,0–1,23042514
2,2536,0.7675,CA,0–1,23042514
21–50,1,0.0003,CA,0–1,23042514
3,82,0.0248,CA,0–1,23042514
4,27,0.0082,CA,0–1,23042514
5,20,0.0061,CA,0–1,23042514
6–10,51,0.0154,CA,0–1,23042514
1,28595,94.5446,CA,"1,000–10,000",23042514
11–20,20,0.0661,CA,"1,000–10,000",23042514
2,1108,3.6634,CA,"1,000–10,000",23042514
21–50,5,0.0165,CA,"1,000–10,000",23042514
3,256,0.8464,CA,"1,000–10,000",23042514
4,106,0.3505,CA,"1,000–10,000",23042514
5,55,0.1818,CA,"1,000–10,000",23042514
6–10,100,0.3306,CA,"1,000–10,000",23042514
1,4234,67.8417,CA,"10,000–100,000",23042514
11–20,40,0.6409,CA,"10,000–100,000",23042514
2,1628,26.0856,CA,"10,000–100,000",23042514
21–50,9,0.1442,CA,"10,000–100,000",23042514
3,158,2.5316,CA,"10,000–100,000",23042514
4,61,0.9774,CA,"10,000–100,000",23042514
5,41,0.6569,CA,"10,000–100,000",23042514
6–10,70,1.1216,CA,"10,000–100,000",23042514
1,14484,89.7231,CA,"100–1,000",23042514
11–20,14,0.0867,CA,"100–1,000",23042514
2,1197,7.415,CA,"100–1,000",23042514
21–50,1,0.0062,CA,"100–1,000",23042514
3,228,1.4124,CA,"100–1,000",23042514
4,107,0.6628,CA,"100–1,000",23042514
5,36,0.223,CA,"100–1,000",23042514
6–10,76,0.4708,CA,"100–1,000",23042514
1,70306,96.8269,CA,1–100,23042514
11–20,13,0.0179,CA,1–100,23042514
2,1891,2.6043,CA,1–100,23042514
3,210,0.2892,CA,1–100,23042514
4,73,0.1005,CA,1–100,23042514
5,38,0.0523,CA,1–100,23042514
6–10,79,0.1088,CA,1–100,23042514
1,610,30.9802,CA,">100,000",23042514
11–20,22,1.1173,CA,">100,000",23042514
2,1014,51.4982,CA,">100,000",23042514
21–50,8,0.4063,CA,">100,000",23042514
3,190,9.6496,CA,">100,000",23042514
4,54,2.7425,CA,">100,000",23042514
5,27,1.3713,CA,">100,000",23042514
51–100,5,0.2539,CA,">100,000",23042514
6–10,38,1.9299,CA,">100,000",23042514
>100,1,0.0508,CA,">100,000",23042514
0,47038,0.3851,EOA,0–1,23042514
1,11094779,90.8269,EOA,0–1,23042514
11–20,6453,0.0528,EOA,0–1,23042514
2,770332,6.3063,EOA,0–1,23042514
21–50,1754,0.0144,EOA,0–1,23042514
3,173764,1.4225,EOA,0–1,23042514
4,61219,0.5012,EOA,0–1,23042514
5,28718,0.2351,EOA,0–1,23042514
51–100,324,0.0027,EOA,0–1,23042514
6–10,30676,0.2511,EOA,0–1,23042514
>100,241,0.002,EOA,0–1,23042514
1,665705,48.565,EOA,"1,000–10,000",23042514
11–20,50694,3.6983,EOA,"1,000–10,000",23042514
2,234527,17.1094,EOA,"1,000–10,000",23042514
21–50,13404,0.9779,EOA,"1,000–10,000",23042514
3,131534,9.5958,EOA,"1,000–10,000",23042514
4,85900,6.2666,EOA,"1,000–10,000",23042514
5,59139,4.3144,EOA,"1,000–10,000",23042514
51–100,1116,0.0814,EOA,"1,000–10,000",23042514
6–10,128381,9.3657,EOA,"1,000–10,000",23042514
>100,351,0.0256,EOA,"1,000–10,000",23042514
1,162707,42.3615,EOA,"10,000–100,000",23042514
11–20,22480,5.8528,EOA,"10,000–100,000",23042514
2,69189,18.0137,EOA,"10,000–100,000",23042514
21–50,8702,2.2656,EOA,"10,000–100,000",23042514
3,35728,9.3019,EOA,"10,000–100,000",23042514
4,23453,6.1061,EOA,"10,000–100,000",23042514
5,17389,4.5273,EOA,"10,000–100,000",23042514
51–100,1099,0.2861,EOA,"10,000–100,000",23042514
6–10,43020,11.2004,EOA,"10,000–100,000",23042514
>100,325,0.0846,EOA,"10,000–100,000",23042514
1,2774423,68.3493,EOA,"100–1,000",23042514
11–20,35485,0.8742,EOA,"100–1,000",23042514
2,615718,15.1685,EOA,"100–1,000",23042514
21–50,7076,0.1743,EOA,"100–1,000",23042514
3,266035,6.5539,EOA,"100–1,000",23042514
4,140562,3.4628,EOA,"100–1,000",23042514
5,82388,2.0297,EOA,"100–1,000",23042514
51–100,588,0.0145,EOA,"100–1,000",23042514
6–10,136678,3.3671,EOA,"100–1,000",23042514
>100,227,0.0056,EOA,"100–1,000",23042514
1,12632445,82.6697,EOA,1–100,23042514
11–20,24650,0.1613,EOA,1–100,23042514
2,1727758,11.3069,EOA,1–100,23042514
21–50,5165,0.0338,EOA,1–100,23042514
3,476943,3.1212,EOA,1–100,23042514
4,193090,1.2636,EOA,1–100,23042514
5,94699,0.6197,EOA,1–100,23042514
51–100,577,0.0038,EOA,1–100,23042514
6–10,125057,0.8184,EOA,1–100,23042514
>100,232,0.0015,EOA,1–100,23042514
1,56205,50.285,EOA,">100,000",23042514
11–20,4358,3.899,EOA,">100,000",23042514
2,21393,19.1397,EOA,">100,000",23042514
21–50,2102,1.8806,EOA,">100,000",23042514
3,9512,8.5101,EOA,">100,000",23042514
4,5174,4.629,EOA,">100,000",23042514
5,3633,3.2503,EOA,">100,000",23042514
51–100,459,0.4107,EOA,">100,000",23042514
6–10,8534,7.6351,EOA,">100,000",23042514
>100,403,0.3606,EOA,">100,000",23042514
0,11,0.0033,CA,0–1,23264566
1,335016,99.172,CA,0–1,23264566
11–20,7,0.0021,CA,0–1,23264566
2,2596,0.7685,CA,0–1,23264566
21–50,1,0.0003,CA,0–1,23264566
3,83,0.0246,CA,0–1,23264566
4,28,0.0083,CA,0–1,23264566
5,20,0.0059,CA,0–1,23264566
6–10,51,0.0151,CA,0–1,23264566
1,28281,94.3707,CA,"1,000–10,000",23264566
11–20,20,0.0667,CA,"1,000–10,000",23264566
2,1131,3.774,CA,"1,000–10,000",23264566
21–50,5,0.0167,CA,"1,000–10,000",23264566
3,255,0.8509,CA,"1,000–10,000",23264566
4,115,0.3837,CA,"1,000–10,000",23264566
5,57,0.1902,CA,"1,000–10,000",23264566
6–10,104,0.347,CA,"1,000–10,000",23264566
1,4963,71.0421,CA,"10,000–100,000",23264566
11–20,40,0.5726,CA,"10,000–100,000",23264566
2,1631,23.3467,CA,"10,000–100,000",23264566
21–50,10,0.1431,CA,"10,000–100,000",23264566
3,165,2.3619,CA,"10,000–100,000",23264566
4,61,0.8732,CA,"10,000–100,000",23264566
5,42,0.6012,CA,"10,000–100,000",23264566
6–10,74,1.0593,CA,"10,000–100,000",23264566
1,15288,90.0512,CA,"100–1,000",23264566
11–20,16,0.0942,CA,"100–1,000",23264566
2,1215,7.1567,CA,"100–1,000",23264566
21–50,1,0.0059,CA,"100–1,000",23264566
3,233,1.3724,CA,"100–1,000",23264566
4,114,0.6715,CA,"100–1,000",23264566
5,36,0.2121,CA,"100–1,000",23264566
6–10,74,0.4359,CA,"100–1,000",23264566
1,70861,96.8007,CA,1–100,23264566
11–20,13,0.0178,CA,1–100,23264566
2,1913,2.6133,CA,1–100,23264566
3,223,0.3046,CA,1–100,23264566
4,73,0.0997,CA,1–100,23264566
5,40,0.0546,CA,1–100,23264566
6–10,80,0.1093,CA,1–100,23264566
1,641,31.0713,CA,">100,000",23264566
11–20,22,1.0664,CA,">100,000",23264566
2,1067,51.7208,CA,">100,000",23264566
21–50,9,0.4363,CA,">100,000",23264566
3,201,9.7431,CA,">100,000",23264566
4,50,2.4237,CA,">100,000",23264566
5,31,1.5027,CA,">100,000",23264566
51–100,5,0.2424,CA,">100,000",23264566
6–10,36,1.745,CA,">100,000",23264566
>100,1,0.0485,CA,">100,000",23264566
0,47130,0.365,EOA,0–1,23264566
1,11730516,90.8515,EOA,0–1,23264566
11–20,6694,0.0518,EOA,0–1,23264566
2,815735,6.3178,EOA,0–1,23264566
21–50,1815,0.0141,EOA,0–1,23264566
3,182352,1.4123,EOA,0–1,23264566
4,64221,0.4974,EOA,0–1,23264566
5,30392,0.2354,EOA,0–1,23264566
51–100,323,0.0025,EOA,0–1,23264566
6–10,32314,0.2503,EOA,0–1,23264566
>100,254,0.002,EOA,0–1,23264566
1,671763,47.3068,EOA,"1,000–10,000",23264566
11–20,51544,3.6298,EOA,"1,000–10,000",23264566
2,257625,18.1424,EOA,"1,000–10,000",23264566
21–50,13765,0.9694,EOA,"1,000–10,000",23264566
3,140672,9.9064,EOA,"1,000–10,000",23264566
4,89994,6.3375,EOA,"1,000–10,000",23264566
5,61325,4.3186,EOA,"1,000–10,000",23264566
51–100,1160,0.0817,EOA,"1,000–10,000",23264566
6–10,131807,9.2821,EOA,"1,000–10,000",23264566
>100,360,0.0254,EOA,"1,000–10,000",23264566
1,155993,39.0939,EOA,"10,000–100,000",23264566
11–20,23165,5.8055,EOA,"10,000–100,000",23264566
2,77825,19.504,EOA,"10,000–100,000",23264566
21–50,8717,2.1846,EOA,"10,000–100,000",23264566
3,41261,10.3406,EOA,"10,000–100,000",23264566
4,26224,6.5721,EOA,"10,000–100,000",23264566
5,18977,4.7559,EOA,"10,000–100,000",23264566
51–100,1097,0.2749,EOA,"10,000–100,000",23264566
6–10,45420,11.3829,EOA,"10,000–100,000",23264566
>100,342,0.0857,EOA,"10,000–100,000",23264566
1,2841857,68.0347,EOA,"100–1,000",23264566
11–20,36543,0.8748,EOA,"100–1,000",23264566
2,647766,15.5077,EOA,"100–1,000",23264566
21–50,7248,0.1735,EOA,"100–1,000",23264566
3,274501,6.5716,EOA,"100–1,000",23264566
4,144734,3.465,EOA,"100–1,000",23264566
5,84373,2.0199,EOA,"100–1,000",23264566
51–100,625,0.015,EOA,"100–1,000",23264566
6–10,139174,3.3319,EOA,"100–1,000",23264566
>100,246,0.0059,EOA,"100–1,000",23264566
1,12833318,82.3706,EOA,1–100,23264566
11–20,25281,0.1623,EOA,1–100,23264566
2,1778206,11.4134,EOA,1–100,23264566
21–50,5323,0.0342,EOA,1–100,23264566
3,513571,3.2964,EOA,1–100,23264566
4,198483,1.274,EOA,1–100,23264566
5,96778,0.6212,EOA,1–100,23264566
51–100,604,0.0039,EOA,1–100,23264566
6–10,128164,0.8226,EOA,1–100,23264566
>100,242,0.0016,EOA,1–100,23264566
1,54763,46.6771,EOA,">100,000",23264566
11–20,4648,3.9617,EOA,">100,000",23264566
2,23685,20.1879,EOA,">100,000",23264566
21–50,2188,1.8649,EOA,">100,000",23264566
3,11340,9.6656,EOA,">100,000",23264566
4,6226,5.3067,EOA,">100,000",23264566
5,4232,3.6071,EOA,">100,000",23264566
51–100,440,0.375,EOA,">100,000",23264566
6–10,9379,7.9942,EOA,">100,000",23264566
>100,422,0.3597,EOA,">100,000",23264566
0,10,0.0029,CA,0–1,23479244
1,342301,99.1645,CA,0–1,23479244
11–20,8,0.0023,CA,0–1,23479244
2,2672,0.7741,CA,0–1,23479244
21–50,1,0.0003,CA,0–1,23479244
3,88,0.0255,CA,0–1,23479244
4,30,0.0087,CA,0–1,23479244
5,21,0.0061,CA,0–1,23479244
6–10,54,0.0156,CA,0–1,23479244
1,28480,94.2921,CA,"1,000–10,000",23479244
11–20,23,0.0761,CA,"1,000–10,000",23479244
2,1150,3.8074,CA,"1,000–10,000",23479244
21–50,5,0.0166,CA,"1,000–10,000",23479244
3,267,0.884,CA,"1,000–10,000",23479244
4,111,0.3675,CA,"1,000–10,000",23479244
5,64,0.2119,CA,"1,000–10,000",23479244
6–10,104,0.3443,CA,"1,000–10,000",23479244
1,4458,67.525,CA,"10,000–100,000",23479244
11–20,40,0.6059,CA,"10,000–100,000",23479244
2,1743,26.4011,CA,"10,000–100,000",23479244
21–50,10,0.1515,CA,"10,000–100,000",23479244
3,166,2.5144,CA,"10,000–100,000",23479244
4,67,1.0148,CA,"10,000–100,000",23479244
5,44,0.6665,CA,"10,000–100,000",23479244
6–10,74,1.1209,CA,"10,000–100,000",23479244
1,15024,89.7598,CA,"100–1,000",23479244
11–20,15,0.0896,CA,"100–1,000",23479244
2,1231,7.3545,CA,"100–1,000",23479244
21–50,1,0.006,CA,"100–1,000",23479244
3,235,1.404,CA,"100–1,000",23479244
4,117,0.699,CA,"100–1,000",23479244
5,35,0.2091,CA,"100–1,000",23479244
6–10,80,0.478,CA,"100–1,000",23479244
1,71830,96.7329,CA,1–100,23479244
11–20,12,0.0162,CA,1–100,23479244
2,1983,2.6705,CA,1–100,23479244
3,237,0.3192,CA,1–100,23479244
4,73,0.0983,CA,1–100,23479244
5,41,0.0552,CA,1–100,23479244
6–10,80,0.1077,CA,1–100,23479244
1,583,30.3015,CA,">100,000",23479244
11–20,19,0.9875,CA,">100,000",23479244
2,989,51.4033,CA,">100,000",23479244
21–50,12,0.6237,CA,">100,000",23479244
3,192,9.9792,CA,">100,000",23479244
4,56,2.9106,CA,">100,000",23479244
5,30,1.5593,CA,">100,000",23479244
51–100,5,0.2599,CA,">100,000",23479244
6–10,37,1.9231,CA,">100,000",23479244
>100,1,0.052,CA,">100,000",23479244
0,47237,0.3425,EOA,0–1,23479244
1,12532417,90.8687,EOA,0–1,23479244
11–20,7221,0.0524,EOA,0–1,23479244
2,872807,6.3285,EOA,0–1,23479244
21–50,1979,0.0143,EOA,0–1,23479244
3,193732,1.4047,EOA,0–1,23479244
4,68268,0.495,EOA,0–1,23479244
5,32340,0.2345,EOA,0–1,23479244
51–100,361,0.0026,EOA,0–1,23479244
6–10,35150,0.2549,EOA,0–1,23479244
>100,275,0.002,EOA,0–1,23479244
1,651044,46.5149,EOA,"1,000–10,000",23479244
11–20,51969,3.713,EOA,"1,000–10,000",23479244
2,255898,18.2831,EOA,"1,000–10,000",23479244
21–50,14201,1.0146,EOA,"1,000–10,000",23479244
3,141741,10.1269,EOA,"1,000–10,000",23479244
4,90270,6.4495,EOA,"1,000–10,000",23479244
5,61639,4.4039,EOA,"1,000–10,000",23479244
51–100,1180,0.0843,EOA,"1,000–10,000",23479244
6–10,131324,9.3827,EOA,"1,000–10,000",23479244
>100,380,0.0271,EOA,"1,000–10,000",23479244
1,145136,37.566,EOA,"10,000–100,000",23479244
11–20,22107,5.722,EOA,"10,000–100,000",23479244
2,77903,20.1639,EOA,"10,000–100,000",23479244
21–50,8369,2.1662,EOA,"10,000–100,000",23479244
3,42229,10.9303,EOA,"10,000–100,000",23479244
4,26084,6.7514,EOA,"10,000–100,000",23479244
5,18744,4.8516,EOA,"10,000–100,000",23479244
51–100,1054,0.2728,EOA,"10,000–100,000",23479244
6–10,44377,11.4862,EOA,"10,000–100,000",23479244
>100,346,0.0896,EOA,"10,000–100,000",23479244
1,3041679,68.8531,EOA,"100–1,000",23479244
11–20,38832,0.879,EOA,"100–1,000",23479244
2,669360,15.152,EOA,"100–1,000",23479244
21–50,7783,0.1762,EOA,"100–1,000",23479244
3,279697,6.3314,EOA,"100–1,000",23479244
4,148234,3.3555,EOA,"100–1,000",23479244
5,86401,1.9558,EOA,"100–1,000",23479244
51–100,674,0.0153,EOA,"100–1,000",23479244
6–10,144720,3.276,EOA,"100–1,000",23479244
>100,257,0.0058,EOA,"100–1,000",23479244
1,12729299,81.4228,EOA,1–100,23479244
11–20,27284,0.1745,EOA,1–100,23479244
2,1858031,11.8849,EOA,1–100,23479244
21–50,5687,0.0364,EOA,1–100,23479244
3,561500,3.5916,EOA,1–100,23479244
4,209926,1.3428,EOA,1–100,23479244
5,103780,0.6638,EOA,1–100,23479244
51–100,620,0.004,EOA,1–100,23479244
6–10,137200,0.8776,EOA,1–100,23479244
>100,257,0.0016,EOA,1–100,23479244
1,52410,45.1281,EOA,">100,000",23479244
11–20,4532,3.9023,EOA,">100,000",23479244
2,23998,20.6637,EOA,">100,000",23479244
21–50,2071,1.7833,EOA,">100,000",23479244
3,11866,10.2173,EOA,">100,000",23479244
4,6615,5.6959,EOA,">100,000",23479244
5,4303,3.7051,EOA,">100,000",23479244
51–100,446,0.384,EOA,">100,000",23479244
6–10,9478,8.1611,EOA,">100,000",23479244
>100,417,0.3591,EOA,">100,000",23479244
0,10,0.0028,CA,0–1,23700767
1,350112,99.1608,CA,0–1,23700767
11–20,8,0.0023,CA,0–1,23700767
2,2741,0.7763,CA,0–1,23700767
21–50,1,0.0003,CA,0–1,23700767
3,95,0.0269,CA,0–1,23700767
4,30,0.0085,CA,0–1,23700767
5,22,0.0062,CA,0–1,23700767
6–10,56,0.0159,CA,0–1,23700767
1,28361,94.0196,CA,"1,000–10,000",23700767
11–20,28,0.0928,CA,"1,000–10,000",23700767
2,1199,3.9748,CA,"1,000–10,000",23700767
21–50,5,0.0166,CA,"1,000–10,000",23700767
3,267,0.8851,CA,"1,000–10,000",23700767
4,127,0.421,CA,"1,000–10,000",23700767
5,72,0.2387,CA,"1,000–10,000",23700767
6–10,106,0.3514,CA,"1,000–10,000",23700767
1,3904,64.6037,CA,"10,000–100,000",23700767
11–20,36,0.5957,CA,"10,000–100,000",23700767
2,1740,28.7936,CA,"10,000–100,000",23700767
21–50,10,0.1655,CA,"10,000–100,000",23700767
3,181,2.9952,CA,"10,000–100,000",23700767
4,61,1.0094,CA,"10,000–100,000",23700767
5,39,0.6454,CA,"10,000–100,000",23700767
6–10,72,1.1915,CA,"10,000–100,000",23700767
1,14613,89.398,CA,"100–1,000",23700767
11–20,15,0.0918,CA,"100–1,000",23700767
2,1232,7.537,CA,"100–1,000",23700767
21–50,1,0.0061,CA,"100–1,000",23700767
3,245,1.4988,CA,"100–1,000",23700767
4,119,0.728,CA,"100–1,000",23700767
5,35,0.2141,CA,"100–1,000",23700767
6–10,86,0.5261,CA,"100–1,000",23700767
1,71070,96.6071,CA,1–100,23700767
11–20,13,0.0177,CA,1–100,23700767
2,2041,2.7744,CA,1–100,23700767
3,245,0.333,CA,1–100,23700767
4,76,0.1033,CA,1–100,23700767
5,42,0.0571,CA,1–100,23700767
6–10,79,0.1074,CA,1–100,23700767
1,552,30.9938,CA,">100,000",23700767
11–20,17,0.9545,CA,">100,000",23700767
2,882,49.5227,CA,">100,000",23700767
21–50,12,0.6738,CA,">100,000",23700767
3,193,10.8366,CA,">100,000",23700767
4,57,3.2004,CA,">100,000",23700767
5,27,1.516,CA,">100,000",23700767
51–100,5,0.2807,CA,">100,000",23700767
6–10,35,1.9652,CA,">100,000",23700767
>100,1,0.0561,CA,">100,000",23700767
0,48118,0.3311,EOA,0–1,23700767
1,13184955,90.724,EOA,0–1,23700767
11–20,7916,0.0545,EOA,0–1,23700767
2,931245,6.4078,EOA,0–1,23700767
21–50,2189,0.0151,EOA,0–1,23700767
3,209236,1.4397,EOA,0–1,23700767
4,74507,0.5127,EOA,0–1,23700767
5,35482,0.2441,EOA,0–1,23700767
51–100,397,0.0027,EOA,0–1,23700767
6–10,38696,0.2663,EOA,0–1,23700767
>100,301,0.0021,EOA,0–1,23700767
1,602942,46.7637,EOA,"1,000–10,000",23700767
11–20,49913,3.8712,EOA,"1,000–10,000",23700767
2,233248,18.0905,EOA,"1,000–10,000",23700767
21–50,14187,1.1003,EOA,"1,000–10,000",23700767
3,127736,9.9071,EOA,"1,000–10,000",23700767
4,81741,6.3398,EOA,"1,000–10,000",23700767
5,56298,4.3664,EOA,"1,000–10,000",23700767
51–100,1227,0.0952,EOA,"1,000–10,000",23700767
6–10,121667,9.4364,EOA,"1,000–10,000",23700767
>100,378,0.0293,EOA,"1,000–10,000",23700767
1,140416,39.4621,EOA,"10,000–100,000",23700767
11–20,18642,5.2391,EOA,"10,000–100,000",23700767
2,73315,20.6042,EOA,"10,000–100,000",23700767
21–50,7317,2.0563,EOA,"10,000–100,000",23700767
3,38138,10.7182,EOA,"10,000–100,000",23700767
4,22995,6.4624,EOA,"10,000–100,000",23700767
5,16035,4.5064,EOA,"10,000–100,000",23700767
51–100,944,0.2653,EOA,"10,000–100,000",23700767
6–10,37675,10.5881,EOA,"10,000–100,000",23700767
>100,348,0.0978,EOA,"10,000–100,000",23700767
1,2912819,68.5495,EOA,"100–1,000",23700767
11–20,41454,0.9756,EOA,"100–1,000",23700767
2,637108,14.9935,EOA,"100–1,000",23700767
21–50,8587,0.2021,EOA,"100–1,000",23700767
3,269086,6.3326,EOA,"100–1,000",23700767
4,144779,3.4072,EOA,"100–1,000",23700767
5,86337,2.0318,EOA,"100–1,000",23700767
51–100,733,0.0173,EOA,"100–1,000",23700767
6–10,148042,3.484,EOA,"100–1,000",23700767
>100,276,0.0065,EOA,"100–1,000",23700767
1,12735678,80.8776,EOA,1–100,23700767
11–20,30335,0.1926,EOA,1–100,23700767
2,1906522,12.1073,EOA,1–100,23700767
21–50,6257,0.0397,EOA,1–100,23700767
3,585158,3.716,EOA,1–100,23700767
4,222258,1.4114,EOA,1–100,23700767
5,110801,0.7036,EOA,1–100,23700767
51–100,670,0.0043,EOA,1–100,23700767
6–10,148902,0.9456,EOA,1–100,23700767
>100,275,0.0017,EOA,1–100,23700767
1,50530,45.7004,EOA,">100,000",23700767
11–20,4172,3.7732,EOA,">100,000",23700767
2,23332,21.1019,EOA,">100,000",23700767
21–50,1830,1.6551,EOA,">100,000",23700767
3,11310,10.229,EOA,">100,000",23700767
4,6197,5.6047,EOA,">100,000",23700767
5,4019,3.6349,EOA,">100,000",23700767
51–100,413,0.3735,EOA,">100,000",23700767
6–10,8359,7.5601,EOA,">100,000",23700767
>100,406,0.3672,EOA,">100,000",23700767
0,10,0.0028,CA,0–1,23914921
1,358698,99.1333,CA,0–1,23914921
11–20,9,0.0025,CA,0–1,23914921
2,2896,0.8004,CA,0–1,23914921
21–50,1,0.0003,CA,0–1,23914921
3,103,0.0285,CA,0–1,23914921
4,32,0.0088,CA,0–1,23914921
5,22,0.0061,CA,0–1,23914921
6–10,63,0.0174,CA,0–1,23914921
1,28209,93.1205,CA,"1,000–10,000",23914921
11–20,41,0.1353,CA,"1,000–10,000",23914921
2,1357,4.4796,CA,"1,000–10,000",23914921
21–50,6,0.0198,CA,"1,000–10,000",23914921
3,335,1.1059,CA,"1,000–10,000",23914921
4,147,0.4853,CA,"1,000–10,000",23914921
5,75,0.2476,CA,"1,000–10,000",23914921
6–10,123,0.406,CA,"1,000–10,000",23914921
1,2808,56.1937,CA,"10,000–100,000",23914921
11–20,38,0.7605,CA,"10,000–100,000",23914921
2,1742,34.8609,CA,"10,000–100,000",23914921
21–50,10,0.2001,CA,"10,000–100,000",23914921
3,223,4.4627,CA,"10,000–100,000",23914921
4,64,1.2808,CA,"10,000–100,000",23914921
5,36,0.7204,CA,"10,000–100,000",23914921
6–10,76,1.5209,CA,"10,000–100,000",23914921
1,13314,87.1792,CA,"100–1,000",23914921
11–20,14,0.0917,CA,"100–1,000",23914921
2,1373,8.9903,CA,"100–1,000",23914921
21–50,2,0.0131,CA,"100–1,000",23914921
3,297,1.9447,CA,"100–1,000",23914921
4,135,0.884,CA,"100–1,000",23914921
5,46,0.3012,CA,"100–1,000",23914921
6–10,91,0.5959,CA,"100–1,000",23914921
1,69731,96.4881,CA,1–100,23914921
11–20,13,0.018,CA,1–100,23914921
2,2075,2.8712,CA,1–100,23914921
3,249,0.3445,CA,1–100,23914921
4,82,0.1135,CA,1–100,23914921
5,42,0.0581,CA,1–100,23914921
6–10,77,0.1065,CA,1–100,23914921
1,446,29.9933,CA,">100,000",23914921
11–20,16,1.076,CA,">100,000",23914921
2,705,47.4109,CA,">100,000",23914921
21–50,11,0.7397,CA,">100,000",23914921
3,183,12.3067,CA,">100,000",23914921
4,59,3.9677,CA,">100,000",23914921
5,26,1.7485,CA,">100,000",23914921
51–100,5,0.3362,CA,">100,000",23914921
6–10,35,2.3537,CA,">100,000",23914921
>100,1,0.0672,CA,">100,000",23914921
0,50347,0.335,EOA,0–1,23914921
1,13582586,90.3732,EOA,0–1,23914921
11–20,8646,0.0575,EOA,0–1,23914921
2,995170,6.6215,EOA,0–1,23914921
21–50,2394,0.0159,EOA,0–1,23914921
3,226324,1.5059,EOA,0–1,23914921
4,81023,0.5391,EOA,0–1,23914921
5,38954,0.2592,EOA,0–1,23914921
51–100,434,0.0029,EOA,0–1,23914921
6–10,43249,0.2878,EOA,0–1,23914921
>100,315,0.0021,EOA,0–1,23914921
1,423243,34.6772,EOA,"1,000–10,000",23914921
11–20,47533,3.8945,EOA,"1,000–10,000",23914921
2,352168,28.8538,EOA,"1,000–10,000",23914921
21–50,13924,1.1408,EOA,"1,000–10,000",23914921
3,135836,11.1293,EOA,"1,000–10,000",23914921
4,79251,6.4932,EOA,"1,000–10,000",23914921
5,53356,4.3716,EOA,"1,000–10,000",23914921
51–100,1221,0.1,EOA,"1,000–10,000",23914921
6–10,113612,9.3085,EOA,"1,000–10,000",23914921
>100,380,0.0311,EOA,"1,000–10,000",23914921
1,107748,32.2342,EOA,"10,000–100,000",23914921
11–20,16244,4.8596,EOA,"10,000–100,000",23914921
2,85033,25.4387,EOA,"10,000–100,000",23914921
21–50,6318,1.8901,EOA,"10,000–100,000",23914921
3,44177,13.2161,EOA,"10,000–100,000",23914921
4,24087,7.2059,EOA,"10,000–100,000",23914921
5,15411,4.6104,EOA,"10,000–100,000",23914921
51–100,881,0.2636,EOA,"10,000–100,000",23914921
6–10,34037,10.1826,EOA,"10,000–100,000",23914921
>100,330,0.0987,EOA,"10,000–100,000",23914921
1,2428835,61.0215,EOA,"100–1,000",23914921
11–20,43576,1.0948,EOA,"100–1,000",23914921
2,846753,21.2736,EOA,"100–1,000",23914921
21–50,9504,0.2388,EOA,"100–1,000",23914921
3,272698,6.8512,EOA,"100–1,000",23914921
4,142645,3.5838,EOA,"100–1,000",23914921
5,85490,2.1478,EOA,"100–1,000",23914921
51–100,789,0.0198,EOA,"100–1,000",23914921
6–10,149709,3.7613,EOA,"100–1,000",23914921
>100,296,0.0074,EOA,"100–1,000",23914921
1,13098308,80.7835,EOA,1–100,23914921
11–20,33770,0.2083,EOA,1–100,23914921
2,1953383,12.0474,EOA,1–100,23914921
21–50,6755,0.0417,EOA,1–100,23914921
3,606734,3.742,EOA,1–100,23914921
4,234921,1.4489,EOA,1–100,23914921
5,117811,0.7266,EOA,1–100,23914921
51–100,739,0.0046,EOA,1–100,23914921
6–10,161358,0.9952,EOA,1–100,23914921
>100,305,0.0019,EOA,1–100,23914921
1,41484,38.2778,EOA,">100,000",23914921
11–20,3904,3.6023,EOA,">100,000",23914921
2,26548,24.4962,EOA,">100,000",23914921
21–50,1683,1.5529,EOA,">100,000",23914921
3,13980,12.8995,EOA,">100,000",23914921
4,7334,6.7672,EOA,">100,000",23914921
5,4385,4.0461,EOA,">100,000",23914921
51–100,380,0.3506,EOA,">100,000",23914921
6–10,8288,7.6474,EOA,">100,000",23914921
>100,390,0.3599,EOA,">100,000",23914921